epoch,lr-AdamW,step,train/accidental,train/downbeat,train/duration,train/grace,train/hand,train/keysignature,train/offset,train/pad,train/pitch,train/staccato,train/stem,train/total,train/trill,train/velocity,train/voice,val/accidental,val/downbeat,val/duration,val/grace,val/hand,val/keysignature,val/offset,val/pad,val/pitch,val/staccato,val/stem,val/total,val/trill,val/velocity,val/voice
,7.499999999999999e-07,9,,,,,,,,,,,,,,,,,,,,,,,,,,,,,,
0,,9,2.4480397701263428,5.108964920043945,4.28095817565918,0.5920827984809875,1.4253342151641846,2.7516767978668213,5.293929576873779,0.487684965133667,4.973405361175537,1.7481207847595215,1.7362433671951294,15.950084686279297,0.9949058890342712,2.315185308456421,2.283303737640381,,,,,,,,,,,,,,,
,1.4999999999999998e-06,19,,,,,,,,,,,,,,,,,,,,,,,,,,,,,,
0,,19,2.3874928951263428,4.973582744598389,4.401642322540283,0.4774053692817688,1.3722630739212036,2.9180500507354736,5.281436920166016,0.5096136331558228,4.981709957122803,1.8034660816192627,1.7275396585464478,15.613494873046875,0.7373484373092651,2.1889941692352295,2.2175533771514893,,,,,,,,,,,,,,,
,2.2499999999999996e-06,29,,,,,,,,,,,,,,,,,,,,,,,,,,,,,,
0,,29,2.3466405868530273,4.6909565925598145,4.371263027191162,0.3229028880596161,1.3440461158752441,2.835879325866699,5.251302242279053,0.5045667886734009,4.932591915130615,1.4972914457321167,1.613272786140442,14.78044605255127,0.4001897871494293,2.1402056217193604,2.1502881050109863,,,,,,,,,,,,,,,
,2.9999999999999997e-06,39,,,,,,,,,,,,,,,,,,,,,,,,,,,,,,
0,,39,1.9981868267059326,4.124110221862793,4.209380626678467,0.2028203159570694,1.2494512796401978,2.9177005290985107,5.146101951599121,0.45598721504211426,4.902235507965088,1.283158779144287,1.5518555641174316,13.867721557617188,0.20603454113006592,2.17637300491333,2.095026969909668,,,,,,,,,,,,,,,
,3.7499999999999997e-06,49,,,,,,,,,,,,,,,,,,,,,,,,,,,,,,
0,,49,1.7452210187911987,3.3735063076019287,4.11073637008667,0.12339530140161514,1.1736958026885986,3.0814037322998047,5.039947032928467,0.5116128921508789,4.83685827255249,0.835646390914917,1.417495846748352,13.096086502075195,0.10709767043590546,2.0565314292907715,1.8631001710891724,,,,,,,,,,,,,,,
,4.499999999999999e-06,59,,,,,,,,,,,,,,,,,,,,,,,,,,,,,,
0,,59,1.4814704656600952,2.244746208190918,3.8675687313079834,0.1013532280921936,1.0187424421310425,2.774808406829834,4.892658710479736,0.35523685812950134,4.793269634246826,0.5466747879981995,1.2340856790542603,11.829012870788574,0.07565005123615265,2.0976321697235107,1.701748251914978,,,,,,,,,,,,,,,
,5.25e-06,69,,,,,,,,,,,,,,,,,,,,,,,,,,,,,,
0,,69,1.3235560655593872,1.2459367513656616,3.8735897541046143,0.06996868550777435,0.9209668040275574,2.760462522506714,4.715413570404053,0.39669251441955566,4.6815409660339355,0.38272684812545776,1.1059187650680542,11.104164123535156,0.06394234299659729,2.09092116355896,1.6729024648666382,,,,,,,,,,,,,,,
,5.999999999999999e-06,79,,,,,,,,,,,,,,,,,,,,,,,,,,,,,,
0,,79,1.3519771099090576,0.791709303855896,3.601234197616577,0.08424270898103714,0.8588250875473022,2.840034246444702,4.507393836975098,0.3645392656326294,4.650356292724609,0.28954386711120605,0.9971516132354736,10.696237564086914,0.05580555647611618,1.9568541049957275,1.5460585355758667,,,,,,,,,,,,,,,
,6.749999999999999e-06,89,,,,,,,,,,,,,,,,,,,,,,,,,,,,,,
0,,89,1.2127503156661987,0.7387791275978088,3.228759288787842,0.05562470853328705,0.7990133166313171,2.7439510822296143,4.215734481811523,0.28569352626800537,4.527657985687256,0.27333909273147583,0.9266564846038818,10.106778144836426,0.04277727007865906,1.8845993280410767,1.5750476121902466,,,,,,,,,,,,,,,
,7.499999999999999e-06,99,,,,,,,,,,,,,,,,,,,,,,,,,,,,,,
0,,99,1.2165833711624146,0.6840341687202454,2.739346742630005,0.041281286627054214,0.7817232608795166,2.77059268951416,4.088851451873779,0.3264145255088806,4.485423564910889,0.27309778332710266,0.881780743598938,9.857769012451172,0.03568078577518463,1.8149229288101196,1.4833263158798218,,,,,,,,,,,,,,,
,8.249999999999999e-06,109,,,,,,,,,,,,,,,,,,,,,,,,,,,,,,
0,,109,1.2064664363861084,0.6448442339897156,2.488862991333008,0.044922348111867905,0.7770506739616394,2.7720699310302734,3.844599962234497,0.2997381389141083,4.420766353607178,0.33292704820632935,0.8456012010574341,9.577193260192871,0.03514040634036064,1.8469362258911133,1.3609657287597656,,,,,,,,,,,,,,,
,8.999999999999999e-06,119,,,,,,,,,,,,,,,,,,,,,,,,,,,,,,
0,,119,1.1905581951141357,0.6562357544898987,2.427748441696167,0.032451190054416656,0.7722753286361694,2.631521463394165,3.6349167823791504,0.23117417097091675,4.402716159820557,0.2841571569442749,0.840179979801178,9.30884075164795,0.028599807992577553,1.8686543703079224,1.3319424390792847,,,,,,,,,,,,,,,
,9.75e-06,129,,,,,,,,,,,,,,,,,,,,,,,,,,,,,,
0,,129,1.101141095161438,0.6521621942520142,2.608860492706299,0.03780017048120499,0.758551299571991,2.678311347961426,3.724123954772949,0.18769678473472595,4.3659586906433105,0.30216705799102783,0.8206153512001038,9.255213737487793,0.039696548134088516,1.7760992050170898,1.2023135423660278,,,,,,,,,,,,,,,
,1.05e-05,139,,,,,,,,,,,,,,,,,,,,,,,,,,,,,,
0,,139,1.2050727605819702,0.6252316832542419,2.313582181930542,0.050279952585697174,0.7532798051834106,2.6446988582611084,3.5935275554656982,0.18003633618354797,4.298259258270264,0.28079432249069214,0.8138998746871948,9.085282325744629,0.030973946675658226,1.8547977209091187,1.2169303894042969,,,,,,,,,,,,,,,
,1.1249999999999999e-05,149,,,,,,,,,,,,,,,,,,,,,,,,,,,,,,
0,,149,1.109147310256958,0.6761656999588013,2.336843729019165,0.025231776759028435,0.7527055144309998,2.551561117172241,3.4062182903289795,0.11699282377958298,4.239529132843018,0.24781887233257294,0.815088152885437,8.857632637023926,0.02722509391605854,1.8484386205673218,1.356197714805603,,,,,,,,,,,,,,,
,1.1999999999999999e-05,159,,,,,,,,,,,,,,,,,,,,,,,,,,,,,,
0,,159,1.1635351181030273,0.6107589602470398,2.3436806201934814,0.04979339987039566,0.7382436394691467,2.7643511295318604,3.298473358154297,0.127131849527359,4.2641072273254395,0.25578778982162476,0.7960718870162964,9.03084945678711,0.02140660211443901,1.9411402940750122,1.5009944438934326,,,,,,,,,,,,,,,
,1.275e-05,169,,,,,,,,,,,,,,,,,,,,,,,,,,,,,,
0,,169,1.1339564323425293,0.5133869647979736,2.453336477279663,0.026146413758397102,0.7390394806861877,2.5779104232788086,3.4975781440734863,0.12600135803222656,4.224279880523682,0.25158414244651794,0.7768864631652832,8.820077896118164,0.020148510113358498,1.958225131034851,1.246472954750061,,,,,,,,,,,,,,,
,1.3499999999999998e-05,179,,,,,,,,,,,,,,,,,,,,,,,,,,,,,,
0,,179,1.125465989112854,0.5451255440711975,2.369375467300415,0.03961994871497154,0.7365049719810486,2.6085047721862793,3.370192766189575,0.10372154414653778,4.155035018920898,0.2601223886013031,0.7804296612739563,8.74665355682373,0.017543386667966843,1.846340298652649,1.377023458480835,,,,,,,,,,,,,,,
,1.4249999999999999e-05,189,,,,,,,,,,,,,,,,,,,,,,,,,,,,,,
0,,189,1.10343337059021,0.5292335748672485,2.3188982009887695,0.031599853187799454,0.735239565372467,2.6052253246307373,3.247136354446411,0.12561288475990295,4.217898845672607,0.23683035373687744,0.7785563468933105,8.732707023620605,0.023923996835947037,1.8179410696029663,1.283829927444458,,,,,,,,,,,,,,,
,1.4999999999999999e-05,199,,,,,,,,,,,,,,,,,,,,,,,,,,,,,,
0,,199,1.1156222820281982,0.5663159489631653,2.239429473876953,0.028968410566449165,0.7241737246513367,2.7576205730438232,3.2296082973480225,0.10294723510742188,4.148693561553955,0.3112272322177887,0.7558780908584595,8.775943756103516,0.021857066079974174,1.8175277709960938,1.5073169469833374,,,,,,,,,,,,,,,
,1.5749999999999997e-05,209,,,,,,,,,,,,,,,,,,,,,,,,,,,,,,
0,,209,1.0849899053573608,0.4855605363845825,2.1643805503845215,0.17823383212089539,0.7242663502693176,2.5924365520477295,3.0244102478027344,0.09460607916116714,4.1152825355529785,0.3187783360481262,0.7397134304046631,8.601366996765137,0.015341735444962978,1.8815035820007324,1.2757439613342285,,,,,,,,,,,,,,,
,1.6499999999999998e-05,219,,,,,,,,,,,,,,,,,,,,,,,,,,,,,,
0,,219,1.1930440664291382,0.4658311605453491,2.087965726852417,0.05394769087433815,0.7235552072525024,2.745539903640747,3.261732816696167,0.10192954540252686,4.102575778961182,0.39169764518737793,0.7312291860580444,8.605531692504883,0.01631702296435833,1.9776887893676758,1.1580828428268433,,,,,,,,,,,,,,,
,1.725e-05,229,,,,,,,,,,,,,,,,,,,,,,,,,,,,,,
0,,229,1.0137044191360474,0.4079129099845886,2.5050277709960938,0.026407113298773766,0.721886157989502,2.54919695854187,3.3460493087768555,0.08450274169445038,4.074982166290283,0.3222527503967285,0.723281741142273,8.452228546142578,0.01893998309969902,1.9901984930038452,1.1376489400863647,,,,,,,,,,,,,,,
,1.7999999999999997e-05,239,,,,,,,,,,,,,,,,,,,,,,,,,,,,,,
0,,239,1.0942524671554565,0.5064154267311096,1.9635183811187744,0.04263635724782944,0.7122456431388855,2.650089979171753,2.8231399059295654,0.06659980118274689,4.075385093688965,0.24820460379123688,0.7293585538864136,8.249979019165039,0.012233267538249493,2.029686450958252,1.0746079683303833,,,,,,,,,,,,,,,
,1.875e-05,249,,,,,,,,,,,,,,,,,,,,,,,,,,,,,,
0,,249,1.1333893537521362,0.419543981552124,2.083057165145874,0.043956656008958817,0.7087138891220093,2.5503225326538086,3.0341835021972656,0.14289522171020508,4.094940185546875,0.24683673679828644,0.7315955758094788,8.448806762695312,0.02033557929098606,1.8429417610168457,1.3100649118423462,,,,,,,,,,,,,,,
,1.95e-05,259,,,,,,,,,,,,,,,,,,,,,,,,,,,,,,
0,,259,0.9799910187721252,0.42977023124694824,2.2451462745666504,0.03139892593026161,0.7050178647041321,2.4946937561035156,3.131579875946045,0.07835115492343903,4.040665626525879,0.2442372739315033,0.729813814163208,8.317025184631348,0.016551190987229347,1.916912317276001,1.4183878898620605,,,,,,,,,,,,,,,
,2.025e-05,269,,,,,,,,,,,,,,,,,,,,,,,,,,,,,,
0,,269,0.944205641746521,0.4039645493030548,2.2528491020202637,0.09207796305418015,0.7052474617958069,2.501532554626465,3.1764612197875977,0.10575811564922333,4.099649906158447,0.22573962807655334,0.7071704268455505,8.407793045043945,0.039261456578969955,1.9691486358642578,1.216715931892395,,,,,,,,,,,,,,,
,2.1e-05,279,,,,,,,,,,,,,,,,,,,,,,,,,,,,,,
0,,279,0.8738939166069031,0.5090339183807373,2.1679821014404297,0.03736025094985962,0.6936861276626587,2.4792656898498535,3.0644588470458984,0.07527920603752136,4.097098350524902,0.27695193886756897,0.7063542008399963,8.222330093383789,0.013856909237802029,1.9547436237335205,1.1526570320129395,,,,,,,,,,,,,,,
,2.1749999999999997e-05,289,,,,,,,,,,,,,,,,,,,,,,,,,,,,,,
0,,289,0.8719987273216248,0.41728803515434265,1.9213225841522217,0.013677346520125866,0.6994615197181702,2.499577283859253,2.974050283432007,0.08235930651426315,4.01368522644043,0.2189459204673767,0.6769245862960815,7.966582775115967,0.01307594683021307,1.9986119270324707,1.0936026573181152,,,,,,,,,,,,,,,
,2.2499999999999998e-05,299,,,,,,,,,,,,,,,,,,,,,,,,,,,,,,
0,,299,0.7864264845848083,0.41848859190940857,2.1292548179626465,0.0937192365527153,0.7004543542861938,2.409559726715088,3.106350898742676,0.12041445076465607,4.010084629058838,0.19685623049736023,0.6808225512504578,8.122172355651855,0.020942995324730873,1.9551560878753662,1.184840440750122,,,,,,,,,,,,,,,
,2.325e-05,309,,,,,,,,,,,,,,,,,,,,,,,,,,,,,,
0,,309,0.749826967716217,0.4289858341217041,2.250439405441284,0.04030471667647362,0.7105633616447449,1.8496050834655762,3.0887980461120605,0.07804737985134125,4.1100239753723145,0.2733706831932068,0.6733874082565308,7.87121057510376,0.013157392852008343,1.9670859575271606,1.1923716068267822,,,,,,,,,,,,,,,
,2.3999999999999997e-05,319,,,,,,,,,,,,,,,,,,,,,,,,,,,,,,
0,,319,0.686045229434967,0.4385703504085541,2.1067755222320557,0.04254551976919174,0.6945379376411438,1.7506266832351685,3.0565311908721924,0.09728541970252991,3.98642635345459,0.23450152575969696,0.6894944310188293,7.605262756347656,0.014901741407811642,1.9313324689865112,1.0915511846542358,,,,,,,,,,,,,,,
,2.475e-05,329,,,,,,,,,,,,,,,,,,,,,,,,,,,,,,
0,,329,0.6861900091171265,0.4079629182815552,2.1460251808166504,0.0273056011646986,0.6980990767478943,1.59993314743042,3.081195831298828,0.07842117547988892,3.8655734062194824,0.17590904235839844,0.6678162813186646,7.373122692108154,0.019039958715438843,2.031442165374756,1.0931849479675293,,,,,,,,,,,,,,,
,2.55e-05,339,,,,,,,,,,,,,,,,,,,,,,,,,,,,,,
0,,339,0.7584618330001831,0.39351585507392883,2.361284017562866,0.021435273811221123,0.6991873979568481,1.4486056566238403,3.2631635665893555,0.08922790735960007,3.9540557861328125,0.30944550037384033,0.6604676842689514,7.601844787597656,0.023750605061650276,1.9348413944244385,1.2498400211334229,,,,,,,,,,,,,,,
,2.6249999999999998e-05,349,,,,,,,,,,,,,,,,,,,,,,,,,,,,,,
0,,349,0.7159286141395569,0.42569223046302795,2.003190517425537,0.041732270270586014,0.709713876247406,1.1114784479141235,2.915163516998291,0.07497197389602661,3.9328489303588867,0.1750316321849823,0.679657518863678,7.149452209472656,0.03126255422830582,2.009521484375,1.050977349281311,,,,,,,,,,,,,,,
,2.6999999999999996e-05,359,,,,,,,,,,,,,,,,,,,,,,,,,,,,,,
0,,359,0.7358260154724121,0.4182010293006897,1.919577717781067,0.027518805116415024,0.7001802921295166,1.035058617591858,3.074988603591919,0.08158834278583527,3.875624418258667,0.2654134929180145,0.6733599901199341,7.078986644744873,0.0117130596190691,1.994428277015686,1.1188979148864746,,,,,,,,,,,,,,,
,2.7749999999999997e-05,369,,,,,,,,,,,,,,,,,,,,,,,,,,,,,,
0,,369,0.7138828039169312,0.46529334783554077,1.9663782119750977,0.05627851188182831,0.7054631114006042,0.8136685490608215,3.0215349197387695,0.06679775565862656,3.975518226623535,0.25279131531715393,0.6296448707580566,7.153740882873535,0.022151364013552666,1.9844242334365845,1.3253060579299927,,,,,,,,,,,,,,,
,2.8499999999999998e-05,379,,,,,,,,,,,,,,,,,,,,,,,,,,,,,,
0,,379,0.7213131189346313,0.347136527299881,1.7598237991333008,0.013261050917208195,0.6782891154289246,0.7601518034934998,2.9863219261169434,0.08244780451059341,3.9668898582458496,0.22956761717796326,0.6460831761360168,6.87609338760376,0.018758321180939674,1.993813157081604,1.0246578454971313,,,,,,,,,,,,,,,
,2.925e-05,389,,,,,,,,,,,,,,,,,,,,,,,,,,,,,,
0,,389,0.62941575050354,0.42754536867141724,1.8879108428955078,0.02618914283812046,0.6981562376022339,0.4540012776851654,3.003690004348755,0.0797116756439209,3.8255271911621094,0.19434349238872528,0.6520178914070129,6.687519073486328,0.01427926030009985,1.962342381477356,1.2589831352233887,,,,,,,,,,,,,,,
,2.9999999999999997e-05,399,,,,,,,,,,,,,,,,,,,,,,,,,,,,,,
0,,399,0.6177982091903687,0.39169326424598694,1.9205328226089478,0.02568591758608818,0.7006259560585022,0.2621287405490875,2.8858652114868164,0.0767851322889328,3.794433832168579,0.21136192977428436,0.6476905941963196,6.473384857177734,0.011398162692785263,1.9614368677139282,1.1147198677062988,,,,,,,,,,,,,,,
,3.0749999999999995e-05,409,,,,,,,,,,,,,,,,,,,,,,,,,,,,,,
0,,409,0.7348373532295227,0.3970310389995575,2.0500240325927734,0.023920223116874695,0.6897498369216919,0.4879921078681946,3.115774393081665,0.07948268949985504,3.8202197551727295,0.1887536346912384,0.6315548419952393,6.753641605377197,0.012673248536884785,1.9749119281768799,1.0870177745819092,,,,,,,,,,,,,,,
,3.149999999999999e-05,419,,,,,,,,,,,,,,,,,,,,,,,,,,,,,,
0,,419,0.7032274603843689,0.40138188004493713,1.953813910484314,0.0324738584458828,0.6978330612182617,0.49120160937309265,2.9835572242736816,0.08127908408641815,3.7875654697418213,0.15964743494987488,0.6430935263633728,6.708887100219727,0.013960097916424274,2.1947598457336426,1.2559444904327393,,,,,,,,,,,,,,,
,3.225e-05,429,,,,,,,,,,,,,,,,,,,,,,,,,,,,,,
0,,429,0.7239982485771179,0.42053085565567017,2.0192112922668457,0.04347629100084305,0.6716468930244446,0.1942119598388672,3.0459020137786865,0.06377364695072174,3.8923158645629883,0.20863722264766693,0.5804977416992188,6.6436662673950195,0.023338142782449722,1.980552315711975,1.036331295967102,,,,,,,,,,,,,,,
,3.2999999999999996e-05,439,,,,,,,,,,,,,,,,,,,,,,,,,,,,,,
0,,439,0.703870952129364,0.41594189405441284,1.914267659187317,0.052068520337343216,0.6923816204071045,0.30980801582336426,2.9017302989959717,0.08005795627832413,3.884836196899414,0.162531316280365,0.5926940441131592,6.626023769378662,0.015591509640216827,2.151071548461914,1.0150892734527588,,,,,,,,,,,,,,,
,3.375e-05,449,,,,,,,,,,,,,,,,,,,,,,,,,,,,,,
0,,449,0.6911768317222595,0.413474440574646,1.897555947303772,0.024867160245776176,0.6821044683456421,0.2422526776790619,3.00937819480896,0.0494428351521492,3.830897092819214,0.18934443593025208,0.595079779624939,6.527737617492676,0.016562527045607567,2.0867116451263428,1.1143614053726196,,,,,,,,,,,,,,,
,3.45e-05,459,,,,,,,,,,,,,,,,,,,,,,,,,,,,,,
0,,459,0.6745690107345581,0.38058608770370483,1.8425824642181396,0.031751010566949844,0.6778819561004639,0.26699957251548767,2.9225287437438965,0.06033676862716675,3.7464213371276855,0.15695364773273468,0.6054308414459229,6.4590606689453125,0.046314846724271774,2.169102668762207,1.1790403127670288,,,,,,,,,,,,,,,
,3.5249999999999996e-05,469,,,,,,,,,,,,,,,,,,,,,,,,,,,,,,
0,,469,0.7046497464179993,0.378312349319458,1.8954604864120483,0.027945710346102715,0.6738520264625549,0.116053007543087,3.1243174076080322,0.08158336579799652,3.782045841217041,0.11426510661840439,0.6295655965805054,6.4689788818359375,0.011411152780056,2.010295867919922,1.1436101198196411,,,,,,,,,,,,,,,
,3.5999999999999994e-05,479,,,,,,,,,,,,,,,,,,,,,,,,,,,,,,
0,,479,0.6621332764625549,0.3501042425632477,1.716231346130371,0.04053705185651779,0.678459644317627,0.2568724453449249,2.9445011615753174,0.04496702924370766,3.71400785446167,0.2147510051727295,0.5852164030075073,6.280823707580566,0.01235631201416254,2.131849527359009,0.9984853863716125,,,,,,,,,,,,,,,
,3.675e-05,489,,,,,,,,,,,,,,,,,,,,,,,,,,,,,,
0,,489,0.6310418844223022,0.41275107860565186,1.7414923906326294,0.025942152366042137,0.6907647848129272,0.28707218170166016,2.7273993492126465,0.06416971981525421,3.7153220176696777,0.17428240180015564,0.651562511920929,6.26411771774292,0.009052826091647148,2.1424026489257812,0.973433256149292,,,,,,,,,,,,,,,
,3.75e-05,499,,,,,,,,,,,,,,,,,,,,,,,,,,,,,,
0,,499,0.7368677854537964,0.39672183990478516,2.0209388732910156,0.036830928176641464,0.6693897247314453,0.28241804242134094,2.9921963214874268,0.09215398132801056,3.7875967025756836,0.1828390508890152,0.6232059001922607,6.589717388153076,0.015714168548583984,2.1455578804016113,1.0511493682861328,,,,,,,,,,,,,,,
,3.8249999999999995e-05,509,,,,,,,,,,,,,,,,,,,,,,,,,,,,,,
0,,509,0.6331442594528198,0.38496220111846924,1.8420923948287964,0.010719762183725834,0.6556427478790283,0.12691675126552582,2.9464268684387207,0.08683116734027863,3.7482247352600098,0.10899712890386581,0.6393315196037292,6.272948265075684,0.015646709129214287,2.1365513801574707,0.9338282942771912,,,,,,,,,,,,,,,
,3.9e-05,519,,,,,,,,,,,,,,,,,,,,,,,,,,,,,,
0,,519,0.6486953496932983,0.4449087977409363,1.623405933380127,0.01686166226863861,0.6899927258491516,0.14351287484169006,2.686197280883789,0.050666067749261856,3.574303388595581,0.15707595646381378,0.6015898585319519,5.9990668296813965,0.011765815317630768,2.1433448791503906,0.9881802797317505,,,,,,,,,,,,,,,
,3.975e-05,529,,,,,,,,,,,,,,,,,,,,,,,,,,,,,,
0,,529,0.6713019013404846,0.43333864212036133,1.9413968324661255,0.1293870508670807,0.6736936569213867,0.15415485203266144,2.8551039695739746,0.06912659108638763,3.5999951362609863,0.132118821144104,0.6252854466438293,6.3165283203125,0.008145485073328018,2.095693588256836,1.047724723815918,,,,,,,,,,,,,,,
,4.05e-05,539,,,,,,,,,,,,,,,,,,,,,,,,,,,,,,
0,,539,0.6623520851135254,0.4336915612220764,1.842198371887207,0.02089446410536766,0.6562955975532532,0.20492947101593018,2.919797420501709,0.06575113534927368,3.5610413551330566,0.20504136383533478,0.6117786765098572,6.180692195892334,0.009185340255498886,2.227607250213623,1.0563603639602661,,,,,,,,,,,,,,,
,4.125e-05,549,,,,,,,,,,,,,,,,,,,,,,,,,,,,,,
0,,549,0.676557719707489,0.38498979806900024,1.777380108833313,0.01923256181180477,0.6637239456176758,0.14537999033927917,2.85958194732666,0.10993290692567825,3.4324002265930176,0.15246739983558655,0.6685318350791931,6.085951805114746,0.026904014870524406,2.165292978286743,1.2063343524932861,,,,,,,,,,,,,,,
,4.2e-05,559,,,,,,,,,,,,,,,,,,,,,,,,,,,,,,
0,,559,0.6153207421302795,0.3510374426841736,1.6908966302871704,0.028637699782848358,0.6718292236328125,0.16983070969581604,2.767517566680908,0.06723130494356155,3.4373724460601807,0.19572481513023376,0.6140516400337219,5.900927543640137,0.01004917360842228,2.1243927478790283,1.0179026126861572,,,,,,,,,,,,,,,
,4.2749999999999996e-05,569,,,,,,,,,,,,,,,,,,,,,,,,,,,,,,
0,,569,0.5033484101295471,0.3659737706184387,1.7970587015151978,0.053428977727890015,0.6481126546859741,0.13363254070281982,2.997575044631958,0.0683596283197403,3.2213478088378906,0.1885688602924347,0.6319323182106018,5.699370384216309,0.008334057405591011,2.157538652420044,0.9260261058807373,,,,,,,,,,,,,,,
,4.3499999999999993e-05,579,,,,,,,,,,,,,,,,,,,,,,,,,,,,,,
0,,579,0.5942723155021667,0.377576619386673,1.6156666278839111,0.014681211672723293,0.654775083065033,0.15304306149482727,2.8834409713745117,0.07731832563877106,3.257836103439331,0.1857362985610962,0.6181429624557495,5.725292205810547,0.012098186649382114,2.152757406234741,1.0597552061080933,,,,,,,,,,,,,,,
,4.424999999999999e-05,589,,,,,,,,,,,,,,,,,,,,,,,,,,,,,,
0,,589,0.5534504652023315,0.4335748553276062,1.945655345916748,0.051658060401678085,0.6362667679786682,0.1790289282798767,2.7797083854675293,0.06632564216852188,3.0351855754852295,0.1591883897781372,0.6236097812652588,5.649656295776367,0.014262055978178978,2.1041877269744873,1.1875486373901367,,,,,,,,,,,,,,,
,4.4999999999999996e-05,599,,,,,,,,,,,,,,,,,,,,,,,,,,,,,,
0,,599,0.5833173394203186,0.33980271220207214,1.7623209953308105,0.020420879125595093,0.6402512192726135,0.1901911050081253,3.0611443519592285,0.08601388335227966,3.0745790004730225,0.22852250933647156,0.6219117045402527,5.648393630981445,0.018169021233916283,2.089864492416382,1.0460965633392334,,,,,,,,,,,,,,,
,4.5749999999999994e-05,609,,,,,,,,,,,,,,,,,,,,,,,,,,,,,,
0,,609,0.5189953446388245,0.40561428666114807,1.700384259223938,0.034454479813575745,0.6204756498336792,0.21128453314304352,2.7988386154174805,0.06998971104621887,2.8092241287231445,0.18236373364925385,0.6046419143676758,5.26458215713501,0.019923320040106773,2.1477222442626953,0.9679266810417175,,,,,,,,,,,,,,,
,4.65e-05,619,,,,,,,,,,,,,,,,,,,,,,,,,,,,,,
0,,619,0.4895364046096802,0.40695446729660034,1.7802053689956665,0.035927917808294296,0.6450258493423462,0.164557546377182,2.9081616401672363,0.07545329630374908,2.664607524871826,0.14449042081832886,0.6470855474472046,5.18466854095459,0.02387063018977642,2.099745988845825,1.0717729330062866,,,,,,,,,,,,,,,
,4.7249999999999997e-05,629,,,,,,,,,,,,,,,,,,,,,,,,,,,,,,
0,,629,0.49223822355270386,0.3656865954399109,1.7227450609207153,0.030843855813145638,0.610316276550293,0.18908478319644928,2.91495680809021,0.07904402911663055,2.3838961124420166,0.15188966691493988,0.6543068885803223,4.89957332611084,0.014696265570819378,2.214430570602417,1.1745696067810059,,,,,,,,,,,,,,,
,4.7999999999999994e-05,639,,,,,,,,,,,,,,,,,,,,,,,,,,,,,,
0,,639,0.45666030049324036,0.44238972663879395,1.735219955444336,0.06057277321815491,0.6440627574920654,0.16717451810836792,2.73634934425354,0.06488154083490372,2.42854380607605,0.12928874790668488,0.6228089928627014,4.922076225280762,0.056439246982336044,2.0664939880371094,1.0438041687011719,,,,,,,,,,,,,,,
,4.875e-05,649,,,,,,,,,,,,,,,,,,,,,,,,,,,,,,
0,,649,0.4266544580459595,0.3538209795951843,1.7912788391113281,0.022771894931793213,0.6459884643554688,0.20922470092773438,3.000993251800537,0.07017099857330322,2.274843454360962,0.09818536043167114,0.6103135347366333,4.724447727203369,0.01096112746745348,2.143584728240967,1.0010433197021484,,,,,,,,,,,,,,,
,4.95e-05,659,,,,,,,,,,,,,,,,,,,,,,,,,,,,,,
0,,659,0.4367504119873047,0.44727885723114014,1.7059506177902222,0.03518563508987427,0.61472487449646,0.21221213042736053,2.7258825302124023,0.06726305186748505,2.0388588905334473,0.15447188913822174,0.6222475171089172,4.470479965209961,0.025579923763871193,2.1208508014678955,1.0188064575195312,,,,,,,,,,,,,,,
,5.025e-05,669,,,,,,,,,,,,,,,,,,,,,,,,,,,,,,
0,,669,0.4478406012058258,0.3876457214355469,1.7484866380691528,0.040206246078014374,0.5904381275177002,0.21003282070159912,2.89506459236145,0.0724494606256485,2.188734769821167,0.21431376039981842,0.6258338689804077,4.657016754150391,0.02253817953169346,2.1447222232818604,0.9861912727355957,,,,,,,,,,,,,,,
,5.1e-05,679,,,,,,,,,,,,,,,,,,,,,,,,,,,,,,
0,,679,0.37681910395622253,0.45994049310684204,1.6928871870040894,0.056927699595689774,0.5822014808654785,0.16824562847614288,2.847627639770508,0.07771781831979752,1.6895173788070679,0.156413733959198,0.6129158735275269,4.087902545928955,0.017035821452736855,2.1178836822509766,0.9294217824935913,,,,,,,,,,,,,,,
,5.174999999999999e-05,689,,,,,,,,,,,,,,,,,,,,,,,,,,,,,,
0,,689,0.3872053027153015,0.3660873472690582,1.6580621004104614,0.09009701013565063,0.5684742331504822,0.15170368552207947,2.8207390308380127,0.06270530819892883,1.6778483390808105,0.1545369178056717,0.6381282806396484,4.054764747619629,0.012886342592537403,2.039945602416992,0.9993672966957092,,,,,,,,,,,,,,,
0,,694,,,,,,,,,,,,,,,,0.5744834542274475,0.34766435623168945,1.383724331855774,0.02328791469335556,0.49269822239875793,0.037276480346918106,3.144648313522339,0.09162677824497223,2.143585443496704,0.15591146051883698,0.6328688263893127,4.454328536987305,0.022288259118795395,2.0861575603485107,0.8472662568092346
,5.2499999999999995e-05,699,,,,,,,,,,,,,,,,,,,,,,,,,,,,,,
1,,699,0.43290749192237854,0.3037818372249603,1.5258591175079346,0.019752750173211098,0.5885410308837891,0.2158573716878891,2.855388879776001,0.07961048185825348,1.91249418258667,0.18799105286598206,0.6075521111488342,4.25363826751709,0.01552136242389679,2.128772020339966,1.0397169589996338,,,,,,,,,,,,,,,
,5.324999999999999e-05,709,,,,,,,,,,,,,,,,,,,,,,,,,,,,,,
1,,709,0.49922844767570496,0.37680575251579285,1.560465693473816,0.03866211324930191,0.5886902809143066,0.18493874371051788,2.809947967529297,0.08564137667417526,1.8311963081359863,0.19480295479297638,0.629138708114624,4.216310977935791,0.009967331774532795,2.129908561706543,0.9506354928016663,,,,,,,,,,,,,,,
,5.399999999999999e-05,719,,,,,,,,,,,,,,,,,,,,,,,,,,,,,,
1,,719,0.383358895778656,0.4310145378112793,1.7540799379348755,0.026798324659466743,0.5270248055458069,0.18469859659671783,2.6997745037078857,0.0496637225151062,1.0494030714035034,0.14842522144317627,0.6052060723304749,3.321284055709839,0.01188098918646574,2.1796369552612305,0.8362486958503723,,,,,,,,,,,,,,,
,5.4749999999999996e-05,729,,,,,,,,,,,,,,,,,,,,,,,,,,,,,,
1,,729,0.3774462044239044,0.37622010707855225,1.4019614458084106,0.03220096603035927,0.5752753615379333,0.16430068016052246,2.8426504135131836,0.07329542189836502,1.541931390762329,0.17364180088043213,0.5994142293930054,3.7968804836273193,0.013631113804876804,2.1026697158813477,0.9782025218009949,,,,,,,,,,,,,,,
,5.5499999999999994e-05,739,,,,,,,,,,,,,,,,,,,,,,,,,,,,,,
1,,739,0.3843381404876709,0.4051840007305145,1.4802824258804321,0.02559558115899563,0.5165948271751404,0.13633549213409424,2.767834186553955,0.09903647005558014,1.5255444049835205,0.20867176353931427,0.634699821472168,3.766545534133911,0.007906409911811352,2.2666237354278564,0.8753983378410339,,,,,,,,,,,,,,,
,5.625e-05,749,,,,,,,,,,,,,,,,,,,,,,,,,,,,,,
1,,749,0.5007637739181519,0.2974025309085846,1.8135311603546143,0.04136267304420471,0.5288306474685669,0.14386460185050964,2.9943549633026123,0.09692546725273132,1.7364418506622314,0.15372641384601593,0.6464022397994995,4.207319259643555,0.026909857988357544,2.113992214202881,0.9573615193367004,,,,,,,,,,,,,,,
,5.6999999999999996e-05,759,,,,,,,,,,,,,,,,,,,,,,,,,,,,,,
1,,759,0.34216606616973877,0.36462104320526123,1.4779534339904785,0.025742551311850548,0.5251914858818054,0.11076439917087555,2.752852201461792,0.08122468739748001,1.4846913814544678,0.16930758953094482,0.6235422492027283,3.6561219692230225,0.01153653860092163,2.122709274291992,0.8920381665229797,,,,,,,,,,,,,,,
,5.7749999999999994e-05,769,,,,,,,,,,,,,,,,,,,,,,,,,,,,,,
1,,769,0.28453707695007324,0.3668617010116577,1.473665475845337,0.016635429114103317,0.4737895131111145,0.15616416931152344,2.6979830265045166,0.05518548935651779,0.9663895964622498,0.18510949611663818,0.5983234643936157,3.048999309539795,0.010625376366078854,2.1040282249450684,0.8353146910667419,,,,,,,,,,,,,,,
,5.85e-05,779,,,,,,,,,,,,,,,,,,,,,,,,,,,,,,
1,,779,0.29950666427612305,0.3398740887641907,1.4970344305038452,0.021920064464211464,0.5028600096702576,0.13635089993476868,2.7975075244903564,0.05503469705581665,1.060562014579773,0.10339232534170151,0.6084166169166565,3.1390202045440674,0.014246594160795212,2.191622257232666,0.7399466633796692,,,,,,,,,,,,,,,
,5.925e-05,789,,,,,,,,,,,,,,,,,,,,,,,,,,,,,,
1,,789,0.3681606948375702,0.3159653842449188,1.7686899900436401,0.013844228349626064,0.5150438547134399,0.14383287727832794,2.9173319339752197,0.065416619181633,1.1641048192977905,0.19389201700687408,0.6136841177940369,3.439117670059204,0.014114883728325367,2.1865530014038086,0.8624414801597595,,,,,,,,,,,,,,,
,5.9999999999999995e-05,799,,,,,,,,,,,,,,,,,,,,,,,,,,,,,,
1,,799,0.30920442938804626,0.41426900029182434,1.3893088102340698,0.02187235839664936,0.4959753155708313,0.13067448139190674,2.6132071018218994,0.08758276700973511,1.3287302255630493,0.2462920993566513,0.6059557199478149,3.4327077865600586,0.010598059743642807,2.0654139518737793,0.8201810717582703,,,,,,,,,,,,,,,
,6.075e-05,809,,,,,,,,,,,,,,,,,,,,,,,,,,,,,,
1,,809,0.3852732181549072,0.37417536973953247,1.592651128768921,0.02028440311551094,0.4399823248386383,0.14422886073589325,2.8190693855285645,0.06688521802425385,1.032299280166626,0.18308664858341217,0.6132227778434753,3.2775626182556152,0.049258165061473846,2.1815905570983887,0.8391609191894531,,,,,,,,,,,,,,,
,6.149999999999999e-05,819,,,,,,,,,,,,,,,,,,,,,,,,,,,,,,
1,,819,0.28956887125968933,0.32358595728874207,1.4850234985351562,0.01886148937046528,0.4289269745349884,0.12624895572662354,2.873788833618164,0.06191188842058182,0.8009283542633057,0.12652979791164398,0.6005931496620178,2.888883590698242,0.02155936509370804,2.1591460704803467,0.7933154106140137,,,,,,,,,,,,,,,
,6.225e-05,829,,,,,,,,,,,,,,,,,,,,,,,,,,,,,,
1,,829,0.3019063174724579,0.3362354636192322,1.6033878326416016,0.033937081694602966,0.48834308981895447,0.16458432376384735,2.6820740699768066,0.04703802615404129,1.0715017318725586,0.19264580309391022,0.5753425359725952,3.215484857559204,0.01494502928107977,2.1227192878723145,0.8757930994033813,,,,,,,,,,,,,,,
,6.299999999999999e-05,839,,,,,,,,,,,,,,,,,,,,,,,,,,,,,,
1,,839,0.3935334086418152,0.3333875834941864,1.5853744745254517,0.02089359611272812,0.43949854373931885,0.10442014783620834,2.7248713970184326,0.06709525734186172,1.1575207710266113,0.158501997590065,0.5850411057472229,3.293759822845459,0.01190270483493805,2.153752088546753,0.8217570185661316,,,,,,,,,,,,,,,
,6.374999999999999e-05,849,,,,,,,,,,,,,,,,,,,,,,,,,,,,,,
1,,849,0.3471275269985199,0.3312026858329773,1.4749828577041626,0.031871527433395386,0.41938456892967224,0.10892858356237411,2.719409227371216,0.05987202376127243,0.9572107791900635,0.1398259848356247,0.628837525844574,3.0167646408081055,0.009280044585466385,2.168069839477539,0.7469545602798462,,,,,,,,,,,,,,,
,6.45e-05,859,,,,,,,,,,,,,,,,,,,,,,,,,,,,,,
1,,859,0.44931578636169434,0.31733787059783936,1.166675329208374,0.026218390092253685,0.407962441444397,0.0941004604101181,2.6054534912109375,0.06504849344491959,1.0812687873840332,0.1774548888206482,0.5974540114402771,3.043355703353882,0.008653686381876469,2.1346280574798584,0.713523268699646,,,,,,,,,,,,,,,
,6.525e-05,869,,,,,,,,,,,,,,,,,,,,,,,,,,,,,,
1,,869,0.20904217660427094,0.34511756896972656,1.3597007989883423,0.010338325053453445,0.40059399604797363,0.08921615034341812,2.6760549545288086,0.03964899480342865,0.7270694375038147,0.18076041340827942,0.5988778471946716,2.626497507095337,0.008053068071603775,2.1492440700531006,0.7674980163574219,,,,,,,,,,,,,,,
,6.599999999999999e-05,879,,,,,,,,,,,,,,,,,,,,,,,,,,,,,,
1,,879,0.3048507273197174,0.3420190215110779,1.4106818437576294,0.024836791679263115,0.4070777893066406,0.10176920890808105,2.7024717330932617,0.06329135596752167,1.0111749172210693,0.21033455431461334,0.5761921405792236,3.02662992477417,0.020507922396063805,2.170548677444458,0.7310702800750732,,,,,,,,,,,,,,,
,6.675e-05,889,,,,,,,,,,,,,,,,,,,,,,,,,,,,,,
1,,889,0.2554168701171875,0.32414910197257996,1.2657514810562134,0.016382642090320587,0.3777299225330353,0.10750962048768997,2.5789825916290283,0.07674959301948547,0.9585970044136047,0.1210402101278305,0.5776103734970093,2.848925828933716,0.015449807047843933,2.207392930984497,0.7268064618110657,,,,,,,,,,,,,,,
,6.75e-05,899,,,,,,,,,,,,,,,,,,,,,,,,,,,,,,
1,,899,0.3943444788455963,0.3076990246772766,1.3011901378631592,0.02288646250963211,0.45253053307533264,0.12777112424373627,2.699193239212036,0.06087998300790787,1.1277590990066528,0.22826729714870453,0.5688567757606506,3.148007392883301,0.00849820114672184,2.130925178527832,0.7251560688018799,,,,,,,,,,,,,,,
,6.824999999999999e-05,909,,,,,,,,,,,,,,,,,,,,,,,,,,,,,,
1,,909,0.27125439047813416,0.29350176453590393,1.2501944303512573,0.0396723598241806,0.4275829493999481,0.08515501767396927,2.6966614723205566,0.0683116465806961,1.0587118864059448,0.13394176959991455,0.5501655340194702,2.9772260189056396,0.006967783905565739,2.2466537952423096,0.7390444278717041,,,,,,,,,,,,,,,
,6.9e-05,919,,,,,,,,,,,,,,,,,,,,,,,,,,,,,,
1,,919,0.3087681233882904,0.2947765588760376,1.2817505598068237,0.018984518945217133,0.361593097448349,0.09927587956190109,2.617699384689331,0.05075713247060776,0.7392206788063049,0.09518690407276154,0.5771538615226746,2.6052138805389404,0.0033321185037493706,2.2064614295959473,0.7064316868782043,,,,,,,,,,,,,,,
,6.975e-05,929,,,,,,,,,,,,,,,,,,,,,,,,,,,,,,
1,,929,0.30529844760894775,0.29102131724357605,1.3160518407821655,0.026630647480487823,0.4403291940689087,0.11771588772535324,2.5504233837127686,0.04823234677314758,0.8889442086219788,0.13780814409255981,0.5476976633071899,2.7930068969726562,0.004633922595530748,2.07293963432312,0.746452808380127,,,,,,,,,,,,,,,
,7.049999999999999e-05,939,,,,,,,,,,,,,,,,,,,,,,,,,,,,,,
1,,939,0.3007524013519287,0.3265092968940735,1.4294735193252563,0.013934517279267311,0.4126901924610138,0.07821030169725418,2.705940008163452,0.050361648201942444,0.91536545753479,0.11995241045951843,0.5101284384727478,2.833874464035034,0.007114090491086245,2.2376646995544434,0.6616503000259399,,,,,,,,,,,,,,,
,7.125e-05,949,,,,,,,,,,,,,,,,,,,,,,,,,,,,,,
1,,949,0.24789689481258392,0.3348480761051178,1.3353614807128906,0.01570807211101055,0.3469005525112152,0.08848301321268082,2.546236991882324,0.0464106984436512,0.5995064377784729,0.1165318414568901,0.5521256923675537,2.4299333095550537,0.0067082857713103294,2.228198766708374,0.6922421455383301,,,,,,,,,,,,,,,
,7.199999999999999e-05,959,,,,,,,,,,,,,,,,,,,,,,,,,,,,,,
1,,959,0.24572151899337769,0.4021260738372803,1.3810513019561768,0.0264997947961092,0.3709191381931305,0.09379078447818756,2.602278232574463,0.04275771230459213,0.7164588570594788,0.14009466767311096,0.5764908194541931,2.632343053817749,0.008921261876821518,2.208284854888916,0.7105726003646851,,,,,,,,,,,,,,,
,7.274999999999999e-05,969,,,,,,,,,,,,,,,,,,,,,,,,,,,,,,
1,,969,0.30562832951545715,0.35307884216308594,1.348523497581482,0.034076936542987823,0.4027467966079712,0.08922649174928665,2.5208945274353027,0.06085273250937462,0.9674466848373413,0.1689567267894745,0.5290719866752625,2.8865981101989746,0.009155402891337872,2.1984212398529053,0.6992729306221008,,,,,,,,,,,,,,,
,7.35e-05,979,,,,,,,,,,,,,,,,,,,,,,,,,,,,,,
1,,979,0.2674977481365204,0.33502811193466187,1.0796687602996826,0.016915610060095787,0.3814879059791565,0.07846731692552567,2.4744560718536377,0.042669154703617096,0.7043113112449646,0.166084885597229,0.597135603427887,2.469677686691284,0.008808066137135029,2.177560329437256,0.6925094723701477,,,,,,,,,,,,,,,
,7.424999999999999e-05,989,,,,,,,,,,,,,,,,,,,,,,,,,,,,,,
1,,989,0.3492780923843384,0.2560838758945465,1.2358877658843994,0.020044608041644096,0.38810500502586365,0.07329468429088593,2.7477545738220215,0.07787735760211945,1.078451156616211,0.16123732924461365,0.5875745415687561,3.0150210857391357,0.009629253298044205,2.211425304412842,0.7295571565628052,,,,,,,,,,,,,,,
,7.5e-05,999,,,,,,,,,,,,,,,,,,,,,,,,,,,,,,
1,,999,0.198539137840271,0.277055948972702,1.1980265378952026,0.024355977773666382,0.40187573432922363,0.07998436689376831,2.47609281539917,0.050733305513858795,0.6632956266403198,0.11324615031480789,0.5475012063980103,2.3920798301696777,0.0058952802792191505,2.271120071411133,0.6410943269729614,,,,,,,,,,,,,,,
,7.575e-05,1009,,,,,,,,,,,,,,,,,,,,,,,,,,,,,,
1,,1009,0.25581055879592896,0.2907490134239197,1.1772222518920898,0.023362182080745697,0.37680771946907043,0.06742154806852341,2.554664134979248,0.06488610804080963,0.8266640305519104,0.17250347137451172,0.5401557683944702,2.618391513824463,0.003396940417587757,2.174100160598755,0.6740840077400208,,,,,,,,,,,,,,,
,7.649999999999999e-05,1019,,,,,,,,,,,,,,,,,,,,,,,,,,,,,,
1,,1019,0.31062552332878113,0.3426476716995239,1.2705507278442383,0.031487561762332916,0.3808669149875641,0.12591306865215302,2.6643569469451904,0.06350801140069962,0.8432555794715881,0.17356730997562408,0.48223888874053955,2.7618675231933594,0.011044781655073166,2.1985013484954834,0.6409645080566406,,,,,,,,,,,,,,,
,7.725e-05,1029,,,,,,,,,,,,,,,,,,,,,,,,,,,,,,
1,,1029,0.23197104036808014,0.2890544831752777,1.2423532009124756,0.02325078472495079,0.3940392732620239,0.06653927266597748,2.517350673675537,0.050887443125247955,0.8223669528961182,0.16648289561271667,0.5186273455619812,2.639453649520874,0.013825589790940285,2.0894339084625244,0.7833150029182434,,,,,,,,,,,,,,,
,7.8e-05,1039,,,,,,,,,,,,,,,,,,,,,,,,,,,,,,
1,,1039,0.2862985134124756,0.31258389353752136,1.204586386680603,0.02245485782623291,0.4365409016609192,0.07249703258275986,2.6116530895233154,0.06496430188417435,0.9300188422203064,0.17189575731754303,0.5388571619987488,2.8022444248199463,0.00932762585580349,2.1867966651916504,0.7135574817657471,,,,,,,,,,,,,,,
,7.874999999999999e-05,1049,,,,,,,,,,,,,,,,,,,,,,,,,,,,,,
1,,1049,0.2101316601037979,0.37341201305389404,1.3458565473556519,0.019973497837781906,0.3370656371116638,0.0848979577422142,2.461789131164551,0.04412895441055298,0.6946536302566528,0.12156740576028824,0.5255874395370483,2.473970413208008,0.010071936063468456,2.0895602703094482,0.6047971248626709,,,,,,,,,,,,,,,
,7.95e-05,1059,,,,,,,,,,,,,,,,,,,,,,,,,,,,,,
1,,1059,0.2564047873020172,0.3034214675426483,1.1131840944290161,0.0339946486055851,0.3700348138809204,0.09583055973052979,2.464721202850342,0.05499066412448883,0.8082805275917053,0.1655094176530838,0.4965642988681793,2.58484148979187,0.03292306512594223,2.189415216445923,0.6346091628074646,,,,,,,,,,,,,,,
,8.025e-05,1069,,,,,,,,,,,,,,,,,,,,,,,,,,,,,,
1,,1069,0.22165964543819427,0.3359883725643158,1.2889970541000366,0.02968841791152954,0.35671597719192505,0.07308787852525711,2.3312928676605225,0.04290449246764183,0.6576231718063354,0.16117453575134277,0.5330111384391785,2.3991968631744385,0.014717884361743927,2.1516237258911133,0.6100460886955261,,,,,,,,,,,,,,,
,8.1e-05,1079,,,,,,,,,,,,,,,,,,,,,,,,,,,,,,
1,,1079,0.2668510973453522,0.2654483914375305,1.2033615112304688,0.04618343338370323,0.3758865296840668,0.08118075132369995,2.458491563796997,0.04626096785068512,0.8212739825248718,0.19049391150474548,0.5067932605743408,2.6013729572296143,0.005181418731808662,2.1097772121429443,0.6758082509040833,,,,,,,,,,,,,,,
,8.175e-05,1089,,,,,,,,,,,,,,,,,,,,,,,,,,,,,,
1,,1089,0.255466490983963,0.3131658136844635,0.9817333817481995,0.014038878493010998,0.3659401834011078,0.09568674117326736,2.359376907348633,0.06129714846611023,0.8956366181373596,0.17184658348560333,0.5099563598632812,2.590541362762451,0.013413901440799236,2.1126081943511963,0.6723138689994812,,,,,,,,,,,,,,,
,8.25e-05,1099,,,,,,,,,,,,,,,,,,,,,,,,,,,,,,
1,,1099,0.32070767879486084,0.27866682410240173,1.3606845140457153,0.03451380133628845,0.35319066047668457,0.06992556899785995,2.465379476547241,0.06176173686981201,0.7600385546684265,0.10786832123994827,0.5399914383888245,2.6035282611846924,0.015094336122274399,2.1652770042419434,0.6276993155479431,,,,,,,,,,,,,,,
,8.325e-05,1109,,,,,,,,,,,,,,,,,,,,,,,,,,,,,,
1,,1109,0.20221306383609772,0.30205923318862915,1.223834753036499,0.010159222409129143,0.3452356457710266,0.06272353231906891,2.5230824947357178,0.054658398032188416,0.7142406105995178,0.10653679072856903,0.5376816987991333,2.448983669281006,0.007156138774007559,2.2306606769561768,0.6724346876144409,,,,,,,,,,,,,,,
,8.4e-05,1119,,,,,,,,,,,,,,,,,,,,,,,,,,,,,,
1,,1119,0.25899359583854675,0.36477789282798767,1.0236856937408447,0.029633058235049248,0.32278871536254883,0.053909722715616226,2.27738094329834,0.04857509583234787,0.6154009103775024,0.1361074298620224,0.5265401005744934,2.254049777984619,0.002066564979031682,2.1607866287231445,0.5771294832229614,,,,,,,,,,,,,,,
,8.474999999999999e-05,1129,,,,,,,,,,,,,,,,,,,,,,,,,,,,,,
1,,1129,0.159206822514534,0.27389392256736755,1.1997134685516357,0.012512766756117344,0.28877097368240356,0.07465559244155884,2.534632921218872,0.040065452456474304,0.384787380695343,0.15771010518074036,0.5111217498779297,2.0287907123565674,0.008248765021562576,2.140098810195923,0.5501388907432556,,,,,,,,,,,,,,,
,8.549999999999999e-05,1139,,,,,,,,,,,,,,,,,,,,,,,,,,,,,,
1,,1139,0.24676676094532013,0.30046409368515015,1.5223616361618042,0.031427059322595596,0.35505783557891846,0.05015937611460686,2.45475697517395,0.05835019797086716,0.8436675071716309,0.10659179836511612,0.5328684449195862,2.6932151317596436,0.012562294490635395,2.1527626514434814,0.6561160087585449,,,,,,,,,,,,,,,
,8.624999999999998e-05,1149,,,,,,,,,,,,,,,,,,,,,,,,,,,,,,
1,,1149,0.27430203557014465,0.32045045495033264,1.2778401374816895,0.018314270302653313,0.3611868917942047,0.0778818428516388,2.397826910018921,0.05632581561803818,0.6799834966659546,0.15744110941886902,0.5254429578781128,2.504211902618408,0.0054939561523497105,2.2721328735351562,0.7933736443519592,,,,,,,,,,,,,,,
,8.699999999999999e-05,1159,,,,,,,,,,,,,,,,,,,,,,,,,,,,,,
1,,1159,0.19233781099319458,0.2778916358947754,1.226305365562439,0.038600485771894455,0.3473575711250305,0.05896648019552231,2.2786552906036377,0.046812012791633606,0.6312775611877441,0.11846421658992767,0.5301177501678467,2.322726011276245,0.006589200813323259,2.1674633026123047,0.7148338556289673,,,,,,,,,,,,,,,
,8.774999999999999e-05,1169,,,,,,,,,,,,,,,,,,,,,,,,,,,,,,
1,,1169,0.18047930300235748,0.2978714406490326,1.1502488851547241,0.02111252397298813,0.31975415349006653,0.05705326795578003,2.3406810760498047,0.04694616049528122,0.5345914363861084,0.11592787504196167,0.487704336643219,2.1486141681671143,0.017550086602568626,2.2064568996429443,0.5512841939926147,,,,,,,,,,,,,,,
,8.849999999999998e-05,1179,,,,,,,,,,,,,,,,,,,,,,,,,,,,,,
1,,1179,0.2109266221523285,0.29839634895324707,1.0952188968658447,0.016185393556952477,0.3356362581253052,0.09268920123577118,2.5159037113189697,0.045210905373096466,0.5862701535224915,0.08693328499794006,0.5277547240257263,2.2467174530029297,0.004280668217688799,2.1779823303222656,0.5452075004577637,,,,,,,,,,,,,,,
,8.924999999999999e-05,1189,,,,,,,,,,,,,,,,,,,,,,,,,,,,,,
1,,1189,0.26865318417549133,0.33776000142097473,1.2242555618286133,0.022829486057162285,0.3954436480998993,0.08876414597034454,2.4743969440460205,0.07405455410480499,0.7983948588371277,0.10364942997694016,0.5020109415054321,2.6278247833251953,0.010111655108630657,2.0911648273468018,0.6931161284446716,,,,,,,,,,,,,,,
,8.999999999999999e-05,1199,,,,,,,,,,,,,,,,,,,,,,,,,,,,,,
1,,1199,0.25136125087738037,0.2976728677749634,1.0850708484649658,0.011669361963868141,0.3944535553455353,0.043139904737472534,2.4206702709198,0.06762303411960602,0.7370675206184387,0.1067468449473381,0.4966146945953369,2.4255709648132324,0.006954528391361237,2.0982320308685303,0.6376651525497437,,,,,,,,,,,,,,,
,9.074999999999998e-05,1209,,,,,,,,,,,,,,,,,,,,,,,,,,,,,,
1,,1209,0.17339718341827393,0.2698267102241516,1.1347486972808838,0.01134888082742691,0.27709734439849854,0.05858829990029335,2.4417762756347656,0.044307515025138855,0.48711836338043213,0.13447831571102142,0.4868690073490143,2.084334135055542,0.019818732514977455,2.377636671066284,0.5337625741958618,,,,,,,,,,,,,,,
,9.149999999999999e-05,1219,,,,,,,,,,,,,,,,,,,,,,,,,,,,,,
1,,1219,0.23597940802574158,0.30268219113349915,1.2518856525421143,0.01678069680929184,0.31667041778564453,0.05902138724923134,2.498487710952759,0.06909307837486267,0.6461077928543091,0.14879660308361053,0.4834371507167816,2.3915293216705322,0.016975481063127518,2.209953784942627,0.5854570865631104,,,,,,,,,,,,,,,
,9.224999999999999e-05,1229,,,,,,,,,,,,,,,,,,,,,,,,,,,,,,
1,,1229,0.1961994767189026,0.26906782388687134,1.2403720617294312,0.032977618277072906,0.3192198574542999,0.04381367564201355,2.1540563106536865,0.042444635182619095,0.5764137506484985,0.11286073923110962,0.5184161067008972,2.1811914443969727,0.008207601495087147,2.2354915142059326,0.6082372665405273,,,,,,,,,,,,,,,
,9.3e-05,1239,,,,,,,,,,,,,,,,,,,,,,,,,,,,,,
1,,1239,0.1994195282459259,0.2836242616176605,1.0922940969467163,0.01754872128367424,0.3283383548259735,0.0817761942744255,2.2884886264801025,0.06913559883832932,0.6550009846687317,0.13147777318954468,0.4474411606788635,2.2732157707214355,0.0174143947660923,2.137099027633667,0.563211977481842,,,,,,,,,,,,,,,
,9.374999999999999e-05,1249,,,,,,,,,,,,,,,,,,,,,,,,,,,,,,
1,,1249,0.18984556198120117,0.2716332674026489,1.0340983867645264,0.021531181409955025,0.3009144961833954,0.0461328849196434,2.3140156269073486,0.04967541992664337,0.542698085308075,0.09825320541858673,0.4871439039707184,2.0911219120025635,0.006858278065919876,2.2798092365264893,0.5586249828338623,,,,,,,,,,,,,,,
,9.449999999999999e-05,1259,,,,,,,,,,,,,,,,,,,,,,,,,,,,,,
1,,1259,0.20030148327350616,0.3533724844455719,1.186972737312317,0.008446300402283669,0.3178938925266266,0.06114836409687996,2.1760401725769043,0.03499121218919754,0.5125190019607544,0.1326097548007965,0.5122503042221069,2.1367921829223633,0.0035818994510918856,2.228475332260132,0.677543044090271,,,,,,,,,,,,,,,
,9.525e-05,1269,,,,,,,,,,,,,,,,,,,,,,,,,,,,,,
1,,1269,0.2738277316093445,0.22742806375026703,1.1098133325576782,0.01782136783003807,0.30662041902542114,0.04542822390794754,2.218447208404541,0.04679465293884277,0.6140487194061279,0.0796247348189354,0.4819289743900299,2.1950035095214844,0.013062712736427784,2.229881525039673,0.6004550457000732,,,,,,,,,,,,,,,
,9.599999999999999e-05,1279,,,,,,,,,,,,,,,,,,,,,,,,,,,,,,
1,,1279,0.1764184981584549,0.3166518807411194,1.1048951148986816,0.02419149875640869,0.31449347734451294,0.04908764362335205,2.251380443572998,0.05590382218360901,0.5455595254898071,0.11761694401502609,0.4893147945404053,2.1376266479492188,0.009665711782872677,2.157778024673462,0.5814995765686035,,,,,,,,,,,,,,,
,9.675e-05,1289,,,,,,,,,,,,,,,,,,,,,,,,,,,,,,
1,,1289,0.18033914268016815,0.29562264680862427,1.1432232856750488,0.01641993410885334,0.2730438709259033,0.055770255625247955,2.14782452583313,0.039089515805244446,0.4966982901096344,0.14415889978408813,0.45880189538002014,2.015204668045044,0.00954283494502306,2.1442246437072754,0.518607497215271,,,,,,,,,,,,,,,
,9.75e-05,1299,,,,,,,,,,,,,,,,,,,,,,,,,,,,,,
1,,1299,0.2878909707069397,0.25787878036499023,0.9084083437919617,0.018314747139811516,0.2781006395816803,0.08369037508964539,2.1579928398132324,0.05437692999839783,0.7336722612380981,0.15634995698928833,0.4422042965888977,2.2411351203918457,0.010456209070980549,2.062946081161499,0.47311118245124817,,,,,,,,,,,,,,,
,9.824999999999999e-05,1309,,,,,,,,,,,,,,,,,,,,,,,,,,,,,,
1,,1309,0.2182980179786682,0.22481928765773773,0.989510178565979,0.015977269038558006,0.26412835717201233,0.05774323269724846,2.1294116973876953,0.04743613302707672,0.5240256786346436,0.11782053858041763,0.4919047951698303,1.9888370037078857,0.010345040820538998,2.276216983795166,0.5060414671897888,,,,,,,,,,,,,,,
,9.9e-05,1319,,,,,,,,,,,,,,,,,,,,,,,,,,,,,,
1,,1319,0.22194139659404755,0.2521359920501709,1.1691689491271973,0.026817094534635544,0.2765461206436157,0.05685354396700859,2.333280324935913,0.04097875952720642,0.5223010778427124,0.10532728582620621,0.4985356628894806,2.113767385482788,0.007587673608213663,2.1974833011627197,0.5237244963645935,,,,,,,,,,,,,,,
,9.975e-05,1329,,,,,,,,,,,,,,,,,,,,,,,,,,,,,,
1,,1329,0.2985190451145172,0.29187387228012085,1.0722097158432007,0.025742225348949432,0.39202722907066345,0.07579360157251358,2.074082851409912,0.06155994534492493,0.8881773948669434,0.15848691761493683,0.5039302706718445,2.5779154300689697,0.012793809175491333,2.2224724292755127,0.7432894706726074,,,,,,,,,,,,,,,
,0.0001005,1339,,,,,,,,,,,,,,,,,,,,,,,,,,,,,,
1,,1339,0.24374417960643768,0.24438151717185974,0.9509897828102112,0.023640932515263557,0.2890956699848175,0.05945134907960892,2.0945816040039062,0.04640357196331024,0.5299801230430603,0.16610388457775116,0.47306370735168457,2.0194168090820312,0.021461283788084984,2.094700336456299,0.492786705493927,,,,,,,,,,,,,,,
,0.00010125,1349,,,,,,,,,,,,,,,,,,,,,,,,,,,,,,
1,,1349,0.22129450738430023,0.2739907503128052,1.1597566604614258,0.016718482598662376,0.30236563086509705,0.049430809915065765,2.0494396686553955,0.05234834551811218,0.5781409740447998,0.15679365396499634,0.5088162422180176,2.1617395877838135,0.01839737966656685,2.1708524227142334,0.6333827972412109,,,,,,,,,,,,,,,
,0.000102,1359,,,,,,,,,,,,,,,,,,,,,,,,,,,,,,
1,,1359,0.27864503860473633,0.2721654772758484,1.1576744318008423,0.037621963769197464,0.3766331374645233,0.06238467991352081,2.115976572036743,0.08492568880319595,0.8510053157806396,0.14390064775943756,0.5002410411834717,2.553276300430298,0.013099150732159615,2.232832908630371,0.650516927242279,,,,,,,,,,,,,,,
,0.00010275,1369,,,,,,,,,,,,,,,,,,,,,,,,,,,,,,
1,,1369,0.243447944521904,0.2738734483718872,0.9815652370452881,0.014352716505527496,0.31517931818962097,0.06456535309553146,1.9131019115447998,0.05934538319706917,0.6525108814239502,0.178000345826149,0.48820698261260986,2.1659207344055176,0.009995318949222565,2.215629816055298,0.6342636346817017,,,,,,,,,,,,,,,
,0.00010349999999999998,1379,,,,,,,,,,,,,,,,,,,,,,,,,,,,,,
1,,1379,0.2487269937992096,0.2488512247800827,1.1129571199417114,0.026879489421844482,0.2972944378852844,0.08091305941343307,2.023080348968506,0.06833542883396149,0.7154445052146912,0.11635547876358032,0.45885804295539856,2.294485330581665,0.021645594388246536,2.2169127464294434,0.5820471048355103,,,,,,,,,,,,,,,
,0.00010424999999999999,1389,,,,,,,,,,,,,,,,,,,,,,,,,,,,,,
1,,1389,0.2355739176273346,0.19342321157455444,0.9817971587181091,0.015805697068572044,0.32121506333351135,0.050423890352249146,1.9786961078643799,0.05909677594900131,0.6170587539672852,0.08887570351362228,0.43276169896125793,2.0572524070739746,0.010818921029567719,2.2806880474090576,0.5490111708641052,,,,,,,,,,,,,,,
1,,1389,,,,,,,,,,,,,,,,0.36782538890838623,0.17590634524822235,0.6495043039321899,0.017263155430555344,0.2102331519126892,0.018227234482765198,1.6935151815414429,0.061995040625333786,0.5906367897987366,0.12391208112239838,0.3761137127876282,1.8298758268356323,0.018508778885006905,2.243063449859619,0.37828370928764343
,0.00010499999999999999,1399,,,,,,,,,,,,,,,,,,,,,,,,,,,,,,
2,,1399,0.2865453064441681,0.24439935386180878,1.2511733770370483,0.020763609558343887,0.26846107840538025,0.040829848498106,2.0118370056152344,0.047248609364032745,0.617919385433197,0.12220486998558044,0.492670476436615,2.204873561859131,0.014451166614890099,2.154301643371582,0.6025072336196899,,,,,,,,,,,,,,,
,0.00010574999999999998,1409,,,,,,,,,,,,,,,,,,,,,,,,,,,,,,
2,,1409,0.29169750213623047,0.22701942920684814,1.0981049537658691,0.017443465068936348,0.3292585611343384,0.06466465443372726,1.9124974012374878,0.06944873929023743,0.8841495513916016,0.12419424951076508,0.4853803515434265,2.448434829711914,0.010278548114001751,2.233321189880371,0.6418334245681763,,,,,,,,,,,,,,,
,0.00010649999999999999,1419,,,,,,,,,,,,,,,,,,,,,,,,,,,,,,
2,,1419,0.15420986711978912,0.2655060291290283,1.0501984357833862,0.011280270293354988,0.2939421832561493,0.0471779890358448,1.794136643409729,0.05073024332523346,0.4768226444721222,0.10959240794181824,0.4481455087661743,1.8517661094665527,0.01797475479543209,2.241978645324707,0.4830491542816162,,,,,,,,,,,,,,,
,0.00010724999999999999,1429,,,,,,,,,,,,,,,,,,,,,,,,,,,,,,
2,,1429,0.24337977170944214,0.22586214542388916,1.1465458869934082,0.022647356614470482,0.33056172728538513,0.05431124195456505,1.8081538677215576,0.07143343240022659,0.8061833381652832,0.103459432721138,0.5267671942710876,2.3327672481536865,0.017820434644818306,2.1195566654205322,0.5865911245346069,,,,,,,,,,,,,,,
,0.00010799999999999998,1439,,,,,,,,,,,,,,,,,,,,,,,,,,,,,,
2,,1439,0.14480945467948914,0.2539196014404297,1.1074140071868896,0.02853117510676384,0.2778777480125427,0.047390423715114594,1.7467962503433228,0.043965552002191544,0.40869173407554626,0.1328732818365097,0.47391176223754883,1.8104591369628906,0.021380754187703133,2.1450679302215576,0.5237197875976562,,,,,,,,,,,,,,,
,0.00010874999999999999,1449,,,,,,,,,,,,,,,,,,,,,,,,,,,,,,
2,,1449,0.2006530910730362,0.2235834300518036,1.0105938911437988,0.019543901085853577,0.2531256079673767,0.06214994937181473,1.9188460111618042,0.04383576661348343,0.5489977598190308,0.15336023271083832,0.45803552865982056,1.951673984527588,0.01613531820476055,2.161780595779419,0.4718135595321655,,,,,,,,,,,,,,,
,0.00010949999999999999,1459,,,,,,,,,,,,,,,,,,,,,,,,,,,,,,
2,,1459,0.21937738358974457,0.21031789481639862,1.1001179218292236,0.019044814631342888,0.29321178793907166,0.0546954907476902,1.7825970649719238,0.06526483595371246,0.6112549901008606,0.1900421380996704,0.4547019600868225,2.075366497039795,0.016353923827409744,2.2398104667663574,0.5795000791549683,,,,,,,,,,,,,,,
,0.00011024999999999998,1469,,,,,,,,,,,,,,,,,,,,,,,,,,,,,,
2,,1469,0.21250538527965546,0.26162639260292053,1.0639090538024902,0.026370475068688393,0.2936209738254547,0.052072156220674515,1.7576857805252075,0.05129074305295944,0.5351764559745789,0.08723831176757812,0.49929720163345337,1.9786756038665771,0.006837041117250919,2.1740691661834717,0.5903894901275635,,,,,,,,,,,,,,,
,0.00011099999999999999,1479,,,,,,,,,,,,,,,,,,,,,,,,,,,,,,
2,,1479,0.2551361918449402,0.23535887897014618,0.8435913324356079,0.02282637730240822,0.27511054277420044,0.05287885665893555,1.8182408809661865,0.05620856210589409,0.5819438099861145,0.1168745756149292,0.4658275544643402,1.9769691228866577,0.009559939615428448,2.205784797668457,0.5705576539039612,,,,,,,,,,,,,,,
,0.00011174999999999999,1489,,,,,,,,,,,,,,,,,,,,,,,,,,,,,,
2,,1489,0.16517165303230286,0.22184786200523376,1.0405068397521973,0.026199428364634514,0.27340176701545715,0.04462656378746033,1.627687692642212,0.05596353858709335,0.5991454720497131,0.13192495703697205,0.47320643067359924,1.9590071439743042,0.009419204667210579,2.1903183460235596,0.5759562253952026,,,,,,,,,,,,,,,
,0.0001125,1499,,,,,,,,,,,,,,,,,,,,,,,,,,,,,,
2,,1499,0.1858818680047989,0.20471417903900146,1.0487016439437866,0.03572969138622284,0.31302154064178467,0.050065942108631134,1.6578904390335083,0.04721534252166748,0.6097438931465149,0.1481637954711914,0.43634599447250366,1.989444375038147,0.008476780727505684,2.105238676071167,0.57195645570755,,,,,,,,,,,,,,,
,0.00011324999999999999,1509,,,,,,,,,,,,,,,,,,,,,,,,,,,,,,
2,,1509,0.2957768142223358,0.17168845236301422,0.917648434638977,0.017676273360848427,0.27176496386528015,0.05235224589705467,1.8056226968765259,0.05463695526123047,0.775879979133606,0.16866372525691986,0.49257707595825195,2.184419870376587,0.01115885004401207,2.2163023948669434,0.5462382435798645,,,,,,,,,,,,,,,
,0.00011399999999999999,1519,,,,,,,,,,,,,,,,,,,,,,,,,,,,,,
2,,1519,0.16748811304569244,0.1842430979013443,0.8592545986175537,0.0066933766938745975,0.25397583842277527,0.051205337047576904,1.6056679487228394,0.05022737383842468,0.4259210526943207,0.08550660312175751,0.4192792475223541,1.6230309009552002,0.009257368743419647,2.191075086593628,0.42839524149894714,,,,,,,,,,,,,,,
,0.00011475,1529,,,,,,,,,,,,,,,,,,,,,,,,,,,,,,
2,,1529,0.17228823900222778,0.18638001382350922,0.9273970723152161,0.006401244550943375,0.2491302788257599,0.043242938816547394,1.555041790008545,0.05450538545846939,0.4364500343799591,0.1567557454109192,0.4563053250312805,1.666220784187317,0.017113029956817627,2.2009739875793457,0.41798967123031616,,,,,,,,,,,,,,,
,0.00011549999999999999,1539,,,,,,,,,,,,,,,,,,,,,,,,,,,,,,
2,,1539,0.2538275122642517,0.20525994896888733,0.984470546245575,0.01493308786302805,0.27074018120765686,0.04379485547542572,1.5811198949813843,0.055589210242033005,0.6463838219642639,0.14495053887367249,0.4593660235404968,1.9663457870483398,0.005876053124666214,2.160041093826294,0.4690884053707123,,,,,,,,,,,,,,,
,0.00011624999999999999,1549,,,,,,,,,,,,,,,,,,,,,,,,,,,,,,
2,,1549,0.1504289209842682,0.18676137924194336,0.9710112810134888,0.015506727620959282,0.24870532751083374,0.05794564262032509,1.4719936847686768,0.033486753702163696,0.36364689469337463,0.07638965547084808,0.42718392610549927,1.57076096534729,0.0068412646651268005,2.2438230514526367,0.5133799314498901,,,,,,,,,,,,,,,
,0.000117,1559,,,,,,,,,,,,,,,,,,,,,,,,,,,,,,
2,,1559,0.18393032252788544,0.17997953295707703,1.0041886568069458,0.021887756884098053,0.27564945816993713,0.03959451615810394,1.4998595714569092,0.042362794280052185,0.5689535737037659,0.13780897855758667,0.49471813440322876,1.8735402822494507,0.012528298422694206,2.2151379585266113,0.5976822972297668,,,,,,,,,,,,,,,
,0.00011774999999999999,1569,,,,,,,,,,,,,,,,,,,,,,,,,,,,,,
2,,1569,0.1964898407459259,0.31904229521751404,1.11196768283844,0.015296517871320248,0.2818887531757355,0.05470965430140495,1.6657038927078247,0.05380205437541008,0.5614808201789856,0.10589873045682907,0.4687683582305908,1.965830683708191,0.005011202767491341,2.153846263885498,0.489655077457428,,,,,,,,,,,,,,,
,0.0001185,1579,,,,,,,,,,,,,,,,,,,,,,,,,,,,,,
2,,1579,0.2682090103626251,0.21523818373680115,1.0757646560668945,0.023785414174199104,0.33168911933898926,0.045987918972969055,1.6314250230789185,0.041213780641555786,0.7307454347610474,0.157344788312912,0.44851112365722656,2.1248176097869873,0.00375350215472281,2.27599835395813,0.5177128314971924,,,,,,,,,,,,,,,
,0.00011925,1589,,,,,,,,,,,,,,,,,,,,,,,,,,,,,,
2,,1589,0.20685222744941711,0.21274617314338684,1.016501784324646,0.024923069402575493,0.30194059014320374,0.0378141887485981,1.541150689125061,0.04034041240811348,0.46191421151161194,0.1730288416147232,0.46766650676727295,1.7782118320465088,0.006452979054301977,2.1698758602142334,0.506461501121521,,,,,,,,,,,,,,,
,0.00011999999999999999,1599,,,,,,,,,,,,,,,,,,,,,,,,,,,,,,
2,,1599,0.21131782233715057,0.1979028433561325,0.8675786852836609,0.017752084881067276,0.25552207231521606,0.04928026720881462,1.5237065553665161,0.041809529066085815,0.5866746306419373,0.18843704462051392,0.44311824440956116,1.8416320085525513,0.011589055880904198,2.170044183731079,0.5079222321510315,,,,,,,,,,,,,,,
,0.00012075,1609,,,,,,,,,,,,,,,,,,,,,,,,,,,,,,
2,,1609,0.20586521923542023,0.17631933093070984,0.875538170337677,0.012348239310085773,0.28958791494369507,0.04018962383270264,1.6152018308639526,0.04134228080511093,0.4205862879753113,0.15378546714782715,0.47154927253723145,1.6917448043823242,0.012493278831243515,2.2424581050872803,0.5172766447067261,,,,,,,,,,,,,,,
,0.0001215,1619,,,,,,,,,,,,,,,,,,,,,,,,,,,,,,
2,,1619,0.20151028037071228,0.17389464378356934,1.03603196144104,0.039024703204631805,0.2518324553966522,0.0502483993768692,1.3957939147949219,0.04601198807358742,0.5086676478385925,0.16569916903972626,0.4696975350379944,1.793196678161621,0.008017665706574917,2.2073397636413574,0.5150895714759827,,,,,,,,,,,,,,,
,0.00012225,1629,,,,,,,,,,,,,,,,,,,,,,,,,,,,,,
2,,1629,0.21555504202842712,0.15558916330337524,1.0515031814575195,0.018171899020671844,0.3247533142566681,0.03891533985733986,1.4031739234924316,0.04279373586177826,0.5002954006195068,0.1265804022550583,0.4573761522769928,1.7744548320770264,0.01813352294266224,2.2657666206359863,0.4923143982887268,,,,,,,,,,,,,,,
,0.00012299999999999998,1639,,,,,,,,,,,,,,,,,,,,,,,,,,,,,,
2,,1639,0.15078133344650269,0.16414976119995117,0.9282679557800293,0.014145604334771633,0.2689625918865204,0.039712924510240555,1.3399690389633179,0.03752985969185829,0.33938178420066833,0.14458872377872467,0.408871591091156,1.4974178075790405,0.017061231657862663,2.2460761070251465,0.48072096705436707,,,,,,,,,,,,,,,
,0.00012374999999999997,1649,,,,,,,,,,,,,,,,,,,,,,,,,,,,,,
2,,1649,0.1800098568201065,0.18956057727336884,0.9759400486946106,0.028469910845160484,0.3175241947174072,0.033332161605358124,1.3463836908340454,0.0399666465818882,0.5521010756492615,0.12258745729923248,0.4658326208591461,1.7818090915679932,0.006919367704540491,2.248457670211792,0.5051442384719849,,,,,,,,,,,,,,,
,0.0001245,1659,,,,,,,,,,,,,,,,,,,,,,,,,,,,,,
2,,1659,0.27638712525367737,0.1877938061952591,0.9821992516517639,0.043891407549381256,0.31474316120147705,0.06666811555624008,1.3524879217147827,0.0714244544506073,0.7150572538375854,0.1312616616487503,0.4818883538246155,2.1042749881744385,0.00975913368165493,2.257585287094116,0.6332101821899414,,,,,,,,,,,,,,,
,0.00012524999999999998,1669,,,,,,,,,,,,,,,,,,,,,,,,,,,,,,
2,,1669,0.2068452686071396,0.16453048586845398,0.9576350450515747,0.02567135915160179,0.24878434836864471,0.037266846746206284,1.3639459609985352,0.04212602972984314,0.5636922717094421,0.12039139866828918,0.4544697105884552,1.7693243026733398,0.009287851862609386,2.2196896076202393,0.4708428382873535,,,,,,,,,,,,,,,
,0.00012599999999999997,1679,,,,,,,,,,,,,,,,,,,,,,,,,,,,,,
2,,1679,0.22001305222511292,0.1624731570482254,0.8107052445411682,0.022539356723427773,0.23684753477573395,0.04962269961833954,1.261283040046692,0.053710997104644775,0.5436236262321472,0.0856299176812172,0.427445650100708,1.672130823135376,0.011886565014719963,2.2197113037109375,0.4149506986141205,,,,,,,,,,,,,,,
,0.00012675,1689,,,,,,,,,,,,,,,,,,,,,,,,,,,,,,
2,,1689,0.17156998813152313,0.2082681655883789,0.9058821797370911,0.01482225488871336,0.24029526114463806,0.05665663257241249,1.3400853872299194,0.03725400194525719,0.500822901725769,0.12052665650844574,0.4663567841053009,1.6857725381851196,0.005681457929313183,2.1244587898254395,0.5052036046981812,,,,,,,,,,,,,,,
,0.00012749999999999998,1699,,,,,,,,,,,,,,,,,,,,,,,,,,,,,,
2,,1699,0.24511244893074036,0.15936684608459473,0.9390270113945007,0.029163286089897156,0.3313044309616089,0.03786259889602661,1.4910615682601929,0.06371375173330307,0.7545301914215088,0.11198163032531738,0.46380311250686646,2.053576707839966,0.007644414436072111,2.288051128387451,0.48811075091362,,,,,,,,,,,,,,,
,0.00012824999999999997,1709,,,,,,,,,,,,,,,,,,,,,,,,,,,,,,
2,,1709,0.11349627375602722,0.1871740221977234,0.894504189491272,0.019960321485996246,0.22612379491329193,0.031490202993154526,1.2516453266143799,0.027737069875001907,0.35256990790367126,0.07898177206516266,0.429202675819397,1.4128949642181396,0.0053315977565944195,2.1600501537323,0.41483959555625916,,,,,,,,,,,,,,,
,0.000129,1719,,,,,,,,,,,,,,,,,,,,,,,,,,,,,,
2,,1719,0.26401475071907043,0.16937978565692902,0.8779376745223999,0.011520862579345703,0.2926315665245056,0.041641369462013245,1.490612506866455,0.06771282851696014,0.8479576110839844,0.1369117647409439,0.4672030508518219,2.123405933380127,0.0033109544310718775,2.2396841049194336,0.49718034267425537,,,,,,,,,,,,,,,
,0.00012974999999999998,1729,,,,,,,,,,,,,,,,,,,,,,,,,,,,,,
2,,1729,0.2572069764137268,0.1473895162343979,0.8640910983085632,0.012432738207280636,0.2602730095386505,0.058272987604141235,1.358324408531189,0.04135527461767197,0.6276780366897583,0.11628513783216476,0.44029757380485535,1.8114317655563354,0.0034796916879713535,2.245112180709839,0.4680369794368744,,,,,,,,,,,,,,,
,0.0001305,1739,,,,,,,,,,,,,,,,,,,,,,,,,,,,,,
2,,1739,0.15416181087493896,0.13295763731002808,0.9668388366699219,0.0364546924829483,0.24139416217803955,0.03044024482369423,1.291038155555725,0.03178216516971588,0.4528360068798065,0.11010804027318954,0.4571491777896881,1.5842463970184326,0.004345863591879606,2.2651565074920654,0.4407925009727478,,,,,,,,,,,,,,,
,0.00013125,1749,,,,,,,,,,,,,,,,,,,,,,,,,,,,,,
2,,1749,0.18963424861431122,0.16744600236415863,0.9443203806877136,0.03532426059246063,0.22697754204273224,0.047358397394418716,1.2179094552993774,0.026783611625432968,0.4315710663795471,0.1369304060935974,0.40222838521003723,1.579471230506897,0.004537017550319433,2.267596483230591,0.5009254217147827,,,,,,,,,,,,,,,
,0.00013199999999999998,1759,,,,,,,,,,,,,,,,,,,,,,,,,,,,,,
2,,1759,0.16505543887615204,0.13628444075584412,1.0103520154953003,0.028395580127835274,0.25897711515426636,0.043922100216150284,1.2656170129776,0.035822123289108276,0.42110854387283325,0.10623300820589066,0.4271931052207947,1.5646650791168213,0.0021731313318014145,2.1380505561828613,0.44178488850593567,,,,,,,,,,,,,,,
,0.00013275,1769,,,,,,,,,,,,,,,,,,,,,,,,,,,,,,
2,,1769,0.15086425840854645,0.17897284030914307,1.0522416830062866,0.024602185934782028,0.2500554621219635,0.04706087335944176,1.2694002389907837,0.028899701312184334,0.32044070959091187,0.1490873247385025,0.43105509877204895,1.4976186752319336,0.004421883728355169,2.164783239364624,0.4819730818271637,,,,,,,,,,,,,,,
,0.0001335,1779,,,,,,,,,,,,,,,,,,,,,,,,,,,,,,
2,,1779,0.16657090187072754,0.21089249849319458,0.8432835936546326,0.01622757501900196,0.27259740233421326,0.043376125395298004,1.400545597076416,0.05252515524625778,0.5805978775024414,0.11612548679113388,0.4578189551830292,1.7779507637023926,0.009732406586408615,2.279850959777832,0.4976126253604889,,,,,,,,,,,,,,,
,0.00013424999999999998,1789,,,,,,,,,,,,,,,,,,,,,,,,,,,,,,
2,,1789,0.19305507838726044,0.17162016034126282,0.8033124208450317,0.03843000531196594,0.2319660186767578,0.04134083539247513,1.1454228162765503,0.048617422580718994,0.5375258922576904,0.14472053945064545,0.4137915074825287,1.6548724174499512,0.009586876258254051,2.260727643966675,0.4835292100906372,,,,,,,,,,,,,,,
,0.000135,1799,,,,,,,,,,,,,,,,,,,,,,,,,,,,,,
2,,1799,0.2221209853887558,0.14097890257835388,0.8836773037910461,0.024424558505415916,0.24574317038059235,0.04302430525422096,1.3249895572662354,0.03975348174571991,0.5004254579544067,0.10006065666675568,0.42839962244033813,1.6460440158843994,0.014844712801277637,2.2348246574401855,0.39718732237815857,,,,,,,,,,,,,,,
,0.00013575,1809,,,,,,,,,,,,,,,,,,,,,,,,,,,,,,
2,,1809,0.12919607758522034,0.14295250177383423,0.8819562792778015,0.024676935747265816,0.24527303874492645,0.024341650307178497,1.0289877653121948,0.0375162810087204,0.4368290603160858,0.10165399312973022,0.46334290504455566,1.4896469116210938,0.006304299924522638,2.175295829772949,0.531005859375,,,,,,,,,,,,,,,
,0.00013649999999999998,1819,,,,,,,,,,,,,,,,,,,,,,,,,,,,,,
2,,1819,0.10102782398462296,0.1636686474084854,0.9574400186538696,0.032289519906044006,0.2548678517341614,0.036641739308834076,1.259103536605835,0.04402836039662361,0.4337916374206543,0.10124534368515015,0.4476545453071594,1.5927575826644897,0.0371219702064991,2.2165746688842773,0.4692707359790802,,,,,,,,,,,,,,,
,0.00013725,1829,,,,,,,,,,,,,,,,,,,,,,,,,,,,,,
2,,1829,0.1602025032043457,0.1675587147474289,0.8328802585601807,0.032877612859010696,0.27674922347068787,0.06256971508264542,1.244673490524292,0.053746048361063004,0.5946732759475708,0.12933319807052612,0.46194562315940857,1.775192379951477,0.007607485633343458,2.133362293243408,0.5528988838195801,,,,,,,,,,,,,,,
,0.000138,1839,,,,,,,,,,,,,,,,,,,,,,,,,,,,,,
2,,1839,0.14541900157928467,0.1558552235364914,0.8713273406028748,0.012407494708895683,0.24633066356182098,0.027758486568927765,1.1145929098129272,0.04144275188446045,0.4782014489173889,0.051543306559324265,0.4247773587703705,1.5587736368179321,0.01834547333419323,2.1896722316741943,0.5504318475723267,,,,,,,,,,,,,,,
,0.00013874999999999998,1849,,,,,,,,,,,,,,,,,,,,,,,,,,,,,,
2,,1849,0.2014828324317932,0.11926756054162979,0.8669664859771729,0.020634468644857407,0.27888089418411255,0.04528619721531868,1.14132559299469,0.04885925352573395,0.5430157780647278,0.11689496040344238,0.42302677035331726,1.6473480463027954,0.006850666366517544,2.2011842727661133,0.465383380651474,,,,,,,,,,,,,,,
,0.0001395,1859,,,,,,,,,,,,,,,,,,,,,,,,,,,,,,
2,,1859,0.19230228662490845,0.15466219186782837,0.8096866607666016,0.01601363532245159,0.22827933728694916,0.029385162517428398,1.1588640213012695,0.033970482647418976,0.43279942870140076,0.12586097419261932,0.44282248616218567,1.4965277910232544,0.008553463965654373,2.207008123397827,0.45115599036216736,,,,,,,,,,,,,,,
,0.00014025,1869,,,,,,,,,,,,,,,,,,,,,,,,,,,,,,
2,,1869,0.16936475038528442,0.153678297996521,0.9541839957237244,0.028350263833999634,0.23339399695396423,0.026630833745002747,1.1470166444778442,0.040077269077301025,0.4472566545009613,0.11121048778295517,0.4445350468158722,1.5752038955688477,0.0065157185308635235,2.378073215484619,0.5219614505767822,,,,,,,,,,,,,,,
,0.00014099999999999998,1879,,,,,,,,,,,,,,,,,,,,,,,,,,,,,,
2,,1879,0.14764662086963654,0.18547207117080688,1.007098913192749,0.00936996191740036,0.23949746787548065,0.03207634389400482,1.0804002285003662,0.041819192469120026,0.482458233833313,0.07737070322036743,0.4531158208847046,1.5996336936950684,0.00703031849116087,2.23600172996521,0.5352422595024109,,,,,,,,,,,,,,,
,0.00014174999999999998,1889,,,,,,,,,,,,,,,,,,,,,,,,,,,,,,
2,,1889,0.22336484491825104,0.11008618026971817,0.688429057598114,0.011803148314356804,0.21588759124279022,0.056237947195768356,0.9957601428031921,0.05014724284410477,0.5244914293289185,0.1195184513926506,0.3971545994281769,1.4990630149841309,0.01213610265403986,2.170297861099243,0.3661661148071289,,,,,,,,,,,,,,,
,0.0001425,1899,,,,,,,,,,,,,,,,,,,,,,,,,,,,,,
2,,1899,0.13946747779846191,0.1817360520362854,0.8970839381217957,0.023738393560051918,0.2734169363975525,0.031933095306158066,1.0411486625671387,0.028907034546136856,0.43690797686576843,0.10934209823608398,0.43732762336730957,1.5222610235214233,0.004329488147050142,2.1719532012939453,0.5611670017242432,,,,,,,,,,,,,,,
,0.00014324999999999999,1909,,,,,,,,,,,,,,,,,,,,,,,,,,,,,,
2,,1909,0.19530406594276428,0.14343813061714172,0.8388497233390808,0.02548859640955925,0.23686309158802032,0.041026271879673004,0.9652981758117676,0.041788846254348755,0.3864433467388153,0.10661965608596802,0.3996104300022125,1.418630838394165,0.013778983615338802,2.1386191844940186,0.42493414878845215,,,,,,,,,,,,,,,
,0.00014399999999999998,1919,,,,,,,,,,,,,,,,,,,,,,,,,,,,,,
2,,1919,0.19268228113651276,0.12097184360027313,0.7587039470672607,0.011783490888774395,0.2188551425933838,0.023275773972272873,1.0290967226028442,0.03490253537893295,0.5103131532669067,0.1471095085144043,0.3912518620491028,1.4625096321105957,0.0054305605590343475,2.240537405014038,0.34598714113235474,,,,,,,,,,,,,,,
,0.00014475,1929,,,,,,,,,,,,,,,,,,,,,,,,,,,,,,
2,,1929,0.15747500956058502,0.1336182802915573,0.8814373016357422,0.015978364273905754,0.22591279447078705,0.03859869763255119,1.082105278968811,0.03150524944067001,0.44140443205833435,0.11827235668897629,0.44113871455192566,1.485722541809082,0.007833492942154408,2.10888934135437,0.4670417308807373,,,,,,,,,,,,,,,
,0.00014549999999999999,1939,,,,,,,,,,,,,,,,,,,,,,,,,,,,,,
2,,1939,0.14440743625164032,0.12730365991592407,0.9502626657485962,0.02910938858985901,0.2599817216396332,0.04032517969608307,0.9486856460571289,0.041289228945970535,0.45424067974090576,0.13231681287288666,0.4494679570198059,1.5425984859466553,0.01365607138723135,2.1881394386291504,0.5467621088027954,,,,,,,,,,,,,,,
,0.00014624999999999998,1949,,,,,,,,,,,,,,,,,,,,,,,,,,,,,,
2,,1949,0.11096315830945969,0.16293981671333313,0.8298541307449341,0.024293847382068634,0.2140975296497345,0.04622877761721611,0.9754065871238708,0.02729884162545204,0.36898231506347656,0.08200809359550476,0.41682925820350647,1.3440146446228027,0.008061365224421024,2.239009141921997,0.43202337622642517,,,,,,,,,,,,,,,
,0.000147,1959,,,,,,,,,,,,,,,,,,,,,,,,,,,,,,
2,,1959,0.1782112568616867,0.16617177426815033,0.8332257866859436,0.010666190646588802,0.20822183787822723,0.025792453438043594,1.0059083700180054,0.03926306217908859,0.36928418278694153,0.07467480003833771,0.3956518769264221,1.3745766878128052,0.008341005071997643,2.2622735500335693,0.44906631112098694,,,,,,,,,,,,,,,
,0.00014774999999999999,1969,,,,,,,,,,,,,,,,,,,,,,,,,,,,,,
2,,1969,0.23635657131671906,0.12758925557136536,0.8243638873100281,0.033168260008096695,0.2720237672328949,0.042672526091337204,1.0310441255569458,0.03786443918943405,0.5447630882263184,0.15021274983882904,0.4481315314769745,1.6568098068237305,0.004803670570254326,2.200436592102051,0.5347527265548706,,,,,,,,,,,,,,,
,0.00014849999999999998,1979,,,,,,,,,,,,,,,,,,,,,,,,,,,,,,
2,,1979,0.1643979400396347,0.13528159260749817,0.9836345314979553,0.018126623705029488,0.2207622528076172,0.029549380764365196,1.0325101613998413,0.0341331884264946,0.42058587074279785,0.11307288706302643,0.421642929315567,1.4919612407684326,0.011479640379548073,2.248622417449951,0.4895056486129761,,,,,,,,,,,,,,,
,0.00014925,1989,,,,,,,,,,,,,,,,,,,,,,,,,,,,,,
2,,1989,0.1672905683517456,0.15935295820236206,0.9280826449394226,0.021099083125591278,0.2331230640411377,0.03235840052366257,1.1088024377822876,0.041316479444503784,0.3764995336532593,0.11509761959314346,0.4130205810070038,1.4470734596252441,0.008710356429219246,2.2798523902893066,0.4070248007774353,,,,,,,,,,,,,,,
,0.00015,1999,,,,,,,,,,,,,,,,,,,,,,,,,,,,,,
2,,1999,0.21345703303813934,0.11998503655195236,0.8303038477897644,0.024933557957410812,0.22179794311523438,0.04991984739899635,0.9828379154205322,0.05300850048661232,0.4879051446914673,0.13353702425956726,0.4619912803173065,1.549058198928833,0.00368657149374485,2.1658008098602295,0.4572100341320038,,,,,,,,,,,,,,,
,0.00015074999999999998,2009,,,,,,,,,,,,,,,,,,,,,,,,,,,,,,
2,,2009,0.23782050609588623,0.12405531108379364,0.7122981548309326,0.026265759021043777,0.28656867146492004,0.04040546342730522,0.9525313377380371,0.05004178732633591,0.8229882717132568,0.14475303888320923,0.40431949496269226,1.8780876398086548,0.011803435161709785,2.1924479007720947,0.507373034954071,,,,,,,,,,,,,,,
,0.0001515,2019,,,,,,,,,,,,,,,,,,,,,,,,,,,,,,
2,,2019,0.1972820907831192,0.137722909450531,0.8459156155586243,0.018657028675079346,0.24979402124881744,0.028624193742871284,1.0538915395736694,0.05298452824354172,0.611277163028717,0.10595547407865524,0.45698082447052,1.7037382125854492,0.014080873690545559,2.149808883666992,0.5057019591331482,,,,,,,,,,,,,,,
,0.00015224999999999996,2029,,,,,,,,,,,,,,,,,,,,,,,,,,,,,,
2,,2029,0.14635321497917175,0.1118229329586029,0.7745092511177063,0.028123894706368446,0.21181514859199524,0.057784754782915115,1.061860203742981,0.05602167174220085,0.39123672246932983,0.10456673800945282,0.39883244037628174,1.39228355884552,0.0038528810255229473,2.208301305770874,0.40009066462516785,,,,,,,,,,,,,,,
,0.00015299999999999998,2039,,,,,,,,,,,,,,,,,,,,,,,,,,,,,,
2,,2039,0.2193382829427719,0.12122988700866699,0.7736210823059082,0.011908459477126598,0.25158604979515076,0.03059622272849083,0.9995612502098083,0.04174300283193588,0.6151458621025085,0.1352335661649704,0.39525291323661804,1.6124916076660156,0.014781471341848373,2.1765685081481934,0.37081673741340637,,,,,,,,,,,,,,,
,0.00015374999999999997,2049,,,,,,,,,,,,,,,,,,,,,,,,,,,,,,
2,,2049,0.1476035863161087,0.1876334697008133,0.8778966069221497,0.01112639531493187,0.22803115844726562,0.03364387899637222,1.0065771341323853,0.05156216025352478,0.4862894117832184,0.11968152225017548,0.42160138487815857,1.5254383087158203,0.006367123685777187,2.189333200454712,0.43374162912368774,,,,,,,,,,,,,,,
,0.0001545,2059,,,,,,,,,,,,,,,,,,,,,,,,,,,,,,
2,,2059,0.23056994378566742,0.09204556792974472,0.7593557238578796,0.04009436443448067,0.26644447445869446,0.03640245273709297,0.9767462611198425,0.051698505878448486,0.616786539554596,0.12645277380943298,0.4087878465652466,1.6538124084472656,0.007554082665592432,2.1985788345336914,0.4268152415752411,,,,,,,,,,,,,,,
,0.00015524999999999998,2069,,,,,,,,,,,,,,,,,,,,,,,,,,,,,,
2,,2069,0.11677177250385284,0.14710408449172974,0.7651424407958984,0.013246357440948486,0.16422027349472046,0.03358075022697449,0.9240034818649292,0.021618623286485672,0.2124669849872589,0.07762701064348221,0.3838267922401428,1.095347285270691,0.003213060088455677,2.2078821659088135,0.4025869369506836,,,,,,,,,,,,,,,
,0.000156,2079,,,,,,,,,,,,,,,,,,,,,,,,,,,,,,
2,,2079,0.17588907480239868,0.12705206871032715,0.7881299257278442,0.02862195484340191,0.21575944125652313,0.07295668870210648,0.9098215699195862,0.034729328006505966,0.37951645255088806,0.10536491870880127,0.42372021079063416,1.3788719177246094,0.010578067041933537,2.178873300552368,0.43933120369911194,,,,,,,,,,,,,,,
2,,2084,,,,,,,,,,,,,,,,0.30639299750328064,0.05770902708172798,0.4805688261985779,0.015256192535161972,0.1538272649049759,0.010868274606764317,0.719385027885437,0.045318737626075745,0.4102697968482971,0.10097825527191162,0.27115410566329956,1.1773110628128052,0.015267301350831985,2.2485921382904053,0.25877833366394043
,0.00015675,2089,,,,,,,,,,,,,,,,,,,,,,,,,,,,,,
3,,2089,0.20471659302711487,0.1278810054063797,0.8644810318946838,0.023571612313389778,0.23607461154460907,0.04392902925610542,1.1340675354003906,0.04152968153357506,0.5746613144874573,0.12592026591300964,0.3965202867984772,1.6434577703475952,0.009171279147267342,2.1798171997070312,0.39658892154693604,,,,,,,,,,,,,,,
,0.00015749999999999998,2099,,,,,,,,,,,,,,,,,,,,,,,,,,,,,,
3,,2099,0.15209399163722992,0.14475032687187195,0.8323934674263,0.011081374250352383,0.25675076246261597,0.03214811161160469,1.0657591819763184,0.04823464900255203,0.5437811613082886,0.10528773814439774,0.4233052432537079,1.586208701133728,0.008267329074442387,2.2169034481048584,0.48007822036743164,,,,,,,,,,,,,,,
,0.00015824999999999997,2109,,,,,,,,,,,,,,,,,,,,,,,,,,,,,,
3,,2109,0.19700203835964203,0.10571294277906418,0.679784893989563,0.021759316325187683,0.21154628694057465,0.03410988673567772,0.8874884247779846,0.04001317173242569,0.48297733068466187,0.10283400118350983,0.3744630217552185,1.4126328229904175,0.024502204731106758,2.0930724143981934,0.38842618465423584,,,,,,,,,,,,,,,
,0.000159,2119,,,,,,,,,,,,,,,,,,,,,,,,,,,,,,
3,,2119,0.1277487426996231,0.10073716193437576,0.7674605250358582,0.013319632969796658,0.18542417883872986,0.03847004100680351,0.8077460527420044,0.02911793626844883,0.3199375867843628,0.10437608510255814,0.410946249961853,1.1787822246551514,0.006971712689846754,2.233092784881592,0.36551570892333984,,,,,,,,,,,,,,,
,0.00015974999999999998,2129,,,,,,,,,,,,,,,,,,,,,,,,,,,,,,
3,,2129,0.1566482037305832,0.2104986160993576,0.8114873170852661,0.018811028450727463,0.21193081140518188,0.028208592906594276,1.0178693532943726,0.04559720307588577,0.4691033363342285,0.12702973186969757,0.4114460051059723,1.5060845613479614,0.004947553388774395,2.134355068206787,0.46252626180648804,,,,,,,,,,,,,,,
,0.0001605,2139,,,,,,,,,,,,,,,,,,,,,,,,,,,,,,
3,,2139,0.172854483127594,0.14269985258579254,0.8506451845169067,0.01310450304299593,0.2525911033153534,0.028404638171195984,1.0150127410888672,0.04672951623797417,0.4556046426296234,0.09925831854343414,0.4513842761516571,1.5171911716461182,0.011541060172021389,2.348860263824463,0.5174727439880371,,,,,,,,,,,,,,,
,0.00016125,2149,,,,,,,,,,,,,,,,,,,,,,,,,,,,,,
3,,2149,0.10340963304042816,0.14417703449726105,0.9256168007850647,0.0294002927839756,0.20858831703662872,0.0339159220457077,0.9537476897239685,0.042538031935691833,0.41928571462631226,0.1157391220331192,0.42152467370033264,1.4148039817810059,0.006146410945802927,2.3195929527282715,0.40388351678848267,,,,,,,,,,,,,,,
,0.000162,2159,,,,,,,,,,,,,,,,,,,,,,,,,,,,,,
3,,2159,0.14174474775791168,0.21886087954044342,0.9084640145301819,0.030421441420912743,0.23812316358089447,0.048936620354652405,1.0102943181991577,0.026853399351239204,0.3799983263015747,0.07518693804740906,0.41243210434913635,1.4408972263336182,0.006049483548849821,2.2987680435180664,0.45427176356315613,,,,,,,,,,,,,,,
,0.00016274999999999997,2169,,,,,,,,,,,,,,,,,,,,,,,,,,,,,,
3,,2169,0.160676971077919,0.13017190992832184,0.75682532787323,0.016112009063363075,0.22086533904075623,0.03142417594790459,0.7710824608802795,0.03540974110364914,0.4352674186229706,0.07912590354681015,0.4070255756378174,1.3463743925094604,0.006226493511348963,2.2933084964752197,0.45643603801727295,,,,,,,,,,,,,,,
,0.0001635,2179,,,,,,,,,,,,,,,,,,,,,,,,,,,,,,
3,,2179,0.13923919200897217,0.1178516149520874,0.7324451208114624,0.017185136675834656,0.22713084518909454,0.033057406544685364,0.8720757365226746,0.024285128340125084,0.35618463158607483,0.059472810477018356,0.4016018509864807,1.2493493556976318,0.005736824590712786,2.057372570037842,0.4296405613422394,,,,,,,,,,,,,,,
,0.00016424999999999998,2189,,,,,,,,,,,,,,,,,,,,,,,,,,,,,,
3,,2189,0.20222362875938416,0.14324620366096497,0.8329656720161438,0.022883620113134384,0.25122585892677307,0.039017077535390854,1.0229846239089966,0.056322816759347916,0.5652048587799072,0.0869828462600708,0.40913891792297363,1.6406407356262207,0.018141452223062515,2.1694395542144775,0.4561719298362732,,,,,,,,,,,,,,,
,0.000165,2199,,,,,,,,,,,,,,,,,,,,,,,,,,,,,,
3,,2199,0.10685744136571884,0.12105157971382141,0.8458627462387085,0.017909690737724304,0.20741385221481323,0.033900242298841476,0.8920850157737732,0.022415123879909515,0.29781144857406616,0.12833261489868164,0.4113255441188812,1.2644314765930176,0.058091457933187485,2.153942584991455,0.3975190222263336,,,,,,,,,,,,,,,
,0.00016575,2209,,,,,,,,,,,,,,,,,,,,,,,,,,,,,,
3,,2209,0.1363917589187622,0.11658230423927307,0.7213698625564575,0.03018113411962986,0.19187939167022705,0.01808842457830906,0.759124755859375,0.026394475251436234,0.3126075565814972,0.13076886534690857,0.4037533402442932,1.1515148878097534,0.006882359739392996,2.2663052082061768,0.32349464297294617,,,,,,,,,,,,,,,
,0.0001665,2219,,,,,,,,,,,,,,,,,,,,,,,,,,,,,,
3,,2219,0.19030047953128815,0.10546775907278061,0.71161288022995,0.014389144256711006,0.18427146971225739,0.03495905175805092,0.8431716561317444,0.03593212366104126,0.4440075755119324,0.10230297595262527,0.3924563527107239,1.3366228342056274,0.012256857939064503,2.181795120239258,0.37012946605682373,,,,,,,,,,,,,,,
,0.00016724999999999997,2229,,,,,,,,,,,,,,,,,,,,,,,,,,,,,,
3,,2229,0.1747599095106125,0.09728416800498962,0.8426247239112854,0.025396663695573807,0.22324678301811218,0.016065029427409172,0.8950893878936768,0.041585251688957214,0.48439183831214905,0.11376599222421646,0.4186289608478546,1.4497486352920532,0.012504209764301777,2.1560285091400146,0.39460769295692444,,,,,,,,,,,,,,,
,0.000168,2239,,,,,,,,,,,,,,,,,,,,,,,,,,,,,,
3,,2239,0.13598749041557312,0.20178787410259247,0.8259024024009705,0.0200617928057909,0.22007684409618378,0.02590552717447281,1.0060919523239136,0.03581862524151802,0.39089375734329224,0.12299280613660812,0.4425479471683502,1.399093508720398,0.0034156576730310917,2.1873364448547363,0.4199011027812958,,,,,,,,,,,,,,,
,0.00016874999999999998,2249,,,,,,,,,,,,,,,,,,,,,,,,,,,,,,
3,,2249,0.1346200853586197,0.11842700093984604,0.8724543452262878,0.03150485083460808,0.21910184621810913,0.030813343822956085,0.8868037462234497,0.029434384778141975,0.3494653105735779,0.11932384967803955,0.40380626916885376,1.3288326263427734,0.011964955367147923,2.2117087841033936,0.4650103747844696,,,,,,,,,,,,,,,
,0.00016949999999999997,2259,,,,,,,,,,,,,,,,,,,,,,,,,,,,,,
3,,2259,0.10910283029079437,0.10572238266468048,0.7592310905456543,0.015578025951981544,0.19769123196601868,0.02521372027695179,0.7433727979660034,0.03498118370771408,0.34665384888648987,0.08443202823400497,0.39579150080680847,1.1810064315795898,0.003452048171311617,2.2541940212249756,0.3867849111557007,,,,,,,,,,,,,,,
,0.00017025,2269,,,,,,,,,,,,,,,,,,,,,,,,,,,,,,
3,,2269,0.1548793613910675,0.1296795904636383,0.7731001377105713,0.012506530620157719,0.23799152672290802,0.026564637199044228,0.9045041799545288,0.05082058906555176,0.49056196212768555,0.1338619887828827,0.41903069615364075,1.463455319404602,0.011741835623979568,2.1968960762023926,0.44597068428993225,,,,,,,,,,,,,,,
,0.00017099999999999998,2279,,,,,,,,,,,,,,,,,,,,,,,,,,,,,,
3,,2279,0.1879207342863083,0.08358772099018097,0.7889583110809326,0.02592332847416401,0.271994411945343,0.02738870307803154,0.9014422297477722,0.04049000144004822,0.6200882196426392,0.10569266974925995,0.45227327942848206,1.611428141593933,0.01119877677410841,2.195894241333008,0.45427513122558594,,,,,,,,,,,,,,,
,0.00017175,2289,,,,,,,,,,,,,,,,,,,,,,,,,,,,,,
3,,2289,0.19055157899856567,0.1481783539056778,0.7286191582679749,0.008962481282651424,0.2507169842720032,0.026153061538934708,0.8723639249801636,0.035967860370874405,0.4801313579082489,0.07612636685371399,0.406827837228775,1.4210249185562134,0.002329146256670356,2.2122459411621094,0.4462328255176544,,,,,,,,,,,,,,,
,0.00017249999999999996,2299,,,,,,,,,,,,,,,,,,,,,,,,,,,,,,
3,,2299,0.18513870239257812,0.12407474964857101,0.752868115901947,0.011195240542292595,0.19652391970157623,0.037612125277519226,0.9069662690162659,0.03482579067349434,0.41556039452552795,0.08058350533246994,0.3868274688720703,1.3255703449249268,0.008266703225672245,2.151071071624756,0.34510260820388794,,,,,,,,,,,,,,,
,0.00017324999999999998,2309,,,,,,,,,,,,,,,,,,,,,,,,,,,,,,
3,,2309,0.16433416306972504,0.10716583579778671,0.7200747728347778,0.022505847737193108,0.23554806411266327,0.04242604225873947,0.8247824311256409,0.04560930281877518,0.5105704665184021,0.12403028458356857,0.4276690185070038,1.4679419994354248,0.004772361367940903,2.127796173095703,0.5099809169769287,,,,,,,,,,,,,,,
,0.00017399999999999997,2319,,,,,,,,,,,,,,,,,,,,,,,,,,,,,,
3,,2319,0.1232055276632309,0.1151568666100502,0.9120863676071167,0.037008803337812424,0.22319212555885315,0.04462988302111626,1.0330795049667358,0.040117595344781876,0.4169328212738037,0.06503888964653015,0.4008852541446686,1.449889063835144,0.01651071198284626,2.1454861164093018,0.4390402138233185,,,,,,,,,,,,,,,
,0.00017475,2329,,,,,,,,,,,,,,,,,,,,,,,,,,,,,,
3,,2329,0.15002906322479248,0.12277965247631073,0.9406626224517822,0.016961589455604553,0.2734731435775757,0.018941430374979973,0.9696157574653625,0.04150896146893501,0.49043431878089905,0.12119238823652267,0.4043533205986023,1.5502824783325195,0.028347864747047424,2.2380526065826416,0.4913738965988159,,,,,,,,,,,,,,,
,0.00017549999999999998,2339,,,,,,,,,,,,,,,,,,,,,,,,,,,,,,
3,,2339,0.11543554067611694,0.1086781844496727,0.7442189455032349,0.029697559773921967,0.2108745127916336,0.026256736367940903,0.6853224039077759,0.019817017018795013,0.25667276978492737,0.14405754208564758,0.40235379338264465,1.1259541511535645,0.03787727281451225,2.236664295196533,0.39392563700675964,,,,,,,,,,,,,,,
,0.00017625,2349,,,,,,,,,,,,,,,,,,,,,,,,,,,,,,
3,,2349,0.16581688821315765,0.11179006099700928,0.7885400056838989,0.03901934623718262,0.2610865831375122,0.027812521904706955,0.8461613655090332,0.058044735342264175,0.5077753663063049,0.10464263707399368,0.448079377412796,1.5264450311660767,0.01096808910369873,2.0799787044525146,0.501401960849762,,,,,,,,,,,,,,,
,0.00017699999999999997,2359,,,,,,,,,,,,,,,,,,,,,,,,,,,,,,
3,,2359,0.15545305609703064,0.08030150085687637,0.7792250514030457,0.015486308373510838,0.19921255111694336,0.022991593927145004,0.7906540632247925,0.03790602833032608,0.38269174098968506,0.09927814453840256,0.362314373254776,1.2505663633346558,0.009760591201484203,2.0909371376037598,0.3826332092285156,,,,,,,,,,,,,,,
,0.00017774999999999998,2369,,,,,,,,,,,,,,,,,,,,,,,,,,,,,,
3,,2369,0.10792098194360733,0.1374834030866623,0.7346002459526062,0.008531734347343445,0.18034453690052032,0.025408031418919563,0.8082644939422607,0.03174976631999016,0.35588157176971436,0.08720052987337112,0.3712628185749054,1.1983489990234375,0.006567743606865406,2.058095693588257,0.39698439836502075,,,,,,,,,,,,,,,
,0.00017849999999999997,2379,,,,,,,,,,,,,,,,,,,,,,,,,,,,,,
3,,2379,0.16584652662277222,0.10073544830083847,0.7063844799995422,0.01849045604467392,0.19443342089653015,0.027614645659923553,0.7813670635223389,0.02678099274635315,0.33273813128471375,0.12045930325984955,0.4095001816749573,1.1968680620193481,0.013675379566848278,2.2556495666503906,0.37441369891166687,,,,,,,,,,,,,,,
,0.00017925,2389,,,,,,,,,,,,,,,,,,,,,,,,,,,,,,
3,,2389,0.195484921336174,0.08141347020864487,0.6844003796577454,0.01759623922407627,0.220798522233963,0.032115597277879715,0.7394478917121887,0.06642557680606842,0.6360721588134766,0.11544106155633926,0.417553186416626,1.547114372253418,0.014548719860613346,2.2822115421295166,0.3996584713459015,,,,,,,,,,,,,,,
,0.00017999999999999998,2399,,,,,,,,,,,,,,,,,,,,,,,,,,,,,,
3,,2399,0.11767814308404922,0.11935880035161972,0.7726236581802368,0.018722323700785637,0.21159018576145172,0.024550149217247963,0.769734263420105,0.019054405391216278,0.2565477192401886,0.13340216875076294,0.35032030940055847,1.1015074253082275,0.005133665632456541,2.0583295822143555,0.3866631090641022,,,,,,,,,,,,,,,
,0.00018075,2409,,,,,,,,,,,,,,,,,,,,,,,,,,,,,,
3,,2409,0.16823647916316986,0.11445753276348114,0.7278215289115906,0.025105729699134827,0.1936812400817871,0.03205333277583122,0.7766039967536926,0.05659695342183113,0.4893960952758789,0.10649001598358154,0.3850191831588745,1.4138355255126953,0.01262760441750288,2.097877264022827,0.43428727984428406,,,,,,,,,,,,,,,
,0.00018149999999999997,2419,,,,,,,,,,,,,,,,,,,,,,,,,,,,,,
3,,2419,0.13129405677318573,0.1039293110370636,0.6629344820976257,0.014291517436504364,0.2061510533094406,0.03263707458972931,0.73906409740448,0.020228926092386246,0.31846630573272705,0.10660473257303238,0.396134614944458,1.133909821510315,0.006320105865597725,2.23549485206604,0.4022127091884613,,,,,,,,,,,,,,,
,0.00018224999999999998,2429,,,,,,,,,,,,,,,,,,,,,,,,,,,,,,
3,,2429,0.14906646311283112,0.14987900853157043,0.8147081136703491,0.011851699091494083,0.24830178916454315,0.021708521991968155,0.8904887437820435,0.04657002538442612,0.43966591358184814,0.10218517482280731,0.4110991954803467,1.4196391105651855,0.0024351596366614103,2.1863725185394287,0.4903978407382965,,,,,,,,,,,,,,,
,0.00018299999999999998,2439,,,,,,,,,,,,,,,,,,,,,,,,,,,,,,
3,,2439,0.16701696813106537,0.09159477055072784,0.7249645590782166,0.02472815290093422,0.23284722864627838,0.02145102433860302,0.6481003165245056,0.037582144141197205,0.3985261917114258,0.10717152059078217,0.41210076212882996,1.268492579460144,0.006630163174122572,2.2287800312042236,0.44643962383270264,,,,,,,,,,,,,,,
,0.00018375,2449,,,,,,,,,,,,,,,,,,,,,,,,,,,,,,
3,,2449,0.16594760119915009,0.11722193658351898,0.7961748838424683,0.03821646422147751,0.1905752569437027,0.03138788789510727,0.882707417011261,0.036713019013404846,0.4458574950695038,0.12419842183589935,0.3917984068393707,1.3869099617004395,0.006324595306068659,2.139880895614624,0.3669305443763733,,,,,,,,,,,,,,,
,0.00018449999999999999,2459,,,,,,,,,,,,,,,,,,,,,,,,,,,,,,
3,,2459,0.1418904960155487,0.09943006187677383,0.7328475713729858,0.027226103469729424,0.17828600108623505,0.025869624689221382,0.6776124835014343,0.024497248232364655,0.36528635025024414,0.06762181222438812,0.3671171963214874,1.1621383428573608,0.00443546986207366,2.0943567752838135,0.3321518003940582,,,,,,,,,,,,,,,
,0.00018525,2469,,,,,,,,,,,,,,,,,,,,,,,,,,,,,,
3,,2469,0.18018364906311035,0.17739515006542206,0.8497899174690247,0.02093636244535446,0.27306854724884033,0.03198385238647461,0.9976600408554077,0.033161964267492294,0.6223275661468506,0.14543847739696503,0.44176560640335083,1.6721709966659546,0.006450045388191938,2.271137237548828,0.4315502643585205,,,,,,,,,,,,,,,
,0.000186,2479,,,,,,,,,,,,,,,,,,,,,,,,,,,,,,
3,,2479,0.23032797873020172,0.18555021286010742,0.8721584677696228,0.03171703219413757,0.27337124943733215,0.022128796204924583,0.8893885016441345,0.035430341958999634,0.6433435678482056,0.1192057877779007,0.41432273387908936,1.718627691268921,0.006950149778276682,2.2897257804870605,0.4921838641166687,,,,,,,,,,,,,,,
,0.00018675,2489,,,,,,,,,,,,,,,,,,,,,,,,,,,,,,
3,,2489,0.14849334955215454,0.12130156904459,0.7578716278076172,0.02548890747129917,0.19365309178829193,0.04703718051314354,0.7657985687255859,0.0448259636759758,0.42163392901420593,0.1221647709608078,0.4012005031108856,1.3373523950576782,0.008459595963358879,2.2350082397460938,0.41622990369796753,,,,,,,,,,,,,,,
,0.00018749999999999998,2499,,,,,,,,,,,,,,,,,,,,,,,,,,,,,,
3,,2499,0.19503936171531677,0.0987500250339508,0.713385283946991,0.02842232584953308,0.24694763123989105,0.0391387976706028,0.6843444108963013,0.045998573303222656,0.5955009460449219,0.1095222607254982,0.39021581411361694,1.5068529844284058,0.008469237014651299,2.2020680904388428,0.4352090060710907,,,,,,,,,,,,,,,
,0.00018824999999999997,2509,,,,,,,,,,,,,,,,,,,,,,,,,,,,,,
3,,2509,0.14093805849552155,0.11496198177337646,0.8409175276756287,0.030236724764108658,0.22409939765930176,0.027692444622516632,0.7098795175552368,0.017622491344809532,0.3028180003166199,0.10421477258205414,0.39792317152023315,1.1954505443572998,0.011788494884967804,2.186117649078369,0.4056597650051117,,,,,,,,,,,,,,,
,0.00018899999999999999,2519,,,,,,,,,,,,,,,,,,,,,,,,,,,,,,
3,,2519,0.18860894441604614,0.07437221705913544,0.638404369354248,0.01828557625412941,0.20560777187347412,0.027224089950323105,0.7259206175804138,0.032273247838020325,0.49728327989578247,0.13417240977287292,0.39637812972068787,1.346247911453247,0.0047305491752922535,2.267756223678589,0.44068291783332825,,,,,,,,,,,,,,,
,0.00018974999999999998,2529,,,,,,,,,,,,,,,,,,,,,,,,,,,,,,
3,,2529,0.20439918339252472,0.09564244747161865,0.7630348801612854,0.022783923894166946,0.2381971925497055,0.046805817633867264,0.849645733833313,0.03592201694846153,0.49797695875167847,0.12627366185188293,0.36986058950424194,1.456529974937439,0.011324888095259666,2.1630566120147705,0.43626144528388977,,,,,,,,,,,,,,,
,0.0001905,2539,,,,,,,,,,,,,,,,,,,,,,,,,,,,,,
3,,2539,0.188108429312706,0.07222919166088104,0.6563535332679749,0.005097916815429926,0.16792108118534088,0.03000085987150669,0.7235543727874756,0.03094160556793213,0.38621118664741516,0.09908341616392136,0.35255166888237,1.1770936250686646,0.01012219488620758,2.161625862121582,0.33875516057014465,,,,,,,,,,,,,,,
,0.00019124999999999996,2549,,,,,,,,,,,,,,,,,,,,,,,,,,,,,,
3,,2549,0.18804903328418732,0.06587929278612137,0.7251834869384766,0.02363911084830761,0.21084089577198029,0.034137435257434845,0.6711127758026123,0.03833375871181488,0.47508925199508667,0.11010462790727615,0.40861740708351135,1.3514325618743896,0.01506488025188446,2.212637424468994,0.4185935854911804,,,,,,,,,,,,,,,
,0.00019199999999999998,2559,,,,,,,,,,,,,,,,,,,,,,,,,,,,,,
3,,2559,0.10466594249010086,0.12688951194286346,0.8148794174194336,0.019456341862678528,0.20505580306053162,0.024887969717383385,0.7379082441329956,0.03708461672067642,0.36059731245040894,0.1337147206068039,0.39366841316223145,1.2350616455078125,0.0069426060654222965,2.1898415088653564,0.3881741166114807,,,,,,,,,,,,,,,
,0.00019274999999999997,2569,,,,,,,,,,,,,,,,,,,,,,,,,,,,,,
3,,2569,0.13287441432476044,0.12665508687496185,0.7724063992500305,0.012965802103281021,0.21837018430233002,0.029696160927414894,0.7621597647666931,0.02527254819869995,0.3396708369255066,0.10376031696796417,0.3863353133201599,1.2090435028076172,0.011314330622553825,2.296971559524536,0.39395755529403687,,,,,,,,,,,,,,,
,0.0001935,2579,,,,,,,,,,,,,,,,,,,,,,,,,,,,,,
3,,2579,0.0800328478217125,0.12899449467658997,0.7274044752120972,0.013591086491942406,0.16191315650939941,0.02102934941649437,0.8163062930107117,0.02379699796438217,0.31142374873161316,0.08785147964954376,0.3411289155483246,1.0941929817199707,0.007840022444725037,2.189922332763672,0.30410799384117126,,,,,,,,,,,,,,,
,0.00019424999999999998,2589,,,,,,,,,,,,,,,,,,,,,,,,,,,,,,
3,,2589,0.15233078598976135,0.11113189160823822,0.6891750693321228,0.014979597181081772,0.2084384262561798,0.014389109797775745,0.7957792282104492,0.02828402817249298,0.29268643260002136,0.08588318526744843,0.4057336151599884,1.127070426940918,0.00669888686388731,2.1668341159820557,0.34924179315567017,,,,,,,,,,,,,,,
,0.000195,2599,,,,,,,,,,,,,,,,,,,,,,,,,,,,,,
3,,2599,0.13547895848751068,0.15689407289028168,0.6608983874320984,0.01036098599433899,0.2064676433801651,0.028185421600937843,0.8378972411155701,0.03474649786949158,0.3798074424266815,0.10356899350881577,0.35918372869491577,1.2265019416809082,0.011665012687444687,2.213658094406128,0.3286649286746979,,,,,,,,,,,,,,,
,0.00019574999999999996,2609,,,,,,,,,,,,,,,,,,,,,,,,,,,,,,
3,,2609,0.17603500187397003,0.12943679094314575,0.7148498892784119,0.011021533980965614,0.19387958943843842,0.035489555448293686,0.7091000080108643,0.03333526849746704,0.38064101338386536,0.06373284012079239,0.36601999402046204,1.2279973030090332,0.004097523633390665,2.1563222408294678,0.394670307636261,,,,,,,,,,,,,,,
,0.00019649999999999998,2619,,,,,,,,,,,,,,,,,,,,,,,,,,,,,,
3,,2619,0.22107362747192383,0.08927759528160095,0.7330410480499268,0.013997627422213554,0.23489704728126526,0.02673165500164032,0.7786594033241272,0.04209086671471596,0.6545271277427673,0.1414392590522766,0.3985327482223511,1.590178370475769,0.00300294510088861,2.1030237674713135,0.47574058175086975,,,,,,,,,,,,,,,
,0.00019724999999999997,2629,,,,,,,,,,,,,,,,,,,,,,,,,,,,,,
3,,2629,0.14633329212665558,0.06615632027387619,0.7043480277061462,0.015332662500441074,0.21573320031166077,0.019195353612303734,0.7441948652267456,0.03237152099609375,0.3532213568687439,0.11511804908514023,0.3557578921318054,1.1705189943313599,0.006762117613106966,2.0581088066101074,0.37966254353523254,,,,,,,,,,,,,,,
,0.000198,2639,,,,,,,,,,,,,,,,,,,,,,,,,,,,,,
3,,2639,0.14732973277568817,0.09813189506530762,0.7708646059036255,0.013287440873682499,0.22040198743343353,0.04630928859114647,0.7110878229141235,0.032259345054626465,0.3964432179927826,0.0900566577911377,0.3746504783630371,1.2614110708236694,0.003827266860753298,2.2115886211395264,0.4231705069541931,,,,,,,,,,,,,,,
,0.00019874999999999998,2649,,,,,,,,,,,,,,,,,,,,,,,,,,,,,,
3,,2649,0.18602554500102997,0.09207157790660858,0.673827052116394,0.0110521474853158,0.21336780488491058,0.028488289564847946,0.5832688808441162,0.034346647560596466,0.4161069095134735,0.09293872863054276,0.38175103068351746,1.2303595542907715,0.002549130702391267,2.2266039848327637,0.4354029893875122,,,,,,,,,,,,,,,
,0.0001995,2659,,,,,,,,,,,,,,,,,,,,,,,,,,,,,,
3,,2659,0.15040847659111023,0.14697451889514923,0.6715043187141418,0.01971411518752575,0.22839385271072388,0.030233845114707947,0.7392910122871399,0.0424799844622612,0.40308770537376404,0.10177376121282578,0.3672526776790619,1.2794395685195923,0.008188826963305473,2.2063910961151123,0.41589558124542236,,,,,,,,,,,,,,,
,0.00020025,2669,,,,,,,,,,,,,,,,,,,,,,,,,,,,,,
3,,2669,0.13569307327270508,0.11207393556833267,0.756877601146698,0.014114411547780037,0.17907533049583435,0.01791800558567047,0.7121037244796753,0.030048731714487076,0.3402865529060364,0.10088087618350983,0.36319899559020996,1.1662886142730713,0.006335712503641844,2.302903175354004,0.3874601721763611,,,,,,,,,,,,,,,
,0.000201,2679,,,,,,,,,,,,,,,,,,,,,,,,,,,,,,
3,,2679,0.1287156045436859,0.12071411311626434,0.6422713994979858,0.007435926236212254,0.2161858230829239,0.025427263230085373,0.7013425827026367,0.03748523071408272,0.37907710671424866,0.08812351524829865,0.42579078674316406,1.2020606994628906,0.004363906569778919,2.149183511734009,0.4263375997543335,,,,,,,,,,,,,,,
,0.00020174999999999997,2689,,,,,,,,,,,,,,,,,,,,,,,,,,,,,,
3,,2689,0.17514370381832123,0.08598250150680542,0.7411515116691589,0.014450661838054657,0.20050285756587982,0.020535729825496674,0.6669111251831055,0.02868938073515892,0.4487874507904053,0.11525384336709976,0.4077299237251282,1.2976956367492676,0.00560279143974185,2.2349541187286377,0.432998925447464,,,,,,,,,,,,,,,
,0.0002025,2699,,,,,,,,,,,,,,,,,,,,,,,,,,,,,,
3,,2699,0.1688390076160431,0.10826939344406128,0.669547975063324,0.012513675726950169,0.23996734619140625,0.017267752438783646,0.6688376069068909,0.03650812804698944,0.4588760435581207,0.1045578271150589,0.3827272653579712,1.2969775199890137,0.002536218846216798,2.127112865447998,0.43295878171920776,,,,,,,,,,,,,,,
,0.00020324999999999998,2709,,,,,,,,,,,,,,,,,,,,,,,,,,,,,,
3,,2709,0.1633293628692627,0.0830158069729805,0.7337095141410828,0.018951518461108208,0.22560502588748932,0.027304943650960922,0.6770906448364258,0.03781311959028244,0.4704662263393402,0.07060395926237106,0.41019874811172485,1.3304153680801392,0.008455402217805386,2.2212865352630615,0.4259617328643799,,,,,,,,,,,,,,,
,0.000204,2719,,,,,,,,,,,,,,,,,,,,,,,,,,,,,,
3,,2719,0.15039435029029846,0.1544913351535797,0.7671492099761963,0.024058332666754723,0.2551996409893036,0.04222570359706879,0.8501616716384888,0.05566481500864029,0.48021888732910156,0.06858097016811371,0.4054664075374603,1.4531116485595703,0.005990392994135618,2.1584479808807373,0.4373568296432495,,,,,,,,,,,,,,,
,0.00020475,2729,,,,,,,,,,,,,,,,,,,,,,,,,,,,,,
3,,2729,0.1091383621096611,0.09960295259952545,0.7163134217262268,0.005432146601378918,0.19453753530979156,0.024686723947525024,0.6888815760612488,0.02109941467642784,0.23259425163269043,0.06480205804109573,0.3863752782344818,1.0074557065963745,0.005044533405452967,2.24350643157959,0.3792918026447296,,,,,,,,,,,,,,,
,0.0002055,2739,,,,,,,,,,,,,,,,,,,,,,,,,,,,,,
3,,2739,0.18384413421154022,0.12433639913797379,0.6430266499519348,0.00819317251443863,0.20864401757717133,0.028286568820476532,0.7225707173347473,0.037835173308849335,0.4130639433860779,0.16019491851329803,0.3616635203361511,1.2511396408081055,0.004454074893146753,2.2329163551330566,0.3657325208187103,,,,,,,,,,,,,,,
,0.00020624999999999997,2749,,,,,,,,,,,,,,,,,,,,,,,,,,,,,,
3,,2749,0.1363651603460312,0.06725244224071503,0.6330117583274841,0.013897388242185116,0.22482378780841827,0.025399040430784225,0.6535069346427917,0.028264280408620834,0.49402105808258057,0.11691681295633316,0.35052168369293213,1.2691562175750732,0.007173365913331509,2.127995729446411,0.40296298265457153,,,,,,,,,,,,,,,
,0.00020699999999999996,2759,,,,,,,,,,,,,,,,,,,,,,,,,,,,,,
3,,2759,0.12389437854290009,0.1575927883386612,0.7014796733856201,0.012220204807817936,0.15844844281673431,0.025877906009554863,0.7207245826721191,0.0189985278993845,0.32817625999450684,0.10236792266368866,0.3398720324039459,1.100263237953186,0.005337629467248917,2.2308247089385986,0.2801351845264435,,,,,,,,,,,,,,,
,0.00020774999999999998,2769,,,,,,,,,,,,,,,,,,,,,,,,,,,,,,
3,,2769,0.24199314415454865,0.0830819308757782,0.6813268065452576,0.021036261692643166,0.23180469870567322,0.03179072588682175,0.67625492811203,0.05397307127714157,0.5381885170936584,0.12487737089395523,0.3932848870754242,1.4528157711029053,0.016116980463266373,2.12196946144104,0.415248841047287,,,,,,,,,,,,,,,
,0.00020849999999999997,2779,,,,,,,,,,,,,,,,,,,,,,,,,,,,,,
3,,2779,0.11670319736003876,0.08604101836681366,0.6672412753105164,0.008962943218648434,0.19681718945503235,0.016320526599884033,0.6597394347190857,0.02864222414791584,0.3233601450920105,0.16262874007225037,0.3296850025653839,1.0757919549942017,0.012777629308402538,2.26033353805542,0.3215928375720978,,,,,,,,,,,,,,,
3,,2779,,,,,,,,,,,,,,,,0.2597677409648895,0.050245851278305054,0.38086238503456116,0.011880045756697655,0.12026010453701019,0.008266447111964226,0.37853750586509705,0.034433238208293915,0.34209686517715454,0.08355224132537842,0.23771275579929352,0.9196659326553345,0.013732927851378918,2.2335968017578125,0.2145797312259674
,0.00020925,2789,,,,,,,,,,,,,,,,,,,,,,,,,,,,,,
4,,2789,0.1286313235759735,0.08018705248832703,0.7582242488861084,0.026366690173745155,0.1669299155473709,0.013012383133172989,0.5865249633789062,0.03196396678686142,0.38239720463752747,0.14050142467021942,0.3530241549015045,1.1727187633514404,0.013869056478142738,2.210921049118042,0.35904741287231445,,,,,,,,,,,,,,,
,0.00020999999999999998,2799,,,,,,,,,,,,,,,,,,,,,,,,,,,,,,
4,,2799,0.13777191936969757,0.07910358905792236,0.6096517443656921,0.027065400034189224,0.1911095380783081,0.022732622921466827,0.6133736371994019,0.016439102590084076,0.34529703855514526,0.09500745683908463,0.38147544860839844,1.0883842706680298,0.0032801530323922634,2.270069122314453,0.3661540746688843,,,,,,,,,,,,,,,
,0.00021074999999999997,2809,,,,,,,,,,,,,,,,,,,,,,,,,,,,,,
4,,2809,0.1017838567495346,0.0971771627664566,0.6861390471458435,0.004678076598793268,0.160573348402977,0.022098945453763008,0.6339215636253357,0.038439199328422546,0.29106852412223816,0.05829182639718056,0.3629757761955261,1.0323368310928345,0.011260290630161762,2.2108685970306396,0.3342472314834595,,,,,,,,,,,,,,,
,0.00021149999999999996,2819,,,,,,,,,,,,,,,,,,,,,,,,,,,,,,
4,,2819,0.05920839682221413,0.11187133938074112,0.6862693428993225,0.004018448293209076,0.1394728571176529,0.008750916458666325,0.5048781633377075,0.012205395847558975,0.1160716861486435,0.053929053246974945,0.38050904870033264,0.7738986015319824,0.00882149487733841,2.2637102603912354,0.34297892451286316,,,,,,,,,,,,,,,
,0.00021224999999999998,2829,,,,,,,,,,,,,,,,,,,,,,,,,,,,,,
4,,2829,0.19027015566825867,0.07759051769971848,0.702537477016449,0.03084082156419754,0.26329752802848816,0.03887226805090904,0.7199167013168335,0.04716844856739044,0.6333895325660706,0.12427333742380142,0.42431002855300903,1.571577548980713,0.0050825513899326324,2.2257180213928223,0.4980695843696594,,,,,,,,,,,,,,,
,0.00021299999999999997,2839,,,,,,,,,,,,,,,,,,,,,,,,,,,,,,
4,,2839,0.1776428520679474,0.07933715730905533,0.7294007539749146,0.023232880979776382,0.22812767326831818,0.028745684772729874,0.6493259072303772,0.039268672466278076,0.49591100215911865,0.12061566859483719,0.4174836575984955,1.378961205482483,0.004594903904944658,2.2285268306732178,0.47083964943885803,,,,,,,,,,,,,,,
,0.00021375,2849,,,,,,,,,,,,,,,,,,,,,,,,,,,,,,
4,,2849,0.18221426010131836,0.0722600594162941,0.7170544266700745,0.02182469330728054,0.23554691672325134,0.011698245070874691,0.6871037483215332,0.050197504460811615,0.5213537216186523,0.13584575057029724,0.3706124722957611,1.403347134590149,0.0072110677137970924,2.135448932647705,0.4554041624069214,,,,,,,,,,,,,,,
,0.00021449999999999998,2859,,,,,,,,,,,,,,,,,,,,,,,,,,,,,,
4,,2859,0.15617872774600983,0.08598227053880692,0.7556445002555847,0.021667281165719032,0.19697603583335876,0.02261345274746418,0.6757578253746033,0.0389137789607048,0.44817960262298584,0.09803317487239838,0.3432772159576416,1.2764973640441895,0.004286205396056175,2.225003242492676,0.37141430377960205,,,,,,,,,,,,,,,
,0.00021525,2869,,,,,,,,,,,,,,,,,,,,,,,,,,,,,,
4,,2869,0.15602099895477295,0.10054657608270645,0.7152081727981567,0.018340595066547394,0.15605281293392181,0.019722644239664078,0.6018832325935364,0.03565087541937828,0.3630828261375427,0.10830647498369217,0.35677647590637207,1.151443600654602,0.00414934940636158,2.171830654144287,0.3682723641395569,,,,,,,,,,,,,,,
,0.00021599999999999996,2879,,,,,,,,,,,,,,,,,,,,,,,,,,,,,,
4,,2879,0.14301654696464539,0.0722631961107254,0.6850477457046509,0.019394196569919586,0.17398306727409363,0.030829807743430138,0.6407800316810608,0.027260305359959602,0.37479764223098755,0.1357007473707199,0.3866526484489441,1.1541727781295776,0.0059499843046069145,2.1337313652038574,0.3468378186225891,,,,,,,,,,,,,,,
,0.00021674999999999998,2889,,,,,,,,,,,,,,,,,,,,,,,,,,,,,,
4,,2889,0.1625923067331314,0.1288479119539261,0.6108078360557556,0.02151259034872055,0.19061753153800964,0.021591799333691597,0.620922327041626,0.03791792318224907,0.4667723774909973,0.06639935076236725,0.3393072783946991,1.237128734588623,0.005815878044813871,2.2084736824035645,0.32510000467300415,,,,,,,,,,,,,,,
,0.00021749999999999997,2899,,,,,,,,,,,,,,,,,,,,,,,,,,,,,,
4,,2899,0.0715513750910759,0.19195255637168884,0.7239584922790527,0.009718846529722214,0.14443720877170563,0.04459109157323837,0.6741989850997925,0.014572326093912125,0.14902661740779877,0.11383756995201111,0.3109903037548065,0.9152959585189819,0.007610160857439041,2.1325628757476807,0.3279849588871002,,,,,,,,,,,,,,,
,0.00021825,2909,,,,,,,,,,,,,,,,,,,,,,,,,,,,,,
4,,2909,0.13863764703273773,0.08530700206756592,0.5715118050575256,0.02454899065196514,0.19736088812351227,0.021224752068519592,0.6565276980400085,0.02468128129839897,0.3267665207386017,0.10809442400932312,0.319961279630661,1.0527358055114746,0.002319610444828868,2.2030863761901855,0.31744375824928284,,,,,,,,,,,,,,,
,0.00021899999999999998,2919,,,,,,,,,,,,,,,,,,,,,,,,,,,,,,
4,,2919,0.11873846501111984,0.1294219046831131,0.6340869069099426,0.010949487797915936,0.16304704546928406,0.0284687802195549,0.6300666332244873,0.03434239327907562,0.30055472254753113,0.09146400541067123,0.3478657603263855,1.0553964376449585,0.02056291699409485,2.2292494773864746,0.30605778098106384,,,,,,,,,,,,,,,
,0.00021975,2929,,,,,,,,,,,,,,,,,,,,,,,,,,,,,,
4,,2929,0.18718968331813812,0.11945090442895889,0.6789038181304932,0.0377652645111084,0.20010587573051453,0.03341490030288696,0.7604053616523743,0.031843408942222595,0.5052884221076965,0.093862384557724,0.4134380519390106,1.387303113937378,0.004407032392919064,2.2130846977233887,0.36450180411338806,,,,,,,,,,,,,,,
,0.00022049999999999997,2939,,,,,,,,,,,,,,,,,,,,,,,,,,,,,,
4,,2939,0.11094272136688232,0.07878070324659348,0.5801734924316406,0.013921868056058884,0.16037870943546295,0.036420613527297974,0.49304458498954773,0.017852308228611946,0.22071115672588348,0.08541734516620636,0.34459489583969116,0.876073956489563,0.005688520148396492,2.106342077255249,0.31188881397247314,,,,,,,,,,,,,,,
,0.00022124999999999998,2949,,,,,,,,,,,,,,,,,,,,,,,,,,,,,,
4,,2949,0.1782006472349167,0.10110217332839966,0.7313342690467834,0.01663101837038994,0.195256769657135,0.0390765480697155,0.7653827667236328,0.03773241117596626,0.48497825860977173,0.10922849178314209,0.35449060797691345,1.3600528240203857,0.005780787207186222,2.084584951400757,0.3966941833496094,,,,,,,,,,,,,,,
,0.00022199999999999998,2959,,,,,,,,,,,,,,,,,,,,,,,,,,,,,,
4,,2959,0.14698591828346252,0.08009768277406693,0.6447741389274597,0.018392307683825493,0.16202084720134735,0.037348419427871704,0.6197300553321838,0.0332517996430397,0.34743204712867737,0.05791022256016731,0.3582248091697693,1.100150465965271,0.010042601265013218,2.283377170562744,0.32541361451148987,,,,,,,,,,,,,,,
,0.00022275,2969,,,,,,,,,,,,,,,,,,,,,,,,,,,,,,
4,,2969,0.14893774688243866,0.07145018130540848,0.6148096323013306,0.005515976343303919,0.17712724208831787,0.021262412890791893,0.50771564245224,0.02061505615711212,0.2947300672531128,0.1372053027153015,0.33823078870773315,0.9792473316192627,0.004388607572764158,2.1309211254119873,0.3214564621448517,,,,,,,,,,,,,,,
,0.00022349999999999998,2979,,,,,,,,,,,,,,,,,,,,,,,,,,,,,,
4,,2979,0.20731736719608307,0.05873434990644455,0.597126305103302,0.018220126628875732,0.21686755120754242,0.03342090919613838,0.6495720148086548,0.04426288604736328,0.5759994983673096,0.17390227317810059,0.37856781482696533,1.3987467288970947,0.004948899615556002,2.1866636276245117,0.37968581914901733,,,,,,,,,,,,,,,
,0.00022425,2989,,,,,,,,,,,,,,,,,,,,,,,,,,,,,,
4,,2989,0.18234477937221527,0.08176852762699127,0.6295920610427856,0.01255857851356268,0.18138933181762695,0.03563207387924194,0.5633561611175537,0.030845675617456436,0.3824681043624878,0.10775221139192581,0.3474355638027191,1.1349776983261108,0.004144611768424511,2.1595757007598877,0.3418363928794861,,,,,,,,,,,,,,,
,0.000225,2999,,,,,,,,,,,,,,,,,,,,,,,,,,,,,,
4,,2999,0.1475033015012741,0.07061351835727692,0.7392567992210388,0.007544550579041243,0.18691502511501312,0.018377525731921196,0.5845577716827393,0.04440668970346451,0.45152637362480164,0.06621710956096649,0.3448723256587982,1.237099289894104,0.0063101751729846,2.1650240421295166,0.4085778594017029,,,,,,,,,,,,,,,
,0.00022574999999999996,3009,,,,,,,,,,,,,,,,,,,,,,,,,,,,,,
4,,3009,0.15423229336738586,0.0722980946302414,0.5323374271392822,0.011244822293519974,0.16314338147640228,0.027793966233730316,0.551963210105896,0.04707138240337372,0.3961004316806793,0.1087944507598877,0.3440139591693878,1.0943183898925781,0.008093057200312614,2.1674928665161133,0.2942548990249634,,,,,,,,,,,,,,,
,0.00022649999999999998,3019,,,,,,,,,,,,,,,,,,,,,,,,,,,,,,
4,,3019,0.12011221051216125,0.07968662679195404,0.6763676404953003,0.017288099974393845,0.18386715650558472,0.014409499242901802,0.5681678056716919,0.022252103313803673,0.30977439880371094,0.1036633625626564,0.3824733793735504,1.0563607215881348,0.007935503497719765,2.1101083755493164,0.3900395631790161,,,,,,,,,,,,,,,
,0.00022724999999999997,3029,,,,,,,,,,,,,,,,,,,,,,,,,,,,,,
4,,3029,0.14687727391719818,0.05556543543934822,0.5411186218261719,0.004106472246348858,0.1733190417289734,0.044445935636758804,0.5923641920089722,0.02917848527431488,0.3794904053211212,0.12570269405841827,0.34553155303001404,1.0857136249542236,0.00784181710332632,2.2070651054382324,0.35163524746894836,,,,,,,,,,,,,,,
,0.00022799999999999999,3039,,,,,,,,,,,,,,,,,,,,,,,,,,,,,,
4,,3039,0.0987236499786377,0.08772328495979309,0.5949845314025879,0.005636581219732761,0.1436534970998764,0.019184136763215065,0.5534674525260925,0.024482695385813713,0.2676032483577728,0.1253097951412201,0.349849671125412,0.9432747960090637,0.012544209137558937,2.2019803524017334,0.32474300265312195,,,,,,,,,,,,,,,
,0.00022874999999999998,3049,,,,,,,,,,,,,,,,,,,,,,,,,,,,,,
4,,3049,0.1566011756658554,0.09933499246835709,0.6734938621520996,0.011825830675661564,0.1536223590373993,0.0382152758538723,0.673078179359436,0.01832914538681507,0.33895260095596313,0.07476939260959625,0.3200896978378296,1.0838525295257568,0.005441567860543728,2.234131097793579,0.2940152883529663,,,,,,,,,,,,,,,
,0.0002295,3059,,,,,,,,,,,,,,,,,,,,,,,,,,,,,,
4,,3059,0.18684813380241394,0.07258465886116028,0.7074394226074219,0.01752113178372383,0.1919458955526352,0.0201907679438591,0.6536833047866821,0.0378844328224659,0.42784667015075684,0.09115004539489746,0.3728501796722412,1.2450798749923706,0.008346951566636562,2.107028007507324,0.36348557472229004,,,,,,,,,,,,,,,
,0.00023024999999999996,3069,,,,,,,,,,,,,,,,,,,,,,,,,,,,,,
4,,3069,0.08755099028348923,0.0686768889427185,0.6249459981918335,0.01777423545718193,0.15065716207027435,0.012373818084597588,0.5572218894958496,0.014160575345158577,0.21396270394325256,0.09467832744121552,0.35437706112861633,0.883370578289032,0.005896736867725849,2.2241015434265137,0.34870821237564087,,,,,,,,,,,,,,,
,0.00023099999999999998,3079,,,,,,,,,,,,,,,,,,,,,,,,,,,,,,
4,,3079,0.11244796961545944,0.11645632237195969,0.6153811812400818,0.010412514209747314,0.15525034070014954,0.033919814974069595,0.5482362508773804,0.026808448135852814,0.2770388126373291,0.11947658658027649,0.3385202884674072,0.9731995463371277,0.007106303237378597,2.277146339416504,0.28651806712150574,,,,,,,,,,,,,,,
,0.00023174999999999997,3089,,,,,,,,,,,,,,,,,,,,,,,,,,,,,,
4,,3089,0.11268918961286545,0.09390991926193237,0.6626811027526855,0.010976986959576607,0.16952292621135712,0.01743563823401928,0.5469185709953308,0.04190869629383087,0.2899501919746399,0.10255659371614456,0.3731493651866913,1.0219272375106812,0.007399943191558123,2.1923558712005615,0.33712366223335266,,,,,,,,,,,,,,,
,0.00023249999999999999,3099,,,,,,,,,,,,,,,,,,,,,,,,,,,,,,
4,,3099,0.12400595098733902,0.11953746527433395,0.7106096744537354,0.014682016335427761,0.19799233973026276,0.019979165866971016,0.6888936161994934,0.03563492000102997,0.42696288228034973,0.12564826011657715,0.3544110357761383,1.2480967044830322,0.004281921312212944,2.1981632709503174,0.4069787859916687,,,,,,,,,,,,,,,
,0.00023324999999999998,3109,,,,,,,,,,,,,,,,,,,,,,,,,,,,,,
4,,3109,0.13732196390628815,0.07230103015899658,0.5389477014541626,0.020580651238560677,0.1514710932970047,0.019333144649863243,0.49385523796081543,0.022596105933189392,0.2903476059436798,0.10649412125349045,0.3438710570335388,0.9428207278251648,0.010155699215829372,2.2843332290649414,0.28042832016944885,,,,,,,,,,,,,,,
,0.000234,3119,,,,,,,,,,,,,,,,,,,,,,,,,,,,,,
4,,3119,0.14775733649730682,0.09800028800964355,0.5973032712936401,0.02345292456448078,0.17021559178829193,0.031393326818943024,0.5700405240058899,0.03073727712035179,0.3237048387527466,0.08981930464506149,0.3424515128135681,1.0576276779174805,0.004249943885952234,2.1308348178863525,0.33496347069740295,,,,,,,,,,,,,,,
,0.00023474999999999996,3129,,,,,,,,,,,,,,,,,,,,,,,,,,,,,,
4,,3129,0.09137652814388275,0.09979569911956787,0.6384865045547485,0.00937095656991005,0.17081184685230255,0.01878933422267437,0.5436778664588928,0.020455077290534973,0.2118210643529892,0.10264672338962555,0.35278528928756714,0.9011110067367554,0.002380247227847576,2.151277542114258,0.35319992899894714,,,,,,,,,,,,,,,
,0.00023549999999999998,3139,,,,,,,,,,,,,,,,,,,,,,,,,,,,,,
4,,3139,0.1377721130847931,0.06479824334383011,0.6576889753341675,0.017650850117206573,0.21709437668323517,0.01737733744084835,0.5503545999526978,0.029447056353092194,0.371347576379776,0.09369078278541565,0.3859616219997406,1.1217560768127441,0.0024788829032331705,2.2478652000427246,0.38974225521087646,,,,,,,,,,,,,,,
,0.00023624999999999997,3149,,,,,,,,,,,,,,,,,,,,,,,,,,,,,,
4,,3149,0.15333305299282074,0.08401988446712494,0.7027181386947632,0.02205388993024826,0.18748103082180023,0.025128666311502457,0.6036058068275452,0.04253104329109192,0.3690485954284668,0.07159271836280823,0.3449631929397583,1.1558705568313599,0.007341771852225065,2.161735773086548,0.34579238295555115,,,,,,,,,,,,,,,
,0.000237,3159,,,,,,,,,,,,,,,,,,,,,,,,,,,,,,
4,,3159,0.1077745333313942,0.07572373002767563,0.571629524230957,0.01132136769592762,0.17248189449310303,0.027286216616630554,0.4521103799343109,0.03325347602367401,0.2542133629322052,0.06442800909280777,0.3670591711997986,0.906784176826477,0.0035843094810843468,2.1845450401306152,0.31959643959999084,,,,,,,,,,,,,,,
,0.00023774999999999998,3169,,,,,,,,,,,,,,,,,,,,,,,,,,,,,,
4,,3169,0.1229194924235344,0.07555200159549713,0.6514069437980652,0.0197755116969347,0.161507710814476,0.015533100813627243,0.5119757056236267,0.019401784986257553,0.30034106969833374,0.10822287201881409,0.33867383003234863,0.9811395406723022,0.0024028136394917965,2.1144955158233643,0.3067004382610321,,,,,,,,,,,,,,,
,0.0002385,3179,,,,,,,,,,,,,,,,,,,,,,,,,,,,,,
4,,3179,0.14054584503173828,0.0802898108959198,0.6390717029571533,0.009513629600405693,0.1751551479101181,0.03964145854115486,0.6013728976249695,0.0465373732149601,0.4200589656829834,0.11647580564022064,0.3607467710971832,1.1913676261901855,0.026758281514048576,2.1306495666503906,0.30271831154823303,,,,,,,,,,,,,,,
,0.00023925,3189,,,,,,,,,,,,,,,,,,,,,,,,,,,,,,
4,,3189,0.11398777365684509,0.0833076760172844,0.5660181045532227,0.019870426505804062,0.15759994089603424,0.023998422548174858,0.49628299474716187,0.02756664529442787,0.29743680357933044,0.08849401772022247,0.3254048824310303,0.9457037448883057,0.0026076880749315023,2.198214530944824,0.2809158265590668,,,,,,,,,,,,,,,
,0.00023999999999999998,3199,,,,,,,,,,,,,,,,,,,,,,,,,,,,,,
4,,3199,0.1803666204214096,0.07689213752746582,0.6181603074073792,0.007124049589037895,0.1860910803079605,0.0158376507461071,0.5642273426055908,0.04328152909874916,0.434329628944397,0.060013994574546814,0.366353839635849,1.1750692129135132,0.004261634778231382,2.150357723236084,0.33970940113067627,,,,,,,,,,,,,,,
,0.00024074999999999997,3209,,,,,,,,,,,,,,,,,,,,,,,,,,,,,,
4,,3209,0.12105336040258408,0.08900652080774307,0.595192551612854,0.013556014746427536,0.15484094619750977,0.02098875492811203,0.5258359909057617,0.01596914604306221,0.25217899680137634,0.04497639462351799,0.3550508916378021,0.9178195595741272,0.0018730987794697285,2.218799591064453,0.33711692690849304,,,,,,,,,,,,,,,
,0.0002415,3219,,,,,,,,,,,,,,,,,,,,,,,,,,,,,,
4,,3219,0.10481007397174835,0.09586227685213089,0.6220751404762268,0.01517267245799303,0.17195555567741394,0.025045040994882584,0.5806776285171509,0.02104296162724495,0.35860735177993774,0.07933731377124786,0.3333105742931366,1.0516772270202637,0.006033031269907951,2.186936378479004,0.31401732563972473,,,,,,,,,,,,,,,
,0.00024224999999999998,3229,,,,,,,,,,,,,,,,,,,,,,,,,,,,,,
4,,3229,0.11918005347251892,0.08139141649007797,0.7065258622169495,0.014652940444648266,0.18688327074050903,0.013905908912420273,0.6380706429481506,0.02616170421242714,0.32465893030166626,0.1122954711318016,0.360255628824234,1.0889564752578735,0.002742493525147438,2.1837575435638428,0.38183021545410156,,,,,,,,,,,,,,,
,0.000243,3239,,,,,,,,,,,,,,,,,,,,,,,,,,,,,,
4,,3239,0.09937029331922531,0.12647661566734314,0.5970816612243652,0.00825901422649622,0.1605186015367508,0.025001177564263344,0.625821590423584,0.023579906672239304,0.25907865166664124,0.110185906291008,0.3190922141075134,0.964152991771698,0.01129975076764822,2.289233446121216,0.3103449046611786,,,,,,,,,,,,,,,
,0.00024375,3249,,,,,,,,,,,,,,,,,,,,,,,,,,,,,,
4,,3249,0.14273186028003693,0.0674203634262085,0.6016055345535278,0.015545237809419632,0.15769121050834656,0.028869077563285828,0.5735146999359131,0.030579352751374245,0.46096229553222656,0.11581074446439743,0.34143778681755066,1.1707274913787842,0.0030652887653559446,2.1018519401550293,0.32954806089401245,,,,,,,,,,,,,,,
,0.0002445,3259,,,,,,,,,,,,,,,,,,,,,,,,,,,,,,
4,,3259,0.07461589574813843,0.11962533742189407,0.7696951031684875,0.015516204759478569,0.1549302190542221,0.007013646420091391,0.5717307329177856,0.01123732142150402,0.15107056498527527,0.06360527127981186,0.35268667340278625,0.8593770265579224,0.004647465888410807,2.1634361743927,0.3186284899711609,,,,,,,,,,,,,,,
,0.00024524999999999997,3269,,,,,,,,,,,,,,,,,,,,,,,,,,,,,,
4,,3269,0.16173867881298065,0.07430467754602432,0.6045971512794495,0.019428890198469162,0.16675980389118195,0.022127699106931686,0.608557939529419,0.03161775693297386,0.38063016533851624,0.1000148355960846,0.340154767036438,1.1211202144622803,0.00817393884062767,2.1557254791259766,0.33790847659111023,,,,,,,,,,,,,,,
,0.00024599999999999996,3279,,,,,,,,,,,,,,,,,,,,,,,,,,,,,,
4,,3279,0.18223239481449127,0.08285365253686905,0.6593190431594849,0.028601333498954773,0.21562373638153076,0.02958623692393303,0.6006645560264587,0.024565938860177994,0.40339550375938416,0.11622456461191177,0.3819388747215271,1.2149507999420166,0.003241974161937833,2.2002577781677246,0.4013534188270569,,,,,,,,,,,,,,,
,0.00024675,3289,,,,,,,,,,,,,,,,,,,,,,,,,,,,,,
4,,3289,0.15602891147136688,0.08693177998065948,0.5637959241867065,0.01970616728067398,0.16623611748218536,0.02155248448252678,0.5545586347579956,0.04009773209691048,0.37241387367248535,0.10624394565820694,0.33399534225463867,1.0825862884521484,0.0053080786019563675,2.1411476135253906,0.2980797290802002,,,,,,,,,,,,,,,
,0.00024749999999999994,3299,,,,,,,,,,,,,,,,,,,,,,,,,,,,,,
4,,3299,0.18644939363002777,0.07807020843029022,0.6049782037734985,0.020363666117191315,0.18702158331871033,0.0199180506169796,0.4999315142631531,0.03522477298974991,0.5022521018981934,0.12662486732006073,0.3576882481575012,1.2488081455230713,0.006010815966874361,2.1081900596618652,0.3559396266937256,,,,,,,,,,,,,,,
,0.00024825,3309,,,,,,,,,,,,,,,,,,,,,,,,,,,,,,
4,,3309,0.11640166491270065,0.06249937042593956,0.6692058444023132,0.013758989982306957,0.13464924693107605,0.01201433502137661,0.48506826162338257,0.02423756755888462,0.25130900740623474,0.06843965500593185,0.35639336705207825,0.9106647968292236,0.006572355981916189,2.1129539012908936,0.294477641582489,,,,,,,,,,,,,,,
,0.000249,3319,,,,,,,,,,,,,,,,,,,,,,,,,,,,,,
4,,3319,0.1562541127204895,0.08668829500675201,0.6948097348213196,0.02017582580447197,0.21060669422149658,0.02216833457350731,0.5635677576065063,0.026024334132671356,0.4200562834739685,0.0972147062420845,0.3590174913406372,1.2030473947525024,0.009941475465893745,2.1390020847320557,0.3819692134857178,,,,,,,,,,,,,,,
,0.00024974999999999997,3329,,,,,,,,,,,,,,,,,,,,,,,,,,,,,,
4,,3329,0.10021258145570755,0.06517224758863449,0.5631664991378784,0.008254173211753368,0.13764728605747223,0.018515819683670998,0.453504353761673,0.019130650907754898,0.2598663568496704,0.04947245493531227,0.31321030855178833,0.854236364364624,0.009456118568778038,2.141075849533081,0.2843171954154968,,,,,,,,,,,,,,,
,0.00025049999999999996,3339,,,,,,,,,,,,,,,,,,,,,,,,,,,,,,
4,,3339,0.1334247887134552,0.08250588178634644,0.660183310508728,0.013258429244160652,0.21129834651947021,0.02740752324461937,0.5759243965148926,0.02066120132803917,0.4009361267089844,0.0958678349852562,0.3836567997932434,1.1433863639831543,0.0012265885015949607,2.177696704864502,0.3597111999988556,,,,,,,,,,,,,,,
,0.00025125,3349,,,,,,,,,,,,,,,,,,,,,,,,,,,,,,
4,,3349,0.13154056668281555,0.07862517982721329,0.6420559287071228,0.015880266204476357,0.1807495504617691,0.023755045607686043,0.485122948884964,0.01637287251651287,0.3651072084903717,0.07264187186956406,0.35850989818573,1.0530998706817627,0.0036637817975133657,2.265735149383545,0.33764922618865967,,,,,,,,,,,,,,,
,0.00025199999999999995,3359,,,,,,,,,,,,,,,,,,,,,,,,,,,,,,
4,,3359,0.09890464693307877,0.05952351912856102,0.6098996996879578,0.006842637434601784,0.15030477941036224,0.013804146088659763,0.46031132340431213,0.03290591016411781,0.27239832282066345,0.07834548503160477,0.3249855935573578,0.9100784659385681,0.007237258367240429,2.144315481185913,0.32719218730926514,,,,,,,,,,,,,,,
,0.00025275,3369,,,,,,,,,,,,,,,,,,,,,,,,,,,,,,
4,,3369,0.09317103773355484,0.0844481885433197,0.5648325085639954,0.017208104953169823,0.16449163854122162,0.026184111833572388,0.534960925579071,0.028746485710144043,0.2793217897415161,0.09005987644195557,0.3402332663536072,0.9502214789390564,0.0047643426805734634,2.2042739391326904,0.33618485927581787,,,,,,,,,,,,,,,
,0.0002535,3379,,,,,,,,,,,,,,,,,,,,,,,,,,,,,,
4,,3379,0.11927653849124908,0.07578802108764648,0.5928265452384949,0.011138894595205784,0.18942254781723022,0.013311954215168953,0.5622943639755249,0.02628403902053833,0.30724552273750305,0.06386019289493561,0.38037359714508057,1.0243124961853027,0.0052852691151201725,2.208761215209961,0.42106103897094727,,,,,,,,,,,,,,,
,0.00025425,3389,,,,,,,,,,,,,,,,,,,,,,,,,,,,,,
4,,3389,0.17784057557582855,0.07635495066642761,0.6071236729621887,0.013483748771250248,0.2319006770849228,0.029019787907600403,0.6449658870697021,0.03528536856174469,0.489277184009552,0.13314299285411835,0.3603515028953552,1.2902401685714722,0.00808585062623024,2.1144630908966064,0.3891345262527466,,,,,,,,,,,,,,,
,0.00025499999999999996,3399,,,,,,,,,,,,,,,,,,,,,,,,,,,,,,
4,,3399,0.1262381672859192,0.07283616065979004,0.6595529317855835,0.033414583653211594,0.1836666315793991,0.028190070763230324,0.5734838843345642,0.04029979929327965,0.4282621145248413,0.08760388195514679,0.36607861518859863,1.182186245918274,0.005464464426040649,2.1541030406951904,0.3162897527217865,,,,,,,,,,,,,,,
,0.00025575,3409,,,,,,,,,,,,,,,,,,,,,,,,,,,,,,
4,,3409,0.1927383691072464,0.07269212603569031,0.5891585350036621,0.0065199946984648705,0.1820158064365387,0.03916974738240242,0.5595850944519043,0.025926310569047928,0.39988836646080017,0.0783795639872551,0.35277122259140015,1.1392134428024292,0.012825901620090008,2.187467575073242,0.34854280948638916,,,,,,,,,,,,,,,
,0.00025649999999999995,3419,,,,,,,,,,,,,,,,,,,,,,,,,,,,,,
4,,3419,0.12436733394861221,0.06943953782320023,0.6527011394500732,0.030397657305002213,0.16726398468017578,0.025471460074186325,0.48687177896499634,0.022711480036377907,0.3398652672767639,0.10303375869989395,0.36108654737472534,1.0568019151687622,0.010410702787339687,2.1714212894439697,0.34568294882774353,,,,,,,,,,,,,,,
,0.00025725,3429,,,,,,,,,,,,,,,,,,,,,,,,,,,,,,
4,,3429,0.08174025267362595,0.08727001398801804,0.6059781908988953,0.010540086776018143,0.16377747058868408,0.019289065152406693,0.5048488974571228,0.016945302486419678,0.24918314814567566,0.06283525377511978,0.35109809041023254,0.8989229202270508,0.0030767382122576237,2.194054126739502,0.35053345561027527,,,,,,,,,,,,,,,
,0.000258,3439,,,,,,,,,,,,,,,,,,,,,,,,,,,,,,
4,,3439,0.1100289449095726,0.06401581317186356,0.5882536768913269,0.010090555995702744,0.13159000873565674,0.017257865518331528,0.43181729316711426,0.016181064769625664,0.17178194224834442,0.0962415337562561,0.3491199314594269,0.7906447649002075,0.0013959783827885985,2.1258630752563477,0.33452439308166504,,,,,,,,,,,,,,,
,0.00025875,3449,,,,,,,,,,,,,,,,,,,,,,,,,,,,,,
4,,3449,0.1229095607995987,0.06968256831169128,0.6557098627090454,0.011718617752194405,0.21171213686466217,0.01582428812980652,0.48284879326820374,0.02079644426703453,0.3068489134311676,0.10323602706193924,0.34949806332588196,1.01015305519104,0.006964829284697771,2.1336734294891357,0.36948657035827637,,,,,,,,,,,,,,,
,0.00025949999999999997,3459,,,,,,,,,,,,,,,,,,,,,,,,,,,,,,
4,,3459,0.0873301699757576,0.0660056322813034,0.5363873839378357,0.005967439617961645,0.15619990229606628,0.007922467775642872,0.44678711891174316,0.018619654700160027,0.2486983686685562,0.08242551982402802,0.31191781163215637,0.8140501976013184,0.0032736172433942556,2.216346263885498,0.25684037804603577,,,,,,,,,,,,,,,
,0.00026025,3469,,,,,,,,,,,,,,,,,,,,,,,,,,,,,,
4,,3469,0.15751582384109497,0.08389335870742798,0.6115449070930481,0.0318656861782074,0.17598724365234375,0.021684028208255768,0.4868770241737366,0.026560109108686447,0.32195916771888733,0.06086548790335655,0.3442671298980713,1.0499145984649658,0.030915649607777596,2.1894946098327637,0.2943134903907776,,,,,,,,,,,,,,,
4,,3474,,,,,,,,,,,,,,,,0.2210874706506729,0.03282792121171951,0.33963891863822937,0.00908571109175682,0.09622487425804138,0.004404638893902302,0.28060197830200195,0.029120802879333496,0.2783900201320648,0.0806940346956253,0.20522907376289368,0.757678747177124,0.010518370196223259,2.250596046447754,0.1847943365573883
,0.000261,3479,,,,,,,,,,,,,,,,,,,,,,,,,,,,,,
5,,3479,0.14463549852371216,0.07114160060882568,0.6011812090873718,0.009976050816476345,0.16621139645576477,0.024851717054843903,0.5190970301628113,0.021976105868816376,0.33251744508743286,0.11206748336553574,0.34531593322753906,1.0293318033218384,0.01695122942328453,2.107372283935547,0.32385316491127014,,,,,,,,,,,,,,,
,0.00026175,3489,,,,,,,,,,,,,,,,,,,,,,,,,,,,,,
5,,3489,0.1000123918056488,0.07539313286542892,0.6200414299964905,0.020698122680187225,0.1549241542816162,0.019604574888944626,0.48757991194725037,0.014888144098222256,0.21797165274620056,0.09382954239845276,0.3605358302593231,0.880580723285675,0.004770489409565926,2.281895160675049,0.3315548598766327,,,,,,,,,,,,,,,
,0.0002625,3499,,,,,,,,,,,,,,,,,,,,,,,,,,,,,,
5,,3499,0.1134418323636055,0.17103657126426697,0.6743082404136658,0.027761828154325485,0.16891179978847504,0.03319321572780609,0.5857925415039062,0.032084304839372635,0.2492413967847824,0.07165367901325226,0.38270866870880127,1.053178071975708,0.004016888793557882,2.169529676437378,0.4002770781517029,,,,,,,,,,,,,,,
,0.00026325,3509,,,,,,,,,,,,,,,,,,,,,,,,,,,,,,
5,,3509,0.1461549699306488,0.059183359146118164,0.5228131413459778,0.007027752231806517,0.19681811332702637,0.0220550075173378,0.4676274359226227,0.03585886210203171,0.4368061423301697,0.08546416461467743,0.3784409463405609,1.11798095703125,0.0030376981012523174,2.2096853256225586,0.38669684529304504,,,,,,,,,,,,,,,
,0.00026399999999999997,3519,,,,,,,,,,,,,,,,,,,,,,,,,,,,,,
5,,3519,0.16994354128837585,0.08014566451311111,0.6368699669837952,0.022670159116387367,0.20332475006580353,0.02684754878282547,0.5312378406524658,0.04164351522922516,0.42040759325027466,0.09677837044000626,0.3632722496986389,1.1955214738845825,0.006504357792437077,2.216283082962036,0.3732302486896515,,,,,,,,,,,,,,,
,0.00026474999999999996,3529,,,,,,,,,,,,,,,,,,,,,,,,,,,,,,
5,,3529,0.08098363131284714,0.08180047571659088,0.6136324405670166,0.011418732814490795,0.1551106721162796,0.018253302201628685,0.4724886417388916,0.01918770745396614,0.2441231906414032,0.08558506518602371,0.3534199893474579,0.8835361003875732,0.0032359538599848747,2.2160301208496094,0.32906821370124817,,,,,,,,,,,,,,,
,0.0002655,3539,,,,,,,,,,,,,,,,,,,,,,,,,,,,,,
5,,3539,0.16587287187576294,0.11388038843870163,0.6425676345825195,0.012995059601962566,0.1786285936832428,0.02536093257367611,0.7158288359642029,0.03268484026193619,0.3781479597091675,0.11324721574783325,0.33947673439979553,1.1711289882659912,0.002732327440753579,2.2114272117614746,0.34044262766838074,,,,,,,,,,,,,,,
,0.00026624999999999994,3549,,,,,,,,,,,,,,,,,,,,,,,,,,,,,,
5,,3549,0.15239670872688293,0.1436135470867157,0.7095398902893066,0.014420706778764725,0.18294881284236908,0.029357323423027992,0.6279749274253845,0.021835902705788612,0.33500006794929504,0.07145237922668457,0.34623533487319946,1.1395167112350464,0.003472893498837948,2.16208815574646,0.40302276611328125,,,,,,,,,,,,,,,
,0.000267,3559,,,,,,,,,,,,,,,,,,,,,,,,,,,,,,
5,,3559,0.14333848655223846,0.07160874456167221,0.5835537314414978,0.02280394174158573,0.18070955574512482,0.021800007671117783,0.507830798625946,0.027144506573677063,0.3840942978858948,0.1270652711391449,0.35202884674072266,1.0903785228729248,0.0049704089760780334,2.167922258377075,0.34495264291763306,,,,,,,,,,,,,,,
,0.00026775,3569,,,,,,,,,,,,,,,,,,,,,,,,,,,,,,
5,,3569,0.10613332688808441,0.06891672313213348,0.6082513332366943,0.00763061223551631,0.14784453809261322,0.020840570330619812,0.48228707909584045,0.02453373372554779,0.2923550605773926,0.06316068768501282,0.3681141138076782,0.952555239200592,0.00920959934592247,2.3491902351379395,0.34889137744903564,,,,,,,,,,,,,,,
,0.00026849999999999997,3579,,,,,,,,,,,,,,,,,,,,,,,,,,,,,,
5,,3579,0.11557900905609131,0.0651506781578064,0.6053929328918457,0.011976581066846848,0.12502917647361755,0.011767992749810219,0.47148698568344116,0.01688096672296524,0.19714699685573578,0.09127562493085861,0.2904321253299713,0.8012036085128784,0.0059705935418605804,2.1310195922851562,0.2565663158893585,,,,,,,,,,,,,,,
,0.00026924999999999996,3589,,,,,,,,,,,,,,,,,,,,,,,,,,,,,,
5,,3589,0.14468838274478912,0.11289151757955551,0.6467418670654297,0.004787428304553032,0.15023723244667053,0.018163342028856277,0.5359854102134705,0.0355842299759388,0.2850554287433624,0.0777725800871849,0.3444612920284271,1.0165042877197266,0.01197944674640894,2.1791253089904785,0.3545963764190674,,,,,,,,,,,,,,,
,0.00027,3599,,,,,,,,,,,,,,,,,,,,,,,,,,,,,,
5,,3599,0.13606210052967072,0.07420271635055542,0.6130205392837524,0.009655329398810863,0.17801643908023834,0.017798135057091713,0.5447015762329102,0.02791774272918701,0.34941062331199646,0.06311339884996414,0.3639315068721771,1.0371195077896118,0.005920051597058773,2.147343635559082,0.30255126953125,,,,,,,,,,,,,,,
,0.00027074999999999994,3609,,,,,,,,,,,,,,,,,,,,,,,,,,,,,,
5,,3609,0.10957413911819458,0.08576387166976929,0.571262776851654,0.019439293071627617,0.15303462743759155,0.013533101417124271,0.45694661140441895,0.00946540292352438,0.19694426655769348,0.07666853070259094,0.30006617307662964,0.8055618405342102,0.0034425160847604275,2.187018632888794,0.28341180086135864,,,,,,,,,,,,,,,
,0.0002715,3619,,,,,,,,,,,,,,,,,,,,,,,,,,,,,,
5,,3619,0.1105584055185318,0.063626728951931,0.5874868035316467,0.008566563948988914,0.14849090576171875,0.023573817685246468,0.5024935007095337,0.01811147853732109,0.2960886061191559,0.13231346011161804,0.3366910219192505,0.9343196749687195,0.0042713056318461895,2.1999051570892334,0.2952914535999298,,,,,,,,,,,,,,,
,0.00027225,3629,,,,,,,,,,,,,,,,,,,,,,,,,,,,,,
5,,3629,0.09126682579517365,0.08453401178121567,0.6122163534164429,0.011181245557963848,0.19169841706752777,0.01658659614622593,0.5529006123542786,0.03279588371515274,0.3511110842227936,0.09534942358732224,0.3430885374546051,1.0444139242172241,0.01088934950530529,2.2014715671539307,0.326537549495697,,,,,,,,,,,,,,,
,0.00027299999999999997,3639,,,,,,,,,,,,,,,,,,,,,,,,,,,,,,
5,,3639,0.15122286975383759,0.05739632621407509,0.5406554937362671,0.005927193909883499,0.15392564237117767,0.028988774865865707,0.48754435777664185,0.03501239791512489,0.32451683282852173,0.09871788322925568,0.3568699061870575,0.9848537445068359,0.009139703586697578,2.215787410736084,0.29482483863830566,,,,,,,,,,,,,,,
,0.00027374999999999996,3649,,,,,,,,,,,,,,,,,,,,,,,,,,,,,,
5,,3649,0.15348577499389648,0.10529626160860062,0.5679464340209961,0.014337041415274143,0.17078851163387299,0.027035314589738846,0.5378907322883606,0.03762175142765045,0.3879275321960449,0.12476778775453568,0.3382493555545807,1.1149537563323975,0.0042848228476941586,2.1187126636505127,0.34828266501426697,,,,,,,,,,,,,,,
,0.0002745,3659,,,,,,,,,,,,,,,,,,,,,,,,,,,,,,
5,,3659,0.1364767849445343,0.10969564318656921,0.5986688137054443,0.014787808060646057,0.17420879006385803,0.027794048190116882,0.5379951596260071,0.03947792947292328,0.38644400238990784,0.08145888149738312,0.33863356709480286,1.104140043258667,0.003581216325983405,2.29009747505188,0.3207942843437195,,,,,,,,,,,,,,,
,0.00027525,3669,,,,,,,,,,,,,,,,,,,,,,,,,,,,,,
5,,3669,0.14448098838329315,0.060938846319913864,0.49389058351516724,0.0016794995171949267,0.14110448956489563,0.0138846505433321,0.41040313243865967,0.026490483433008194,0.2791474163532257,0.05529988557100296,0.32178354263305664,0.8528710603713989,0.0038241280708462,2.1496565341949463,0.2649182677268982,,,,,,,,,,,,,,,
,0.000276,3679,,,,,,,,,,,,,,,,,,,,,,,,,,,,,,
5,,3679,0.12006781250238419,0.05978408455848694,0.6159656047821045,0.0073328809812664986,0.16408489644527435,0.017008600756525993,0.470845490694046,0.01824174076318741,0.24685905873775482,0.06343318521976471,0.3478887379169464,0.8860977292060852,0.005740650929510593,2.1750943660736084,0.30952203273773193,,,,,,,,,,,,,,,
,0.00027675,3689,,,,,,,,,,,,,,,,,,,,,,,,,,,,,,
5,,3689,0.1332237422466278,0.06626180559396744,0.5873607993125916,0.02039303258061409,0.18391960859298706,0.01533129345625639,0.4490460157394409,0.023503471165895462,0.3341960906982422,0.10377497971057892,0.3626284599304199,1.0267916917800903,0.008910025469958782,2.2347030639648438,0.3882178068161011,,,,,,,,,,,,,,,
,0.00027749999999999997,3699,,,,,,,,,,,,,,,,,,,,,,,,,,,,,,
5,,3699,0.15244647860527039,0.11672645062208176,0.5773012638092041,0.007319633383303881,0.17090710997581482,0.0288702379912138,0.5047213435173035,0.028896840289235115,0.2885947525501251,0.06906265020370483,0.3511646091938019,0.9865380525588989,0.00404370715841651,2.1561694145202637,0.32548126578330994,,,,,,,,,,,,,,,
,0.00027824999999999996,3709,,,,,,,,,,,,,,,,,,,,,,,,,,,,,,
5,,3709,0.11891727894544601,0.1298513412475586,0.5861790776252747,0.01608988642692566,0.1517142653465271,0.033125732094049454,0.496775358915329,0.021265355870127678,0.26578953862190247,0.0869806557893753,0.35503846406936646,0.9592020511627197,0.005071705672889948,2.172752857208252,0.33664217591285706,,,,,,,,,,,,,,,
,0.000279,3719,,,,,,,,,,,,,,,,,,,,,,,,,,,,,,
5,,3719,0.12946750223636627,0.04906993359327316,0.539131760597229,0.018155504018068314,0.16997790336608887,0.014517847448587418,0.4534206986427307,0.03242246061563492,0.345222145318985,0.12509775161743164,0.35096848011016846,0.9929075837135315,0.00350589188747108,2.151113986968994,0.31811103224754333,,,,,,,,,,,,,,,
,0.00027975,3729,,,,,,,,,,,,,,,,,,,,,,,,,,,,,,
5,,3729,0.1258363127708435,0.056462209671735764,0.5451204180717468,0.02081393450498581,0.1744150072336197,0.02611450105905533,0.4479406177997589,0.03377912566065788,0.3133236765861511,0.06661152094602585,0.35742712020874023,0.9657449126243591,0.004638247657567263,2.219841957092285,0.3134249150753021,,,,,,,,,,,,,,,
,0.0002805,3739,,,,,,,,,,,,,,,,,,,,,,,,,,,,,,
5,,3739,0.12352074682712555,0.1377621591091156,0.5930579304695129,0.015144134871661663,0.16748782992362976,0.021868327632546425,0.5418782234191895,0.026407364755868912,0.31617677211761475,0.08831917494535446,0.3452702462673187,1.0236091613769531,0.009796095080673695,2.1650962829589844,0.30241528153419495,,,,,,,,,,,,,,,
,0.00028125,3749,,,,,,,,,,,,,,,,,,,,,,,,,,,,,,
5,,3749,0.1725381761789322,0.05575699359178543,0.5195567011833191,0.008487126789987087,0.1441483199596405,0.04415879398584366,0.40891730785369873,0.041645172983407974,0.3820372521877289,0.07988192141056061,0.3605174720287323,1.0359405279159546,0.006235779263079166,2.1367404460906982,0.2955492436885834,,,,,,,,,,,,,,,
,0.00028199999999999997,3759,,,,,,,,,,,,,,,,,,,,,,,,,,,,,,
5,,3759,0.14700765907764435,0.08717425167560577,0.5034933090209961,0.016804860904812813,0.15905161201953888,0.014012339524924755,0.5104736089706421,0.026028696447610855,0.3910309970378876,0.10664283484220505,0.33723756670951843,1.0447348356246948,0.007565340027213097,2.2385928630828857,0.28683996200561523,,,,,,,,,,,,,,,
,0.00028274999999999996,3769,,,,,,,,,,,,,,,,,,,,,,,,,,,,,,
5,,3769,0.1176273301243782,0.11964740604162216,0.6333433389663696,0.015823321416974068,0.13937856256961823,0.01301502250134945,0.5408591628074646,0.02471045032143593,0.26045694947242737,0.05867179110646248,0.3301457166671753,0.9428533315658569,0.008189615793526173,2.1745104789733887,0.28533509373664856,,,,,,,,,,,,,,,
,0.00028349999999999995,3779,,,,,,,,,,,,,,,,,,,,,,,,,,,,,,
5,,3779,0.101748526096344,0.1370036005973816,0.5792669653892517,0.012205387465655804,0.1507987529039383,0.008639286272227764,0.5491592884063721,0.01946359872817993,0.21546247601509094,0.08836971968412399,0.3263905942440033,0.8846380114555359,0.007626863196492195,2.2158267498016357,0.3086037337779999,,,,,,,,,,,,,,,
,0.00028425,3789,,,,,,,,,,,,,,,,,,,,,,,,,,,,,,
5,,3789,0.1651357114315033,0.050789348781108856,0.5474618077278137,0.013208483345806599,0.19993366301059723,0.015308965928852558,0.43306583166122437,0.023822586983442307,0.33100736141204834,0.0972488671541214,0.3732176423072815,1.0062124729156494,0.006017111707478762,2.1771962642669678,0.36633166670799255,,,,,,,,,,,,,,,
,0.000285,3799,,,,,,,,,,,,,,,,,,,,,,,,,,,,,,
5,,3799,0.15238714218139648,0.05831334367394447,0.5242919325828552,0.01693522371351719,0.17341364920139313,0.023131113499403,0.5114588141441345,0.04222676157951355,0.42065081000328064,0.08126170188188553,0.37446528673171997,1.1106196641921997,0.0031537245959043503,2.1500728130340576,0.33660241961479187,,,,,,,,,,,,,,,
,0.00028575,3809,,,,,,,,,,,,,,,,,,,,,,,,,,,,,,
5,,3809,0.14129401743412018,0.06671632826328278,0.5620171427726746,0.014592695981264114,0.19218115508556366,0.024490419775247574,0.47069159150123596,0.029374191537499428,0.36203649640083313,0.06594529002904892,0.353039026260376,1.0633697509765625,0.013756240718066692,2.1333906650543213,0.39736124873161316,,,,,,,,,,,,,,,
,0.00028649999999999997,3819,,,,,,,,,,,,,,,,,,,,,,,,,,,,,,
5,,3819,0.1099858433008194,0.06199413165450096,0.6007239818572998,0.004258481785655022,0.1512296199798584,0.021363316103816032,0.4341791570186615,0.01742767170071602,0.2473524808883667,0.07612597197294235,0.31469401717185974,0.8703284859657288,0.007084432989358902,2.1450047492980957,0.3426871597766876,,,,,,,,,,,,,,,
,0.00028724999999999996,3829,,,,,,,,,,,,,,,,,,,,,,,,,,,,,,
5,,3829,0.06937039643526077,0.0921526625752449,0.6250091195106506,0.017425725236535072,0.1673610806465149,0.015587764792144299,0.5125916600227356,0.02082417905330658,0.296695351600647,0.12503232061862946,0.344412237405777,0.958037257194519,0.004836936015635729,2.164531707763672,0.31262242794036865,,,,,,,,,,,,,,,
,0.00028799999999999995,3839,,,,,,,,,,,,,,,,,,,,,,,,,,,,,,
5,,3839,0.11727621406316757,0.06783021986484528,0.48491406440734863,0.018318278715014458,0.1691213697195053,0.014257065020501614,0.4334997236728668,0.022729262709617615,0.34046170115470886,0.05804428830742836,0.3141205906867981,0.9356192946434021,0.005936753936111927,2.1361889839172363,0.2920478582382202,,,,,,,,,,,,,,,
,0.00028875,3849,,,,,,,,,,,,,,,,,,,,,,,,,,,,,,
5,,3849,0.17037539184093475,0.05872626230120659,0.5893465280532837,0.009598985314369202,0.15234814584255219,0.012723256833851337,0.5056626796722412,0.03355297073721886,0.32801303267478943,0.12635408341884613,0.33123067021369934,1.0091222524642944,0.00915068481117487,2.11157488822937,0.29086974263191223,,,,,,,,,,,,,,,
,0.0002895,3859,,,,,,,,,,,,,,,,,,,,,,,,,,,,,,
5,,3859,0.10968127101659775,0.09031329303979874,0.5805842280387878,0.005874639376997948,0.13946720957756042,0.020513812080025673,0.4736899137496948,0.02277372032403946,0.26580503582954407,0.07055754214525223,0.34331968426704407,0.9013267755508423,0.004894747398793697,2.164891242980957,0.31347888708114624,,,,,,,,,,,,,,,
,0.00029025,3869,,,,,,,,,,,,,,,,,,,,,,,,,,,,,,
5,,3869,0.07775493711233139,0.05505986511707306,0.4841228723526001,0.010115435346961021,0.10566035658121109,0.013980565592646599,0.3640215992927551,0.011333544738590717,0.15860818326473236,0.11492079496383667,0.30079299211502075,0.6678312420845032,0.0063384464010596275,2.1807010173797607,0.24496617913246155,,,,,,,,,,,,,,,
,0.00029099999999999997,3879,,,,,,,,,,,,,,,,,,,,,,,,,,,,,,
5,,3879,0.12210202217102051,0.060369327664375305,0.6223369836807251,0.010295169427990913,0.16693618893623352,0.01495407521724701,0.49779000878334045,0.019418291747570038,0.2817254960536957,0.11294194310903549,0.3590131998062134,0.948997437953949,0.005197423044592142,2.2053749561309814,0.32686224579811096,,,,,,,,,,,,,,,
,0.00029174999999999996,3889,,,,,,,,,,,,,,,,,,,,,,,,,,,,,,
5,,3889,0.13200505077838898,0.04040289297699928,0.515322744846344,0.010124065913259983,0.13370966911315918,0.01645571179687977,0.395686537027359,0.03303401917219162,0.32839399576187134,0.10009773820638657,0.32418492436408997,0.9242152571678162,0.006201289128512144,2.1729629039764404,0.2975759208202362,,,,,,,,,,,,,,,
,0.00029249999999999995,3899,,,,,,,,,,,,,,,,,,,,,,,,,,,,,,
5,,3899,0.16097962856292725,0.07503380626440048,0.5939332246780396,0.008781884796917439,0.17895324528217316,0.012954643927514553,0.5146840214729309,0.02447761408984661,0.3803117573261261,0.07866882532835007,0.33967167139053345,1.0611441135406494,0.00474616838619113,2.1944499015808105,0.31507351994514465,,,,,,,,,,,,,,,
,0.00029325,3909,,,,,,,,,,,,,,,,,,,,,,,,,,,,,,
5,,3909,0.12677526473999023,0.08185984939336777,0.563550591468811,0.012570063583552837,0.1672930270433426,0.01921485736966133,0.5003100037574768,0.01901177503168583,0.24366873502731323,0.08541063219308853,0.3156164884567261,0.8861100673675537,0.0038033814635127783,2.1608808040618896,0.2980542480945587,,,,,,,,,,,,,,,
,0.000294,3919,,,,,,,,,,,,,,,,,,,,,,,,,,,,,,
5,,3919,0.06411167234182358,0.1231893002986908,0.7408076524734497,0.012237013317644596,0.15427426993846893,0.012217588722705841,0.5339581370353699,0.011936338618397713,0.15260301530361176,0.09278244525194168,0.3044753074645996,0.8367786407470703,0.004766640719026327,2.184358835220337,0.3289411962032318,,,,,,,,,,,,,,,
,0.00029475,3929,,,,,,,,,,,,,,,,,,,,,,,,,,,,,,
5,,3929,0.10865297168493271,0.04931653290987015,0.5522292256355286,0.014689820818603039,0.13109058141708374,0.01975891925394535,0.36865803599357605,0.0115605928003788,0.2493257224559784,0.0734848752617836,0.30311939120292664,0.8095741868019104,0.0024833064526319504,2.221475601196289,0.2844320833683014,,,,,,,,,,,,,,,
,0.00029549999999999997,3939,,,,,,,,,,,,,,,,,,,,,,,,,,,,,,
5,,3939,0.09741000086069107,0.06277548521757126,0.5302489995956421,0.0213649719953537,0.17149807512760162,0.02855386771261692,0.43583688139915466,0.021615730598568916,0.4226970076560974,0.0846199244260788,0.32420632243156433,1.0360909700393677,0.0075900498777627945,2.0957882404327393,0.2876277267932892,,,,,,,,,,,,,,,
,0.00029624999999999996,3949,,,,,,,,,,,,,,,,,,,,,,,,,,,,,,
5,,3949,0.0985301062464714,0.05914958938956261,0.5048078298568726,0.008849208243191242,0.11885225027799606,0.016301818192005157,0.42632657289505005,0.018151164054870605,0.22520798444747925,0.09228147566318512,0.3075672388076782,0.7831454873085022,0.00635558133944869,2.1503751277923584,0.26804351806640625,,,,,,,,,,,,,,,
,0.00029699999999999996,3959,,,,,,,,,,,,,,,,,,,,,,,,,,,,,,
5,,3959,0.10532545298337936,0.06679530441761017,0.556999921798706,0.0028730358462780714,0.13526831567287445,0.02154320478439331,0.43906399607658386,0.010774333029985428,0.25181934237480164,0.08176755905151367,0.30656591057777405,0.8193367719650269,0.002780555747449398,2.2282800674438477,0.25558552145957947,,,,,,,,,,,,,,,
,0.00029775,3969,,,,,,,,,,,,,,,,,,,,,,,,,,,,,,
5,,3969,0.11773652583360672,0.10279422253370285,0.5145319104194641,0.004560969769954681,0.1898365467786789,0.0197342149913311,0.49292710423469543,0.03538651391863823,0.38349491357803345,0.06080538406968117,0.3695470690727234,1.054660439491272,0.002856727223843336,2.1796047687530518,0.3680917024612427,,,,,,,,,,,,,,,
,0.0002985,3979,,,,,,,,,,,,,,,,,,,,,,,,,,,,,,
5,,3979,0.1315287947654724,0.08563903719186783,0.5973883867263794,0.008975302800536156,0.1678142249584198,0.017436005175113678,0.4180237352848053,0.025606362149119377,0.34146392345428467,0.07058600336313248,0.3263755440711975,0.9748446345329285,0.0015198702458292246,2.2695999145507812,0.29000669717788696,,,,,,,,,,,,,,,
,0.00029925,3989,,,,,,,,,,,,,,,,,,,,,,,,,,,,,,
5,,3989,0.10889314860105515,0.08734551817178726,0.5603713989257812,0.00834862980991602,0.16483375430107117,0.07415889203548431,0.4772481322288513,0.029692767187952995,0.31372058391571045,0.09237522631883621,0.3417071998119354,0.9759002327919006,0.0017498162342235446,2.185886859893799,0.28364861011505127,,,,,,,,,,,,,,,
,0.0003,3999,,,,,,,,,,,,,,,,,,,,,,,,,,,,,,
5,,3999,0.07740062475204468,0.05234542116522789,0.4210064709186554,0.0063148303888738155,0.12064342200756073,0.01453759241849184,0.34477877616882324,0.02378729358315468,0.2085946947336197,0.08194857090711594,0.27548637986183167,0.691054105758667,0.0025384288746863604,2.1745944023132324,0.24288198351860046,,,,,,,,,,,,,,,
,0.00029999995437718656,4009,,,,,,,,,,,,,,,,,,,,,,,,,,,,,,
5,,4009,0.11669785529375076,0.060552023351192474,0.46280670166015625,0.02502596750855446,0.1756269931793213,0.01600901037454605,0.39941006898880005,0.02829383686184883,0.4594026803970337,0.12129323184490204,0.30780717730522156,1.068005084991455,0.005575443617999554,2.254141092300415,0.3225877285003662,,,,,,,,,,,,,,,
,0.00029999979666873154,4019,,,,,,,,,,,,,,,,,,,,,,,,,,,,,,
5,,4019,0.13883641362190247,0.048619721084833145,0.5496371388435364,0.01583838276565075,0.13800373673439026,0.01744200848042965,0.3684383034706116,0.019325893372297287,0.2963065505027771,0.09375253319740295,0.3147692084312439,0.895686149597168,0.010416282340884209,2.117382049560547,0.2923119366168976,,,,,,,,,,,,,,,
,0.0002999995263115086,4029,,,,,,,,,,,,,,,,,,,,,,,,,,,,,,
5,,4029,0.12828285992145538,0.06761842966079712,0.5477790236473083,0.013549290597438812,0.13021869957447052,0.015366027131676674,0.41417473554611206,0.020057572051882744,0.2635398507118225,0.11889836937189102,0.3166169226169586,0.8925780653953552,0.025703463703393936,2.1483354568481445,0.29755255579948425,,,,,,,,,,,,,,,
,0.00029999914330572076,4039,,,,,,,,,,,,,,,,,,,,,,,,,,,,,,
5,,4039,0.09690313041210175,0.08410779386758804,0.6675778031349182,0.00824046228080988,0.17065197229385376,0.023238403722643852,0.4953180253505707,0.03114761784672737,0.2681170105934143,0.10744567960500717,0.3383120000362396,0.9758965969085693,0.0235537588596344,2.300610065460205,0.3352624475955963,,,,,,,,,,,,,,,
,0.00029999864765165577,4049,,,,,,,,,,,,,,,,,,,,,,,,,,,,,,
5,,4049,0.12989674508571625,0.0672411248087883,0.5332437753677368,0.009305523708462715,0.13039430975914001,0.023779578506946564,0.40970802307128906,0.022436639294028282,0.3076189458370209,0.07001127302646637,0.3122130334377289,0.8926395773887634,0.0022648496087640524,2.1008598804473877,0.2644530236721039,,,,,,,,,,,,,,,
,0.0002999980393496858,4059,,,,,,,,,,,,,,,,,,,,,,,,,,,,,,
5,,4059,0.1952650398015976,0.07502932101488113,0.4844495952129364,0.013082400895655155,0.1330219805240631,0.02928232215344906,0.43127626180648804,0.03164437413215637,0.3800053894519806,0.09856340289115906,0.3154158592224121,1.0126903057098389,0.0030338368378579617,2.1932780742645264,0.2612059712409973,,,,,,,,,,,,,,,
,0.0002999973184002676,4069,,,,,,,,,,,,,,,,,,,,,,,,,,,,,,
5,,4069,0.09875888377428055,0.0720910057425499,0.6082924008369446,0.006096547469496727,0.15567399561405182,0.029714982956647873,0.47534194588661194,0.031558647751808167,0.25456809997558594,0.09975083917379379,0.3128755986690521,0.9066936373710632,0.013443664647638798,2.1258935928344727,0.300579696893692,,,,,,,,,,,,,,,
,0.0002999964848039427,4079,,,,,,,,,,,,,,,,,,,,,,,,,,,,,,
5,,4079,0.11103034019470215,0.0619950033724308,0.5620280504226685,0.018007420003414154,0.15826797485351562,0.01792922429740429,0.40293988585472107,0.02598484978079796,0.30919912457466125,0.05616319179534912,0.32178908586502075,0.9319828152656555,0.002032294636592269,2.1275908946990967,0.35262903571128845,,,,,,,,,,,,,,,
,0.0002999955385613372,4089,,,,,,,,,,,,,,,,,,,,,,,,,,,,,,
5,,4089,0.16787731647491455,0.1041962131857872,0.5262429118156433,0.010410799644887447,0.16869869828224182,0.028809158131480217,0.47206392884254456,0.02950073964893818,0.38272103667259216,0.080539770424366,0.3250439167022705,1.0496212244033813,0.005905833560973406,2.1894729137420654,0.28635913133621216,,,,,,,,,,,,,,,
,0.00029999447967316153,4099,,,,,,,,,,,,,,,,,,,,,,,,,,,,,,
5,,4099,0.10515554994344711,0.0811971053481102,0.5491955280303955,0.009732730686664581,0.13919991254806519,0.026115065440535545,0.477592408657074,0.019680559635162354,0.19010940194129944,0.08349796384572983,0.29325199127197266,0.7979814410209656,0.003674590028822422,2.0503852367401123,0.28846046328544617,,,,,,,,,,,,,,,
,0.000299993308140211,4109,,,,,,,,,,,,,,,,,,,,,,,,,,,,,,
5,,4109,0.11501362919807434,0.06281106919050217,0.5512840747833252,0.009145555086433887,0.14731210470199585,0.01083921454846859,0.4289616048336029,0.02549784630537033,0.3091088831424713,0.11484863609075546,0.35842886567115784,0.9508227109909058,0.002418377436697483,2.1619510650634766,0.39411476254463196,,,,,,,,,,,,,,,
,0.0002999920239633655,4119,,,,,,,,,,,,,,,,,,,,,,,,,,,,,,
5,,4119,0.10045225918292999,0.07063895463943481,0.4731181859970093,0.01623581536114216,0.12468666583299637,0.040393177419900894,0.3800632357597351,0.034334924072027206,0.26119282841682434,0.10518477112054825,0.32992658019065857,0.843619704246521,0.002135793212801218,2.182487726211548,0.27051985263824463,,,,,,,,,,,,,,,
,0.00029999062714358926,4129,,,,,,,,,,,,,,,,,,,,,,,,,,,,,,
5,,4129,0.11339040845632553,0.07687655091285706,0.616030216217041,0.009767013601958752,0.17465676367282867,0.020569607615470886,0.5163893699645996,0.02467126026749611,0.2793942093849182,0.10581494867801666,0.33190158009529114,0.9470154643058777,0.00933767668902874,2.1818888187408447,0.2876383364200592,,,,,,,,,,,,,,,
,0.00029998911768193144,4139,,,,,,,,,,,,,,,,,,,,,,,,,,,,,,
5,,4139,0.1176711916923523,0.04282331094145775,0.5263966917991638,0.00632647005841136,0.13545207679271698,0.011933669447898865,0.3887474238872528,0.020920051261782646,0.24816717207431793,0.09730637818574905,0.3068336248397827,0.8203108906745911,0.007528710179030895,2.1882853507995605,0.30168378353118896,,,,,,,,,,,,,,,
,0.0002999874955795256,4149,,,,,,,,,,,,,,,,,,,,,,,,,,,,,,
5,,4149,0.08960283547639847,0.060824546962976456,0.5254813432693481,0.00475570373237133,0.13055047392845154,0.013617939315736294,0.4209670126438141,0.030014999210834503,0.27481716871261597,0.05913350731134415,0.3484344780445099,0.8325332999229431,0.002917239675298333,2.222999334335327,0.233357772231102,,,,,,,,,,,,,,,
,0.0002999857608375898,4159,,,,,,,,,,,,,,,,,,,,,,,,,,,,,,
5,,4159,0.12623268365859985,0.06613856554031372,0.5165026783943176,0.01164624746888876,0.17292243242263794,0.01834687404334545,0.41779279708862305,0.021170344203710556,0.39049118757247925,0.06771880388259888,0.30470481514930725,1.0034515857696533,0.008871977217495441,2.1718807220458984,0.32932737469673157,,,,,,,,,,,,,,,
,0.000299983913457427,4169,,,,,,,,,,,,,,,,,,,,,,,,,,,,,,
5,,4169,0.070665143430233,0.0726124569773674,0.6794421076774597,0.0053148227743804455,0.1660284698009491,0.019739625975489616,0.5077131986618042,0.017205875366926193,0.15823997557163239,0.104106105864048,0.33034399151802063,0.8062393665313721,0.0023080583196133375,2.1520512104034424,0.3165680468082428,,,,,,,,,,,,,,,
5,,4169,,,,,,,,,,,,,,,,0.21185524761676788,0.03563673049211502,0.311392217874527,0.007104950491338968,0.08486539125442505,0.0034739517141133547,0.20868320763111115,0.028777502477169037,0.26301515102386475,0.07435065507888794,0.19437754154205322,0.6959975957870483,0.009599489159882069,2.252854824066162,0.16249433159828186
,0.00029998195344042454,4179,,,,,,,,,,,,,,,,,,,,,,,,,,,,,,
6,,4179,0.08470217883586884,0.06432090699672699,0.5617493391036987,0.012491398490965366,0.13172799348831177,0.015817344188690186,0.409951388835907,0.018151264637708664,0.2192227989435196,0.07618245482444763,0.31245216727256775,0.7994746565818787,0.009114888496696949,2.1434428691864014,0.28881287574768066,,,,,,,,,,,,,,,
,0.0002999798807880543,4189,,,,,,,,,,,,,,,,,,,,,,,,,,,,,,
6,,4189,0.10039402544498444,0.05224962905049324,0.4738607406616211,0.008158641867339611,0.12415652722120285,0.016526630148291588,0.3589216470718384,0.024526916444301605,0.23994989693164825,0.07000961899757385,0.3174539804458618,0.7863680124282837,0.006731444504112005,2.1380279064178467,0.30240318179130554,,,,,,,,,,,,,,,
,0.0002999776955018728,4199,,,,,,,,,,,,,,,,,,,,,,,,,,,,,,
6,,4199,0.11598043888807297,0.04872796684503555,0.4617513418197632,0.0057421354576945305,0.13598796725273132,0.022191423922777176,0.3450157344341278,0.03364800661802292,0.287295401096344,0.08975476026535034,0.31074485182762146,0.8359887599945068,0.010806286707520485,2.27575421333313,0.2517712712287903,,,,,,,,,,,,,,,
,0.00029997539758352124,4209,,,,,,,,,,,,,,,,,,,,,,,,,,,,,,
6,,4209,0.09094280004501343,0.0953759029507637,0.5341672301292419,0.009201055392622948,0.13847745954990387,0.025558987632393837,0.44611889123916626,0.02053103595972061,0.22817254066467285,0.06904147565364838,0.3115815222263336,0.8400454521179199,0.008459173142910004,2.0868899822235107,0.32736197113990784,,,,,,,,,,,,,,,
,0.00029997298703472535,4219,,,,,,,,,,,,,,,,,,,,,,,,,,,,,,
6,,4219,0.12071890383958817,0.041846588253974915,0.45324376225471497,0.009294580668210983,0.10295456647872925,0.010772843845188618,0.30841711163520813,0.01919976808130741,0.21140164136886597,0.04143882170319557,0.3136814832687378,0.7021782994270325,0.00566554069519043,2.2243247032165527,0.22121374309062958,,,,,,,,,,,,,,,
,0.0002999704638572954,4229,,,,,,,,,,,,,,,,,,,,,,,,,,,,,,
6,,4229,0.08921674638986588,0.08281192183494568,0.479469895362854,0.0053610424511134624,0.10970879346132278,0.010662879794836044,0.3465026319026947,0.013369891792535782,0.1430627554655075,0.07328431308269501,0.2941252887248993,0.6584566235542297,0.008338555693626404,2.182795524597168,0.25849422812461853,,,,,,,,,,,,,,,
,0.00029996782805312633,4239,,,,,,,,,,,,,,,,,,,,,,,,,,,,,,
6,,4239,0.13634972274303436,0.06796036660671234,0.5343915224075317,0.010183671489357948,0.1306476593017578,0.017892440780997276,0.4791925847530365,0.029699426144361496,0.3119986951351166,0.09173236042261124,0.29103711247444153,0.9313861131668091,0.0073081874288618565,2.199007987976074,0.27715349197387695,,,,,,,,,,,,,,,
,0.00029996507962419755,4249,,,,,,,,,,,,,,,,,,,,,,,,,,,,,,
6,,4249,0.12338843941688538,0.0691429004073143,0.6113629937171936,0.015110219828784466,0.19035086035728455,0.016324516385793686,0.4649762213230133,0.02629353478550911,0.3223886489868164,0.09197268635034561,0.3741113543510437,1.0113105773925781,0.0030925641767680645,2.198103666305542,0.37017709016799927,,,,,,,,,,,,,,,
,0.00029996221857257315,4259,,,,,,,,,,,,,,,,,,,,,,,,,,,,,,
6,,4259,0.11093094944953918,0.05252562463283539,0.4793975353240967,0.009494134224951267,0.12241405248641968,0.02429056726396084,0.3731275796890259,0.0164676234126091,0.21399931609630585,0.07372269779443741,0.30688241124153137,0.7467855215072632,0.0018930543446913362,2.187350273132324,0.25390273332595825,,,,,,,,,,,,,,,
,0.00029995924490040175,4269,,,,,,,,,,,,,,,,,,,,,,,,,,,,,,
6,,4269,0.14209045469760895,0.06134336441755295,0.5345954298973083,0.009835910052061081,0.1469632089138031,0.024246640503406525,0.45797228813171387,0.024259911850094795,0.3184342384338379,0.09988602250814438,0.3342893719673157,0.9504590034484863,0.002250905614346266,2.1052396297454834,0.3150630295276642,,,,,,,,,,,,,,,
,0.00029995615860991653,4279,,,,,,,,,,,,,,,,,,,,,,,,,,,,,,
6,,4279,0.13925324380397797,0.05413331463932991,0.5628278255462646,0.016354570165276527,0.16490700840950012,0.02383560687303543,0.4266462028026581,0.04175011068582535,0.45372700691223145,0.11739953607320786,0.33587586879730225,1.1226261854171753,0.006854127161204815,2.100511074066162,0.33073630928993225,,,,,,,,,,,,,,,
,0.0002999529597034353,4289,,,,,,,,,,,,,,,,,,,,,,,,,,,,,,
6,,4289,0.07633412629365921,0.08987796306610107,0.6259284019470215,0.021546414121985435,0.17551063001155853,0.012890364043414593,0.4854587912559509,0.0212275180965662,0.3101946711540222,0.09754978120326996,0.31218498945236206,0.9728155732154846,0.008704893290996552,2.178208112716675,0.3349609673023224,,,,,,,,,,,,,,,
,0.00029994964818336043,4299,,,,,,,,,,,,,,,,,,,,,,,,,,,,,,
6,,4299,0.1597728431224823,0.051106344908475876,0.49637261033058167,0.015607587061822414,0.19599950313568115,0.019966546446084976,0.42276492714881897,0.03694670647382736,0.44045522809028625,0.08984362334012985,0.3682993948459625,1.1089385747909546,0.006913931109011173,2.1977195739746094,0.3598780632019043,,,,,,,,,,,,,,,
,0.0002999462240521788,4309,,,,,,,,,,,,,,,,,,,,,,,,,,,,,,
6,,4309,0.11713059991598129,0.05310164764523506,0.44288569688796997,0.019005440175533295,0.12598450481891632,0.0243535116314888,0.3865574896335602,0.023046962916851044,0.26077398657798767,0.07476811856031418,0.28868797421455383,0.8178439140319824,0.005806017201393843,2.2483458518981934,0.29091617465019226,,,,,,,,,,,,,,,
,0.0002999426873124619,4319,,,,,,,,,,,,,,,,,,,,,,,,,,,,,,
6,,4319,0.1459723711013794,0.038559943437576294,0.409170925617218,0.01525872852653265,0.16383938491344452,0.022684995085000992,0.3327721655368805,0.02237904816865921,0.4540613889694214,0.11644834280014038,0.3346114158630371,1.0028988122940063,0.0030072699300944805,2.156575918197632,0.25715285539627075,,,,,,,,,,,,,,,
,0.0002999390379668659,4329,,,,,,,,,,,,,,,,,,,,,,,,,,,,,,
6,,4329,0.11791669577360153,0.043838199228048325,0.4233604669570923,0.011702300049364567,0.1268204301595688,0.014977552928030491,0.3305864930152893,0.030811727046966553,0.33423280715942383,0.10524071753025055,0.30089524388313293,0.8545016646385193,0.004303967114537954,2.1847589015960693,0.24047794938087463,,,,,,,,,,,,,,,
,0.00029993527601813135,4339,,,,,,,,,,,,,,,,,,,,,,,,,,,,,,
6,,4339,0.17072038352489471,0.05552029237151146,0.5415287017822266,0.008700353093445301,0.1451777219772339,0.02115355245769024,0.4479910433292389,0.032132357358932495,0.36558374762535095,0.11168154329061508,0.32598647475242615,1.020346760749817,0.007590727414935827,2.1874444484710693,0.31831371784210205,,,,,,,,,,,,,,,
,0.0002999314014690834,4349,,,,,,,,,,,,,,,,,,,,,,,,,,,,,,
6,,4349,0.123621866106987,0.07057423889636993,0.563992977142334,0.006277048960328102,0.12126905471086502,0.01283478643745184,0.3780269920825958,0.015230735763907433,0.19027529656887054,0.08908046036958694,0.33170273900032043,0.7794344425201416,0.0024603353813290596,2.2553658485412598,0.3166949450969696,,,,,,,,,,,,,,,
,0.00029992741432263194,4359,,,,,,,,,,,,,,,,,,,,,,,,,,,,,,
6,,4359,0.08714428544044495,0.07001646608114243,0.5777326822280884,0.00853978842496872,0.13575764000415802,0.019814375787973404,0.4211084544658661,0.02059178426861763,0.2309192717075348,0.07782565802335739,0.3139989972114563,0.8181331753730774,0.00709531269967556,2.2028799057006836,0.27497032284736633,,,,,,,,,,,,,,,
,0.0002999233145817712,4369,,,,,,,,,,,,,,,,,,,,,,,,,,,,,,
6,,4369,0.055662017315626144,0.05125605687499046,0.5102326273918152,0.007286441046744585,0.10789366811513901,0.0242391936480999,0.318252295255661,0.011471102014183998,0.1384568065404892,0.055424194782972336,0.3195752799510956,0.6252885460853577,0.0034528120886534452,2.1105446815490723,0.2411113679409027,,,,,,,,,,,,,,,
,0.00029991910224958006,4379,,,,,,,,,,,,,,,,,,,,,,,,,,,,,,
6,,4379,0.06773942708969116,0.044116683304309845,0.5152843594551086,0.00906344037503004,0.12190823256969452,0.016881242394447327,0.42435139417648315,0.013190103694796562,0.13873519003391266,0.08493319153785706,0.2804968059062958,0.6531323194503784,0.0054128230549395084,2.181980848312378,0.22261403501033783,,,,,,,,,,,,,,,
,0.00029991477732922196,4389,,,,,,,,,,,,,,,,,,,,,,,,,,,,,,
6,,4389,0.117653027176857,0.04378734901547432,0.543394923210144,0.007074084132909775,0.1347491443157196,0.02323080040514469,0.3485490083694458,0.024995671585202217,0.29951685667037964,0.0875818058848381,0.28185686469078064,0.8469622135162354,0.0027264277450740337,2.127028226852417,0.2378021627664566,,,,,,,,,,,,,,,
,0.0002999103398239449,4399,,,,,,,,,,,,,,,,,,,,,,,,,,,,,,
6,,4399,0.13168731331825256,0.05603574216365814,0.45376062393188477,0.008878514170646667,0.12335365265607834,0.016275111585855484,0.3636772036552429,0.025411050766706467,0.29819899797439575,0.10652947425842285,0.30184808373451233,0.8567982912063599,0.0033286430407315493,2.1781508922576904,0.3011687099933624,,,,,,,,,,,,,,,
,0.0002999057897370814,4409,,,,,,,,,,,,,,,,,,,,,,,,,,,,,,
6,,4409,0.1646217703819275,0.03194683790206909,0.442528635263443,0.009640105068683624,0.134307399392128,0.024924714118242264,0.43448108434677124,0.024803336709737778,0.26251429319381714,0.09888020157814026,0.27746203541755676,0.8287779092788696,0.002351130358874798,2.198637008666992,0.25545647740364075,,,,,,,,,,,,,,,
,0.0002999011270720485,4419,,,,,,,,,,,,,,,,,,,,,,,,,,,,,,
6,,4419,0.12529949843883514,0.04785074293613434,0.5466437339782715,0.013126797042787075,0.14648732542991638,0.017258713021874428,0.43210816383361816,0.021924803033471107,0.3455233573913574,0.08061855286359787,0.3204077482223511,0.9414659738540649,0.002368633635342121,2.163588762283325,0.2776222229003906,,,,,,,,,,,,,,,
,0.00029989635183234794,4429,,,,,,,,,,,,,,,,,,,,,,,,,,,,,,
6,,4429,0.1424252986907959,0.09469827264547348,0.6409006714820862,0.02048632875084877,0.20363502204418182,0.026630420237779617,0.5414962768554688,0.034521475434303284,0.4648279547691345,0.07806698232889175,0.3628213703632355,1.2374156713485718,0.005435208324342966,2.2342662811279297,0.423033744096756,,,,,,,,,,,,,,,
,0.00029989146402156574,4439,,,,,,,,,,,,,,,,,,,,,,,,,,,,,,
6,,4439,0.14608068764209747,0.04372211545705795,0.4327344000339508,0.008059545420110226,0.1094011440873146,0.015380456112325191,0.324579656124115,0.024025604128837585,0.2866360545158386,0.06260965019464493,0.2929006516933441,0.8050334453582764,0.011426186189055443,2.1454646587371826,0.23459817469120026,,,,,,,,,,,,,,,
,0.0002998864636433728,4449,,,,,,,,,,,,,,,,,,,,,,,,,,,,,,
6,,4449,0.10213504731655121,0.07087117433547974,0.5073537230491638,0.01161186397075653,0.139850452542305,0.013223920948803425,0.3745288848876953,0.012685812078416348,0.24497446417808533,0.08228160440921783,0.3113696873188019,0.7976795434951782,0.005046219099313021,2.1878910064697266,0.27305373549461365,,,,,,,,,,,,,,,
,0.00029988135070152413,4459,,,,,,,,,,,,,,,,,,,,,,,,,,,,,,
6,,4459,0.13762041926383972,0.05755900964140892,0.48209086060523987,0.01673041470348835,0.1392112821340561,0.01679203473031521,0.43382683396339417,0.032223887741565704,0.33146920800209045,0.07781755924224854,0.3079087734222412,0.9199489951133728,0.002979523967951536,2.1348297595977783,0.250583291053772,,,,,,,,,,,,,,,
,0.0002998761251998598,4469,,,,,,,,,,,,,,,,,,,,,,,,,,,,,,
6,,4469,0.103846475481987,0.0893026813864708,0.5117558240890503,0.007637330796569586,0.13689404726028442,0.017388638108968735,0.42611947655677795,0.017885524779558182,0.2840432822704315,0.08485415577888489,0.3061927556991577,0.8650595545768738,0.00668176868930459,2.067122459411621,0.2807543873786926,,,,,,,,,,,,,,,
,0.00029987078714230385,4479,,,,,,,,,,,,,,,,,,,,,,,,,,,,,,
6,,4479,0.1361861675977707,0.03966522589325905,0.5066967606544495,0.014752893708646297,0.1424729973077774,0.03100697323679924,0.3747434616088867,0.03220115602016449,0.30008676648139954,0.10616634786128998,0.3412730395793915,0.9043483734130859,0.004686723928898573,2.1551976203918457,0.2922185957431793,,,,,,,,,,,,,,,
,0.0002998653365328653,4489,,,,,,,,,,,,,,,,,,,,,,,,,,,,,,
6,,4489,0.11984031647443771,0.09968125820159912,0.36966460943222046,0.007061257027089596,0.1010565385222435,0.012981414794921875,0.4147161543369293,0.026410043239593506,0.2395903468132019,0.04425083100795746,0.26404330134391785,0.7389678359031677,0.0021551265381276608,2.120133638381958,0.1939297318458557,,,,,,,,,,,,,,,
,0.0002998597733756374,4499,,,,,,,,,,,,,,,,,,,,,,,,,,,,,,
6,,4499,0.10802428424358368,0.043477434664964676,0.47466033697128296,0.005714766215533018,0.13298219442367554,0.012068877927958965,0.38347771763801575,0.01999557390809059,0.2917235791683197,0.09363441914319992,0.29323625564575195,0.8340055346488953,0.006897840648889542,2.1716034412384033,0.2934355139732361,,,,,,,,,,,,,,,
,0.0002998540976747981,4509,,,,,,,,,,,,,,,,,,,,,,,,,,,,,,
6,,4509,0.07927235215902328,0.08915206789970398,0.45049700140953064,0.013870195485651493,0.12565040588378906,0.011922058649361134,0.33619993925094604,0.012764453887939453,0.21316657960414886,0.06992004811763763,0.2752392292022705,0.7274238467216492,0.005262852180749178,2.1018543243408203,0.28318050503730774,,,,,,,,,,,,,,,
,0.00029984830943460985,4519,,,,,,,,,,,,,,,,,,,,,,,,,,,,,,
6,,4519,0.11775023490190506,0.0493319109082222,0.5394708514213562,0.009184222668409348,0.14807070791721344,0.019198346883058548,0.473099946975708,0.019602810963988304,0.32458704710006714,0.10558159649372101,0.3337961435317993,0.9270500540733337,0.004971759393811226,2.2038745880126953,0.2692224383354187,,,,,,,,,,,,,,,
,0.00029984240865941954,4529,,,,,,,,,,,,,,,,,,,,,,,,,,,,,,
6,,4529,0.17838774621486664,0.05563892051577568,0.44821563363075256,0.017522970214486122,0.13867413997650146,0.02184770442545414,0.37775570154190063,0.014184742234647274,0.5206249356269836,0.0623561330139637,0.2903459668159485,1.0909196138381958,0.004134011454880238,2.150161027908325,0.270282506942749,,,,,,,,,,,,,,,
,0.00029983639535365855,4539,,,,,,,,,,,,,,,,,,,,,,,,,,,,,,
6,,4539,0.1065136268734932,0.07952051609754562,0.5003480911254883,0.009557418525218964,0.12245360761880875,0.013987632468342781,0.3507685661315918,0.015748627483844757,0.22007222473621368,0.07976821064949036,0.3147522509098053,0.7735621333122253,0.002523603616282344,2.2149009704589844,0.30091914534568787,,,,,,,,,,,,,,,
,0.00029983026952184295,4549,,,,,,,,,,,,,,,,,,,,,,,,,,,,,,
6,,4549,0.10794976353645325,0.05904340371489525,0.549079418182373,0.011649440042674541,0.1450771689414978,0.019252629950642586,0.3624553382396698,0.009409267455339432,0.1985471099615097,0.07224991917610168,0.32053712010383606,0.7729007005691528,0.009462638758122921,2.1808338165283203,0.3002060055732727,,,,,,,,,,,,,,,
,0.00029982403116857317,4559,,,,,,,,,,,,,,,,,,,,,,,,,,,,,,
6,,4559,0.07892243564128876,0.09006951749324799,0.4488166570663452,0.005384532734751701,0.11873773485422134,0.01612432673573494,0.34052032232284546,0.020411580801010132,0.14257420599460602,0.08223939687013626,0.31755706667900085,0.6533386707305908,0.00500811543315649,2.2119410037994385,0.2370074987411499,,,,,,,,,,,,,,,
,0.00029981768029853405,4569,,,,,,,,,,,,,,,,,,,,,,,,,,,,,,
6,,4569,0.0864400640130043,0.05076286569237709,0.4716067314147949,0.012669868767261505,0.09775169938802719,0.010162939317524433,0.3584156930446625,0.011469608172774315,0.15358290076255798,0.05927498638629913,0.30025768280029297,0.6461927890777588,0.005958375986665487,2.097102165222168,0.23146234452724457,,,,,,,,,,,,,,,
,0.00029981121691649516,4579,,,,,,,,,,,,,,,,,,,,,,,,,,,,,,
6,,4579,0.11234171688556671,0.04382183030247688,0.44698095321655273,0.009761673398315907,0.11668173968791962,0.012491161935031414,0.3212716579437256,0.016154099255800247,0.19622163474559784,0.05022168904542923,0.2998395562171936,0.6878199577331543,0.00428178533911705,2.237764596939087,0.23457245528697968,,,,,,,,,,,,,,,
,0.00029980464102731037,4589,,,,,,,,,,,,,,,,,,,,,,,,,,,,,,
6,,4589,0.094066321849823,0.06190858781337738,0.5014686584472656,0.00834496971219778,0.1355256289243698,0.020781125873327255,0.44640052318573,0.01757747121155262,0.30979835987091064,0.05525127798318863,0.28807488083839417,0.8739630579948425,0.0067608654499053955,2.2257754802703857,0.2915649116039276,,,,,,,,,,,,,,,
,0.00029979795263591826,4599,,,,,,,,,,,,,,,,,,,,,,,,,,,,,,
6,,4599,0.07512407004833221,0.06321986019611359,0.5895410776138306,0.01834673061966896,0.12350168824195862,0.0120163569226861,0.412783682346344,0.01208818331360817,0.15568530559539795,0.08497628569602966,0.28717491030693054,0.7159344553947449,0.004987075459212065,2.1418344974517822,0.24951303005218506,,,,,,,,,,,,,,,
,0.0002997911517473416,4609,,,,,,,,,,,,,,,,,,,,,,,,,,,,,,
6,,4609,0.07193490117788315,0.06936553865671158,0.5174339413642883,0.010412286035716534,0.1506403684616089,0.01986505836248398,0.36883431673049927,0.01556803472340107,0.1529565304517746,0.07585790008306503,0.30940714478492737,0.7057927846908569,0.006710908375680447,2.1620726585388184,0.2937995195388794,,,,,,,,,,,,,,,
,0.0002997842383666879,4619,,,,,,,,,,,,,,,,,,,,,,,,,,,,,,
6,,4619,0.12641774117946625,0.05212218686938286,0.44649848341941833,0.00451700109988451,0.14457935094833374,0.007537203375250101,0.38873422145843506,0.02513224072754383,0.34018367528915405,0.07879388332366943,0.29940682649612427,0.8758787512779236,0.004675560165196657,2.134890079498291,0.248551607131958,,,,,,,,,,,,,,,
,0.0002997772124991491,4629,,,,,,,,,,,,,,,,,,,,,,,,,,,,,,
6,,4629,0.09795068949460983,0.04579857364296913,0.4703427851200104,0.02012898400425911,0.10339543968439102,0.01507352665066719,0.31694427132606506,0.007359876297414303,0.12824715673923492,0.06964834034442902,0.28307291865348816,0.6135488748550415,0.0017597952391952276,2.0834217071533203,0.22657299041748047,,,,,,,,,,,,,,,
,0.00029977007415000155,4639,,,,,,,,,,,,,,,,,,,,,,,,,,,,,,
6,,4639,0.09628160297870636,0.08311497420072556,0.5346202254295349,0.008163707330822945,0.13155297935009003,0.008268988691270351,0.40632113814353943,0.02097812294960022,0.23401322960853577,0.07287998497486115,0.33135002851486206,0.8068364262580872,0.007078718394041061,2.1315903663635254,0.2634159028530121,,,,,,,,,,,,,,,
,0.00029976282332460605,4649,,,,,,,,,,,,,,,,,,,,,,,,,,,,,,
6,,4649,0.05930405855178833,0.044651780277490616,0.5593166351318359,0.0037467251531779766,0.12090273201465607,0.015527932904660702,0.354185551404953,0.007141388487070799,0.10365667194128036,0.08166789263486862,0.2836584746837616,0.6114823222160339,0.014604337513446808,2.1671700477600098,0.23835836350917816,,,,,,,,,,,,,,,
,0.00029975546002840786,4659,,,,,,,,,,,,,,,,,,,,,,,,,,,,,,
6,,4659,0.1078086718916893,0.0957418903708458,0.6100302338600159,0.019504334777593613,0.14983706176280975,0.02104380540549755,0.49452462792396545,0.020604055374860764,0.34288981556892395,0.08438679575920105,0.3518266975879669,1.0100523233413696,0.0014279502211138606,2.1430234909057617,0.31926777958869934,,,,,,,,,,,,,,,
,0.00029974798426693694,4669,,,,,,,,,,,,,,,,,,,,,,,,,,,,,,
6,,4669,0.11478154361248016,0.07117975503206253,0.4764583706855774,0.0049811434000730515,0.15455535054206848,0.013237813487648964,0.4132373332977295,0.020066726952791214,0.21912695467472076,0.09432394057512283,0.3187868297100067,0.7896586656570435,0.0031422318425029516,2.1152634620666504,0.2902279198169708,,,,,,,,,,,,,,,
,0.00029974039604580737,4679,,,,,,,,,,,,,,,,,,,,,,,,,,,,,,
6,,4679,0.12655009329319,0.09424463659524918,0.48659029603004456,0.006123834289610386,0.13712641596794128,0.01469938363879919,0.35813260078430176,0.013890148140490055,0.26312607526779175,0.0955050140619278,0.2953208386898041,0.8197442293167114,0.002464837394654751,2.2019121646881104,0.27545011043548584,,,,,,,,,,,,,,,
,0.00029973269537071797,4689,,,,,,,,,,,,,,,,,,,,,,,,,,,,,,
6,,4689,0.14583532512187958,0.05327412486076355,0.5110799074172974,0.014257601462304592,0.17143510282039642,0.02116689831018448,0.4096595346927643,0.02478751540184021,0.4740445613861084,0.12736943364143372,0.32366588711738586,1.0993218421936035,0.005982132162898779,2.1673476696014404,0.31001028418540955,,,,,,,,,,,,,,,
,0.0002997248822474518,4699,,,,,,,,,,,,,,,,,,,,,,,,,,,,,,
6,,4699,0.09212508052587509,0.09743686765432358,0.45837831497192383,0.006444764789193869,0.10630141198635101,0.02342008613049984,0.3968634605407715,0.02593424916267395,0.19582657516002655,0.05730284005403519,0.2914116680622101,0.7373781800270081,0.005332943983376026,2.1181294918060303,0.2563662528991699,,,,,,,,,,,,,,,
,0.0002997169566818765,4709,,,,,,,,,,,,,,,,,,,,,,,,,,,,,,
6,,4709,0.13040997087955475,0.13417868316173553,0.642501711845398,0.009623976424336433,0.14986176788806915,0.017382005229592323,0.4928053915500641,0.02085789293050766,0.23432213068008423,0.07188136130571365,0.3300761878490448,0.9360446929931641,0.011265458539128304,2.152404308319092,0.3406433165073395,,,,,,,,,,,,,,,
,0.0002997089186799441,4719,,,,,,,,,,,,,,,,,,,,,,,,,,,,,,
6,,4719,0.10744345188140869,0.06507580727338791,0.48622480034828186,0.007196167018264532,0.1275838166475296,0.04217889904975891,0.41489097476005554,0.02038312330842018,0.2335214614868164,0.049028683453798294,0.2843078374862671,0.7846239805221558,0.00965837948024273,2.0936672687530518,0.2244042605161667,,,,,,,,,,,,,,,
,0.0002997007682476911,4729,,,,,,,,,,,,,,,,,,,,,,,,,,,,,,
6,,4729,0.13439348340034485,0.08630997687578201,0.4994817078113556,0.013583960011601448,0.1466146856546402,0.027694331482052803,0.3943098485469818,0.0379529669880867,0.3354128301143646,0.08743493258953094,0.33765333890914917,0.9737486243247986,0.009890567511320114,2.103144884109497,0.31872954964637756,,,,,,,,,,,,,,,
,0.0002996925053912384,4739,,,,,,,,,,,,,,,,,,,,,,,,,,,,,,
6,,4739,0.13047324120998383,0.055570606142282486,0.4972740411758423,0.02149699255824089,0.14914295077323914,0.014766478911042213,0.40065065026283264,0.016578756272792816,0.33742308616638184,0.09693241864442825,0.2976917624473572,0.9254906177520752,0.0013219707179814577,2.2032740116119385,0.3103763163089752,,,,,,,,,,,,,,,
,0.00029968413011679135,4749,,,,,,,,,,,,,,,,,,,,,,,,,,,,,,
6,,4749,0.12543655931949615,0.04033353179693222,0.4895496964454651,0.012323924340307713,0.12599101662635803,0.012320829555392265,0.416042298078537,0.03216053918004036,0.3707369267940521,0.06332765519618988,0.29276108741760254,0.9437785744667053,0.011654457077383995,2.2467145919799805,0.2715534269809723,,,,,,,,,,,,,,,
,0.0002996756424306398,4759,,,,,,,,,,,,,,,,,,,,,,,,,,,,,,
6,,4759,0.06868094205856323,0.1144837811589241,0.515557050704956,0.010931485332548618,0.10794685781002045,0.019379297271370888,0.4467605650424957,0.021310091018676758,0.2065238356590271,0.07456470280885696,0.30047357082366943,0.7692779302597046,0.006697470787912607,2.1582717895507812,0.23122656345367432,,,,,,,,,,,,,,,
,0.0002996670423391578,4769,,,,,,,,,,,,,,,,,,,,,,,,,,,,,,
6,,4769,0.08802913874387741,0.049374938011169434,0.493394136428833,0.007340814918279648,0.1297019124031067,0.011220176704227924,0.32900768518447876,0.016042053699493408,0.2247036099433899,0.06624956429004669,0.32977497577667236,0.7429272532463074,0.004872194025665522,2.153424024581909,0.27335312962532043,,,,,,,,,,,,,,,
,0.000299658329848804,4779,,,,,,,,,,,,,,,,,,,,,,,,,,,,,,
6,,4779,0.09202145040035248,0.06493491679430008,0.4490908086299896,0.024913309141993523,0.09707026928663254,0.028671802952885628,0.403974324464798,0.011026916094124317,0.12130146473646164,0.10905446112155914,0.29447194933891296,0.6501392722129822,0.006368130445480347,2.1058340072631836,0.2165595293045044,,,,,,,,,,,,,,,
,0.00029964950496612147,4789,,,,,,,,,,,,,,,,,,,,,,,,,,,,,,
6,,4789,0.11072057485580444,0.06430849432945251,0.4231434166431427,0.00981038250029087,0.11352752149105072,0.019094329327344894,0.2913190424442291,0.03287310525774956,0.24059981107711792,0.07994195073843002,0.29794636368751526,0.7504721283912659,0.0034717118833214045,2.129904270172119,0.24450330436229706,,,,,,,,,,,,,,,
,0.0002996405676977376,4799,,,,,,,,,,,,,,,,,,,,,,,,,,,,,,
6,,4799,0.1266566663980484,0.03384753316640854,0.42656052112579346,0.02728475071489811,0.12420697510242462,0.0192751195281744,0.3217993378639221,0.024925099685788155,0.3454267382621765,0.08044853806495667,0.28917258977890015,0.8800529837608337,0.002860873006284237,2.1717936992645264,0.2789304852485657,,,,,,,,,,,,,,,
,0.00029963151805036424,4809,,,,,,,,,,,,,,,,,,,,,,,,,,,,,,
6,,4809,0.08833812922239304,0.051026344299316406,0.4508183002471924,0.006124952808022499,0.12136700004339218,0.012387868948280811,0.3172265291213989,0.020535025745630264,0.19079521298408508,0.06222113221883774,0.2825206518173218,0.6681208610534668,0.002048657275736332,2.1158485412597656,0.22370748221874237,,,,,,,,,,,,,,,
,0.00029962235603079755,4819,,,,,,,,,,,,,,,,,,,,,,,,,,,,,,
6,,4819,0.09748829156160355,0.08142952620983124,0.49360743165016174,0.0026090622413903475,0.13362117111682892,0.022417869418859482,0.35488519072532654,0.014660695567727089,0.24056950211524963,0.072810597717762,0.296001136302948,0.7748605012893677,0.0038217916153371334,2.207035779953003,0.26781293749809265,,,,,,,,,,,,,,,
,0.0002996130816459182,4829,,,,,,,,,,,,,,,,,,,,,,,,,,,,,,
6,,4829,0.1383887529373169,0.0703430026769638,0.4945296347141266,0.010926621034741402,0.11447165906429291,0.019840184599161148,0.34034815430641174,0.022084608674049377,0.24584509432315826,0.07805304229259491,0.26034456491470337,0.7932865619659424,0.009785548783838749,2.1185989379882812,0.2385077029466629,,,,,,,,,,,,,,,
,0.0002996036949026911,4839,,,,,,,,,,,,,,,,,,,,,,,,,,,,,,
6,,4839,0.09508638828992844,0.05839439481496811,0.4987920820713043,0.015700822696089745,0.11549541354179382,0.018772749230265617,0.3565868139266968,0.030130911618471146,0.2295272946357727,0.06507697701454163,0.29168787598609924,0.7632916569709778,0.012831732630729675,2.1565306186676025,0.19685426354408264,,,,,,,,,,,,,,,
,0.0002995941958081658,4849,,,,,,,,,,,,,,,,,,,,,,,,,,,,,,
6,,4849,0.0849297046661377,0.05728403106331825,0.5495836138725281,0.004499393980950117,0.15538690984249115,0.011363290250301361,0.3717217445373535,0.021742068231105804,0.220176562666893,0.05942220613360405,0.32385697960853577,0.7806968688964844,0.002505434909835458,2.147084951400757,0.30125442147254944,,,,,,,,,,,,,,,
,0.00029958458436947586,4859,,,,,,,,,,,,,,,,,,,,,,,,,,,,,,
6,,4859,0.07329396158456802,0.0989694744348526,0.5302370190620422,0.011149288155138493,0.15080630779266357,0.008984819985926151,0.44606247544288635,0.014514635317027569,0.15588194131851196,0.0895354226231575,0.2939555048942566,0.7298773527145386,0.002999313408508897,2.1962153911590576,0.28031790256500244,,,,,,,,,,,,,,,
6,,4864,,,,,,,,,,,,,,,,0.20481020212173462,0.03682834282517433,0.2782140076160431,0.007402029354125261,0.072159044444561,0.0028391359373927116,0.18914909660816193,0.035868752747774124,0.251731276512146,0.06912918388843536,0.17720870673656464,0.6599953174591064,0.008799844421446323,2.2366371154785156,0.14345020055770874
,0.0002995748605938395,4869,,,,,,,,,,,,,,,,,,,,,,,,,,,,,,
7,,4869,0.11430669575929642,0.0683402493596077,0.4931165277957916,0.009271573275327682,0.15655897557735443,0.012196234427392483,0.3375017046928406,0.020311502739787102,0.27217692136764526,0.10668638348579407,0.3035873472690582,0.8431234955787659,0.003909645136445761,2.0949599742889404,0.32898586988449097,,,,,,,,,,,,,,,
,0.0002995650244885592,4879,,,,,,,,,,,,,,,,,,,,,,,,,,,,,,
7,,4879,0.17689776420593262,0.03993856534361839,0.42651766538619995,0.0039024476427584887,0.13193318247795105,0.011815018951892853,0.31283849477767944,0.016463901847600937,0.2727563977241516,0.08622130751609802,0.26552507281303406,0.7917493581771851,0.01124547328799963,2.2036964893341064,0.23954300582408905,,,,,,,,,,,,,,,
,0.0002995550760610218,4889,,,,,,,,,,,,,,,,,,,,,,,,,,,,,,
7,,4889,0.0948161631822586,0.04690804332494736,0.3792477250099182,0.005687259137630463,0.12095718085765839,0.014385975897312164,0.30853134393692017,0.020323019474744797,0.2149597555398941,0.12429013848304749,0.2988499104976654,0.7043600082397461,0.011012600734829903,2.214266300201416,0.26484382152557373,,,,,,,,,,,,,,,
,0.0002995450153186985,4899,,,,,,,,,,,,,,,,,,,,,,,,,,,,,,
7,,4899,0.07886622846126556,0.05096782371401787,0.504561185836792,0.010199080221354961,0.12094353884458542,0.014009052887558937,0.3122430145740509,0.01724082976579666,0.22070656716823578,0.05957481265068054,0.2612059414386749,0.713104784488678,0.003129304386675358,2.1611969470977783,0.24720600247383118,,,,,,,,,,,,,,,
,0.0002995348422691448,4909,,,,,,,,,,,,,,,,,,,,,,,,,,,,,,
7,,4909,0.13115304708480835,0.040913574397563934,0.4603564143180847,0.012544021010398865,0.1414850503206253,0.030153101310133934,0.383441686630249,0.03028753586113453,0.3720635771751404,0.082059346139431,0.31800273060798645,0.9487391114234924,0.004376938566565514,2.1608920097351074,0.29066821932792664,,,,,,,,,,,,,,,
,0.00029952455692000064,4919,,,,,,,,,,,,,,,,,,,,,,,,,,,,,,
7,,4919,0.1754164695739746,0.06545110791921616,0.4934329390525818,0.009895134717226028,0.1835910975933075,0.07975634187459946,0.4369058907032013,0.03171035274863243,0.6563218235969543,0.09413115680217743,0.32709193229675293,1.3496496677398682,0.014207516796886921,2.1079442501068115,0.3368538022041321,,,,,,,,,,,,,,,
,0.0002995141592789902,4929,,,,,,,,,,,,,,,,,,,,,,,,,,,,,,
7,,4929,0.1389700323343277,0.06155655160546303,0.48855239152908325,0.017342189326882362,0.1411137580871582,0.016491319984197617,0.3869924545288086,0.03947695344686508,0.34360837936401367,0.0694076269865036,0.29692935943603516,0.9444829821586609,0.005257944110780954,2.1120662689208984,0.29351627826690674,,,,,,,,,,,,,,,
,0.0002995036493539221,4939,,,,,,,,,,,,,,,,,,,,,,,,,,,,,,
7,,4939,0.09143459796905518,0.0914120301604271,0.5771020650863647,0.012350992299616337,0.12497910857200623,0.01862158626317978,0.4623994827270508,0.022660069167613983,0.23395109176635742,0.059554144740104675,0.3189656138420105,0.8382788300514221,0.0072169057093560696,2.154022455215454,0.25935104489326477,,,,,,,,,,,,,,,
,0.00029949302715268913,4949,,,,,,,,,,,,,,,,,,,,,,,,,,,,,,
7,,4949,0.11162401735782623,0.0881773829460144,0.4986525774002075,0.010928675532341003,0.15252242982387543,0.010161379352211952,0.41930216550827026,0.0218987874686718,0.23938927054405212,0.08916730433702469,0.3290989100933075,0.8398615717887878,0.007864638231694698,2.137620449066162,0.30623236298561096,,,,,,,,,,,,,,,
,0.0002994822926832686,4959,,,,,,,,,,,,,,,,,,,,,,,,,,,,,,
7,,4959,0.14070507884025574,0.08871340751647949,0.49020320177078247,0.012852590531110764,0.11756731569766998,0.08404523879289627,0.4202987551689148,0.021508200094103813,0.3107195198535919,0.08034269511699677,0.31050539016723633,0.934333860874176,0.0025828126817941666,2.112828016281128,0.2771008610725403,,,,,,,,,,,,,,,
,0.0002994714459537219,4969,,,,,,,,,,,,,,,,,,,,,,,,,,,,,,
7,,4969,0.12004274129867554,0.07110067456960678,0.4771183133125305,0.007469789125025272,0.16266100108623505,0.017442645505070686,0.3696834146976471,0.028229761868715286,0.334878146648407,0.0728391706943512,0.3352208137512207,0.9150664806365967,0.0015801354311406612,2.121887445449829,0.30511346459388733,,,,,,,,,,,,,,,
,0.0002994604869721949,4979,,,,,,,,,,,,,,,,,,,,,,,,,,,,,,
7,,4979,0.09198930114507675,0.057527244091033936,0.5074998140335083,0.012565962970256805,0.12191906571388245,0.02276528812944889,0.31594863533973694,0.0202384851872921,0.18676912784576416,0.11530404537916183,0.3060595691204071,0.7364485263824463,0.00410702358931303,2.220863103866577,0.30718451738357544,,,,,,,,,,,,,,,
,0.00029944941574691777,4989,,,,,,,,,,,,,,,,,,,,,,,,,,,,,,
7,,4989,0.11962177604436874,0.039119452238082886,0.45754992961883545,0.012307882308959961,0.11536295711994171,0.019874462857842445,0.3125399351119995,0.026063770055770874,0.2051973044872284,0.118838369846344,0.314644455909729,0.733599841594696,0.00489423843100667,2.1489639282226562,0.24915120005607605,,,,,,,,,,,,,,,
,0.0002994382322862048,4999,,,,,,,,,,,,,,,,,,,,,,,,,,,,,,
7,,4999,0.09258156269788742,0.06259797513484955,0.43739286065101624,0.007069181650876999,0.10041648149490356,0.024562610313296318,0.33973297476768494,0.017121408134698868,0.2105320543050766,0.0659385696053505,0.276305228471756,0.6967299580574036,0.005365261808037758,2.1837685108184814,0.2220790982246399,,,,,,,,,,,,,,,
,0.0002994269365984548,5009,,,,,,,,,,,,,,,,,,,,,,,,,,,,,,
7,,5009,0.07986731082201004,0.0864696055650711,0.554182767868042,0.006801981944590807,0.1285841017961502,0.022803407162427902,0.4154721200466156,0.015239023603498936,0.2085403949022293,0.06806427240371704,0.31376710534095764,0.7648915648460388,0.0022967730183154345,2.181537389755249,0.23619402945041656,,,,,,,,,,,,,,,
,0.0002994155286921507,5019,,,,,,,,,,,,,,,,,,,,,,,,,,,,,,
7,,5019,0.10772058367729187,0.0427970290184021,0.4584849774837494,0.003793325973674655,0.12121681123971939,0.014224210754036903,0.3164803981781006,0.0208289697766304,0.2281981259584427,0.07301934063434601,0.27990543842315674,0.7267104983329773,0.003285035490989685,2.1511926651000977,0.2620335519313812,,,,,,,,,,,,,,,
,0.00029940400857585977,5029,,,,,,,,,,,,,,,,,,,,,,,,,,,,,,
7,,5029,0.10227108746767044,0.05632368475198746,0.47710463404655457,0.009812021628022194,0.12593431770801544,0.013151931576430798,0.39435651898384094,0.031340695917606354,0.3182087242603302,0.05403522402048111,0.31631559133529663,0.8788490295410156,0.011606436222791672,2.2124550342559814,0.2768920660018921,,,,,,,,,,,,,,,
,0.0002993923762582335,5039,,,,,,,,,,,,,,,,,,,,,,,,,,,,,,
7,,5039,0.1364556849002838,0.04046081751585007,0.49900022149086,0.014078534208238125,0.14069491624832153,0.009876936674118042,0.3605292737483978,0.025768674910068512,0.27331626415252686,0.0638110563158989,0.3149698078632355,0.8458052277565002,0.006052170414477587,2.2500648498535156,0.2988906502723694,,,,,,,,,,,,,,,
,0.00029938063174800766,5049,,,,,,,,,,,,,,,,,,,,,,,,,,,,,,
7,,5049,0.056260012090206146,0.052278853952884674,0.5310481190681458,0.007409618701785803,0.10651633143424988,0.01715339906513691,0.31625017523765564,0.013958918862044811,0.11509191244840622,0.08027483522891998,0.26854458451271057,0.6107922792434692,0.006236400920897722,2.141691207885742,0.26573655009269714,,,,,,,,,,,,,,,
,0.0002993687750540024,5059,,,,,,,,,,,,,,,,,,,,,,,,,,,,,,
7,,5059,0.08735980838537216,0.04265550896525383,0.4370247721672058,0.0060363467782735825,0.10289561003446579,0.010523660108447075,0.2850496172904968,0.015911340713500977,0.15985797345638275,0.0541144460439682,0.30116453766822815,0.6099564433097839,0.003998233936727047,2.1471011638641357,0.2056828886270523,,,,,,,,,,,,,,,
,0.00029935680618512194,5069,,,,,,,,,,,,,,,,,,,,,,,,,,,,,,
7,,5069,0.07134464383125305,0.07996373623609543,0.44332218170166016,0.0039033140055835247,0.09416461735963821,0.009980990551412106,0.3614977300167084,0.011497478000819683,0.13478785753250122,0.10445652902126312,0.2448626309633255,0.6007004976272583,0.002796129323542118,2.1969056129455566,0.21171391010284424,,,,,,,,,,,,,,,
,0.0002993447251503548,5079,,,,,,,,,,,,,,,,,,,,,,,,,,,,,,
7,,5079,0.1628650277853012,0.06972035765647888,0.5693178772926331,0.014345523901283741,0.1688537448644638,0.02203630656003952,0.5191536545753479,0.02569306083023548,0.35460448265075684,0.09345638006925583,0.3204580843448639,1.046203851699829,0.008311674930155277,2.148042678833008,0.3400098979473114,,,,,,,,,,,,,,,
,0.00029933253195877377,5089,,,,,,,,,,,,,,,,,,,,,,,,,,,,,,
7,,5089,0.1392849236726761,0.05726366862654686,0.4978843033313751,0.005865417420864105,0.1156705915927887,0.01557669136673212,0.39700591564178467,0.0340210422873497,0.27090001106262207,0.0948699489235878,0.2700948715209961,0.8315138220787048,0.003812724258750677,2.074801206588745,0.235981285572052,,,,,,,,,,,,,,,
,0.0002993202266195359,5099,,,,,,,,,,,,,,,,,,,,,,,,,,,,,,
7,,5099,0.15710817277431488,0.04535778984427452,0.5294739007949829,0.015432232990860939,0.1512719988822937,0.018939845263957977,0.3572884202003479,0.023793142288923264,0.36292698979377747,0.10987695306539536,0.3223922550678253,0.9750204682350159,0.003374903229996562,2.0813143253326416,0.3212794065475464,,,,,,,,,,,,,,,
,0.0002993078091418823,5109,,,,,,,,,,,,,,,,,,,,,,,,,,,,,,
7,,5109,0.09208762645721436,0.03645819053053856,0.49109670519828796,0.008744524791836739,0.11309630423784256,0.0176418237388134,0.324450820684433,0.022677451372146606,0.25588056445121765,0.07496238499879837,0.28044307231903076,0.7474558353424072,0.0031733347568660975,2.086042881011963,0.21161054074764252,,,,,,,,,,,,,,,
,0.0002992952795351385,5119,,,,,,,,,,,,,,,,,,,,,,,,,,,,,,
7,,5119,0.07902226597070694,0.06342875957489014,0.5463646054267883,0.00486907921731472,0.12496007233858109,0.017369652166962624,0.360050767660141,0.019820604473352432,0.16359741985797882,0.06259149312973022,0.331967830657959,0.7034922242164612,0.002826173324137926,2.146547794342041,0.2595568001270294,,,,,,,,,,,,,,,
,0.0002992826378087141,5129,,,,,,,,,,,,,,,,,,,,,,,,,,,,,,
7,,5129,0.13703306019306183,0.06826156377792358,0.5169743895530701,0.005542299710214138,0.1412312537431717,0.017515242099761963,0.41660138964653015,0.019350333139300346,0.2433498352766037,0.07792139053344727,0.31049060821533203,0.8235462307929993,0.004171989392489195,2.1655197143554688,0.26072028279304504,,,,,,,,,,,,,,,
,0.00029926988397210294,5139,,,,,,,,,,,,,,,,,,,,,,,,,,,,,,
7,,5139,0.09960853308439255,0.04493804648518562,0.3967019021511078,0.006492013577371836,0.11344868689775467,0.026931896805763245,0.29945108294487,0.025642767548561096,0.25278592109680176,0.07398279756307602,0.27386122941970825,0.7275812029838562,0.006862809415906668,2.1372272968292236,0.2214903086423874,,,,,,,,,,,,,,,
,0.0002992570180348831,5149,,,,,,,,,,,,,,,,,,,,,,,,,,,,,,
7,,5149,0.11348341405391693,0.08029519766569138,0.47033727169036865,0.014601688832044601,0.1455598920583725,0.011479871347546577,0.4095239043235779,0.01929202303290367,0.29884767532348633,0.07352758944034576,0.26404935121536255,0.8615079522132874,0.0036614581476897,2.1248767375946045,0.2893141508102417,,,,,,,,,,,,,,,
,0.0002992440400067168,5159,,,,,,,,,,,,,,,,,,,,,,,,,,,,,,
7,,5159,0.11767242103815079,0.048021622002124786,0.4275420308113098,0.010317103937268257,0.1199691891670227,0.0190773606300354,0.31968018412590027,0.03806228190660477,0.31916600465774536,0.07702251523733139,0.2837933301925659,0.8347992897033691,0.0021264217793941498,2.2171132564544678,0.23685652017593384,,,,,,,,,,,,,,,
,0.0002992309498973504,5169,,,,,,,,,,,,,,,,,,,,,,,,,,,,,,
7,,5169,0.10420453548431396,0.044978417456150055,0.3837558925151825,0.009070195257663727,0.11625882983207703,0.015763651579618454,0.3259018361568451,0.020364031195640564,0.22032150626182556,0.1347598433494568,0.28792625665664673,0.696475625038147,0.004305432550609112,2.122607469558716,0.20324259996414185,,,,,,,,,,,,,,,
,0.00029921774771661454,5179,,,,,,,,,,,,,,,,,,,,,,,,,,,,,,
7,,5179,0.1086491271853447,0.07973422110080719,0.5170666575431824,0.006533224601298571,0.11276988685131073,0.023763956502079964,0.38772398233413696,0.02465054765343666,0.21295897662639618,0.05565011128783226,0.27653709053993225,0.7762361168861389,0.01018508430570364,2.095517158508301,0.266365647315979,,,,,,,,,,,,,,,
,0.00029920443347442385,5189,,,,,,,,,,,,,,,,,,,,,,,,,,,,,,
7,,5189,0.11309332400560379,0.06658726930618286,0.5171499252319336,0.013143463991582394,0.12724971771240234,0.03353982791304588,0.3914107084274292,0.02336067706346512,0.26304805278778076,0.048020441085100174,0.2682330012321472,0.8138954043388367,0.002293928526341915,2.1626012325286865,0.22146016359329224,,,,,,,,,,,,,,,
,0.0002991910071807774,5199,,,,,,,,,,,,,,,,,,,,,,,,,,,,,,
7,,5199,0.06600043922662735,0.08385016769170761,0.5807576775550842,0.009296533651649952,0.12620948255062103,0.016904916614294052,0.4466409385204315,0.012792585417628288,0.17192837595939636,0.0789322480559349,0.30547672510147095,0.750215470790863,0.01918371394276619,2.162839889526367,0.2388210892677307,,,,,,,,,,,,,,,
,0.00029917746884575814,5209,,,,,,,,,,,,,,,,,,,,,,,,,,,,,,
7,,5209,0.13384783267974854,0.05399661883711815,0.46353578567504883,0.009012480266392231,0.11402518302202225,0.030315091833472252,0.30410411953926086,0.015816580504179,0.24937163293361664,0.08233746141195297,0.31556621193885803,0.7755533456802368,0.0047732810489833355,2.122056245803833,0.24614156782627106,,,,,,,,,,,,,,,
,0.00029916381847953325,5219,,,,,,,,,,,,,,,,,,,,,,,,,,,,,,
7,,5219,0.11182291805744171,0.05301268771290779,0.47030481696128845,0.010908465832471848,0.12148233503103256,0.03266075253486633,0.3248065114021301,0.023129122331738472,0.21598424017429352,0.05409897118806839,0.2915799915790558,0.7505282163619995,0.002188178012147546,2.1528868675231934,0.28592243790626526,,,,,,,,,,,,,,,
,0.00029915005609235405,5229,,,,,,,,,,,,,,,,,,,,,,,,,,,,,,
7,,5229,0.15509195625782013,0.12687231600284576,0.49363207817077637,0.005945280194282532,0.14100413024425507,0.033203400671482086,0.4453718364238739,0.027874412015080452,0.397249311208725,0.05617094039916992,0.3181803226470947,1.0392829179763794,0.0024086576886475086,2.1804914474487305,0.3138773739337921,,,,,,,,,,,,,,,
,0.000299136181694556,5239,,,,,,,,,,,,,,,,,,,,,,,,,,,,,,
7,,5239,0.1292208731174469,0.08928035944700241,0.4762781262397766,0.00782314594835043,0.1278364509344101,0.019368736073374748,0.38276684284210205,0.03386516496539116,0.27290886640548706,0.06970854848623276,0.30335190892219543,0.8486073613166809,0.011528543196618557,2.157259225845337,0.2360456883907318,,,,,,,,,,,,,,,
,0.0002991221952965588,5249,,,,,,,,,,,,,,,,,,,,,,,,,,,,,,
7,,5249,0.11387595534324646,0.04251402989029884,0.3630352318286896,0.005454696714878082,0.1059013307094574,0.018229033797979355,0.26789402961730957,0.017690502107143402,0.21031253039836884,0.07485982775688171,0.2721981704235077,0.6609845161437988,0.005900516640394926,2.189979076385498,0.23513412475585938,,,,,,,,,,,,,,,
,0.00029910809690886594,5259,,,,,,,,,,,,,,,,,,,,,,,,,,,,,,
7,,5259,0.14182686805725098,0.054127082228660583,0.499568909406662,0.009183468297123909,0.14097805321216583,0.014043274335563183,0.3598850667476654,0.028802111744880676,0.2201765924692154,0.07898065447807312,0.29847729206085205,0.7844874262809753,0.0043573142029345036,2.14526629447937,0.2525099217891693,,,,,,,,,,,,,,,
,0.00029909388654206535,5269,,,,,,,,,,,,,,,,,,,,,,,,,,,,,,
7,,5269,0.08872925490140915,0.05465291067957878,0.47273412346839905,0.011068000458180904,0.09861043095588684,0.012413798831403255,0.35566046833992004,0.013044166378676891,0.20302782952785492,0.08502357453107834,0.31459060311317444,0.6876416802406311,0.004229474812746048,2.1727256774902344,0.17593306303024292,,,,,,,,,,,,,,,
,0.0002990795642068289,5279,,,,,,,,,,,,,,,,,,,,,,,,,,,,,,
7,,5279,0.06963925808668137,0.04822136089205742,0.44270750880241394,0.010508088394999504,0.08548090606927872,0.008760456927120686,0.2829018831253052,0.011345448903739452,0.14523319900035858,0.06269125640392303,0.26806142926216125,0.5887438654899597,0.014425053261220455,2.1871416568756104,0.2027326226234436,,,,,,,,,,,,,,,
,0.0002990651299139124,5289,,,,,,,,,,,,,,,,,,,,,,,,,,,,,,
7,,5289,0.08099356293678284,0.04793720692396164,0.3968198895454407,0.006256152410060167,0.11361829936504364,0.014208910055458546,0.2838912010192871,0.018685612827539444,0.2116135060787201,0.0754837766289711,0.26939594745635986,0.6504200100898743,0.0031904529314488173,2.098888397216797,0.20091015100479126,,,,,,,,,,,,,,,
,0.0002990505836741561,5299,,,,,,,,,,,,,,,,,,,,,,,,,,,,,,
7,,5299,0.15561674535274506,0.056274496018886566,0.42950916290283203,0.010883667506277561,0.11721218377351761,0.03751268982887268,0.31460294127464294,0.02273128181695938,0.21828578412532806,0.053083986043930054,0.272889643907547,0.7444795370101929,0.002172954846173525,2.2117695808410645,0.2399473637342453,,,,,,,,,,,,,,,
,0.000299035925498484,5309,,,,,,,,,,,,,,,,,,,,,,,,,,,,,,
7,,5309,0.07524438947439194,0.04553666710853577,0.4076407849788666,0.004709767177700996,0.09391335397958755,0.01267199870198965,0.30278700590133667,0.014006957411766052,0.1539304107427597,0.046451520174741745,0.28671035170555115,0.6095253229141235,0.015505395829677582,2.2482550144195557,0.24474278092384338,,,,,,,,,,,,,,,
,0.00029902115539790435,5319,,,,,,,,,,,,,,,,,,,,,,,,,,,,,,
7,,5319,0.11075948178768158,0.042389363050460815,0.41047513484954834,0.0056496537290513515,0.09980017691850662,0.020440666005015373,0.2608911991119385,0.022805463522672653,0.23647190630435944,0.09302180260419846,0.26438871026039124,0.7029107809066772,0.002927153604105115,2.1914446353912354,0.24118149280548096,,,,,,,,,,,,,,,
,0.0002990062733835094,5329,,,,,,,,,,,,,,,,,,,,,,,,,,,,,,
7,,5329,0.09331034868955612,0.0377887487411499,0.3712519109249115,0.00653709564357996,0.10700201243162155,0.018051989376544952,0.2519403398036957,0.02204570174217224,0.18893487751483917,0.05181193724274635,0.25438398122787476,0.6218779683113098,0.00935641024261713,2.1418402194976807,0.21482494473457336,,,,,,,,,,,,,,,
,0.0002989912794664754,5339,,,,,,,,,,,,,,,,,,,,,,,,,,,,,,
7,,5339,0.14502951502799988,0.0590541698038578,0.4388705790042877,0.013285803608596325,0.14892810583114624,0.021315554156899452,0.3636777997016907,0.018758008256554604,0.4152984321117401,0.08943645656108856,0.2834448516368866,0.9817835688591003,0.008363659493625164,2.1624090671539307,0.29788777232170105,,,,,,,,,,,,,,,
,0.0002989761736580626,5349,,,,,,,,,,,,,,,,,,,,,,,,,,,,,,
7,,5349,0.09781244397163391,0.06114913895726204,0.43427005410194397,0.01141736377030611,0.11440873891115189,0.01670672371983528,0.3494116961956024,0.018259292468428612,0.20213593542575836,0.117327019572258,0.30549079179763794,0.7271465063095093,0.004285065457224846,2.0938479900360107,0.2813209593296051,,,,,,,,,,,,,,,
,0.0002989609559696155,5359,,,,,,,,,,,,,,,,,,,,,,,,,,,,,,
7,,5359,0.10592007637023926,0.04824617877602577,0.46819278597831726,0.007815010845661163,0.11929447203874588,0.014705443754792213,0.327303409576416,0.01673045940697193,0.24431678652763367,0.06729789078235626,0.2786818742752075,0.7295781970024109,0.0011335209710523486,2.186023235321045,0.2067762166261673,,,,,,,,,,,,,,,
,0.0002989456264125624,5369,,,,,,,,,,,,,,,,,,,,,,,,,,,,,,
7,,5369,0.09888119995594025,0.04970603063702583,0.4278941750526428,0.004464819561690092,0.08974378556013107,0.019298071041703224,0.3035958409309387,0.01763085089623928,0.16996024549007416,0.11017343401908875,0.2800738215446472,0.6335600018501282,0.0028127413243055344,2.1234138011932373,0.20158448815345764,,,,,,,,,,,,,,,
,0.00029893018499841566,5379,,,,,,,,,,,,,,,,,,,,,,,,,,,,,,
7,,5379,0.12530849874019623,0.05527428165078163,0.4895116984844208,0.018918968737125397,0.13484354317188263,0.01437086146324873,0.3347123861312866,0.015216493979096413,0.18699254095554352,0.10945318639278412,0.30260273814201355,0.7421051263809204,0.014364233240485191,2.1091105937957764,0.24494130909442902,,,,,,,,,,,,,,,
,0.0002989146317387717,5389,,,,,,,,,,,,,,,,,,,,,,,,,,,,,,
7,,5389,0.0781620442867279,0.0470275841653347,0.42193982005119324,0.005701177287846804,0.08976220339536667,0.015096001327037811,0.3132156431674957,0.016739584505558014,0.16238611936569214,0.07075999677181244,0.2737550735473633,0.6121355891227722,0.004057665355503559,2.141436815261841,0.21706494688987732,,,,,,,,,,,,,,,
,0.00029889896664531097,5399,,,,,,,,,,,,,,,,,,,,,,,,,,,,,,
7,,5399,0.11597111821174622,0.05840979889035225,0.4775071442127228,0.012564160861074924,0.14520828425884247,0.02469826117157936,0.4002949893474579,0.0223102867603302,0.3088131844997406,0.08119873702526093,0.3089419901371002,0.8741315603256226,0.003654066240414977,2.1640217304229736,0.2649838328361511,,,,,,,,,,,,,,,
,0.00029888318972979774,5409,,,,,,,,,,,,,,,,,,,,,,,,,,,,,,
7,,5409,0.09612714499235153,0.04890703037381172,0.45182716846466064,0.019910838454961777,0.09990733861923218,0.010025198571383953,0.33938226103782654,0.02159205824136734,0.24930508434772491,0.07189087569713593,0.2697795629501343,0.7420902848243713,0.004258648492395878,2.114210367202759,0.214248925447464,,,,,,,,,,,,,,,
,0.00029886730100408035,5419,,,,,,,,,,,,,,,,,,,,,,,,,,,,,,
7,,5419,0.08069150149822235,0.0542207695543766,0.46257922053337097,0.005077557172626257,0.10304287821054459,0.018071653321385384,0.29434454441070557,0.01679813116788864,0.19767162203788757,0.06574860960245132,0.2844117283821106,0.6746354103088379,0.0014725649962201715,2.2037582397460938,0.2589346766471863,,,,,,,,,,,,,,,
,0.0002988513004800912,5429,,,,,,,,,,,,,,,,,,,,,,,,,,,,,,
7,,5429,0.07849688082933426,0.04077545925974846,0.44825875759124756,0.0045888652093708515,0.1051456481218338,0.00903815496712923,0.27492019534111023,0.02121998742222786,0.22590672969818115,0.04830620810389519,0.27412015199661255,0.6772659420967102,0.0021918066777288914,2.1670567989349365,0.23905569314956665,,,,,,,,,,,,,,,
,0.0002988351881698466,5439,,,,,,,,,,,,,,,,,,,,,,,,,,,,,,
7,,5439,0.10767916589975357,0.04013611748814583,0.45271244645118713,0.015600484795868397,0.11447808891534805,0.023208796977996826,0.3261203169822693,0.023524554446339607,0.2466854602098465,0.05257989093661308,0.29255157709121704,0.7545648813247681,0.002065625973045826,2.116696357727051,0.2427656501531601,,,,,,,,,,,,,,,
,0.00029881896408544663,5449,,,,,,,,,,,,,,,,,,,,,,,,,,,,,,
7,,5449,0.06502127647399902,0.03398795425891876,0.42325472831726074,0.004435657057911158,0.11734243482351303,0.01373821310698986,0.3070198595523834,0.013348895125091076,0.1723097562789917,0.08192037045955658,0.2591332793235779,0.6190486550331116,0.0025866366922855377,2.2316417694091797,0.2540368139743805,,,,,,,,,,,,,,,
,0.0002988026282390756,5459,,,,,,,,,,,,,,,,,,,,,,,,,,,,,,
7,,5459,0.12792624533176422,0.04325471073389053,0.45764321088790894,0.005727184936404228,0.13522009551525116,0.01881209947168827,0.34649017453193665,0.019977716729044914,0.26282626390457153,0.07473467290401459,0.3026779592037201,0.7906457781791687,0.001606905017979443,2.158630847930908,0.2679012715816498,,,,,,,,,,,,,,,
,0.00029878618064300153,5469,,,,,,,,,,,,,,,,,,,,,,,,,,,,,,
7,,5469,0.0872691199183464,0.03950035199522972,0.46257954835891724,0.005889119114726782,0.14470727741718292,0.007353287190198898,0.3268848657608032,0.015388425439596176,0.27137547731399536,0.05697975680232048,0.31125423312187195,0.7715123891830444,0.0009559582103975117,2.207218885421753,0.29107481241226196,,,,,,,,,,,,,,,
,0.0002987696213095765,5479,,,,,,,,,,,,,,,,,,,,,,,,,,,,,,
7,,5479,0.10739582031965256,0.07311907410621643,0.4449125826358795,0.0039621153846383095,0.09440287202596664,0.025833992287516594,0.3069251477718353,0.01283708680421114,0.18030093610286713,0.11528635025024414,0.28067728877067566,0.6710357666015625,0.0008385699475184083,2.1281890869140625,0.23333430290222168,,,,,,,,,,,,,,,
,0.0002987529502512364,5489,,,,,,,,,,,,,,,,,,,,,,,,,,,,,,
7,,5489,0.0886298343539238,0.05551604554057121,0.5195563435554504,0.002501369919627905,0.09733070433139801,0.017903152853250504,0.33328673243522644,0.014590690843760967,0.14477014541625977,0.08217770606279373,0.2946625053882599,0.6408057808876038,0.0018150709802284837,2.162139892578125,0.22291727364063263,,,,,,,,,,,,,,,
,0.00029873616748050117,5499,,,,,,,,,,,,,,,,,,,,,,,,,,,,,,
7,,5499,0.10815487056970596,0.056019145995378494,0.5616310238838196,0.006619981024414301,0.11395628750324249,0.028980694711208344,0.315738320350647,0.021808702498674393,0.2765671908855438,0.0778597742319107,0.3118664026260376,0.8355709910392761,0.0019593071192502975,2.12269926071167,0.29225027561187744,,,,,,,,,,,,,,,
,0.0002987192730099744,5509,,,,,,,,,,,,,,,,,,,,,,,,,,,,,,
7,,5509,0.12340982258319855,0.07079223543405533,0.40319472551345825,0.0024836177472025156,0.11315005272626877,0.014556586742401123,0.33825549483299255,0.01630646549165249,0.28369197249412537,0.09027772396802902,0.30163097381591797,0.7654674053192139,0.0013195725623518229,2.1257166862487793,0.18895992636680603,,,,,,,,,,,,,,,
,0.0002987022668523438,5519,,,,,,,,,,,,,,,,,,,,,,,,,,,,,,
7,,5519,0.058112550526857376,0.04121385142207146,0.4697544276714325,0.008627464063465595,0.16182667016983032,0.012590965256094933,0.35190778970718384,0.022858917713165283,0.2874857783317566,0.10422922670841217,0.33895811438560486,0.8228711485862732,0.0026475966442376375,2.1274662017822266,0.32209402322769165,,,,,,,,,,,,,,,
,0.0002986851490203809,5529,,,,,,,,,,,,,,,,,,,,,,,,,,,,,,
7,,5529,0.14192944765090942,0.040859051048755646,0.41189083456993103,0.0055197980254888535,0.11450662463903427,0.029800450429320335,0.28627851605415344,0.02379077672958374,0.27112090587615967,0.0829993411898613,0.2974100410938263,0.77245032787323,0.0019706878811120987,2.123295545578003,0.24048005044460297,,,,,,,,,,,,,,,
,0.0002986679195269411,5539,,,,,,,,,,,,,,,,,,,,,,,,,,,,,,
7,,5539,0.11964255571365356,0.039104659110307693,0.40897125005722046,0.006902010645717382,0.10563412308692932,0.017429599538445473,0.32826781272888184,0.028433889150619507,0.23949183523654938,0.11012186855077744,0.29046112298965454,0.7365474104881287,0.005463920533657074,2.1145224571228027,0.22100134193897247,,,,,,,,,,,,,,,
,0.0002986505783849635,5549,,,,,,,,,,,,,,,,,,,,,,,,,,,,,,
7,,5549,0.14865556359291077,0.04231666401028633,0.41082853078842163,0.009503618814051151,0.11498800665140152,0.015844181180000305,0.3376389145851135,0.035752251744270325,0.3624507188796997,0.08835802227258682,0.27594637870788574,0.8905324935913086,0.00837610848248005,2.1358230113983154,0.23474997282028198,,,,,,,,,,,,,,,
,0.00029863312560747123,5559,,,,,,,,,,,,,,,,,,,,,,,,,,,,,,
7,,5559,0.10597582161426544,0.09353514015674591,0.5638943314552307,0.008441660553216934,0.15001630783081055,0.010866193100810051,0.383511483669281,0.01986011490225792,0.29607197642326355,0.0664614588022232,0.3587491810321808,0.9137680530548096,0.0038855692837387323,2.018902063369751,0.35134753584861755,,,,,,,,,,,,,,,
7,,5559,,,,,,,,,,,,,,,,0.18860185146331787,0.031622204929590225,0.27204766869544983,0.006880478002130985,0.06813032180070877,0.003345947014167905,0.17289334535598755,0.026518451049923897,0.2361910343170166,0.0679665133357048,0.1755734384059906,0.6178501844406128,0.009039226919412613,2.1917765140533447,0.14472776651382446
,0.00029861556120757115,5569,,,,,,,,,,,,,,,,,,,,,,,,,,,,,,
8,,5569,0.09098076075315475,0.04843543469905853,0.42657122015953064,0.012442941777408123,0.10797760635614395,0.010138140060007572,0.3664126694202423,0.014851612970232964,0.1802719682455063,0.07666944712400436,0.278757244348526,0.6705543398857117,0.002462464151903987,2.2062149047851562,0.25590288639068604,,,,,,,,,,,,,,,
,0.0002985978851984542,5579,,,,,,,,,,,,,,,,,,,,,,,,,,,,,,
8,,5579,0.09508125483989716,0.04496301710605621,0.40146854519844055,0.007157222367823124,0.09338992089033127,0.008813568390905857,0.33481213450431824,0.015915459021925926,0.18770384788513184,0.09766743332147598,0.25391361117362976,0.635421097278595,0.008136279881000519,2.1668012142181396,0.17883901298046112,,,,,,,,,,,,,,,
,0.0002985800975933947,5589,,,,,,,,,,,,,,,,,,,,,,,,,,,,,,
8,,5589,0.07907241582870483,0.04469728842377663,0.4352731704711914,0.009137732908129692,0.11324679106473923,0.006776649039238691,0.29145926237106323,0.01599232479929924,0.1981385201215744,0.09468657523393631,0.30230382084846497,0.67010897397995,0.0054697501473128796,2.174212694168091,0.24715004861354828,,,,,,,,,,,,,,,
,0.00029856219840575113,5599,,,,,,,,,,,,,,,,,,,,,,,,,,,,,,
8,,5599,0.13601446151733398,0.05226968973875046,0.4781745970249176,0.01143721491098404,0.15006519854068756,0.02820291928946972,0.37123414874076843,0.026361292228102684,0.31517013907432556,0.11584912985563278,0.30294910073280334,0.8962789177894592,0.005469404626637697,2.2336671352386475,0.27693265676498413,,,,,,,,,,,,,,,
,0.0002985441876489656,5609,,,,,,,,,,,,,,,,,,,,,,,,,,,,,,
8,,5609,0.09910369664430618,0.045476142317056656,0.45221060514450073,0.006159006152302027,0.11381005495786667,0.014398839324712753,0.29329442977905273,0.01925947144627571,0.2728935480117798,0.07848107069730759,0.30338752269744873,0.7622485756874084,0.009156513959169388,2.1523797512054443,0.23316439986228943,,,,,,,,,,,,,,,
,0.0002985260653365641,5619,,,,,,,,,,,,,,,,,,,,,,,,,,,,,,
8,,5619,0.10114840418100357,0.08483221381902695,0.44499969482421875,0.013687684200704098,0.13209927082061768,0.01986074261367321,0.3472459316253662,0.02631240338087082,0.28495797514915466,0.06814387440681458,0.27381983399391174,0.8276114463806152,0.005098126828670502,2.171365737915039,0.2826535701751709,,,,,,,,,,,,,,,
,0.0002985078314821563,5629,,,,,,,,,,,,,,,,,,,,,,,,,,,,,,
8,,5629,0.11622580885887146,0.040994733572006226,0.506794273853302,0.0073828003369271755,0.13048292696475983,0.024468107149004936,0.3141838610172272,0.022974656894803047,0.26220569014549255,0.08096970617771149,0.30578750371932983,0.7965142726898193,0.002760393777862191,2.089747428894043,0.2597930431365967,,,,,,,,,,,,,,,
,0.00029848948609943575,5639,,,,,,,,,,,,,,,,,,,,,,,,,,,,,,
8,,5639,0.10529284179210663,0.03545268252491951,0.40283626317977905,0.004600686486810446,0.09388250857591629,0.01367325708270073,0.22964803874492645,0.015557617880403996,0.21294312179088593,0.06557051837444305,0.26700302958488464,0.625374436378479,0.0012712485622614622,2.234104633331299,0.17455996572971344,,,,,,,,,,,,,,,
,0.0002984710292021797,5649,,,,,,,,,,,,,,,,,,,,,,,,,,,,,,
8,,5649,0.07637348026037216,0.04854029789566994,0.4958665072917938,0.010804489254951477,0.12171374261379242,0.018631739541888237,0.35930681228637695,0.01764616370201111,0.2038920819759369,0.08617020398378372,0.2782764732837677,0.7166629433631897,0.004216750618070364,2.1737306118011475,0.25196292996406555,,,,,,,,,,,,,,,
,0.00029845246080424914,5659,,,,,,,,,,,,,,,,,,,,,,,,,,,,,,
8,,5659,0.09171938896179199,0.042371831834316254,0.5542519688606262,0.007557675242424011,0.13516855239868164,0.016365505754947662,0.33933621644973755,0.023994017392396927,0.1961415410041809,0.07192058116197586,0.3384903073310852,0.7631543278694153,0.0015411596978083253,2.1465096473693848,0.33180275559425354,,,,,,,,,,,,,,,
,0.0002984337809195888,5669,,,,,,,,,,,,,,,,,,,,,,,,,,,,,,
8,,5669,0.07099896669387817,0.05652789771556854,0.561011791229248,0.00637194886803627,0.13956716656684875,0.016589337959885597,0.32621628046035767,0.020186591893434525,0.23501357436180115,0.07354781031608582,0.30970311164855957,0.7805317044258118,0.00319292233325541,2.1993894577026367,0.30546408891677856,,,,,,,,,,,,,,,
,0.00029841498956222713,5679,,,,,,,,,,,,,,,,,,,,,,,,,,,,,,
8,,5679,0.0811334177851677,0.12072208523750305,0.46580588817596436,0.009751295670866966,0.0870426669716835,0.01629050448536873,0.34219977259635925,0.010846065357327461,0.14073075354099274,0.0591670498251915,0.249355748295784,0.6297621130943298,0.004988109227269888,2.1469461917877197,0.20215511322021484,,,,,,,,,,,,,,,
,0.00029839608674627627,5689,,,,,,,,,,,,,,,,,,,,,,,,,,,,,,
8,,5689,0.06090845912694931,0.050408076494932175,0.3791273236274719,0.0033006754238158464,0.08160655945539474,0.012084899470210075,0.23505565524101257,0.007036228198558092,0.1286982148885727,0.06356537342071533,0.2642742991447449,0.4996747374534607,0.004301234148442745,2.2265331745147705,0.14795039594173431,,,,,,,,,,,,,,,
,0.00029837707248593214,5699,,,,,,,,,,,,,,,,,,,,,,,,,,,,,,
8,,5699,0.08362189680337906,0.04899492487311363,0.49129995703697205,0.007540811784565449,0.11437411606311798,0.030958153307437897,0.3708435297012329,0.020072773098945618,0.3166554272174835,0.07197200506925583,0.28325971961021423,0.8367841839790344,0.0007020672783255577,2.177929401397705,0.26260972023010254,,,,,,,,,,,,,,,
,0.00029835794679547434,5709,,,,,,,,,,,,,,,,,,,,,,,,,,,,,,
8,,5709,0.08269628137350082,0.05246341601014137,0.47910821437835693,0.013729974627494812,0.11320455372333527,0.013289456255733967,0.3735194802284241,0.010460078716278076,0.20383234322071075,0.11339304596185684,0.29462113976478577,0.7130508422851562,0.002564128255471587,2.2109553813934326,0.24046467244625092,,,,,,,,,,,,,,,
,0.0002983387096892661,5719,,,,,,,,,,,,,,,,,,,,,,,,,,,,,,
8,,5719,0.1454138606786728,0.038137126713991165,0.41078805923461914,0.008471116423606873,0.12610135972499847,0.031001776456832886,0.2845574915409088,0.03394515812397003,0.30977028608322144,0.09096939861774445,0.30104324221611023,0.845447838306427,0.002318744780495763,2.1002416610717773,0.2924154996871948,,,,,,,,,,,,,,,
,0.00029831936118175433,5729,,,,,,,,,,,,,,,,,,,,,,,,,,,,,,
8,,5729,0.13355575501918793,0.07719991356134415,0.4856294095516205,0.012552616186439991,0.13076183199882507,0.04053699970245361,0.37058544158935547,0.025856371968984604,0.215905100107193,0.059753142297267914,0.2858201861381531,0.785281240940094,0.002168565522879362,2.169945001602173,0.2457318902015686,,,,,,,,,,,,,,,
,0.0002982999012874696,5739,,,,,,,,,,,,,,,,,,,,,,,,,,,,,,
8,,5739,0.12106188386678696,0.04853283613920212,0.44768616557121277,0.008575393818318844,0.10837417095899582,0.02225005440413952,0.31530195474624634,0.029443474486470222,0.2653409242630005,0.06589372456073761,0.25748589634895325,0.7675833702087402,0.0065892827697098255,2.129227638244629,0.21653041243553162,,,,,,,,,,,,,,,
,0.0002982803300210262,5749,,,,,,,,,,,,,,,,,,,,,,,,,,,,,,
8,,5749,0.1280970424413681,0.1002838984131813,0.5124688148498535,0.007312091067433357,0.11950764060020447,0.016634225845336914,0.45725277066230774,0.018105674535036087,0.2906903922557831,0.09557022154331207,0.30546116828918457,0.8917188048362732,0.004431003239005804,2.1804990768432617,0.2844729423522949,,,,,,,,,,,,,,,
,0.00029826064739712203,5759,,,,,,,,,,,,,,,,,,,,,,,,,,,,,,
8,,5759,0.10449395328760147,0.07362937182188034,0.42674392461776733,0.007144566625356674,0.102869912981987,0.010485825128853321,0.3257831335067749,0.022918514907360077,0.24614906311035156,0.05965506285429001,0.2793474793434143,0.7306990623474121,0.002782813971862197,2.1288721561431885,0.21586072444915771,,,,,,,,,,,,,,,
,0.00029824085343053855,5769,,,,,,,,,,,,,,,,,,,,,,,,,,,,,,
8,,5769,0.1403869092464447,0.08048786222934723,0.48151376843452454,0.01228986494243145,0.12425781041383743,0.03089876100420952,0.3733840584754944,0.02672594040632248,0.2686508297920227,0.07892998307943344,0.30624091625213623,0.8471851348876953,0.0025865950156003237,2.210096836090088,0.25713852047920227,,,,,,,,,,,,,,,
,0.00029822094813614086,5779,,,,,,,,,,,,,,,,,,,,,,,,,,,,,,
8,,5779,0.1207621842622757,0.04212802276015282,0.4034575819969177,0.011459365487098694,0.11804188042879105,0.011222808621823788,0.24679940938949585,0.023239515721797943,0.20550230145454407,0.055915750563144684,0.2751854658126831,0.6865239143371582,0.002410709159448743,2.173327684402466,0.28465408086776733,,,,,,,,,,,,,,,
,0.0002982009315288778,5789,,,,,,,,,,,,,,,,,,,,,,,,,,,,,,
8,,5789,0.0996210128068924,0.05123190954327583,0.4644045829772949,0.010233202017843723,0.11866526305675507,0.009580433368682861,0.30005764961242676,0.018183566629886627,0.18117034435272217,0.05704997107386589,0.2869197726249695,0.672569751739502,0.005703859031200409,2.098788261413574,0.24080590903759003,,,,,,,,,,,,,,,
,0.00029818080362378156,5799,,,,,,,,,,,,,,,,,,,,,,,,,,,,,,
8,,5799,0.1319180279970169,0.0402679443359375,0.36910682916641235,0.007175337057560682,0.11132142692804337,0.03548407182097435,0.2766342759132385,0.019196176901459694,0.262450248003006,0.07468922436237335,0.2713722884654999,0.7342014312744141,0.0010311122750863433,2.1399025917053223,0.23780493438243866,,,,,,,,,,,,,,,
,0.00029816056443596813,5809,,,,,,,,,,,,,,,,,,,,,,,,,,,,,,
8,,5809,0.07236319035291672,0.0546468161046505,0.43387651443481445,0.009528539143502712,0.09283768385648727,0.007017900235950947,0.29488179087638855,0.01684330590069294,0.12445914000272751,0.08360648900270462,0.26160284876823425,0.565940797328949,0.0026049932930618525,2.187509059906006,0.19667072594165802,,,,,,,,,,,,,,,
,0.00029814021398063704,5819,,,,,,,,,,,,,,,,,,,,,,,,,,,,,,
8,,5819,0.09056691825389862,0.08053866028785706,0.42276033759117126,0.010079222731292248,0.10475700348615646,0.008250084705650806,0.2863536775112152,0.015691975131630898,0.22052600979804993,0.08105988055467606,0.2690880596637726,0.6904913783073425,0.0038779291789978743,2.1316232681274414,0.22703278064727783,,,,,,,,,,,,,,,
,0.0002981197522730712,5829,,,,,,,,,,,,,,,,,,,,,,,,,,,,,,
8,,5829,0.08644857257604599,0.025630293413996696,0.398256778717041,0.005194909870624542,0.09290162473917007,0.011006828397512436,0.2675001919269562,0.013864537701010704,0.19933763146400452,0.08334673941135406,0.2686518430709839,0.6137556433677673,0.0017961135599762201,2.1364474296569824,0.19590909779071808,,,,,,,,,,,,,,,
,0.0002980991793286374,5839,,,,,,,,,,,,,,,,,,,,,,,,,,,,,,
8,,5839,0.08948002755641937,0.04718479514122009,0.5243509411811829,0.006463031284511089,0.12088263034820557,0.0172804556787014,0.3328583240509033,0.01284055970609188,0.1570654660463333,0.05882081761956215,0.2852754592895508,0.6743704080581665,0.0058916774578392506,2.1378369331359863,0.27745574712753296,,,,,,,,,,,,,,,
,0.00029807849516278557,5849,,,,,,,,,,,,,,,,,,,,,,,,,,,,,,
8,,5849,0.09728099405765533,0.03940557315945625,0.4513434171676636,0.0057310196571052074,0.10430259257555008,0.030454399064183235,0.3072071373462677,0.014189478009939194,0.20422939956188202,0.07909554243087769,0.28260499238967896,0.6820162534713745,0.0042550028301775455,2.190957546234131,0.22438538074493408,,,,,,,,,,,,,,,
,0.0002980576997910495,5859,,,,,,,,,,,,,,,,,,,,,,,,,,,,,,
8,,5859,0.05426592379808426,0.04428907111287117,0.42200547456741333,0.008372829295694828,0.0731014758348465,0.007090009283274412,0.2293592244386673,0.00971086136996746,0.09650810807943344,0.05538701266050339,0.24425779283046722,0.48410964012145996,0.007786729373037815,2.1533608436584473,0.17987026274204254,,,,,,,,,,,,,,,
,0.00029803679322904625,5869,,,,,,,,,,,,,,,,,,,,,,,,,,,,,,
8,,5869,0.09259358793497086,0.05951343849301338,0.45903944969177246,0.00993274711072445,0.11304430663585663,0.030064480379223824,0.36098381876945496,0.02237817272543907,0.28490206599235535,0.06126710772514343,0.2904011905193329,0.7968893647193909,0.0016375597333535552,2.1818697452545166,0.23138412833213806,,,,,,,,,,,,,,,
,0.00029801577549247666,5879,,,,,,,,,,,,,,,,,,,,,,,,,,,,,,
8,,5879,0.10923023521900177,0.04855332896113396,0.3918381631374359,0.01329350657761097,0.11515067517757416,0.03011452779173851,0.2758762240409851,0.018247690051794052,0.24738846719264984,0.0779285654425621,0.2741635739803314,0.7183236479759216,0.002577313454821706,2.1482248306274414,0.21964256465435028,,,,,,,,,,,,,,,
,0.0002979946465971248,5889,,,,,,,,,,,,,,,,,,,,,,,,,,,,,,
8,,5889,0.10983896255493164,0.05704038590192795,0.48796555399894714,0.011872053146362305,0.146563321352005,0.01652509905397892,0.31848105788230896,0.025578800588846207,0.2312907725572586,0.08028774708509445,0.2656538188457489,0.7744616866111755,0.006741581950336695,2.1670284271240234,0.2838520109653473,,,,,,,,,,,,,,,
,0.0002979734065588583,5899,,,,,,,,,,,,,,,,,,,,,,,,,,,,,,
8,,5899,0.09658168256282806,0.04355999082326889,0.4154004752635956,0.004449011292308569,0.10483727604150772,0.0118089085444808,0.2849504351615906,0.02390158921480179,0.24663615226745605,0.10056197643280029,0.2835821509361267,0.7066529393196106,0.002039893763139844,2.1990928649902344,0.2137972116470337,,,,,,,,,,,,,,,
,0.0002979520553936283,5909,,,,,,,,,,,,,,,,,,,,,,,,,,,,,,
8,,5909,0.06882885098457336,0.05801001563668251,0.49314743280410767,0.010007118806242943,0.12350551784038544,0.015120922587811947,0.3204713463783264,0.01682797633111477,0.18848350644111633,0.06075582280755043,0.28828755021095276,0.6782183647155762,0.004588594660162926,2.1000607013702393,0.22474294900894165,,,,,,,,,,,,,,,
,0.00029793059311746943,5919,,,,,,,,,,,,,,,,,,,,,,,,,,,,,,
8,,5919,0.11149588227272034,0.03438842296600342,0.38284605741500854,0.0060764579102396965,0.10786183178424835,0.01576499082148075,0.25637179613113403,0.02391214668750763,0.23712967336177826,0.07365597784519196,0.25072526931762695,0.6821364760398865,0.0036633408162742853,2.193021535873413,0.22287820279598236,,,,,,,,,,,,,,,
,0.0002979090197464996,5929,,,,,,,,,,,,,,,,,,,,,,,,,,,,,,
8,,5929,0.15490806102752686,0.04053765907883644,0.5008836388587952,0.012789208441972733,0.14520345628261566,0.015812860801815987,0.37015029788017273,0.0342579148709774,0.3474835753440857,0.03516434505581856,0.3237731456756592,0.9431363940238953,0.0030396657530218363,2.2290267944335938,0.31619253754615784,,,,,,,,,,,,,,,
,0.00029788733529692026,5939,,,,,,,,,,,,,,,,,,,,,,,,,,,,,,
8,,5939,0.10626935958862305,0.03295537084341049,0.3968481123447418,0.008661884814500809,0.10143885761499405,0.012092433869838715,0.26053696870803833,0.015278787352144718,0.21631915867328644,0.09411544352769852,0.2708286941051483,0.6576849222183228,0.0033860336989164352,2.103989601135254,0.21281544864177704,,,,,,,,,,,,,,,
,0.0002978655397850164,5949,,,,,,,,,,,,,,,,,,,,,,,,,,,,,,
8,,5949,0.06599655002355576,0.0621013268828392,0.4599052965641022,0.013400713913142681,0.11679842323064804,0.014516226947307587,0.37981143593788147,0.023753006011247635,0.2681431770324707,0.0916496068239212,0.2886323630809784,0.783332347869873,0.002141772536560893,2.0969083309173584,0.25732937455177307,,,,,,,,,,,,,,,
,0.0002978436332271562,5959,,,,,,,,,,,,,,,,,,,,,,,,,,,,,,
8,,5959,0.10828830301761627,0.03308588266372681,0.3920847177505493,0.0042870487086474895,0.096305251121521,0.021797211840748787,0.24772541224956512,0.026182955130934715,0.23898755013942719,0.08376339823007584,0.2853711247444153,0.6904504299163818,0.001741296611726284,2.106060743331909,0.22567549347877502,,,,,,,,,,,,,,,
,0.00029782161563979135,5969,,,,,,,,,,,,,,,,,,,,,,,,,,,,,,
8,,5969,0.10882580280303955,0.08237233012914658,0.5021787881851196,0.0029766943771392107,0.10359305888414383,0.018047478049993515,0.34155458211898804,0.026928890496492386,0.2088312953710556,0.05428990721702576,0.2882442772388458,0.7371824979782104,0.00411785626783967,2.1941657066345215,0.23403094708919525,,,,,,,,,,,,,,,
,0.0002977994870394569,5979,,,,,,,,,,,,,,,,,,,,,,,,,,,,,,
8,,5979,0.10752728581428528,0.03173370286822319,0.3718104660511017,0.007997379638254642,0.08483584970235825,0.01545978058129549,0.2343723177909851,0.01725832186639309,0.19756853580474854,0.06960494071245193,0.24820972979068756,0.618053138256073,0.005303238518536091,2.14595103263855,0.21436938643455505,,,,,,,,,,,,,,,
,0.00029777724744277123,5989,,,,,,,,,,,,,,,,,,,,,,,,,,,,,,
8,,5989,0.06835199147462845,0.04202461987733841,0.4631751477718353,0.0038195503875613213,0.11126312613487244,0.008560847491025925,0.2725425064563751,0.014235730282962322,0.15211249887943268,0.09018731117248535,0.27552342414855957,0.6238590478897095,0.009654443711042404,2.141113758087158,0.28411275148391724,,,,,,,,,,,,,,,
,0.00029775489686643616,5999,,,,,,,,,,,,,,,,,,,,,,,,,,,,,,
8,,5999,0.08495824038982391,0.028764450922608376,0.3465239703655243,0.00516612408682704,0.08441336452960968,0.02954729273915291,0.26856735348701477,0.01171058975160122,0.16051386296749115,0.09495129436254501,0.23930880427360535,0.5621483325958252,0.004448838997632265,2.171393871307373,0.19081197679042816,,,,,,,,,,,,,,,
,0.0002977324353272368,6009,,,,,,,,,,,,,,,,,,,,,,,,,,,,,,
8,,6009,0.0882759839296341,0.034456558525562286,0.4311031997203827,0.009684937074780464,0.08144601434469223,0.028317732736468315,0.23320579528808594,0.018559657037258148,0.2011975347995758,0.10440217703580856,0.2864581346511841,0.6529055237770081,0.003893457353115082,2.1381328105926514,0.2218153327703476,,,,,,,,,,,,,,,
,0.00029770986284204164,6019,,,,,,,,,,,,,,,,,,,,,,,,,,,,,,
8,,6019,0.0672023817896843,0.04233670234680176,0.44189131259918213,0.006960687693208456,0.10462036728858948,0.01501330267637968,0.3230384588241577,0.015491300262510777,0.18353277444839478,0.05133377015590668,0.2743905484676361,0.6395061016082764,0.007021699566394091,2.1253178119659424,0.22132286429405212,,,,,,,,,,,,,,,
,0.0002976871794278024,6029,,,,,,,,,,,,,,,,,,,,,,,,,,,,,,
8,,6029,0.09829409420490265,0.05974453687667847,0.48469656705856323,0.00595902930945158,0.10432984679937363,0.016452545300126076,0.34480908513069153,0.012300862930715084,0.16751205921173096,0.09895975142717361,0.2939434349536896,0.6709720492362976,0.001296914299018681,2.1240968704223633,0.23768582940101624,,,,,,,,,,,,,,,
,0.00029766438510155416,6039,,,,,,,,,,,,,,,,,,,,,,,,,,,,,,
8,,6039,0.1453007161617279,0.04549005627632141,0.4196505546569824,0.0054677617736160755,0.13178086280822754,0.024001626297831535,0.2967361509799957,0.02220803126692772,0.41577157378196716,0.07646094262599945,0.28232288360595703,0.9367712736129761,0.007807291578501463,2.143422842025757,0.2723710238933563,,,,,,,,,,,,,,,
,0.00029764147988041537,6049,,,,,,,,,,,,,,,,,,,,,,,,,,,,,,
8,,6049,0.07987364381551743,0.04154590144753456,0.3736925423145294,0.005298949778079987,0.08272326737642288,0.009047512896358967,0.2436240017414093,0.017480676993727684,0.140406996011734,0.05254640802741051,0.2582014501094818,0.555290162563324,0.01788785308599472,2.14394474029541,0.1997329145669937,,,,,,,,,,,,,,,
,0.00029761846378158755,6059,,,,,,,,,,,,,,,,,,,,,,,,,,,,,,
8,,6059,0.08726378530263901,0.04364259913563728,0.44622573256492615,0.006580092944204807,0.1128888726234436,0.014198175631463528,0.2796996831893921,0.01360456831753254,0.16730229556560516,0.07896699756383896,0.3088096082210541,0.6379368305206299,0.0032135583460330963,2.1594808101654053,0.2447551190853119,,,,,,,,,,,,,,,
,0.00029759533682235576,6069,,,,,,,,,,,,,,,,,,,,,,,,,,,,,,
8,,6069,0.13021713495254517,0.03153317794203758,0.38943108916282654,0.008361781015992165,0.12173514813184738,0.022213798016309738,0.31170010566711426,0.02822275459766388,0.3220050632953644,0.07985217869281769,0.2781437635421753,0.8226031064987183,0.005207672715187073,2.217061758041382,0.25727447867393494,,,,,,,,,,,,,,,
,0.0002975720990200881,6079,,,,,,,,,,,,,,,,,,,,,,,,,,,,,,
8,,6079,0.12338721007108688,0.039917297661304474,0.47075265645980835,0.018733961507678032,0.1411888301372528,0.013683470897376537,0.30160197615623474,0.00997086986899376,0.27312302589416504,0.0744861513376236,0.28752899169921875,0.7964349389076233,0.008981650695204735,2.104269504547119,0.2684030830860138,,,,,,,,,,,,,,,
,0.00029754875039223605,6089,,,,,,,,,,,,,,,,,,,,,,,,,,,,,,
8,,6089,0.08766745775938034,0.0676218569278717,0.45460081100463867,0.006448802538216114,0.11766765266656876,0.020923802629113197,0.327156126499176,0.0189673975110054,0.19633911550045013,0.05362490937113762,0.26525741815567017,0.6804163455963135,0.0072720106691122055,2.098006010055542,0.20454391837120056,,,,,,,,,,,,,,,
,0.00029752529095633426,6099,,,,,,,,,,,,,,,,,,,,,,,,,,,,,,
8,,6099,0.08633574098348618,0.04731021821498871,0.40956032276153564,0.01576031744480133,0.10672391951084137,0.015262995846569538,0.3170858919620514,0.017311055213212967,0.2418002486228943,0.09386298060417175,0.279330849647522,0.6964401006698608,0.0019426447106525302,2.1566061973571777,0.17045390605926514,,,,,,,,,,,,,,,
,0.00029750172073000046,6109,,,,,,,,,,,,,,,,,,,,,,,,,,,,,,
8,,6109,0.0522783063352108,0.049526091665029526,0.3640025556087494,0.005481192376464605,0.08391419798135757,0.01721297577023506,0.23334901034832,0.00881157536059618,0.09230893850326538,0.043682169169187546,0.25879284739494324,0.4629105031490326,0.002851550467312336,2.144991397857666,0.1735791563987732,,,,,,,,,,,,,,,
,0.00029747803973093594,6119,,,,,,,,,,,,,,,,,,,,,,,,,,,,,,
8,,6119,0.09785589575767517,0.04573378711938858,0.4347970485687256,0.004917388781905174,0.12663541734218597,0.05834616720676422,0.3344210088253021,0.020274216309189796,0.29694584012031555,0.10087298601865768,0.29097241163253784,0.8127671480178833,0.003860525321215391,2.12514591217041,0.23782016336917877,,,,,,,,,,,,,,,
,0.00029745424797692475,6129,,,,,,,,,,,,,,,,,,,,,,,,,,,,,,
8,,6129,0.04600568115711212,0.06031293049454689,0.43568453192710876,0.013589311391115189,0.07126250863075256,0.01824268512427807,0.254516065120697,0.005642763338983059,0.0669727623462677,0.06430923938751221,0.25696855783462524,0.4724103510379791,0.005784565582871437,2.1822519302368164,0.16993828117847443,,,,,,,,,,,,,,,
,0.0002974303454858345,6139,,,,,,,,,,,,,,,,,,,,,,,,,,,,,,
8,,6139,0.04629899561405182,0.04770408943295479,0.3672730624675751,0.008990461938083172,0.0870315209031105,0.011357772164046764,0.27454277873039246,0.015861039981245995,0.10882246494293213,0.07475249469280243,0.2882115840911865,0.5133082866668701,0.002525387331843376,2.121961832046509,0.19922737777233124,,,,,,,,,,,,,,,
,0.00029740633227561566,6149,,,,,,,,,,,,,,,,,,,,,,,,,,,,,,
8,,6149,0.08645743876695633,0.0321195088326931,0.36299264430999756,0.0027082066517323256,0.09564607590436935,0.012248157523572445,0.24456250667572021,0.023056335747241974,0.24184979498386383,0.05777321383357048,0.26516273617744446,0.6558478474617004,0.004500625189393759,2.205197811126709,0.2196130007505417,,,,,,,,,,,,,,,
,0.0002973822083643021,6159,,,,,,,,,,,,,,,,,,,,,,,,,,,,,,
8,,6159,0.0876820981502533,0.07934395223855972,0.4483555853366852,0.003368802834302187,0.10090339928865433,0.016836348921060562,0.3337600529193878,0.019992828369140625,0.1657317727804184,0.06431654840707779,0.27486446499824524,0.6439472436904907,0.0017440146766602993,2.0818428993225098,0.20440012216567993,,,,,,,,,,,,,,,
,0.0002973579737700106,6169,,,,,,,,,,,,,,,,,,,,,,,,,,,,,,
8,,6169,0.07673712819814682,0.04358738660812378,0.5750442743301392,0.011635839939117432,0.08419210463762283,0.02455175668001175,0.30258458852767944,0.011221617460250854,0.13477779924869537,0.08522526919841766,0.28584736585617065,0.6313804984092712,0.0030716818291693926,2.150461196899414,0.21144472062587738,,,,,,,,,,,,,,,
,0.00029733362851094115,6179,,,,,,,,,,,,,,,,,,,,,,,,,,,,,,
8,,6179,0.08763817697763443,0.06256579607725143,0.47946327924728394,0.0029866329859942198,0.1090509295463562,0.03907892107963562,0.3093995749950409,0.019893765449523926,0.2077208012342453,0.12796343863010406,0.31269413232803345,0.7168163061141968,0.005214025266468525,2.157316207885742,0.20810431241989136,,,,,,,,,,,,,,,
,0.000297309172605377,6189,,,,,,,,,,,,,,,,,,,,,,,,,,,,,,
8,,6189,0.12458132207393646,0.09372854977846146,0.4690104126930237,0.009293422102928162,0.13284003734588623,0.013308665715157986,0.3975224792957306,0.016648821532726288,0.20461992919445038,0.0810701847076416,0.28842005133628845,0.7598927021026611,0.003214945551007986,2.1403727531433105,0.25513631105422974,,,,,,,,,,,,,,,
,0.0002972846060716842,6199,,,,,,,,,,,,,,,,,,,,,,,,,,,,,,
8,,6199,0.09672076255083084,0.04016884043812752,0.40836000442504883,0.009876368567347527,0.0836559534072876,0.011460995301604271,0.2274206280708313,0.013115372508764267,0.1487719565629959,0.0849430188536644,0.25859639048576355,0.5655068159103394,0.002179365372285247,2.1207456588745117,0.18889135122299194,,,,,,,,,,,,,,,
,0.0002972599289283121,6209,,,,,,,,,,,,,,,,,,,,,,,,,,,,,,
8,,6209,0.10314149409532547,0.05192015692591667,0.47272923588752747,0.006426028907299042,0.11474309861660004,0.019349364563822746,0.3423464596271515,0.022739991545677185,0.28099122643470764,0.08650042861700058,0.2798599898815155,0.7940332889556885,0.005046467762440443,2.109351396560669,0.23925958573818207,,,,,,,,,,,,,,,
,0.00029723514119379317,6219,,,,,,,,,,,,,,,,,,,,,,,,,,,,,,
8,,6219,0.060147881507873535,0.048201099038124084,0.4126311242580414,0.013317243196070194,0.08403486013412476,0.008733030408620834,0.2554475963115692,0.011541527695953846,0.14386869966983795,0.05719046667218208,0.2541210353374481,0.5488811135292053,0.008103842847049236,2.1890854835510254,0.16755381226539612,,,,,,,,,,,,,,,
,0.0002972102428867427,6229,,,,,,,,,,,,,,,,,,,,,,,,,,,,,,
8,,6229,0.11756765842437744,0.03061492368578911,0.34570565819740295,0.006980407517403364,0.08864779025316238,0.021876227110624313,0.278398334980011,0.02064833790063858,0.27578240633010864,0.04749143496155739,0.27281370759010315,0.7079201936721802,0.0015567847294732928,2.0920941829681396,0.21274857223033905,,,,,,,,,,,,,,,
,0.00029718523402585907,6239,,,,,,,,,,,,,,,,,,,,,,,,,,,,,,
8,,6239,0.07352512329816818,0.07652412354946136,0.4296318590641022,0.011452517472207546,0.11811334639787674,0.023464780300855637,0.3513350784778595,0.021069835871458054,0.20542722940444946,0.09643303602933884,0.2945800721645355,0.7081785202026367,0.003945488482713699,2.214221954345703,0.22515417635440826,,,,,,,,,,,,,,,
,0.0002971601146299239,6249,,,,,,,,,,,,,,,,,,,,,,,,,,,,,,
8,,6249,0.051691170781850815,0.048102930188179016,0.4207453727722168,0.009013873524963856,0.07968775928020477,0.013571985997259617,0.2868390679359436,0.018083298578858376,0.16439126431941986,0.05964195355772972,0.26075929403305054,0.5829588174819946,0.009271153248846531,2.131535291671753,0.17124320566654205,,,,,,,,,,,,,,,
8,,6254,,,,,,,,,,,,,,,,0.19241860508918762,0.02857392095029354,0.2618013918399811,0.007163496222347021,0.06472143530845642,0.002874195808544755,0.1461060345172882,0.02346247248351574,0.20463451743125916,0.06413572281599045,0.1761227697134018,0.5704222321510315,0.008725680410861969,2.199842691421509,0.13755972683429718
,0.00029713488471780163,6259,,,,,,,,,,,,,,,,,,,,,,,,,,,,,,
9,,6259,0.05329766869544983,0.064478300511837,0.41027122735977173,0.002537243766710162,0.09016495943069458,0.02692358009517193,0.28236517310142517,0.008661198429763317,0.166731595993042,0.03608483821153641,0.2574978172779083,0.5787705183029175,0.0017861881060525775,2.1124041080474854,0.20008717477321625,,,,,,,,,,,,,,,
,0.00029710954430843973,6269,,,,,,,,,,,,,,,,,,,,,,,,,,,,,,
9,,6269,0.06385985761880875,0.056181102991104126,0.4621163010597229,0.007448175922036171,0.10458887368440628,0.012075867503881454,0.2911985218524933,0.020385464653372765,0.1473110169172287,0.073684461414814,0.2828178107738495,0.6241546869277954,0.0035274396650493145,2.1311514377593994,0.26614758372306824,,,,,,,,,,,,,,,
,0.0002970840934208687,6279,,,,,,,,,,,,,,,,,,,,,,,,,,,,,,
9,,6279,0.07842537015676498,0.0445537343621254,0.40300506353378296,0.010109612718224525,0.09115857630968094,0.009276207536458969,0.22056739032268524,0.009674571454524994,0.1364525705575943,0.06826692819595337,0.2627338469028473,0.5485511422157288,0.005477686878293753,2.2248198986053467,0.2118152379989624,,,,,,,,,,,,,,,
,0.00029705853207420186,6289,,,,,,,,,,,,,,,,,,,,,,,,,,,,,,
9,,6289,0.09004342555999756,0.04949672147631645,0.42497166991233826,0.01060578040778637,0.09993431717157364,0.012346007861196995,0.32550233602523804,0.018548578023910522,0.23183795809745789,0.04695604741573334,0.2690953314304352,0.6967612504959106,0.0030810541938990355,2.114645004272461,0.22327099740505219,,,,,,,,,,,,,,,
,0.00029703286028763575,6299,,,,,,,,,,,,,,,,,,,,,,,,,,,,,,
9,,6299,0.14929984509944916,0.04520054906606674,0.41880568861961365,0.006166483275592327,0.13238723576068878,0.02087555266916752,0.29971951246261597,0.02258501946926117,0.280327171087265,0.11375416815280914,0.28824833035469055,0.7964462041854858,0.0036264020018279552,2.1671347618103027,0.2406400442123413,,,,,,,,,,,,,,,
,0.0002970070780804496,6309,,,,,,,,,,,,,,,,,,,,,,,,,,,,,,
9,,6309,0.1102527305483818,0.047056395560503006,0.4287354350090027,0.011652610264718533,0.09847907721996307,0.017918698489665985,0.32689985632896423,0.02174203470349312,0.22630183398723602,0.05367178097367287,0.25185632705688477,0.7085622549057007,0.0051842643879354,2.1136391162872314,0.2246195524930954,,,,,,,,,,,,,,,
,0.0002969811854720057,6319,,,,,,,,,,,,,,,,,,,,,,,,,,,,,,
9,,6319,0.12142657488584518,0.03682360798120499,0.3651478588581085,0.003064626595005393,0.1218208596110344,0.013588624075055122,0.29145678877830505,0.01700574904680252,0.20033125579357147,0.07778909802436829,0.2780260443687439,0.6553583145141602,0.0037780103739351034,2.1144845485687256,0.22934742271900177,,,,,,,,,,,,,,,
,0.00029695518248174917,6329,,,,,,,,,,,,,,,,,,,,,,,,,,,,,,
9,,6329,0.12351866811513901,0.03198160603642464,0.42460623383522034,0.005651308689266443,0.09662669152021408,0.021382994949817657,0.316782683134079,0.01785050705075264,0.20953407883644104,0.07127144187688828,0.2868405878543854,0.6849449276924133,0.002545853378251195,2.180537462234497,0.21775555610656738,,,,,,,,,,,,,,,
,0.00029692906912920814,6339,,,,,,,,,,,,,,,,,,,,,,,,,,,,,,
9,,6339,0.06590750813484192,0.05010749027132988,0.48678672313690186,0.005545852705836296,0.11097726970911026,0.016396164894104004,0.3187446892261505,0.014927642419934273,0.2628900110721588,0.056993141770362854,0.2768286168575287,0.7422781586647034,0.0029075301717966795,2.1769747734069824,0.25810375809669495,,,,,,,,,,,,,,,
,0.0002969028454339935,6349,,,,,,,,,,,,,,,,,,,,,,,,,,,,,,
9,,6349,0.07146472483873367,0.08284484595060349,0.5253874659538269,0.007832531817257404,0.0764695480465889,0.00937056727707386,0.3986080586910248,0.007573038339614868,0.08735483884811401,0.07306531816720963,0.2756440043449402,0.5870141386985779,0.005269793327897787,2.0992465019226074,0.20984694361686707,,,,,,,,,,,,,,,
,0.00029687651141579904,6359,,,,,,,,,,,,,,,,,,,,,,,,,,,,,,
9,,6359,0.08582397550344467,0.0414351150393486,0.3616446852684021,0.005351669620722532,0.10167665779590607,0.008207942359149456,0.2619914710521698,0.01298096776008606,0.19064027070999146,0.0645158439874649,0.26657214760780334,0.5970374941825867,0.001465940847992897,2.1265034675598145,0.20202136039733887,,,,,,,,,,,,,,,
,0.00029685006709440146,6369,,,,,,,,,,,,,,,,,,,,,,,,,,,,,,
9,,6369,0.1095818430185318,0.04447039216756821,0.42312267422676086,0.007603236008435488,0.10190325230360031,0.014075220562517643,0.27393606305122375,0.013973957858979702,0.23767328262329102,0.08646082878112793,0.26714038848876953,0.701134979724884,0.0017422526143491268,2.201667308807373,0.24410590529441833,,,,,,,,,,,,,,,
,0.00029682351248966023,6379,,,,,,,,,,,,,,,,,,,,,,,,,,,,,,
9,,6379,0.0718429908156395,0.04594840109348297,0.45056387782096863,0.00899879913777113,0.09851682186126709,0.014008639380335808,0.2761933207511902,0.01070887129753828,0.12697522342205048,0.05293915420770645,0.24289576709270477,0.5617094039916992,0.00508041400462389,2.1592369079589844,0.2109142392873764,,,,,,,,,,,,,,,
,0.00029679684762151773,6389,,,,,,,,,,,,,,,,,,,,,,,,,,,,,,
9,,6389,0.10973536223173141,0.05378682166337967,0.34857067465782166,0.008280272595584393,0.11097364872694016,0.01453916821628809,0.302132248878479,0.029324039816856384,0.282385915517807,0.084438256919384,0.24154804646968842,0.7425907850265503,0.0061915903352200985,2.1416938304901123,0.21311306953430176,,,,,,,,,,,,,,,
,0.000296770072509999,6399,,,,,,,,,,,,,,,,,,,,,,,,,,,,,,
9,,6399,0.08955750614404678,0.07362840324640274,0.5416423082351685,0.00911802053451538,0.1199040487408638,0.005589556414633989,0.4018331468105316,0.01671145297586918,0.17064206302165985,0.07409999519586563,0.2804488241672516,0.7178441286087036,0.006659419741481543,2.1010749340057373,0.2585214078426361,,,,,,,,,,,,,,,
,0.00029674318717521194,6409,,,,,,,,,,,,,,,,,,,,,,,,,,,,,,
9,,6409,0.11732012033462524,0.03560251742601395,0.341792494058609,0.007477497216314077,0.10427307337522507,0.011233163066208363,0.2661451995372772,0.015242936089634895,0.19882096350193024,0.06809048354625702,0.2533731162548065,0.6246808767318726,0.0036228212993592024,2.1800763607025146,0.2165614515542984,,,,,,,,,,,,,,,
,0.00029671619163734736,6419,,,,,,,,,,,,,,,,,,,,,,,,,,,,,,
9,,6419,0.06420886516571045,0.0508207306265831,0.40315020084381104,0.01090333517640829,0.10650859773159027,0.011304766871035099,0.2890762388706207,0.012484079226851463,0.10615523904561996,0.07768391072750092,0.28480494022369385,0.5479483604431152,0.00213366630487144,2.068185329437256,0.23244020342826843,,,,,,,,,,,,,,,
,0.00029668908591667855,6429,,,,,,,,,,,,,,,,,,,,,,,,,,,,,,
9,,6429,0.09829530119895935,0.07472945004701614,0.46066969633102417,0.023947814479470253,0.09192865341901779,0.020393794402480125,0.28461897373199463,0.010753024369478226,0.20079104602336884,0.067999467253685,0.27306994795799255,0.6838887929916382,0.012379974126815796,2.137373685836792,0.16542953252792358,,,,,,,,,,,,,,,
,0.0002966618700335619,6439,,,,,,,,,,,,,,,,,,,,,,,,,,,,,,
9,,6439,0.0666104257106781,0.04538756608963013,0.4836387038230896,0.008828136138617992,0.10230550169944763,0.010029940865933895,0.3048790991306305,0.009973316453397274,0.13111616671085358,0.033351998776197433,0.266314834356308,0.5882638692855835,0.003934384323656559,2.195225715637207,0.2426103949546814,,,,,,,,,,,,,,,
,0.0002966345440084362,6449,,,,,,,,,,,,,,,,,,,,,,,,,,,,,,
9,,6449,0.10614828765392303,0.029244709759950638,0.36617976427078247,0.008871369995176792,0.11560678482055664,0.015388436615467072,0.2677786350250244,0.02198636904358864,0.278288334608078,0.07914559543132782,0.2748531401157379,0.719028890132904,0.0020938385277986526,2.2018747329711914,0.20926648378372192,,,,,,,,,,,,,,,
,0.00029660710786182315,6459,,,,,,,,,,,,,,,,,,,,,,,,,,,,,,
9,,6459,0.06611890345811844,0.055042799562215805,0.3629271984100342,0.006935745477676392,0.11356905847787857,0.013414808548986912,0.29680636525154114,0.01591586135327816,0.19757485389709473,0.09229976683855057,0.2876639664173126,0.6423639059066772,0.0033880583941936493,2.1379802227020264,0.24638555943965912,,,,,,,,,,,,,,,
,0.00029657956161432714,6469,,,,,,,,,,,,,,,,,,,,,,,,,,,,,,
9,,6469,0.09456861764192581,0.047365132719278336,0.37406355142593384,0.006875180639326572,0.08875994384288788,0.015607485547661781,0.3012760877609253,0.015811800956726074,0.19892026484012604,0.07112417370080948,0.2190438061952591,0.6250077486038208,0.0077072796411812305,2.157923460006714,0.19151239097118378,,,,,,,,,,,,,,,
,0.0002965519052866351,6479,,,,,,,,,,,,,,,,,,,,,,,,,,,,,,
9,,6479,0.10083743184804916,0.038647837936878204,0.4040704369544983,0.0096605708822608,0.08378782123327255,0.020544705912470818,0.25994113087654114,0.012343299575150013,0.14616595208644867,0.0699414610862732,0.2573030889034271,0.5911779999732971,0.007801391184329987,2.1198198795318604,0.23317109048366547,,,,,,,,,,,,,,,
,0.00029652413889951683,6489,,,,,,,,,,,,,,,,,,,,,,,,,,,,,,
9,,6489,0.06286369264125824,0.06896035373210907,0.5424671173095703,0.004241749178618193,0.1291087120771408,0.030689192935824394,0.3774820864200592,0.013591845519840717,0.1399497240781784,0.08050327748060226,0.26988136768341064,0.6699326038360596,0.0018287894781678915,2.112574815750122,0.26840102672576904,,,,,,,,,,,,,,,
,0.0002964962624738246,6499,,,,,,,,,,,,,,,,,,,,,,,,,,,,,,
9,,6499,0.0887155756354332,0.029537150636315346,0.32684481143951416,0.004333395045250654,0.09116138517856598,0.014827392995357513,0.2591342628002167,0.015483659692108631,0.2739124000072479,0.04664045572280884,0.24463345110416412,0.6534649133682251,0.002761304145678878,2.0886430740356445,0.17279204726219177,,,,,,,,,,,,,,,
,0.0002964682760304935,6509,,,,,,,,,,,,,,,,,,,,,,,,,,,,,,
9,,6509,0.14483287930488586,0.03329622745513916,0.36392489075660706,0.007293708622455597,0.12612608075141907,0.02085006982088089,0.3115413784980774,0.036319371312856674,0.27750736474990845,0.09279104322195053,0.27672436833381653,0.7733415365219116,0.002088255248963833,2.1407265663146973,0.22038328647613525,,,,,,,,,,,,,,,
,0.0002964401795905411,6519,,,,,,,,,,,,,,,,,,,,,,,,,,,,,,
9,,6519,0.058005545288324356,0.06483912467956543,0.3802318572998047,0.007182171102613211,0.05514189228415489,0.018293103203177452,0.2681325674057007,0.007808685302734375,0.10107241570949554,0.07976356148719788,0.2414914220571518,0.49000775814056396,0.0026163081638514996,2.1499266624450684,0.17364053428173065,,,,,,,,,,,,,,,
,0.00029641197317506755,6529,,,,,,,,,,,,,,,,,,,,,,,,,,,,,,
9,,6529,0.07668157666921616,0.030036091804504395,0.37874147295951843,0.010378440842032433,0.0844208374619484,0.011251282878220081,0.24448515474796295,0.012461218982934952,0.24048984050750732,0.1092645451426506,0.24007752537727356,0.6477352976799011,0.0024705545511096716,2.119126558303833,0.21900063753128052,,,,,,,,,,,,,,,
,0.00029638365680525585,6539,,,,,,,,,,,,,,,,,,,,,,,,,,,,,,
9,,6539,0.057638879865407944,0.039944734424352646,0.46099311113357544,0.004127883818000555,0.11211242526769638,0.015527810901403427,0.26065024733543396,0.012340204790234566,0.09700039774179459,0.062273070216178894,0.24246008694171906,0.5400313138961792,0.008089141920208931,2.1500203609466553,0.2553026080131531,,,,,,,,,,,,,,,
,0.0002963552305023712,6549,,,,,,,,,,,,,,,,,,,,,,,,,,,,,,
9,,6549,0.08786356449127197,0.051796652376651764,0.37386488914489746,0.005682454444468021,0.10233946144580841,0.021615443751215935,0.2693793773651123,0.016653796657919884,0.22543662786483765,0.07809911668300629,0.2692996561527252,0.655616819858551,0.00148969201836735,2.1321043968200684,0.2007734775543213,,,,,,,,,,,,,,,
,0.0002963266942877617,6559,,,,,,,,,,,,,,,,,,,,,,,,,,,,,,
9,,6559,0.0666336938738823,0.03282754495739937,0.39897775650024414,0.004187009297311306,0.0763474628329277,0.010673495009541512,0.2210547924041748,0.01861632987856865,0.15724243223667145,0.06429299712181091,0.2572583854198456,0.548799991607666,0.004977517295628786,2.09928822517395,0.18950869143009186,,,,,,,,,,,,,,,
,0.0002962980481828577,6569,,,,,,,,,,,,,,,,,,,,,,,,,,,,,,
9,,6569,0.09688639640808105,0.029677744954824448,0.3994333744049072,0.005982112605124712,0.11019724607467651,0.00717404019087553,0.243072047829628,0.020461250096559525,0.22659343481063843,0.10151253640651703,0.27768248319625854,0.6648823618888855,0.0015413562068715692,2.148983955383301,0.22497403621673584,,,,,,,,,,,,,,,
,0.0002962692922091723,6579,,,,,,,,,,,,,,,,,,,,,,,,,,,,,,
9,,6579,0.0697784572839737,0.03823717311024666,0.325864315032959,0.001120280590839684,0.06850544363260269,0.01502683199942112,0.2203506976366043,0.009203290566802025,0.11700422316789627,0.083811916410923,0.23978187143802643,0.45909732580184937,0.0010867570526897907,2.167509078979492,0.1416126936674118,,,,,,,,,,,,,,,
,0.00029624042638830105,6589,,,,,,,,,,,,,,,,,,,,,,,,,,,,,,
9,,6589,0.05157963186502457,0.057738978415727615,0.41025424003601074,0.003288873238489032,0.07575814425945282,0.006103181745857,0.29174646735191345,0.01222180388867855,0.12629453837871552,0.05010049790143967,0.2595215439796448,0.5165719389915466,0.0021665701642632484,2.0699055194854736,0.1543044000864029,,,,,,,,,,,,,,,
,0.0002962114507419219,6599,,,,,,,,,,,,,,,,,,,,,,,,,,,,,,
9,,6599,0.08503681421279907,0.08078394830226898,0.46842727065086365,0.008724004030227661,0.10606972128152847,0.014484094455838203,0.3339932858943939,0.015355857089161873,0.20258860290050507,0.05086049810051918,0.2794177234172821,0.6870582103729248,0.0010181370889768004,2.1188488006591797,0.2108033299446106,,,,,,,,,,,,,,,
,0.00029618236529179543,6609,,,,,,,,,,,,,,,,,,,,,,,,,,,,,,
9,,6609,0.10321146994829178,0.02938893996179104,0.40005481243133545,0.0030277036130428314,0.08810673654079437,0.017681386321783066,0.23006778955459595,0.014263574033975601,0.17860691249370575,0.08435799926519394,0.29069823026657104,0.6072716116905212,0.004130351357161999,2.104368209838867,0.2156256139278412,,,,,,,,,,,,,,,
,0.00029615317005976456,6619,,,,,,,,,,,,,,,,,,,,,,,,,,,,,,
9,,6619,0.11619370430707932,0.06468077749013901,0.4726572334766388,0.003824196057394147,0.10640691965818405,0.015642279759049416,0.33000651001930237,0.01406894065439701,0.17465853691101074,0.055059462785720825,0.251005619764328,0.6612111330032349,0.008055150508880615,2.108217239379883,0.19817811250686646,,,,,,,,,,,,,,,
,0.0002961238650677547,6629,,,,,,,,,,,,,,,,,,,,,,,,,,,,,,
9,,6629,0.10001581162214279,0.036486368626356125,0.41674143075942993,0.0075912619940936565,0.10484766215085983,0.009790463373064995,0.2320704460144043,0.014015017077326775,0.14007464051246643,0.06589717417955399,0.28422707319259644,0.576700747013092,0.0058780936524271965,2.1673126220703125,0.21220698952674866,,,,,,,,,,,,,,,
,0.0002960944503377737,6639,,,,,,,,,,,,,,,,,,,,,,,,,,,,,,
9,,6639,0.10017687827348709,0.024486513808369637,0.39038291573524475,0.009602976031601429,0.10147670656442642,0.01999730058014393,0.22420965135097504,0.014156823977828026,0.21126556396484375,0.06387163698673248,0.2710101306438446,0.6404658555984497,0.005539970472455025,2.132643461227417,0.22566531598567963,,,,,,,,,,,,,,,
,0.0002960649258919118,6649,,,,,,,,,,,,,,,,,,,,,,,,,,,,,,
9,,6649,0.07362991571426392,0.035548847168684006,0.4524928033351898,0.008991539478302002,0.11728627979755402,0.007607004139572382,0.2877093255519867,0.009251086041331291,0.15178033709526062,0.11620596051216125,0.2845076024532318,0.6140123009681702,0.0007069389102980494,2.08252215385437,0.2570509612560272,,,,,,,,,,,,,,,
,0.0002960352917523417,6659,,,,,,,,,,,,,,,,,,,,,,,,,,,,,,
9,,6659,0.08052613586187363,0.0356941819190979,0.28692498803138733,0.00647056894376874,0.07937556505203247,0.005943743512034416,0.24501217901706696,0.020430302247405052,0.2033429592847824,0.07895119488239288,0.22934019565582275,0.560253381729126,0.003858894808217883,2.107318878173828,0.1458432674407959,,,,,,,,,,,,,,,
,0.0002960055479413183,6669,,,,,,,,,,,,,,,,,,,,,,,,,,,,,,
9,,6669,0.07082252204418182,0.0399116575717926,0.4084203839302063,0.0076681519858539104,0.09427289664745331,0.01503660622984171,0.27538296580314636,0.015704452991485596,0.16844668984413147,0.06677199900150299,0.26661163568496704,0.59944748878479,0.004093648865818977,2.1260886192321777,0.22120708227157593,,,,,,,,,,,,,,,
,0.00029597569448117913,6679,,,,,,,,,,,,,,,,,,,,,,,,,,,,,,
9,,6679,0.12468300759792328,0.058594245463609695,0.5210787653923035,0.013260173611342907,0.11920512467622757,0.01658185012638569,0.3688763678073883,0.01549253799021244,0.22981543838977814,0.07243376225233078,0.3110833764076233,0.7806193232536316,0.0045631043612957,2.2311644554138184,0.23997369408607483,,,,,,,,,,,,,,,
,0.0002959457313943438,6689,,,,,,,,,,,,,,,,,,,,,,,,,,,,,,
9,,6689,0.09136132150888443,0.05797024443745613,0.3935157060623169,0.002565743401646614,0.08293434977531433,0.02934330888092518,0.3304072320461273,0.01681596040725708,0.1791280061006546,0.06737574934959412,0.2629515528678894,0.6305488348007202,0.0010859627509489655,2.1409647464752197,0.21108640730381012,,,,,,,,,,,,,,,
,0.0002959156587033145,6699,,,,,,,,,,,,,,,,,,,,,,,,,,,,,,
9,,6699,0.06722261756658554,0.04622809216380119,0.40611279010772705,0.002783598843961954,0.0822775661945343,0.010030247271060944,0.23725265264511108,0.0069449772126972675,0.11235886812210083,0.08677136152982712,0.27628955245018005,0.5179150700569153,0.0026036747731268406,2.106395959854126,0.2203875482082367,,,,,,,,,,,,,,,
,0.00029588547643067553,6709,,,,,,,,,,,,,,,,,,,,,,,,,,,,,,
9,,6709,0.12127712368965149,0.048870351165533066,0.41476523876190186,0.008484039455652237,0.12571397423744202,0.021654117852449417,0.3234522044658661,0.023642005398869514,0.3118962049484253,0.0931519865989685,0.2694343030452728,0.8173875212669373,0.003577390220016241,2.1604299545288086,0.2473110556602478,,,,,,,,,,,,,,,
,0.00029585518459909353,6719,,,,,,,,,,,,,,,,,,,,,,,,,,,,,,
9,,6719,0.12219318747520447,0.11268900334835052,0.4313662350177765,0.007006812375038862,0.11677742004394531,0.026569414883852005,0.37594902515411377,0.018708862364292145,0.3503694236278534,0.06501618027687073,0.2648635506629944,0.8783338069915771,0.005433802492916584,2.0770392417907715,0.2068042904138565,,,,,,,,,,,,,,,
,0.00029582478323131745,6729,,,,,,,,,,,,,,,,,,,,,,,,,,,,,,
9,,6729,0.10010126978158951,0.037469666451215744,0.3426588177680969,0.0025051904376596212,0.08616474270820618,0.03353671357035637,0.23289915919303894,0.012494335882365704,0.22806498408317566,0.10013937205076218,0.2745995819568634,0.6450315713882446,0.005266124848276377,2.0878655910491943,0.20796547830104828,,,,,,,,,,,,,,,
,0.0002957942723501786,6739,,,,,,,,,,,,,,,,,,,,,,,,,,,,,,
9,,6739,0.11688966304063797,0.05213375762104988,0.4541097581386566,0.009064161218702793,0.12629982829093933,0.028719890862703323,0.2961077094078064,0.015489636920392513,0.27296385169029236,0.08794962614774704,0.28298264741897583,0.7796165943145752,0.0026902256067842245,2.147416830062866,0.24708913266658783,,,,,,,,,,,,,,,
,0.0002957636519785903,6749,,,,,,,,,,,,,,,,,,,,,,,,,,,,,,
9,,6749,0.07978419959545135,0.03703644871711731,0.3723091781139374,0.010876457206904888,0.09429586678743362,0.019817819818854332,0.25977593660354614,0.023479197174310684,0.20697350800037384,0.10172934830188751,0.26880598068237305,0.6484594941139221,0.004256434738636017,2.105048894882202,0.23008993268013,,,,,,,,,,,,,,,
,0.00029573292213954836,6759,,,,,,,,,,,,,,,,,,,,,,,,,,,,,,
9,,6759,0.08968552947044373,0.08072896301746368,0.5829219222068787,0.005083132069557905,0.10144562274217606,0.021796995773911476,0.39676445722579956,0.012190515175461769,0.12975715100765228,0.10249882191419601,0.3074290156364441,0.6894859075546265,0.007595155853778124,2.145569324493408,0.23512423038482666,,,,,,,,,,,,,,,
,0.00029570208285613055,6769,,,,,,,,,,,,,,,,,,,,,,,,,,,,,,
9,,6769,0.08239954710006714,0.052834559231996536,0.4646732211112976,0.009704899042844772,0.08738148957490921,0.025490419939160347,0.3100602328777313,0.010832298547029495,0.1858065128326416,0.06322277337312698,0.266355961561203,0.6448100805282593,0.0009784458670765162,2.134995937347412,0.20297370851039886,,,,,,,,,,,,,,,
,0.00029567113415149705,6779,,,,,,,,,,,,,,,,,,,,,,,,,,,,,,
9,,6779,0.13466301560401917,0.02784278243780136,0.4006490111351013,0.005169712007045746,0.10209430009126663,0.024089112877845764,0.282676637172699,0.025722863152623177,0.27670472860336304,0.059913258999586105,0.24686726927757263,0.7353560924530029,0.0017376452451571822,2.1706008911132812,0.20253369212150574,,,,,,,,,,,,,,,
,0.00029564007604889,6789,,,,,,,,,,,,,,,,,,,,,,,,,,,,,,
9,,6789,0.06465515494346619,0.03841731324791908,0.33052659034729004,0.005233458708971739,0.09247004240751266,0.015877744182944298,0.20896071195602417,0.01946733519434929,0.17760562896728516,0.06784369796514511,0.2607211172580719,0.5648300647735596,0.003928633872419596,2.096989631652832,0.22041739523410797,,,,,,,,,,,,,,,
,0.000295608908571634,6799,,,,,,,,,,,,,,,,,,,,,,,,,,,,,,
9,,6799,0.10231824964284897,0.03463491424918175,0.4070817530155182,0.00595494220033288,0.11544820666313171,0.011890538968145847,0.30362436175346375,0.01569945365190506,0.24762003123760223,0.055810026824474335,0.2941635847091675,0.7148800492286682,0.0023056459613144398,2.2029764652252197,0.2608157694339752,,,,,,,,,,,,,,,
,0.00029557763174313534,6809,,,,,,,,,,,,,,,,,,,,,,,,,,,,,,
9,,6809,0.08510386198759079,0.08393148332834244,0.46417683362960815,0.015680475160479546,0.12282924354076385,0.014683169312775135,0.369226336479187,0.01442139595746994,0.2821155786514282,0.09804386645555496,0.29228973388671875,0.823434591293335,0.0018983016489073634,2.133732318878174,0.30140426754951477,,,,,,,,,,,,,,,
,0.0002955462455868829,6819,,,,,,,,,,,,,,,,,,,,,,,,,,,,,,
9,,6819,0.10056915879249573,0.049608759582042694,0.422294557094574,0.004310434218496084,0.11412542313337326,0.012686066329479218,0.2756877839565277,0.015786588191986084,0.19188345968723297,0.06692395359277725,0.27311384677886963,0.6477890610694885,0.0031841928139328957,2.106343984603882,0.22450058162212372,,,,,,,,,,,,,,,
,0.00029551475012644737,6829,,,,,,,,,,,,,,,,,,,,,,,,,,,,,,
9,,6829,0.0809631198644638,0.03309149295091629,0.33615031838417053,0.007868529297411442,0.09734801203012466,0.008825127966701984,0.2516666054725647,0.01934397965669632,0.1631627231836319,0.0813351720571518,0.2566204369068146,0.5607293248176575,0.005387581419199705,2.1133947372436523,0.18404227495193481,,,,,,,,,,,,,,,
,0.0002954831453854816,6839,,,,,,,,,,,,,,,,,,,,,,,,,,,,,,
9,,6839,0.0757158175110817,0.04490534961223602,0.36834946274757385,0.0061985221691429615,0.10002803802490234,0.013002361170947552,0.24696548283100128,0.027824152261018753,0.23829951882362366,0.050728797912597656,0.27626004815101624,0.6697012186050415,0.0038875145837664604,2.1477909088134766,0.23685243725776672,,,,,,,,,,,,,,,
,0.00029545143138772064,6849,,,,,,,,,,,,,,,,,,,,,,,,,,,,,,
9,,6849,0.11328545957803726,0.03823314979672432,0.43271028995513916,0.0030049558263272047,0.1320248693227768,0.0347471721470356,0.3331958055496216,0.01260002888739109,0.30789482593536377,0.06275647133588791,0.26992398500442505,0.8068012595176697,0.0015982772456482053,2.095383644104004,0.2762570083141327,,,,,,,,,,,,,,,
,0.0002954196081569813,6859,,,,,,,,,,,,,,,,,,,,,,,,,,,,,,
9,,6859,0.10035877674818039,0.04969111084938049,0.4325019419193268,0.004973330534994602,0.12795938551425934,0.010851544328033924,0.3482151925563812,0.02408452518284321,0.30952176451683044,0.0875561460852623,0.26542791724205017,0.8068154454231262,0.004576437640935183,2.110470771789551,0.24388183653354645,,,,,,,,,,,,,,,
,0.00029538767571716276,6869,,,,,,,,,,,,,,,,,,,,,,,,,,,,,,
9,,6869,0.10195495188236237,0.03758973255753517,0.3987961411476135,0.0021275198087096214,0.08444494009017944,0.013902607373893261,0.22670605778694153,0.013350884430110455,0.18722756206989288,0.045177802443504333,0.2546203136444092,0.5917561054229736,0.0026735994033515453,2.1398801803588867,0.19428172707557678,,,,,,,,,,,,,,,
,0.00029535563409224596,6879,,,,,,,,,,,,,,,,,,,,,,,,,,,,,,
9,,6879,0.12321008741855621,0.034350283443927765,0.4285355508327484,0.007906769402325153,0.10875047743320465,0.011636781506240368,0.3212575316429138,0.02154620923101902,0.2444540411233902,0.08464567363262177,0.2586684226989746,0.7181748747825623,0.0037967164535075426,2.130007266998291,0.1960477977991104,,,,,,,,,,,,,,,
,0.00029532348330629397,6889,,,,,,,,,,,,,,,,,,,,,,,,,,,,,,
9,,6889,0.07656820118427277,0.02740504965186119,0.38003256916999817,0.008950073271989822,0.08754398673772812,0.006545554846525192,0.21007825434207916,0.014611741527915001,0.14466124773025513,0.07790336012840271,0.25999101996421814,0.5448609590530396,0.005630279891192913,2.161708116531372,0.22129899263381958,,,,,,,,,,,,,,,
,0.0002952912233834517,6899,,,,,,,,,,,,,,,,,,,,,,,,,,,,,,
9,,6899,0.09308577328920364,0.05037028342485428,0.358682781457901,0.013004763051867485,0.07938974350690842,0.023164866492152214,0.257852166891098,0.01979176327586174,0.17702431976795197,0.08376385271549225,0.24507921934127808,0.6047664284706116,0.0010117506608366966,2.119893789291382,0.20721566677093506,,,,,,,,,,,,,,,
,0.0002952588543479463,6909,,,,,,,,,,,,,,,,,,,,,,,,,,,,,,
9,,6909,0.09075018763542175,0.034061089158058167,0.39316490292549133,0.007885423488914967,0.10118868947029114,0.024604715406894684,0.25339120626449585,0.016526401042938232,0.18178609013557434,0.041088830679655075,0.24379833042621613,0.5986595153808594,0.0018535313429310918,2.0804316997528076,0.1926291435956955,,,,,,,,,,,,,,,
,0.0002952263762240865,6919,,,,,,,,,,,,,,,,,,,,,,,,,,,,,,
9,,6919,0.08944308012723923,0.03595321252942085,0.3653155565261841,0.008928492665290833,0.09915680438280106,0.018685588613152504,0.25044870376586914,0.01597002148628235,0.1986401230096817,0.07472135871648788,0.2577934265136719,0.6232937574386597,0.007303019519895315,2.1309099197387695,0.21414516866207123,,,,,,,,,,,,,,,
,0.00029519378903626327,6929,,,,,,,,,,,,,,,,,,,,,,,,,,,,,,
9,,6929,0.11184147000312805,0.03847873955965042,0.3821633458137512,0.010312061756849289,0.10761827975511551,0.01378580555319786,0.23131418228149414,0.016447408124804497,0.19802376627922058,0.10241639614105225,0.28027620911598206,0.641910195350647,0.0016257998067885637,2.114027500152588,0.221654012799263,,,,,,,,,,,,,,,
,0.0002951610928089492,6939,,,,,,,,,,,,,,,,,,,,,,,,,,,,,,
9,,6939,0.08905022591352463,0.035910170525312424,0.4398261606693268,0.013530432246625423,0.11389175802469254,0.014792464673519135,0.2535260021686554,0.01786113902926445,0.19464628398418427,0.06493151187896729,0.2653549611568451,0.6398878693580627,0.00289136846549809,2.118424654006958,0.19353413581848145,,,,,,,,,,,,,,,
,0.00029512828756669916,6949,,,,,,,,,,,,,,,,,,,,,,,,,,,,,,
9,,6949,0.09695200622081757,0.06960804015398026,0.388268381357193,0.0034939104225486517,0.08966881781816483,0.009753160178661346,0.30978113412857056,0.01816571317613125,0.18051187694072723,0.0701948031783104,0.25569719076156616,0.6144516468048096,0.0006806109449826181,2.105587959289551,0.17464026808738708,,,,,,,,,,,,,,,
9,,6949,,,,,,,,,,,,,,,,0.17328739166259766,0.03507894650101662,0.2613147795200348,0.007443801499903202,0.06415948271751404,0.0017347666434943676,0.15390758216381073,0.02322157472372055,0.19889795780181885,0.06127052381634712,0.17196249961853027,0.5563014149665833,0.009854226373136044,2.150162696838379,0.12948983907699585
,0.0002950953733341495,6959,,,,,,,,,,,,,,,,,,,,,,,,,,,,,,
10,,6959,0.15104316174983978,0.0340048149228096,0.4338785409927368,0.00993895623832941,0.1299118548631668,0.02173585258424282,0.33583953976631165,0.024374976754188538,0.37513208389282227,0.0940399169921875,0.2911076545715332,0.8987756371498108,0.0012151176342740655,2.1357216835021973,0.23064705729484558,,,,,,,,,,,,,,,
,0.0002950623501360185,6969,,,,,,,,,,,,,,,,,,,,,,,,,,,,,,
10,,6969,0.07421603798866272,0.047281645238399506,0.375982403755188,0.006990516558289528,0.08999405801296234,0.02436099760234356,0.2575971782207489,0.01483740285038948,0.1722802221775055,0.06423196941614151,0.24951358139514923,0.5824869275093079,0.0021617363672703505,2.0772061347961426,0.1959526687860489,,,,,,,,,,,,,,,
,0.00029502921799710646,6979,,,,,,,,,,,,,,,,,,,,,,,,,,,,,,
10,,6979,0.09090574830770493,0.031722478568553925,0.37037280201911926,0.003743791487067938,0.07062091678380966,0.023141833022236824,0.24300411343574524,0.014087984338402748,0.1388256698846817,0.06292161345481873,0.21483473479747772,0.5106748938560486,0.0013168257428333163,2.129676342010498,0.13688163459300995,,,,,,,,,,,,,,,
,0.00029499597694229533,6989,,,,,,,,,,,,,,,,,,,,,,,,,,,,,,
10,,6989,0.0824776142835617,0.04388211667537689,0.45385101437568665,0.00645151361823082,0.11694298684597015,0.0121542913839221,0.2728331387042999,0.014336837455630302,0.1307215839624405,0.09003543853759766,0.28464066982269287,0.6087226271629333,0.006971294526010752,2.1435210704803467,0.2711327373981476,,,,,,,,,,,,,,,
,0.000294962626996549,6999,,,,,,,,,,,,,,,,,,,,,,,,,,,,,,
10,,6999,0.09369571506977081,0.034641992300748825,0.4291912019252777,0.00683829840272665,0.11923886090517044,0.013854550197720528,0.26710355281829834,0.011299739591777325,0.14757995307445526,0.063837930560112,0.2804293632507324,0.6039047837257385,0.0073941475711762905,2.0929136276245117,0.24052052199840546,,,,,,,,,,,,,,,
,0.0002949291681849129,7009,,,,,,,,,,,,,,,,,,,,,,,,,,,,,,
10,,7009,0.07885893434286118,0.030353328213095665,0.351004421710968,0.004064642824232578,0.11443128436803818,0.009941887110471725,0.22005923092365265,0.018246054649353027,0.15762397646903992,0.07981083542108536,0.2430560141801834,0.5563879013061523,0.004133064299821854,2.173020839691162,0.2209053486585617,,,,,,,,,,,,,,,
,0.00029489560053251444,7019,,,,,,,,,,,,,,,,,,,,,,,,,,,,,,
10,,7019,0.0840437114238739,0.028348246589303017,0.3158457577228546,0.011099590919911861,0.07779770344495773,0.01667659543454647,0.18623438477516174,0.016558924689888954,0.16837167739868164,0.07493314892053604,0.2541910707950592,0.5388372540473938,0.0015708210412412882,2.0632412433624268,0.1889895647764206,,,,,,,,,,,,,,,
,0.00029486192406456266,7029,,,,,,,,,,,,,,,,,,,,,,,,,,,,,,
10,,7029,0.09696239978075027,0.02901063859462738,0.3713303804397583,0.0071098702028393745,0.09098879247903824,0.013433314859867096,0.25754135847091675,0.013094739988446236,0.20969641208648682,0.04978201538324356,0.25278159976005554,0.613065242767334,0.0034288994502276182,2.1553666591644287,0.1879263073205948,,,,,,,,,,,,,,,
,0.0002948281388063483,7039,,,,,,,,,,,,,,,,,,,,,,,,,,,,,,
10,,7039,0.0802423432469368,0.03834589943289757,0.37292200326919556,0.004620708990842104,0.09743183106184006,0.009699726477265358,0.2454858124256134,0.019594671204686165,0.22983822226524353,0.05396729335188866,0.2686280608177185,0.6331336498260498,0.0034701793920248747,2.1203689575195312,0.18624599277973175,,,,,,,,,,,,,,,
,0.000294794244783244,7049,,,,,,,,,,,,,,,,,,,,,,,,,,,,,,
10,,7049,0.06535171717405319,0.07151466608047485,0.478603333234787,0.005009602755308151,0.14772723615169525,0.01334326807409525,0.34522852301597595,0.013185892254114151,0.1626916378736496,0.11669749021530151,0.27413856983184814,0.6758289337158203,0.005311843939125538,2.19087290763855,0.27508121728897095,,,,,,,,,,,,,,,
,0.00029476024202070375,7059,,,,,,,,,,,,,,,,,,,,,,,,,,,,,,
10,,7059,0.07023070752620697,0.03767373040318489,0.44474637508392334,0.007555501535534859,0.07816310971975327,0.011933178640902042,0.2744925916194916,0.006542012095451355,0.10016536712646484,0.0699601024389267,0.230910986661911,0.49890902638435364,0.004782055504620075,2.086249828338623,0.15149526298046112,,,,,,,,,,,,,,,
,0.0002947261305442634,7069,,,,,,,,,,,,,,,,,,,,,,,,,,,,,,
10,,7069,0.0771605372428894,0.0799984484910965,0.397927463054657,0.008473478257656097,0.09061075747013092,0.015845157206058502,0.2629648745059967,0.012605316936969757,0.16228647530078888,0.07931499928236008,0.22367119789123535,0.598092257976532,0.006894218735396862,2.1763885021209717,0.2164229303598404,,,,,,,,,,,,,,,
,0.00029469191037954055,7079,,,,,,,,,,,,,,,,,,,,,,,,,,,,,,
10,,7079,0.07411857694387436,0.03205849975347519,0.293351411819458,0.009354140609502792,0.07147775590419769,0.01655173860490322,0.1947929710149765,0.017934449017047882,0.17296172678470612,0.06436528265476227,0.2528357207775116,0.5214264392852783,0.0013638584641739726,2.1304068565368652,0.15619589388370514,,,,,,,,,,,,,,,
,0.0002946575815522342,7089,,,,,,,,,,,,,,,,,,,,,,,,,,,,,,
10,,7089,0.05769592151045799,0.0613383911550045,0.34703487157821655,0.008159160614013672,0.0828043669462204,0.01757035218179226,0.23526787757873535,0.008496313355863094,0.13426679372787476,0.05527363717556,0.30848586559295654,0.5240598917007446,0.0009386889869347215,2.083035945892334,0.18804560601711273,,,,,,,,,,,,,,,
,0.0002946231440881251,7099,,,,,,,,,,,,,,,,,,,,,,,,,,,,,,
10,,7099,0.09492027014493942,0.08069553971290588,0.48433437943458557,0.005101739428937435,0.08375074714422226,0.013140944764018059,0.32648366689682007,0.018099673092365265,0.16827642917633057,0.0675121322274208,0.2818392515182495,0.6564189195632935,0.001690663630142808,2.206425189971924,0.20862649381160736,,,,,,,,,,,,,,,
,0.0002945885980130755,7109,,,,,,,,,,,,,,,,,,,,,,,,,,,,,,
10,,7109,0.11167475581169128,0.04661303386092186,0.457743376493454,0.004918694030493498,0.10159936547279358,0.014164009131491184,0.26635169982910156,0.01310522761195898,0.18643809854984283,0.09635373204946518,0.2804975211620331,0.6612297892570496,0.005563925486057997,2.117117404937744,0.23258613049983978,,,,,,,,,,,,,,,
,0.00029455394335302923,7119,,,,,,,,,,,,,,,,,,,,,,,,,,,,,,
10,,7119,0.07118014246225357,0.032740697264671326,0.36927780508995056,0.0035338515881448984,0.08497530221939087,0.011887663044035435,0.22668597102165222,0.020299693569540977,0.13121333718299866,0.05877973139286041,0.2422744780778885,0.509821355342865,0.005843386985361576,2.0944290161132812,0.16110122203826904,,,,,,,,,,,,,,,
,0.00029451918013401174,7129,,,,,,,,,,,,,,,,,,,,,,,,,,,,,,
10,,7129,0.11829763650894165,0.04518250748515129,0.4268972873687744,0.010240486823022366,0.10679899901151657,0.016469059512019157,0.29876843094825745,0.018550902605056763,0.22737805545330048,0.07418444752693176,0.27472612261772156,0.7010874152183533,0.003668640973046422,2.1247003078460693,0.20086362957954407,,,,,,,,,,,,,,,
,0.00029448430838212997,7139,,,,,,,,,,,,,,,,,,,,,,,,,,,,,,
10,,7139,0.07200472801923752,0.037000034004449844,0.3840557634830475,0.003068840131163597,0.08095292747020721,0.01692929118871689,0.209129199385643,0.007196326740086079,0.11085433512926102,0.09056923538446426,0.2684510350227356,0.5023719668388367,0.0021062034647911787,2.1046411991119385,0.21622130274772644,,,,,,,,,,,,,,,
,0.00029444932812357227,7149,,,,,,,,,,,,,,,,,,,,,,,,,,,,,,
10,,7149,0.09957542270421982,0.06611905992031097,0.4917333722114563,0.006385499145835638,0.11563697457313538,0.0256964061409235,0.3360130190849304,0.01557970978319645,0.1824662685394287,0.08291018009185791,0.26403698325157166,0.686529815196991,0.0023167117033153772,2.123852491378784,0.21673882007598877,,,,,,,,,,,,,,,
,0.0002944142393846087,7159,,,,,,,,,,,,,,,,,,,,,,,,,,,,,,
10,,7159,0.0708417296409607,0.03418990224599838,0.3617958426475525,0.005782508756965399,0.0961599051952362,0.013159004040062428,0.2382405549287796,0.008274703286588192,0.11894416809082031,0.07115641236305237,0.2473604828119278,0.5018031001091003,0.00411127507686615,2.107048511505127,0.1890990138053894,,,,,,,,,,,,,,,
,0.0002943790421915905,7169,,,,,,,,,,,,,,,,,,,,,,,,,,,,,,
10,,7169,0.12066303193569183,0.03475556522607803,0.2913826107978821,0.003845933126285672,0.09813586622476578,0.012334358878433704,0.23054443299770355,0.01167215220630169,0.2048722505569458,0.06861386448144913,0.25055065751075745,0.5949043035507202,0.005064704455435276,2.129204273223877,0.19687096774578094,,,,,,,,,,,,,,,
,0.00029434373657095063,7179,,,,,,,,,,,,,,,,,,,,,,,,,,,,,,
10,,7179,0.10272989422082901,0.04843781515955925,0.38367167115211487,0.006494151894003153,0.11307615786790848,0.012071466073393822,0.2796724736690521,0.02437737211585045,0.29598456621170044,0.07416841387748718,0.272958904504776,0.7610790729522705,0.005564335733652115,2.1357133388519287,0.2429237961769104,,,,,,,,,,,,,,,
,0.0002943083225492033,7189,,,,,,,,,,,,,,,,,,,,,,,,,,,,,,
10,,7189,0.08152973651885986,0.04995562881231308,0.5013450384140015,0.0052766152657568455,0.0928816869854927,0.014406309463083744,0.2870151400566101,0.009028954431414604,0.12444669753313065,0.06905091553926468,0.2626018822193146,0.5934503078460693,0.0018403982976451516,2.1465256214141846,0.255505234003067,,,,,,,,,,,,,,,
,0.00029427280015294416,7199,,,,,,,,,,,,,,,,,,,,,,,,,,,,,,
10,,7199,0.06561735272407532,0.05177057534456253,0.41698166728019714,0.004704056773334742,0.07369270920753479,0.008509439416229725,0.25433769822120667,0.010610772296786308,0.11458975076675415,0.06450165808200836,0.2298065423965454,0.5060897469520569,0.004251278471201658,2.1661250591278076,0.1714119017124176,,,,,,,,,,,,,,,
,0.0002942371694088503,7209,,,,,,,,,,,,,,,,,,,,,,,,,,,,,,
10,,7209,0.10796543955802917,0.03607247397303581,0.3928825259208679,0.005610294174402952,0.1185380145907402,0.0230982918292284,0.25004705786705017,0.017569120973348618,0.1976912021636963,0.09678801149129868,0.25840944051742554,0.662446141242981,0.0074306875467300415,2.154872417449951,0.2599097192287445,,,,,,,,,,,,,,,
,0.0002942014303436802,7219,,,,,,,,,,,,,,,,,,,,,,,,,,,,,,
10,,7219,0.056767452508211136,0.031801674515008926,0.276946097612381,0.005106218159198761,0.0818714126944542,0.01345392782241106,0.1919107437133789,0.01196439377963543,0.15151238441467285,0.04879327118396759,0.23389561474323273,0.4783213138580322,0.008113882504403591,2.1593868732452393,0.1605519950389862,,,,,,,,,,,,,,,
,0.0002941655829842736,7229,,,,,,,,,,,,,,,,,,,,,,,,,,,,,,
10,,7229,0.07401766628026962,0.04883567616343498,0.45276081562042236,0.009376919828355312,0.08803724497556686,0.01168674323707819,0.2957553267478943,0.014126311056315899,0.20537102222442627,0.08579239249229431,0.24432308971881866,0.6403349041938782,0.001336224377155304,2.1695361137390137,0.18076027929782867,,,,,,,,,,,,,,,
,0.0002941296273575516,7239,,,,,,,,,,,,,,,,,,,,,,,,,,,,,,
10,,7239,0.11191113293170929,0.025712434202432632,0.33563560247421265,0.0068070790730416775,0.10365034639835358,0.016557104885578156,0.23893369734287262,0.019496526569128036,0.2558095455169678,0.08912459760904312,0.25251221656799316,0.6656619310379028,0.0009215269237756729,2.1758787631988525,0.1930011808872223,,,,,,,,,,,,,,,
,0.0002940935634905166,7249,,,,,,,,,,,,,,,,,,,,,,,,,,,,,,
10,,7249,0.0897350087761879,0.06172642111778259,0.44743436574935913,0.00995879527181387,0.11570337414741516,0.012033594772219658,0.36205002665519714,0.01584482192993164,0.26595327258110046,0.06998132169246674,0.27349621057510376,0.7616144418716431,0.004785811994224787,2.1014976501464844,0.2354389727115631,,,,,,,,,,,,,,,
,0.0002940573914102524,7259,,,,,,,,,,,,,,,,,,,,,,,,,,,,,,
10,,7259,0.09704412519931793,0.03401213511824608,0.3465934097766876,0.0038966939318925142,0.09702896326780319,0.013053132221102715,0.23485790193080902,0.0236564502120018,0.2391001582145691,0.06591766327619553,0.2535843253135681,0.643223226070404,0.000766540935728699,2.136486768722534,0.19865213334560394,,,,,,,,,,,,,,,
,0.00029402111114392376,7269,,,,,,,,,,,,,,,,,,,,,,,,,,,,,,
10,,7269,0.06109613552689552,0.06280863285064697,0.5117620229721069,0.007114801090210676,0.09723710268735886,0.010904510505497456,0.2995011508464813,0.012405313551425934,0.13762180507183075,0.06997242569923401,0.28843405842781067,0.6203049421310425,0.0038784260395914316,2.0795953273773193,0.2575499713420868,,,,,,,,,,,,,,,
,0.00029398472271877714,7279,,,,,,,,,,,,,,,,,,,,,,,,,,,,,,
10,,7279,0.08405853062868118,0.0326358899474144,0.3514965772628784,0.011020183563232422,0.08539731055498123,0.01748041994869709,0.24601833522319794,0.014611009508371353,0.17050424218177795,0.07774575799703598,0.24528683722019196,0.567847490310669,0.0053217001259326935,2.123244285583496,0.1784813106060028,,,,,,,,,,,,,,,
,0.0002939482261621399,7289,,,,,,,,,,,,,,,,,,,,,,,,,,,,,,
10,,7289,0.07869107276201248,0.04071325808763504,0.47973331809043884,0.0025063741486519575,0.10512921959161758,0.011832546442747116,0.2852688729763031,0.011741679161787033,0.12315084785223007,0.06452902406454086,0.2750991880893707,0.5896892547607422,0.005222718697041273,2.110938787460327,0.26433926820755005,,,,,,,,,,,,,,,
,0.00029391162150142064,7299,,,,,,,,,,,,,,,,,,,,,,,,,,,,,,
10,,7299,0.10273822396993637,0.04533623903989792,0.4197295308113098,0.011720387265086174,0.13548721373081207,0.01596779003739357,0.2719593942165375,0.016226496547460556,0.20557451248168945,0.09006300568580627,0.26648518443107605,0.6887776851654053,0.004577974323183298,2.1565685272216797,0.26201269030570984,,,,,,,,,,,,,,,
,0.0002938749087641092,7309,,,,,,,,,,,,,,,,,,,,,,,,,,,,,,
10,,7309,0.12586644291877747,0.06565114110708237,0.3515603542327881,0.015091003850102425,0.09776937961578369,0.007887603715062141,0.29528290033340454,0.023284148424863815,0.31536394357681274,0.07638522982597351,0.26007893681526184,0.780498743057251,0.00818518828600645,2.1686248779296875,0.19410757720470428,,,,,,,,,,,,,,,
,0.0002938380879777767,7319,,,,,,,,,,,,,,,,,,,,,,,,,,,,,,
10,,7319,0.09651331603527069,0.07275066524744034,0.41217976808547974,0.004988799802958965,0.1096104308962822,0.017437342554330826,0.2870005667209625,0.00960000604391098,0.16007553040981293,0.1183231994509697,0.2512069344520569,0.6213715076446533,0.0027150774840265512,2.165822982788086,0.2237330973148346,,,,,,,,,,,,,,,
,0.0002938011591700751,7329,,,,,,,,,,,,,,,,,,,,,,,,,,,,,,
10,,7329,0.09662118554115295,0.07292433828115463,0.34144270420074463,0.00807779561728239,0.07416360825300217,0.013338202610611916,0.2913799285888672,0.01322728767991066,0.16379745304584503,0.07602041214704514,0.24339677393436432,0.5669981837272644,0.0014592024963349104,2.1262307167053223,0.1412862092256546,,,,,,,,,,,,,,,
,0.0002937641223687379,7339,,,,,,,,,,,,,,,,,,,,,,,,,,,,,,
10,,7339,0.07732483744621277,0.03510257601737976,0.4256376028060913,0.004072605632245541,0.08944638818502426,0.011354799382388592,0.2632032632827759,0.011201287619769573,0.11991401016712189,0.060742080211639404,0.2629759609699249,0.5486456751823425,0.009699610061943531,2.0821948051452637,0.22605690360069275,,,,,,,,,,,,,,,
,0.00029372697760157924,7349,,,,,,,,,,,,,,,,,,,,,,,,,,,,,,
10,,7349,0.10088972002267838,0.08492720127105713,0.4467712640762329,0.011256981641054153,0.12098105996847153,0.014658504165709019,0.3308013081550598,0.012305186130106449,0.1803850382566452,0.06955078989267349,0.26122623682022095,0.6821954250335693,0.005959593690931797,2.1702051162719727,0.23629598319530487,,,,,,,,,,,,,,,
,0.0002936897248964947,7359,,,,,,,,,,,,,,,,,,,,,,,,,,,,,,
10,,7359,0.09420003741979599,0.03220271319150925,0.3554975688457489,0.0076899453997612,0.07514314353466034,0.020583709701895714,0.2085905224084854,0.016875404864549637,0.14735199511051178,0.06318167597055435,0.26357921957969666,0.5388379096984863,0.0004053896409459412,2.117903709411621,0.18822139501571655,,,,,,,,,,,,,,,
,0.0002936523642814608,7369,,,,,,,,,,,,,,,,,,,,,,,,,,,,,,
10,,7369,0.06683177500963211,0.10366040468215942,0.4593615233898163,0.0030126578640192747,0.0785590261220932,0.018010180443525314,0.3366047739982605,0.010582858696579933,0.1053229346871376,0.06227670982480049,0.259866863489151,0.5699493885040283,0.012510045431554317,2.105830669403076,0.17240504920482635,,,,,,,,,,,,,,,
,0.000293614895784535,7379,,,,,,,,,,,,,,,,,,,,,,,,,,,,,,
10,,7379,0.06725490838289261,0.05360991135239601,0.41582363843917847,0.004064507782459259,0.09535229206085205,0.019771430641412735,0.26777130365371704,0.02153993584215641,0.17642831802368164,0.056954726576805115,0.2892286777496338,0.6150835752487183,0.004452051129192114,2.072627067565918,0.20574916899204254,,,,,,,,,,,,,,,
,0.000293577319433856,7389,,,,,,,,,,,,,,,,,,,,,,,,,,,,,,
10,,7389,0.07463404536247253,0.031032994389533997,0.38172945380210876,0.004477685317397118,0.08467145264148712,0.010116161778569221,0.2563193440437317,0.010811458341777325,0.15471899509429932,0.08166676014661789,0.25445064902305603,0.5550864934921265,0.007156087085604668,2.172384738922119,0.2007576823234558,,,,,,,,,,,,,,,
,0.00029353963525764325,7399,,,,,,,,,,,,,,,,,,,,,,,,,,,,,,
10,,7399,0.10881277918815613,0.03910499066114426,0.41393136978149414,0.00334974960424006,0.08778315037488937,0.020444409921765327,0.2597983479499817,0.017627805471420288,0.14885319769382477,0.07773154228925705,0.23658865690231323,0.5754344463348389,0.0021854352671653032,2.112185478210449,0.17698471248149872,,,,,,,,,,,,,,,
,0.00029350184328419735,7409,,,,,,,,,,,,,,,,,,,,,,,,,,,,,,
10,,7409,0.08198921382427216,0.024601183831691742,0.23316439986228943,0.005432633683085442,0.05915992334485054,0.0629323273897171,0.162676602602005,0.008274735882878304,0.13820993900299072,0.06370604783296585,0.2103591114282608,0.4513644874095917,0.0016140937805175781,2.142338275909424,0.12831881642341614,,,,,,,,,,,,,,,
,0.0002934639435418998,7419,,,,,,,,,,,,,,,,,,,,,,,,,,,,,,
10,,7419,0.10574950277805328,0.04267703369259834,0.3459993302822113,0.0093167619779706,0.09009427577257156,0.12439452111721039,0.23266158998012543,0.013042300939559937,0.1727769672870636,0.07512163370847702,0.2650277614593506,0.6522472500801086,0.003861339995637536,2.0996241569519043,0.24114805459976196,,,,,,,,,,,,,,,
,0.0002934259360592131,7429,,,,,,,,,,,,,,,,,,,,,,,,,,,,,,
10,,7429,0.07917816936969757,0.0438845120370388,0.39409351348876953,0.010645972564816475,0.09928032010793686,0.021685589104890823,0.2640628218650818,0.010822968557476997,0.15112824738025665,0.077030248939991,0.23210036754608154,0.5760746598243713,0.007460557855665684,2.093864917755127,0.20330899953842163,,,,,,,,,,,,,,,
,0.00029338782086468047,7439,,,,,,,,,,,,,,,,,,,,,,,,,,,,,,
10,,7439,0.10795574635267258,0.039850786328315735,0.40639615058898926,0.006848608609288931,0.1403283029794693,0.01433433499187231,0.2658036947250366,0.012665210291743279,0.2586224377155304,0.09137510508298874,0.28589534759521484,0.736936092376709,0.006063519511371851,2.1440627574920654,0.27104565501213074,,,,,,,,,,,,,,,
,0.00029334959798692613,7449,,,,,,,,,,,,,,,,,,,,,,,,,,,,,,
10,,7449,0.06760946661233902,0.04306856915354729,0.44474419951438904,0.007459597196429968,0.09959717094898224,0.024262340739369392,0.3042222857475281,0.016594260931015015,0.20731522142887115,0.09303795546293259,0.2580875754356384,0.663793683052063,0.00170994084328413,2.1371240615844727,0.225333109498024,,,,,,,,,,,,,,,
,0.00029331126745465536,7459,,,,,,,,,,,,,,,,,,,,,,,,,,,,,,
10,,7459,0.10315900295972824,0.04223192483186722,0.43379223346710205,0.005134211387485266,0.08827617764472961,0.017266327515244484,0.30419543385505676,0.015615155920386314,0.2367839217185974,0.0564630925655365,0.2552117109298706,0.6837705969810486,0.0012100592721253633,2.1498043537139893,0.20051494240760803,,,,,,,,,,,,,,,
,0.000293272829296654,7469,,,,,,,,,,,,,,,,,,,,,,,,,,,,,,
10,,7469,0.09405183047056198,0.02209019660949707,0.37809544801712036,0.0070241172797977924,0.09956766664981842,0.01106233336031437,0.26156720519065857,0.026642557233572006,0.23164206743240356,0.05919171869754791,0.2898625135421753,0.6855549812316895,0.0050060381181538105,2.0781593322753906,0.2776113748550415,,,,,,,,,,,,,,,
,0.0002932342835417888,7479,,,,,,,,,,,,,,,,,,,,,,,,,,,,,,
10,,7479,0.07556129992008209,0.024369824677705765,0.27776724100112915,0.006457664538174868,0.07631007581949234,0.012892333790659904,0.18402788043022156,0.014507818967103958,0.14577551186084747,0.07400290668010712,0.23747935891151428,0.49169421195983887,0.003785210195928812,2.0717787742614746,0.20060773193836212,,,,,,,,,,,,,,,
,0.0002931956302190074,7489,,,,,,,,,,,,,,,,,,,,,,,,,,,,,,
10,,7489,0.08402745425701141,0.031086137518286705,0.38300076127052307,0.013302149251103401,0.0771893709897995,0.23035494983196259,0.23235948383808136,0.013441248796880245,0.15723823010921478,0.0876208245754242,0.24561849236488342,0.6691303849220276,0.005901564843952656,2.1488037109375,0.1835574209690094,,,,,,,,,,,,,,,
,0.00029315686935733816,7499,,,,,,,,,,,,,,,,,,,,,,,,,,,,,,
10,,7499,0.11645573377609253,0.046005573123693466,0.3798757493495941,0.019168643280863762,0.11374299228191376,0.17272423207759857,0.2906734049320221,0.021232835948467255,0.23500262200832367,0.09938223659992218,0.2602102756500244,0.7813448309898376,0.0035394474398344755,2.101201295852661,0.19130922853946686,,,,,,,,,,,,,,,
,0.0002931180009858902,7509,,,,,,,,,,,,,,,,,,,,,,,,,,,,,,
10,,7509,0.1330713927745819,0.03631864860653877,0.4199337959289551,0.0073679229244589806,0.09731914848089218,0.031142015010118484,0.2745070159435272,0.01807854138314724,0.20823092758655548,0.07226698845624924,0.26640745997428894,0.6836012005805969,0.005805411841720343,2.066117525100708,0.2147534340620041,,,,,,,,,,,,,,,
,0.00029307902513385346,7519,,,,,,,,,,,,,,,,,,,,,,,,,,,,,,
10,,7519,0.06481882929801941,0.04302040487527847,0.4016737937927246,0.00511457584798336,0.07591908425092697,0.03845394775271416,0.26366397738456726,0.013682839460670948,0.10478571057319641,0.07091923803091049,0.2643868327140808,0.522730827331543,0.005678809713572264,2.13424015045166,0.18570378422737122,,,,,,,,,,,,,,,
,0.0002930399418304984,7529,,,,,,,,,,,,,,,,,,,,,,,,,,,,,,
10,,7529,0.0924120619893074,0.033117931336164474,0.32938724756240845,0.0025746794417500496,0.06988193094730377,0.00833918433636427,0.2436162382364273,0.01896766386926174,0.1986328810453415,0.09401639550924301,0.24723728001117706,0.5730336308479309,0.0013647079467773438,2.1101138591766357,0.15710091590881348,,,,,,,,,,,,,,,
,0.00029300075110517634,7539,,,,,,,,,,,,,,,,,,,,,,,,,,,,,,
10,,7539,0.1366812288761139,0.046975649893283844,0.36268293857574463,0.002656669123098254,0.09422419220209122,0.018254289403557777,0.24362118542194366,0.013810278847813606,0.21309982240200043,0.05851276218891144,0.262143075466156,0.6437976956367493,0.0009096929570659995,2.082369565963745,0.20863819122314453,,,,,,,,,,,,,,,
,0.00029296145298731926,7549,,,,,,,,,,,,,,,,,,,,,,,,,,,,,,
10,,7549,0.19293035566806793,0.08869543671607971,0.5092111825942993,0.004696647170931101,0.12233346700668335,0.22730930149555206,0.3668009042739868,0.015701748430728912,0.46997180581092834,0.06313999742269516,0.29275232553482056,1.1593725681304932,0.005645981058478355,2.180119514465332,0.2489660233259201,,,,,,,,,,,,,,,
,0.00029292204750643974,7559,,,,,,,,,,,,,,,,,,,,,,,,,,,,,,
10,,7559,0.0966656506061554,0.029107892885804176,0.37031471729278564,0.006705422420054674,0.09543653577566147,0.01082605216652155,0.21422940492630005,0.016894523054361343,0.20589032769203186,0.04815032333135605,0.26123708486557007,0.6148746013641357,0.0004084780521225184,2.1049892902374268,0.23868650197982788,,,,,,,,,,,,,,,
,0.000292882534692131,7569,,,,,,,,,,,,,,,,,,,,,,,,,,,,,,
10,,7569,0.05821581929922104,0.025217819958925247,0.36806148290634155,0.0014965556329116225,0.08604684472084045,0.02490219846367836,0.19895566999912262,0.009259830228984356,0.14800338447093964,0.0740588903427124,0.2679905891418457,0.507239043712616,0.001572933979332447,2.1718571186065674,0.1629471629858017,,,,,,,,,,,,,,,
,0.00029284291457406695,7579,,,,,,,,,,,,,,,,,,,,,,,,,,,,,,
10,,7579,0.10341782867908478,0.04147811233997345,0.40525901317596436,0.004348264075815678,0.08396289497613907,0.020737623795866966,0.2513267397880554,0.01913587749004364,0.16873812675476074,0.07279935479164124,0.255899041891098,0.6046962141990662,0.005276352167129517,2.134059190750122,0.20342914760112762,,,,,,,,,,,,,,,
,0.00029280318718200195,7589,,,,,,,,,,,,,,,,,,,,,,,,,,,,,,
10,,7589,0.0861581489443779,0.050562430173158646,0.4096621870994568,0.005179939325898886,0.1003352701663971,0.013712946325540543,0.23064599931240082,0.012003562413156033,0.11850365996360779,0.03093455359339714,0.28325027227401733,0.5264241695404053,0.0017623179592192173,2.2119555473327637,0.17293298244476318,,,,,,,,,,,,,,,
,0.000292763352545771,7599,,,,,,,,,,,,,,,,,,,,,,,,,,,,,,
10,,7599,0.0805433914065361,0.030480943620204926,0.33648163080215454,0.006771632935851812,0.09947504848241806,0.01110244169831276,0.22152827680110931,0.0154385045170784,0.17699910700321198,0.06783163547515869,0.2447424829006195,0.5483968257904053,0.0025155788753181696,2.1450250148773193,0.1611270010471344,,,,,,,,,,,,,,,
,0.0002927234106952896,7609,,,,,,,,,,,,,,,,,,,,,,,,,,,,,,
10,,7609,0.05376279726624489,0.05055226385593414,0.34797292947769165,0.0042871152982115746,0.06802403926849365,0.00972495786845684,0.22897930443286896,0.008541726507246494,0.07875145971775055,0.04550943896174431,0.21995215117931366,0.4204239845275879,0.002527776174247265,2.2066731452941895,0.14963847398757935,,,,,,,,,,,,,,,
,0.0002926833616605539,7619,,,,,,,,,,,,,,,,,,,,,,,,,,,,,,
10,,7619,0.08180046081542969,0.05080796033143997,0.4510784447193146,0.0023802481591701508,0.09743369370698929,0.017608685418963432,0.28830620646476746,0.010538474656641483,0.1389128863811493,0.05646992474794388,0.24943049252033234,0.5757468342781067,0.007159419823437929,2.095332384109497,0.1887095868587494,,,,,,,,,,,,,,,
,0.0002926432054716403,7629,,,,,,,,,,,,,,,,,,,,,,,,,,,,,,
10,,7629,0.09830223023891449,0.05164479836821556,0.37024083733558655,0.004975225310772657,0.09884930402040482,0.020530175417661667,0.2842541038990021,0.02337418496608734,0.23464356362819672,0.06208924204111099,0.24994823336601257,0.6646764874458313,0.0019903494976460934,2.102679491043091,0.17822614312171936,,,,,,,,,,,,,,,
,0.00029260294215870586,7639,,,,,,,,,,,,,,,,,,,,,,,,,,,,,,
10,,7639,0.07272745668888092,0.02578187920153141,0.2757706642150879,0.0072113219648599625,0.08527015894651413,0.010766345076262951,0.21001482009887695,0.012584242969751358,0.15658114850521088,0.06613289564847946,0.22683534026145935,0.5062709450721741,0.001981204841285944,2.1402533054351807,0.2133798450231552,,,,,,,,,,,,,,,
10,,7644,,,,,,,,,,,,,,,,0.18095435202121735,0.03103485517203808,0.261403888463974,0.007876073941588402,0.06322769820690155,0.02764204517006874,0.13815538585186005,0.022525928914546967,0.20182321965694427,0.06060870736837387,0.16498011350631714,0.5663791298866272,0.009176802821457386,2.195826530456543,0.12470231205224991
,0.00029256257175198805,7649,,,,,,,,,,,,,,,,,,,,,,,,,,,,,,
11,,7649,0.0693003460764885,0.02795316092669964,0.3045055568218231,0.007304728496819735,0.0822078064084053,0.011888730339705944,0.18942618370056152,0.008266020566225052,0.16682958602905273,0.058042749762535095,0.22544263303279877,0.5123606324195862,0.005945574026554823,2.1424803733825684,0.19727928936481476,,,,,,,,,,,,,,,
,0.0002925220942818047,7659,,,,,,,,,,,,,,,,,,,,,,,,,,,,,,
11,,7659,0.06796176731586456,0.0678693875670433,0.37221941351890564,0.007477044127881527,0.08991401642560959,0.011140011250972748,0.30707648396492004,0.005969553254544735,0.15901440382003784,0.06410800665616989,0.23701900243759155,0.5569040775299072,0.0028327174950391054,2.1175413131713867,0.15659423172473907,,,,,,,,,,,,,,,
,0.00029248150977855426,7669,,,,,,,,,,,,,,,,,,,,,,,,,,,,,,
11,,7669,0.07720862329006195,0.04229363799095154,0.3776421546936035,0.009387924335896969,0.07547660917043686,0.013282127678394318,0.22327207028865814,0.013412989675998688,0.14025810360908508,0.0885881632566452,0.2608162462711334,0.5409796833992004,0.001786684151738882,2.1261727809906006,0.20179954171180725,,,,,,,,,,,,,,,
,0.0002924408182727152,7679,,,,,,,,,,,,,,,,,,,,,,,,,,,,,,
11,,7679,0.1492416113615036,0.028308702632784843,0.324290931224823,0.002937622368335724,0.09780962020158768,0.014376896433532238,0.24267791211605072,0.03340502455830574,0.3792809545993805,0.09398648142814636,0.24601222574710846,0.8152903914451599,0.0033664151560515165,2.20074725151062,0.19152706861495972,,,,,,,,,,,,,,,
,0.00029240001979484665,7689,,,,,,,,,,,,,,,,,,,,,,,,,,,,,,
11,,7689,0.0776074081659317,0.046601079404354095,0.3445274233818054,0.004862966947257519,0.09153880923986435,0.015717102214694023,0.2308940440416336,0.013289232738316059,0.17302170395851135,0.07236842811107635,0.23920856416225433,0.5635630488395691,0.0014296740991994739,2.1539194583892822,0.2099779099225998,,,,,,,,,,,,,,,
,0.00029235911437558795,7699,,,,,,,,,,,,,,,,,,,,,,,,,,,,,,
11,,7699,0.10141167789697647,0.03905705362558365,0.33400002121925354,0.002106516156345606,0.08082273602485657,0.015173093415796757,0.22965002059936523,0.021520789712667465,0.1811128705739975,0.10657535493373871,0.27169907093048096,0.5954524278640747,0.008272157050669193,2.105835437774658,0.20126841962337494,,,,,,,,,,,,,,,
,0.0002923181020456588,7709,,,,,,,,,,,,,,,,,,,,,,,,,,,,,,
11,,7709,0.07246628403663635,0.04157129302620888,0.42013463377952576,0.004159342963248491,0.09750664234161377,0.0105885099619627,0.2304108589887619,0.02016708254814148,0.17033547163009644,0.059330519288778305,0.26964494585990906,0.5894856452941895,0.0006452540983445942,2.1220109462738037,0.21724745631217957,,,,,,,,,,,,,,,
,0.00029227698283585914,7719,,,,,,,,,,,,,,,,,,,,,,,,,,,,,,
11,,7719,0.06319553405046463,0.029655668884515762,0.2710411548614502,0.004640884231775999,0.06518914550542831,0.014707242138683796,0.1905302256345749,0.021463951095938683,0.17103061079978943,0.05455036461353302,0.2219710648059845,0.4933491051197052,0.003932033199816942,2.0871312618255615,0.1454966813325882,,,,,,,,,,,,,,,
,0.0002922357567770692,7729,,,,,,,,,,,,,,,,,,,,,,,,,,,,,,
11,,7729,0.09324326366186142,0.04026659578084946,0.37843069434165955,0.008417460136115551,0.09586338698863983,0.015245732851326466,0.2496197372674942,0.01543404534459114,0.16468581557273865,0.07941090315580368,0.23939654231071472,0.5792889595031738,0.0014254982816055417,2.163034677505493,0.19761382043361664,,,,,,,,,,,,,,,
,0.0002921944239002495,7739,,,,,,,,,,,,,,,,,,,,,,,,,,,,,,
11,,7739,0.11183854937553406,0.040013544261455536,0.4440099596977234,0.005729437805712223,0.11064877361059189,0.02603694424033165,0.30091434717178345,0.019678054377436638,0.22362136840820312,0.0920698493719101,0.2648797035217285,0.7068735361099243,0.00482171168550849,2.102814197540283,0.21733182668685913,,,,,,,,,,,,,,,
,0.00029215298423644067,7749,,,,,,,,,,,,,,,,,,,,,,,,,,,,,,
11,,7749,0.10590117424726486,0.03562109172344208,0.3602084517478943,0.0011391355656087399,0.08496455103158951,0.02400430291891098,0.24585461616516113,0.015577606856822968,0.20099209249019623,0.09054558724164963,0.25028252601623535,0.6079854369163513,0.006343130953609943,2.1384170055389404,0.1677553951740265,,,,,,,,,,,,,,,
,0.00029211143781676365,7759,,,,,,,,,,,,,,,,,,,,,,,,,,,,,,
11,,7759,0.05494512990117073,0.031116900965571404,0.39984044432640076,0.002915456658229232,0.08880963176488876,0.00836231280118227,0.21773503720760345,0.004026244394481182,0.06251668930053711,0.100833959877491,0.24650511145591736,0.4422108232975006,0.005418343469500542,2.1770098209381104,0.2073974609375,,,,,,,,,,,,,,,
,0.00029206978467241943,7769,,,,,,,,,,,,,,,,,,,,,,,,,,,,,,
11,,7769,0.12497885525226593,0.040848247706890106,0.4545249938964844,0.005737509578466415,0.1402551531791687,0.018460750579833984,0.3249577581882477,0.01880011148750782,0.2447531521320343,0.07648658007383347,0.2868371605873108,0.7657936811447144,0.0040777516551315784,2.155773162841797,0.2762162387371063,,,,,,,,,,,,,,,
,0.0002920280248346893,7779,,,,,,,,,,,,,,,,,,,,,,,,,,,,,,
11,,7779,0.0922342911362648,0.046994131058454514,0.3340083360671997,0.0050916513428092,0.09444398432970047,0.04606041684746742,0.2935062050819397,0.014973931014537811,0.2865748405456543,0.0622783862054348,0.257220059633255,0.71341872215271,0.004188579972833395,2.0989129543304443,0.18889610469341278,,,,,,,,,,,,,,,
,0.00029198615833493457,7789,,,,,,,,,,,,,,,,,,,,,,,,,,,,,,
11,,7789,0.07658335566520691,0.03606371954083443,0.3895494341850281,0.003541741520166397,0.12369054555892944,0.03031657263636589,0.24487940967082977,0.013712397776544094,0.1405634582042694,0.07962114363908768,0.2808220684528351,0.5783741474151611,0.0020582706201821566,2.176426410675049,0.2450263500213623,,,,,,,,,,,,,,,
,0.0002919441852045967,7799,,,,,,,,,,,,,,,,,,,,,,,,,,,,,,
11,,7799,0.07367081940174103,0.06824483722448349,0.46088457107543945,0.0035804237704724073,0.07209253311157227,0.013489422388374805,0.27639806270599365,0.016175001859664917,0.14309880137443542,0.06215791776776314,0.27358224987983704,0.5904678106307983,0.005981303285807371,2.0501976013183594,0.20442011952400208,,,,,,,,,,,,,,,
,0.0002919021054751971,7809,,,,,,,,,,,,,,,,,,,,,,,,,,,,,,
11,,7809,0.08348070085048676,0.03147212788462639,0.35490819811820984,0.003257408970966935,0.06869029253721237,0.009266008622944355,0.20406246185302734,0.009715475142002106,0.1731882095336914,0.06137625500559807,0.23105794191360474,0.5271220803260803,0.001752364682033658,2.1038665771484375,0.1672256737947464,,,,,,,,,,,,,,,
,0.0002918599191783375,7819,,,,,,,,,,,,,,,,,,,,,,,,,,,,,,
11,,7819,0.11479007452726364,0.0332501158118248,0.41989657282829285,0.012444819323718548,0.08469263464212418,0.009531519375741482,0.23468351364135742,0.018023323267698288,0.2224959433078766,0.073439821600914,0.2549658715724945,0.6703595519065857,0.0031461725011467934,2.119227647781372,0.23655423521995544,,,,,,,,,,,,,,,
,0.0002918176263456994,7829,,,,,,,,,,,,,,,,,,,,,,,,,,,,,,
11,,7829,0.10650873184204102,0.020114580169320107,0.3211020231246948,0.006747195962816477,0.10770490765571594,0.017180604860186577,0.22490429878234863,0.02779201604425907,0.2644180655479431,0.10122808814048767,0.2590225636959076,0.6910648941993713,0.00384800904430449,2.1036477088928223,0.23965823650360107,,,,,,,,,,,,,,,
,0.00029177522700904446,7839,,,,,,,,,,,,,,,,,,,,,,,,,,,,,,
11,,7839,0.10597626119852066,0.038184262812137604,0.36375734210014343,0.004800429567694664,0.07899292558431625,0.013777443207800388,0.2409760057926178,0.017963729798793793,0.20058727264404297,0.055925894528627396,0.21709109842777252,0.5909153819084167,0.0009922654135152698,2.1812925338745117,0.16831526160240173,,,,,,,,,,,,,,,
,0.0002917327212002143,7849,,,,,,,,,,,,,,,,,,,,,,,,,,,,,,
11,,7849,0.07851184904575348,0.039403174072504044,0.3942625820636749,0.006179946940392256,0.09777085483074188,0.012889726087450981,0.24776099622249603,0.020698990672826767,0.2175939828157425,0.11065105348825455,0.22611106932163239,0.648907482624054,0.007256287150084972,2.1349880695343018,0.23078183829784393,,,,,,,,,,,,,,,
,0.0002916901089511304,7859,,,,,,,,,,,,,,,,,,,,,,,,,,,,,,
11,,7859,0.09037773311138153,0.04274161532521248,0.48384425044059753,0.006161981262266636,0.08689866214990616,0.010911637917160988,0.32454511523246765,0.01327752135694027,0.20760060846805573,0.08788451552391052,0.2612968683242798,0.6887007355690002,0.008573395200073719,2.1387388706207275,0.23963217437267303,,,,,,,,,,,,,,,
,0.00029164739029379427,7869,,,,,,,,,,,,,,,,,,,,,,,,,,,,,,
11,,7869,0.06824880838394165,0.04816647991538048,0.40225160121917725,0.003473781980574131,0.06760489195585251,0.020528540015220642,0.27575409412384033,0.01135065034031868,0.13779008388519287,0.042349010705947876,0.20666028559207916,0.5240043997764587,0.008729178458452225,2.1378345489501953,0.14935265481472015,,,,,,,,,,,,,,,
,0.00029160456526028736,7879,,,,,,,,,,,,,,,,,,,,,,,,,,,,,,
11,,7879,0.06261184811592102,0.02828814648091793,0.38755956292152405,0.0024971042294055223,0.07704485207796097,0.018876109272241592,0.21894733607769012,0.007934605702757835,0.14263153076171875,0.09661828726530075,0.2313014268875122,0.5051456689834595,0.0025995755568146706,2.1887197494506836,0.15468214452266693,,,,,,,,,,,,,,,
,0.000291561633882771,7889,,,,,,,,,,,,,,,,,,,,,,,,,,,,,,
11,,7889,0.06068812683224678,0.03162871673703194,0.35009491443634033,0.007453398313373327,0.07545962929725647,0.016556361690163612,0.22563527524471283,0.0063436198979616165,0.08635032922029495,0.06490062177181244,0.22080929577350616,0.43581974506378174,0.005481156520545483,2.1190521717071533,0.14906103909015656,,,,,,,,,,,,,,,
,0.00029151859619348623,7899,,,,,,,,,,,,,,,,,,,,,,,,,,,,,,
11,,7899,0.09034650027751923,0.03833204507827759,0.3406800329685211,0.007788384333252907,0.1042514368891716,0.018712233752012253,0.23515035212039948,0.02427040971815586,0.21225889027118683,0.09655865281820297,0.2590893805027008,0.631837010383606,0.0027202542405575514,2.099327564239502,0.20526912808418274,,,,,,,,,,,,,,,
,0.00029147545222475403,7909,,,,,,,,,,,,,,,,,,,,,,,,,,,,,,
11,,7909,0.0981794074177742,0.026547789573669434,0.28245240449905396,0.006170505657792091,0.08065866678953171,0.014253051951527596,0.20161530375480652,0.02094033733010292,0.18034584820270538,0.10029196739196777,0.21230053901672363,0.5394359230995178,0.0014207056956365705,2.1127097606658936,0.16971682012081146,,,,,,,,,,,,,,,
,0.0002914322020089754,7919,,,,,,,,,,,,,,,,,,,,,,,,,,,,,,
11,,7919,0.11102745682001114,0.044125717133283615,0.2991463243961334,0.0076833670027554035,0.09719006717205048,0.015216393396258354,0.21743090450763702,0.027852999046444893,0.29243800044059753,0.08873800188302994,0.2591382563114166,0.7060795426368713,0.003107889089733362,2.1213042736053467,0.2022918313741684,,,,,,,,,,,,,,,
,0.0002913888455786308,7929,,,,,,,,,,,,,,,,,,,,,,,,,,,,,,
11,,7929,0.057447515428066254,0.03319364786148071,0.3389957845211029,0.0031469149980694056,0.09845796972513199,0.01011184323579073,0.21158626675605774,0.0071198418736457825,0.20924559235572815,0.09661050885915756,0.24236463010311127,0.5675657391548157,0.00241017690859735,2.1698756217956543,0.18803925812244415,,,,,,,,,,,,,,,
,0.0002913453829662806,7939,,,,,,,,,,,,,,,,,,,,,,,,,,,,,,
11,,7939,0.06011686474084854,0.036410853266716,0.3547913432121277,0.004999902099370956,0.08717399835586548,0.008906303904950619,0.20361942052841187,0.013116994872689247,0.13282586634159088,0.0687011256814003,0.22151362895965576,0.4817163348197937,0.0031563937664031982,2.1392409801483154,0.14932529628276825,,,,,,,,,,,,,,,
,0.0002913018142045649,7949,,,,,,,,,,,,,,,,,,,,,,,,,,,,,,
11,,7949,0.07144568860530853,0.04282378405332565,0.3861638009548187,0.0037538211327046156,0.07743653655052185,0.03402454033493996,0.22767826914787292,0.014774655923247337,0.13883349299430847,0.059393808245658875,0.25244832038879395,0.5378639101982117,0.006058464292436838,2.151499032974243,0.17684097588062286,,,,,,,,,,,,,,,
,0.0002912581393262036,7959,,,,,,,,,,,,,,,,,,,,,,,,,,,,,,
11,,7959,0.05867251753807068,0.03514200821518898,0.3505658507347107,0.0027705146931111813,0.08695901185274124,0.022760039195418358,0.19477108120918274,0.011658715084195137,0.13902874290943146,0.05634384974837303,0.2603910565376282,0.509121298789978,0.0009648358100093901,2.0865228176116943,0.2126442939043045,,,,,,,,,,,,,,,
,0.0002912143583639961,7969,,,,,,,,,,,,,,,,,,,,,,,,,,,,,,
11,,7969,0.07067980617284775,0.0670275092124939,0.4738043546676636,0.002254691207781434,0.08635672181844711,0.007151160854846239,0.2631078362464905,0.013417785987257957,0.16786855459213257,0.06921979039907455,0.25058242678642273,0.5916628837585449,0.0006825566524639726,2.1279802322387695,0.1723528951406479,,,,,,,,,,,,,,,
,0.0002911704713508217,7979,,,,,,,,,,,,,,,,,,,,,,,,,,,,,,
11,,7979,0.08730954676866531,0.040677331387996674,0.3433898687362671,0.0018360245740041137,0.09748140722513199,0.01745661161839962,0.2900996208190918,0.015434209257364273,0.25548481941223145,0.06475463509559631,0.23032580316066742,0.6492441296577454,0.002057764446362853,2.0943782329559326,0.16695551574230194,,,,,,,,,,,,,,,
,0.00029112647831963916,7989,,,,,,,,,,,,,,,,,,,,,,,,,,,,,,
11,,7989,0.07429001480340958,0.044554028660058975,0.36164554953575134,0.008266281336545944,0.09030307829380035,0.01981225796043873,0.2216067761182785,0.009937279857695103,0.1503271907567978,0.09369952231645584,0.2443801760673523,0.5408034324645996,0.006728338543325663,2.0713021755218506,0.17089803516864777,,,,,,,,,,,,,,,
,0.00029108237930348707,7999,,,,,,,,,,,,,,,,,,,,,,,,,,,,,,
11,,7999,0.0899256020784378,0.02069026790559292,0.27571243047714233,0.005602914374321699,0.06830115616321564,0.008602568879723549,0.1701992005109787,0.023012910038232803,0.17488574981689453,0.062482800334692,0.2428569197654724,0.5164902806282043,0.0018400545231997967,2.147939443588257,0.17775289714336395,,,,,,,,,,,,,,,
,0.00029103817433548325,8009,,,,,,,,,,,,,,,,,,,,,,,,,,,,,,
11,,8009,0.06674684584140778,0.04522705078125,0.44173869490623474,0.005237236153334379,0.11265844106674194,0.016084915027022362,0.28818464279174805,0.0077764177694916725,0.1465645432472229,0.06378430128097534,0.24499623477458954,0.5735675692558289,0.0029184056911617517,2.157592296600342,0.20088329911231995,,,,,,,,,,,,,,,
,0.0002909938634488255,8019,,,,,,,,,,,,,,,,,,,,,,,,,,,,,,
11,,8019,0.10176306217908859,0.04144466295838356,0.4094071388244629,0.004278593696653843,0.11437173932790756,0.014492364600300789,0.3048471510410309,0.028509153053164482,0.3103773891925812,0.046372584998607635,0.28570568561553955,0.7753817439079285,0.0015555169666185975,2.1642978191375732,0.21410568058490753,,,,,,,,,,,,,,,
,0.00029094944667679086,8029,,,,,,,,,,,,,,,,,,,,,,,,,,,,,,
11,,8029,0.07990080118179321,0.04386838525533676,0.3892926871776581,0.0042775776237249374,0.0839022845029831,0.01105449441820383,0.30715227127075195,0.01722392812371254,0.19944129884243011,0.10384755581617355,0.23855473101139069,0.6160041689872742,0.002420817967504263,2.1907176971435547,0.17258664965629578,,,,,,,,,,,,,,,
,0.00029090492405273605,8039,,,,,,,,,,,,,,,,,,,,,,,,,,,,,,
11,,8039,0.07849036157131195,0.04224327951669693,0.3331909775733948,0.010441060177981853,0.06761535257101059,0.010698786936700344,0.2250334620475769,0.010459179058670998,0.15014919638633728,0.05949033051729202,0.22088934481143951,0.5201836228370667,0.012320551089942455,2.1129226684570312,0.1636694371700287,,,,,,,,,,,,,,,
,0.00029086029561009726,8049,,,,,,,,,,,,,,,,,,,,,,,,,,,,,,
11,,8049,0.06255671381950378,0.04107983037829399,0.35215115547180176,0.006970128510147333,0.08680149167776108,0.006938680075109005,0.2194521278142929,0.015585708431899548,0.16187337040901184,0.07546428591012955,0.27009350061416626,0.5437837839126587,0.004486755933612585,2.1426053047180176,0.18713688850402832,,,,,,,,,,,,,,,
,0.0002908155613823901,8059,,,,,,,,,,,,,,,,,,,,,,,,,,,,,,
11,,8059,0.05338556692004204,0.05052048712968826,0.41479551792144775,0.009151008911430836,0.09922997653484344,0.00925061572343111,0.2683326005935669,0.011318693868815899,0.1288956105709076,0.06712615489959717,0.2579801678657532,0.5384318232536316,0.00301334704272449,2.099851608276367,0.1884419322013855,,,,,,,,,,,,,,,
,0.0002907707214032097,8069,,,,,,,,,,,,,,,,,,,,,,,,,,,,,,
11,,8069,0.04632266238331795,0.04778759554028511,0.36000925302505493,0.0028356711845844984,0.07811353355646133,0.008637822233140469,0.17759251594543457,0.010823790915310383,0.06991172581911087,0.033759716898202896,0.23050040006637573,0.40862736105918884,0.0017697836738079786,2.162959098815918,0.17865924537181854,,,,,,,,,,,,,,,
,0.00029072577570623046,8079,,,,,,,,,,,,,,,,,,,,,,,,,,,,,,
11,,8079,0.0992598757147789,0.05785966292023659,0.33253636956214905,0.0036972009111195803,0.06551908701658249,0.0182917769998312,0.2608615756034851,0.016646092757582664,0.17416907846927643,0.0643785297870636,0.2338516265153885,0.5670925974845886,0.0006774048088118434,2.1372127532958984,0.17399980127811432,,,,,,,,,,,,,,,
,0.0002906807243252064,8089,,,,,,,,,,,,,,,,,,,,,,,,,,,,,,
11,,8089,0.06384578347206116,0.04423234984278679,0.467724084854126,0.00551944924518466,0.09871798008680344,0.014613877981901169,0.31903064250946045,0.01246127113699913,0.16288422048091888,0.08975689113140106,0.25796082615852356,0.6081770658493042,0.0025201390963047743,2.0666697025299072,0.1935303807258606,,,,,,,,,,,,,,,
,0.0002906355672939707,8099,,,,,,,,,,,,,,,,,,,,,,,,,,,,,,
11,,8099,0.09141205996274948,0.05058257281780243,0.46184873580932617,0.0051597668789327145,0.10904496163129807,0.023498982191085815,0.3603956699371338,0.013468452729284763,0.17931219935417175,0.06014370545744896,0.27371206879615784,0.6534830331802368,0.0017425860278308392,2.097093105316162,0.18810884654521942,,,,,,,,,,,,,,,
,0.00029059030464643603,8109,,,,,,,,,,,,,,,,,,,,,,,,,,,,,,
11,,8109,0.06552533805370331,0.05854184180498123,0.4202759563922882,0.007201085798442364,0.08094966411590576,0.013912230730056763,0.30413076281547546,0.012435030192136765,0.15219666063785553,0.05905113369226456,0.2396499663591385,0.5941922664642334,0.025104789063334465,2.1267037391662598,0.18326202034950256,,,,,,,,,,,,,,,
,0.0002905449364165942,8119,,,,,,,,,,,,,,,,,,,,,,,,,,,,,,
11,,8119,0.0984291285276413,0.030565567314624786,0.29366153478622437,0.004398321732878685,0.07820892333984375,0.018617188557982445,0.15830673277378082,0.01382896676659584,0.14941520988941193,0.07831253856420517,0.24869489669799805,0.509908139705658,0.0028988670092076063,2.0961811542510986,0.19968055188655853,,,,,,,,,,,,,,,
,0.0002904994626385165,8129,,,,,,,,,,,,,,,,,,,,,,,,,,,,,,
11,,8129,0.08783324807882309,0.02626666985452175,0.3407995402812958,0.007330604828894138,0.05753779038786888,0.013307839632034302,0.19959302246570587,0.012355629354715347,0.16164107620716095,0.04922814667224884,0.20884238183498383,0.49594491720199585,0.001706653623841703,2.1699671745300293,0.12052837014198303,,,,,,,,,,,,,,,
,0.0002904538833463535,8139,,,,,,,,,,,,,,,,,,,,,,,,,,,,,,
11,,8139,0.07315243035554886,0.039024122059345245,0.39634254574775696,0.01042892411351204,0.08288684487342834,0.005166088230907917,0.3054342269897461,0.015936926007270813,0.2572324275970459,0.046153996139764786,0.23134654760360718,0.6729228496551514,0.006295818369835615,2.0800323486328125,0.19694826006889343,,,,,,,,,,,,,,,
,0.00029040819857433474,8149,,,,,,,,,,,,,,,,,,,,,,,,,,,,,,
11,,8149,0.14369864761829376,0.033615775406360626,0.28796619176864624,0.0076779648661613464,0.08491981029510498,0.015423767268657684,0.3121277987957001,0.031140638515353203,0.2675219178199768,0.08139187097549438,0.2453644573688507,0.7041347026824951,0.0033313294406980276,2.1386613845825195,0.18173962831497192,,,,,,,,,,,,,,,
,0.0002903624083567693,8159,,,,,,,,,,,,,,,,,,,,,,,,,,,,,,
11,,8159,0.0747922882437706,0.03107680194079876,0.3421163260936737,0.018256032839417458,0.08814166486263275,0.014947894960641861,0.18596607446670532,0.014905167743563652,0.15922997891902924,0.04625923931598663,0.254896342754364,0.5485785603523254,0.007328690029680729,2.0431671142578125,0.20825964212417603,,,,,,,,,,,,,,,
,0.0002903165127280452,8169,,,,,,,,,,,,,,,,,,,,,,,,,,,,,,
11,,8169,0.06811729818582535,0.058047279715538025,0.32533538341522217,0.003717325860634446,0.06108589097857475,0.010318303480744362,0.2074069231748581,0.010694850236177444,0.11074099689722061,0.08783480525016785,0.2216307371854782,0.4617077708244324,0.0015899463323876262,2.1367688179016113,0.1676756888628006,,,,,,,,,,,,,,,
,0.0002902705117226298,8179,,,,,,,,,,,,,,,,,,,,,,,,,,,,,,
11,,8179,0.13249653577804565,0.02670189179480076,0.3039359748363495,0.004847366362810135,0.0970795676112175,0.00889965333044529,0.2218392789363861,0.01765487715601921,0.24313388764858246,0.07056285440921783,0.2388603687286377,0.6411104798316956,0.007987966760993004,2.1287355422973633,0.18946875631809235,,,,,,,,,,,,,,,
,0.00029022440537506945,8189,,,,,,,,,,,,,,,,,,,,,,,,,,,,,,
11,,8189,0.08522563427686691,0.025771290063858032,0.3079136610031128,0.005701396614313126,0.07470717281103134,0.022150395438075066,0.17726828157901764,0.012305062264204025,0.185262069106102,0.04874858632683754,0.22925028204917908,0.5263264179229736,0.0010124576510861516,2.0951552391052246,0.165061816573143,,,,,,,,,,,,,,,
,0.00029017819371998974,8199,,,,,,,,,,,,,,,,,,,,,,,,,,,,,,
11,,8199,0.10550384223461151,0.04372447356581688,0.43219348788261414,0.008472291752696037,0.08942277729511261,0.018515752628445625,0.32436618208885193,0.02297358214855194,0.2633178234100342,0.05183924734592438,0.2504849433898926,0.7327176332473755,0.004420222714543343,2.146016836166382,0.21018671989440918,,,,,,,,,,,,,,,
,0.0002901318767920953,8209,,,,,,,,,,,,,,,,,,,,,,,,,,,,,,
11,,8209,0.11101456731557846,0.02816101349890232,0.36832737922668457,0.007061005104333162,0.09118948876857758,0.020773785188794136,0.20365440845489502,0.014292985200881958,0.21194297075271606,0.0654672309756279,0.27817195653915405,0.6292204260826111,0.0012170729460194707,2.1809866428375244,0.22628070414066315,,,,,,,,,,,,,,,
,0.0002900854546261698,8219,,,,,,,,,,,,,,,,,,,,,,,,,,,,,,
11,,8219,0.0876089483499527,0.04178299382328987,0.365969181060791,0.009703563526272774,0.07654134929180145,0.01473312359303236,0.22422723472118378,0.010485982522368431,0.14336732029914856,0.06494913250207901,0.2472485452890396,0.5395742654800415,0.007849528454244137,2.1775870323181152,0.18702872097492218,,,,,,,,,,,,,,,
,0.0002900389272570759,8229,,,,,,,,,,,,,,,,,,,,,,,,,,,,,,
11,,8229,0.08361070603132248,0.03841530531644821,0.35115623474121094,0.005218606907874346,0.07360193133354187,0.010902153328061104,0.22744926810264587,0.007697893772274256,0.14972232282161713,0.06565465778112411,0.2178070843219757,0.5185775756835938,0.0029907883144915104,2.084672212600708,0.1876872181892395,,,,,,,,,,,,,,,
,0.0002899922947197554,8239,,,,,,,,,,,,,,,,,,,,,,,,,,,,,,
11,,8239,0.08444932103157043,0.03410058841109276,0.3939407467842102,0.005519178695976734,0.08321856707334518,0.013238135725259781,0.232895627617836,0.011565761640667915,0.18578724563121796,0.0604800283908844,0.23584790527820587,0.6009014248847961,0.024417703971266747,2.126141309738159,0.19225089251995087,,,,,,,,,,,,,,,
,0.000289945557049229,8249,,,,,,,,,,,,,,,,,,,,,,,,,,,,,,
11,,8249,0.06271017342805862,0.05811149254441261,0.3743738830089569,0.002395286690443754,0.06729394197463989,0.008468491956591606,0.26709815859794617,0.01838277466595173,0.11223482340574265,0.0457385890185833,0.23608183860778809,0.4902328848838806,0.003737608203664422,2.0522913932800293,0.1488705575466156,,,,,,,,,,,,,,,
,0.0002898987142805963,8259,,,,,,,,,,,,,,,,,,,,,,,,,,,,,,
11,,8259,0.07170773297548294,0.057186566293239594,0.3524550795555115,0.003046364290639758,0.08838404715061188,0.01274218037724495,0.22549721598625183,0.01706870272755623,0.17319276928901672,0.0749790146946907,0.31227946281433105,0.5721954107284546,0.0034892032854259014,2.0991313457489014,0.17463071644306183,,,,,,,,,,,,,,,
,0.0002898517664490359,8269,,,,,,,,,,,,,,,,,,,,,,,,,,,,,,
11,,8269,0.06093937158584595,0.07317137718200684,0.37049251794815063,0.0015276992926374078,0.0877416655421257,0.059290386736392975,0.290703684091568,0.012336977757513523,0.1697753518819809,0.07061592489480972,0.22415266931056976,0.5942018032073975,0.0033923396840691566,2.1131722927093506,0.18867985904216766,,,,,,,,,,,,,,,
,0.00028980471358980525,8279,,,,,,,,,,,,,,,,,,,,,,,,,,,,,,
11,,8279,0.08233027160167694,0.03716142848134041,0.4120163321495056,0.00869936402887106,0.07617808878421783,0.00759627902880311,0.2294670194387436,0.018042776733636856,0.16660729050636292,0.04478311911225319,0.23112556338310242,0.571443498134613,0.004904981702566147,2.1282598972320557,0.20134148001670837,,,,,,,,,,,,,,,
,0.00028975755573824077,8289,,,,,,,,,,,,,,,,,,,,,,,,,,,,,,
11,,8289,0.08411500602960587,0.04813619703054428,0.3730712831020355,0.010700407437980175,0.10473094880580902,0.01250662561506033,0.25554949045181274,0.010751292109489441,0.13714469969272614,0.06717481464147568,0.22694064676761627,0.5505019426345825,0.0028429392259567976,2.0652506351470947,0.2134716808795929,,,,,,,,,,,,,,,
,0.0002897102929297576,8299,,,,,,,,,,,,,,,,,,,,,,,,,,,,,,
11,,8299,0.09354245662689209,0.04717813804745674,0.38681063055992126,0.007989276200532913,0.10087156295776367,0.021093202754855156,0.2581816613674164,0.018721535801887512,0.20734474062919617,0.06660383939743042,0.22651658952236176,0.6542453765869141,0.0036575712729245424,2.1364247798919678,0.2641422748565674,,,,,,,,,,,,,,,
,0.00028966292519984983,8309,,,,,,,,,,,,,,,,,,,,,,,,,,,,,,
11,,8309,0.06837016344070435,0.03361637517809868,0.4084131121635437,0.003968280740082264,0.08553174883127213,0.007960137911140919,0.26130473613739014,0.005582230165600777,0.12517237663269043,0.08653326332569122,0.23601725697517395,0.5222011804580688,0.002174100372940302,2.1564934253692627,0.21425332129001617,,,,,,,,,,,,,,,
,0.0002896154525840903,8319,,,,,,,,,,,,,,,,,,,,,,,,,,,,,,
11,,8319,0.08722671866416931,0.04216662794351578,0.4416080713272095,0.004804424941539764,0.09913093596696854,0.012134423479437828,0.29331523180007935,0.025036539882421494,0.20083396136760712,0.0629231259226799,0.2483646422624588,0.6727062463760376,0.010554883629083633,2.1214914321899414,0.25074610114097595,,,,,,,,,,,,,,,
,0.0002895678751181305,8329,,,,,,,,,,,,,,,,,,,,,,,,,,,,,,
11,,8329,0.10213618725538254,0.04011358693242073,0.3350011110305786,0.008844194933772087,0.07439849525690079,0.012169193476438522,0.2879323363304138,0.01673555187880993,0.19904056191444397,0.04290030151605606,0.23761045932769775,0.6053152680397034,0.0043104421347379684,2.1095383167266846,0.19382087886333466,,,,,,,,,,,,,,,
,0.00028952019283770086,8339,,,,,,,,,,,,,,,,,,,,,,,,,,,,,,
11,,8339,0.07936413586139679,0.07003916800022125,0.4689124822616577,0.006678903009742498,0.08884686976671219,0.02156130038201809,0.3250253200531006,0.02299680933356285,0.1619071215391159,0.042051199823617935,0.2566687762737274,0.633445680141449,0.00575792184099555,2.0687289237976074,0.18614409863948822,,,,,,,,,,,,,,,
11,,8339,,,,,,,,,,,,,,,,0.17343565821647644,0.03157820925116539,0.26995280385017395,0.006563158705830574,0.06157296150922775,0.0026036486960947514,0.14549820125102997,0.02405560575425625,0.18708188831806183,0.060034818947315216,0.173159658908844,0.5436290502548218,0.008718802593648434,2.1522512435913086,0.13389284908771515
,0.0002894724057786104,8349,,,,,,,,,,,,,,,,,,,,,,,,,,,,,,
12,,8349,0.05264994502067566,0.05540533363819122,0.42111870646476746,0.008205492049455643,0.07624106854200363,0.010466338135302067,0.2738366723060608,0.00961850956082344,0.08386427909135818,0.04989684000611305,0.23812423646450043,0.46760067343711853,0.0023330263793468475,2.1051065921783447,0.13631556928157806,,,,,,,,,,,,,,,
,0.00028942451397674684,8359,,,,,,,,,,,,,,,,,,,,,,,,,,,,,,
12,,8359,0.0970190092921257,0.03310462832450867,0.40677234530448914,0.00888635590672493,0.1006653681397438,0.011800934560596943,0.24403202533721924,0.0157175213098526,0.19640342891216278,0.05785451456904411,0.24030886590480804,0.6200616955757141,0.003083443269133568,2.1606433391571045,0.21124374866485596,,,,,,,,,,,,,,,
,0.0002893765174680766,8369,,,,,,,,,,,,,,,,,,,,,,,,,,,,,,
12,,8369,0.08900690823793411,0.04043669253587723,0.38025861978530884,0.008549852296710014,0.09827054291963577,0.012843566946685314,0.23344358801841736,0.016008974984288216,0.23666010797023773,0.06019611284136772,0.25810670852661133,0.6556410789489746,0.00605956232175231,2.0784878730773926,0.21201929450035095,,,,,,,,,,,,,,,
,0.00028932841628864477,8379,,,,,,,,,,,,,,,,,,,,,,,,,,,,,,
12,,8379,0.10510263592004776,0.02535002864897251,0.27522408962249756,0.006363412830978632,0.08639843761920929,0.02545326203107834,0.21351350843906403,0.019819708541035652,0.19291770458221436,0.0466281995177269,0.23443783819675446,0.5685312151908875,0.014930766075849533,2.060853958129883,0.15884892642498016,,,,,,,,,,,,,,,
,0.0002892802104745749,8389,,,,,,,,,,,,,,,,,,,,,,,,,,,,,,
12,,8389,0.07840261608362198,0.03512401506304741,0.3555554151535034,0.005786142311990261,0.07590217143297195,0.011768130585551262,0.23574531078338623,0.008816072717308998,0.11943572759628296,0.08851227164268494,0.23132948577404022,0.48602956533432007,0.0033983204048126936,2.11354660987854,0.15112346410751343,,,,,,,,,,,,,,,
,0.0002892319000620692,8399,,,,,,,,,,,,,,,,,,,,,,,,,,,,,,
12,,8399,0.10717098414897919,0.031877338886260986,0.30670350790023804,0.003223986132070422,0.07774229347705841,0.029701167717576027,0.18808415532112122,0.010067756287753582,0.18380196392536163,0.0678606703877449,0.24354718625545502,0.5786422491073608,0.021981731057167053,2.114346742630005,0.20341169834136963,,,,,,,,,,,,,,,
,0.0002891834850874085,8409,,,,,,,,,,,,,,,,,,,,,,,,,,,,,,
12,,8409,0.05416422337293625,0.04373965412378311,0.33848267793655396,0.005338787101209164,0.0828239768743515,0.012004160322248936,0.23097439110279083,0.0111568383872509,0.16398654878139496,0.053036879748106,0.2194189876317978,0.5128359198570251,0.0012511750683188438,2.1198692321777344,0.1622960865497589,,,,,,,,,,,,,,,
,0.00028913496558695206,8419,,,,,,,,,,,,,,,,,,,,,,,,,,,,,,
12,,8419,0.06435780227184296,0.03288878872990608,0.36646559834480286,0.0018777484074234962,0.09527193754911423,0.020792977884411812,0.20644259452819824,0.01637176424264908,0.12081850320100784,0.07374579459428787,0.2250785231590271,0.5083534717559814,0.006912925746291876,2.113136053085327,0.21731920540332794,,,,,,,,,,,,,,,
,0.0002890863415971377,8429,,,,,,,,,,,,,,,,,,,,,,,,,,,,,,
12,,8429,0.05320338159799576,0.028541937470436096,0.3290197551250458,0.004001189023256302,0.07839516550302505,0.0070841358974576,0.19513581693172455,0.01204734481871128,0.17774955928325653,0.077431820333004,0.22185246646404266,0.5147044658660889,0.0021557703148573637,2.1390342712402344,0.18038693070411682,,,,,,,,,,,,,,,
,0.0002890376131544817,8439,,,,,,,,,,,,,,,,,,,,,,,,,,,,,,
12,,8439,0.09165472537279129,0.030358701944351196,0.26785963773727417,0.006056003272533417,0.07231679558753967,0.021237540990114212,0.24733465909957886,0.01620209589600563,0.18151505291461945,0.05758977681398392,0.2234220802783966,0.5325741171836853,0.0008714042487554252,2.1472272872924805,0.15248751640319824,,,,,,,,,,,,,,,
,0.00028898878029557875,8449,,,,,,,,,,,,,,,,,,,,,,,,,,,,,,
12,,8449,0.11431155353784561,0.03808164969086647,0.366853803396225,0.003561137244105339,0.07422062009572983,0.02673138491809368,0.2274763286113739,0.0177256241440773,0.20784370601177216,0.09247226268053055,0.23745860159397125,0.6185478568077087,0.0012114328565075994,2.101684093475342,0.1853628158569336,,,,,,,,,,,,,,,
,0.00028893984305710193,8459,,,,,,,,,,,,,,,,,,,,,,,,,,,,,,
12,,8459,0.06353774666786194,0.05610540881752968,0.38886263966560364,0.004469411913305521,0.07420244067907333,0.01090515498071909,0.24148774147033691,0.011944662779569626,0.15239004790782928,0.04173876345157623,0.25160902738571167,0.5294222831726074,0.002846991876140237,2.1388344764709473,0.15314526855945587,,,,,,,,,,,,,,,
,0.0002888908014758028,8469,,,,,,,,,,,,,,,,,,,,,,,,,,,,,,
12,,8469,0.07167887687683105,0.09831322729587555,0.4073804020881653,0.0039629084058105946,0.07873553037643433,0.018270006403326988,0.31002292037010193,0.01281654927879572,0.141433984041214,0.05405888706445694,0.23164935410022736,0.572904646396637,0.0005851092282682657,2.064216375350952,0.1865464746952057,,,,,,,,,,,,,,,
,0.0002888416555885113,8479,,,,,,,,,,,,,,,,,,,,,,,,,,,,,,
12,,8479,0.1478913575410843,0.0632874071598053,0.4208928346633911,0.006666430737823248,0.1016182005405426,0.02408633939921856,0.33597028255462646,0.030425183475017548,0.2810835838317871,0.07653966546058655,0.25356635451316833,0.8122913837432861,0.007599585223942995,2.1317942142486572,0.257845014333725,,,,,,,,,,,,,,,
,0.00028879240543213546,8489,,,,,,,,,,,,,,,,,,,,,,,,,,,,,,
12,,8489,0.08826825767755508,0.0356590636074543,0.27215394377708435,0.0074950880371034145,0.06013732776045799,0.01518617570400238,0.15651017427444458,0.01300165057182312,0.15715308487415314,0.04634667932987213,0.20178203284740448,0.4711402356624603,0.0016051777638494968,2.100505828857422,0.14259304106235504,,,,,,,,,,,,,,,
,0.000288743051043662,8499,,,,,,,,,,,,,,,,,,,,,,,,,,,,,,
12,,8499,0.06656617671251297,0.04616713523864746,0.2897754907608032,0.001410905853845179,0.07123280316591263,0.016328398138284683,0.20832309126853943,0.015741270035505295,0.14342692494392395,0.04163093864917755,0.20974509418010712,0.46255892515182495,0.0006628998089581728,2.0993025302886963,0.12129171192646027,,,,,,,,,,,,,,,
,0.00028869359246015556,8509,,,,,,,,,,,,,,,,,,,,,,,,,,,,,,
12,,8509,0.05860977992415428,0.06876535713672638,0.3377721905708313,0.0024805862922221422,0.07814400643110275,0.005216705147176981,0.24497219920158386,0.013438476249575615,0.13997046649456024,0.07007305324077606,0.19942545890808105,0.4979655146598816,0.005870422348380089,2.101195812225342,0.147597998380661,,,,,,,,,,,,,,,
,0.0002886440297187593,8519,,,,,,,,,,,,,,,,,,,,,,,,,,,,,,
12,,8519,0.07259463518857956,0.03238622844219208,0.3248950242996216,0.0018517858115956187,0.08006938546895981,0.01431226171553135,0.2355591505765915,0.01605045422911644,0.12321852892637253,0.07326856255531311,0.2348344773054123,0.4814836084842682,0.008227472193539143,2.121046304702759,0.13798190653324127,,,,,,,,,,,,,,,
,0.0002885943628566944,8529,,,,,,,,,,,,,,,,,,,,,,,,,,,,,,
12,,8529,0.09496516734361649,0.03668830543756485,0.3367631435394287,0.00863531045615673,0.0878717452287674,0.028399957343935966,0.2256096601486206,0.013136123307049274,0.21818001568317413,0.03791172802448273,0.24069622159004211,0.6111065745353699,0.0026898556388914585,2.1204216480255127,0.1962735950946808,,,,,,,,,,,,,,,
,0.00028854459191126025,8539,,,,,,,,,,,,,,,,,,,,,,,,,,,,,,
12,,8539,0.09781008958816528,0.07406124472618103,0.3298969268798828,0.005902289878576994,0.07606101036071777,0.014478165656328201,0.26169273257255554,0.017741549760103226,0.18236692249774933,0.06857500225305557,0.23392778635025024,0.584566593170166,0.002539748325943947,2.1127371788024902,0.16589386761188507,,,,,,,,,,,,,,,
,0.0002884947169198347,8549,,,,,,,,,,,,,,,,,,,,,,,,,,,,,,
12,,8549,0.09226370602846146,0.03277653455734253,0.3342113792896271,0.0054345461539924145,0.08900526911020279,0.012029837816953659,0.22547613084316254,0.02566298469901085,0.21577441692352295,0.0634736642241478,0.25483134388923645,0.6082094311714172,0.0022629564628005028,2.0919764041900635,0.1814870685338974,,,,,,,,,,,,,,,
,0.00028844473791987327,8559,,,,,,,,,,,,,,,,,,,,,,,,,,,,,,
12,,8559,0.05087270960211754,0.04587794095277786,0.3645133376121521,0.004723053891211748,0.08255191147327423,0.012694298289716244,0.23578573763370514,0.011134621687233448,0.1358349323272705,0.066666379570961,0.23550362884998322,0.49609506130218506,0.00523448595777154,2.1185081005096436,0.14331401884555817,,,,,,,,,,,,,,,
,0.0002883946549489099,8569,,,,,,,,,,,,,,,,,,,,,,,,,,,,,,
12,,8569,0.09306807070970535,0.048062246292829514,0.3855283856391907,0.0021253700833767653,0.07683857530355453,0.009344540536403656,0.24690476059913635,0.009380316361784935,0.1455572247505188,0.053625013679265976,0.25532010197639465,0.5378702878952026,0.004304804373532534,2.0835349559783936,0.16789749264717102,,,,,,,,,,,,,,,
,0.0002883444680445566,8579,,,,,,,,,,,,,,,,,,,,,,,,,,,,,,
12,,8579,0.10004851222038269,0.03686170279979706,0.3619358539581299,0.005396646913141012,0.10428037494421005,0.02227342128753662,0.24957536160945892,0.012009117752313614,0.20400075614452362,0.09460749477148056,0.25848209857940674,0.634666383266449,0.0034042124170809984,2.1874964237213135,0.23672588169574738,,,,,,,,,,,,,,,
,0.0002882941772445034,8589,,,,,,,,,,,,,,,,,,,,,,,,,,,,,,
12,,8589,0.06130709499120712,0.03264078497886658,0.3432709276676178,0.004219362046569586,0.08614536374807358,0.01635841093957424,0.2146909236907959,0.020653778687119484,0.16383221745491028,0.053285516798496246,0.22900508344173431,0.5280641913414001,0.0015595776494592428,2.1149260997772217,0.17975333333015442,,,,,,,,,,,,,,,
,0.00028824378258651814,8599,,,,,,,,,,,,,,,,,,,,,,,,,,,,,,
12,,8599,0.07479311525821686,0.04550493508577347,0.3689225912094116,0.0011262820335105062,0.06822402030229568,0.026415759697556496,0.25718429684638977,0.013533229939639568,0.12285976856946945,0.06129821762442589,0.1988508254289627,0.49186617136001587,0.001600228133611381,2.113553762435913,0.14315494894981384,,,,,,,,,,,,,,,
,0.00028819328410844707,8609,,,,,,,,,,,,,,,,,,,,,,,,,,,,,,
12,,8609,0.10067456215620041,0.04962267726659775,0.33270591497421265,0.002958193887025118,0.09049379825592041,0.02920639142394066,0.2994422912597656,0.024599995464086533,0.23654799163341522,0.06595244258642197,0.2262141853570938,0.650964617729187,0.0023571483325213194,2.130843162536621,0.1576010137796402,,,,,,,,,,,,,,,
,0.00028814268184821403,8619,,,,,,,,,,,,,,,,,,,,,,,,,,,,,,
12,,8619,0.045958466827869415,0.04218495637178421,0.4221389591693878,0.004775439854711294,0.08738194406032562,0.006066058296710253,0.2714698314666748,0.006477602291852236,0.0795423611998558,0.07128356397151947,0.2513035833835602,0.46854090690612793,0.0022450152318924665,2.1616008281707764,0.1843544840812683,,,,,,,,,,,,,,,
,0.00028809197584382104,8629,,,,,,,,,,,,,,,,,,,,,,,,,,,,,,
12,,8629,0.06340356916189194,0.03851811960339546,0.311694473028183,0.007788611575961113,0.07269503176212311,0.019991382956504822,0.2249402403831482,0.017290763556957245,0.1437654048204422,0.05628880858421326,0.24315758049488068,0.5051016211509705,0.0008600451983511448,2.102821111679077,0.1776670664548874,,,,,,,,,,,,,,,
,0.0002880411661333479,8639,,,,,,,,,,,,,,,,,,,,,,,,,,,,,,
12,,8639,0.05875783786177635,0.029791083186864853,0.3619603216648102,0.003009614534676075,0.06579465419054031,0.006921370979398489,0.17056408524513245,0.008037246763706207,0.08007612079381943,0.0543571375310421,0.23007911443710327,0.40563541650772095,0.002157502342015505,2.1351797580718994,0.15250559151172638,,,,,,,,,,,,,,,
,0.00028799025275495234,8649,,,,,,,,,,,,,,,,,,,,,,,,,,,,,,
12,,8649,0.07722677290439606,0.03316066041588783,0.37871965765953064,0.006432882510125637,0.06417367607355118,0.01641266420483589,0.2069413810968399,0.01223738957196474,0.12666726112365723,0.05106212943792343,0.24630536139011383,0.4908129870891571,0.001552619389258325,2.132077693939209,0.1517460197210312,,,,,,,,,,,,,,,
,0.00028793923574686996,8659,,,,,,,,,,,,,,,,,,,,,,,,,,,,,,
12,,8659,0.1149357482790947,0.027659092098474503,0.30503377318382263,0.005483390297740698,0.0862414687871933,0.009487000294029713,0.23587872087955475,0.014602096751332283,0.23387056589126587,0.06908035278320312,0.21581432223320007,0.6112987995147705,0.004267184529453516,2.1385176181793213,0.18078473210334778,,,,,,,,,,,,,,,
,0.0002878881151474142,8669,,,,,,,,,,,,,,,,,,,,,,,,,,,,,,
12,,8669,0.1245730072259903,0.020579546689987183,0.2561340630054474,0.00955356564372778,0.06038486212491989,0.008378744125366211,0.22797390818595886,0.014916948042809963,0.2191307544708252,0.06844262033700943,0.2053270936012268,0.5689486861228943,0.006873828358948231,2.135920286178589,0.14501415193080902,,,,,,,,,,,,,,,
,0.0002878368909949762,8679,,,,,,,,,,,,,,,,,,,,,,,,,,,,,,
12,,8679,0.04533083364367485,0.04443909972906113,0.35635676980018616,0.0049094464629888535,0.06817321479320526,0.016159089282155037,0.22655020654201508,0.008457953110337257,0.09634938091039658,0.06176169589161873,0.21781368553638458,0.44284188747406006,0.0019875301513820887,2.1703405380249023,0.16400694847106934,,,,,,,,,,,,,,,
,0.0002877855633280249,8689,,,,,,,,,,,,,,,,,,,,,,,,,,,,,,
12,,8689,0.06761948764324188,0.05832893028855324,0.43390554189682007,0.0021331864409148693,0.07946842163801193,0.005232139490544796,0.2583807706832886,0.007811360061168671,0.1246243268251419,0.048489049077034,0.2624841332435608,0.5198041796684265,0.0006023760652169585,2.1369099617004395,0.16823796927928925,,,,,,,,,,,,,,,
,0.00028773413218510715,8699,,,,,,,,,,,,,,,,,,,,,,,,,,,,,,
12,,8699,0.052202172577381134,0.03127046301960945,0.3115697503089905,0.005677755922079086,0.07443408668041229,0.012908749282360077,0.18864522874355316,0.01382066123187542,0.13061828911304474,0.05695780739188194,0.24665816128253937,0.4590698182582855,0.0009429981000721455,2.1260719299316406,0.1527680605649948,,,,,,,,,,,,,,,
,0.0002876825976048472,8709,,,,,,,,,,,,,,,,,,,,,,,,,,,,,,
12,,8709,0.10664201527833939,0.031483057886362076,0.38925427198410034,0.002025583991780877,0.09603821486234665,0.021939095109701157,0.25222572684288025,0.011684371158480644,0.1416349560022354,0.07269290089607239,0.21893028914928436,0.5583678483963013,0.005099284462630749,2.156388998031616,0.20835883915424347,,,,,,,,,,,,,,,
,0.00028763095962594726,8719,,,,,,,,,,,,,,,,,,,,,,,,,,,,,,
12,,8719,0.08764536678791046,0.06295853853225708,0.37974363565444946,0.004954914562404156,0.0902438834309578,0.0079058101400733,0.2679089903831482,0.01348588615655899,0.16344861686229706,0.05588960647583008,0.2770824432373047,0.5876888632774353,0.005692512262612581,2.1678011417388916,0.19962243735790253,,,,,,,,,,,,,,,
,0.00028757921828718704,8729,,,,,,,,,,,,,,,,,,,,,,,,,,,,,,
12,,8729,0.07448852807283401,0.05242583900690079,0.45685961842536926,0.0023048454895615578,0.08750950545072556,0.008287646807730198,0.29170170426368713,0.01918453350663185,0.16312052309513092,0.036341674625873566,0.24270109832286835,0.5989022254943848,0.003608606057241559,2.0764427185058594,0.20824360847473145,,,,,,,,,,,,,,,
,0.0002875273736274239,8739,,,,,,,,,,,,,,,,,,,,,,,,,,,,,,
12,,8739,0.05906106159090996,0.05482691898941994,0.39282548427581787,0.00926755927503109,0.07633455097675323,0.014912251383066177,0.2887403666973114,0.010300988331437111,0.12156407535076141,0.07761087268590927,0.22847895324230194,0.5353736281394958,0.004128213971853256,2.1545982360839844,0.21580538153648376,,,,,,,,,,,,,,,
,0.0002874754256855928,8749,,,,,,,,,,,,,,,,,,,,,,,,,,,,,,
12,,8749,0.12034609168767929,0.06632872670888901,0.35697370767593384,0.0036470319610089064,0.09297605603933334,0.014075448736548424,0.31061601638793945,0.017549317330121994,0.22667644917964935,0.07832610607147217,0.23324894905090332,0.6620672345161438,0.0032541221007704735,2.0849530696868896,0.1693640500307083,,,,,,,,,,,,,,,
,0.00028742337450070635,8759,,,,,,,,,,,,,,,,,,,,,,,,,,,,,,
12,,8759,0.08198634535074234,0.060893554240465164,0.3189910054206848,0.0037357809487730265,0.05397168546915054,0.013792471960186958,0.24462264776229858,0.009853944182395935,0.13423092663288116,0.0740240216255188,0.20385563373565674,0.4829613268375397,0.002783358097076416,2.1104490756988525,0.12629953026771545,,,,,,,,,,,,,,,
,0.0002873712201118546,8769,,,,,,,,,,,,,,,,,,,,,,,,,,,,,,
12,,8769,0.07569709420204163,0.03122927062213421,0.24408583343029022,0.0023757903836667538,0.06680488586425781,0.0146919135004282,0.19010353088378906,0.011672796681523323,0.17170019447803497,0.08622129261493683,0.2033412605524063,0.47315648198127747,0.0032913421746343374,2.1446735858917236,0.11791949719190598,,,,,,,,,,,,,,,
,0.000287318962558205,8779,,,,,,,,,,,,,,,,,,,,,,,,,,,,,,
12,,8779,0.06852062046527863,0.025079354643821716,0.24431350827217102,0.003073581261560321,0.06438149511814117,0.009660924784839153,0.14561131596565247,0.01319391280412674,0.16784819960594177,0.053684547543525696,0.20676085352897644,0.4489237070083618,0.0015246298862621188,2.050689220428467,0.12987926602363586,,,,,,,,,,,,,,,
,0.00028726660187900274,8789,,,,,,,,,,,,,,,,,,,,,,,,,,,,,,
12,,8789,0.08555326610803604,0.04762640595436096,0.4192826449871063,0.0026459014043211937,0.0966639369726181,0.010962916538119316,0.2784941494464874,0.014001622796058655,0.20366129279136658,0.05007542297244072,0.26118969917297363,0.628350019454956,0.001515433774329722,2.152315139770508,0.19964513182640076,,,,,,,,,,,,,,,
,0.0002872141381135702,8799,,,,,,,,,,,,,,,,,,,,,,,,,,,,,,
12,,8799,0.07657966017723083,0.07298027724027634,0.3262883424758911,0.0029254334513098,0.08128975331783295,0.01187338586896658,0.2835197448730469,0.016836076974868774,0.15510837733745575,0.043855395168066025,0.22668008506298065,0.5444856286048889,0.0011182122398167849,2.1004488468170166,0.1802523285150528,,,,,,,,,,,,,,,
,0.0002871615713013074,8809,,,,,,,,,,,,,,,,,,,,,,,,,,,,,,
12,,8809,0.08403567224740982,0.044637709856033325,0.3764289915561676,0.00400637136772275,0.10329233109951019,0.02213798649609089,0.2754581868648529,0.016879210248589516,0.22048550844192505,0.045486435294151306,0.25250327587127686,0.6535102128982544,0.007617610972374678,2.0997719764709473,0.22879889607429504,,,,,,,,,,,,,,,
,0.00028710890148169154,8819,,,,,,,,,,,,,,,,,,,,,,,,,,,,,,
12,,8819,0.10032407939434052,0.027251731604337692,0.2749239504337311,0.004151294939219952,0.05840342491865158,0.007328528445214033,0.2128816545009613,0.011089811101555824,0.1553727388381958,0.08315695822238922,0.2127169817686081,0.48627105355262756,0.005372055806219578,2.086066722869873,0.13414250314235687,,,,,,,,,,,,,,,
,0.0002870561286942773,8829,,,,,,,,,,,,,,,,,,,,,,,,,,,,,,
12,,8829,0.061376381665468216,0.025244560092687607,0.2813431918621063,0.00161732139531523,0.06359110027551651,0.006970888003706932,0.17113545536994934,0.010308396071195602,0.128138929605484,0.03939002752304077,0.22581037878990173,0.419646292924881,0.0010222841519862413,2.1588029861450195,0.1337757110595703,,,,,,,,,,,,,,,
,0.0002870032529786967,8839,,,,,,,,,,,,,,,,,,,,,,,,,,,,,,
12,,8839,0.05321146547794342,0.07920864969491959,0.30932027101516724,0.004287922754883766,0.067765973508358,0.011840013787150383,0.2237740159034729,0.011533396318554878,0.09579481929540634,0.04541818052530289,0.24054595828056335,0.45448002219200134,0.005964305717498064,2.0851917266845703,0.1736246645450592,,,,,,,,,,,,,,,
,0.000286950274374659,8849,,,,,,,,,,,,,,,,,,,,,,,,,,,,,,
12,,8849,0.10438740253448486,0.034535523504018784,0.41143184900283813,0.005712068174034357,0.10334436595439911,0.009652468375861645,0.27132466435432434,0.0151893999427557,0.22684258222579956,0.060207683593034744,0.23865926265716553,0.6524958610534668,0.0052162292413413525,2.120084524154663,0.18280497193336487,,,,,,,,,,,,,,,
,0.00028689719292195075,8859,,,,,,,,,,,,,,,,,,,,,,,,,,,,,,
12,,8859,0.06726305931806564,0.03074507787823677,0.36267903447151184,0.006919595412909985,0.09662271291017532,0.008198358118534088,0.1767929196357727,0.010144829750061035,0.1035238653421402,0.04135645925998688,0.22553056478500366,0.4550040066242218,0.0038653428200632334,2.1113033294677734,0.17351463437080383,,,,,,,,,,,,,,,
,0.0002868440086604358,8869,,,,,,,,,,,,,,,,,,,,,,,,,,,,,,
12,,8869,0.05647757276892662,0.04853365942835808,0.4399804174900055,0.00695768604055047,0.07347454875707626,0.031154846772551537,0.21627338230609894,0.010983260348439217,0.13244929909706116,0.03988271579146385,0.2299221158027649,0.5241248607635498,0.0018461020663380623,2.093341112136841,0.1742030531167984,,,,,,,,,,,,,,,
,0.000286790721630055,8879,,,,,,,,,,,,,,,,,,,,,,,,,,,,,,
12,,8879,0.07372541725635529,0.03945213928818703,0.39344629645347595,0.002854351419955492,0.08346518874168396,0.010698153637349606,0.24041485786437988,0.011848611757159233,0.14973382651805878,0.022293703630566597,0.2883307635784149,0.5499697923660278,0.007745299022644758,2.0970537662506104,0.19927005469799042,,,,,,,,,,,,,,,
,0.0002867373318708266,8889,,,,,,,,,,,,,,,,,,,,,,,,,,,,,,
12,,8889,0.11125515401363373,0.03278631344437599,0.4203818142414093,0.002884624293074012,0.09713428467512131,0.01047557219862938,0.2696514129638672,0.024794727563858032,0.20898912847042084,0.07189103960990906,0.24412794411182404,0.6610965132713318,0.001986501505598426,2.1103408336639404,0.23680458962917328,,,,,,,,,,,,,,,
,0.00028668383942284604,8899,,,,,,,,,,,,,,,,,,,,,,,,,,,,,,
12,,8899,0.11343494057655334,0.025897856801748276,0.2927675247192383,0.006082957610487938,0.08765266090631485,0.010396162047982216,0.2079281061887741,0.01444987952709198,0.187631294131279,0.04119367524981499,0.2278401255607605,0.5491975545883179,0.002678021090105176,2.1329619884490967,0.1753605753183365,,,,,,,,,,,,,,,
,0.0002866302443262856,8909,,,,,,,,,,,,,,,,,,,,,,,,,,,,,,
12,,8909,0.15462981164455414,0.03433508798480034,0.4212455451488495,0.005882026627659798,0.11296267062425613,0.03084011748433113,0.28464967012405396,0.028594419360160828,0.3292198181152344,0.07821545004844666,0.2739822566509247,0.83174729347229,0.00409209867939353,2.1436803340911865,0.2172812670469284,,,,,,,,,,,,,,,
,0.00028657654662139493,8919,,,,,,,,,,,,,,,,,,,,,,,,,,,,,,
12,,8919,0.09659066051244736,0.03649068623781204,0.36015692353248596,0.005860432516783476,0.09819693863391876,0.011914041824638844,0.25341901183128357,0.018318485468626022,0.283658891916275,0.06552831828594208,0.21821941435337067,0.6907963752746582,0.0022934372536838055,2.106689691543579,0.20797446370124817,,,,,,,,,,,,,,,
,0.00028652274634850046,8929,,,,,,,,,,,,,,,,,,,,,,,,,,,,,,
12,,8929,0.05428040400147438,0.023433422669768333,0.3021728992462158,0.004506997764110565,0.061800047755241394,0.011791279539465904,0.20503666996955872,0.007697996683418751,0.11292330175638199,0.04018574208021164,0.2228745073080063,0.4279143214225769,0.004481483716517687,2.1508476734161377,0.1597718745470047,,,,,,,,,,,,,,,
,0.00028646884354800603,8939,,,,,,,,,,,,,,,,,,,,,,,,,,,,,,
12,,8939,0.08736609667539597,0.028059907257556915,0.32760199904441833,0.005960944574326277,0.07688252627849579,0.008646487258374691,0.17178115248680115,0.010628363117575645,0.15197178721427917,0.07220194488763809,0.2537972927093506,0.5056546330451965,0.0023421579971909523,2.146573066711426,0.17828282713890076,,,,,,,,,,,,,,,
,0.00028641483826039206,8949,,,,,,,,,,,,,,,,,,,,,,,,,,,,,,
12,,8949,0.0814037173986435,0.028933798894286156,0.36534103751182556,0.005548511166125536,0.10168270766735077,0.019573243334889412,0.2363184690475464,0.01665448397397995,0.23509612679481506,0.07279642671346664,0.25936076045036316,0.6332382559776306,0.0016854965360835195,2.1341123580932617,0.18432483077049255,,,,,,,,,,,,,,,
,0.0002863607305262163,8959,,,,,,,,,,,,,,,,,,,,,,,,,,,,,,
12,,8959,0.11309890449047089,0.04772267863154411,0.36087626218795776,0.0068207732401788235,0.08208432048559189,0.012382997199892998,0.27350300550460815,0.013066602870821953,0.14907129108905792,0.0648932084441185,0.22325579822063446,0.5577423572540283,0.005033561959862709,2.1443727016448975,0.16791750490665436,,,,,,,,,,,,,,,
,0.00028630652038611306,8969,,,,,,,,,,,,,,,,,,,,,,,,,,,,,,
12,,8969,0.08357509970664978,0.07955604791641235,0.499738872051239,0.004143493715673685,0.09371833503246307,0.008644800633192062,0.33205804228782654,0.01991964690387249,0.22416555881500244,0.054425615817308426,0.2782628834247589,0.7281093597412109,0.0010884219082072377,2.0937247276306152,0.26892563700675964,,,,,,,,,,,,,,,
,0.00028625220788079393,8979,,,,,,,,,,,,,,,,,,,,,,,,,,,,,,
12,,8979,0.09556654840707779,0.05459693819284439,0.36992764472961426,0.0032530135940760374,0.0773141011595726,0.012373736128211021,0.26321542263031006,0.011005447246134281,0.13755753636360168,0.06913048028945923,0.24469716846942902,0.5464609265327454,0.0018000748241320252,2.120570421218872,0.20538748800754547,,,,,,,,,,,,,,,
,0.00028619779305104717,8989,,,,,,,,,,,,,,,,,,,,,,,,,,,,,,
12,,8989,0.07893691211938858,0.04359794780611992,0.2758730351924896,0.005637750960886478,0.06292791664600372,0.012642628513276577,0.2073959857225418,0.015551547519862652,0.16767840087413788,0.060050904750823975,0.2086355984210968,0.5062990188598633,0.0038327400106936693,2.079549551010132,0.16430659592151642,,,,,,,,,,,,,,,
,0.0002861432759377379,8999,,,,,,,,,,,,,,,,,,,,,,,,,,,,,,
12,,8999,0.06926444172859192,0.027999022975564003,0.3017140030860901,0.008240055292844772,0.07630766928195953,0.006755797192454338,0.21724574267864227,0.011803318746387959,0.15873317420482635,0.0744042694568634,0.23186220228672028,0.5027823448181152,0.0022269401233643293,2.146061897277832,0.17044490575790405,,,,,,,,,,,,,,,
,0.00028608865658180817,9009,,,,,,,,,,,,,,,,,,,,,,,,,,,,,,
12,,9009,0.06586240231990814,0.03118252009153366,0.32714858651161194,0.006389087066054344,0.07396809756755829,0.01308586448431015,0.1956549733877182,0.011556414887309074,0.12679648399353027,0.06405632197856903,0.20670093595981598,0.46031251549720764,0.0034330934286117554,2.099266767501831,0.14563779532909393,,,,,,,,,,,,,,,
,0.0002860339350242766,9019,,,,,,,,,,,,,,,,,,,,,,,,,,,,,,
12,,9019,0.08950122445821762,0.029789015650749207,0.3076741397380829,0.007803383283317089,0.08166174590587616,0.018747376278042793,0.26824578642845154,0.014402111992239952,0.17445364594459534,0.0664663165807724,0.22139626741409302,0.5476300120353699,0.003972714301198721,2.1514129638671875,0.1564331203699112,,,,,,,,,,,,,,,
,0.00028597911130623876,9029,,,,,,,,,,,,,,,,,,,,,,,,,,,,,,
12,,9029,0.06579311192035675,0.037787821143865585,0.40802329778671265,0.005881343502551317,0.11741873621940613,0.01069924607872963,0.2633742094039917,0.01369781605899334,0.11861144006252289,0.10131122171878815,0.2731361389160156,0.5659602880477905,0.0052222576923668385,2.0817182064056396,0.2725231647491455,,,,,,,,,,,,,,,
12,,9034,,,,,,,,,,,,,,,,0.16030287742614746,0.028662603348493576,0.2640474736690521,0.006661636754870415,0.05716892331838608,0.0020293998531997204,0.12523415684700012,0.020203880965709686,0.18447865545749664,0.061792246997356415,0.16551710665225983,0.5193981528282166,0.009092692285776138,2.160282611846924,0.13047601282596588
,0.00028592418546886684,9039,,,,,,,,,,,,,,,,,,,,,,,,,,,,,,
13,,9039,0.06053332984447479,0.0437263660132885,0.34654226899147034,0.003861811012029648,0.09023560583591461,0.018763603642582893,0.21354372799396515,0.016897594556212425,0.2073453813791275,0.06378821283578873,0.24472357332706451,0.5903711318969727,0.00132786447647959,2.136204719543457,0.2179299294948578,,,,,,,,,,,,,,,
,0.00028586915755340973,9049,,,,,,,,,,,,,,,,,,,,,,,,,,,,,,
13,,9049,0.06560283154249191,0.03832364082336426,0.4151211678981781,0.006235654931515455,0.09602000564336777,0.015663176774978638,0.2424909919500351,0.014306362718343735,0.14977946877479553,0.039213184267282486,0.24508734047412872,0.5534899234771729,0.00045304320519790053,2.057436227798462,0.20896455645561218,,,,,,,,,,,,,,,
,0.00028581402760119304,9059,,,,,,,,,,,,,,,,,,,,,,,,,,,,,,
13,,9059,0.055461250245571136,0.0443975105881691,0.302852600812912,0.0030162993352860212,0.05554385483264923,0.016642680391669273,0.22112372517585754,0.013274546712636948,0.0982028990983963,0.0332169383764267,0.18956886231899261,0.4147389233112335,0.005007635802030563,2.159471035003662,0.12835867702960968,,,,,,,,,,,,,,,
,0.000285758795653619,9069,,,,,,,,,,,,,,,,,,,,,,,,,,,,,,
13,,9069,0.07147540897130966,0.04215874895453453,0.41520410776138306,0.007020325865596533,0.08012939244508743,0.03468487411737442,0.2747732102870941,0.01566665805876255,0.1703001707792282,0.07535292208194733,0.2636914551258087,0.6021983623504639,0.0007937961490824819,2.1386878490448,0.2038189172744751,,,,,,,,,,,,,,,
,0.0002857034617521663,9079,,,,,,,,,,,,,,,,,,,,,,,,,,,,,,
13,,9079,0.08751361072063446,0.03142988309264183,0.30923062562942505,0.0062294285744428635,0.07444612681865692,0.01498677209019661,0.1820504367351532,0.008205743506550789,0.1780315488576889,0.08647172152996063,0.2447468489408493,0.538175642490387,0.002878207713365555,2.1282594203948975,0.2006504088640213,,,,,,,,,,,,,,,
,0.0002856480259383904,9089,,,,,,,,,,,,,,,,,,,,,,,,,,,,,,
13,,9089,0.07387585937976837,0.05107712373137474,0.27315494418144226,0.010029164142906666,0.05564407631754875,0.018462425097823143,0.21891872584819794,0.015797607600688934,0.16457697749137878,0.06769648939371109,0.2218601107597351,0.5010802149772644,0.0003692196623887867,2.1410393714904785,0.12864525616168976,,,,,,,,,,,,,,,
,0.0002855924882539231,9099,,,,,,,,,,,,,,,,,,,,,,,,,,,,,,
13,,9099,0.055707164108753204,0.026233363896608353,0.34115901589393616,0.0022304209414869547,0.07546882331371307,0.021106643602252007,0.23744001984596252,0.01423618569970131,0.17465920746326447,0.048644281923770905,0.21140161156654358,0.5134932398796082,0.002268752083182335,2.202152729034424,0.1368216723203659,,,,,,,,,,,,,,,
,0.0002855368487404729,9109,,,,,,,,,,,,,,,,,,,,,,,,,,,,,,
13,,9109,0.05696272477507591,0.04518446698784828,0.3273165225982666,0.005880849901586771,0.06796275824308395,0.011894935742020607,0.23801910877227783,0.009649581275880337,0.21103565394878387,0.08439783751964569,0.2209467589855194,0.56368488073349,0.002970148343592882,2.0677692890167236,0.16702204942703247,,,,,,,,,,,,,,,
,0.00028548110743982464,9119,,,,,,,,,,,,,,,,,,,,,,,,,,,,,,
13,,9119,0.0524197593331337,0.07229261100292206,0.24186834692955017,0.002192411106079817,0.08557716757059097,0.009775655344128609,0.22273088991641998,0.0128933135420084,0.15346917510032654,0.04633461311459541,0.2338244915008545,0.4815242886543274,0.00037062462070025504,2.1761374473571777,0.16410472989082336,,,,,,,,,,,,,,,
,0.00028542526439383957,9129,,,,,,,,,,,,,,,,,,,,,,,,,,,,,,
13,,9129,0.041305072605609894,0.03479192778468132,0.38497617840766907,0.004487347323447466,0.07769233733415604,0.010702339932322502,0.19214610755443573,0.01142854243516922,0.08635393530130386,0.05447233468294144,0.25133275985717773,0.4355422556400299,0.0015912475064396858,2.132272958755493,0.1679028868675232,,,,,,,,,,,,,,,
,0.00028536931964445554,9139,,,,,,,,,,,,,,,,,,,,,,,,,,,,,,
13,,9139,0.0458967350423336,0.025367986410856247,0.25169169902801514,0.0026431644801050425,0.06707506626844406,0.00607242900878191,0.18135394155979156,0.01710694655776024,0.08786562830209732,0.06853985786437988,0.21558304131031036,0.3752739727497101,0.002581655979156494,2.186917781829834,0.12644173204898834,,,,,,,,,,,,,,,
,0.0002853132732336866,9149,,,,,,,,,,,,,,,,,,,,,,,,,,,,,,
13,,9149,0.07641135901212692,0.047542717307806015,0.36477839946746826,0.010542717762291431,0.06284371018409729,0.010069969110190868,0.23191450536251068,0.013981961645185947,0.1316864937543869,0.07679831981658936,0.25181639194488525,0.5066293478012085,0.0026404610835015774,2.07085919380188,0.135046124458313,,,,,,,,,,,,,,,
,0.0002852571252036231,9159,,,,,,,,,,,,,,,,,,,,,,,,,,,,,,
13,,9159,0.07224168628454208,0.04039447009563446,0.3188464641571045,0.007907089777290821,0.06954996287822723,0.009713174775242805,0.20395226776599884,0.014552261680364609,0.13400770723819733,0.05849272757768631,0.21191523969173431,0.48048627376556396,0.0051067001186311245,2.084869861602783,0.15530289709568024,,,,,,,,,,,,,,,
,0.00028520087559643194,9169,,,,,,,,,,,,,,,,,,,,,,,,,,,,,,
13,,9169,0.10265620052814484,0.031387101858854294,0.34782901406288147,0.004996847826987505,0.09416402876377106,0.013298646546900272,0.24622662365436554,0.020136795938014984,0.15876251459121704,0.046842459589242935,0.2380349487066269,0.5628699660301208,0.005892077926546335,2.1136229038238525,0.19489917159080505,,,,,,,,,,,,,,,
,0.0002851445244543561,9179,,,,,,,,,,,,,,,,,,,,,,,,,,,,,,
13,,9179,0.07569300383329391,0.03446853160858154,0.3349457383155823,0.006815250497311354,0.07500766217708588,0.014586049132049084,0.21755185723304749,0.010880590416491032,0.15560106933116913,0.04695277288556099,0.19607800245285034,0.4934716522693634,0.0007269395282492042,2.134434223175049,0.1354624629020691,,,,,,,,,,,,,,,
,0.00028508807181971496,9189,,,,,,,,,,,,,,,,,,,,,,,,,,,,,,
13,,9189,0.09749091416597366,0.04247516393661499,0.27591103315353394,0.003938651643693447,0.07551534473896027,0.01303719449788332,0.1987578570842743,0.01803034357726574,0.18858058750629425,0.07042654603719711,0.2108362466096878,0.5294381380081177,0.001451513497158885,2.1291275024414062,0.13703370094299316,,,,,,,,,,,,,,,
,0.000285031517734904,9199,,,,,,,,,,,,,,,,,,,,,,,,,,,,,,
13,,9199,0.06687846034765244,0.045721471309661865,0.3739807903766632,0.005039743147790432,0.05213779956102371,0.016755467280745506,0.1902635544538498,0.006144463084638119,0.09400556981563568,0.0570179708302021,0.2226041704416275,0.4398036599159241,0.003894353751093149,2.083646297454834,0.14915283024311066,,,,,,,,,,,,,,,
,0.0002849748622423949,9209,,,,,,,,,,,,,,,,,,,,,,,,,,,,,,
13,,9209,0.07070175558328629,0.03753042593598366,0.3175143599510193,0.0025518671609461308,0.05250177159905434,0.016905223950743675,0.2102358192205429,0.007618294097483158,0.1101728230714798,0.05481237545609474,0.20151841640472412,0.4186720550060272,0.001538391807116568,2.0933938026428223,0.0950358584523201,,,,,,,,,,,,,,,
,0.0002849181053847355,9219,,,,,,,,,,,,,,,,,,,,,,,,,,,,,,
13,,9219,0.0843881368637085,0.05779514089226723,0.3873641788959503,0.008711004629731178,0.10150159150362015,0.013244868256151676,0.2787982225418091,0.019208118319511414,0.2075435072183609,0.06728571653366089,0.23548607528209686,0.6323819160461426,0.0035708523355424404,2.169461488723755,0.17646507918834686,,,,,,,,,,,,,,,
,0.0002848612472045499,9229,,,,,,,,,,,,,,,,,,,,,,,,,,,,,,
13,,9229,0.06003038212656975,0.0283831674605608,0.3260798156261444,0.003010805696249008,0.06663337349891663,0.0071136849001049995,0.17926104366779327,0.014028478413820267,0.12428855150938034,0.06804942339658737,0.2417556494474411,0.44819313287734985,0.0023530269972980022,2.102933168411255,0.13910283148288727,,,,,,,,,,,,,,,
,0.0002848042877445381,9239,,,,,,,,,,,,,,,,,,,,,,,,,,,,,,
13,,9239,0.05464036762714386,0.03945431113243103,0.40183156728744507,0.011052176356315613,0.08495680242776871,0.012284156866371632,0.2896072268486023,0.013984579592943192,0.13364750146865845,0.09270131587982178,0.24285773932933807,0.5515092611312866,0.005944487173110247,2.099364995956421,0.20323094725608826,,,,,,,,,,,,,,,
,0.00028474722704747627,9249,,,,,,,,,,,,,,,,,,,,,,,,,,,,,,
13,,9249,0.052695926278829575,0.044043224304914474,0.31712907552719116,0.00439421646296978,0.0638708546757698,0.008905937895178795,0.21784232556819916,0.012940743006765842,0.1416080892086029,0.05388008430600166,0.22516269981861115,0.473390132188797,0.003568994579836726,2.1001970767974854,0.14592768251895905,,,,,,,,,,,,,,,
,0.00028469006515621656,9259,,,,,,,,,,,,,,,,,,,,,,,,,,,,,,
13,,9259,0.05879925191402435,0.028308412060141563,0.3511037528514862,0.005551985930651426,0.08692194521427155,0.007324609439820051,0.22061800956726074,0.014852993190288544,0.18348899483680725,0.07562039792537689,0.2447618693113327,0.540401041507721,0.0017374842427670956,2.0745508670806885,0.1595756560564041,,,,,,,,,,,,,,,
,0.00028463280211368715,9269,,,,,,,,,,,,,,,,,,,,,,,,,,,,,,
13,,9269,0.09675462543964386,0.030314544215798378,0.31573668122291565,0.004592989571392536,0.0613255612552166,0.01779368706047535,0.2080778181552887,0.016445249319076538,0.18703077733516693,0.052774783223867416,0.2297019362449646,0.5517380833625793,0.01330498792231083,2.149386405944824,0.15011899173259735,,,,,,,,,,,,,,,
,0.00028457543796289226,9279,,,,,,,,,,,,,,,,,,,,,,,,,,,,,,
13,,9279,0.11408524215221405,0.03630607947707176,0.30721867084503174,0.006509421393275261,0.08562725782394409,0.01555615197867155,0.23587383329868317,0.017565380781888962,0.20664188265800476,0.087223581969738,0.2365107387304306,0.5982038974761963,0.0015331003814935684,2.091810464859009,0.17894808948040009,,,,,,,,,,,,,,,
,0.0002845179727469118,9289,,,,,,,,,,,,,,,,,,,,,,,,,,,,,,
13,,9289,0.06653019785881042,0.06081274896860123,0.3917213976383209,0.007040903437882662,0.07106941938400269,0.023722004145383835,0.25244906544685364,0.011989498510956764,0.11149925738573074,0.046828169375658035,0.22424763441085815,0.5264747738838196,0.017910728231072426,2.1421709060668945,0.19437795877456665,,,,,,,,,,,,,,,
,0.00028446040650890184,9299,,,,,,,,,,,,,,,,,,,,,,,,,,,,,,
13,,9299,0.08260233700275421,0.03643963858485222,0.2875136733055115,0.0014434969052672386,0.06542433053255081,0.04401076212525368,0.1920054852962494,0.01012683566659689,0.12604102492332458,0.03646685928106308,0.21238017082214355,0.45525357127189636,0.0008273541461676359,2.0955398082733154,0.13458281755447388,,,,,,,,,,,,,,,
,0.0002844027392920942,9309,,,,,,,,,,,,,,,,,,,,,,,,,,,,,,
13,,9309,0.10248423367738724,0.0341588631272316,0.3225768506526947,0.0031114709563553333,0.0720006451010704,0.027146272361278534,0.2210458517074585,0.010833675041794777,0.1287916898727417,0.07541701197624207,0.2060023844242096,0.4923774003982544,0.004171249456703663,2.1287343502044678,0.14814266562461853,,,,,,,,,,,,,,,
,0.0002843449711397965,9319,,,,,,,,,,,,,,,,,,,,,,,,,,,,,,
13,,9319,0.08917123824357986,0.07315695285797119,0.3357528746128082,0.005818119738250971,0.09369882196187973,0.03331157565116882,0.2728094756603241,0.015311184339225292,0.18315933644771576,0.0564175508916378,0.22036845982074738,0.5907421708106995,0.0016418431187048554,2.1391656398773193,0.16472755372524261,,,,,,,,,,,,,,,
,0.00028428710209539224,9329,,,,,,,,,,,,,,,,,,,,,,,,,,,,,,
13,,9329,0.0751599594950676,0.0601448118686676,0.3781358003616333,0.00922832079231739,0.07686514407396317,0.013159018941223621,0.26318642497062683,0.00918060913681984,0.13934354484081268,0.06685155630111694,0.23804837465286255,0.5257095694541931,0.0017404401442036033,2.146343231201172,0.13969388604164124,,,,,,,,,,,,,,,
,0.00028422913220234065,9339,,,,,,,,,,,,,,,,,,,,,,,,,,,,,,
13,,9339,0.0784914419054985,0.03645932301878929,0.38666263222694397,0.0035717529244720936,0.09544774144887924,0.006771738175302744,0.2826414108276367,0.016605503857135773,0.1668308973312378,0.04535998776555061,0.22682791948318481,0.5690059065818787,0.002864004112780094,2.0286946296691895,0.19742587208747864,,,,,,,,,,,,,,,
,0.0002841710615041767,9349,,,,,,,,,,,,,,,,,,,,,,,,,,,,,,
13,,9349,0.068013034760952,0.043790075927972794,0.4277114272117615,0.007591693662106991,0.086763896048069,0.005203987471759319,0.29299646615982056,0.019468985497951508,0.19083669781684875,0.07504157721996307,0.24980045855045319,0.612955629825592,0.0038027449045330286,2.155348300933838,0.1755370944738388,,,,,,,,,,,,,,,
,0.0002841128900445111,9359,,,,,,,,,,,,,,,,,,,,,,,,,,,,,,
13,,9359,0.10527408123016357,0.028936369344592094,0.29232895374298096,0.004475613124668598,0.08737734705209732,0.025104913860559464,0.2773202657699585,0.02680589258670807,0.2789815366268158,0.06146608665585518,0.23627829551696777,0.6726993322372437,0.003174547338858247,2.153932571411133,0.1571637988090515,,,,,,,,,,,,,,,
,0.0002840546178670301,9369,,,,,,,,,,,,,,,,,,,,,,,,,,,,,,
13,,9369,0.0796353667974472,0.03798571228981018,0.36724039912223816,0.0069496226496994495,0.07410330325365067,0.015325733460485935,0.2265181839466095,0.008077866397798061,0.1601545512676239,0.0790046975016594,0.2454872876405716,0.5355730652809143,0.001382061280310154,2.1169402599334717,0.16686148941516876,,,,,,,,,,,,,,,
,0.0002839962450154958,9379,,,,,,,,,,,,,,,,,,,,,,,,,,,,,,
13,,9379,0.05037970840930939,0.05366108939051628,0.401966392993927,0.003921078518033028,0.05964180454611778,0.006572094280272722,0.24400678277015686,0.009442015551030636,0.12374383956193924,0.04981384426355362,0.23917773365974426,0.49672621488571167,0.014969921670854092,2.106886863708496,0.14299777150154114,,,,,,,,,,,,,,,
,0.00028393777153374575,9389,,,,,,,,,,,,,,,,,,,,,,,,,,,,,,
13,,9389,0.06279681622982025,0.030194971710443497,0.3494333326816559,0.004879108630120754,0.07577047497034073,0.012802214361727238,0.19620607793331146,0.011318342760205269,0.14672742784023285,0.050872255116701126,0.2284533977508545,0.4990938901901245,0.001291442196816206,2.101302146911621,0.19618108868598938,,,,,,,,,,,,,,,
,0.00028387919746569306,9399,,,,,,,,,,,,,,,,,,,,,,,,,,,,,,
13,,9399,0.05588147044181824,0.017645753920078278,0.3450484573841095,0.004596499260514975,0.07272928208112717,0.016374388709664345,0.19875361025333405,0.009130946360528469,0.10296890884637833,0.051975272595882416,0.2170926183462143,0.4431774318218231,0.001136171747930348,2.0925421714782715,0.19852860271930695,,,,,,,,,,,,,,,
,0.00028382052285532653,9409,,,,,,,,,,,,,,,,,,,,,,,,,,,,,,
13,,9409,0.10382955521345139,0.02701479382812977,0.3188210427761078,0.0008297114982269704,0.07218512147665024,0.012394262477755547,0.1991613805294037,0.010440182872116566,0.2482021003961563,0.050506219267845154,0.22830906510353088,0.5898736715316772,0.0028532857540994883,2.1129345893859863,0.13969974219799042,,,,,,,,,,,,,,,
,0.0002837617477467103,9419,,,,,,,,,,,,,,,,,,,,,,,,,,,,,,
13,,9419,0.08856616169214249,0.024267088621854782,0.2739003002643585,0.0030685081146657467,0.07932393252849579,0.010927736759185791,0.18428683280944824,0.011789881624281406,0.1447611004114151,0.0704817920923233,0.227639302611351,0.47215673327445984,0.0003054848639294505,2.133373737335205,0.16201671957969666,,,,,,,,,,,,,,,
,0.0002837028721839841,9429,,,,,,,,,,,,,,,,,,,,,,,,,,,,,,
13,,9429,0.09049656242132187,0.03084876947104931,0.374847412109375,0.006621818523854017,0.06717592477798462,0.009426590986549854,0.20216621458530426,0.012228296138346195,0.11236550658941269,0.06987416744232178,0.24834896624088287,0.48631978034973145,0.0023702592588961124,2.118790626525879,0.16830705106258392,,,,,,,,,,,,,,,
,0.00028364389621136297,9439,,,,,,,,,,,,,,,,,,,,,,,,,,,,,,
13,,9439,0.06671633571386337,0.0457581952214241,0.33501556515693665,0.004834309685975313,0.08590569347143173,0.006430635694414377,0.23018062114715576,0.012893794104456902,0.17135219275951385,0.05384240671992302,0.23675157129764557,0.5515296459197998,0.015872115269303322,2.1250786781311035,0.18915830552577972,,,,,,,,,,,,,,,
,0.0002835848198731375,9449,,,,,,,,,,,,,,,,,,,,,,,,,,,,,,
13,,9449,0.0781717523932457,0.04338293895125389,0.3467382490634918,0.008388702757656574,0.09525532275438309,0.013188844546675682,0.23331592977046967,0.010330649092793465,0.17073889076709747,0.04197370260953903,0.2193622589111328,0.5406479239463806,0.003080683760344982,2.130735158920288,0.16247546672821045,,,,,,,,,,,,,,,
,0.00028352564321367364,9459,,,,,,,,,,,,,,,,,,,,,,,,,,,,,,
13,,9459,0.10337334871292114,0.05022915080189705,0.44307735562324524,0.005461355671286583,0.09945721924304962,0.030879180878400803,0.3348514437675476,0.01594051904976368,0.3274165689945221,0.03695039823651314,0.2413761168718338,0.8091621398925781,0.0065823206678032875,2.144031286239624,0.23741772770881653,,,,,,,,,,,,,,,
,0.00028346636627741255,9469,,,,,,,,,,,,,,,,,,,,,,,,,,,,,,
13,,9469,0.10046331584453583,0.03771008923649788,0.3467597961425781,0.006467689760029316,0.07524228096008301,0.024100087583065033,0.23507286608219147,0.013093646615743637,0.19415205717086792,0.04618469625711441,0.22752174735069275,0.5705980062484741,0.0010762076126411557,2.071396589279175,0.1480128914117813,,,,,,,,,,,,,,,
,0.00028340698910887086,9479,,,,,,,,,,,,,,,,,,,,,,,,,,,,,,
13,,9479,0.07296348363161087,0.02470882423222065,0.37890204787254333,0.002922464394941926,0.05639719218015671,0.01535473670810461,0.19193367660045624,0.011041662655770779,0.10892625898122787,0.08559942990541458,0.2408525049686432,0.4707573652267456,0.0027171149849891663,2.1212832927703857,0.18114489316940308,,,,,,,,,,,,,,,
,0.0002833475117526404,9489,,,,,,,,,,,,,,,,,,,,,,,,,,,,,,
13,,9489,0.06098392233252525,0.03489243984222412,0.29411086440086365,0.0039729769341647625,0.0647207647562027,0.015264924615621567,0.19073647260665894,0.0074827903881669044,0.09722679108381271,0.05383126810193062,0.17226552963256836,0.3918314576148987,0.001902995747514069,2.156374216079712,0.1151304543018341,,,,,,,,,,,,,,,
,0.0002832879342533881,9499,,,,,,,,,,,,,,,,,,,,,,,,,,,,,,
13,,9499,0.06501270085573196,0.035555243492126465,0.2709401249885559,0.0037302884738892317,0.06816771626472473,0.004532866645604372,0.2033815234899521,0.011589563451707363,0.14923277497291565,0.04237095266580582,0.2105342149734497,0.4560140073299408,0.0028933880385011435,2.0762884616851807,0.13980428874492645,,,,,,,,,,,,,,,
,0.0002832282566558564,9509,,,,,,,,,,,,,,,,,,,,,,,,,,,,,,
13,,9509,0.06246564909815788,0.02604079246520996,0.23608283698558807,0.004491132218390703,0.06932617723941803,0.012063806876540184,0.1633864790201187,0.010743262246251106,0.24693270027637482,0.08499102294445038,0.2422742247581482,0.5425497889518738,0.0012262979289516807,2.1179943084716797,0.1375628560781479,,,,,,,,,,,,,,,
,0.0002831684790048626,9519,,,,,,,,,,,,,,,,,,,,,,,,,,,,,,
13,,9519,0.06979815661907196,0.03105025738477707,0.3606607913970947,0.006283145397901535,0.0992017462849617,0.007228231057524681,0.21655167639255524,0.009875352494418621,0.1723063886165619,0.06869419664144516,0.2439478635787964,0.5496291518211365,0.003960759844630957,2.07763409614563,0.20013312995433807,,,,,,,,,,,,,,,
,0.00028310860134529947,9529,,,,,,,,,,,,,,,,,,,,,,,,,,,,,,
13,,9529,0.09584017097949982,0.038558438420295715,0.35164591670036316,0.00436143996194005,0.08758438378572464,0.01909950003027916,0.2623176574707031,0.016996651887893677,0.21588240563869476,0.05248742178082466,0.22656233608722687,0.6117371916770935,0.0026614535599946976,2.0756638050079346,0.17595714330673218,,,,,,,,,,,,,,,
,0.0002830486237221345,9539,,,,,,,,,,,,,,,,,,,,,,,,,,,,,,
13,,9539,0.04366587847471237,0.04773223400115967,0.409782350063324,0.007913708686828613,0.0869700089097023,0.011833850294351578,0.2385510355234146,0.015856776386499405,0.19174164533615112,0.061464108526706696,0.21091149747371674,0.5760628581047058,0.0023133219219744205,2.1200144290924072,0.18559227883815765,,,,,,,,,,,,,,,
,0.00028298854618041055,9549,,,,,,,,,,,,,,,,,,,,,,,,,,,,,,
13,,9549,0.09088059514760971,0.02779301069676876,0.2844368517398834,0.0024082877207547426,0.0789111778140068,0.016537733376026154,0.23272265493869781,0.014775503426790237,0.21905669569969177,0.05338512361049652,0.2094041109085083,0.5622391700744629,0.0015412787906825542,2.1480188369750977,0.15500979125499725,,,,,,,,,,,,,,,
,0.00028292836876524544,9559,,,,,,,,,,,,,,,,,,,,,,,,,,,,,,
13,,9559,0.05690358951687813,0.033470191061496735,0.3005593419075012,0.0012749121524393559,0.08110886067152023,0.008685959503054619,0.18283994495868683,0.015057922340929508,0.11485973745584488,0.04006534442305565,0.2027980387210846,0.4380214512348175,0.0012641862267628312,2.080214738845825,0.18885809183120728,,,,,,,,,,,,,,,
,0.00028286809152183197,9569,,,,,,,,,,,,,,,,,,,,,,,,,,,,,,
13,,9569,0.04665200412273407,0.05024860054254532,0.4100482165813446,0.0031171771697700024,0.08304126560688019,0.00477769086137414,0.2731251120567322,0.0153982974588871,0.16315455734729767,0.06144033744931221,0.24987976253032684,0.5484194755554199,0.0012322089169174433,2.042346715927124,0.16151638329029083,,,,,,,,,,,,,,,
,0.00028280771449543785,9579,,,,,,,,,,,,,,,,,,,,,,,,,,,,,,
13,,9579,0.0778208002448082,0.034481097012758255,0.3055284917354584,0.010397461242973804,0.08675114065408707,0.018377061933279037,0.1710432469844818,0.01158551499247551,0.16654850542545319,0.07525051385164261,0.2242400050163269,0.5111095309257507,0.002812713384628296,2.1104776859283447,0.1521042436361313,,,,,,,,,,,,,,,
,0.00028274723773140587,9589,,,,,,,,,,,,,,,,,,,,,,,,,,,,,,
13,,9589,0.09145758301019669,0.05802410468459129,0.46951109170913696,0.003824927844107151,0.08919141441583633,0.005551088135689497,0.35546934604644775,0.013179494068026543,0.2964639961719513,0.09372227638959885,0.2669646143913269,0.7727873921394348,0.005795186851173639,2.1275885105133057,0.20779989659786224,,,,,,,,,,,,,,,
,0.00028268666127515365,9599,,,,,,,,,,,,,,,,,,,,,,,,,,,,,,
13,,9599,0.08638999611139297,0.027976766228675842,0.23054996132850647,0.0009462968446314335,0.057891298085451126,0.01820329762995243,0.20693056285381317,0.012621233239769936,0.1483883261680603,0.06127340719103813,0.201737642288208,0.44515618681907654,0.0007697765249758959,2.105128526687622,0.11344742029905319,,,,,,,,,,,,,,,
,0.00028262598517217355,9609,,,,,,,,,,,,,,,,,,,,,,,,,,,,,,
13,,9609,0.07623161375522614,0.061326246708631516,0.34060442447662354,0.0005997506086714566,0.06995067745447159,0.011713815852999687,0.2801274061203003,0.00971996784210205,0.1483694612979889,0.03582356497645378,0.2123999148607254,0.5090905427932739,0.0025160436052829027,2.1173715591430664,0.13942578434944153,,,,,,,,,,,,,,,
,0.00028256520946803306,9619,,,,,,,,,,,,,,,,,,,,,,,,,,,,,,
13,,9619,0.08622964471578598,0.03877076506614685,0.33719000220298767,0.005763332359492779,0.0724739134311676,0.019608359783887863,0.20096854865550995,0.010219171643257141,0.10269579291343689,0.07377474009990692,0.22381508350372314,0.4709967076778412,0.009240777231752872,2.118698835372925,0.16434502601623535,,,,,,,,,,,,,,,
,0.0002825043342083742,9629,,,,,,,,,,,,,,,,,,,,,,,,,,,,,,
13,,9629,0.07650008797645569,0.036827705800533295,0.3645178973674774,0.006714009679853916,0.08949489146471024,0.018207868561148643,0.27884992957115173,0.0249624140560627,0.23465700447559357,0.07080978900194168,0.2143421322107315,0.6398543119430542,0.006556625943630934,2.1224172115325928,0.16649219393730164,,,,,,,,,,,,,,,
,0.0002824433594389138,9639,,,,,,,,,,,,,,,,,,,,,,,,,,,,,,
13,,9639,0.08583144098520279,0.022933416068553925,0.27438005805015564,0.00394019577652216,0.09215667843818665,0.00932233314961195,0.17028243839740753,0.009212460368871689,0.2405962347984314,0.058236997574567795,0.23901517689228058,0.5765348672866821,0.0015898601850494742,2.058539867401123,0.19994491338729858,,,,,,,,,,,,,,,
,0.0002823822852054436,9649,,,,,,,,,,,,,,,,,,,,,,,,,,,,,,
13,,9649,0.07166177779436111,0.03976375237107277,0.2942228317260742,0.0038041709922254086,0.06369156390428543,0.012419075705111027,0.2075512558221817,0.012883301824331284,0.13658243417739868,0.04467279464006424,0.2076875865459442,0.45678573846817017,0.001803634106181562,2.1093785762786865,0.13150076568126678,,,,,,,,,,,,,,,
,0.00028232111155382985,9659,,,,,,,,,,,,,,,,,,,,,,,,,,,,,,
13,,9659,0.05178246274590492,0.05148400366306305,0.34731101989746094,0.002944057807326317,0.05654634162783623,0.012148525565862656,0.23710255324840546,0.009392453357577324,0.11698514223098755,0.07747863978147507,0.20159222185611725,0.45253798365592957,0.003049438586458564,2.102095365524292,0.1268734633922577,,,,,,,,,,,,,,,
,0.0002822598385300135,9669,,,,,,,,,,,,,,,,,,,,,,,,,,,,,,
13,,9669,0.049884945154190063,0.06107502803206444,0.3160770535469055,0.009838219732046127,0.0625385269522667,0.021047502756118774,0.24283528327941895,0.01026060525327921,0.13305121660232544,0.04521056264638901,0.2147071659564972,0.48100587725639343,0.003584112273529172,2.0885417461395264,0.14495310187339783,,,,,,,,,,,,,,,
,0.0002821984661800101,9679,,,,,,,,,,,,,,,,,,,,,,,,,,,,,,
13,,9679,0.056623753160238266,0.024918533861637115,0.3605353832244873,0.006399320438504219,0.07099881768226624,0.00825989618897438,0.19191491603851318,0.015102350153028965,0.13317127525806427,0.05713542923331261,0.2166910022497177,0.46426260471343994,0.004023607820272446,2.1144182682037354,0.12453069537878036,,,,,,,,,,,,,,,
,0.00028213699454991003,9689,,,,,,,,,,,,,,,,,,,,,,,,,,,,,,
13,,9689,0.048787832260131836,0.045208096504211426,0.35665348172187805,0.007734061684459448,0.06478605419397354,0.012265192344784737,0.2288684993982315,0.009575450792908669,0.12883377075195312,0.05740978568792343,0.23160357773303986,0.4884105324745178,0.004825581330806017,2.0821471214294434,0.17829999327659607,,,,,,,,,,,,,,,
,0.00028207542368587784,9699,,,,,,,,,,,,,,,,,,,,,,,,,,,,,,
13,,9699,0.054782427847385406,0.03737939894199371,0.36191120743751526,0.002671510213986039,0.07195711135864258,0.005915911868214607,0.20822007954120636,0.015562782064080238,0.13236817717552185,0.059289682656526566,0.23281894624233246,0.4754432439804077,0.003233774332329631,2.136758327484131,0.14077043533325195,,,,,,,,,,,,,,,
,0.0002820137536341529,9709,,,,,,,,,,,,,,,,,,,,,,,,,,,,,,
13,,9709,0.09115956723690033,0.028350919485092163,0.25256556272506714,0.015009228140115738,0.04923827201128006,0.018891017884016037,0.18588383495807648,0.006465368904173374,0.1268109828233719,0.04827152192592621,0.1940688043832779,0.4361325800418854,0.0014817301416769624,2.0705649852752686,0.13131633400917053,,,,,,,,,,,,,,,
,0.000281951984441049,9719,,,,,,,,,,,,,,,,,,,,,,,,,,,,,,
13,,9719,0.05951575189828873,0.03624824434518814,0.360818088054657,0.006054578348994255,0.0530921146273613,0.016772789880633354,0.2051490992307663,0.011984193697571754,0.10411233454942703,0.046479374170303345,0.21509955823421478,0.44312581419944763,0.003179709892719984,2.0790412425994873,0.14117956161499023,,,,,,,,,,,,,,,
,0.0002818901161529543,9729,,,,,,,,,,,,,,,,,,,,,,,,,,,,,,
13,,9729,0.06434867531061172,0.033595163375139236,0.32254156470298767,0.0013614677591249347,0.056266479194164276,0.0139283062890172,0.2003813236951828,0.017455125227570534,0.11755944043397903,0.0409633032977581,0.18832305073738098,0.4595126509666443,0.007935699075460434,2.1057329177856445,0.192969411611557,,,,,,,,,,,,,,,
13,,9729,,,,,,,,,,,,,,,,0.1726539582014084,0.040541015565395355,0.270308256149292,0.0073890346102416515,0.057332221418619156,0.0016413844423368573,0.14585687220096588,0.029071886092424393,0.17742158472537994,0.062268324196338654,0.1670496016740799,0.5373561978340149,0.00910276547074318,2.1379592418670654,0.12122324109077454
,0.00028182814881633146,9739,,,,,,,,,,,,,,,,,,,,,,,,,,,,,,
14,,9739,0.12455553561449051,0.02783387340605259,0.2488499879837036,0.0014828033745288849,0.05636676400899887,0.010613342747092247,0.1773473620414734,0.010707173496484756,0.12043854594230652,0.07075101137161255,0.1977926343679428,0.42832666635513306,0.0021565977949649096,2.098130941390991,0.10522951185703278,,,,,,,,,,,,,,,
,0.00028176608247771755,9749,,,,,,,,,,,,,,,,,,,,,,,,,,,,,,
14,,9749,0.04843208193778992,0.026789097115397453,0.24395893514156342,0.0025526501704007387,0.05813581869006157,0.010311619378626347,0.14711438119411469,0.01495400257408619,0.13812609016895294,0.058782342821359634,0.1924004852771759,0.4260159134864807,0.015585342422127724,2.071674108505249,0.1430422067642212,,,,,,,,,,,,,,,
,0.00028170391718372384,9759,,,,,,,,,,,,,,,,,,,,,,,,,,,,,,
14,,9759,0.06391554325819016,0.08817923814058304,0.4032435119152069,0.00494273891672492,0.07693400979042053,0.011593851260840893,0.2525162994861603,0.011281004175543785,0.11379603296518326,0.048181843012571335,0.23783068358898163,0.5107308626174927,0.0019602712709456682,2.150050401687622,0.15865111351013184,,,,,,,,,,,,,,,
,0.0002816416529810361,9769,,,,,,,,,,,,,,,,,,,,,,,,,,,,,,
14,,9769,0.0790550485253334,0.05772308632731438,0.2795356512069702,0.008245970122516155,0.06404343247413635,0.0075399246998131275,0.22559107840061188,0.013695896603167057,0.16447505354881287,0.10100395232439041,0.19124384224414825,0.5043125152587891,0.003083472140133381,2.124377727508545,0.1291888803243637,,,,,,,,,,,,,,,
,0.0002815792899164143,9779,,,,,,,,,,,,,,,,,,,,,,,,,,,,,,
14,,9779,0.10629425197839737,0.05852650851011276,0.3650760352611542,0.0033342766109853983,0.06383003294467926,0.01822989247739315,0.2506439685821533,0.010703666135668755,0.11559181660413742,0.0502605102956295,0.24319340288639069,0.5249051451683044,0.006047747563570738,2.069932460784912,0.19745281338691711,,,,,,,,,,,,,,,
,0.0002815168280366926,9789,,,,,,,,,,,,,,,,,,,,,,,,,,,,,,
14,,9789,0.0575568750500679,0.033552974462509155,0.3628564476966858,0.0022130231373012066,0.06342637538909912,0.008861571550369263,0.18255695700645447,0.010011229664087296,0.12242291867733002,0.03690934181213379,0.20313382148742676,0.4507608115673065,0.001333986409008503,2.1187353134155273,0.17211103439331055,,,,,,,,,,,,,,,
,0.00028145426738877946,9799,,,,,,,,,,,,,,,,,,,,,,,,,,,,,,
14,,9799,0.07146495580673218,0.03568219020962715,0.31762823462486267,0.008246006444096565,0.07332971692085266,0.016252664849162102,0.2112998366355896,0.009297451004385948,0.1238587275147438,0.08594681322574615,0.22658872604370117,0.48555439710617065,0.008676199242472649,2.1406378746032715,0.1756291687488556,,,,,,,,,,,,,,,
,0.00028139160801965744,9809,,,,,,,,,,,,,,,,,,,,,,,,,,,,,,
14,,9809,0.07870741188526154,0.026424866169691086,0.3768484592437744,0.004529708065092564,0.08339542150497437,0.013050170615315437,0.2512984573841095,0.015554727986454964,0.14385132491588593,0.061784762889146805,0.25479477643966675,0.5568497180938721,0.017107315361499786,2.130420207977295,0.20801055431365967,,,,,,,,,,,,,,,
,0.00028132884997638335,9819,,,,,,,,,,,,,,,,,,,,,,,,,,,,,,
14,,9819,0.05113720893859863,0.03828391060233116,0.448483407497406,0.0060806856490671635,0.0907619521021843,0.05321839079260826,0.2801949083805084,0.010806061327457428,0.11997871100902557,0.07034369558095932,0.2480815351009369,0.556148111820221,0.001276718801818788,2.079746961593628,0.2102082371711731,,,,,,,,,,,,,,,
,0.000281265993306088,9829,,,,,,,,,,,,,,,,,,,,,,,,,,,,,,
14,,9829,0.0694432407617569,0.040012504905462265,0.2953687906265259,0.002787982113659382,0.058465879410505295,0.013479626737535,0.17205777764320374,0.008584091439843178,0.11801013350486755,0.058005135506391525,0.21492275595664978,0.4322836697101593,0.012314788065850735,2.0917165279388428,0.11731123179197311,,,,,,,,,,,,,,,
,0.00028120303805597623,9839,,,,,,,,,,,,,,,,,,,,,,,,,,,,,,
14,,9839,0.058557573705911636,0.07381892949342728,0.28899258375167847,0.0010205000871792436,0.07463385164737701,0.06516971439123154,0.2189832329750061,0.006085513159632683,0.155239537358284,0.04497992619872093,0.21543100476264954,0.5106037259101868,0.0014246260980144143,2.1309542655944824,0.15169034898281097,,,,,,,,,,,,,,,
,0.00028113998427332703,9849,,,,,,,,,,,,,,,,,,,,,,,,,,,,,,
14,,9849,0.07438170909881592,0.030065130442380905,0.286183625459671,0.003416340798139572,0.060631655156612396,0.009660731069743633,0.17786337435245514,0.006466616876423359,0.12846340239048004,0.044171545654535294,0.20698182284832,0.4433515965938568,0.00947004184126854,2.0841734409332275,0.1599566787481308,,,,,,,,,,,,,,,
,0.00028107683200549337,9859,,,,,,,,,,,,,,,,,,,,,,,,,,,,,,
14,,9859,0.04066365584731102,0.02671903185546398,0.32695823907852173,0.0035387782845646143,0.05877086892724037,0.016597378998994827,0.1801733821630478,0.008132614195346832,0.10526391118764877,0.05945104733109474,0.1928621381521225,0.4068724513053894,0.009351450018584728,2.0929980278015137,0.1198464035987854,,,,,,,,,,,,,,,
,0.0002810135812999021,9869,,,,,,,,,,,,,,,,,,,,,,,,,,,,,,
14,,9869,0.08610881119966507,0.03263603895902634,0.34047362208366394,0.006314544938504696,0.08004740625619888,0.01782071404159069,0.2025379091501236,0.013257056474685669,0.1490938812494278,0.06148647889494896,0.26137393712997437,0.5228403210639954,0.003239676356315613,2.1018924713134766,0.17209944128990173,,,,,,,,,,,,,,,
,0.0002809502322040541,9879,,,,,,,,,,,,,,,,,,,,,,,,,,,,,,
14,,9879,0.04580572992563248,0.08219621330499649,0.4543723464012146,0.010276859626173973,0.06045423075556755,0.009642562828958035,0.29131603240966797,0.009894603863358498,0.11329619586467743,0.057054463773965836,0.25730040669441223,0.5413272976875305,0.010081944055855274,2.037715435028076,0.17634189128875732,,,,,,,,,,,,,,,
,0.00028088678476552393,9889,,,,,,,,,,,,,,,,,,,,,,,,,,,,,,
14,,9889,0.0638674721121788,0.039567191153764725,0.3566112816333771,0.006530387327075005,0.05850695073604584,0.005099032539874315,0.18512818217277527,0.005049552768468857,0.10961546748876572,0.04409980773925781,0.2347312867641449,0.4496573507785797,0.0005417853244580328,2.0955028533935547,0.1871887892484665,,,,,,,,,,,,,,,
,0.0002808232390319604,9899,,,,,,,,,,,,,,,,,,,,,,,,,,,,,,
14,,9899,0.09297957271337509,0.025341639295220375,0.25164252519607544,0.003551750211045146,0.07713394612073898,0.02407597191631794,0.20930901169776917,0.022401712834835052,0.16010123491287231,0.05763712152838707,0.2206767499446869,0.5070430040359497,0.004393260460346937,2.153890371322632,0.1601540893316269,,,,,,,,,,,,,,,
,0.0002807595950510857,9909,,,,,,,,,,,,,,,,,,,,,,,,,,,,,,
14,,9909,0.07382935285568237,0.03463483601808548,0.26040008664131165,0.0023215054534375668,0.06601162254810333,0.01854553632438183,0.2145724594593048,0.017167776823043823,0.15476524829864502,0.0637020543217659,0.21342837810516357,0.4833241105079651,0.0006891297525726259,2.036987543106079,0.1594400554895401,,,,,,,,,,,,,,,
,0.0002806958528706961,9919,,,,,,,,,,,,,,,,,,,,,,,,,,,,,,
14,,9919,0.06438668072223663,0.08043979853391647,0.37745431065559387,0.005091048777103424,0.08113802224397659,0.009124700911343098,0.28037557005882263,0.009367017075419426,0.07010103017091751,0.03735931217670441,0.21169432997703552,0.460369735956192,0.001681456109508872,2.0954174995422363,0.17880037426948547,,,,,,,,,,,,,,,
,0.0002806320125386615,9929,,,,,,,,,,,,,,,,,,,,,,,,,,,,,,
14,,9929,0.032491348683834076,0.08357434719800949,0.40469327569007874,0.0056215981021523476,0.06751862168312073,0.0072794086299836636,0.25511234998703003,0.008001717738807201,0.08076982945203781,0.023644035682082176,0.22550669312477112,0.44143620133399963,0.0018547613872215152,2.086092233657837,0.13719841837882996,,,,,,,,,,,,,,,
,0.0002805680741029255,9939,,,,,,,,,,,,,,,,,,,,,,,,,,,,,,
14,,9939,0.08335206657648087,0.0314730741083622,0.2825455963611603,0.004006941802799702,0.07085706293582916,0.007506638765335083,0.18454644083976746,0.012392707169055939,0.20228642225265503,0.07020433247089386,0.20137372612953186,0.5261275172233582,0.0009423128794878721,2.144798517227173,0.16353531181812286,,,,,,,,,,,,,,,
,0.0002805040376115055,9949,,,,,,,,,,,,,,,,,,,,,,,,,,,,,,
14,,9949,0.10220117121934891,0.051794663071632385,0.3013729751110077,0.004880731925368309,0.09719236195087433,0.012990464456379414,0.20571331679821014,0.011634288355708122,0.2677060067653656,0.060806214809417725,0.22064641118049622,0.6477760076522827,0.001185508444905281,2.1020774841308594,0.21555761992931366,,,,,,,,,,,,,,,
,0.00028043990311249224,9959,,,,,,,,,,,,,,,,,,,,,,,,,,,,,,
14,,9959,0.08251078426837921,0.03932368755340576,0.39337608218193054,0.0013168036239221692,0.09171513468027115,0.015348927117884159,0.28965213894844055,0.015681086108088493,0.1608024686574936,0.07620231807231903,0.22631168365478516,0.5697321891784668,0.0025499172043055296,2.1239335536956787,0.18225091695785522,,,,,,,,,,,,,,,
,0.0002803756706540505,9969,,,,,,,,,,,,,,,,,,,,,,,,,,,,,,
14,,9969,0.06397821009159088,0.04797108843922615,0.27246078848838806,0.003560634795576334,0.08587835729122162,0.010020083747804165,0.2486700713634491,0.01994650438427925,0.1425025761127472,0.07790430635213852,0.2054460346698761,0.4852113723754883,0.0027323064859956503,2.1677935123443604,0.14043858647346497,,,,,,,,,,,,,,,
,0.00028031134028441826,9979,,,,,,,,,,,,,,,,,,,,,,,,,,,,,,
14,,9979,0.054874591529369354,0.04080410674214363,0.35847237706184387,0.0033879298716783524,0.052297014743089676,0.012192963622510433,0.2196062058210373,0.0070023140870034695,0.10000380128622055,0.04684238135814667,0.22041262686252594,0.43569430708885193,0.009792734868824482,2.06191349029541,0.13008558750152588,,,,,,,,,,,,,,,
,0.00028024691205190725,9989,,,,,,,,,,,,,,,,,,,,,,,,,,,,,,
14,,9989,0.04755058512091637,0.07009223848581314,0.3528745770454407,0.00503962766379118,0.06634223461151123,0.009269432164728642,0.24021576344966888,0.009255249984562397,0.07788806408643723,0.05330361798405647,0.21487781405448914,0.43521079421043396,0.006835483480244875,2.1128551959991455,0.1542416512966156,,,,,,,,,,,,,,,
,0.0002801823860049025,9999,,,,,,,,,,,,,,,,,,,,,,,,,,,,,,
14,,9999,0.07241494953632355,0.05080006271600723,0.2831861972808838,0.0017567055765539408,0.07682766020298004,0.011196287348866463,0.20827826857566833,0.01122781541198492,0.15938715636730194,0.06433554738759995,0.23464280366897583,0.5037736296653748,0.0027729906141757965,2.0931341648101807,0.17897352576255798,,,,,,,,,,,,,,,
,0.00028011776219186266,10009,,,,,,,,,,,,,,,,,,,,,,,,,,,,,,
14,,10009,0.08184559643268585,0.027043037116527557,0.2792631685733795,0.002356712007895112,0.07681135088205338,0.009665391407907009,0.19710001349449158,0.02086789347231388,0.14647218585014343,0.07528495043516159,0.21217696368694305,0.48950594663619995,0.0013062544167041779,2.1425282955169678,0.18648415803909302,,,,,,,,,,,,,,,
,0.0002800530406613198,10019,,,,,,,,,,,,,,,,,,,,,,,,,,,,,,
14,,10019,0.091819167137146,0.034715306013822556,0.3482559323310852,0.006593890953809023,0.08178471028804779,0.006174251437187195,0.2184513360261917,0.010225126519799232,0.14939254522323608,0.05069853365421295,0.21317701041698456,0.5160618424415588,0.004007253795862198,2.110158920288086,0.1772807091474533,,,,,,,,,,,,,,,
,0.0002799882214618792,10029,,,,,,,,,,,,,,,,,,,,,,,,,,,,,,
14,,10029,0.10615933686494827,0.05943666771054268,0.3918023109436035,0.002867724047973752,0.11253635585308075,0.03683613985776901,0.27843454480171204,0.010745294392108917,0.33200106024742126,0.05586927384138107,0.2143300473690033,0.7738140225410461,0.001897177193313837,2.1015784740448,0.2150018960237503,,,,,,,,,,,,,,,
,0.00027992330464221977,10039,,,,,,,,,,,,,,,,,,,,,,,,,,,,,,
14,,10039,0.08140984922647476,0.07052084803581238,0.3267098069190979,0.0019060518825426698,0.07379525154829025,0.008278110064566135,0.27730146050453186,0.01093677245080471,0.132939875125885,0.039530713111162186,0.22196000814437866,0.5011165738105774,0.0011888900771737099,2.140705108642578,0.14994631707668304,,,,,,,,,,,,,,,
,0.00027985829025109347,10049,,,,,,,,,,,,,,,,,,,,,,,,,,,,,,
14,,10049,0.08577965945005417,0.02666100114583969,0.37141650915145874,0.0011352834990248084,0.08836482465267181,0.008398205041885376,0.2716568112373352,0.005916735157370567,0.15029197931289673,0.08909212797880173,0.25125065445899963,0.5385639667510986,0.0007038304465822875,2.108837127685547,0.19239497184753418,,,,,,,,,,,,,,,
,0.00027979317833732567,10059,,,,,,,,,,,,,,,,,,,,,,,,,,,,,,
14,,10059,0.06290688365697861,0.0722728744149208,0.39295220375061035,0.004453812725841999,0.052331384271383286,0.013031930662691593,0.25557371973991394,0.015293166972696781,0.09032437205314636,0.07709533721208572,0.21902139484882355,0.4692237675189972,0.0037608658894896507,2.120352268218994,0.12760812044143677,,,,,,,,,,,,,,,
,0.00027972796894981493,10069,,,,,,,,,,,,,,,,,,,,,,,,,,,,,,
14,,10069,0.07180453091859818,0.024313699454069138,0.28244706988334656,0.003496990306302905,0.061657752841711044,0.017755616456270218,0.20587022602558136,0.013867844827473164,0.1346597969532013,0.05391337722539902,0.20675769448280334,0.45856714248657227,0.006551467813551426,2.1329798698425293,0.14810267090797424,,,,,,,,,,,,,,,
,0.00027966266213753303,10079,,,,,,,,,,,,,,,,,,,,,,,,,,,,,,
14,,10079,0.09155672788619995,0.04733375087380409,0.2930857837200165,0.004001563414931297,0.07974894344806671,0.023527154698967934,0.20899444818496704,0.020982740446925163,0.20912419259548187,0.07534927874803543,0.2418232411146164,0.5821298360824585,0.001338074915111065,2.0780410766601562,0.1680973619222641,,,,,,,,,,,,,,,
,0.00027959725794952494,10089,,,,,,,,,,,,,,,,,,,,,,,,,,,,,,
14,,10089,0.0848943442106247,0.04020971432328224,0.3131682276725769,0.0023625961039215326,0.06709901243448257,0.008810742758214474,0.20003414154052734,0.011049212887883186,0.12342233210802078,0.06663170456886292,0.2159765660762787,0.4591470956802368,0.005959456320852041,2.082024097442627,0.13164407014846802,,,,,,,,,,,,,,,
,0.00027953175643490876,10099,,,,,,,,,,,,,,,,,,,,,,,,,,,,,,
14,,10099,0.055818986147642136,0.03645455837249756,0.30619561672210693,0.002968045650050044,0.062328822910785675,0.010155095718801022,0.1676272749900818,0.007453460246324539,0.09928372502326965,0.04469745606184006,0.20277580618858337,0.4001462757587433,0.006300690118223429,2.1450119018554688,0.1332133412361145,,,,,,,,,,,,,,,
,0.0002794661576428756,10109,,,,,,,,,,,,,,,,,,,,,,,,,,,,,,
14,,10109,0.15768016874790192,0.02628975361585617,0.2807651162147522,0.006796189118176699,0.09878599643707275,0.01887311041355133,0.21393264830112457,0.012152740731835365,0.3861197531223297,0.04836710914969444,0.23009039461612701,0.7766780853271484,0.003318702569231391,2.0912468433380127,0.17938601970672607,,,,,,,,,,,,,,,
,0.0002794004616226897,10119,,,,,,,,,,,,,,,,,,,,,,,,,,,,,,
14,,10119,0.06637337803840637,0.07544820755720139,0.390048086643219,0.0019466631347313523,0.08316756039857864,0.013612104579806328,0.29577335715293884,0.013578503392636776,0.1489393413066864,0.029222533106803894,0.19159919023513794,0.5387919545173645,0.0027784460689872503,2.070873498916626,0.1564137190580368,,,,,,,,,,,,,,,
,0.00027933466842368826,10129,,,,,,,,,,,,,,,,,,,,,,,,,,,,,,
14,,10129,0.037870220839977264,0.04184470698237419,0.3515986502170563,0.00438952911645174,0.05671584606170654,0.009208858013153076,0.2085188925266266,0.00700301444157958,0.05811326578259468,0.08683095127344131,0.20743320882320404,0.38607919216156006,0.0009787927847355604,2.145085573196411,0.16339199244976044,,,,,,,,,,,,,,,
,0.00027926877809528156,10139,,,,,,,,,,,,,,,,,,,,,,,,,,,,,,
14,,10139,0.08980950713157654,0.0348815880715847,0.35614195466041565,0.0014785929815843701,0.07933242619037628,0.028365232050418854,0.19071999192237854,0.009499059990048409,0.09465586394071579,0.05586414411664009,0.2472975254058838,0.4714611768722534,0.0030718480702489614,2.0831053256988525,0.19173651933670044,,,,,,,,,,,,,,,
,0.0002792027906869528,10149,,,,,,,,,,,,,,,,,,,,,,,,,,,,,,
14,,10149,0.0717325359582901,0.0205910075455904,0.19478441774845123,0.004356285557150841,0.056929949671030045,0.011671707965433598,0.1298207938671112,0.00842228066176176,0.13458532094955444,0.06845095753669739,0.190940260887146,0.3841628134250641,0.0022653101477771997,2.0819153785705566,0.10338792204856873,,,,,,,,,,,,,,,
,0.00027913670624825793,10159,,,,,,,,,,,,,,,,,,,,,,,,,,,,,,
14,,10159,0.05769668519496918,0.03668311983346939,0.28582778573036194,0.002497403882443905,0.04264150187373161,0.011318275704979897,0.18676826357841492,0.012679293751716614,0.08738784492015839,0.03407199680805206,0.17641696333885193,0.369954377412796,0.0015273018507286906,2.182098388671875,0.11062271893024445,,,,,,,,,,,,,,,
,0.00027907052482882593,10169,,,,,,,,,,,,,,,,,,,,,,,,,,,,,,
14,,10169,0.060358740389347076,0.03893638402223587,0.33094650506973267,0.0011831875890493393,0.08312417566776276,0.013054595328867435,0.2077258974313736,0.013485372997820377,0.17003792524337769,0.04979974031448364,0.21920083463191986,0.5191627740859985,0.0019622843246906996,2.067277193069458,0.18968723714351654,,,,,,,,,,,,,,,
,0.0002790042464783586,10179,,,,,,,,,,,,,,,,,,,,,,,,,,,,,,
14,,10179,0.08603036403656006,0.03391913324594498,0.2859900891780853,0.003055877285078168,0.06445544958114624,0.026963379234075546,0.22612959146499634,0.015565815381705761,0.17342880368232727,0.052879638969898224,0.21282082796096802,0.5080024003982544,0.0024234831798821688,2.0906825065612793,0.1150818020105362,,,,,,,,,,,,,,,
,0.00027893787124663055,10189,,,,,,,,,,,,,,,,,,,,,,,,,,,,,,
14,,10189,0.04323257878422737,0.03301619738340378,0.3577633202075958,0.0032766310032457113,0.0669093057513237,0.019101426005363464,0.20294754207134247,0.008112676441669464,0.07286962866783142,0.05672302842140198,0.21626706421375275,0.4042709469795227,0.0009260592632927,2.0533769130706787,0.16052478551864624,,,,,,,,,,,,,,,
,0.000278871399183489,10199,,,,,,,,,,,,,,,,,,,,,,,,,,,,,,
14,,10199,0.08774276077747345,0.029052384197711945,0.3508075177669525,0.00517156021669507,0.07557161897420883,0.011058160103857517,0.22611121833324432,0.01928640529513359,0.2542314827442169,0.07327171415090561,0.2226238250732422,0.6287719011306763,0.004875796847045422,2.1004817485809326,0.16002269089221954,,,,,,,,,,,,,,,
,0.000278804830338854,10209,,,,,,,,,,,,,,,,,,,,,,,,,,,,,,
14,,10209,0.06322678923606873,0.018486790359020233,0.26779279112815857,0.001901349052786827,0.05200833082199097,0.012921154499053955,0.16716991364955902,0.011159796267747879,0.10833024978637695,0.05405430868268013,0.19109556078910828,0.38999783992767334,0.006805595010519028,2.1233036518096924,0.11624161899089813,,,,,,,,,,,,,,,
,0.0002787381647627184,10219,,,,,,,,,,,,,,,,,,,,,,,,,,,,,,
14,,10219,0.061905164271593094,0.0296819806098938,0.2912079691886902,0.0008832050953060389,0.05484643951058388,0.007552065886557102,0.16889698803424835,0.006782641634345055,0.07592836767435074,0.035228364169597626,0.18198491632938385,0.35090309381484985,0.0012930899392813444,2.164105176925659,0.11478308588266373,,,,,,,,,,,,,,,
,0.0002786714025051474,10229,,,,,,,,,,,,,,,,,,,,,,,,,,,,,,
14,,10229,0.05127550661563873,0.03362879902124405,0.3635154664516449,0.007226200308650732,0.054886817932128906,0.013742576353251934,0.19846300780773163,0.015659062191843987,0.10336404293775558,0.05071123316884041,0.24196527898311615,0.4471814036369324,0.004169152583926916,2.1196129322052,0.1413685381412506,,,,,,,,,,,,,,,
,0.00027860454361627906,10239,,,,,,,,,,,,,,,,,,,,,,,,,,,,,,
14,,10239,0.05319983512163162,0.06377311795949936,0.3746729791164398,0.0033780052326619625,0.06932245194911957,0.01041044294834137,0.23222731053829193,0.012070410884916782,0.10391326248645782,0.03712119534611702,0.2392914891242981,0.47572481632232666,0.01203398872166872,2.093409776687622,0.1526631861925125,,,,,,,,,,,,,,,
,0.0002785375881463239,10249,,,,,,,,,,,,,,,,,,,,,,,,,,,,,,
14,,10249,0.05745896324515343,0.03299631550908089,0.2803589999675751,0.006408836226910353,0.06453834474086761,0.011096457950770855,0.19988034665584564,0.0082433195784688,0.1436348557472229,0.04926333203911781,0.19510707259178162,0.44928520917892456,0.0012644577072933316,2.068026542663574,0.15211409330368042,,,,,,,,,,,,,,,
,0.000278470536145565,10259,,,,,,,,,,,,,,,,,,,,,,,,,,,,,,
14,,10259,0.14207874238491058,0.056718334555625916,0.28739044070243835,0.005653844214975834,0.11184915155172348,0.030649371445178986,0.2699105441570282,0.01808580569922924,0.32666924595832825,0.07088367640972137,0.21515601873397827,0.7538392543792725,0.0010768109932541847,2.123687982559204,0.19327077269554138,,,,,,,,,,,,,,,
,0.000278403387664358,10269,,,,,,,,,,,,,,,,,,,,,,,,,,,,,,
14,,10269,0.07812493294477463,0.040633492171764374,0.2920385003089905,0.004429158754646778,0.07629638910293579,0.01014360599219799,0.1851254552602768,0.015784814953804016,0.15422017872333527,0.057189881801605225,0.23567338287830353,0.49033093452453613,0.003116186009719968,2.080275297164917,0.1457091122865677,,,,,,,,,,,,,,,
,0.00027833614275313084,10279,,,,,,,,,,,,,,,,,,,,,,,,,,,,,,
14,,10279,0.07267593592405319,0.025593940168619156,0.3308011591434479,0.0007713715895079076,0.05226179212331772,0.009309819899499416,0.18634502589702606,0.010266385972499847,0.12450649589300156,0.05035530775785446,0.2124243825674057,0.43530187010765076,0.0005354198510758579,2.1368701457977295,0.13020488619804382,,,,,,,,,,,,,,,
,0.000278268801462384,10289,,,,,,,,,,,,,,,,,,,,,,,,,,,,,,
14,,10289,0.08245985209941864,0.02965695783495903,0.250265508890152,0.004693261813372374,0.05770515650510788,0.018034677952528,0.1571318507194519,0.009843864478170872,0.10632628202438354,0.056842558085918427,0.22251833975315094,0.4130326211452484,0.0015073169488459826,2.060771942138672,0.1557762771844864,,,,,,,,,,,,,,,
,0.0002782013638426903,10299,,,,,,,,,,,,,,,,,,,,,,,,,,,,,,
14,,10299,0.046407584100961685,0.03005029633641243,0.27882394194602966,0.002091076923534274,0.07158692181110382,0.010673260316252708,0.2122173309326172,0.014154985547065735,0.12768182158470154,0.04475954920053482,0.20387452840805054,0.43471217155456543,0.0012673047604039311,2.157686948776245,0.15623106062412262,,,,,,,,,,,,,,,
,0.0002781338299446949,10309,,,,,,,,,,,,,,,,,,,,,,,,,,,,,,
14,,10309,0.051068954169750214,0.016855159774422646,0.2358199805021286,0.001448485883884132,0.06522765010595322,0.008240866474807262,0.13522210717201233,0.00903662946075201,0.10265769064426422,0.06222124397754669,0.20618513226509094,0.3670864701271057,0.0037596498150378466,2.1426429748535156,0.14119461178779602,,,,,,,,,,,,,,,
,0.00027806619981911524,10319,,,,,,,,,,,,,,,,,,,,,,,,,,,,,,
14,,10319,0.044680092483758926,0.04729427024722099,0.4090186655521393,0.0039962343871593475,0.07082468271255493,0.007418948691338301,0.20996852219104767,0.007530320901423693,0.08048989623785019,0.030187036842107773,0.22535306215286255,0.4578011631965637,0.01839267462491989,2.200500726699829,0.1997406780719757,,,,,,,,,,,,,,,
,0.0002779984735167411,10329,,,,,,,,,,,,,,,,,,,,,,,,,,,,,,
14,,10329,0.09241245687007904,0.025629380717873573,0.2387528270483017,0.007565286476165056,0.06200556829571724,0.014741024002432823,0.15383239090442657,0.008330346085131168,0.15552765130996704,0.032240599393844604,0.20825880765914917,0.4439423680305481,0.0005963763687759638,2.1570141315460205,0.12007018178701401,,,,,,,,,,,,,,,
,0.0002779306510884345,10339,,,,,,,,,,,,,,,,,,,,,,,,,,,,,,
14,,10339,0.09460067749023438,0.021498903632164,0.2476113736629486,0.006942420732229948,0.058811917901039124,0.013358554802834988,0.181563600897789,0.007916847243905067,0.1474071592092514,0.07174067199230194,0.21596026420593262,0.46608611941337585,0.008806264959275723,2.0598416328430176,0.14701268076896667,,,,,,,,,,,,,,,
,0.00027786273258512947,10349,,,,,,,,,,,,,,,,,,,,,,,,,,,,,,
14,,10349,0.06047716736793518,0.026063840836286545,0.2930836081504822,0.00716956565156579,0.061072658747434616,0.01485469564795494,0.16418851912021637,0.012794025242328644,0.14397907257080078,0.08009381592273712,0.20114348828792572,0.4544033110141754,0.004304046276956797,2.0779922008514404,0.1386067420244217,,,,,,,,,,,,,,,
,0.0002777947180578324,10359,,,,,,,,,,,,,,,,,,,,,,,,,,,,,,
14,,10359,0.03724472224712372,0.12526646256446838,0.3586677312850952,0.0032074793707579374,0.09592530131340027,0.016636596992611885,0.26911330223083496,0.00828624702990055,0.10892093926668167,0.05583087354898453,0.2365628182888031,0.5098528861999512,0.0034022049512714148,2.1637840270996094,0.18147200345993042,,,,,,,,,,,,,,,
,0.0002777266075576217,10369,,,,,,,,,,,,,,,,,,,,,,,,,,,,,,
14,,10369,0.06003905460238457,0.04990043863654137,0.3671971261501312,0.00619650911539793,0.06846991926431656,0.028277087956666946,0.22080889344215393,0.012855973094701767,0.111839160323143,0.07560642063617706,0.2160344123840332,0.480282187461853,0.006027176044881344,2.106776714324951,0.1407281756401062,,,,,,,,,,,,,,,
,0.0002776584011356479,10379,,,,,,,,,,,,,,,,,,,,,,,,,,,,,,
14,,10379,0.07149753719568253,0.045090265572071075,0.3642076849937439,0.0038360783364623785,0.07974307984113693,0.016116613522171974,0.20354025065898895,0.012796656228601933,0.11864416301250458,0.04179136082530022,0.2326340675354004,0.4805407226085663,0.002074076561257243,2.1191232204437256,0.16155964136123657,,,,,,,,,,,,,,,
,0.0002775900988431334,10389,,,,,,,,,,,,,,,,,,,,,,,,,,,,,,
14,,10389,0.06531547755002975,0.05183509364724159,0.3256256580352783,0.0030033476650714874,0.055626723915338516,0.018135761842131615,0.2004721760749817,0.015781007707118988,0.13001355528831482,0.04425734654068947,0.22782915830612183,0.4674511253833771,0.0004492067964747548,2.0739247798919678,0.13942483067512512,,,,,,,,,,,,,,,
,0.00027752170073137286,10399,,,,,,,,,,,,,,,,,,,,,,,,,,,,,,
14,,10399,0.08482697606086731,0.03873302415013313,0.27503836154937744,0.0027016729582101107,0.06767187267541885,0.010038203559815884,0.19495362043380737,0.014493800699710846,0.13086658716201782,0.0727991834282875,0.19904108345508575,0.4593750536441803,0.003717419458553195,2.1499974727630615,0.1525793820619583,,,,,,,,,,,,,,,
,0.0002774532068517327,10409,,,,,,,,,,,,,,,,,,,,,,,,,,,,,,
14,,10409,0.05872635543346405,0.03894076123833656,0.31164905428886414,0.0032772994600236416,0.048602744936943054,0.012867657467722893,0.20263703167438507,0.008666923269629478,0.10096309334039688,0.035851817578077316,0.19518204033374786,0.39777496457099915,0.0010238907998427749,2.0829155445098877,0.1058388203382492,,,,,,,,,,,,,,,
,0.0002773846172556514,10419,,,,,,,,,,,,,,,,,,,,,,,,,,,,,,
14,,10419,0.06496044993400574,0.06385025382041931,0.4253993630409241,0.004502719268202782,0.07264912873506546,0.009148309007287025,0.2537599503993988,0.00797947682440281,0.1019306555390358,0.05447319895029068,0.25685635209083557,0.5019148588180542,0.0027572475373744965,2.118928909301758,0.17795312404632568,,,,,,,,,,,,,,,
14,,10424,,,,,,,,,,,,,,,,0.16614210605621338,0.0319124199450016,0.27622663974761963,0.006086309440433979,0.060735441744327545,0.002069840906187892,0.1303136795759201,0.020122844725847244,0.17631229758262634,0.06675141304731369,0.18303534388542175,0.5263334512710571,0.009907840751111507,2.150909662246704,0.13261039555072784
,0.0002773159319946392,10429,,,,,,,,,,,,,,,,,,,,,,,,,,,,,,
15,,10429,0.059441011399030685,0.04820486158132553,0.29242143034935,0.005506468471139669,0.07141685485839844,0.01666027307510376,0.2153465300798416,0.01124164555221796,0.16058024764060974,0.0557902455329895,0.2052670419216156,0.4907316267490387,0.0015921453014016151,2.1700119972229004,0.15213100612163544,,,,,,,,,,,,,,,
,0.00027724715112027823,10439,,,,,,,,,,,,,,,,,,,,,,,,,,,,,,
15,,10439,0.04649210721254349,0.03023655340075493,0.3307207226753235,0.0018044252647086978,0.054265499114990234,0.008313984610140324,0.1637057214975357,0.00952073186635971,0.08970607072114944,0.03757008537650108,0.19908316433429718,0.38427793979644775,0.0007359723094850779,2.121432065963745,0.14617303013801575,,,,,,,,,,,,,,,
,0.0002771782746842225,10449,,,,,,,,,,,,,,,,,,,,,,,,,,,,,,
15,,10449,0.06102642044425011,0.08803977072238922,0.34979793429374695,0.0023440709337592125,0.07061251252889633,0.0166635662317276,0.23757711052894592,0.008331403136253357,0.11548873037099838,0.05534174293279648,0.21857957541942596,0.4779980182647705,0.004188156686723232,2.0664777755737305,0.13193592429161072,,,,,,,,,,,,,,,
,0.0002771093027381976,10459,,,,,,,,,,,,,,,,,,,,,,,,,,,,,,
15,,10459,0.0775565430521965,0.05418356508016586,0.4394014775753021,0.006209836807101965,0.07665752619504929,0.016626443713903427,0.2549477517604828,0.00891078356653452,0.15195327997207642,0.06721001118421555,0.2646670639514923,0.5885024070739746,0.008486617356538773,2.1048476696014404,0.22146755456924438,,,,,,,,,,,,,,,
,0.00027704023533400114,10469,,,,,,,,,,,,,,,,,,,,,,,,,,,,,,
15,,10469,0.07183699309825897,0.03392926603555679,0.28071704506874084,0.003529090667143464,0.06018238142132759,0.012750971131026745,0.17366822063922882,0.0078051709569990635,0.1066817045211792,0.07191266864538193,0.19216282665729523,0.4165361225605011,0.007336095906794071,2.174039840698242,0.1447370946407318,,,,,,,,,,,,,,,
,0.00027697107252350206,10479,,,,,,,,,,,,,,,,,,,,,,,,,,,,,,
15,,10479,0.06280755251646042,0.03055744059383869,0.31071391701698303,0.0017122304998338223,0.04478143900632858,0.01964770443737507,0.17008735239505768,0.009133865125477314,0.09309037774801254,0.034047842025756836,0.18139082193374634,0.38318437337875366,0.0026739654131233692,2.11029314994812,0.11602211743593216,,,,,,,,,,,,,,,
,0.0002769018143586412,10489,,,,,,,,,,,,,,,,,,,,,,,,,,,,,,
15,,10489,0.07551290839910507,0.035901229828596115,0.3721190094947815,0.003318327246233821,0.06873255968093872,0.007419643923640251,0.20372626185417175,0.010952468030154705,0.07653118669986725,0.054501745849847794,0.21470487117767334,0.4252995252609253,0.0012985332868993282,2.096579074859619,0.155018612742424,,,,,,,,,,,,,,,
,0.00027683246089143094,10499,,,,,,,,,,,,,,,,,,,,,,,,,,,,,,
15,,10499,0.06946273148059845,0.03909715637564659,0.3606392741203308,0.00405854033306241,0.09010200202465057,0.02858700044453144,0.2072424292564392,0.011729005724191666,0.12904922664165497,0.05163336545228958,0.24159668385982513,0.5001249313354492,0.002513837767764926,2.1229591369628906,0.16506129503250122,,,,,,,,,,,,,,,
,0.00027676301217395533,10509,,,,,,,,,,,,,,,,,,,,,,,,,,,,,,
15,,10509,0.06745103746652603,0.02734406664967537,0.28078481554985046,0.0029398147016763687,0.060774724930524826,0.03824597969651222,0.15242931246757507,0.0060911159962415695,0.11094869673252106,0.0465724878013134,0.21588073670864105,0.41593706607818604,0.0013002866180613637,2.111522912979126,0.1439085155725479,,,,,,,,,,,,,,,
,0.0002766934682583697,10519,,,,,,,,,,,,,,,,,,,,,,,,,,,,,,
15,,10519,0.08322786539793015,0.02206805907189846,0.3428885042667389,0.00603512953966856,0.07666634768247604,0.013153323903679848,0.2032230943441391,0.021696556359529495,0.17509734630584717,0.06010909751057625,0.24227170646190643,0.5500379800796509,0.004371979273855686,2.0984983444213867,0.18503180146217346,,,,,,,,,,,,,,,
,0.0002766238291969011,10529,,,,,,,,,,,,,,,,,,,,,,,,,,,,,,
15,,10529,0.08078073710203171,0.036605577915906906,0.3169776499271393,0.001982503104954958,0.06772293895483017,0.005471702665090561,0.19515393674373627,0.013955487869679928,0.15349970757961273,0.05104908347129822,0.18478044867515564,0.47783178091049194,0.0011971862986683846,2.164745807647705,0.14667482674121857,,,,,,,,,,,,,,,
,0.00027655409504184807,10539,,,,,,,,,,,,,,,,,,,,,,,,,,,,,,
15,,10539,0.07434230297803879,0.02635793387889862,0.340839147567749,0.005600363481789827,0.08220826834440231,0.014733480289578438,0.21144700050354004,0.016559533774852753,0.1521478295326233,0.07354174554347992,0.23618252575397491,0.5179119110107422,0.0021564436610788107,2.1062252521514893,0.17477789521217346,,,,,,,,,,,,,,,
,0.00027648426584558027,10549,,,,,,,,,,,,,,,,,,,,,,,,,,,,,,
15,,10549,0.08828257024288177,0.02767189033329487,0.31030580401420593,0.0038366178050637245,0.08340568095445633,0.028321314603090286,0.1856074184179306,0.01483612135052681,0.12598250806331635,0.07187426835298538,0.21526171267032623,0.4837251603603363,0.0007983130635693669,2.1007440090179443,0.18240782618522644,,,,,,,,,,,,,,,
,0.00027641434166053905,10559,,,,,,,,,,,,,,,,,,,,,,,,,,,,,,
15,,10559,0.10763494670391083,0.05912516266107559,0.2908642292022705,0.00494141923263669,0.05382658913731575,0.01990005187690258,0.2307080626487732,0.015001218765974045,0.1965617835521698,0.05780548229813576,0.20679450035095215,0.5549283623695374,0.006059084553271532,2.069718837738037,0.12174871563911438,,,,,,,,,,,,,,,
,0.00027634432253923695,10569,,,,,,,,,,,,,,,,,,,,,,,,,,,,,,
15,,10569,0.06931822001934052,0.024374404922127724,0.2963857054710388,0.007344825658947229,0.07827963680028915,0.010384101420640945,0.17340341210365295,0.018811093643307686,0.15086863934993744,0.07794495671987534,0.22385567426681519,0.48385486006736755,0.0015379026299342513,2.105703115463257,0.15797384083271027,,,,,,,,,,,,,,,
,0.00027627420853425775,10579,,,,,,,,,,,,,,,,,,,,,,,,,,,,,,
15,,10579,0.06596153229475021,0.03645066171884537,0.299670547246933,0.005835399497300386,0.07011782377958298,0.008016800507903099,0.20121724903583527,0.015427649021148682,0.14158031344413757,0.07515587657690048,0.1884690672159195,0.47001031041145325,0.0024290415458381176,2.1003966331481934,0.154887855052948,,,,,,,,,,,,,,,
,0.00027620399969825667,10589,,,,,,,,,,,,,,,,,,,,,,,,,,,,,,
15,,10589,0.07323198765516281,0.045127060264348984,0.3197239935398102,0.009453907608985901,0.07023081183433533,0.03465873375535011,0.2303440421819687,0.017184097319841385,0.1798342764377594,0.06959889829158783,0.2114686667919159,0.5410807728767395,0.0017321868799626827,2.138845682144165,0.12361878901720047,,,,,,,,,,,,,,,
,0.00027613369608395997,10599,,,,,,,,,,,,,,,,,,,,,,,,,,,,,,
15,,10599,0.05999841168522835,0.028355581685900688,0.2611793577671051,0.002115308539941907,0.05511853098869324,0.01589864306151867,0.14832298457622528,0.009622125886380672,0.09550466388463974,0.054017748683691025,0.19023244082927704,0.37013256549835205,0.0009881681762635708,2.0925543308258057,0.12416079640388489,,,,,,,,,,,,,,,
,0.00027606329774416515,10609,,,,,,,,,,,,,,,,,,,,,,,,,,,,,,
15,,10609,0.060824476182460785,0.04718232899904251,0.3799605965614319,0.002097086748108268,0.07324127107858658,0.02008700557053089,0.2614736258983612,0.010899251326918602,0.11764492839574814,0.07211215049028397,0.2290235459804535,0.4953248202800751,0.002329382812604308,2.065760850906372,0.16245697438716888,,,,,,,,,,,,,,,
,0.00027599280473174096,10619,,,,,,,,,,,,,,,,,,,,,,,,,,,,,,
15,,10619,0.07285519689321518,0.03307796269655228,0.32424116134643555,0.005995670333504677,0.07399757951498032,0.014376930892467499,0.20371393859386444,0.009355437941849232,0.1186576634645462,0.048744406551122665,0.22335901856422424,0.45436686277389526,0.004303463269025087,2.1544437408447266,0.1350790113210678,,,,,,,,,,,,,,,
,0.00027592221709962707,10629,,,,,,,,,,,,,,,,,,,,,,,,,,,,,,
15,,10629,0.062369976192712784,0.041523467749357224,0.3557995557785034,0.004099850542843342,0.07876274734735489,0.012814599089324474,0.22171618044376373,0.010473684407770634,0.14514213800430298,0.041276466101408005,0.2073919177055359,0.503936231136322,0.0034822390880435705,2.1652939319610596,0.19002382457256317,,,,,,,,,,,,,,,
,0.0002758515349008342,10639,,,,,,,,,,,,,,,,,,,,,,,,,,,,,,
15,,10639,0.09446981549263,0.026987887918949127,0.25005632638931274,0.009916736744344234,0.07135572284460068,0.025698566809296608,0.13887399435043335,0.009569725021719933,0.12783154845237732,0.06597898155450821,0.22279402613639832,0.45099925994873047,0.00438432302325964,2.0864930152893066,0.15462557971477509,,,,,,,,,,,,,,,
,0.00027578075818844437,10649,,,,,,,,,,,,,,,,,,,,,,,,,,,,,,
15,,10649,0.06655611097812653,0.04797985404729843,0.33501631021499634,0.005324911326169968,0.05579499527812004,0.007024090271443129,0.19585642218589783,0.006058332975953817,0.10922151803970337,0.05809567868709564,0.21396145224571228,0.43463537096977234,0.0026893687900155783,2.1278650760650635,0.1347828358411789,,,,,,,,,,,,,,,
,0.0002757098870156101,10659,,,,,,,,,,,,,,,,,,,,,,,,,,,,,,
15,,10659,0.07970932871103287,0.027050478383898735,0.3076897859573364,0.00940710585564375,0.06676897406578064,0.013924716971814632,0.1724519580602646,0.012294000945985317,0.11627386510372162,0.04444339498877525,0.17789775133132935,0.4409525692462921,0.004670510534197092,2.1335883140563965,0.15437206625938416,,,,,,,,,,,,,,,
,0.0002756389214355555,10669,,,,,,,,,,,,,,,,,,,,,,,,,,,,,,
15,,10669,0.038668952882289886,0.043478239327669144,0.2917405962944031,0.0025452219415456057,0.053728923201560974,0.011052421294152737,0.1920490264892578,0.0053253271616995335,0.08782805502414703,0.0547044612467289,0.2117445319890976,0.3741283118724823,0.0012397465761750937,2.105720281600952,0.1180558130145073,,,,,,,,,,,,,,,
,0.00027556786150157494,10679,,,,,,,,,,,,,,,,,,,,,,,,,,,,,,
15,,10679,0.06652861833572388,0.035541098564863205,0.30677124857902527,0.00416751392185688,0.0809267908334732,0.024201614782214165,0.21587957441806793,0.012663785368204117,0.15499907732009888,0.08209071308374405,0.2063513547182083,0.5004129409790039,0.002041344763711095,2.124889373779297,0.1571425348520279,,,,,,,,,,,,,,,
,0.0002754967072670339,10689,,,,,,,,,,,,,,,,,,,,,,,,,,,,,,
15,,10689,0.09125358611345291,0.01837829314172268,0.2263738065958023,0.0038019963540136814,0.057259976863861084,0.028045296669006348,0.13827955722808838,0.012093955650925636,0.14853547513484955,0.06698966771364212,0.1976088285446167,0.4493773579597473,0.008825388737022877,2.1218459606170654,0.14250852167606354,,,,,,,,,,,,,,,
,0.0002754254587853689,10699,,,,,,,,,,,,,,,,,,,,,,,,,,,,,,
15,,10699,0.07996955513954163,0.041709236800670624,0.3368834853172302,0.007585912011563778,0.05034612491726875,0.006414627656340599,0.19554303586483002,0.014411699026823044,0.1181231215596199,0.024746138602495193,0.19792507588863373,0.44658273458480835,0.0012659905478358269,2.020728826522827,0.1316196620464325,,,,,,,,,,,,,,,
,0.0002753541161100869,10709,,,,,,,,,,,,,,,,,,,,,,,,,,,,,,
15,,10709,0.09557750076055527,0.036123521625995636,0.31076475977897644,0.008448378182947636,0.05684984102845192,0.00792126078158617,0.2023283988237381,0.015116815455257893,0.1447116583585739,0.05746264010667801,0.20417918264865875,0.4857752025127411,0.0044873422011733055,2.1007487773895264,0.13110996782779694,,,,,,,,,,,,,,,
,0.00027528267929476574,10719,,,,,,,,,,,,,,,,,,,,,,,,,,,,,,
15,,10719,0.10293398052453995,0.023039473220705986,0.28174495697021484,0.001986169023439288,0.07891539484262466,0.01620963215827942,0.17545832693576813,0.01407243125140667,0.2088937610387802,0.04571550711989403,0.21982283890247345,0.5458913445472717,0.0006163736106827855,2.0719985961914062,0.17532050609588623,,,,,,,,,,,,,,,
,0.000275211148393054,10729,,,,,,,,,,,,,,,,,,,,,,,,,,,,,,
15,,10729,0.09248299151659012,0.029313944280147552,0.23799417912960052,0.005008634179830551,0.05329171568155289,0.008609695360064507,0.1621287316083908,0.012805153615772724,0.12911203503608704,0.053425561636686325,0.19307343661785126,0.42617660760879517,0.0032764882780611515,2.08008074760437,0.13940158486366272,,,,,,,,,,,,,,,
,0.0002751395234586708,10739,,,,,,,,,,,,,,,,,,,,,,,,,,,,,,
15,,10739,0.027242427691817284,0.044384948909282684,0.2962265908718109,0.0011558375554159284,0.04802113026380539,0.016083095222711563,0.18214555084705353,0.010498280636966228,0.09016149491071701,0.04832794517278671,0.21265622973442078,0.369676798582077,0.00254338001832366,2.103055477142334,0.09903652966022491,,,,,,,,,,,,,,,
,0.0002750678045454061,10749,,,,,,,,,,,,,,,,,,,,,,,,,,,,,,
15,,10749,0.09450317174196243,0.03581853210926056,0.3092800974845886,0.0027687714900821447,0.0711468830704689,0.017348721623420715,0.2016753852367401,0.014754104427993298,0.16293278336524963,0.059715088456869125,0.22220709919929504,0.5047176480293274,0.0002910638868343085,2.11458683013916,0.13109755516052246,,,,,,,,,,,,,,,
,0.0002749959917071201,10759,,,,,,,,,,,,,,,,,,,,,,,,,,,,,,
15,,10759,0.09689994901418686,0.03980967029929161,0.412526398897171,0.0011621495941653848,0.08141666650772095,0.010376935824751854,0.25281861424446106,0.00936565175652504,0.1966172307729721,0.0654500350356102,0.22865784168243408,0.5953177213668823,0.0018495399272069335,2.0948193073272705,0.17965036630630493,,,,,,,,,,,,,,,
,0.00027492408499774383,10769,,,,,,,,,,,,,,,,,,,,,,,,,,,,,,
15,,10769,0.0691385567188263,0.03050605207681656,0.29661136865615845,0.0008309218101203442,0.05757119879126549,0.016740035265684128,0.1797877848148346,0.007362888194620609,0.11134744435548782,0.04618797451257706,0.18719182908535004,0.4181160628795624,0.007911618798971176,2.1035444736480713,0.1427725851535797,,,,,,,,,,,,,,,
,0.0002748520844712787,10779,,,,,,,,,,,,,,,,,,,,,,,,,,,,,,
15,,10779,0.04648853838443756,0.04120228439569473,0.32912182807922363,0.00333634065464139,0.04880449175834656,0.010372791439294815,0.18054541945457458,0.003615420311689377,0.041571177542209625,0.052375197410583496,0.20281481742858887,0.33792638778686523,0.0028924252837896347,2.1421337127685547,0.123687244951725,,,,,,,,,,,,,,,
,0.00027477999018179653,10789,,,,,,,,,,,,,,,,,,,,,,,,,,,,,,
15,,10789,0.07856354117393494,0.034313466399908066,0.30169475078582764,0.009056941606104374,0.06231491640210152,0.010800819844007492,0.18574784696102142,0.01820438727736473,0.1732802838087082,0.05854048579931259,0.20074698328971863,0.5096823573112488,0.006002569105476141,2.125488519668579,0.144253209233284,,,,,,,,,,,,,,,
,0.0002747078021834397,10799,,,,,,,,,,,,,,,,,,,,,,,,,,,,,,
15,,10799,0.061247535049915314,0.029802322387695312,0.27464020252227783,0.0020886689890176058,0.05134376883506775,0.005979472771286964,0.18108193576335907,0.007309465669095516,0.10626620799303055,0.03650296479463577,0.1817755550146103,0.38530027866363525,0.003229917958378792,2.101567268371582,0.1284751445055008,,,,,,,,,,,,,,,
,0.0002746355205304208,10809,,,,,,,,,,,,,,,,,,,,,,,,,,,,,,
15,,10809,0.06134520843625069,0.03145584091544151,0.30175286531448364,0.002516741631552577,0.04700692370533943,0.009150228463113308,0.18120500445365906,0.006543678231537342,0.1391584724187851,0.026743443682789803,0.1980981081724167,0.41420331597328186,0.0006691013695672154,2.1076159477233887,0.08758429437875748,,,,,,,,,,,,,,,
,0.00027456314527702296,10819,,,,,,,,,,,,,,,,,,,,,,,,,,,,,,
15,,10819,0.06028888002038002,0.02886602096259594,0.30121079087257385,0.0019565201364457607,0.07082131505012512,0.005050126928836107,0.1790730059146881,0.013127458281815052,0.10214904695749283,0.06482141464948654,0.23325417935848236,0.4153686463832855,0.0014480706304311752,2.0858166217803955,0.14420261979103088,,,,,,,,,,,,,,,
,0.00027449067647759937,10829,,,,,,,,,,,,,,,,,,,,,,,,,,,,,,
15,,10829,0.09670198708772659,0.0417233407497406,0.3211115896701813,0.0020379561465233564,0.0762156993150711,0.0090995067730546,0.2098824828863144,0.01813596673309803,0.14812026917934418,0.047052934765815735,0.2306784689426422,0.5131853222846985,0.002167461672797799,2.097210168838501,0.17360654473304749,,,,,,,,,,,,,,,
,0.00027441811418657357,10839,,,,,,,,,,,,,,,,,,,,,,,,,,,,,,
15,,10839,0.08654623478651047,0.03227949142456055,0.3335159420967102,0.002296639373525977,0.07361046224832535,0.017802521586418152,0.2332036793231964,0.014088304713368416,0.13390780985355377,0.050049617886543274,0.2333933413028717,0.49590861797332764,0.0012892645318061113,2.0716302394866943,0.16098660230636597,,,,,,,,,,,,,,,
,0.0002743454584584393,10849,,,,,,,,,,,,,,,,,,,,,,,,,,,,,,
15,,10849,0.05682194605469704,0.0366179384291172,0.31279852986335754,0.007315095979720354,0.0713297501206398,0.021236805245280266,0.1878088265657425,0.01612064242362976,0.152325838804245,0.07572715729475021,0.19211992621421814,0.48799464106559753,0.0030074326787143946,2.039173126220703,0.1571393609046936,,,,,,,,,,,,,,,
,0.00027427270934776054,10859,,,,,,,,,,,,,,,,,,,,,,,,,,,,,,
15,,10859,0.055817339569330215,0.03392120078206062,0.34526965022087097,0.003017013892531395,0.06598299741744995,0.018252283334732056,0.2077319324016571,0.010608118958771229,0.09741184115409851,0.06119951605796814,0.2017764300107956,0.43284809589385986,0.003720829961821437,2.1359708309173584,0.15314051508903503,,,,,,,,,,,,,,,
,0.0002741998669091714,10869,,,,,,,,,,,,,,,,,,,,,,,,,,,,,,
15,,10869,0.02886718139052391,0.02688605897128582,0.30787205696105957,0.006760360673069954,0.05931437015533447,0.004939716774970293,0.18903748691082,0.006417370401322842,0.06652437895536423,0.08893298357725143,0.19716572761535645,0.36667609214782715,0.0031400315929204226,2.199788808822632,0.16317804157733917,,,,,,,,,,,,,,,
,0.0002741269311973759,10879,,,,,,,,,,,,,,,,,,,,,,,,,,,,,,
15,,10879,0.08257286250591278,0.030088113620877266,0.3056851327419281,0.0032397457398474216,0.04934477433562279,0.01860908977687359,0.15148229897022247,0.012942276895046234,0.10239332169294357,0.026803458109498024,0.20659670233726501,0.4084259271621704,0.003006994491443038,2.093762159347534,0.12321719527244568,,,,,,,,,,,,,,,
,0.0002740539022671483,10889,,,,,,,,,,,,,,,,,,,,,,,,,,,,,,
15,,10889,0.08738966286182404,0.0434248186647892,0.32209593057632446,0.00619044853374362,0.0769130066037178,0.016819262877106667,0.23639854788780212,0.013017436489462852,0.2056223750114441,0.056550800800323486,0.20229312777519226,0.561715841293335,0.001565212500281632,2.1063663959503174,0.13982681930065155,,,,,,,,,,,,,,,
,0.00027398078017333284,10899,,,,,,,,,,,,,,,,,,,,,,,,,,,,,,
15,,10899,0.07218560576438904,0.03397741913795471,0.2939833700656891,0.0046370672062039375,0.08089342713356018,0.0165298730134964,0.19056276977062225,0.015309536829590797,0.16292491555213928,0.08190708607435226,0.19816869497299194,0.5072592496871948,0.009390927851200104,2.104398012161255,0.1635640561580658,,,,,,,,,,,,,,,
,0.0002739075649708437,10909,,,,,,,,,,,,,,,,,,,,,,,,,,,,,,
15,,10909,0.05622249096632004,0.024477874860167503,0.26385796070098877,0.004600034561008215,0.05499511584639549,0.004820512142032385,0.1493997871875763,0.009671833366155624,0.10335301607847214,0.0569964274764061,0.1883045732975006,0.3702106773853302,0.0033135749399662018,2.1390769481658936,0.10831017047166824,,,,,,,,,,,,,,,
,0.0002738342567146648,10919,,,,,,,,,,,,,,,,,,,,,,,,,,,,,,
15,,10919,0.07028147578239441,0.06947053223848343,0.306557297706604,0.006654882803559303,0.04537627473473549,0.012903749942779541,0.22026243805885315,0.009479093365371227,0.08730877935886383,0.03673505783081055,0.16585539281368256,0.4013838469982147,0.0027687058318406343,2.087547779083252,0.09577770531177521,,,,,,,,,,,,,,,
,0.0002737608554598503,10929,,,,,,,,,,,,,,,,,,,,,,,,,,,,,,
15,,10929,0.07605712115764618,0.029906664043664932,0.2611190974712372,0.00703662633895874,0.07153523713350296,0.00915223453193903,0.1755240261554718,0.011679895222187042,0.1457446813583374,0.04563804343342781,0.19942209124565125,0.4516696035861969,0.0014746988890692592,2.0691747665405273,0.14778554439544678,,,,,,,,,,,,,,,
,0.0002736873612615239,10939,,,,,,,,,,,,,,,,,,,,,,,,,,,,,,
15,,10939,0.08574941009283066,0.03199842944741249,0.32969194650650024,0.0008186327177099884,0.07228824496269226,0.02214033156633377,0.18931742012500763,0.012821616604924202,0.11888811737298965,0.06933865696191788,0.21519355475902557,0.4566280245780945,0.0018182346830144525,2.1155428886413574,0.12596216797828674,,,,,,,,,,,,,,,
,0.0002736137741748793,10949,,,,,,,,,,,,,,,,,,,,,,,,,,,,,,
15,,10949,0.09286368638277054,0.030554721131920815,0.3539183735847473,0.006307065021246672,0.09616543352603912,0.018794946372509003,0.26214802265167236,0.014099940657615662,0.2689560651779175,0.07527780532836914,0.22259753942489624,0.6716604232788086,0.0012798977550119162,2.0956838130950928,0.20467092096805573,,,,,,,,,,,,,,,
,0.00027354009425517985,10959,,,,,,,,,,,,,,,,,,,,,,,,,,,,,,
15,,10959,0.039096057415008545,0.03352554515004158,0.26455625891685486,0.0073068696074187756,0.05939105525612831,0.007592545356601477,0.14811629056930542,0.009010227397084236,0.07338514924049377,0.046688053756952286,0.22024527192115784,0.35129863023757935,0.0003989599645137787,2.081209659576416,0.14048972725868225,,,,,,,,,,,,,,,
,0.00027346632155775854,10969,,,,,,,,,,,,,,,,,,,,,,,,,,,,,,
15,,10969,0.03404108062386513,0.04425525292754173,0.366399884223938,0.0028466235380619764,0.07148254662752151,0.009053513407707214,0.23533275723457336,0.007123436313122511,0.07946610450744629,0.04132641479372978,0.2001943737268448,0.40883636474609375,0.0008669524686411023,2.0924503803253174,0.1547406166791916,,,,,,,,,,,,,,,
,0.00027339245613801827,10979,,,,,,,,,,,,,,,,,,,,,,,,,,,,,,
15,,10979,0.0580313578248024,0.02416456863284111,0.22976627945899963,0.0031466714572161436,0.04479563608765602,0.01125770341604948,0.13233430683612823,0.010468419641256332,0.07950198650360107,0.048657938838005066,0.1748979091644287,0.3355138301849365,0.0053167520090937614,2.1066181659698486,0.12426337599754333,,,,,,,,,,,,,,,
,0.00027331849805143136,10989,,,,,,,,,,,,,,,,,,,,,,,,,,,,,,
15,,10989,0.049935221672058105,0.03503674641251564,0.30649644136428833,0.0030419030226767063,0.05422022566199303,0.014587231911718845,0.19427452981472015,0.01661905273795128,0.14716215431690216,0.03575481101870537,0.20170137286186218,0.45506995916366577,0.0036228536628186703,2.1150896549224854,0.1285731941461563,,,,,,,,,,,,,,,
,0.0002732444473535398,10999,,,,,,,,,,,,,,,,,,,,,,,,,,,,,,
15,,10999,0.0396491214632988,0.03153711184859276,0.2906961143016815,0.001586665865033865,0.05112014338374138,0.00961092859506607,0.1702762097120285,0.00868469849228859,0.10983768850564957,0.04268127679824829,0.22172193229198456,0.39563652873039246,0.0003026583872269839,2.080785036087036,0.14891789853572845,,,,,,,,,,,,,,,
,0.0002731703040999553,11009,,,,,,,,,,,,,,,,,,,,,,,,,,,,,,
15,,11009,0.06686774641275406,0.022541040554642677,0.2749393880367279,0.004110970534384251,0.05023572966456413,0.02705223113298416,0.17235654592514038,0.008482471108436584,0.10312709212303162,0.06042930483818054,0.20689667761325836,0.4031321704387665,0.003719095140695572,2.0917809009552,0.1304750293493271,,,,,,,,,,,,,,,
,0.00027309606834635864,11019,,,,,,,,,,,,,,,,,,,,,,,,,,,,,,
15,,11019,0.08636835962533951,0.027929620817303658,0.212386354804039,0.004809809383004904,0.04754113778471947,0.011324229650199413,0.1495743989944458,0.008113168179988861,0.10082230716943741,0.020911140367388725,0.1501905918121338,0.343112975358963,0.0030563108157366514,2.119438886642456,0.06707882136106491,,,,,,,,,,,,,,,
,0.00027302174014850046,11029,,,,,,,,,,,,,,,,,,,,,,,,,,,,,,
15,,11029,0.08740141987800598,0.028697120025753975,0.2543942928314209,0.0023976238444447517,0.061448246240615845,0.01127491146326065,0.1669716238975525,0.010968014597892761,0.13921019434928894,0.0678316131234169,0.1909964382648468,0.44169312715530396,0.0026615613605827093,2.1167449951171875,0.14613808691501617,,,,,,,,,,,,,,,
,0.0002729473195622007,11039,,,,,,,,,,,,,,,,,,,,,,,,,,,,,,
15,,11039,0.07526931911706924,0.022505084052681923,0.23672033846378326,0.0031703978311270475,0.045155592262744904,0.017259538173675537,0.1867620348930359,0.013071941211819649,0.12491804361343384,0.04041402041912079,0.19299884140491486,0.4031442403793335,0.0032893435563892126,2.1033058166503906,0.09923556447029114,,,,,,,,,,,,,,,
,0.00027287280664334875,11049,,,,,,,,,,,,,,,,,,,,,,,,,,,,,,
15,,11049,0.10518062114715576,0.03544843941926956,0.33610230684280396,0.009082330390810966,0.08453227579593658,0.007235156372189522,0.2870731055736542,0.021881885826587677,0.2922535240650177,0.03846868500113487,0.24444006383419037,0.6908259391784668,0.0017031354364007711,2.077347755432129,0.157091423869133,,,,,,,,,,,,,,,
,0.0002727982014479032,11059,,,,,,,,,,,,,,,,,,,,,,,,,,,,,,
15,,11059,0.05046801641583443,0.025379450991749763,0.31055304408073425,0.0035559036768972874,0.05721082538366318,0.005985105410218239,0.1888994574546814,0.008428685367107391,0.08825165778398514,0.04922102391719818,0.19212380051612854,0.3958149254322052,0.021137477830052376,2.0907468795776367,0.1185382604598999,,,,,,,,,,,,,,,
,0.000272723504031892,11069,,,,,,,,,,,,,,,,,,,,,,,,,,,,,,
15,,11069,0.08626894652843475,0.025701001286506653,0.23830808699131012,0.0024799485690891743,0.05595698952674866,0.005866583436727524,0.16790087521076202,0.011081546545028687,0.11924996227025986,0.08329284936189651,0.18211966753005981,0.4183860719203949,0.01351851411163807,2.1079647541046143,0.13111059367656708,,,,,,,,,,,,,,,
,0.00027264871445141243,11079,,,,,,,,,,,,,,,,,,,,,,,,,,,,,,
15,,11079,0.08428078144788742,0.03015834465622902,0.30199018120765686,0.004328847862780094,0.04754485562443733,0.019704025238752365,0.1490381509065628,0.009309728629887104,0.12161311507225037,0.040486257523298264,0.20516957342624664,0.4216597080230713,0.0008043883135542274,2.0731148719787598,0.1156606525182724,,,,,,,,,,,,,,,
,0.00027257383276263085,11089,,,,,,,,,,,,,,,,,,,,,,,,,,,,,,
15,,11089,0.0765884593129158,0.0649913027882576,0.42703482508659363,0.0036824869457632303,0.08135933429002762,0.009964685887098312,0.2784441113471985,0.01125339325517416,0.15452764928340912,0.06719239056110382,0.25114962458610535,0.5752668976783752,0.003574874484911561,2.133498191833496,0.18195092678070068,,,,,,,,,,,,,,,
,0.000272498859021783,11099,,,,,,,,,,,,,,,,,,,,,,,,,,,,,,
15,,11099,0.09357302635908127,0.025084951892495155,0.23736287653446198,0.003887616563588381,0.052691325545310974,0.01883986033499241,0.15796059370040894,0.016197508201003075,0.1402423083782196,0.05561922490596771,0.18270185589790344,0.43514782190322876,0.0005408297292888165,2.1144309043884277,0.13094685971736908,,,,,,,,,,,,,,,
,0.00027242379328517343,11109,,,,,,,,,,,,,,,,,,,,,,,,,,,,,,
15,,11109,0.0504252165555954,0.04304065182805061,0.3763962686061859,0.0024334078188985586,0.048318907618522644,0.008185909129679203,0.22874365746974945,0.014092173427343369,0.08964031934738159,0.02948104403913021,0.20519132912158966,0.42338699102401733,0.006263527553528547,2.1347744464874268,0.12263590097427368,,,,,,,,,,,,,,,
,0.0002723486356091762,11119,,,,,,,,,,,,,,,,,,,,,,,,,,,,,,
15,,11119,0.04417587071657181,0.037583716213703156,0.2431899905204773,0.005897144321352243,0.06772160530090332,0.007849662564694881,0.1834733486175537,0.011595282703638077,0.11203132569789886,0.04416239634156227,0.17689406871795654,0.3886888921260834,0.0007725280593149364,2.136908769607544,0.13195815682411194,,,,,,,,,,,,,,,
15,,11119,,,,,,,,,,,,,,,,0.16586437821388245,0.045394089072942734,0.271862655878067,0.007498118560761213,0.055195409804582596,0.002202299190685153,0.14127661287784576,0.021683458238840103,0.19338729977607727,0.064201220870018,0.16838756203651428,0.5458874702453613,0.009703815914690495,2.1255218982696533,0.12479759752750397
,0.00027227338605023395,11129,,,,,,,,,,,,,,,,,,,,,,,,,,,,,,
16,,11129,0.059100016951560974,0.04550481587648392,0.3706413507461548,0.007032569497823715,0.07729613780975342,0.018808873370289803,0.21710695326328278,0.0077708205208182335,0.09893131256103516,0.07187654078006744,0.24616195261478424,0.4741012454032898,0.0023264936171472073,2.1275322437286377,0.18692195415496826,,,,,,,,,,,,,,,
,0.00027219804466485875,11139,,,,,,,,,,,,,,,,,,,,,,,,,,,,,,
16,,11139,0.08864449709653854,0.03014877252280712,0.30731138586997986,0.007767689414322376,0.07301761955022812,0.017771195620298386,0.2045036405324936,0.010602356866002083,0.14593994617462158,0.05479975417256355,0.2162303775548935,0.49272096157073975,0.004759284667670727,2.0706326961517334,0.1511484831571579,,,,,,,,,,,,,,,
,0.0002721226115096313,11149,,,,,,,,,,,,,,,,,,,,,,,,,,,,,,
16,,11149,0.06483276188373566,0.027270875871181488,0.24786555767059326,0.004150619264692068,0.06153199076652527,0.0157245434820652,0.1589633971452713,0.01843835413455963,0.11563263833522797,0.05007733777165413,0.19518397748470306,0.40734797716140747,0.0008539867703802884,2.1354429721832275,0.1368447095155716,,,,,,,,,,,,,,,
,0.00027204708664120146,11159,,,,,,,,,,,,,,,,,,,,,,,,,,,,,,
16,,11159,0.10564900189638138,0.03782614693045616,0.2555120587348938,0.0025065545924007893,0.06573741883039474,0.018828140571713448,0.19692091643810272,0.010278117842972279,0.2748972177505493,0.05649816617369652,0.20004740357398987,0.6018102765083313,0.001811479451134801,2.113372564315796,0.14715132117271423,,,,,,,,,,,,,,,
,0.0002719714701162878,11169,,,,,,,,,,,,,,,,,,,,,,,,,,,,,,
16,,11169,0.0604158379137516,0.027882598340511322,0.3218298852443695,0.002790833357721567,0.05874544754624367,0.008891258388757706,0.18182705342769623,0.012765830382704735,0.1296689510345459,0.07090902328491211,0.18883928656578064,0.4349643588066101,0.0014726825756952167,2.0920262336730957,0.12454366683959961,,,,,,,,,,,,,,,
,0.00027189576199167773,11179,,,,,,,,,,,,,,,,,,,,,,,,,,,,,,
16,,11179,0.045221444219350815,0.02644236758351326,0.2262764871120453,0.009058547206223011,0.03950249403715134,0.012256857939064503,0.15013138949871063,0.006833785213530064,0.09991433471441269,0.04935362935066223,0.17634914815425873,0.343294620513916,0.004030902869999409,2.114955425262451,0.08725552260875702,,,,,,,,,,,,,,,
,0.00027181996232422765,11189,,,,,,,,,,,,,,,,,,,,,,,,,,,,,,
16,,11189,0.04068808630108833,0.03155888617038727,0.2839822471141815,0.0038381631020456553,0.07911406457424164,0.0264266449958086,0.18481242656707764,0.01000293716788292,0.14266231656074524,0.039355941116809845,0.19658437371253967,0.45569056272506714,0.011350659653544426,2.076786518096924,0.15086328983306885,,,,,,,,,,,,,,,
,0.0002717440711708625,11199,,,,,,,,,,,,,,,,,,,,,,,,,,,,,,
16,,11199,0.04113554581999779,0.034701474010944366,0.31978660821914673,0.005971502512693405,0.06538685411214828,0.006172801833599806,0.1726064234972,0.007701286114752293,0.08107998967170715,0.059642598032951355,0.18987195193767548,0.3748110830783844,0.0031723836436867714,2.0991647243499756,0.12332025170326233,,,,,,,,,,,,,,,
,0.00027166808858857596,11209,,,,,,,,,,,,,,,,,,,,,,,,,,,,,,
16,,11209,0.05402412638068199,0.03980380296707153,0.2872239351272583,0.0006350253242999315,0.0524483360350132,0.00950881652534008,0.14839521050453186,0.007746351417154074,0.08107474446296692,0.04059295356273651,0.20520423352718353,0.3626020848751068,0.00014927364827599376,2.0928783416748047,0.1393362134695053,,,,,,,,,,,,,,,
,0.0002715920146344304,11219,,,,,,,,,,,,,,,,,,,,,,,,,,,,,,
16,,11219,0.04891827329993248,0.0316738560795784,0.3035476505756378,0.0008584960596635938,0.04104054346680641,0.014193124137818813,0.15801258385181427,0.008720449171960354,0.09402047097682953,0.0272854994982481,0.19163136184215546,0.3607165217399597,0.00045994145330041647,2.097003698348999,0.09728434681892395,,,,,,,,,,,,,,,
,0.0002715158493655569,11229,,,,,,,,,,,,,,,,,,,,,,,,,,,,,,
16,,11229,0.059707801789045334,0.04573579132556915,0.34127089381217957,0.002647719345986843,0.06146842613816261,0.012896164320409298,0.28075605630874634,0.013554866425693035,0.13189338147640228,0.05104288458824158,0.2200823873281479,0.5063842535018921,0.014012627303600311,2.0817291736602783,0.1668967753648758,,,,,,,,,,,,,,,
,0.0002714395928391549,11239,,,,,,,,,,,,,,,,,,,,,,,,,,,,,,
16,,11239,0.07587695121765137,0.05041860416531563,0.32498303055763245,0.003971201833337545,0.0683797225356102,0.009632691740989685,0.22926925122737885,0.017688915133476257,0.17206773161888123,0.07748393714427948,0.20266930758953094,0.5231524109840393,0.0011660602176561952,2.08343768119812,0.1375756561756134,,,,,,,,,,,,,,,
,0.0002713632451124926,11249,,,,,,,,,,,,,,,,,,,,,,,,,,,,,,
16,,11249,0.053803201764822006,0.019566314294934273,0.29588988423347473,0.0010221106931567192,0.05465210601687431,0.017401712015271187,0.19163154065608978,0.011885495856404305,0.09977398067712784,0.07089348137378693,0.19439494609832764,0.39672836661338806,0.0046446542255580425,2.095374822616577,0.1204075738787651,,,,,,,,,,,,,,,
,0.00027128680624290656,11259,,,,,,,,,,,,,,,,,,,,,,,,,,,,,,
16,,11259,0.053132712841033936,0.04622286185622215,0.39156922698020935,0.009230864234268665,0.07288515567779541,0.009557407349348068,0.231928288936615,0.009116503410041332,0.14954040944576263,0.05578980967402458,0.22602078318595886,0.5164671540260315,0.00455687427893281,2.122770309448242,0.15647178888320923,,,,,,,,,,,,,,,
,0.0002712102762878018,11269,,,,,,,,,,,,,,,,,,,,,,,,,,,,,,
16,,11269,0.08161206543445587,0.03207457438111305,0.3377878963947296,0.011449024081230164,0.06561142951250076,0.012065470218658447,0.22024813294410706,0.008625948801636696,0.1459466516971588,0.0686587393283844,0.1918550431728363,0.5032060742378235,0.0050957598723471165,2.1218647956848145,0.16983021795749664,,,,,,,,,,,,,,,
,0.0002711336553046518,11279,,,,,,,,,,,,,,,,,,,,,,,,,,,,,,
16,,11279,0.07462377101182938,0.02100364863872528,0.25878241658210754,0.001204063300974667,0.056228701025247574,0.0072631267830729485,0.15647417306900024,0.012488226406276226,0.1566476821899414,0.04040520265698433,0.17996487021446228,0.4340837895870209,0.0017702451441437006,2.0870258808135986,0.13254797458648682,,,,,,,,,,,,,,,
,0.0002710569433509984,11289,,,,,,,,,,,,,,,,,,,,,,,,,,,,,,
16,,11289,0.08432082086801529,0.03443930670619011,0.2538512945175171,0.002199932001531124,0.04783114418387413,0.008026883006095886,0.16243872046470642,0.007011536508798599,0.09051168709993362,0.04524936154484749,0.17388397455215454,0.3627875745296478,0.00108105328399688,2.0914502143859863,0.10582232475280762,,,,,,,,,,,,,,,
,0.00027098014048445164,11299,,,,,,,,,,,,,,,,,,,,,,,,,,,,,,
16,,11299,0.06347887963056564,0.034103427082300186,0.3358825445175171,0.003088951576501131,0.07315339148044586,0.016823239624500275,0.20627999305725098,0.015126708894968033,0.17526327073574066,0.0416843555867672,0.22199293971061707,0.5126351118087769,0.0027005451265722513,2.0666635036468506,0.13796290755271912,,,,,,,,,,,,,,,
,0.00027090324676268994,11309,,,,,,,,,,,,,,,,,,,,,,,,,,,,,,
16,,11309,0.08258144557476044,0.024396294727921486,0.21705065667629242,0.0033966503106057644,0.06741048395633698,0.02450847066938877,0.19840563833713531,0.019433651119470596,0.17733706533908844,0.05699698254466057,0.1844194531440735,0.4859233498573303,0.002580635715276003,2.0958411693573,0.14289727807044983,,,,,,,,,,,,,,,
,0.00027082626224346,11319,,,,,,,,,,,,,,,,,,,,,,,,,,,,,,
16,,11319,0.06223278120160103,0.023989826440811157,0.29127487540245056,0.004297036677598953,0.06932737678289413,0.008193054236471653,0.15061400830745697,0.008627766743302345,0.16093547642230988,0.08143861591815948,0.22587846219539642,0.4711912274360657,0.0015066543128341436,2.089275360107422,0.1708536595106125,,,,,,,,,,,,,,,
,0.00027074918698457656,11329,,,,,,,,,,,,,,,,,,,,,,,,,,,,,,
16,,11329,0.06055902689695358,0.030073558911681175,0.29604628682136536,0.005623840726912022,0.07312509417533875,0.012491174973547459,0.21054406464099884,0.013534353114664555,0.1477232277393341,0.04245045781135559,0.19983790814876556,0.4682641625404358,0.0015541933244094253,2.102262020111084,0.15069235861301422,,,,,,,,,,,,,,,
,0.00027067202104392264,11339,,,,,,,,,,,,,,,,,,,,,,,,,,,,,,
16,,11339,0.07111043483018875,0.027085453271865845,0.39699941873550415,0.0031773392111063004,0.0742339938879013,0.015404491685330868,0.2467428296804428,0.007400237023830414,0.12518464028835297,0.028860144317150116,0.23496200144290924,0.49310851097106934,0.0011020716046914458,2.0683982372283936,0.17162378132343292,,,,,,,,,,,,,,,
,0.0002705947644794493,11349,,,,,,,,,,,,,,,,,,,,,,,,,,,,,,
16,,11349,0.06875472515821457,0.030710263177752495,0.36033597588539124,0.003184046596288681,0.07500922679901123,0.010541170835494995,0.229628324508667,0.009220187552273273,0.12003868818283081,0.051137641072273254,0.22182506322860718,0.46640491485595703,0.0020035249181091785,2.1386148929595947,0.14576849341392517,,,,,,,,,,,,,,,
,0.00027051741734917563,11359,,,,,,,,,,,,,,,,,,,,,,,,,,,,,,
16,,11359,0.08396188169717789,0.025522956624627113,0.35393834114074707,0.006950139068067074,0.08186475187540054,0.008623859845101833,0.21032655239105225,0.009997919201850891,0.14530734717845917,0.04196729511022568,0.20529721677303314,0.49924707412719727,0.0013410026440396905,2.122363567352295,0.17521588504314423,,,,,,,,,,,,,,,
,0.0002704399797111887,11369,,,,,,,,,,,,,,,,,,,,,,,,,,,,,,
16,,11369,0.043362852185964584,0.026656828820705414,0.2833869159221649,0.005631380248814821,0.05229159817099571,0.003943746443837881,0.18478022515773773,0.00420955428853631,0.06944723427295685,0.05416782945394516,0.1819530874490738,0.3447045683860779,0.002372320741415024,2.1201701164245605,0.13309407234191895,,,,,,,,,,,,,,,
,0.0002703624516236438,11379,,,,,,,,,,,,,,,,,,,,,,,,,,,,,,
16,,11379,0.05053067207336426,0.027696285396814346,0.27737969160079956,0.0071317944675683975,0.0722423866391182,0.01639479584991932,0.18410171568393707,0.010634584352374077,0.11891154944896698,0.0458010770380497,0.2143591195344925,0.4249732494354248,0.001291346736252308,2.074511766433716,0.15140287578105927,,,,,,,,,,,,,,,
,0.0002702848331447639,11389,,,,,,,,,,,,,,,,,,,,,,,,,,,,,,
16,,11389,0.04897729307413101,0.04286353290081024,0.34099534153938293,0.0022520606871694326,0.06520122289657593,0.007224634755402803,0.24623453617095947,0.012731666676700115,0.10136062651872635,0.0733020082116127,0.1871224343776703,0.44103729724884033,0.0032257786951959133,2.1061248779296875,0.15881159901618958,,,,,,,,,,,,,,,
,0.0002702071243328398,11399,,,,,,,,,,,,,,,,,,,,,,,,,,,,,,
16,,11399,0.05636613070964813,0.03445786237716675,0.2842397391796112,0.0016198719386011362,0.05570933222770691,0.007207827642560005,0.17568986117839813,0.014130376279354095,0.12253966182470322,0.05856265127658844,0.1946476548910141,0.4194656014442444,0.003958269953727722,2.0806193351745605,0.1360386461019516,,,,,,,,,,,,,,,
,0.0002701293252462304,11409,,,,,,,,,,,,,,,,,,,,,,,,,,,,,,
16,,11409,0.08317214995622635,0.03757481649518013,0.33915093541145325,0.004457671195268631,0.07138954848051071,0.01472403947263956,0.2220533937215805,0.009846445173025131,0.1424330621957779,0.06630129367113113,0.21120326220989227,0.49555695056915283,0.004938144236803055,2.1380066871643066,0.14203909039497375,,,,,,,,,,,,,,,
,0.00027005143594336224,11419,,,,,,,,,,,,,,,,,,,,,,,,,,,,,,
16,,11419,0.06646988540887833,0.029626963660120964,0.2842475473880768,0.0016886149533092976,0.056114088743925095,0.009890289977192879,0.1863296926021576,0.01050704624503851,0.10516877472400665,0.046675506979227066,0.19512861967086792,0.40446561574935913,0.004137786570936441,2.135265588760376,0.1367340385913849,,,,,,,,,,,,,,,
,0.0002699734564827295,11429,,,,,,,,,,,,,,,,,,,,,,,,,,,,,,
16,,11429,0.10026086121797562,0.026330022141337395,0.33649417757987976,0.006904037203639746,0.09583131223917007,0.020840561017394066,0.2101736217737198,0.018603384494781494,0.23651693761348724,0.05535133183002472,0.2269483059644699,0.634090006351471,0.005100593902170658,2.085886001586914,0.2158016562461853,,,,,,,,,,,,,,,
,0.0002698953869228943,11439,,,,,,,,,,,,,,,,,,,,,,,,,,,,,,
16,,11439,0.07611384987831116,0.08831361681222916,0.3286411464214325,0.004601208493113518,0.07551640272140503,0.01369387935847044,0.25745075941085815,0.014035893604159355,0.16682304441928864,0.1001361757516861,0.23633553087711334,0.5557951927185059,0.000644184707198292,2.1004796028137207,0.1511330008506775,,,,,,,,,,,,,,,
,0.0002698172273224863,11449,,,,,,,,,,,,,,,,,,,,,,,,,,,,,,
16,,11449,0.06357574462890625,0.06126503646373749,0.44065892696380615,0.0028844706248492002,0.07756039500236511,0.01545669324696064,0.3253007233142853,0.01577581837773323,0.12782365083694458,0.04850369319319725,0.24395661056041718,0.5510807037353516,0.007767489179968834,2.1172709465026855,0.1460905522108078,,,,,,,,,,,,,,,
,0.0002697389777402028,11459,,,,,,,,,,,,,,,,,,,,,,,,,,,,,,
16,,11459,0.059790998697280884,0.0406951867043972,0.2225816547870636,0.0007101485971361399,0.05282372981309891,0.02329743653535843,0.19115236401557922,0.011542842723429203,0.12450961023569107,0.051359061151742935,0.1776641607284546,0.39625033736228943,0.000954676594119519,2.0962719917297363,0.09901829808950424,,,,,,,,,,,,,,,
,0.0002696606382348087,11469,,,,,,,,,,,,,,,,,,,,,,,,,,,,,,
16,,11469,0.06830555945634842,0.060490384697914124,0.34859851002693176,0.003710148623213172,0.062167804688215256,0.01583966054022312,0.2732695937156677,0.013250635005533695,0.12080634385347366,0.08577706664800644,0.21124351024627686,0.49268263578414917,0.0026537091471254826,2.0586094856262207,0.1414630264043808,,,,,,,,,,,,,,,
,0.0002695822088651364,11479,,,,,,,,,,,,,,,,,,,,,,,,,,,,,,
16,,11479,0.06794820725917816,0.030281152576208115,0.3218125104904175,0.002318531973287463,0.04674781113862991,0.01145056914538145,0.16998890042304993,0.009368222206830978,0.07992962002754211,0.043615784496068954,0.2006363719701767,0.385030597448349,0.0012570539256557822,2.0959620475769043,0.1431591510772705,,,,,,,,,,,,,,,
,0.00026950368969008573,11489,,,,,,,,,,,,,,,,,,,,,,,,,,,,,,
16,,11489,0.058048397302627563,0.026917999610304832,0.23852786421775818,0.004305724985897541,0.0406649224460125,0.011149795725941658,0.13528448343276978,0.007357542868703604,0.08861550688743591,0.046396754682064056,0.19111637771129608,0.34033647179603577,0.0005316251190379262,2.1141512393951416,0.11143765598535538,,,,,,,,,,,,,,,
,0.00026942508076862405,11499,,,,,,,,,,,,,,,,,,,,,,,,,,,,,,
16,,11499,0.04269595071673393,0.02114058844745159,0.24314478039741516,0.001491131610237062,0.05673028528690338,0.010423273779451847,0.14030882716178894,0.009047843515872955,0.053695198148489,0.035963866859674454,0.18901582062244415,0.2955694794654846,0.0012179892510175705,2.0973503589630127,0.09900166839361191,,,,,,,,,,,,,,,
,0.00026934638215978614,11509,,,,,,,,,,,,,,,,,,,,,,,,,,,,,,
16,,11509,0.07048111408948898,0.032877493649721146,0.3073567748069763,0.0034586857073009014,0.05212666466832161,0.01930028572678566,0.17853718996047974,0.0077559989877045155,0.07750941067934036,0.06610359996557236,0.2049645036458969,0.3897668123245239,0.0035498482175171375,2.11812424659729,0.1288992017507553,,,,,,,,,,,,,,,
,0.000269267593922674,11519,,,,,,,,,,,,,,,,,,,,,,,,,,,,,,
16,,11519,0.05038190633058548,0.019764015451073647,0.2865088880062103,0.0038032063748687506,0.07598011195659637,0.005438736639916897,0.16743400692939758,0.00830952636897564,0.07427655160427094,0.037505630403757095,0.19389495253562927,0.3630881905555725,0.0040045809000730515,2.1419625282287598,0.15222464501857758,,,,,,,,,,,,,,,
,0.00026918871611645716,11529,,,,,,,,,,,,,,,,,,,,,,,,,,,,,,
16,,11529,0.05503249168395996,0.03034037910401821,0.3713848888874054,0.004381941631436348,0.08618807792663574,0.004717093426734209,0.23188504576683044,0.007872698828577995,0.09375276416540146,0.061329662799835205,0.19782952964305878,0.4421818256378174,0.008770108222961426,2.109691619873047,0.15231405198574066,,,,,,,,,,,,,,,
,0.00026910974880037215,11539,,,,,,,,,,,,,,,,,,,,,,,,,,,,,,
16,,11539,0.0941389948129654,0.032260961830616,0.36844292283058167,0.002876987913623452,0.09196387976408005,0.010044088587164879,0.27005261182785034,0.018747277557849884,0.22772255539894104,0.05448418855667114,0.2268374264240265,0.623209536075592,0.0024409075267612934,2.1474530696868896,0.17282940447330475,,,,,,,,,,,,,,,
,0.00026903069203372293,11549,,,,,,,,,,,,,,,,,,,,,,,,,,,,,,
16,,11549,0.09737185388803482,0.03458740934729576,0.2536924481391907,0.0015083369798958302,0.0631166324019432,0.010983656160533428,0.1780485212802887,0.012939928099513054,0.14491286873817444,0.03310786560177803,0.2097645103931427,0.4501864016056061,0.0020908177830278873,2.0878567695617676,0.12467882037162781,,,,,,,,,,,,,,,
,0.00026895154587588054,11559,,,,,,,,,,,,,,,,,,,,,,,,,,,,,,
16,,11559,0.07074498385190964,0.03359019756317139,0.261025607585907,0.0029606292955577374,0.06119003891944885,0.006504112388938665,0.22141876816749573,0.01472725160419941,0.22043244540691376,0.04174645245075226,0.18822796642780304,0.52744460105896,0.0034312380012124777,2.0897152423858643,0.13654975593090057,,,,,,,,,,,,,,,
,0.0002688723103862832,11569,,,,,,,,,,,,,,,,,,,,,,,,,,,,,,
16,,11569,0.05678446590900421,0.0355670191347599,0.3945672810077667,0.0031379202846437693,0.06413555145263672,0.01104139443486929,0.21573518216609955,0.00982483010739088,0.09122893959283829,0.02667301893234253,0.23500660061836243,0.4413261413574219,0.0004235849482938647,2.1141347885131836,0.16410323977470398,,,,,,,,,,,,,,,
,0.0002687929856244362,11579,,,,,,,,,,,,,,,,,,,,,,,,,,,,,,
16,,11579,0.08153592795133591,0.07122572511434555,0.3601759970188141,0.007820025086402893,0.07712209969758987,0.02069566212594509,0.2795281410217285,0.019140250980854034,0.17289131879806519,0.05560295656323433,0.20819436013698578,0.572448194026947,0.005269493442028761,2.0901308059692383,0.1350877583026886,,,,,,,,,,,,,,,
,0.00026871357164991183,11589,,,,,,,,,,,,,,,,,,,,,,,,,,,,,,
16,,11589,0.07218672335147858,0.02222260646522045,0.2452157586812973,0.0009210376883856952,0.05868560075759888,0.014070150442421436,0.1518017202615738,0.009942597709596157,0.10736246407032013,0.07597699761390686,0.20362965762615204,0.3953537344932556,0.0014763379003852606,2.1116154193878174,0.15108242630958557,,,,,,,,,,,,,,,
,0.0002686340685223494,11599,,,,,,,,,,,,,,,,,,,,,,,,,,,,,,
16,,11599,0.06086764112114906,0.044173166155815125,0.2506271004676819,0.004253356717526913,0.06315445899963379,0.009836514480412006,0.2252042442560196,0.01884021982550621,0.1383604109287262,0.03012571856379509,0.18389368057250977,0.45060521364212036,0.0014650450320914388,2.099626302719116,0.1536313146352768,,,,,,,,,,,,,,,
,0.0002685544763014552,11609,,,,,,,,,,,,,,,,,,,,,,,,,,,,,,
16,,11609,0.05226174741983414,0.07180256396532059,0.32633569836616516,0.004971284419298172,0.06929254531860352,0.0066642616875469685,0.22060993313789368,0.011543645523488522,0.11162932217121124,0.0605381540954113,0.23030805587768555,0.47356343269348145,0.007919218391180038,2.1071293354034424,0.17932404577732086,,,,,,,,,,,,,,,
,0.00026847479504700245,11619,,,,,,,,,,,,,,,,,,,,,,,,,,,,,,
16,,11619,0.045375410467386246,0.028755635023117065,0.3222780227661133,0.001815097057260573,0.042928628623485565,0.007311595603823662,0.1440545916557312,0.006019950844347477,0.07262571156024933,0.04863160476088524,0.20412425696849823,0.34993353486061096,0.001274209120310843,2.0916714668273926,0.12934674322605133,,,,,,,,,,,,,,,
,0.0002683950248188312,11629,,,,,,,,,,,,,,,,,,,,,,,,,,,,,,
16,,11629,0.061044372618198395,0.039159294217824936,0.2548257112503052,0.003412050660699606,0.06452019512653351,0.013203904032707214,0.18365633487701416,0.01020466536283493,0.1304059773683548,0.07761704921722412,0.22114203870296478,0.44362252950668335,0.0032470962032675743,2.101799249649048,0.16400688886642456,,,,,,,,,,,,,,,
,0.00026831516567684825,11639,,,,,,,,,,,,,,,,,,,,,,,,,,,,,,
16,,11639,0.07193438708782196,0.04116983339190483,0.37491852045059204,0.009296862408518791,0.07293684035539627,0.0340244434773922,0.24012096226215363,0.008813682943582535,0.10566028952598572,0.07876619696617126,0.20398929715156555,0.4879017472267151,0.0011284174397587776,2.120915174484253,0.16734111309051514,,,,,,,,,,,,,,,
,0.0002682352176810273,11649,,,,,,,,,,,,,,,,,,,,,,,,,,,,,,
16,,11649,0.05589785426855087,0.02777693048119545,0.3305756151676178,0.001092878868803382,0.06763146817684174,0.010223901830613613,0.18398995697498322,0.007095192093402147,0.10293234139680862,0.06672938168048859,0.19507502019405365,0.4189184010028839,0.0015042590675875545,2.096994638442993,0.17006534337997437,,,,,,,,,,,,,,,
,0.0002681551808914087,11659,,,,,,,,,,,,,,,,,,,,,,,,,,,,,,
16,,11659,0.05098893865942955,0.02564079873263836,0.2730805277824402,0.002615047385916114,0.04292340576648712,0.011264124885201454,0.13892996311187744,0.0038155480287969112,0.07671170681715012,0.06117658317089081,0.1882520467042923,0.33064085245132446,0.0012415717355906963,2.102799654006958,0.10219914466142654,,,,,,,,,,,,,,,
,0.0002680750553680995,11669,,,,,,,,,,,,,,,,,,,,,,,,,,,,,,
16,,11669,0.07486937940120697,0.0151053536683321,0.26087915897369385,0.0026770143304020166,0.05795770883560181,0.010249176062643528,0.14155614376068115,0.010421468876302242,0.09500052779912949,0.04751493036746979,0.20768693089485168,0.37430548667907715,0.0015855648089200258,2.088911771774292,0.13070879876613617,,,,,,,,,,,,,,,
,0.00026799484117127345,11679,,,,,,,,,,,,,,,,,,,,,,,,,,,,,,
16,,11679,0.0643412172794342,0.02567024901509285,0.2066616266965866,0.00098127918317914,0.036913253366947174,0.008083498105406761,0.13929647207260132,0.008845841512084007,0.0923292487859726,0.03692401573061943,0.15123160183429718,0.31871798634529114,0.00042247396777383983,2.0921568870544434,0.09274272620677948,,,,,,,,,,,,,,,
,0.0002679145383611707,11689,,,,,,,,,,,,,,,,,,,,,,,,,,,,,,
16,,11689,0.05123750492930412,0.028908424079418182,0.27265283465385437,0.0050075240433216095,0.04514544829726219,0.016605641692876816,0.1452457308769226,0.005492127500474453,0.07396674156188965,0.05297107249498367,0.1964464634656906,0.34402281045913696,0.0024212519638240337,2.072810649871826,0.11673875153064728,,,,,,,,,,,,,,,
,0.00026783414699809826,11699,,,,,,,,,,,,,,,,,,,,,,,,,,,,,,
16,,11699,0.08371955156326294,0.042988743633031845,0.3608233630657196,0.004066679626703262,0.07817702740430832,0.010246379300951958,0.24753230810165405,0.013181691989302635,0.1527693271636963,0.055189501494169235,0.23495924472808838,0.5321093201637268,0.0009184118243865669,2.07033634185791,0.17350047826766968,,,,,,,,,,,,,,,
,0.00026775366714242927,11709,,,,,,,,,,,,,,,,,,,,,,,,,,,,,,
16,,11709,0.07970891147851944,0.1160191223025322,0.2927674949169159,0.003879013704136014,0.05891048535704613,0.03258278965950012,0.27205055952072144,0.015234557911753654,0.13929693400859833,0.056847214698791504,0.2085491418838501,0.5279965400695801,0.0016942174406722188,2.046271800994873,0.14843639731407166,,,,,,,,,,,,,,,
,0.00026767309885460366,11719,,,,,,,,,,,,,,,,,,,,,,,,,,,,,,
16,,11719,0.031175781041383743,0.058998700231313705,0.38652071356773376,0.010815774090588093,0.05628243461251259,0.013805747032165527,0.24504898488521576,0.0032062893733382225,0.0384976752102375,0.0701318085193634,0.21509455144405365,0.38671767711639404,0.004075774922966957,2.09175705909729,0.130680650472641,,,,,,,,,,,,,,,
,0.0002675924421951276,11729,,,,,,,,,,,,,,,,,,,,,,,,,,,,,,
16,,11729,0.0639849528670311,0.06973552703857422,0.28723615407943726,0.001283989753574133,0.045672643929719925,0.007048004772514105,0.22869910299777985,0.012607164680957794,0.08866039663553238,0.03710370510816574,0.21600441634655,0.4033213257789612,0.0009174288716167212,2.1020278930664062,0.10970469564199448,,,,,,,,,,,,,,,
,0.0002675116972245737,11739,,,,,,,,,,,,,,,,,,,,,,,,,,,,,,
16,,11739,0.08295343071222305,0.05804474651813507,0.2623325288295746,0.004558161366730928,0.0507766492664814,0.02399720437824726,0.19832903146743774,0.011067644692957401,0.10761971771717072,0.038406603038311005,0.18152129650115967,0.421764999628067,0.0014153619995340705,2.1362411975860596,0.12456487864255905,,,,,,,,,,,,,,,
,0.0002674308640035808,11749,,,,,,,,,,,,,,,,,,,,,,,,,,,,,,
16,,11749,0.06405254453420639,0.05224616453051567,0.31926068663597107,0.004178841598331928,0.083070307970047,0.02219385839998722,0.23473429679870605,0.008174102753400803,0.11545922607183456,0.05785899609327316,0.2273716926574707,0.473915159702301,0.0024287241976708174,2.089667558670044,0.16756685078144073,,,,,,,,,,,,,,,
,0.000267349942592854,11759,,,,,,,,,,,,,,,,,,,,,,,,,,,,,,
16,,11759,0.0612465925514698,0.03115755319595337,0.29483482241630554,0.0003847608168143779,0.04118594899773598,0.007594085298478603,0.14675074815750122,0.005747798830270767,0.10291487723588943,0.037724148482084274,0.14717155694961548,0.35965216159820557,0.0007024093647487462,2.1011300086975098,0.10830458253622055,,,,,,,,,,,,,,,
,0.0002672689330531648,11769,,,,,,,,,,,,,,,,,,,,,,,,,,,,,,
16,,11769,0.07131275534629822,0.03361412510275841,0.31204289197921753,0.00591515377163887,0.09123211354017258,0.01103831734508276,0.17167837917804718,0.00858965516090393,0.10668584704399109,0.0763780027627945,0.22286680340766907,0.4483671486377716,0.0015449711354449391,2.1416938304901123,0.18546590209007263,,,,,,,,,,,,,,,
,0.0002671878354453508,11779,,,,,,,,,,,,,,,,,,,,,,,,,,,,,,
16,,11779,0.06163666397333145,0.03315424174070358,0.27598878741264343,0.0025076637975871563,0.05494178086519241,0.016008609905838966,0.1999472975730896,0.010870755650103092,0.08336104452610016,0.05508510023355484,0.21364672482013702,0.38546451926231384,0.0022605510894209146,2.0554394721984863,0.12289709597826004,,,,,,,,,,,,,,,
,0.00026710664983031567,11789,,,,,,,,,,,,,,,,,,,,,,,,,,,,,,
16,,11789,0.05612969025969505,0.0431564599275589,0.33260178565979004,0.0012257788330316544,0.06689543277025223,0.011854995042085648,0.21832233667373657,0.0053221737034618855,0.059299442917108536,0.0609261728823185,0.21665622293949127,0.385700523853302,0.0002543042355682701,2.080207347869873,0.1492958813905716,,,,,,,,,,,,,,,
,0.0002670253762690292,11799,,,,,,,,,,,,,,,,,,,,,,,,,,,,,,
16,,11799,0.04799126461148262,0.022134974598884583,0.2612949013710022,0.00260924082249403,0.05085736885666847,0.008339003659784794,0.15136411786079407,0.013975519686937332,0.0917845070362091,0.049993790686130524,0.1696665734052658,0.3505614995956421,0.0027580554597079754,2.127763271331787,0.10679604113101959,,,,,,,,,,,,,,,
,0.00026694401482252734,11809,,,,,,,,,,,,,,,,,,,,,,,,,,,,,,
16,,11809,0.07070359587669373,0.030806919559836388,0.30540159344673157,0.0015539090381935239,0.06043140962719917,0.01174013689160347,0.21946650743484497,0.008640056475996971,0.09865859895944595,0.041731610894203186,0.21516653895378113,0.4184100031852722,0.002098249504342675,2.108001947402954,0.14342181384563446,,,,,,,,,,,,,,,
16,,11814,,,,,,,,,,,,,,,,0.16829389333724976,0.04084302484989166,0.2642788589000702,0.00889482069760561,0.06111014261841774,0.0014881682582199574,0.14237834513187408,0.018698181957006454,0.1965395212173462,0.06577999889850616,0.16761034727096558,0.5485981702804565,0.009762340225279331,2.1130881309509277,0.13310085237026215
,0.0002668625655519118,11819,,,,,,,,,,,,,,,,,,,,,,,,,,,,,,
17,,11819,0.044546306133270264,0.03484315797686577,0.3068341016769409,0.0030249333940446377,0.05925905704498291,0.013676278293132782,0.17840443551540375,0.014349617063999176,0.10141956061124802,0.07116550207138062,0.20777453482151031,0.4074849784374237,0.0030333735048770905,2.0975964069366455,0.1297103315591812,,,,,,,,,,,,,,,
,0.0002667810285183505,11829,,,,,,,,,,,,,,,,,,,,,,,,,,,,,,
17,,11829,0.060603924095630646,0.018086494877934456,0.2548683285713196,0.0035260969307273626,0.058197759091854095,0.004804840311408043,0.13305160403251648,0.008905548602342606,0.12025240808725357,0.04760986566543579,0.1901925951242447,0.3850078582763672,0.002490439685061574,2.084296226501465,0.13480527698993683,,,,,,,,,,,,,,,
,0.0002666994037830772,11839,,,,,,,,,,,,,,,,,,,,,,,,,,,,,,
17,,11839,0.082536980509758,0.09753904491662979,0.37723907828330994,0.004916833247989416,0.07087279856204987,0.010243785567581654,0.2901313304901123,0.010247613303363323,0.21248243749141693,0.08359035104513168,0.22553618252277374,0.6318250298500061,0.0016739789862185717,2.106912612915039,0.18676531314849854,,,,,,,,,,,,,,,
,0.00026661769140739144,11849,,,,,,,,,,,,,,,,,,,,,,,,,,,,,,
17,,11849,0.04664231091737747,0.045838356018066406,0.39206159114837646,0.0023582824505865574,0.06659232079982758,0.011516952887177467,0.22448788583278656,0.0051625799387693405,0.21698376536369324,0.06531547009944916,0.2179332822561264,0.5731227993965149,0.0009859981946647167,2.103732109069824,0.18814903497695923,,,,,,,,,,,,,,,
,0.0002665358914526586,11859,,,,,,,,,,,,,,,,,,,,,,,,,,,,,,
17,,11859,0.058814194053411484,0.03082091547548771,0.2803817093372345,0.0023490239400416613,0.05516577512025833,0.014411889016628265,0.15394388139247894,0.012505196034908295,0.11327853053808212,0.0586579330265522,0.2192104309797287,0.40821021795272827,0.004366629291325808,2.0746970176696777,0.12578918039798737,,,,,,,,,,,,,,,
,0.00026645400398030985,11869,,,,,,,,,,,,,,,,,,,,,,,,,,,,,,
17,,11869,0.07883673906326294,0.047165390104055405,0.2874146103858948,0.0022079471964389086,0.05839940905570984,0.014939999207854271,0.236163929104805,0.02417999505996704,0.15801702439785004,0.049435220658779144,0.16561254858970642,0.48691341280937195,0.0010209433967247605,2.0969152450561523,0.11776648461818695,,,,,,,,,,,,,,,
,0.00026637202905184217,11879,,,,,,,,,,,,,,,,,,,,,,,,,,,,,,
17,,11879,0.06628695130348206,0.0650024563074112,0.3774270713329315,0.01480125356465578,0.0629413053393364,0.007997745648026466,0.252399206161499,0.00947745144367218,0.1152321994304657,0.06687160581350327,0.24275453388690948,0.5072692632675171,0.0006346243317238986,2.115373134613037,0.17778506875038147,,,,,,,,,,,,,,,
,0.0002662899667288181,11889,,,,,,,,,,,,,,,,,,,,,,,,,,,,,,
17,,11889,0.09876533597707748,0.018515940755605698,0.29559099674224854,0.0017609416972845793,0.057158201932907104,0.017036685720086098,0.14600329101085663,0.013592159375548363,0.13427245616912842,0.07283499836921692,0.20981577038764954,0.45433610677719116,0.002269788645207882,2.121800422668457,0.14925770461559296,,,,,,,,,,,,,,,
,0.00026620781707286577,11899,,,,,,,,,,,,,,,,,,,,,,,,,,,,,,
17,,11899,0.0716608315706253,0.02261529490351677,0.27218109369277954,0.005707172676920891,0.06211889535188675,0.007829391397535801,0.17313553392887115,0.016849961131811142,0.14400872588157654,0.0893908143043518,0.21258985996246338,0.45933347940444946,0.0018885941244661808,2.0944292545318604,0.15231095254421234,,,,,,,,,,,,,,,
,0.0002661255801456792,11909,,,,,,,,,,,,,,,,,,,,,,,,,,,,,,
17,,11909,0.07213526219129562,0.04178783670067787,0.3454670310020447,0.005189932882785797,0.06301555037498474,0.008537310175597668,0.1992659866809845,0.016077453270554543,0.13645683228969574,0.07752018421888351,0.22725412249565125,0.48265451192855835,0.003464479697868228,2.0447075366973877,0.12708336114883423,,,,,,,,,,,,,,,
,0.00026604325600901747,11919,,,,,,,,,,,,,,,,,,,,,,,,,,,,,,
17,,11919,0.07263985276222229,0.03182489797472954,0.32991015911102295,0.008544634096324444,0.07285089790821075,0.005818412639200687,0.20613715052604675,0.009648330509662628,0.13333643972873688,0.04127238690853119,0.19697999954223633,0.46081843972206116,0.010238779708743095,2.103039026260376,0.10928087681531906,,,,,,,,,,,,,,,
,0.0002659608447247056,11929,,,,,,,,,,,,,,,,,,,,,,,,,,,,,,
17,,11929,0.03333267569541931,0.03637850657105446,0.30129924416542053,0.003704303177073598,0.06693968921899796,0.006607388146221638,0.17686685919761658,0.006588743068277836,0.11488515883684158,0.03882444649934769,0.18166442215442657,0.39811643958091736,0.0032643028534948826,2.0931544303894043,0.13884828984737396,,,,,,,,,,,,,,,
,0.00026587834635463377,11939,,,,,,,,,,,,,,,,,,,,,,,,,,,,,,
17,,11939,0.1346539407968521,0.04386844113469124,0.35381609201431274,0.0036253950092941523,0.09746427088975906,0.007096036337316036,0.2467144876718521,0.009587010368704796,0.2968738079071045,0.072916179895401,0.24798893928527832,0.7141843438148499,0.006554864346981049,2.0994348526000977,0.18798702955245972,,,,,,,,,,,,,,,
,0.0002657957609607577,11949,,,,,,,,,,,,,,,,,,,,,,,,,,,,,,
17,,11949,0.03241244703531265,0.021368175745010376,0.32588860392570496,0.0014456649078056216,0.05745954066514969,0.006324747111648321,0.14412491023540497,0.00585210882127285,0.05625871196389198,0.04112374410033226,0.2181595265865326,0.331831693649292,0.0008439342491328716,2.127127170562744,0.13850747048854828,,,,,,,,,,,,,,,
,0.00026571308860509846,11959,,,,,,,,,,,,,,,,,,,,,,,,,,,,,,
17,,11959,0.10457255691289902,0.04188334569334984,0.3114040195941925,0.005757369566708803,0.07453884184360504,0.014228408224880695,0.23210011422634125,0.010204571299254894,0.20058180391788483,0.028514938428997993,0.19487996399402618,0.5525147318840027,0.0036194983404129744,2.100947856903076,0.14287830889225006,,,,,,,,,,,,,,,
,0.0002656303293497423,11969,,,,,,,,,,,,,,,,,,,,,,,,,,,,,,
17,,11969,0.052003417164087296,0.04097073897719383,0.265017569065094,0.0036548965144902468,0.05061722174286842,0.011031054891645908,0.1721043735742569,0.011631909757852554,0.12997066974639893,0.06113565340638161,0.20688217878341675,0.4167483448982239,0.0028214463964104652,2.0851995944976807,0.11677142232656479,,,,,,,,,,,,,,,
,0.00026554748325684094,11979,,,,,,,,,,,,,,,,,,,,,,,,,,,,,,
17,,11979,0.05222596973180771,0.027461295947432518,0.26837632060050964,0.0011733039282262325,0.05382363498210907,0.007907377555966377,0.18237295746803284,0.013082755729556084,0.14273139834403992,0.04266224429011345,0.17535418272018433,0.4167419373989105,0.0014687152579426765,2.0813345909118652,0.12067455053329468,,,,,,,,,,,,,,,
,0.0002654645503886112,11989,,,,,,,,,,,,,,,,,,,,,,,,,,,,,,
17,,11989,0.04525184631347656,0.025987466797232628,0.2933882176876068,0.006262185517698526,0.05918293073773384,0.009075429290533066,0.1812349259853363,0.007987309247255325,0.11369101703166962,0.04602834954857826,0.2064630389213562,0.39192649722099304,0.002097054850310087,2.0883054733276367,0.09337520599365234,,,,,,,,,,,,,,,
,0.0002653815308073349,11999,,,,,,,,,,,,,,,,,,,,,,,,,,,,,,
17,,11999,0.09824709594249725,0.02336641028523445,0.258088618516922,0.004183679353445768,0.05126209184527397,0.01658466085791588,0.16287387907505035,0.014913355931639671,0.16659675538539886,0.06977253407239914,0.20044316351413727,0.47320637106895447,0.001614553271792829,2.0687248706817627,0.12540161609649658,,,,,,,,,,,,,,,
,0.00026529842457535927,12009,,,,,,,,,,,,,,,,,,,,,,,,,,,,,,
17,,12009,0.05478750914335251,0.03485506772994995,0.30651262402534485,0.0012888371711596847,0.06338446587324142,0.007227560505270958,0.19275560975074768,0.010342365130782127,0.12388172745704651,0.07918960601091385,0.20065023005008698,0.43684056401252747,0.002285952679812908,2.11487078666687,0.15364956855773926,,,,,,,,,,,,,,,
,0.0002652152317550966,12019,,,,,,,,,,,,,,,,,,,,,,,,,,,,,,
17,,12019,0.04652569442987442,0.05240148305892944,0.3481224775314331,0.0010393349220976233,0.05663387104868889,0.005233932752162218,0.22202129662036896,0.012494823895394802,0.11606225371360779,0.03856159374117851,0.215738907456398,0.4410026967525482,0.001020123832859099,2.1121201515197754,0.1350439339876175,,,,,,,,,,,,,,,
,0.0002651319524090238,12029,,,,,,,,,,,,,,,,,,,,,,,,,,,,,,
17,,12029,0.08506868779659271,0.022862184792757034,0.24862536787986755,0.0026609026826918125,0.06887368857860565,0.009961023926734924,0.17787708342075348,0.024373920634388924,0.17501772940158844,0.03654204308986664,0.18742278218269348,0.4796489179134369,0.0026301341131329536,2.122499704360962,0.13021790981292725,,,,,,,,,,,,,,,
,0.00026504858659968337,12039,,,,,,,,,,,,,,,,,,,,,,,,,,,,,,
17,,12039,0.052477020770311356,0.027588965371251106,0.2784960865974426,0.0009223501547239721,0.06836695224046707,0.009515264071524143,0.13948127627372742,0.008785150945186615,0.104011669754982,0.04597622901201248,0.18367460370063782,0.37840431928634644,0.003789343172684312,2.0927135944366455,0.1324060559272766,,,,,,,,,,,,,,,
,0.00026496513438968225,12049,,,,,,,,,,,,,,,,,,,,,,,,,,,,,,
17,,12049,0.04007037356495857,0.03998367488384247,0.30209362506866455,0.0005266019143164158,0.05820595473051071,0.01773509755730629,0.19205261766910553,0.00997325498610735,0.07899412512779236,0.03352883458137512,0.18566551804542542,0.37663835287094116,0.006441940553486347,2.038194417953491,0.1348368525505066,,,,,,,,,,,,,,,
,0.00026488159584169257,12059,,,,,,,,,,,,,,,,,,,,,,,,,,,,,,
17,,12059,0.04576798528432846,0.051857151091098785,0.3092902898788452,0.0024142025504261255,0.0622599832713604,0.008393294177949429,0.19698721170425415,0.007413450628519058,0.1526229977607727,0.03905966132879257,0.2128305584192276,0.4607418477535248,0.0035856664180755615,2.076601266860962,0.13619354367256165,,,,,,,,,,,,,,,
,0.000264797971018451,12069,,,,,,,,,,,,,,,,,,,,,,,,,,,,,,
17,,12069,0.0774020180106163,0.032676175236701965,0.35705816745758057,0.008445273153483868,0.07250073552131653,0.010467477142810822,0.23478111624717712,0.014540876261889935,0.19156140089035034,0.06975675374269485,0.2089546024799347,0.5595592856407166,0.0045553590171039104,2.0818779468536377,0.15752962231636047,,,,,,,,,,,,,,,
,0.00026471425998275943,12079,,,,,,,,,,,,,,,,,,,,,,,,,,,,,,
17,,12079,0.06937633454799652,0.02539633959531784,0.2614695131778717,0.000985878985375166,0.06279294937849045,0.005447832867503166,0.1651133894920349,0.0057491036131978035,0.19788487255573273,0.06608942151069641,0.19205892086029053,0.47803688049316406,0.0011111157946288586,2.176222324371338,0.136642187833786,,,,,,,,,,,,,,,
,0.000264630462797484,12089,,,,,,,,,,,,,,,,,,,,,,,,,,,,,,
17,,12089,0.06262277811765671,0.029636025428771973,0.30945250391960144,0.0019223224371671677,0.0494297556579113,0.020599909126758575,0.15585818886756897,0.006334381178021431,0.11892683058977127,0.05344154313206673,0.18711227178573608,0.40980345010757446,0.0020913025364279747,2.101905345916748,0.12488824129104614,,,,,,,,,,,,,,,
,0.00026454657952555596,12099,,,,,,,,,,,,,,,,,,,,,,,,,,,,,,
17,,12099,0.06671012192964554,0.04993758723139763,0.36453187465667725,0.0037401323206722736,0.05992952361702919,0.014422646723687649,0.22397711873054504,0.011111169122159481,0.10765646398067474,0.09457036107778549,0.2230614721775055,0.46970710158348083,0.0021525099873542786,2.1008574962615967,0.1512378454208374,,,,,,,,,,,,,,,
,0.00026446261022997097,12109,,,,,,,,,,,,,,,,,,,,,,,,,,,,,,
17,,12109,0.06207693740725517,0.05110457167029381,0.25918856263160706,0.006297846790403128,0.04918324947357178,0.009913514368236065,0.1719960719347,0.003750271862372756,0.0851060152053833,0.045532360672950745,0.16161370277404785,0.35329052805900574,0.002121862955391407,2.0800869464874268,0.09124495834112167,,,,,,,,,,,,,,,
,0.00026437855497378937,12119,,,,,,,,,,,,,,,,,,,,,,,,,,,,,,
17,,12119,0.05690649151802063,0.02933608368039131,0.31177428364753723,0.006591742858290672,0.0665106475353241,0.006525335367769003,0.16212458908557892,0.010737122967839241,0.11119749397039413,0.08669734746217728,0.2369650900363922,0.43745946884155273,0.0012087570503354073,2.061756134033203,0.17728422582149506,,,,,,,,,,,,,,,
,0.0002642944138201361,12129,,,,,,,,,,,,,,,,,,,,,,,,,,,,,,
17,,12129,0.04678225517272949,0.030337952077388763,0.328253835439682,0.003606628393754363,0.04718368127942085,0.016456754878163338,0.16810831427574158,0.00557256955653429,0.07631412148475647,0.048391953110694885,0.20678669214248657,0.35766518115997314,0.0007440023473463953,2.089460849761963,0.08919284492731094,,,,,,,,,,,,,,,
,0.00026421018683220045,12139,,,,,,,,,,,,,,,,,,,,,,,,,,,,,,
17,,12139,0.07952804863452911,0.03850964456796646,0.346983939409256,0.010225006379187107,0.06881191581487656,0.007860737852752209,0.19775459170341492,0.014410656876862049,0.22524549067020416,0.061345361173152924,0.21771325170993805,0.5798169374465942,0.002731071785092354,2.1292519569396973,0.1487509310245514,,,,,,,,,,,,,,,
,0.0002641258740732364,12149,,,,,,,,,,,,,,,,,,,,,,,,,,,,,,
17,,12149,0.05835871025919914,0.016026904806494713,0.2077820748090744,0.0014610931975767016,0.05353769659996033,0.011243741028010845,0.12239055335521698,0.011271316558122635,0.09799405932426453,0.0417042076587677,0.19378088414669037,0.3427232801914215,0.004161657299846411,2.101123094558716,0.11764883995056152,,,,,,,,,,,,,,,
,0.0002640414756065622,12159,,,,,,,,,,,,,,,,,,,,,,,,,,,,,,
17,,12159,0.030423156917095184,0.055130381137132645,0.4270033538341522,0.005195735953748226,0.08995187282562256,0.018642380833625793,0.24575747549533844,0.011453654617071152,0.1936078667640686,0.08579681813716888,0.23617461323738098,0.6010258197784424,0.009988585487008095,2.1285910606384277,0.20687419176101685,,,,,,,,,,,,,,,
,0.00026395699149556044,12169,,,,,,,,,,,,,,,,,,,,,,,,,,,,,,
17,,12169,0.08639127761125565,0.03354093059897423,0.32040566205978394,0.005228566005825996,0.07044164836406708,0.011685989797115326,0.2108490914106369,0.020964059978723526,0.2114247977733612,0.061131808906793594,0.2028411477804184,0.5577681064605713,0.0004644962027668953,2.1285085678100586,0.13682931661605835,,,,,,,,,,,,,,,
,0.0002638724218036781,12179,,,,,,,,,,,,,,,,,,,,,,,,,,,,,,
17,,12179,0.030000049620866776,0.033447280526161194,0.27250733971595764,0.0020747382659465075,0.04168148711323738,0.004825168754905462,0.17983625829219818,0.0057544345036149025,0.06068684905767441,0.04485480859875679,0.19071415066719055,0.32141634821891785,0.001642962801270187,2.0918033123016357,0.12821048498153687,,,,,,,,,,,,,,,
,0.0002637877665944265,12189,,,,,,,,,,,,,,,,,,,,,,,,,,,,,,
17,,12189,0.05513927713036537,0.0415249802172184,0.29871872067451477,0.009527651593089104,0.04891902953386307,0.01793784275650978,0.18269075453281403,0.012707928195595741,0.10971971601247787,0.0366479866206646,0.17502973973751068,0.40495043992996216,0.0005453558987937868,2.1099467277526855,0.10426663607358932,,,,,,,,,,,,,,,
,0.0002637030259313809,12199,,,,,,,,,,,,,,,,,,,,,,,,,,,,,,
17,,12199,0.03994044288992882,0.030966199934482574,0.3180972635746002,0.001647337805479765,0.036944638937711716,0.007595658767968416,0.19271999597549438,0.009751934558153152,0.07898422330617905,0.04992338642477989,0.20531824231147766,0.3649129271507263,0.0045173997059464455,2.0770771503448486,0.1082000657916069,,,,,,,,,,,,,,,
,0.0002636181998781811,12209,,,,,,,,,,,,,,,,,,,,,,,,,,,,,,
17,,12209,0.06658345460891724,0.03973108530044556,0.2745223641395569,0.003009076928719878,0.05489073693752289,0.026998082175850868,0.22735020518302917,0.008868771605193615,0.11944515258073807,0.03601287305355072,0.1647987961769104,0.4196455180644989,0.0030421281699091196,2.0910003185272217,0.10439499467611313,,,,,,,,,,,,,,,
,0.0002635332884985308,12219,,,,,,,,,,,,,,,,,,,,,,,,,,,,,,
17,,12219,0.08186228573322296,0.043659012764692307,0.2777614891529083,0.010198034346103668,0.05865883827209473,0.021051891148090363,0.21310046315193176,0.014345796778798103,0.14924059808254242,0.050257425755262375,0.21034084260463715,0.4845268130302429,0.008905010297894478,2.083953380584717,0.1068054735660553,,,,,,,,,,,,,,,
,0.00026344829185619785,12229,,,,,,,,,,,,,,,,,,,,,,,,,,,,,,
17,,12229,0.101841039955616,0.021253369748592377,0.1988166719675064,0.0014717628946527839,0.050152406096458435,0.01163033489137888,0.13721774518489838,0.008964386768639088,0.13509531319141388,0.06119179725646973,0.17952066659927368,0.3949517011642456,0.0008728650864213705,2.104811668395996,0.1057995930314064,,,,,,,,,,,,,,,
,0.00026336321001501413,12239,,,,,,,,,,,,,,,,,,,,,,,,,,,,,,
17,,12239,0.09277445077896118,0.030354512855410576,0.31309548020362854,0.006287185475230217,0.08211769908666611,0.01669032871723175,0.247025266289711,0.023763833567500114,0.2710299789905548,0.07876244932413101,0.192628413438797,0.6434856057167053,0.004316119011491537,2.1258792877197266,0.14886608719825745,,,,,,,,,,,,,,,
,0.0002632780430388754,12249,,,,,,,,,,,,,,,,,,,,,,,,,,,,,,
17,,12249,0.062218811362981796,0.025236355140805244,0.21561747789382935,0.0073766824789345264,0.06514552980661392,0.01624152995646,0.1538180708885193,0.010964183136820793,0.12648922204971313,0.057670947164297104,0.19682066142559052,0.4001186788082123,0.0013037614990025759,2.1096999645233154,0.12406407296657562,,,,,,,,,,,,,,,
,0.00026319279099174154,12259,,,,,,,,,,,,,,,,,,,,,,,,,,,,,,
17,,12259,0.06461073458194733,0.029028546065092087,0.3095364272594452,0.004920878913253546,0.06429733335971832,0.010561121627688408,0.19380152225494385,0.012238288298249245,0.14146065711975098,0.047481197863817215,0.21580412983894348,0.4580346345901489,0.0005426399875432253,2.0890557765960693,0.1400206834077835,,,,,,,,,,,,,,,
,0.0002631074539376362,12269,,,,,,,,,,,,,,,,,,,,,,,,,,,,,,
17,,12269,0.035917334258556366,0.025976577773690224,0.2120164930820465,0.0011858708458021283,0.0530124306678772,0.011389600113034248,0.14260455965995789,0.006488053593784571,0.07118137180805206,0.03191293403506279,0.15436889231204987,0.294904887676239,0.0032175914384424686,2.048495292663574,0.10205985605716705,,,,,,,,,,,,,,,
,0.0002630220319406468,12279,,,,,,,,,,,,,,,,,,,,,,,,,,,,,,
17,,12279,0.08867179602384567,0.017656752839684486,0.2075735330581665,0.0016468310495838523,0.05095060542225838,0.012993138283491135,0.1660258024930954,0.01306314580142498,0.15865468978881836,0.054577652364969254,0.17857134342193604,0.42890456318855286,0.0016345619224011898,2.0821149349212646,0.11864360421895981,,,,,,,,,,,,,,,
,0.0002629365250649248,12289,,,,,,,,,,,,,,,,,,,,,,,,,,,,,,
17,,12289,0.06987123936414719,0.02002790756523609,0.23974545300006866,0.0010353615507483482,0.04650044068694115,0.01444594468921423,0.15435782074928284,0.01617451012134552,0.10686714202165604,0.07078821957111359,0.17391899228096008,0.3757222592830658,0.0030633676797151566,2.13531231880188,0.10290610790252686,,,,,,,,,,,,,,,
,0.0002628509333746852,12299,,,,,,,,,,,,,,,,,,,,,,,,,,,,,,
17,,12299,0.06675711274147034,0.054064083844423294,0.31621721386909485,0.0020657062996178865,0.0749092772603035,0.022662213072180748,0.2092127650976181,0.010992435738444328,0.09727760404348373,0.0460798554122448,0.22752119600772858,0.44054165482521057,0.003695308230817318,2.121528148651123,0.13954459130764008,,,,,,,,,,,,,,,
,0.0002627652569342067,12309,,,,,,,,,,,,,,,,,,,,,,,,,,,,,,
17,,12309,0.0666518583893776,0.03211364522576332,0.24945449829101562,0.002674791496247053,0.05287175253033638,0.02893383614718914,0.1874127984046936,0.00906098447740078,0.09188108891248703,0.04070659726858139,0.1643003523349762,0.3705615699291229,0.0038275071419775486,2.089064121246338,0.09535109251737595,,,,,,,,,,,,,,,
,0.0002626794958078317,12319,,,,,,,,,,,,,,,,,,,,,,,,,,,,,,
17,,12319,0.06915231049060822,0.05801599845290184,0.3104826807975769,0.0033348428551107645,0.04773609712719917,0.01467814389616251,0.18899385631084442,0.0062683261930942535,0.08425163477659225,0.050533682107925415,0.19228672981262207,0.3892224431037903,0.0019605366978794336,2.095033884048462,0.09973607212305069,,,,,,,,,,,,,,,
,0.0002625936500599662,12329,,,,,,,,,,,,,,,,,,,,,,,,,,,,,,
17,,12329,0.046503860503435135,0.040277719497680664,0.32289186120033264,0.0035626948811113834,0.040801435708999634,0.00477469339966774,0.1876043826341629,0.0054723648354411125,0.0960315614938736,0.03542914241552353,0.17506060004234314,0.3684130609035492,0.002014100318774581,2.069413423538208,0.0842883363366127,,,,,,,,,,,,,,,
,0.00026250771975507974,12339,,,,,,,,,,,,,,,,,,,,,,,,,,,,,,
17,,12339,0.054445456713438034,0.02908138558268547,0.2954595983028412,0.010626721195876598,0.053456757217645645,0.004597087856382132,0.1684950292110443,0.004102509934455156,0.0870337188243866,0.05333118885755539,0.17748068273067474,0.3789627254009247,0.006273441016674042,2.092444658279419,0.14050276577472687,,,,,,,,,,,,,,,
,0.0002624217049577053,12349,,,,,,,,,,,,,,,,,,,,,,,,,,,,,,
17,,12349,0.07312507182359695,0.033266860991716385,0.35443663597106934,0.006559180095791817,0.07626070082187653,0.014873862266540527,0.22832922637462616,0.01452924869954586,0.16347776353359222,0.056663937866687775,0.20602674782276154,0.5285235047340393,0.0011942413402721286,2.089301347732544,0.17757800221443176,,,,,,,,,,,,,,,
,0.00026233560573243956,12359,,,,,,,,,,,,,,,,,,,,,,,,,,,,,,
17,,12359,0.07155253738164902,0.03283848986029625,0.31584200263023376,0.0019705109298229218,0.048597075045108795,0.020834097638726234,0.18793945014476776,0.009238647297024727,0.13706569373607635,0.04006718099117279,0.1742093861103058,0.4364968538284302,0.0012819713447242975,2.072845220565796,0.10957545042037964,,,,,,,,,,,,,,,
,0.0002622494221439422,12369,,,,,,,,,,,,,,,,,,,,,,,,,,,,,,
17,,12369,0.02382432296872139,0.03418197110295296,0.3814568519592285,0.0017774829175323248,0.08240062743425369,0.003905218793079257,0.1695324033498764,0.002928622532635927,0.02378053590655327,0.025008993223309517,0.22369566559791565,0.3203088343143463,0.0019249416654929519,2.12416410446167,0.12149631232023239,,,,,,,,,,,,,,,
,0.00026216315425693664,12379,,,,,,,,,,,,,,,,,,,,,,,,,,,,,,
17,,12379,0.08317822217941284,0.07716385275125504,0.33347925543785095,0.011833682656288147,0.05342593789100647,0.029586847871541977,0.2599523663520813,0.009965784847736359,0.10392623394727707,0.03457406163215637,0.1969641149044037,0.46880197525024414,0.0018426256719976664,2.075371742248535,0.10339421778917313,,,,,,,,,,,,,,,
,0.0002620768021362093,12389,,,,,,,,,,,,,,,,,,,,,,,,,,,,,,
17,,12389,0.03960903361439705,0.041399188339710236,0.35112839937210083,0.00485603604465723,0.051169462502002716,0.007816771045327187,0.20010587573051453,0.007559619378298521,0.10988719761371613,0.05509110540151596,0.19114015996456146,0.41696807742118835,0.0010655618971213698,2.083562135696411,0.1289266049861908,,,,,,,,,,,,,,,
,0.0002619903658466101,12399,,,,,,,,,,,,,,,,,,,,,,,,,,,,,,
17,,12399,0.04155199974775314,0.06476487219333649,0.2877631187438965,0.01166897639632225,0.05877365544438362,0.007533673197031021,0.21210095286369324,0.007550394162535667,0.08865430951118469,0.06332721561193466,0.18971778452396393,0.4013068974018097,0.003558096243068576,2.072675943374634,0.12645359337329865,,,,,,,,,,,,,,,
,0.00026190384545305204,12409,,,,,,,,,,,,,,,,,,,,,,,,,,,,,,
17,,12409,0.06480567902326584,0.07606445252895355,0.31838417053222656,0.004884186666458845,0.07994277030229568,0.0051868269219994545,0.2735823094844818,0.009939576499164104,0.10575271397829056,0.06923270970582962,0.21509768068790436,0.47024622559547424,0.0007299970020540059,2.1335227489471436,0.15405569970607758,,,,,,,,,,,,,,,
,0.0002618172410205113,12419,,,,,,,,,,,,,,,,,,,,,,,,,,,,,,
17,,12419,0.044966284185647964,0.021873265504837036,0.3002108037471771,0.0022910884581506252,0.0571175254881382,0.011009183712303638,0.17194432020187378,0.009214544668793678,0.09839852899312973,0.04475962370634079,0.19007784128189087,0.3709578514099121,0.002173095941543579,2.118007183074951,0.10028445720672607,,,,,,,,,,,,,,,
,0.00026173055261402724,12429,,,,,,,,,,,,,,,,,,,,,,,,,,,,,,
17,,12429,0.0744999498128891,0.027186140418052673,0.2382148951292038,0.00625735055655241,0.07430882751941681,0.01137295551598072,0.16492272913455963,0.017220452427864075,0.13961449265480042,0.03696303442120552,0.17543627321720123,0.43162012100219727,0.0016324423486366868,2.0888826847076416,0.1372678130865097,,,,,,,,,,,,,,,
,0.0002616437802987022,12439,,,,,,,,,,,,,,,,,,,,,,,,,,,,,,
17,,12439,0.0388585701584816,0.027348781004548073,0.2904687821865082,0.0035355566069483757,0.05896483734250069,0.01055053435266018,0.1516803801059723,0.007333681918680668,0.07034768164157867,0.03133286535739899,0.1901029646396637,0.3449175953865051,0.0031703580170869827,2.106311559677124,0.14121264219284058,,,,,,,,,,,,,,,
,0.00026155692413970153,12449,,,,,,,,,,,,,,,,,,,,,,,,,,,,,,
17,,12449,0.038451358675956726,0.023563090711832047,0.23946692049503326,0.006755370646715164,0.045676615089178085,0.007364173885434866,0.13736145198345184,0.006960039027035236,0.09360133111476898,0.038004156202077866,0.1741916984319687,0.32596710324287415,0.0007189965108409524,2.136747121810913,0.09153269231319427,,,,,,,,,,,,,,,
,0.00026146998420225356,12459,,,,,,,,,,,,,,,,,,,,,,,,,,,,,,
17,,12459,0.07792823761701584,0.03183737024664879,0.32330650091171265,0.0060827648267149925,0.0759652778506279,0.019125932827591896,0.2176278680562973,0.006457380950450897,0.1538318395614624,0.06690120697021484,0.22026066482067108,0.501952052116394,0.0015323837287724018,2.06325626373291,0.16102714836597443,,,,,,,,,,,,,,,
,0.00026138296055164967,12469,,,,,,,,,,,,,,,,,,,,,,,,,,,,,,
17,,12469,0.06557716429233551,0.053491223603487015,0.20653492212295532,0.0012557153822854161,0.041215404868125916,0.010512413457036018,0.17762090265750885,0.010144444182515144,0.12365707010030746,0.036820679903030396,0.16484320163726807,0.38032135367393494,0.0015876536490395665,2.1358516216278076,0.09691289812326431,,,,,,,,,,,,,,,
,0.00026129585325324387,12479,,,,,,,,,,,,,,,,,,,,,,,,,,,,,,
17,,12479,0.06012658774852753,0.03093021549284458,0.2970854341983795,0.002039352897554636,0.06722408533096313,0.0066788108088076115,0.1719399392604828,0.008206125348806381,0.11012149602174759,0.04956023767590523,0.19284504652023315,0.4024295210838318,0.0013333739480003715,2.1105847358703613,0.13344906270503998,,,,,,,,,,,,,,,
,0.00026120866237245324,12489,,,,,,,,,,,,,,,,,,,,,,,,,,,,,,
17,,12489,0.11643867939710617,0.04603847861289978,0.41721564531326294,0.010800864547491074,0.09161579608917236,0.01724385842680931,0.27395832538604736,0.010313434526324272,0.2962256669998169,0.08859441429376602,0.22382786870002747,0.7517180442810059,0.015312467701733112,2.1402153968811035,0.1973198652267456,,,,,,,,,,,,,,,
,0.00026112138797475737,12499,,,,,,,,,,,,,,,,,,,,,,,,,,,,,,
17,,12499,0.0292316023260355,0.09179410338401794,0.3966825306415558,0.004786785691976547,0.04373667761683464,0.007952956482768059,0.2533809542655945,0.0034823010209947824,0.03295394405722618,0.02858167141675949,0.21563175320625305,0.38564974069595337,0.002665210049599409,2.101233959197998,0.15251271426677704,,,,,,,,,,,,,,,
,0.0002610340301256988,12509,,,,,,,,,,,,,,,,,,,,,,,,,,,,,,
17,,12509,0.06013433635234833,0.012218978255987167,0.231674462556839,0.0017730463296175003,0.04531169310212135,0.017043521627783775,0.14057181775569916,0.009019527584314346,0.07140608131885529,0.05850987881422043,0.17030298709869385,0.3184185028076172,0.00042920594569295645,2.127202272415161,0.11167937517166138,,,,,,,,,,,,,,,
17,,12509,,,,,,,,,,,,,,,,0.18044470250606537,0.03340016305446625,0.2680688500404358,0.009169992990791798,0.059889182448387146,0.0013148904545232654,0.13128845393657684,0.020524056628346443,0.18433862924575806,0.0625346302986145,0.1659526377916336,0.5364452004432678,0.011339429765939713,2.13323974609375,0.12015800923109055
,0.00026094658889088264,12519,,,,,,,,,,,,,,,,,,,,,,,,,,,,,,
18,,12519,0.06838644295930862,0.05053994804620743,0.28059396147727966,0.001248010667040944,0.08083973079919815,0.009365812875330448,0.23815740644931793,0.011270302347838879,0.21899837255477905,0.05454450845718384,0.21849708259105682,0.561752200126648,0.0006576352752745152,2.1116018295288086,0.182257279753685,,,,,,,,,,,,,,,
,0.00026085906433597655,12529,,,,,,,,,,,,,,,,,,,,,,,,,,,,,,
18,,12529,0.10842285305261612,0.04542839154601097,0.24910424649715424,0.0019082983490079641,0.06731313467025757,0.012275024317204952,0.1927691549062729,0.013884120620787144,0.2235884815454483,0.06465309113264084,0.1753898561000824,0.5411761999130249,0.0032169148325920105,2.085092306137085,0.11843421310186386,,,,,,,,,,,,,,,
,0.00026077145652671094,12539,,,,,,,,,,,,,,,,,,,,,,,,,,,,,,
18,,12539,0.07586875557899475,0.049092963337898254,0.32088902592658997,0.007007029838860035,0.07374539971351624,0.02195100486278534,0.2296830266714096,0.012483878061175346,0.13160383701324463,0.046558499336242676,0.22440291941165924,0.49940648674964905,0.0028326052706688643,2.0927352905273438,0.17647968232631683,,,,,,,,,,,,,,,
,0.00026068376552887857,12549,,,,,,,,,,,,,,,,,,,,,,,,,,,,,,
18,,12549,0.09947166591882706,0.01766333542764187,0.18130521476268768,0.0006564431823790073,0.04815700650215149,0.014082027599215508,0.12811782956123352,0.011888744309544563,0.1292281448841095,0.039545848965644836,0.18473808467388153,0.3842107355594635,0.0012765934225171804,2.113224744796753,0.11992961913347244,,,,,,,,,,,,,,,
,0.0002605959914083348,12559,,,,,,,,,,,,,,,,,,,,,,,,,,,,,,
18,,12559,0.06160339340567589,0.031534090638160706,0.2427385151386261,0.0051531605422496796,0.053764257580041885,0.020035354420542717,0.18426664173603058,0.008970159105956554,0.1350926160812378,0.062270767986774445,0.17384368181228638,0.41578182578086853,0.003988864831626415,2.094132423400879,0.10901810228824615,,,,,,,,,,,,,,,
,0.00026050813423099736,12569,,,,,,,,,,,,,,,,,,,,,,,,,,,,,,
18,,12569,0.06109161674976349,0.020176207646727562,0.23172378540039062,0.0006385304150171578,0.05009160563349724,0.012608906254172325,0.13760443031787872,0.0088278166949749,0.13984426856040955,0.05314436927437782,0.16255706548690796,0.3833053410053253,0.0007377697620540857,2.0605762004852295,0.10470663011074066,,,,,,,,,,,,,,,
,0.00026042019406284634,12579,,,,,,,,,,,,,,,,,,,,,,,,,,,,,,
18,,12579,0.06365179270505905,0.0287190992385149,0.2712658643722534,0.004756364971399307,0.057371582835912704,0.007924665696918964,0.18436984717845917,0.010318436659872532,0.13234032690525055,0.06205064430832863,0.2269330769777298,0.431645929813385,0.0021520950831472874,2.0908281803131104,0.1276450753211975,,,,,,,,,,,,,,,
,0.0002603321709699241,12589,,,,,,,,,,,,,,,,,,,,,,,,,,,,,,
18,,12589,0.0803346186876297,0.06880886107683182,0.30893033742904663,0.001382084796205163,0.0744376853108406,0.012644915841519833,0.24269942939281464,0.009730595164000988,0.22497983276844025,0.044486548751592636,0.20893481373786926,0.5709905624389648,0.00024659064365550876,2.0912580490112305,0.13404938578605652,,,,,,,,,,,,,,,
,0.0002602440650183355,12599,,,,,,,,,,,,,,,,,,,,,,,,,,,,,,
18,,12599,0.1090482771396637,0.029254088178277016,0.32845234870910645,0.002260657725855708,0.0958172082901001,0.012590485624969006,0.24329684674739838,0.025338508188724518,0.2597251236438751,0.08980914950370789,0.2379176765680313,0.6573320627212524,0.00047532556345686316,2.109130382537842,0.17547401785850525,,,,,,,,,,,,,,,
,0.00026015587627424737,12609,,,,,,,,,,,,,,,,,,,,,,,,,,,,,,
18,,12609,0.07302993535995483,0.04123789817094803,0.34096410870552063,0.0048058354295790195,0.08256477117538452,0.009436260908842087,0.20995697379112244,0.018081815913319588,0.19584932923316956,0.06085781753063202,0.2408461719751358,0.5675484538078308,0.001987653784453869,2.069077968597412,0.18792659044265747,,,,,,,,,,,,,,,
,0.0002600676048038889,12619,,,,,,,,,,,,,,,,,,,,,,,,,,,,,,
18,,12619,0.0521865077316761,0.028118858113884926,0.2706837058067322,0.0045044575817883015,0.05161719396710396,0.026470167562365532,0.1430620402097702,0.00848470814526081,0.08800288289785385,0.043972183018922806,0.1939593106508255,0.3624403476715088,0.004347563721239567,2.0976181030273438,0.10420751571655273,,,,,,,,,,,,,,,
,0.00025997925067355117,12629,,,,,,,,,,,,,,,,,,,,,,,,,,,,,,
18,,12629,0.05163635313510895,0.0505964569747448,0.32306694984436035,0.0024021314457058907,0.06850063055753708,0.04741611331701279,0.21245884895324707,0.011522803455591202,0.1171598955988884,0.05635703727602959,0.21501313149929047,0.46131056547164917,0.0015044184401631355,2.124687910079956,0.13446786999702454,,,,,,,,,,,,,,,
,0.00025989081394958767,12639,,,,,,,,,,,,,,,,,,,,,,,,,,,,,,
18,,12639,0.0721021369099617,0.045565277338027954,0.288524329662323,0.0038622457068413496,0.04518678039312363,0.008583752438426018,0.19586819410324097,0.007342330180108547,0.09761825948953629,0.06775837391614914,0.18975670635700226,0.4007847011089325,0.005373835563659668,2.096513032913208,0.11027621477842331,,,,,,,,,,,,,,,
,0.0002598022946984137,12649,,,,,,,,,,,,,,,,,,,,,,,,,,,,,,
18,,12649,0.07296329736709595,0.05122505873441696,0.3250561058521271,0.0035945186391472816,0.06965447962284088,0.011735784821212292,0.20510344207286835,0.010470395907759666,0.16283023357391357,0.062100186944007874,0.20579160749912262,0.5077792406082153,0.001370915095321834,2.1190779209136963,0.16664648056030273,,,,,,,,,,,,,,,
,0.0002597136929865065,12659,,,,,,,,,,,,,,,,,,,,,,,,,,,,,,
18,,12659,0.069459468126297,0.028445571660995483,0.260664165019989,0.0025157728232443333,0.06593316793441772,0.02963201515376568,0.18838006258010864,0.014898985624313354,0.1489376276731491,0.047272950410842896,0.19874589145183563,0.47952693700790405,0.015112393535673618,2.1583073139190674,0.16173502802848816,,,,,,,,,,,,,,,
,0.0002596250088804054,12669,,,,,,,,,,,,,,,,,,,,,,,,,,,,,,
18,,12669,0.07172488421201706,0.04587927833199501,0.2803259789943695,0.006873058155179024,0.06509928405284882,0.08680320531129837,0.20225368440151215,0.007056571077555418,0.13908769190311432,0.05092936381697655,0.2006080448627472,0.5023457407951355,0.0020152246579527855,2.0921597480773926,0.1700010895729065,,,,,,,,,,,,,,,
,0.0002595362424467115,12679,,,,,,,,,,,,,,,,,,,,,,,,,,,,,,
18,,12679,0.051082972437143326,0.027877796441316605,0.26763659715652466,0.0021038968116045,0.04916486144065857,0.017353545874357224,0.16560447216033936,0.01505257934331894,0.07116474211215973,0.04383435845375061,0.20556949079036713,0.35366544127464294,0.0024997517466545105,2.0858585834503174,0.11934231966733932,,,,,,,,,,,,,,,
,0.00025944739375208784,12689,,,,,,,,,,,,,,,,,,,,,,,,,,,,,,
18,,12689,0.06429736316204071,0.03736197203397751,0.3355180323123932,0.006129593122750521,0.08259469270706177,0.016800547018647194,0.22225746512413025,0.012457624077796936,0.1651238650083542,0.06001751869916916,0.2263689935207367,0.5288799405097961,0.005063669290393591,2.0753324031829834,0.1782219558954239,,,,,,,,,,,,,,,
,0.00025935846286325896,12699,,,,,,,,,,,,,,,,,,,,,,,,,,,,,,
18,,12699,0.05032946914434433,0.026892760768532753,0.2612047493457794,0.002139003248885274,0.057080067694187164,0.011251349002122879,0.15543192625045776,0.009458037093281746,0.12070202827453613,0.048112671822309494,0.19254183769226074,0.3906879723072052,0.0006536332075484097,2.0998013019561768,0.129910409450531,,,,,,,,,,,,,,,
,0.0002592694498470115,12709,,,,,,,,,,,,,,,,,,,,,,,,,,,,,,
18,,12709,0.062359556555747986,0.020956747233867645,0.23961873352527618,0.004605790134519339,0.04281461238861084,0.01872178353369236,0.13736924529075623,0.011067148298025131,0.09948058426380157,0.07193777710199356,0.19704221189022064,0.3742188513278961,0.005733903963118792,2.145765781402588,0.12425780296325684,,,,,,,,,,,,,,,
,0.00025918035477019344,12719,,,,,,,,,,,,,,,,,,,,,,,,,,,,,,
18,,12719,0.0330486036837101,0.045289814472198486,0.322492778301239,0.0025493167340755463,0.038808710873126984,0.011910110712051392,0.22592312097549438,0.009266642853617668,0.08897177875041962,0.03801923617720604,0.16354012489318848,0.3758343756198883,0.0015458333073183894,2.072934627532959,0.10521260648965836,,,,,,,,,,,,,,,
,0.0002590911776997146,12729,,,,,,,,,,,,,,,,,,,,,,,,,,,,,,
18,,12729,0.06339896470308304,0.028925541788339615,0.315316766500473,0.005147664807736874,0.06501790881156921,0.015013124793767929,0.1918172389268875,0.018478605896234512,0.12627819180488586,0.052182748913764954,0.22525155544281006,0.4580017328262329,0.004609117284417152,2.09708833694458,0.13676795363426208,,,,,,,,,,,,,,,
,0.00025900191870254646,12739,,,,,,,,,,,,,,,,,,,,,,,,,,,,,,
18,,12739,0.02944903075695038,0.033256061375141144,0.31201687455177307,0.0016828356310725212,0.05472298711538315,0.01490476168692112,0.16804930567741394,0.009092245250940323,0.10618553310632706,0.041759245097637177,0.18909990787506104,0.3879488408565521,0.0017508298624306917,2.118016004562378,0.1345868855714798,,,,,,,,,,,,,,,
,0.0002589125778457217,12749,,,,,,,,,,,,,,,,,,,,,,,,,,,,,,
18,,12749,0.040274832397699356,0.028060859069228172,0.247418612241745,0.0011352949077263474,0.035252075642347336,0.01340806670486927,0.13169808685779572,0.00630358187481761,0.08319108933210373,0.03353075683116913,0.17553216218948364,0.31407082080841064,0.0003966836666222662,2.130624771118164,0.0962640643119812,,,,,,,,,,,,,,,
,0.0002588231551963347,12759,,,,,,,,,,,,,,,,,,,,,,,,,,,,,,
18,,12759,0.06451431661844254,0.04732789471745491,0.37833529710769653,0.0019370440859347582,0.06807879358530045,0.02175712026655674,0.1949593424797058,0.0078091369941830635,0.09297016263008118,0.07287083566188812,0.23551896214485168,0.45454081892967224,0.0031507473904639482,2.073296546936035,0.16437432169914246,,,,,,,,,,,,,,,
,0.0002587336508215413,12769,,,,,,,,,,,,,,,,,,,,,,,,,,,,,,
18,,12769,0.07195048034191132,0.020213503390550613,0.2916974425315857,0.0025186357088387012,0.045046452432870865,0.022974515333771706,0.14260613918304443,0.013584274798631668,0.1082429587841034,0.03345024958252907,0.19028866291046143,0.3907497525215149,0.0029346237424761057,2.0745797157287598,0.10141231119632721,,,,,,,,,,,,,,,
,0.00025864406478855856,12779,,,,,,,,,,,,,,,,,,,,,,,,,,,,,,
18,,12779,0.06787922978401184,0.036110781133174896,0.3595578372478485,0.007087007164955139,0.05344897881150246,0.013896633870899677,0.19646236300468445,0.011092634871602058,0.09725587069988251,0.051802512258291245,0.19459155201911926,0.4239734411239624,0.0011512732598930597,2.11018443107605,0.11673513799905777,,,,,,,,,,,,,,,
,0.0002585543971646649,12789,,,,,,,,,,,,,,,,,,,,,,,,,,,,,,
18,,12789,0.08446501940488815,0.054306648671627045,0.28047698736190796,0.005236053839325905,0.06463409215211868,0.029863648116588593,0.1831432580947876,0.015530550852417946,0.16023510694503784,0.07190398871898651,0.20295216143131256,0.5064435005187988,0.0027226244565099478,2.0933218002319336,0.15456226468086243,,,,,,,,,,,,,,,
,0.0002584646480172003,12799,,,,,,,,,,,,,,,,,,,,,,,,,,,,,,
18,,12799,0.09268537163734436,0.031040292233228683,0.2728884518146515,0.007841496728360653,0.0695718303322792,0.012824124656617641,0.182322695851326,0.01177171804010868,0.15216104686260223,0.057887665927410126,0.1773504912853241,0.47478288412094116,0.011026760563254356,2.070812225341797,0.12605860829353333,,,,,,,,,,,,,,,
,0.0002583748174135654,12809,,,,,,,,,,,,,,,,,,,,,,,,,,,,,,
18,,12809,0.04247718304395676,0.043311621993780136,0.3101741671562195,0.0042746723629534245,0.04994627833366394,0.013460137881338596,0.2505143880844116,0.015259555540978909,0.11947767436504364,0.054936714470386505,0.19966420531272888,0.43337470293045044,0.0030271303839981556,2.0893304347991943,0.09900524467229843,,,,,,,,,,,,,,,
,0.0002582849054212226,12819,,,,,,,,,,,,,,,,,,,,,,,,,,,,,,
18,,12819,0.03989991918206215,0.0847555622458458,0.34121569991111755,0.003087094984948635,0.04859623685479164,0.012602717615664005,0.2753514349460602,0.009658468887209892,0.08290454745292664,0.053199414163827896,0.1883832961320877,0.42235979437828064,0.0032211325597018003,2.0921993255615234,0.11442264914512634,,,,,,,,,,,,,,,
,0.00025819491210769504,12829,,,,,,,,,,,,,,,,,,,,,,,,,,,,,,
18,,12829,0.054662153124809265,0.03308676928281784,0.26121705770492554,0.0031856729183346033,0.05610257014632225,0.004910818301141262,0.18456609547138214,0.009040910750627518,0.09586922824382782,0.04097909480333328,0.17321108281612396,0.3658662736415863,0.0026453789323568344,2.0706965923309326,0.10927516222000122,,,,,,,,,,,,,,,
,0.00025810483754056706,12839,,,,,,,,,,,,,,,,,,,,,,,,,,,,,,
18,,12839,0.05099118500947952,0.034325551241636276,0.3530529737472534,0.0038638750556856394,0.05487479642033577,0.018056295812129974,0.2009475827217102,0.013366959989070892,0.11410444974899292,0.026126133278012276,0.21063022315502167,0.43388131260871887,0.0010500492062419653,2.1382663249969482,0.12441849708557129,,,,,,,,,,,,,,,
,0.00025801468178748404,12849,,,,,,,,,,,,,,,,,,,,,,,,,,,,,,
18,,12849,0.045995596796274185,0.02563229575753212,0.1950511336326599,0.0009789373725652695,0.05249115452170372,0.008542467840015888,0.1237092912197113,0.008343057706952095,0.11482618749141693,0.043028414249420166,0.15003179013729095,0.32962197065353394,0.0007816951838321984,2.059431791305542,0.09381349384784698,,,,,,,,,,,,,,,
,0.00025792444491615224,12859,,,,,,,,,,,,,,,,,,,,,,,,,,,,,,
18,,12859,0.0249746385961771,0.030928904190659523,0.328607439994812,0.0024513709358870983,0.045095279812812805,0.009375873021781445,0.15473051369190216,0.0044276658445596695,0.053754303604364395,0.03260515630245209,0.19733482599258423,0.3149348497390747,0.0007504540262743831,2.0981829166412354,0.1036926805973053,,,,,,,,,,,,,,,
,0.00025783412699433895,12869,,,,,,,,,,,,,,,,,,,,,,,,,,,,,,
18,,12869,0.03723812475800514,0.03302716091275215,0.28465449810028076,0.002782487077638507,0.03979819640517235,0.007563198916614056,0.15425390005111694,0.0055396175011992455,0.05670732632279396,0.03791322559118271,0.20387659966945648,0.3104633688926697,0.0013713527005165815,2.111454725265503,0.09359794855117798,,,,,,,,,,,,,,,
,0.0002577437280898723,12879,,,,,,,,,,,,,,,,,,,,,,,,,,,,,,
18,,12879,0.06861240416765213,0.020919015631079674,0.20643599331378937,0.004051336087286472,0.05527728050947189,0.008270635269582272,0.12985000014305115,0.010073038749396801,0.12959924340248108,0.04094332456588745,0.17664217948913574,0.37079745531082153,0.0009190763812512159,2.075270175933838,0.09887697547674179,,,,,,,,,,,,,,,
,0.0002576532482706412,12889,,,,,,,,,,,,,,,,,,,,,,,,,,,,,,
18,,12889,0.07410244643688202,0.026846034452319145,0.28349390625953674,0.0023072147741913795,0.06174106150865555,0.010607465170323849,0.18436487019062042,0.010201326571404934,0.0999060720205307,0.05846128240227699,0.18535467982292175,0.39796555042266846,0.0017273294506594539,2.103524684906006,0.12771812081336975,,,,,,,,,,,,,,,
,0.00025756268760459525,12899,,,,,,,,,,,,,,,,,,,,,,,,,,,,,,
18,,12899,0.03558970242738724,0.024699321016669273,0.26062795519828796,0.0016945531824603677,0.05298361927270889,0.014740688726305962,0.1601129174232483,0.009737429209053516,0.06074385717511177,0.06512096524238586,0.1653565913438797,0.3104504942893982,0.0040077329613268375,2.095012664794922,0.08306673169136047,,,,,,,,,,,,,,,
,0.000257472046159745,12909,,,,,,,,,,,,,,,,,,,,,,,,,,,,,,
18,,12909,0.054959751665592194,0.03298040106892586,0.31307175755500793,0.005181687884032726,0.06260410696268082,0.014168260619044304,0.19718322157859802,0.009859596379101276,0.11271709948778152,0.08172641694545746,0.21277078986167908,0.42503267526626587,0.0011594485258683562,2.0702688694000244,0.11559043824672699,,,,,,,,,,,,,,,
,0.00025738132400416144,12919,,,,,,,,,,,,,,,,,,,,,,,,,,,,,,
18,,12919,0.04224111884832382,0.029799839481711388,0.26084813475608826,0.006728270556777716,0.05637197196483612,0.006759019568562508,0.19144901633262634,0.020797457545995712,0.15292200446128845,0.03517385199666023,0.17096291482448578,0.43748247623443604,0.0033889764454215765,2.1354901790618896,0.12515805661678314,,,,,,,,,,,,,,,
,0.00025729052120597635,12929,,,,,,,,,,,,,,,,,,,,,,,,,,,,,,
18,,12929,0.08037000894546509,0.02616105042397976,0.3116850256919861,0.002518984256312251,0.06205921620130539,0.0137989092618227,0.16826634109020233,0.011069783009588718,0.1506190150976181,0.040376387536525726,0.20757102966308594,0.46286410093307495,0.001486423658207059,2.073622226715088,0.13654492795467377,,,,,,,,,,,,,,,
,0.0002571996378333818,12939,,,,,,,,,,,,,,,,,,,,,,,,,,,,,,
18,,12939,0.06462627649307251,0.026997089385986328,0.29038354754447937,0.00540729146450758,0.07462393492460251,0.01395300030708313,0.14053258299827576,0.01074312999844551,0.14212705194950104,0.06088026240468025,0.20855110883712769,0.44286030530929565,0.0004365445929579437,2.1473937034606934,0.14103785157203674,,,,,,,,,,,,,,,
,0.00025710867395463074,12949,,,,,,,,,,,,,,,,,,,,,,,,,,,,,,
18,,12949,0.09009063988924026,0.059218451380729675,0.37926629185676575,0.009434666484594345,0.07461714744567871,0.019522422924637794,0.24374845623970032,0.018435554578900337,0.16506914794445038,0.05752371624112129,0.22170236706733704,0.5661625266075134,0.0017594624077901244,2.1078715324401855,0.1554316282272339,,,,,,,,,,,,,,,
,0.00025701762963803627,12959,,,,,,,,,,,,,,,,,,,,,,,,,,,,,,
18,,12959,0.07248647511005402,0.03928152844309807,0.2885243892669678,0.006469910033047199,0.07393484562635422,0.01498350314795971,0.24966993927955627,0.01673576794564724,0.3067123293876648,0.05005798488855362,0.19020739197731018,0.6572872996330261,0.0042634159326553345,2.1312177181243896,0.1688319891691208,,,,,,,,,,,,,,,
,0.0002569265049519721,12969,,,,,,,,,,,,,,,,,,,,,,,,,,,,,,
18,,12969,0.023836873471736908,0.030870789662003517,0.28773295879364014,0.0035447715781629086,0.0466764010488987,0.012018982321023941,0.13539493083953857,0.006851997692137957,0.07943517714738846,0.019242091104388237,0.1875554472208023,0.3230060636997223,0.001050036633387208,2.1000828742980957,0.09870896488428116,,,,,,,,,,,,,,,
,0.00025683529996487213,12979,,,,,,,,,,,,,,,,,,,,,,,,,,,,,,
18,,12979,0.05437600240111351,0.03467850759625435,0.38010266423225403,0.001269684755243361,0.04747037589550018,0.0154310567304492,0.20595797896385193,0.009035835973918438,0.08207333832979202,0.046994395554065704,0.20777301490306854,0.40482690930366516,0.0018772071925923228,2.0894861221313477,0.11934751272201538,,,,,,,,,,,,,,,
,0.0002567440147452306,12989,,,,,,,,,,,,,,,,,,,,,,,,,,,,,,
18,,12989,0.052687868475914,0.023436587303876877,0.29714930057525635,0.0007043644436635077,0.04903179779648781,0.017282189801335335,0.13958130776882172,0.01083369366824627,0.08401594310998917,0.05246928706765175,0.20580612123012543,0.3594980537891388,0.0003051903913728893,2.1239776611328125,0.11316495388746262,,,,,,,,,,,,,,,
,0.0002566526493616022,12999,,,,,,,,,,,,,,,,,,,,,,,,,,,,,,
18,,12999,0.06828205287456512,0.023974547162652016,0.2609363794326782,0.003512876108288765,0.06352535635232925,0.007179254200309515,0.16369642317295074,0.009563589468598366,0.1010652408003807,0.06239020451903343,0.19885583221912384,0.38886165618896484,0.0021694840397685766,2.0639264583587646,0.1367129534482956,,,,,,,,,,,,,,,
,0.00025656120388260165,13009,,,,,,,,,,,,,,,,,,,,,,,,,,,,,,
18,,13009,0.06177801266312599,0.04932539165019989,0.2617974281311035,0.0023570535704493523,0.06158144772052765,0.008149492554366589,0.16790300607681274,0.012615110725164413,0.09014778584241867,0.03684723749756813,0.18735021352767944,0.38114646077156067,0.0024867819156497717,2.103858232498169,0.13312764465808868,,,,,,,,,,,,,,,
,0.0002564696783769038,13019,,,,,,,,,,,,,,,,,,,,,,,,,,,,,,
18,,13019,0.06003030017018318,0.03665854036808014,0.2239380031824112,0.0007780115120112896,0.05091778188943863,0.016521643847227097,0.16523957252502441,0.010810467414557934,0.11018502712249756,0.043971508741378784,0.14747411012649536,0.3661259412765503,0.002012136159464717,2.0399818420410156,0.10696543753147125,,,,,,,,,,,,,,,
,0.0002563780729132436,13029,,,,,,,,,,,,,,,,,,,,,,,,,,,,,,
18,,13029,0.05886654928326607,0.025627754628658295,0.3336070775985718,0.004112556576728821,0.052066609263420105,0.017386529594659805,0.17733988165855408,0.00912974402308464,0.08713865280151367,0.049962032586336136,0.22226651012897491,0.40186095237731934,0.0039417678490281105,2.101836681365967,0.1325974464416504,,,,,,,,,,,,,,,
,0.0002562863875604162,13039,,,,,,,,,,,,,,,,,,,,,,,,,,,,,,
18,,13039,0.061743032187223434,0.029017513617873192,0.3036762475967407,0.0015081382589414716,0.07065285742282867,0.0231330543756485,0.2108139842748642,0.010067191906273365,0.15879081189632416,0.09475058317184448,0.20755033195018768,0.49042069911956787,0.0011858198558911681,2.0980818271636963,0.15877147018909454,,,,,,,,,,,,,,,
,0.00025619462238727654,13049,,,,,,,,,,,,,,,,,,,,,,,,,,,,,,
18,,13049,0.048156462609767914,0.02460101619362831,0.34118393063545227,0.0071078138425946236,0.05419326201081276,0.014577480033040047,0.15697744488716125,0.0101204514503479,0.08841992169618607,0.025586390867829323,0.2013886570930481,0.3769398629665375,0.0004314711259212345,2.1042566299438477,0.10129751265048981,,,,,,,,,,,,,,,
,0.0002561027774627397,13059,,,,,,,,,,,,,,,,,,,,,,,,,,,,,,
18,,13059,0.04606282711029053,0.027182448655366898,0.2703636586666107,0.0029369243420660496,0.05530862510204315,0.010418688878417015,0.1600143015384674,0.007912291213870049,0.06997942924499512,0.03965139016509056,0.19333414733409882,0.3453071713447571,0.00040425508632324636,2.113858222961426,0.1513538360595703,,,,,,,,,,,,,,,
,0.0002560108528557805,13069,,,,,,,,,,,,,,,,,,,,,,,,,,,,,,
18,,13069,0.06836573779582977,0.017955763265490532,0.2808157801628113,0.008091322146356106,0.04098983854055405,0.011490431614220142,0.1466612070798874,0.006899187806993723,0.08662358671426773,0.05267829820513725,0.1836995631456375,0.35469910502433777,0.0022564867977052927,2.0883140563964844,0.09306323528289795,,,,,,,,,,,,,,,
,0.0002559188486354337,13079,,,,,,,,,,,,,,,,,,,,,,,,,,,,,,
18,,13079,0.06904380023479462,0.026684116572141647,0.28061723709106445,0.003485830733552575,0.070222407579422,0.013734485022723675,0.15506982803344727,0.009487206116318703,0.07873289287090302,0.07173239439725876,0.2114545851945877,0.3836092948913574,0.0030809182208031416,2.077608823776245,0.14400218427181244,,,,,,,,,,,,,,,
,0.0002558267648707937,13089,,,,,,,,,,,,,,,,,,,,,,,,,,,,,,
18,,13089,0.06360993534326553,0.04248993471264839,0.3724104166030884,0.0029993082862347364,0.0761273205280304,0.008831623010337353,0.22283482551574707,0.011079237796366215,0.1329989731311798,0.09468525648117065,0.23439350724220276,0.4994257092475891,0.001274669193662703,2.098097562789917,0.16770532727241516,,,,,,,,,,,,,,,
,0.0002557346016310149,13099,,,,,,,,,,,,,,,,,,,,,,,,,,,,,,
18,,13099,0.06760251522064209,0.03552638739347458,0.4040225148200989,0.0014067915035411716,0.07056594640016556,0.008772757835686207,0.23635312914848328,0.009516801685094833,0.13421599566936493,0.042270589619874954,0.21750053763389587,0.4910634756088257,0.0011667514918372035,2.0923027992248535,0.14860579371452332,,,,,,,,,,,,,,,
,0.0002556423589853111,13109,,,,,,,,,,,,,,,,,,,,,,,,,,,,,,
18,,13109,0.03708457201719284,0.04835464060306549,0.31880101561546326,0.0025380183942615986,0.04584949091076851,0.00561709376052022,0.20238283276557922,0.005556852091103792,0.07568281143903732,0.04390036314725876,0.19204658269882202,0.35688507556915283,0.0017641051672399044,2.1191329956054688,0.09319274872541428,,,,,,,,,,,,,,,
,0.00025555003700295593,13119,,,,,,,,,,,,,,,,,,,,,,,,,,,,,,
18,,13119,0.05892573297023773,0.02703520469367504,0.2815608084201813,0.003306773491203785,0.056516215205192566,0.009507677517831326,0.16898879408836365,0.005690072663128376,0.06785398721694946,0.05213291198015213,0.19262653589248657,0.34480369091033936,0.0018423737492412329,2.0856428146362305,0.11296653002500534,,,,,,,,,,,,,,,
,0.00025545763575328254,13129,,,,,,,,,,,,,,,,,,,,,,,,,,,,,,
18,,13129,0.048907648772001266,0.05397176742553711,0.2852577269077301,0.001195231219753623,0.06064603105187416,0.007880257442593575,0.23260165750980377,0.01174206379801035,0.11067088693380356,0.0473712719976902,0.2002253383398056,0.42027944326400757,0.0023752120323479176,2.084653615951538,0.12757787108421326,,,,,,,,,,,,,,,
,0.00025536515530568353,13139,,,,,,,,,,,,,,,,,,,,,,,,,,,,,,
18,,13139,0.05966863036155701,0.03128162771463394,0.3327377736568451,0.005868918262422085,0.05205298587679863,0.006277601700276136,0.22684957087039948,0.014096945524215698,0.10890215635299683,0.031110301613807678,0.22288379073143005,0.4430469274520874,0.009856552816927433,2.0631461143493652,0.13348770141601562,,,,,,,,,,,,,,,
,0.00025527259572961117,13149,,,,,,,,,,,,,,,,,,,,,,,,,,,,,,
18,,13149,0.07292041182518005,0.030112458392977715,0.23265479505062103,0.002240832196548581,0.0624147467315197,0.012046704068779945,0.15347068011760712,0.009012393653392792,0.13344444334506989,0.04219100996851921,0.18399937450885773,0.4035106897354126,0.002017625840380788,2.0785882472991943,0.1179017424583435,,,,,,,,,,,,,,,
,0.0002551799570945769,13159,,,,,,,,,,,,,,,,,,,,,,,,,,,,,,
18,,13159,0.08576008677482605,0.029516566544771194,0.30624085664749146,0.0027369351591914892,0.08657089620828629,0.012283019721508026,0.19767743349075317,0.014506975188851357,0.13409005105495453,0.06256827712059021,0.2338709831237793,0.4844876229763031,0.0005671534454450011,2.075106382369995,0.17554840445518494,,,,,,,,,,,,,,,
,0.00025508723947015175,13169,,,,,,,,,,,,,,,,,,,,,,,,,,,,,,
18,,13169,0.06512822210788727,0.03344987705349922,0.28214606642723083,0.0026703651528805494,0.04940103366971016,0.008953076787292957,0.1734938621520996,0.006070335861295462,0.06653723865747452,0.026806103065609932,0.18222029507160187,0.3468815088272095,0.005364756565541029,2.098666191101074,0.11661886423826218,,,,,,,,,,,,,,,
,0.000254994442925966,13179,,,,,,,,,,,,,,,,,,,,,,,,,,,,,,
18,,13179,0.08214842528104782,0.03242739289999008,0.33023393154144287,0.00642789714038372,0.0739506334066391,0.015493541024625301,0.19316551089286804,0.01125948317348957,0.13442470133304596,0.096055768430233,0.2270897626876831,0.48820334672927856,0.006596983410418034,2.1154870986938477,0.14008942246437073,,,,,,,,,,,,,,,
,0.00025490156753170916,13189,,,,,,,,,,,,,,,,,,,,,,,,,,,,,,
18,,13189,0.09071821719408035,0.03323451057076454,0.23565632104873657,0.004802374169230461,0.057723741978406906,0.009690159931778908,0.17103947699069977,0.012462422251701355,0.1500236690044403,0.07474097609519958,0.16658885776996613,0.4307781457901001,0.0006825616583228111,2.077092170715332,0.08964164555072784,,,,,,,,,,,,,,,
,0.00025480861335713,13199,,,,,,,,,,,,,,,,,,,,,,,,,,,,,,
18,,13199,0.06448140740394592,0.026722315698862076,0.19693684577941895,0.002278904663398862,0.06138020381331444,0.006200720556080341,0.14081332087516785,0.0033618230372667313,0.14992937445640564,0.0727478638291359,0.17025844752788544,0.3970319330692291,0.006089154165238142,2.1683478355407715,0.11583124101161957,,,,,,,,,,,,,,,
18,,13204,,,,,,,,,,,,,,,,0.17558187246322632,0.03765323758125305,0.26748594641685486,0.009456869214773178,0.062815822660923,0.001786086126230657,0.13369916379451752,0.019687991589307785,0.1983986347913742,0.0657743439078331,0.16813310980796814,0.5530329942703247,0.010199837386608124,2.1298534870147705,0.1289234608411789
,0.0002547155804720364,13209,,,,,,,,,,,,,,,,,,,,,,,,,,,,,,
19,,13209,0.05636301264166832,0.022233815863728523,0.21152248978614807,0.004780616145581007,0.048975978046655655,0.019755816087126732,0.1518237590789795,0.010853614658117294,0.10599812865257263,0.037276096642017365,0.164698526263237,0.3562003970146179,0.001939520938321948,2.1121442317962646,0.11162582784891129,,,,,,,,,,,,,,,
,0.00025462246894629545,13219,,,,,,,,,,,,,,,,,,,,,,,,,,,,,,
19,,13219,0.10483048856258392,0.018753495067358017,0.24720944464206696,0.003068785648792982,0.08742504566907883,0.013878858648240566,0.16712604463100433,0.013038789853453636,0.17788970470428467,0.0716080516576767,0.20957720279693604,0.5049774050712585,0.001975073479115963,2.106870651245117,0.17230577766895294,,,,,,,,,,,,,,,
,0.0002545292788498331,13229,,,,,,,,,,,,,,,,,,,,,,,,,,,,,,
19,,13229,0.04490502551198006,0.039588563144207,0.27290284633636475,0.002081500133499503,0.0498870387673378,0.008120807819068432,0.1724715530872345,0.0067346366122365,0.07446890324354172,0.03967190906405449,0.1898907870054245,0.34270164370536804,0.0025183309335261583,2.109133005142212,0.11053484678268433,,,,,,,,,,,,,,,
,0.00025443601025263465,13239,,,,,,,,,,,,,,,,,,,,,,,,,,,,,,
19,,13239,0.062325093895196915,0.05164411664009094,0.3509485125541687,0.0007306343759410083,0.05974317342042923,0.008238637819886208,0.2141193449497223,0.0066394563764333725,0.10943035036325455,0.05393736809492111,0.2202896773815155,0.4418022334575653,0.0014160835416987538,2.119310140609741,0.1391582190990448,,,,,,,,,,,,,,,
,0.00025434266322474396,13249,,,,,,,,,,,,,,,,,,,,,,,,,,,,,,
19,,13249,0.039286933839321136,0.03161334991455078,0.2560816705226898,0.007109327241778374,0.04502538591623306,0.009039913304150105,0.16602946817874908,0.007299717981368303,0.09024839848279953,0.06409338861703873,0.18089939653873444,0.35785508155822754,0.0017854963662102818,2.086763620376587,0.13073758780956268,,,,,,,,,,,,,,,
,0.00025424923783626404,13259,,,,,,,,,,,,,,,,,,,,,,,,,,,,,,
19,,13259,0.042975712567567825,0.04183512553572655,0.2851734161376953,0.0016160003142431378,0.033827949315309525,0.006949170492589474,0.151206836104393,0.00290122558362782,0.03200633451342583,0.020227041095495224,0.17338120937347412,0.2854980528354645,0.004188416060060263,2.1431214809417725,0.11189524829387665,,,,,,,,,,,,,,,
,0.00025415573415735676,13269,,,,,,,,,,,,,,,,,,,,,,,,,,,,,,
19,,13269,0.06152397766709328,0.02202233485877514,0.2551705837249756,0.0019920957274734974,0.061299052089452744,0.007411925587803125,0.15340308845043182,0.009616737253963947,0.15174341201782227,0.053354211151599884,0.2006511092185974,0.4369688332080841,0.004763876087963581,2.0886831283569336,0.1573859006166458,,,,,,,,,,,,,,,
,0.0002540621522582426,13279,,,,,,,,,,,,,,,,,,,,,,,,,,,,,,
19,,13279,0.03825264796614647,0.03680040314793587,0.28345057368278503,0.0013482501963153481,0.040549542754888535,0.011773405596613884,0.17799918353557587,0.009994268417358398,0.0690992996096611,0.047431398183107376,0.1816427856683731,0.3339475095272064,0.008788209408521652,2.098369598388672,0.07289557158946991,,,,,,,,,,,,,,,
,0.0002539684922092009,13289,,,,,,,,,,,,,,,,,,,,,,,,,,,,,,
19,,13289,0.06073079630732536,0.022096045315265656,0.23335671424865723,0.00703413225710392,0.0516713447868824,0.009091759100556374,0.16142210364341736,0.009157040156424046,0.14645053446292877,0.062450338155031204,0.16791735589504242,0.40920475125312805,0.000248636060860008,2.085862398147583,0.12111108005046844,,,,,,,,,,,,,,,
,0.00025387475408056976,13299,,,,,,,,,,,,,,,,,,,,,,,,,,,,,,
19,,13299,0.03308415412902832,0.026473304256796837,0.32972490787506104,0.0004364247142802924,0.0582735575735569,0.011314560659229755,0.1717141568660736,0.00935009028762579,0.08494289219379425,0.016726024448871613,0.18365320563316345,0.37054410576820374,0.0035850198473781347,2.085378408432007,0.14595690369606018,,,,,,,,,,,,,,,
,0.0002537809379427458,13309,,,,,,,,,,,,,,,,,,,,,,,,,,,,,,
19,,13309,0.05795151740312576,0.028852537274360657,0.3152936100959778,0.0032930676825344563,0.07722177356481552,0.013433967716991901,0.18848173320293427,0.010191500186920166,0.14757201075553894,0.075855553150177,0.21463435888290405,0.4817397892475128,0.002997588599100709,2.1049435138702393,0.18377573788166046,,,,,,,,,,,,,,,
,0.00025368704386618423,13319,,,,,,,,,,,,,,,,,,,,,,,,,,,,,,
19,,13319,0.06435499340295792,0.024163324385881424,0.2892569303512573,0.0026050854939967394,0.04341934993863106,0.01932109333574772,0.1623949557542801,0.0077480897307395935,0.11312545090913773,0.04536845535039902,0.18663476407527924,0.3924187123775482,0.0037755598314106464,2.1333723068237305,0.10432751476764679,,,,,,,,,,,,,,,
,0.0002535930719213989,13329,,,,,,,,,,,,,,,,,,,,,,,,,,,,,,
19,,13329,0.03711885213851929,0.017196545377373695,0.2064269781112671,0.0019062779610976577,0.0327761247754097,0.014691351912915707,0.11050970107316971,0.00508471904322505,0.04091449826955795,0.06299592554569244,0.1723368763923645,0.24991673231124878,0.001727495458908379,2.110677480697632,0.08611235022544861,,,,,,,,,,,,,,,
,0.000253499022178962,13339,,,,,,,,,,,,,,,,,,,,,,,,,,,,,,
19,,13339,0.0743129774928093,0.0371863879263401,0.3624875843524933,0.0059687052853405476,0.07389985769987106,0.019617922604084015,0.21403567492961884,0.013894107192754745,0.16940069198608398,0.052668485790491104,0.2377050668001175,0.5425201058387756,0.00465876329690218,2.057950973510742,0.16862134635448456,,,,,,,,,,,,,,,
,0.0002534048947095042,13349,,,,,,,,,,,,,,,,,,,,,,,,,,,,,,
19,,13349,0.07963069528341293,0.02208530716598034,0.2145264744758606,0.004876510240137577,0.05150562524795532,0.011396708898246288,0.15551026165485382,0.012475742027163506,0.14319024980068207,0.058378949761390686,0.16847363114356995,0.4079267978668213,0.0036331096198409796,2.1095941066741943,0.10279960185289383,,,,,,,,,,,,,,,
,0.00025331068958371465,13359,,,,,,,,,,,,,,,,,,,,,,,,,,,,,,
19,,13359,0.051068153232336044,0.026135815307497978,0.27479830384254456,0.003335759276524186,0.044570986181497574,0.01127519179135561,0.1713428795337677,0.008848409168422222,0.08272554725408554,0.059059448540210724,0.18867826461791992,0.35707440972328186,0.002247646450996399,2.0965707302093506,0.11759498715400696,,,,,,,,,,,,,,,
,0.0002532164068723407,13369,,,,,,,,,,,,,,,,,,,,,,,,,,,,,,
19,,13369,0.04024282470345497,0.023635026067495346,0.22950996458530426,0.0022719260305166245,0.05846230313181877,0.007934864610433578,0.15393595397472382,0.00813186727464199,0.09770812839269638,0.0337851345539093,0.1838754415512085,0.3499525785446167,0.002977773081511259,2.0502774715423584,0.13841544091701508,,,,,,,,,,,,,,,
,0.00025312204664618783,13379,,,,,,,,,,,,,,,,,,,,,,,,,,,,,,
19,,13379,0.0662679448723793,0.03607562929391861,0.3386440575122833,0.0035604985896497965,0.052524384111166,0.013210460543632507,0.20338714122772217,0.011735744774341583,0.1127595528960228,0.02901766635477543,0.18067805469036102,0.43196046352386475,0.0055762785486876965,2.1241743564605713,0.1269984245300293,,,,,,,,,,,,,,,
,0.00025302760897612,13389,,,,,,,,,,,,,,,,,,,,,,,,,,,,,,
19,,13389,0.10088139772415161,0.05714522674679756,0.2933036684989929,0.003532583825290203,0.08662516623735428,0.010667788796126842,0.22424259781837463,0.006826852448284626,0.28859296441078186,0.06773138791322708,0.2209683507680893,0.6523504853248596,0.0016274878289550543,2.1171793937683105,0.17692141234874725,,,,,,,,,,,,,,,
,0.0002529330939330593,13399,,,,,,,,,,,,,,,,,,,,,,,,,,,,,,
19,,13399,0.055320847779512405,0.02623027004301548,0.29247790575027466,0.0018054308602586389,0.06095173582434654,0.015032883733510971,0.16954118013381958,0.018398776650428772,0.15478621423244476,0.044465117156505585,0.189266636967659,0.44967442750930786,0.0021055962424725294,2.1362035274505615,0.12339917570352554,,,,,,,,,,,,,,,
,0.0002528385015879857,13409,,,,,,,,,,,,,,,,,,,,,,,,,,,,,,
19,,13409,0.05857544019818306,0.02193870209157467,0.30400705337524414,0.004902640823274851,0.05067390948534012,0.01848936639726162,0.1746131181716919,0.011498386971652508,0.09334124624729156,0.03621318191289902,0.18808582425117493,0.3838807940483093,0.0009973376290872693,2.135359287261963,0.11753420531749725,,,,,,,,,,,,,,,
,0.0002527438320119375,13419,,,,,,,,,,,,,,,,,,,,,,,,,,,,,,
19,,13419,0.0856751948595047,0.03314745053648949,0.24193231761455536,0.0004042555228807032,0.07150331884622574,0.022470446303486824,0.18105123937129974,0.010615739971399307,0.13057488203048706,0.0654914379119873,0.18585169315338135,0.4373849332332611,0.0018973053665831685,2.094326972961426,0.14616182446479797,,,,,,,,,,,,,,,
,0.00025264908527601083,13429,,,,,,,,,,,,,,,,,,,,,,,,,,,,,,
19,,13429,0.07326435297727585,0.02371089905500412,0.2714284360408783,0.0033773453906178474,0.05096534639596939,0.009521747939288616,0.16654545068740845,0.007225868757814169,0.09241021424531937,0.06632120907306671,0.17607560753822327,0.3753827214241028,0.00653187045827508,2.0961925983428955,0.11330167949199677,,,,,,,,,,,,,,,
,0.00025255426145135974,13439,,,,,,,,,,,,,,,,,,,,,,,,,,,,,,
19,,13439,0.06549952924251556,0.01873382180929184,0.20806005597114563,0.001897621899843216,0.037167247384786606,0.012648679316043854,0.16101929545402527,0.01227855496108532,0.1262841522693634,0.05291380360722542,0.15906259417533875,0.3659786581993103,0.000850403041113168,2.103696346282959,0.08795338869094849,,,,,,,,,,,,,,,
,0.00025245936060919633,13449,,,,,,,,,,,,,,,,,,,,,,,,,,,,,,
19,,13449,0.07130567729473114,0.042262330651283264,0.30961373448371887,0.00646616006270051,0.06098972260951996,0.017439087852835655,0.20846644043922424,0.010303358547389507,0.11330486834049225,0.04488372430205345,0.1917036920785904,0.4363193213939667,0.002003297908231616,2.064213991165161,0.1254761815071106,,,,,,,,,,,,,,,
,0.0002523643828207904,13459,,,,,,,,,,,,,,,,,,,,,,,,,,,,,,
19,,13459,0.07081060111522675,0.026015274226665497,0.23250064253807068,0.0008393336902372539,0.04701056703925133,0.0164838545024395,0.1495528668165207,0.010499656200408936,0.1529180109500885,0.047390855848789215,0.16336247324943542,0.40981337428092957,0.0013049144763499498,2.0928759574890137,0.10508649051189423,,,,,,,,,,,,,,,
,0.0002522693281574696,13469,,,,,,,,,,,,,,,,,,,,,,,,,,,,,,
19,,13469,0.07505988329648972,0.02292540669441223,0.2594950199127197,0.0015198008622974157,0.06411799043416977,0.014273693785071373,0.17672084271907806,0.012620115652680397,0.16134755313396454,0.03076131083071232,0.18837253749370575,0.44246503710746765,0.0033046542666852474,2.068350076675415,0.09829667210578918,,,,,,,,,,,,,,,
,0.0002521741966906192,13479,,,,,,,,,,,,,,,,,,,,,,,,,,,,,,
19,,13479,0.0710233524441719,0.054394274950027466,0.3479158282279968,0.0024266631808131933,0.06419403105974197,0.01107752975076437,0.23137015104293823,0.009587764739990234,0.0988774448633194,0.06733445823192596,0.21013332903385162,0.4447958171367645,0.0007289204513654113,2.1118083000183105,0.133247509598732,,,,,,,,,,,,,,,
,0.0002520789884916825,13489,,,,,,,,,,,,,,,,,,,,,,,,,,,,,,
19,,13489,0.08054802566766739,0.020276524126529694,0.3034141957759857,0.0023625423200428486,0.07135622203350067,0.014285591430962086,0.18647724390029907,0.018011583015322685,0.16914638876914978,0.07131101191043854,0.22619563341140747,0.5005155205726624,0.003008421743288636,2.0897207260131836,0.1368025541305542,,,,,,,,,,,,,,,
,0.0002519837036321599,13499,,,,,,,,,,,,,,,,,,,,,,,,,,,,,,
19,,13499,0.03674682229757309,0.04076327383518219,0.22265154123306274,0.003575830487534404,0.04333656653761864,0.010549329221248627,0.14303942024707794,0.00504895206540823,0.06701669096946716,0.06408485025167465,0.15164786577224731,0.30741173028945923,0.005416818428784609,2.0834202766418457,0.11022758483886719,,,,,,,,,,,,,,,
,0.00025188834218360976,13509,,,,,,,,,,,,,,,,,,,,,,,,,,,,,,
19,,13509,0.038067128509283066,0.04328014329075813,0.337740957736969,0.0027442490682005882,0.04513774439692497,0.016259262338280678,0.1942237764596939,0.010933266021311283,0.10492142289876938,0.020220384001731873,0.22300471365451813,0.4087793827056885,0.001330617698840797,2.073564052581787,0.11859297752380371,,,,,,,,,,,,,,,
,0.0002517929042176479,13519,,,,,,,,,,,,,,,,,,,,,,,,,,,,,,
19,,13519,0.05284209921956062,0.028794843703508377,0.28454461693763733,0.0018909901846200228,0.04978018254041672,0.009737604297697544,0.15424565970897675,0.010908234864473343,0.09073936939239502,0.03199808672070503,0.1874489039182663,0.36331090331077576,0.0027041516732424498,2.1332144737243652,0.11867014318704605,,,,,,,,,,,,,,,
,0.00025169738980594745,13529,,,,,,,,,,,,,,,,,,,,,,,,,,,,,,
19,,13529,0.06682364642620087,0.0353507362306118,0.2892512381076813,0.0011023078113794327,0.0641462579369545,0.017918435856699944,0.19132286310195923,0.012875707820057869,0.13842374086380005,0.06179319694638252,0.22424308955669403,0.454926073551178,0.0012854982633143663,2.081347942352295,0.13322411477565765,,,,,,,,,,,,,,,
,0.0002516017990202391,13539,,,,,,,,,,,,,,,,,,,,,,,,,,,,,,
19,,13539,0.06226703152060509,0.0312679298222065,0.26311981678009033,0.005453270860016346,0.06154912710189819,0.024589313194155693,0.17661094665527344,0.011225275695323944,0.11865123361349106,0.04657873883843422,0.17041730880737305,0.4021163582801819,0.0005152334342710674,2.03407621383667,0.10263273119926453,,,,,,,,,,,,,,,
,0.00025150613193231075,13549,,,,,,,,,,,,,,,,,,,,,,,,,,,,,,
19,,13549,0.06573501229286194,0.015616337768733501,0.20254994928836823,0.002576272701844573,0.04150613397359848,0.020757833495736122,0.12741969525814056,0.00971144624054432,0.11942830681800842,0.0548938624560833,0.16281162202358246,0.35780420899391174,0.0014798414194956422,2.0966596603393555,0.10440848022699356,,,,,,,,,,,,,,,
,0.0002514103886140078,13559,,,,,,,,,,,,,,,,,,,,,,,,,,,,,,
19,,13559,0.030363058671355247,0.021777406334877014,0.2828640937805176,0.0013192271580919623,0.053617797791957855,0.005547933280467987,0.15102168917655945,0.00919056124985218,0.08564868569374084,0.0701126903295517,0.19612321257591248,0.3424009382724762,0.00058804324362427,2.1314785480499268,0.11075767874717712,,,,,,,,,,,,,,,
,0.0002513145691372328,13569,,,,,,,,,,,,,,,,,,,,,,,,,,,,,,
19,,13569,0.04469120875000954,0.053320981562137604,0.33594605326652527,0.004185905214399099,0.07312217354774475,0.01177992857992649,0.20883789658546448,0.010047493502497673,0.11395487934350967,0.057890813797712326,0.2126329392194748,0.4516758620738983,0.011026880703866482,2.07814621925354,0.1347089558839798,,,,,,,,,,,,,,,
,0.0002512186735739455,13579,,,,,,,,,,,,,,,,,,,,,,,,,,,,,,
19,,13579,0.06049035117030144,0.042241089046001434,0.32800936698913574,0.00214649410918355,0.055484652519226074,0.008388194255530834,0.2264593094587326,0.011797111481428146,0.08494514226913452,0.08439876139163971,0.2034255862236023,0.4183468222618103,0.0019980142824351788,2.0941781997680664,0.14630207419395447,,,,,,,,,,,,,,,
,0.0002511227019961626,13589,,,,,,,,,,,,,,,,,,,,,,,,,,,,,,
19,,13589,0.040316835045814514,0.02261701598763466,0.27027463912963867,0.0028502359054982662,0.061315298080444336,0.009826556779444218,0.138764888048172,0.012512527406215668,0.08334959298372269,0.05374281853437424,0.1842053085565567,0.34366217255592346,0.0008477102965116501,2.0960116386413574,0.1132623627781868,,,,,,,,,,,,,,,
,0.00025102665447595824,13599,,,,,,,,,,,,,,,,,,,,,,,,,,,,,,
19,,13599,0.06060906499624252,0.02516736276447773,0.27324214577674866,0.008120058104395866,0.06100661680102348,0.019791679456830025,0.1840793937444687,0.012072007171809673,0.15943561494350433,0.0737052783370018,0.17381688952445984,0.458061546087265,0.005932688247412443,2.0716564655303955,0.11056853830814362,,,,,,,,,,,,,,,
,0.0002509305310854634,13609,,,,,,,,,,,,,,,,,,,,,,,,,,,,,,
19,,13609,0.04883283004164696,0.033808398991823196,0.2802215814590454,0.0012557352893054485,0.04917115718126297,0.010497424751520157,0.14302770793437958,0.005820972844958305,0.09633617848157883,0.04041643068194389,0.2014404982328415,0.36602193117141724,0.0014883555704727769,2.1098546981811523,0.1315513700246811,,,,,,,,,,,,,,,
,0.00025083433189686597,13619,,,,,,,,,,,,,,,,,,,,,,,,,,,,,,
19,,13619,0.050163786858320236,0.02737179771065712,0.2800740897655487,0.004490245133638382,0.0447956882417202,0.009867435321211815,0.165309876203537,0.009657204151153564,0.09446492791175842,0.06661294400691986,0.20491456985473633,0.3667607605457306,0.0024244252126663923,2.122438669204712,0.09078723192214966,,,,,,,,,,,,,,,
,0.0002507380569824109,13629,,,,,,,,,,,,,,,,,,,,,,,,,,,,,,
19,,13629,0.055442534387111664,0.026525283232331276,0.28558966517448425,0.003566885134205222,0.04309817776083946,0.012150747701525688,0.1618572324514389,0.009510155767202377,0.0993240550160408,0.042897097766399384,0.16118092834949493,0.3633110523223877,0.0028850636444985867,2.1226580142974854,0.09343872219324112,,,,,,,,,,,,,,,
,0.00025064170641439997,13639,,,,,,,,,,,,,,,,,,,,,,,,,,,,,,
19,,13639,0.07706691324710846,0.037664104253053665,0.2607388198375702,0.004579396452754736,0.06661127507686615,0.02418864145874977,0.1728401631116867,0.02153153531253338,0.1790960133075714,0.05068575590848923,0.20648863911628723,0.506493330001831,0.0007550888112746179,2.1016058921813965,0.15950918197631836,,,,,,,,,,,,,,,
,0.00025054528026519177,13649,,,,,,,,,,,,,,,,,,,,,,,,,,,,,,
19,,13649,0.03688502684235573,0.03236694633960724,0.2933558225631714,0.00097789301071316,0.05003218725323677,0.008899729698896408,0.17962315678596497,0.01050676591694355,0.10124184191226959,0.05593083053827286,0.18218809366226196,0.3789483308792114,0.011290143243968487,2.0784265995025635,0.09614896774291992,,,,,,,,,,,,,,,
,0.0002504487786072016,13659,,,,,,,,,,,,,,,,,,,,,,,,,,,,,,
19,,13659,0.06465482711791992,0.01258519385010004,0.17559422552585602,0.0005854221526533365,0.03558310121297836,0.012984379194676876,0.12446939945220947,0.009288948029279709,0.09986042976379395,0.039135612547397614,0.16113927960395813,0.31647905707359314,0.001156187616288662,2.1062467098236084,0.10314935445785522,,,,,,,,,,,,,,,
,0.00025035220151290154,13669,,,,,,,,,,,,,,,,,,,,,,,,,,,,,,
19,,13669,0.07007472217082977,0.019938025623559952,0.2875750660896301,0.0004758759168908,0.04827968776226044,0.019462931901216507,0.14465239644050598,0.011510835960507393,0.08838677406311035,0.06798480451107025,0.21341472864151,0.3836735785007477,0.001617657719179988,2.0772488117218018,0.1385071575641632,,,,,,,,,,,,,,,
,0.0002502555490548203,13679,,,,,,,,,,,,,,,,,,,,,,,,,,,,,,
19,,13679,0.028975320979952812,0.028173822909593582,0.2318694144487381,0.0030812923796474934,0.037743423134088516,0.011912189424037933,0.1326180249452591,0.0030152134131640196,0.05318859964609146,0.07079719752073288,0.16240520775318146,0.283268004655838,0.007571360561996698,2.0965795516967773,0.09815487265586853,,,,,,,,,,,,,,,
,0.00025015882130554316,13689,,,,,,,,,,,,,,,,,,,,,,,,,,,,,,
19,,13689,0.07342757284641266,0.0342462994158268,0.2745317816734314,0.004160068463534117,0.049022044986486435,0.008244498632848263,0.19608110189437866,0.01576252654194832,0.15041102468967438,0.033080510795116425,0.17860256135463715,0.44492605328559875,0.005101792514324188,2.073927402496338,0.10212710499763489,,,,,,,,,,,,,,,
,0.000250062018337712,13699,,,,,,,,,,,,,,,,,,,,,,,,,,,,,,
19,,13699,0.07412896305322647,0.02945951372385025,0.2114422470331192,0.0019270704360678792,0.06267369538545609,0.018019752576947212,0.14803367853164673,0.004677174612879753,0.06386050581932068,0.040592011064291,0.159542515873909,0.31808266043663025,0.0037128461990505457,2.1084747314453125,0.10646681487560272,,,,,,,,,,,,,,,
,0.00024996514022402504,13709,,,,,,,,,,,,,,,,,,,,,,,,,,,,,,
19,,13709,0.05589508265256882,0.02196004055440426,0.23715348541736603,0.00229096133261919,0.04443781077861786,0.009250344708561897,0.1345035582780838,0.010713854804635048,0.1258218139410019,0.04259490221738815,0.18049286305904388,0.3721162974834442,0.0010636430233716965,2.0967397689819336,0.10833370685577393,,,,,,,,,,,,,,,
,0.0002498681870372372,13719,,,,,,,,,,,,,,,,,,,,,,,,,,,,,,
19,,13719,0.04109843447804451,0.04977010563015938,0.20452015101909637,0.0030189736280590296,0.056938447058200836,0.006070343777537346,0.1820496916770935,0.005956727080047131,0.09711230546236038,0.043175626546144485,0.1743166446685791,0.3426564335823059,0.0006400231504812837,2.077946186065674,0.09997745603322983,,,,,,,,,,,,,,,
,0.00024977115885015957,13729,,,,,,,,,,,,,,,,,,,,,,,,,,,,,,
19,,13729,0.05905868113040924,0.03029835782945156,0.22222934663295746,0.0021638902835547924,0.04487043619155884,0.011712510138750076,0.14586997032165527,0.012301216833293438,0.09434043616056442,0.04260754957795143,0.197249636054039,0.34334874153137207,0.0004376538563519716,2.084658145904541,0.08801878243684769,,,,,,,,,,,,,,,
,0.00024967405573565955,13739,,,,,,,,,,,,,,,,,,,,,,,,,,,,,,
19,,13739,0.04532357305288315,0.020400680601596832,0.2977500855922699,0.0014390063006430864,0.04599032923579216,0.01521832775324583,0.14869606494903564,0.009821866638958454,0.1110929325222969,0.039216458797454834,0.20408469438552856,0.3807918429374695,0.0009746893192641437,2.123586893081665,0.1144537404179573,,,,,,,,,,,,,,,
,0.00024957687776666095,13749,,,,,,,,,,,,,,,,,,,,,,,,,,,,,,
19,,13749,0.06950579583644867,0.024688435718417168,0.3216747045516968,0.0009875003015622497,0.059783220291137695,0.011092031374573708,0.14770260453224182,0.00973639264702797,0.10916091501712799,0.035012755542993546,0.23968559503555298,0.41660603880882263,0.0010321598965674639,2.087332010269165,0.14650611579418182,,,,,,,,,,,,,,,
,0.0002494796250161437,13759,,,,,,,,,,,,,,,,,,,,,,,,,,,,,,
19,,13759,0.057608529925346375,0.03990526124835014,0.3431938588619232,0.0012876313412562013,0.06957372277975082,0.01856774091720581,0.19633765518665314,0.00798793788999319,0.09246721863746643,0.058948587626218796,0.19028715789318085,0.4203893840312958,0.0016966197872534394,2.0824451446533203,0.15521328151226044,,,,,,,,,,,,,,,
,0.000249382297557144,13769,,,,,,,,,,,,,,,,,,,,,,,,,,,,,,
19,,13769,0.053016673773527145,0.04783954098820686,0.2970273494720459,0.0056210351176559925,0.044641949236392975,0.02103147841989994,0.1938691884279251,0.007696252316236496,0.08994541317224503,0.035556137561798096,0.18601252138614655,0.3753233850002289,0.0007572638569399714,2.0884604454040527,0.07957190275192261,,,,,,,,,,,,,,,
,0.0002492848954627539,13779,,,,,,,,,,,,,,,,,,,,,,,,,,,,,,
19,,13779,0.09458884596824646,0.023793568834662437,0.19759134948253632,0.0006316886283457279,0.04665053263306618,0.015006182715296745,0.15358306467533112,0.013130195438861847,0.1503923386335373,0.051784414798021317,0.16710646450519562,0.4070882499217987,0.00047098775394260883,2.071077585220337,0.09207769483327866,,,,,,,,,,,,,,,
,0.0002491874188061219,13789,,,,,,,,,,,,,,,,,,,,,,,,,,,,,,
19,,13789,0.0959358885884285,0.02956804633140564,0.3233664333820343,0.0008447802974842489,0.06101186200976372,0.011645925231277943,0.2069910168647766,0.01285566482692957,0.16172614693641663,0.04377126321196556,0.21132011711597443,0.4933532774448395,0.0009448216296732426,2.1005606651306152,0.12841127812862396,,,,,,,,,,,,,,,
,0.000249089867660452,13799,,,,,,,,,,,,,,,,,,,,,,,,,,,,,,
19,,13799,0.07491734623908997,0.0366240069270134,0.3156513273715973,0.009260129183530807,0.060711171478033066,0.008955121040344238,0.1889614760875702,0.0127701535820961,0.1564643681049347,0.06070845574140549,0.17329145967960358,0.4757620394229889,0.0013687838800251484,2.077057123184204,0.1281154602766037,,,,,,,,,,,,,,,
,0.00024899224209900465,13809,,,,,,,,,,,,,,,,,,,,,,,,,,,,,,
19,,13809,0.04319917410612106,0.03354959934949875,0.23208728432655334,0.001413765363395214,0.03359425812959671,0.008824537508189678,0.14494000375270844,0.012246264144778252,0.06381721049547195,0.04629886522889137,0.15329670906066895,0.2881692051887512,0.0003224891552235931,2.0928072929382324,0.06357947736978531,,,,,,,,,,,,,,,
,0.0002488945421950958,13819,,,,,,,,,,,,,,,,,,,,,,,,,,,,,,
19,,13819,0.05386589840054512,0.02559627778828144,0.42090097069740295,0.00042803797987289727,0.05927114188671112,0.005006840918213129,0.21108652651309967,0.006348017603158951,0.08798761665821075,0.06085273250937462,0.2306055724620819,0.4270423352718353,0.0013021656777709723,2.094285488128662,0.140642911195755,,,,,,,,,,,,,,,
,0.0002487967680220974,13829,,,,,,,,,,,,,,,,,,,,,,,,,,,,,,
19,,13829,0.056788209825754166,0.0193159356713295,0.26891058683395386,0.00165166228543967,0.05809967592358589,0.027033697813749313,0.1306857019662857,0.00977429747581482,0.08661239594221115,0.04208149015903473,0.19359810650348663,0.3615714907646179,0.007127464283257723,2.1205191612243652,0.1128898561000824,,,,,,,,,,,,,,,
,0.00024869891965343717,13839,,,,,,,,,,,,,,,,,,,,,,,,,,,,,,
19,,13839,0.05875625088810921,0.05897374451160431,0.3389778435230255,0.0028870708774775267,0.052313562482595444,0.01130593754351139,0.22274112701416016,0.008696924895048141,0.12883108854293823,0.04273650795221329,0.2059909999370575,0.4587009847164154,0.0009079081937670708,2.0726261138916016,0.135639026761055,,,,,,,,,,,,,,,
,0.00024860099716259856,13849,,,,,,,,,,,,,,,,,,,,,,,,,,,,,,
19,,13849,0.0602845661342144,0.018638156354427338,0.24041587114334106,0.0026768178213387728,0.047034092247486115,0.013572612777352333,0.16356101632118225,0.009137679822742939,0.10320243239402771,0.05726190656423569,0.17322400212287903,0.36841249465942383,0.010197719559073448,2.060370445251465,0.10268767923116684,,,,,,,,,,,,,,,
,0.0002485030006231206,13859,,,,,,,,,,,,,,,,,,,,,,,,,,,,,,
19,,13859,0.05204841122031212,0.0324188694357872,0.2887142598628998,0.0012447526678442955,0.06135225668549538,0.018747622147202492,0.18541643023490906,0.01665642485022545,0.12094360589981079,0.052491288632154465,0.20277826488018036,0.4249837398529053,0.0011101202107965946,2.103820323944092,0.13309171795845032,,,,,,,,,,,,,,,
,0.000248404930108598,13869,,,,,,,,,,,,,,,,,,,,,,,,,,,,,,
19,,13869,0.0495990514755249,0.034496087580919266,0.276878297328949,0.0069526126608252525,0.049216918647289276,0.006574658211320639,0.15132088959217072,0.00931016355752945,0.0740056186914444,0.0541677325963974,0.19650346040725708,0.345249742269516,0.0017179071437567472,2.052274465560913,0.1025145873427391,,,,,,,,,,,,,,,
,0.00024830678569268106,13879,,,,,,,,,,,,,,,,,,,,,,,,,,,,,,
19,,13879,0.05816155672073364,0.03741787374019623,0.3336462378501892,0.002595237223431468,0.0674683079123497,0.02992827259004116,0.22907611727714539,0.00745255034416914,0.11328873783349991,0.06119338795542717,0.18829193711280823,0.4498038589954376,0.003154762787744403,2.0789246559143066,0.1441105455160141,,,,,,,,,,,,,,,
,0.00024820856744907545,13889,,,,,,,,,,,,,,,,,,,,,,,,,,,,,,
19,,13889,0.03453806787729263,0.030190400779247284,0.32411646842956543,0.003352830884978175,0.04223246872425079,0.003720823209732771,0.17753319442272186,0.0052304198034107685,0.07561967521905899,0.046872444450855255,0.168349951505661,0.34483128786087036,0.006555188912898302,2.118029832839966,0.09996779263019562,,,,,,,,,,,,,,,
,0.0002481102754515424,13899,,,,,,,,,,,,,,,,,,,,,,,,,,,,,,
19,,13899,0.022334923967719078,0.02554980292916298,0.3357624411582947,0.0047757853753864765,0.05820343270897865,0.025858556851744652,0.17634069919586182,0.007049050182104111,0.07712646573781967,0.03309416398406029,0.20385882258415222,0.37132689356803894,0.0025122163351625204,2.073674440383911,0.1348201334476471,,,,,,,,,,,,,,,
19,,13899,,,,,,,,,,,,,,,,0.17120514810085297,0.028940171003341675,0.25957849621772766,0.007713831961154938,0.05692066252231598,0.00201708497479558,0.12019450217485428,0.018161660060286522,0.19158044457435608,0.06111826002597809,0.1699114739894867,0.5312731862068176,0.011310833506286144,2.096345901489258,0.13005609810352325
,0.00024801190977389854,13909,,,,,,,,,,,,,,,,,,,,,,,,,,,,,,
20,,13909,0.02994162030518055,0.051022931933403015,0.28144365549087524,0.0027966643683612347,0.05048565939068794,0.011747912503778934,0.18436947464942932,0.006919314619153738,0.061812952160835266,0.04058663919568062,0.191483274102211,0.3408821225166321,0.004567799624055624,2.117443561553955,0.11999962478876114,,,,,,,,,,,,,,,
,0.0002479134704900157,13919,,,,,,,,,,,,,,,,,,,,,,,,,,,,,,
20,,13919,0.053612180054187775,0.03285377472639084,0.3227868974208832,0.0066661955788731575,0.0791967511177063,0.02626810036599636,0.2048862725496292,0.01524202898144722,0.23069655895233154,0.04553404077887535,0.20020946860313416,0.5644319653511047,0.001394795486703515,2.095287799835205,0.1420728713274002,,,,,,,,,,,,,,,
,0.0002478149576738211,13929,,,,,,,,,,,,,,,,,,,,,,,,,,,,,,
20,,13929,0.06967178732156754,0.020653430372476578,0.2916778028011322,0.002453217748552561,0.0675697922706604,0.00914243794977665,0.1449921429157257,0.006729119922965765,0.10393671691417694,0.043716780841350555,0.19913168251514435,0.3935891389846802,0.0021821041591465473,2.10249924659729,0.1453060656785965,,,,,,,,,,,,,,,
,0.0002477163713992972,13939,,,,,,,,,,,,,,,,,,,,,,,,,,,,,,
20,,13939,0.037535883486270905,0.0255233533680439,0.2704255282878876,0.0010588911827653646,0.04300418123602867,0.012996927835047245,0.16509436070919037,0.007798515260219574,0.06086743250489235,0.034913334995508194,0.20482100546360016,0.33402296900749207,0.004384724888950586,2.1129088401794434,0.15028059482574463,,,,,,,,,,,,,,,
,0.00024761771174048154,13949,,,,,,,,,,,,,,,,,,,,,,,,,,,,,,
20,,13949,0.08365684002637863,0.01803618296980858,0.2234404981136322,0.0018764410633593798,0.04354305937886238,0.01614544913172722,0.13315162062644958,0.013582712039351463,0.10207396000623703,0.038221169263124466,0.18245060741901398,0.3629901111125946,0.0026103039272129536,2.0593512058258057,0.10767320543527603,,,,,,,,,,,,,,,
,0.0002475189787714669,13959,,,,,,,,,,,,,,,,,,,,,,,,,,,,,,
20,,13959,0.06797831505537033,0.0411895327270031,0.23239685595035553,0.0008658738806843758,0.04688114672899246,0.006844976916909218,0.174136221408844,0.007013622205704451,0.12620578706264496,0.048666585236787796,0.17270395159721375,0.3786437213420868,0.0005259858444333076,2.122757911682129,0.07776924222707748,,,,,,,,,,,,,,,
,0.0002474201725664009,13969,,,,,,,,,,,,,,,,,,,,,,,,,,,,,,
20,,13969,0.10499158501625061,0.02974781021475792,0.3089279532432556,0.0052987136878073215,0.07109347730875015,0.010966791771352291,0.22644585371017456,0.010864579118788242,0.2739390730857849,0.0395946204662323,0.20879851281642914,0.6247430443763733,0.006460146512836218,2.0694174766540527,0.1451335847377777,,,,,,,,,,,,,,,
,0.00024732129319948634,13979,,,,,,,,,,,,,,,,,,,,,,,,,,,,,,
20,,13979,0.0639927089214325,0.05775265768170357,0.24590812623500824,0.0073930490761995316,0.04026143252849579,0.021066689863801003,0.17896299064159393,0.00757894292473793,0.11005339026451111,0.04572311416268349,0.1541345715522766,0.3886961340904236,0.005201417487114668,2.123727560043335,0.08858206123113632,,,,,,,,,,,,,,,
,0.00024722234074498096,13989,,,,,,,,,,,,,,,,,,,,,,,,,,,,,,
20,,13989,0.10274115204811096,0.03434908017516136,0.23434381186962128,0.004476751666516066,0.06636065244674683,0.018080303445458412,0.1980886608362198,0.018740110099315643,0.19621878862380981,0.055174246430397034,0.18531177937984467,0.519273579120636,0.007243437226861715,2.114689350128174,0.12230054289102554,,,,,,,,,,,,,,,
,0.0002471233152771972,13999,,,,,,,,,,,,,,,,,,,,,,,,,,,,,,
20,,13999,0.06878673285245895,0.015171123668551445,0.18910127878189087,0.001587558537721634,0.058506134897470474,0.013114867731928825,0.14687460660934448,0.014222802594304085,0.15112532675266266,0.04505138099193573,0.17270414531230927,0.40145641565322876,0.0014406840782612562,2.0979807376861572,0.12228894978761673,,,,,,,,,,,,,,,
,0.0002470242168705027,14009,,,,,,,,,,,,,,,,,,,,,,,,,,,,,,
20,,14009,0.06751225143671036,0.02121853642165661,0.2594870924949646,0.002585110254585743,0.0770382285118103,0.050515808165073395,0.18757769465446472,0.00876588374376297,0.12918688356876373,0.07339383661746979,0.20114551484584808,0.45677870512008667,0.0015033427625894547,2.0638487339019775,0.17332568764686584,,,,,,,,,,,,,,,
,0.00024692504559931946,14019,,,,,,,,,,,,,,,,,,,,,,,,,,,,,,
20,,14019,0.055770937353372574,0.0217300895601511,0.26805785298347473,0.0014754575677216053,0.052764467895030975,0.006132798735052347,0.143049418926239,0.009010493755340576,0.09719279408454895,0.036849819123744965,0.18933826684951782,0.3697437047958374,0.006750018335878849,2.1321566104888916,0.1430169939994812,,,,,,,,,,,,,,,
,0.0002468258015381245,14029,,,,,,,,,,,,,,,,,,,,,,,,,,,,,,
20,,14029,0.06535956263542175,0.02757217176258564,0.3003156781196594,0.0024513874668627977,0.07080783694982529,0.021735526621341705,0.2263600081205368,0.011109475046396255,0.16957509517669678,0.05959775671362877,0.21249844133853912,0.5084052681922913,0.0014694716082885861,2.0992543697357178,0.17799128592014313,,,,,,,,,,,,,,,
,0.00024672648476144936,14039,,,,,,,,,,,,,,,,,,,,,,,,,,,,,,
20,,14039,0.045959439128637314,0.03665419667959213,0.2635605037212372,0.0005192709504626691,0.04341888427734375,0.009319624863564968,0.17243994772434235,0.011412560939788818,0.04612930491566658,0.03966023027896881,0.18602360785007477,0.3186509907245636,0.0015711052110418677,2.122342586517334,0.13510309159755707,,,,,,,,,,,,,,,
,0.0002466270953438801,14049,,,,,,,,,,,,,,,,,,,,,,,,,,,,,,
20,,14049,0.0829661637544632,0.026861529797315598,0.29657799005508423,0.004899442661553621,0.05197291076183319,0.00812701415270567,0.15580765902996063,0.007369485218077898,0.10504467785358429,0.031865984201431274,0.19764521718025208,0.4021039307117462,0.011186022311449051,2.073474884033203,0.10695195198059082,,,,,,,,,,,,,,,
,0.0002465276333600577,14059,,,,,,,,,,,,,,,,,,,,,,,,,,,,,,
20,,14059,0.06302864104509354,0.022036464884877205,0.24443791806697845,0.0019353737588971853,0.05196285620331764,0.010814611800014973,0.14846082031726837,0.011868656612932682,0.1439746767282486,0.044925495982170105,0.1738305687904358,0.4062148630619049,0.002265826566144824,2.0430305004119873,0.11830630898475647,,,,,,,,,,,,,,,
,0.0002464280988846772,14069,,,,,,,,,,,,,,,,,,,,,,,,,,,,,,
20,,14069,0.10265261679887772,0.01801399700343609,0.22032763063907623,0.003355196677148342,0.05659948289394379,0.011601562611758709,0.15165792405605316,0.020001832395792007,0.19295667111873627,0.04882676154375076,0.18961545825004578,0.49307024478912354,0.001616863184608519,2.1039066314697266,0.1579907238483429,,,,,,,,,,,,,,,
,0.0002463284919924884,14079,,,,,,,,,,,,,,,,,,,,,,,,,,,,,,
20,,14079,0.04757218062877655,0.02792288549244404,0.28604140877723694,0.010088659822940826,0.07339902222156525,0.01348963938653469,0.18253791332244873,0.009151028469204903,0.1116374135017395,0.05891038104891777,0.22459183633327484,0.43529030680656433,0.007018276955932379,2.094773054122925,0.1738109439611435,,,,,,,,,,,,,,,
,0.00024622881275829526,14089,,,,,,,,,,,,,,,,,,,,,,,,,,,,,,
20,,14089,0.02665119431912899,0.02969079278409481,0.2624106705188751,0.003502075793221593,0.03655238077044487,0.012862937524914742,0.149458646774292,0.0028820065781474113,0.04695454239845276,0.0499248281121254,0.17833298444747925,0.28221869468688965,0.00025025891955010593,2.1084563732147217,0.09538373351097107,,,,,,,,,,,,,,,
,0.0002461290612569562,14099,,,,,,,,,,,,,,,,,,,,,,,,,,,,,,
20,,14099,0.051228031516075134,0.029360681772232056,0.24903014302253723,0.007653636392205954,0.04508283734321594,0.01236425805836916,0.15596745908260345,0.009493857622146606,0.10976548492908478,0.04403742775321007,0.17063763737678528,0.3626895248889923,0.0010476395254954696,2.0753636360168457,0.08494571596384048,,,,,,,,,,,,,,,
,0.00024602923756338393,14109,,,,,,,,,,,,,,,,,,,,,,,,,,,,,,
20,,14109,0.06597838550806046,0.01746586337685585,0.1468883901834488,0.0017449194565415382,0.02887536585330963,0.012347781099379063,0.10453196614980698,0.009937888942658901,0.07125239074230194,0.030785923823714256,0.13669972121715546,0.2584281861782074,0.003015613416209817,2.106344699859619,0.056505899876356125,,,,,,,,,,,,,,,
,0.0002459293417525453,14119,,,,,,,,,,,,,,,,,,,,,,,,,,,,,,
20,,14119,0.055020805448293686,0.051860108971595764,0.28354641795158386,0.004000603221356869,0.05053737014532089,0.011471673846244812,0.21854497492313385,0.012018118053674698,0.12065785378217697,0.06342566758394241,0.201216459274292,0.431165486574173,0.003120429813861847,2.07133150100708,0.11762169003486633,,,,,,,,,,,,,,,
,0.0002458293738994613,14129,,,,,,,,,,,,,,,,,,,,,,,,,,,,,,
20,,14129,0.08181771636009216,0.03310935199260712,0.2299928367137909,0.002303261077031493,0.04877230525016785,0.007704708259552717,0.14280900359153748,0.01218845322728157,0.11542408168315887,0.03592739626765251,0.2032596915960312,0.39353543519973755,0.002798073459416628,2.0886147022247314,0.13294106721878052,,,,,,,,,,,,,,,
,0.00024572933407920704,14139,,,,,,,,,,,,,,,,,,,,,,,,,,,,,,
20,,14139,0.07886364310979843,0.044162567704916,0.2195165604352951,0.0036284122616052628,0.05539511516690254,0.010451209731400013,0.19247758388519287,0.015648502856492996,0.12663717567920685,0.0631430596113205,0.18944884836673737,0.4217739999294281,0.006220441311597824,2.1021456718444824,0.10710890591144562,,,,,,,,,,,,,,,
,0.00024562922236691186,14149,,,,,,,,,,,,,,,,,,,,,,,,,,,,,,
20,,14149,0.049748439341783524,0.018403835594654083,0.22439801692962646,0.0034015392884612083,0.04035017639398575,0.015735747292637825,0.13446222245693207,0.005062209442257881,0.07110439240932465,0.047117929905653,0.16291797161102295,0.30643430352211,0.006914509925991297,2.0892398357391357,0.097247414290905,,,,,,,,,,,,,,,
,0.0002455290388377588,14159,,,,,,,,,,,,,,,,,,,,,,,,,,,,,,
20,,14159,0.0450577586889267,0.050029315054416656,0.31737610697746277,0.0010660459520295262,0.05255779251456261,0.009367129765450954,0.1958533674478531,0.005236498080193996,0.0755184143781662,0.06404126435518265,0.17585298418998718,0.37089619040489197,0.0043928008526563644,2.0730161666870117,0.11788619309663773,,,,,,,,,,,,,,,
,0.000245428783566985,14169,,,,,,,,,,,,,,,,,,,,,,,,,,,,,,
20,,14169,0.05433759465813637,0.024214208126068115,0.23900403082370758,0.007238523103296757,0.044173818081617355,0.016554001718759537,0.15096701681613922,0.009773395955562592,0.09946484118700027,0.025501523166894913,0.1635202318429947,0.3522135317325592,0.004186797421425581,2.0602920055389404,0.0980091542005539,,,,,,,,,,,,,,,
,0.0002453284566298815,14179,,,,,,,,,,,,,,,,,,,,,,,,,,,,,,
20,,14179,0.04462990537285805,0.01780627854168415,0.2162248194217682,0.004047301132231951,0.03991701453924179,0.004528635647147894,0.10398750007152557,0.00815192237496376,0.09674859046936035,0.0440710075199604,0.17077027261257172,0.3213385343551636,0.0028337121475487947,2.0998613834381104,0.12082317471504211,,,,,,,,,,,,,,,
,0.00024522805810179297,14189,,,,,,,,,,,,,,,,,,,,,,,,,,,,,,
20,,14189,0.034480009227991104,0.027784710749983788,0.3234346807003021,0.0036500224377959967,0.03361990675330162,0.010113012045621872,0.1544787436723709,0.004715939983725548,0.04659776762127876,0.06622287631034851,0.18054796755313873,0.31778088212013245,0.0018709666328504682,2.0536131858825684,0.12479244917631149,,,,,,,,,,,,,,,
,0.0002451275880581182,14199,,,,,,,,,,,,,,,,,,,,,,,,,,,,,,
20,,14199,0.06845279783010483,0.021050287410616875,0.23205426335334778,0.0008761636563576758,0.034927092492580414,0.008863690309226513,0.1347258985042572,0.008188480511307716,0.10034327208995819,0.056942276656627655,0.1679958552122116,0.33495932817459106,0.0007395175052806735,2.084911584854126,0.07854501157999039,,,,,,,,,,,,,,,
,0.0002450270465743092,14209,,,,,,,,,,,,,,,,,,,,,,,,,,,,,,
20,,14209,0.062217969447374344,0.03238990530371666,0.23527634143829346,0.005163691937923431,0.03872554376721382,0.009714893065392971,0.12084057182073593,0.0062538012862205505,0.08459409326314926,0.04441987723112106,0.15994343161582947,0.32554957270622253,0.0004266614268999547,2.0770130157470703,0.10354278236627579,,,,,,,,,,,,,,,
,0.0002449264337258722,14219,,,,,,,,,,,,,,,,,,,,,,,,,,,,,,
20,,14219,0.06922263652086258,0.02624831162393093,0.35867616534233093,0.002271724632009864,0.06493758410215378,0.011238817125558853,0.18000268936157227,0.01284576952457428,0.10318879038095474,0.08934624493122101,0.22067146003246307,0.4524167776107788,0.00441881874576211,2.0706093311309814,0.17529167234897614,,,,,,,,,,,,,,,
,0.0002448257495883665,14229,,,,,,,,,,,,,,,,,,,,,,,,,,,,,,
20,,14229,0.10245268791913986,0.031197575852274895,0.29874342679977417,0.0032981426920741796,0.07252486050128937,0.013966074213385582,0.2186114490032196,0.01527457870543003,0.20087528228759766,0.0541539192199707,0.1901475489139557,0.5447081923484802,0.000642544066067785,2.0723323822021484,0.15123191475868225,,,,,,,,,,,,,,,
,0.0002447249942374052,14239,,,,,,,,,,,,,,,,,,,,,,,,,,,,,,
20,,14239,0.02914394810795784,0.023963406682014465,0.2678773105144501,0.0008445474086329341,0.04241041839122772,0.0030498525593429804,0.1318397969007492,0.009919386357069016,0.0573614165186882,0.030292144045233727,0.17923158407211304,0.29547178745269775,0.0010556438937783241,2.0995852947235107,0.12097547203302383,,,,,,,,,,,,,,,
,0.00024462416774865495,14249,,,,,,,,,,,,,,,,,,,,,,,,,,,,,,
20,,14249,0.07003629207611084,0.03209436312317848,0.25170567631721497,0.0020293958950787783,0.042810212820768356,0.006997010670602322,0.1797548234462738,0.0107090063393116,0.09756693243980408,0.028339006006717682,0.1775401383638382,0.36681199073791504,0.0011685092467814684,2.110668659210205,0.11023968458175659,,,,,,,,,,,,,,,
,0.00024452327019783553,14259,,,,,,,,,,,,,,,,,,,,,,,,,,,,,,
20,,14259,0.06001646816730499,0.028070423752069473,0.28239309787750244,0.00251969275996089,0.04517270624637604,0.019471658393740654,0.16516603529453278,0.00940355472266674,0.08587566763162613,0.041194505989551544,0.1857319176197052,0.3686530590057373,0.0067654321901500225,2.0999369621276855,0.10829437524080276,,,,,,,,,,,,,,,
,0.00024442230166072054,14269,,,,,,,,,,,,,,,,,,,,,,,,,,,,,,
20,,14269,0.025952579453587532,0.08072195947170258,0.2912759780883789,0.001411327626556158,0.039911042898893356,0.014279339462518692,0.19751481711864471,0.004470028914511204,0.04194444417953491,0.03582751378417015,0.17820757627487183,0.32310083508491516,0.0032050900626927614,2.1118991374969482,0.10636758804321289,,,,,,,,,,,,,,,
,0.0002443212622131364,14279,,,,,,,,,,,,,,,,,,,,,,,,,,,,,,
20,,14279,0.05479493364691734,0.031216414645314217,0.22991406917572021,0.006612986791878939,0.05333639681339264,0.024394892156124115,0.1556961089372635,0.011743699200451374,0.09407656639814377,0.04194650053977966,0.1701379269361496,0.3658831715583801,0.0030491198413074017,2.1141717433929443,0.12255813181400299,,,,,,,,,,,,,,,
,0.00024422015193096305,14289,,,,,,,,,,,,,,,,,,,,,,,,,,,,,,
20,,14289,0.1004362627863884,0.02287982404232025,0.2292783260345459,0.0038507692515850067,0.06822008639574051,0.009553056210279465,0.15316970646381378,0.012173504568636417,0.19182255864143372,0.04026351124048233,0.17817895114421844,0.4865781366825104,0.004105850588530302,2.0993340015411377,0.14890864491462708,,,,,,,,,,,,,,,
,0.00024411897089013365,14299,,,,,,,,,,,,,,,,,,,,,,,,,,,,,,
20,,14299,0.041390612721443176,0.03805319219827652,0.24246127903461456,0.0018627862446010113,0.04379552602767944,0.015042608603835106,0.16600020229816437,0.008706803433597088,0.08106813579797745,0.05464348569512367,0.1829998940229416,0.3403938412666321,0.009941876865923405,2.0894553661346436,0.08464169502258301,,,,,,,,,,,,,,,
,0.00024401771916663438,14309,,,,,,,,,,,,,,,,,,,,,,,,,,,,,,
20,,14309,0.05956358090043068,0.02151796780526638,0.30512934923171997,0.00273146852850914,0.06754685193300247,0.017550891265273094,0.20779722929000854,0.012374283745884895,0.1160099059343338,0.06482833623886108,0.18103398382663727,0.42783015966415405,0.0009158960892818868,2.0904901027679443,0.14109446108341217,,,,,,,,,,,,,,,
,0.0002439163968365046,14319,,,,,,,,,,,,,,,,,,,,,,,,,,,,,,
20,,14319,0.0715334340929985,0.022499244660139084,0.1815379112958908,0.0024603812489658594,0.05009554699063301,0.014447648078203201,0.13585083186626434,0.01579480990767479,0.12996584177017212,0.04921725019812584,0.16969388723373413,0.37151679396629333,0.0018833482172340155,2.073390245437622,0.09050948172807693,,,,,,,,,,,,,,,
,0.00024381500397583668,14329,,,,,,,,,,,,,,,,,,,,,,,,,,,,,,
20,,14329,0.07834847271442413,0.0823260173201561,0.3036395013332367,0.007770284079015255,0.05243450030684471,0.020664295181632042,0.24997010827064514,0.011433687061071396,0.10626718401908875,0.050981733947992325,0.19609856605529785,0.46668902039527893,0.0038234295789152384,2.068718671798706,0.13799235224723816,,,,,,,,,,,,,,,
,0.00024371354066077576,14339,,,,,,,,,,,,,,,,,,,,,,,,,,,,,,
20,,14339,0.045635633170604706,0.019399741664528847,0.24936151504516602,0.0026460501831024885,0.06885853409767151,0.014175478368997574,0.16196870803833008,0.011091090738773346,0.18068405985832214,0.07064876705408096,0.19185900688171387,0.45964598655700684,0.006563237868249416,2.1126186847686768,0.13170567154884338,,,,,,,,,,,,,,,
,0.00024361200696752024,14349,,,,,,,,,,,,,,,,,,,,,,,,,,,,,,
20,,14349,0.041443780064582825,0.04321298748254776,0.32654935121536255,0.004946153145283461,0.07244747132062912,0.006935164798051119,0.208209827542305,0.009686073288321495,0.0978827252984047,0.06494797021150589,0.19912955164909363,0.41096192598342896,0.0007992032915353775,2.1208741664886475,0.12825292348861694,,,,,,,,,,,,,,,
,0.00024351040297232113,14359,,,,,,,,,,,,,,,,,,,,,,,,,,,,,,
20,,14359,0.06575995683670044,0.023628784343600273,0.22106221318244934,0.0022025336511433125,0.03975611552596092,0.01005862932652235,0.1383054256439209,0.011172870174050331,0.10714250802993774,0.05776585265994072,0.15495197474956512,0.34817877411842346,0.0014917926164343953,2.0810723304748535,0.09439646452665329,,,,,,,,,,,,,,,
,0.0002434087287514823,14369,,,,,,,,,,,,,,,,,,,,,,,,,,,,,,
20,,14369,0.08845021575689316,0.019397929310798645,0.2976909577846527,0.00438431091606617,0.06999249011278152,0.009433877654373646,0.19782963395118713,0.014367952942848206,0.19543138146400452,0.055424779653549194,0.18350934982299805,0.5224406719207764,0.0030986005440354347,2.079890727996826,0.1572626680135727,,,,,,,,,,,,,,,
,0.00024330698438136032,14379,,,,,,,,,,,,,,,,,,,,,,,,,,,,,,
20,,14379,0.04456941783428192,0.06387972831726074,0.23716042935848236,0.00621076812967658,0.03703170642256737,0.00788557156920433,0.1874689906835556,0.002869431395083666,0.06292794644832611,0.0396513007581234,0.1723151057958603,0.31474095582962036,0.0012076387647539377,2.058842658996582,0.07353922724723816,,,,,,,,,,,,,,,
,0.00024320516993836451,14389,,,,,,,,,,,,,,,,,,,,,,,,,,,,,,
20,,14389,0.0432468019425869,0.036212436854839325,0.2915392518043518,0.004104364663362503,0.07142781466245651,0.008624530397355556,0.1826433539390564,0.005864551290869713,0.0875457301735878,0.060601856559515,0.20097565650939941,0.37732407450675964,0.001292962464503944,2.0813941955566406,0.12610265612602234,,,,,,,,,,,,,,,
,0.00024310328549895688,14399,,,,,,,,,,,,,,,,,,,,,,,,,,,,,,
20,,14399,0.04889844357967377,0.03740682080388069,0.3365367650985718,0.006631679367274046,0.07916006445884705,0.009098159149289131,0.23607829213142395,0.010354235768318176,0.16554369032382965,0.07374740391969681,0.20934805274009705,0.5176154375076294,0.00374190928414464,2.0937881469726562,0.18226845562458038,,,,,,,,,,,,,,,
,0.00024300133113965176,14409,,,,,,,,,,,,,,,,,,,,,,,,,,,,,,
20,,14409,0.04507242888212204,0.04619479179382324,0.30297788977622986,0.001889477833174169,0.05648820847272873,0.006317264400422573,0.18179787695407867,0.01090282667428255,0.0780717134475708,0.0604611411690712,0.20177535712718964,0.3793584406375885,0.0015912720700725913,2.1299009323120117,0.1428041309118271,,,,,,,,,,,,,,,
,0.0002428993069370162,14419,,,,,,,,,,,,,,,,,,,,,,,,,,,,,,
20,,14419,0.061980776488780975,0.018631329759955406,0.19546754658222198,0.002492944709956646,0.045621685683727264,0.03825044631958008,0.11774551123380661,0.01605340838432312,0.12200763076543808,0.05155469477176666,0.18041545152664185,0.37461304664611816,0.002078989055007696,2.059847116470337,0.10371198505163193,,,,,,,,,,,,,,,
,0.00024279721296766962,14429,,,,,,,,,,,,,,,,,,,,,,,,,,,,,,
20,,14429,0.06828105449676514,0.025280211120843887,0.22916972637176514,0.0012522587785497308,0.04363962262868881,0.007006022147834301,0.14319658279418945,0.013093383982777596,0.14934511482715607,0.037306953221559525,0.1960144340991974,0.40960198640823364,0.0020163727458566427,2.0633935928344727,0.11960109323263168,,,,,,,,,,,,,,,
,0.00024269504930828393,14439,,,,,,,,,,,,,,,,,,,,,,,,,,,,,,
20,,14439,0.03885158151388168,0.012261172756552696,0.18835680186748505,0.0028293156065046787,0.030842440202832222,0.009035680443048477,0.09233896434307098,0.0060254898853600025,0.054933737963438034,0.036056164652109146,0.11280576139688492,0.22658202052116394,0.001560628297738731,2.090259075164795,0.057042647153139114,,,,,,,,,,,,,,,
,0.00024259281603558323,14449,,,,,,,,,,,,,,,,,,,,,,,,,,,,,,
20,,14449,0.034381311386823654,0.07798607647418976,0.37040477991104126,0.0007367710350081325,0.058030810207128525,0.009125661104917526,0.25477147102355957,0.006892109755426645,0.07214893400669098,0.06532914191484451,0.1971687525510788,0.40154531598091125,0.0015776227228343487,2.1253159046173096,0.09562275558710098,,,,,,,,,,,,,,,
,0.00024249051322634393,14459,,,,,,,,,,,,,,,,,,,,,,,,,,,,,,
20,,14459,0.0631745457649231,0.014800953678786755,0.1603553742170334,0.0007159790839068592,0.0388152077794075,0.0107008321210742,0.09744653105735779,0.009170740842819214,0.08034180849790573,0.03251197934150696,0.1490105539560318,0.27567052841186523,0.000653302064165473,2.0813164710998535,0.08359885960817337,,,,,,,,,,,,,,,
,0.00024238814095739483,14469,,,,,,,,,,,,,,,,,,,,,,,,,,,,,,
20,,14469,0.05339758098125458,0.038749657571315765,0.23440170288085938,0.009866655804216862,0.030770964920520782,0.006033996120095253,0.15362444519996643,0.006394117139279842,0.09751151502132416,0.05194370076060295,0.154249906539917,0.3400188684463501,0.0036941540893167257,2.0831120014190674,0.07425274699926376,,,,,,,,,,,,,,,
,0.0002422856993056167,14479,,,,,,,,,,,,,,,,,,,,,,,,,,,,,,
20,,14479,0.08907998353242874,0.02324511855840683,0.23608587682247162,0.005036369897425175,0.05944342538714409,0.014653757214546204,0.18248458206653595,0.012584296055138111,0.24941955506801605,0.08040417730808258,0.20184893906116486,0.5577356219291687,0.003930913284420967,2.1026530265808105,0.13953787088394165,,,,,,,,,,,,,,,
,0.00024218318834794248,14489,,,,,,,,,,,,,,,,,,,,,,,,,,,,,,
20,,14489,0.05004175379872322,0.03830903768539429,0.2343401461839676,0.0028240892570465803,0.03022988699376583,0.01865634322166443,0.16224893927574158,0.008936198428273201,0.09872522205114365,0.0465831458568573,0.14442303776741028,0.34156474471092224,0.007827099412679672,2.11855149269104,0.06428525596857071,,,,,,,,,,,,,,,
,0.00024208060816135722,14499,,,,,,,,,,,,,,,,,,,,,,,,,,,,,,
20,,14499,0.04237065836787224,0.03333410993218422,0.23450593650341034,0.0015441249124705791,0.025313017889857292,0.006660258397459984,0.15440469980239868,0.006044683046638966,0.06660468876361847,0.02527865581214428,0.13566017150878906,0.27937373518943787,0.0011282481718808413,2.082034111022949,0.0666595846414566,,,,,,,,,,,,,,,
,0.0002419779588228978,14509,,,,,,,,,,,,,,,,,,,,,,,,,,,,,,
20,,14509,0.05914950370788574,0.024245599284768105,0.22917048633098602,0.0024157012812793255,0.04534478485584259,0.011389924213290215,0.17381368577480316,0.0131915844976902,0.10927240550518036,0.04540904238820076,0.1772938072681427,0.3778952956199646,0.0038335989229381084,2.093505382537842,0.12801046669483185,,,,,,,,,,,,,,,
,0.00024187524040965321,14519,,,,,,,,,,,,,,,,,,,,,,,,,,,,,,
20,,14519,0.0349690280854702,0.020407620817422867,0.2953149080276489,0.001785504980944097,0.04875113442540169,0.015100235119462013,0.1869659572839737,0.00652978103607893,0.07302369177341461,0.061385318636894226,0.20242683589458466,0.3481721878051758,0.0014520315453410149,2.107206344604492,0.11655538529157639,,,,,,,,,,,,,,,
,0.00024177245299876417,14529,,,,,,,,,,,,,,,,,,,,,,,,,,,,,,
20,,14529,0.05601578950881958,0.018666956573724747,0.2662026286125183,0.002718260046094656,0.05941447243094444,0.015377129428088665,0.19330817461013794,0.007599084172397852,0.16368338465690613,0.06156398355960846,0.17390935122966766,0.44088348746299744,0.0014328380348160863,2.0975327491760254,0.11742910742759705,,,,,,,,,,,,,,,
,0.00024166959666742336,14539,,,,,,,,,,,,,,,,,,,,,,,,,,,,,,
20,,14539,0.038326531648635864,0.045102573931217194,0.3504519462585449,0.00039436330553144217,0.045174356549978256,0.006059695966541767,0.17692169547080994,0.0019199422094970942,0.02246914803981781,0.0409989170730114,0.17327766120433807,0.29895785450935364,0.00017457817739341408,2.0811030864715576,0.10766896605491638,,,,,,,,,,,,,,,
,0.00024156667149287514,14549,,,,,,,,,,,,,,,,,,,,,,,,,,,,,,
20,,14549,0.07159363478422165,0.03206486999988556,0.2638426721096039,0.002820070367306471,0.05259229242801666,0.014856568537652493,0.15661363303661346,0.008236858993768692,0.08447940647602081,0.0861266702413559,0.18849121034145355,0.36692488193511963,0.0009759402018971741,2.0816032886505127,0.10763334482908249,,,,,,,,,,,,,,,
,0.00024146367755241557,14559,,,,,,,,,,,,,,,,,,,,,,,,,,,,,,
20,,14559,0.038328517228364944,0.023763049393892288,0.30109572410583496,0.005761314649134874,0.04699166119098663,0.0056861937046051025,0.14606796205043793,0.005625070538371801,0.06859713792800903,0.0392884835600853,0.1990230530500412,0.3381522297859192,0.008265431970357895,2.1464290618896484,0.11366391181945801,,,,,,,,,,,,,,,
,0.00024136061492339224,14569,,,,,,,,,,,,,,,,,,,,,,,,,,,,,,
20,,14569,0.053981270641088486,0.024646615609526634,0.26332196593284607,0.0030181214679032564,0.034309856593608856,0.016489850357174873,0.14140421152114868,0.006841383874416351,0.0871063694357872,0.03996400162577629,0.15827138721942902,0.3430275321006775,0.0023571846541017294,2.083001136779785,0.12678775191307068,,,,,,,,,,,,,,,
,0.0002412574836832046,14579,,,,,,,,,,,,,,,,,,,,,,,,,,,,,,
20,,14579,0.05996382609009743,0.02818559855222702,0.24056999385356903,0.0009677173802629113,0.05831680819392204,0.005659302230924368,0.1551123857498169,0.00892505794763565,0.12122789770364761,0.040913574397563934,0.18113519251346588,0.38192108273506165,0.0007763446192257106,2.080843687057495,0.12681955099105835,,,,,,,,,,,,,,,
,0.00024115428390930342,14589,,,,,,,,,,,,,,,,,,,,,,,,,,,,,,
20,,14589,0.037799812853336334,0.0512046217918396,0.25618746876716614,0.0014789090491831303,0.044135212898254395,0.014386775903403759,0.2029881328344345,0.006260556634515524,0.07911888509988785,0.04060862958431244,0.15812306106090546,0.3419361114501953,0.0011941076954826713,2.0862808227539062,0.10318493098020554,,,,,,,,,,,,,,,
20,,14594,,,,,,,,,,,,,,,,0.1759607493877411,0.0267116017639637,0.27711021900177,0.0074509610421955585,0.06510598957538605,0.0012863751035183668,0.12955641746520996,0.01838652417063713,0.1977008730173111,0.06556098908185959,0.17406542599201202,0.5532377362251282,0.012759090401232243,2.0974035263061523,0.13728724420070648
,0.00024105101567919096,14599,,,,,,,,,,,,,,,,,,,,,,,,,,,,,,
21,,14599,0.05540758743882179,0.021548407152295113,0.2741953134536743,0.0015567111549898982,0.051929131150245667,0.01336083933711052,0.13679268956184387,0.0076856063678860664,0.06312626600265503,0.02855602838099003,0.19408643245697021,0.3220095932483673,0.00025879027089104056,2.1276261806488037,0.11279639601707458,,,,,,,,,,,,,,,
,0.00024094767907042097,14609,,,,,,,,,,,,,,,,,,,,,,,,,,,,,,
21,,14609,0.05712214484810829,0.019003329798579216,0.23058760166168213,0.0011844417313113809,0.034561384469270706,0.020904095843434334,0.15583999454975128,0.007225791923701763,0.08396876603364944,0.027228079736232758,0.1487800031900406,0.3155858516693115,0.00042685004882514477,2.084484338760376,0.08516227453947067,,,,,,,,,,,,,,,
,0.00024084427416059845,14619,,,,,,,,,,,,,,,,,,,,,,,,,,,,,,
21,,14619,0.04629655182361603,0.020632117986679077,0.19908352196216583,0.0014963839203119278,0.04351397603750229,0.01302153617143631,0.15862905979156494,0.011044444516301155,0.11440260708332062,0.04787639528512955,0.15682700276374817,0.34510067105293274,0.002111723180860281,2.0500025749206543,0.097753144800663,,,,,,,,,,,,,,,
,0.00024074080102737974,14629,,,,,,,,,,,,,,,,,,,,,,,,,,,,,,
21,,14629,0.037934161722660065,0.025709204375743866,0.2941529154777527,0.001672834507189691,0.06669169664382935,0.018636198714375496,0.17217056453227997,0.00948945339769125,0.07858092337846756,0.057373836636543274,0.192343607544899,0.37049734592437744,0.0009080645395442843,2.1236984729766846,0.15413658320903778,,,,,,,,,,,,,,,
,0.00024063725974847247,14639,,,,,,,,,,,,,,,,,,,,,,,,,,,,,,
21,,14639,0.05202537029981613,0.03341778740286827,0.29655131697654724,0.0024792624171823263,0.03990348428487778,0.02087329514324665,0.17802445590496063,0.009846111759543419,0.0851195901632309,0.04148588329553604,0.18423287570476532,0.37150025367736816,0.012433530762791634,2.1005187034606934,0.0842948630452156,,,,,,,,,,,,,,,
,0.00024053365040163532,14649,,,,,,,,,,,,,,,,,,,,,,,,,,,,,,
21,,14649,0.07574932277202606,0.016536513343453407,0.2581139802932739,0.0015266024274751544,0.050395943224430084,0.01918220892548561,0.145525723695755,0.009019831195473671,0.08062953501939774,0.04618513211607933,0.15403400361537933,0.34427931904792786,0.0013805466005578637,2.111351728439331,0.1116441860795021,,,,,,,,,,,,,,,
,0.00024042997306467824,14659,,,,,,,,,,,,,,,,,,,,,,,,,,,,,,
21,,14659,0.06626281887292862,0.02485724724829197,0.2132282257080078,0.003875630209222436,0.03680643066763878,0.01143708173185587,0.14405204355716705,0.011785861104726791,0.10547581315040588,0.031719326972961426,0.16440719366073608,0.34011223912239075,0.001810236950404942,2.103099822998047,0.0718313455581665,,,,,,,,,,,,,,,
,0.00024032622781546212,14669,,,,,,,,,,,,,,,,,,,,,,,,,,,,,,
21,,14669,0.04704944044351578,0.028436722233891487,0.20863577723503113,0.00043953812564723194,0.03867455944418907,0.007008844055235386,0.16579662263393402,0.00787079893052578,0.058782909065485,0.03489639610052109,0.16268718242645264,0.2835811972618103,0.0033298602793365717,2.058213710784912,0.07757940888404846,,,,,,,,,,,,,,,
,0.00024022241473189895,14679,,,,,,,,,,,,,,,,,,,,,,,,,,,,,,
21,,14679,0.07772959023714066,0.021245457231998444,0.28271248936653137,0.0013107697013765574,0.05811991170048714,0.013661706820130348,0.19522035121917725,0.012702172622084618,0.1435738503932953,0.04157623276114464,0.16566762328147888,0.43157267570495605,0.0009886823827400804,2.0813584327697754,0.10428205132484436,,,,,,,,,,,,,,,
,0.0002401185338919515,14689,,,,,,,,,,,,,,,,,,,,,,,,,,,,,,
21,,14689,0.0617535226047039,0.036877937614917755,0.27697256207466125,0.0011479122331365943,0.043750595301389694,0.012383931316435337,0.14791545271873474,0.005098454654216766,0.06215037405490875,0.04520780220627785,0.18112041056156158,0.33664026856422424,0.0015567567897960544,2.0880846977233887,0.13617770373821259,,,,,,,,,,,,,,,
,0.0002400145853736336,14699,,,,,,,,,,,,,,,,,,,,,,,,,,,,,,
21,,14699,0.09576784074306488,0.020202839747071266,0.23551292717456818,0.001754481578245759,0.05613653361797333,0.010016338899731636,0.1867344081401825,0.01727536879479885,0.22610589861869812,0.037897538393735886,0.16387487947940826,0.5033594369888306,0.0018045275937765837,2.0760130882263184,0.08538220822811127,,,,,,,,,,,,,,,
,0.00023991056925500985,14709,,,,,,,,,,,,,,,,,,,,,,,,,,,,,,
21,,14709,0.05578385293483734,0.021301910281181335,0.20987774431705475,0.0009416997781954706,0.060334403067827225,0.013494580052793026,0.1534019261598587,0.010061554610729218,0.12707586586475372,0.031187012791633606,0.14510326087474823,0.3623034358024597,0.00011516340600792319,2.1033544540405273,0.1028435081243515,,,,,,,,,,,,,,,
,0.00023980648561419565,14719,,,,,,,,,,,,,,,,,,,,,,,,,,,,,,
21,,14719,0.05998478829860687,0.03681102767586708,0.298344224691391,0.0012285831617191434,0.046272311359643936,0.007406275719404221,0.15637922286987305,0.0066270953975617886,0.09699995815753937,0.025537138804793358,0.20614100992679596,0.37859055399894714,0.0015470085199922323,2.0915324687957764,0.1284768283367157,,,,,,,,,,,,,,,
,0.00023970233452935696,14729,,,,,,,,,,,,,,,,,,,,,,,,,,,,,,
21,,14729,0.05823835730552673,0.025566421449184418,0.2977634072303772,0.002905966015532613,0.05974225699901581,0.01103650126606226,0.17588336765766144,0.007923182100057602,0.13162146508693695,0.048324473202228546,0.20628255605697632,0.43255797028541565,0.0011454483028501272,2.110304594039917,0.15785753726959229,,,,,,,,,,,,,,,
,0.00023959811607871057,14739,,,,,,,,,,,,,,,,,,,,,,,,,,,,,,
21,,14739,0.07476048916578293,0.02468242309987545,0.18963772058486938,0.0034498877357691526,0.04513680934906006,0.010827546007931232,0.17713713645935059,0.013051968067884445,0.1343936324119568,0.040339067578315735,0.15668822824954987,0.37752044200897217,0.0026304833590984344,2.103644371032715,0.07159733772277832,,,,,,,,,,,,,,,
,0.00023949383034052373,14749,,,,,,,,,,,,,,,,,,,,,,,,,,,,,,
21,,14749,0.06377722322940826,0.03848737105727196,0.23035645484924316,0.0009996783919632435,0.03675499185919762,0.008594722487032413,0.1412777155637741,0.01134229265153408,0.10650460422039032,0.04372969642281532,0.18020027875900269,0.3458404242992401,0.001189267379231751,2.0601584911346436,0.060029998421669006,,,,,,,,,,,,,,,
,0.0002393894773931143,14759,,,,,,,,,,,,,,,,,,,,,,,,,,,,,,
21,,14759,0.06390060484409332,0.02390521578490734,0.2787163257598877,0.002948854584246874,0.04825298860669136,0.0246149692684412,0.1368182748556137,0.00871762540191412,0.10143883526325226,0.05201822519302368,0.21663455665111542,0.3885670602321625,0.00401105685159564,2.0911858081817627,0.12206148356199265,,,,,,,,,,,,,,,
,0.00023928505731485064,14769,,,,,,,,,,,,,,,,,,,,,,,,,,,,,,
21,,14769,0.08170671761035919,0.02024132013320923,0.21120873093605042,0.0033697127364575863,0.0649183988571167,0.018322326242923737,0.13533206284046173,0.013994475826621056,0.153756245970726,0.036189157515764236,0.19312317669391632,0.41963499784469604,0.0016076889587566257,2.090548515319824,0.10439189523458481,,,,,,,,,,,,,,,
,0.00023918057018415144,14779,,,,,,,,,,,,,,,,,,,,,,,,,,,,,,
21,,14779,0.05337592959403992,0.025374621152877808,0.2532813847064972,0.004564511124044657,0.049629103392362595,0.008135785348713398,0.16004644334316254,0.011526182293891907,0.10560568422079086,0.030018674209713936,0.17626126110553741,0.36321118474006653,0.004924547392874956,2.076716661453247,0.09175397455692291,,,,,,,,,,,,,,,
,0.00023907601607948574,14789,,,,,,,,,,,,,,,,,,,,,,,,,,,,,,
21,,14789,0.07054422050714493,0.020916763693094254,0.235507532954216,0.002154991729184985,0.03267407417297363,0.011422591283917427,0.1322074681520462,0.01650024950504303,0.0998915582895279,0.07613929361104965,0.1789957731962204,0.35611727833747864,0.0006361740524880588,2.1020431518554688,0.09497161209583282,,,,,,,,,,,,,,,
,0.00023897139507937298,14799,,,,,,,,,,,,,,,,,,,,,,,,,,,,,,
21,,14799,0.04291373863816261,0.023963069543242455,0.2839168608188629,0.0030881501734256744,0.04361037537455559,0.010625668801367283,0.1603548377752304,0.007980354130268097,0.07177164405584335,0.0770750492811203,0.15873995423316956,0.32792195677757263,0.001705314265564084,2.0838465690612793,0.09181990474462509,,,,,,,,,,,,,,,
,0.00023886670726238281,14809,,,,,,,,,,,,,,,,,,,,,,,,,,,,,,
21,,14809,0.021409351378679276,0.032099850475788116,0.27989673614501953,0.0014534315560013056,0.053191084414720535,0.0072987196035683155,0.14162340760231018,0.007275778334587812,0.043974071741104126,0.023752223700284958,0.1718282699584961,0.28916454315185547,0.0006483254255726933,2.102388620376587,0.12672610580921173,,,,,,,,,,,,,,,
,0.00023876195270713496,14819,,,,,,,,,,,,,,,,,,,,,,,,,,,,,,
21,,14819,0.04969418793916702,0.01945686712861061,0.23371478915214539,0.0012554776621982455,0.033225372433662415,0.004277943167835474,0.1031055673956871,0.004686893429607153,0.0375707633793354,0.0516241118311882,0.1577015072107315,0.2540695071220398,0.0020770898554474115,2.072362184524536,0.10076459497213364,,,,,,,,,,,,,,,
,0.00023865713149229934,14829,,,,,,,,,,,,,,,,,,,,,,,,,,,,,,
21,,14829,0.03949005901813507,0.015856001526117325,0.1837957203388214,0.0021372437477111816,0.028582250699400902,0.007371994201093912,0.10700850188732147,0.002460196614265442,0.06101005896925926,0.046253010630607605,0.17337411642074585,0.259712815284729,0.0024922583252191544,2.099241018295288,0.10396817326545715,,,,,,,,,,,,,,,
,0.00023855224369659595,14839,,,,,,,,,,,,,,,,,,,,,,,,,,,,,,
21,,14839,0.029180528596043587,0.0464402437210083,0.3431835174560547,0.005880224052816629,0.03385560214519501,0.0059855845756828785,0.1859501302242279,0.007303877733647823,0.06665825098752975,0.01933257281780243,0.1674082726240158,0.3387855887413025,0.002844220958650112,2.114492177963257,0.08550615608692169,,,,,,,,,,,,,,,
,0.0002384472893987948,14849,,,,,,,,,,,,,,,,,,,,,,,,,,,,,,
21,,14849,0.07267717272043228,0.022860592231154442,0.24614101648330688,0.0009738004300743341,0.07123996317386627,0.00891926884651184,0.1549621820449829,0.005745892878621817,0.2172660231590271,0.057360850274562836,0.18999454379081726,0.4953620135784149,0.0019919192418456078,2.12442946434021,0.14148664474487305,,,,,,,,,,,,,,,
,0.00023834226867771577,14859,,,,,,,,,,,,,,,,,,,,,,,,,,,,,,
21,,14859,0.06098815053701401,0.04083877429366112,0.33728426694869995,0.0008689549285918474,0.06435205042362213,0.009630321525037289,0.23238123953342438,0.014604391530156136,0.09870848059654236,0.03810402750968933,0.2155367136001587,0.43333545327186584,0.0016869239043444395,2.0794198513031006,0.1387680321931839,,,,,,,,,,,,,,,
,0.00023823718161222868,14869,,,,,,,,,,,,,,,,,,,,,,,,,,,,,,
21,,14869,0.07768861949443817,0.018739549443125725,0.18704742193222046,0.003752668621018529,0.05220985785126686,0.013804362155497074,0.1476551741361618,0.012284066528081894,0.15108048915863037,0.051427073776721954,0.1576007902622223,0.40039584040641785,0.00133591890335083,2.0605788230895996,0.11128545552492142,,,,,,,,,,,,,,,
,0.00023813202828125316,14879,,,,,,,,,,,,,,,,,,,,,,,,,,,,,,
21,,14879,0.05802193656563759,0.033686745911836624,0.2954808473587036,0.009319677948951721,0.04540146514773369,0.01610417850315571,0.15127123892307281,0.0046170540153980255,0.05889388918876648,0.04991934075951576,0.18362237513065338,0.3398043215274811,0.005687644239515066,2.1386711597442627,0.09574493020772934,,,,,,,,,,,,,,,
,0.00023802680876375862,14889,,,,,,,,,,,,,,,,,,,,,,,,,,,,,,
21,,14889,0.06232745572924614,0.026314128190279007,0.22609654068946838,0.0025886378716677427,0.045249368995428085,0.008655129000544548,0.13840651512145996,0.008213218301534653,0.10165225714445114,0.04321092367172241,0.17649051547050476,0.353874146938324,0.003102350514382124,2.1114985942840576,0.12259356677532196,,,,,,,,,,,,,,,
,0.00023792152313876417,14899,,,,,,,,,,,,,,,,,,,,,,,,,,,,,,
21,,14899,0.05318218097090721,0.03300817310810089,0.3161894381046295,0.001563526806421578,0.048768822103738785,0.01693030260503292,0.18257936835289001,0.00887862779200077,0.07616860419511795,0.04097873345017433,0.19864434003829956,0.3706851899623871,0.00020576122915372252,2.093111276626587,0.12346529215574265,,,,,,,,,,,,,,,
,0.0002378161714853385,14909,,,,,,,,,,,,,,,,,,,,,,,,,,,,,,
21,,14909,0.034221529960632324,0.032229695469141006,0.3131808936595917,0.0020783960353583097,0.07506944239139557,0.007130797021090984,0.1733495444059372,0.007212470751255751,0.06239235773682594,0.0382862463593483,0.18629463016986847,0.3448448181152344,0.005211480427533388,2.0633556842803955,0.11773724108934402,,,,,,,,,,,,,,,
,0.00023771075388259998,14919,,,,,,,,,,,,,,,,,,,,,,,,,,,,,,
21,,14919,0.06125066056847572,0.03197216987609863,0.28611329197883606,0.004523274954408407,0.0805218368768692,0.01774398237466812,0.17571383714675903,0.012766584753990173,0.15934807062149048,0.036698393523693085,0.18337595462799072,0.46277323365211487,0.001681400230154395,2.1074001789093018,0.13364948332309723,,,,,,,,,,,,,,,
,0.00023760527040971648,14929,,,,,,,,,,,,,,,,,,,,,,,,,,,,,,
21,,14929,0.05170564725995064,0.010979456827044487,0.18798068165779114,0.0023856020998209715,0.03421931713819504,0.012981303036212921,0.11057288944721222,0.0066838678903877735,0.08321581780910492,0.04096716269850731,0.1514449566602707,0.28484907746315,0.0011792504228651524,2.102264165878296,0.08540989458560944,,,,,,,,,,,,,,,
,0.00023749972114590532,14939,,,,,,,,,,,,,,,,,,,,,,,,,,,,,,
21,,14939,0.031061014160513878,0.01783628761768341,0.21328173577785492,0.0018372780177742243,0.039729926735162735,0.010158423334360123,0.10678968578577042,0.00784384086728096,0.05290759727358818,0.022932862862944603,0.15650144219398499,0.2613826096057892,0.0011894946219399571,2.0658562183380127,0.1150183156132698,,,,,,,,,,,,,,,
,0.00023739410617043321,14949,,,,,,,,,,,,,,,,,,,,,,,,,,,,,,
21,,14949,0.07011602073907852,0.021722357720136642,0.2642502188682556,0.0028020653408020735,0.05287731811404228,0.00878006312996149,0.15891718864440918,0.006435945630073547,0.111748106777668,0.040404677391052246,0.17980243265628815,0.38107961416244507,0.0005786159890703857,2.117873191833496,0.12377670407295227,,,,,,,,,,,,,,,
,0.00023728842556261628,14959,,,,,,,,,,,,,,,,,,,,,,,,,,,,,,
21,,14959,0.06553485989570618,0.03065042570233345,0.24355024099349976,0.003936431370675564,0.0494258739054203,0.01988283358514309,0.17814810574054718,0.008420819416642189,0.09788300096988678,0.06419793516397476,0.15077269077301025,0.36269304156303406,0.003233162686228752,2.137105941772461,0.08169259876012802,,,,,,,,,,,,,,,
,0.0002371826794018199,14969,,,,,,,,,,,,,,,,,,,,,,,,,,,,,,
21,,14969,0.039354052394628525,0.02590629644691944,0.2674804627895355,0.003043282311409712,0.04168028011918068,0.014765697531402111,0.1630098521709442,0.009197238832712173,0.1004953533411026,0.04783956706523895,0.17794281244277954,0.3558756411075592,0.0025415143463760614,2.1065351963043213,0.0966489166021347,,,,,,,,,,,,,,,
,0.00023707686776745866,14979,,,,,,,,,,,,,,,,,,,,,,,,,,,,,,
21,,14979,0.05494974926114082,0.024441635236144066,0.2078692615032196,0.0020656075794249773,0.04554362595081329,0.015499820001423359,0.16106775403022766,0.008455803617835045,0.12037491053342819,0.03224785998463631,0.14999575912952423,0.3598862290382385,0.0011497671948745847,2.07681941986084,0.11329580098390579,,,,,,,,,,,,,,,
,0.00023697099073899638,14989,,,,,,,,,,,,,,,,,,,,,,,,,,,,,,
21,,14989,0.07798382639884949,0.023638371378183365,0.24890625476837158,0.007075094152241945,0.0455705001950264,0.014114243909716606,0.15637646615505219,0.012745525687932968,0.15280002355575562,0.056741200387477875,0.1824469268321991,0.4285448491573334,0.001788157969713211,2.063624143600464,0.09490816295146942,,,,,,,,,,,,,,,
,0.0002368650483959458,14999,,,,,,,,,,,,,,,,,,,,,,,,,,,,,,
21,,14999,0.05413274094462395,0.031045502051711082,0.3270050585269928,0.001987186726182699,0.05622435361146927,0.007092676591128111,0.18315185606479645,0.012633603997528553,0.11001215875148773,0.07442936301231384,0.20263336598873138,0.4271671175956726,0.00395443057641387,2.1400556564331055,0.15304067730903625,,,,,,,,,,,,,,,
,0.00023675904081786904,15009,,,,,,,,,,,,,,,,,,,,,,,,,,,,,,
21,,15009,0.0684223547577858,0.023252731189131737,0.2174653261899948,0.006978462915867567,0.03865590691566467,0.020325545221567154,0.18070773780345917,0.007592206820845604,0.13291741907596588,0.0682985782623291,0.16399484872817993,0.38839688897132874,0.0020984960719943047,2.054448366165161,0.07336991280317307,,,,,,,,,,,,,,,
,0.00023665296808437697,15019,,,,,,,,,,,,,,,,,,,,,,,,,,,,,,
21,,15019,0.03452090173959732,0.03355889394879341,0.2714235782623291,0.004715427756309509,0.03999507427215576,0.006540002766996622,0.16771364212036133,0.004134655464440584,0.0726669654250145,0.06820119172334671,0.1727730929851532,0.32956379652023315,0.0043557011522352695,2.0899784564971924,0.10532661527395248,,,,,,,,,,,,,,,
,0.0002365468302751294,15029,,,,,,,,,,,,,,,,,,,,,,,,,,,,,,
21,,15029,0.039647672325372696,0.014620428904891014,0.2344573438167572,0.0014966682065278292,0.037980251014232635,0.014454732649028301,0.11527054756879807,0.00785879883915186,0.08381679654121399,0.05477108806371689,0.1616775393486023,0.3134283125400543,0.00282628764398396,2.0726115703582764,0.11776439845561981,,,,,,,,,,,,,,,
,0.00023644062746983508,15039,,,,,,,,,,,,,,,,,,,,,,,,,,,,,,
21,,15039,0.06213688850402832,0.025220962241292,0.19863365590572357,0.0018012983491644263,0.0393354706466198,0.014927522279322147,0.14131930470466614,0.005666556302458048,0.10605910420417786,0.04080064967274666,0.1510457992553711,0.32991671562194824,0.000287609058432281,2.100393772125244,0.08799499273300171,,,,,,,,,,,,,,,
,0.00023633435974825158,15049,,,,,,,,,,,,,,,,,,,,,,,,,,,,,,
21,,15049,0.07802348583936691,0.01853647083044052,0.2268601953983307,0.0031879565212875605,0.07273020595312119,0.010594434104859829,0.13553757965564728,0.007364533841609955,0.15561597049236298,0.07718174159526825,0.18186117708683014,0.4262373447418213,0.000855454127304256,2.106543779373169,0.13138461112976074,,,,,,,,,,,,,,,
,0.00023622802719018516,15059,,,,,,,,,,,,,,,,,,,,,,,,,,,,,,
21,,15059,0.03992941230535507,0.03395221009850502,0.23579490184783936,0.0006797937676310539,0.05557527765631676,0.028464535251259804,0.1908281445503235,0.008584899827837944,0.1157590001821518,0.045902278274297714,0.15923501551151276,0.38727933168411255,0.00901998020708561,2.0766587257385254,0.11462041735649109,,,,,,,,,,,,,,,
,0.00023612162987549085,15069,,,,,,,,,,,,,,,,,,,,,,,,,,,,,,
21,,15069,0.034055087715387344,0.027628691866993904,0.28291594982147217,0.002236683154478669,0.051930539309978485,0.01667521893978119,0.15841533243656158,0.005235682707279921,0.06434100866317749,0.056356556713581085,0.1758006364107132,0.3204001784324646,0.001501796068623662,2.105799436569214,0.09864502400159836,,,,,,,,,,,,,,,
,0.00023601516788407224,15079,,,,,,,,,,,,,,,,,,,,,,,,,,,,,,
21,,15079,0.07249472290277481,0.03187238797545433,0.2688363492488861,0.00570514053106308,0.05077621340751648,0.013044197112321854,0.15208536386489868,0.009731382131576538,0.1317950189113617,0.06631553918123245,0.1856565773487091,0.4163716733455658,0.002338156569749117,2.075788974761963,0.10946197807788849,,,,,,,,,,,,,,,
,0.0002359086412958815,15089,,,,,,,,,,,,,,,,,,,,,,,,,,,,,,
21,,15089,0.031943634152412415,0.02913067489862442,0.2719334661960602,0.0019677316304296255,0.039245739579200745,0.006464260630309582,0.13367407023906708,0.004523911979049444,0.050231948494911194,0.036792825907468796,0.1550467610359192,0.28093695640563965,0.00015833227371331304,2.140946865081787,0.10620176047086716,,,,,,,,,,,,,,,
,0.0002358020501909194,15099,,,,,,,,,,,,,,,,,,,,,,,,,,,,,,
21,,15099,0.054870475083589554,0.026485778391361237,0.2569878101348877,0.007315533701330423,0.05590187385678291,0.006607916206121445,0.1488623470067978,0.008364103734493256,0.07823596894741058,0.02679714560508728,0.18805335462093353,0.34286752343177795,0.0018612664425745606,2.0514233112335205,0.11946500837802887,,,,,,,,,,,,,,,
,0.000235695394649235,15109,,,,,,,,,,,,,,,,,,,,,,,,,,,,,,
21,,15109,0.05550036579370499,0.027508560568094254,0.20378141105175018,0.0015208121621981263,0.03939274698495865,0.009355530142784119,0.12253239005804062,0.007614941336214542,0.08910729736089706,0.03434242680668831,0.17109493911266327,0.31968846917152405,0.001531143207103014,2.103904962539673,0.11832277476787567,,,,,,,,,,,,,,,
,0.00023558867475092593,15119,,,,,,,,,,,,,,,,,,,,,,,,,,,,,,
21,,15119,0.10309378802776337,0.023317759856581688,0.21875722706317902,0.002173071727156639,0.04862894117832184,0.017468752339482307,0.1814155876636505,0.01397548895329237,0.22693276405334473,0.054065462201833725,0.17391136288642883,0.5099794268608093,0.0012834509834647179,2.1257879734039307,0.09991958737373352,,,,,,,,,,,,,,,
,0.00023548189057613799,15129,,,,,,,,,,,,,,,,,,,,,,,,,,,,,,
21,,15129,0.046716682612895966,0.02212408371269703,0.22775885462760925,0.002659359946846962,0.041337691247463226,0.0178688932210207,0.17195676267147064,0.007531741634011269,0.09835265576839447,0.04934211075305939,0.15273724496364594,0.337473601102829,0.0008676635334268212,2.064094066619873,0.09106579422950745,,,,,,,,,,,,,,,
,0.00023537504220506539,15139,,,,,,,,,,,,,,,,,,,,,,,,,,,,,,
21,,15139,0.0797855481505394,0.028587142005562782,0.20427843928337097,0.002696847077459097,0.04419006034731865,0.01407308503985405,0.14341868460178375,0.013257278129458427,0.12638874351978302,0.04462393373250961,0.176376610994339,0.3830706477165222,0.002524631330743432,2.047459602355957,0.09894789755344391,,,,,,,,,,,,,,,
,0.00023526812971795042,15149,,,,,,,,,,,,,,,,,,,,,,,,,,,,,,
21,,15149,0.05215851962566376,0.03455813229084015,0.3489762544631958,0.0028040986508131027,0.04973921179771423,0.008749603293836117,0.18646718561649323,0.008329823613166809,0.10459441691637039,0.02636066824197769,0.18948228657245636,0.40866270661354065,0.0043372199870646,2.084808349609375,0.1290825605392456,,,,,,,,,,,,,,,
,0.00023516115319508366,15159,,,,,,,,,,,,,,,,,,,,,,,,,,,,,,
21,,15159,0.05648346245288849,0.037137992680072784,0.2905064523220062,0.003037482500076294,0.06264890730381012,0.010309773497283459,0.23022502660751343,0.00866054929792881,0.12184911221265793,0.05431317910552025,0.1963270604610443,0.43481552600860596,0.0018826472805812955,2.0733273029327393,0.1445036679506302,,,,,,,,,,,,,,,
,0.00023505411271680367,15169,,,,,,,,,,,,,,,,,,,,,,,,,,,,,,
21,,15169,0.042234405875205994,0.029726756736636162,0.2581302523612976,0.001940239337272942,0.039215631783008575,0.010151687078177929,0.15133048593997955,0.008391683921217918,0.07461047917604446,0.03984341397881508,0.17433081567287445,0.31672367453575134,0.003548027714714408,2.1028366088867188,0.08077074587345123,,,,,,,,,,,,,,,
,0.0002349470083634971,15179,,,,,,,,,,,,,,,,,,,,,,,,,,,,,,
21,,15179,0.040389422327280045,0.025035681203007698,0.2654400169849396,0.001858780044130981,0.044925276190042496,0.012021275237202644,0.14090675115585327,0.012493114918470383,0.09163646399974823,0.046774666756391525,0.20539110898971558,0.35527342557907104,0.0014006126439198852,2.088855266571045,0.12493457645177841,,,,,,,,,,,,,,,
,0.00023483984021559852,15189,,,,,,,,,,,,,,,,,,,,,,,,,,,,,,
21,,15189,0.0721426010131836,0.017248613759875298,0.27240169048309326,0.0005275650764815509,0.047125160694122314,0.006300266366451979,0.1471875160932541,0.008807939477264881,0.10862020403146744,0.028165459632873535,0.16420209407806396,0.3676873445510864,0.001039062743075192,2.0879435539245605,0.11735928058624268,,,,,,,,,,,,,,,
,0.0002347326083535905,15199,,,,,,,,,,,,,,,,,,,,,,,,,,,,,,
21,,15199,0.06438839435577393,0.027357492595911026,0.2588510811328888,0.0027512938249856234,0.04425538703799248,0.014022382907569408,0.16361454129219055,0.010398199781775475,0.11661633849143982,0.021470464766025543,0.17001883685588837,0.38621529936790466,0.0003865213366225362,2.1096551418304443,0.1302245855331421,,,,,,,,,,,,,,,
,0.00023462531285800328,15209,,,,,,,,,,,,,,,,,,,,,,,,,,,,,,
21,,15209,0.05864807218313217,0.020715532824397087,0.2250422090291977,0.0016006530495360494,0.044064249843358994,0.007775614503771067,0.12606312334537506,0.0072116544470191,0.09932038187980652,0.0426957793533802,0.1822480857372284,0.3346156179904938,0.0008549107587896287,2.1074302196502686,0.1041048914194107,,,,,,,,,,,,,,,
,0.00023451795380941508,15219,,,,,,,,,,,,,,,,,,,,,,,,,,,,,,
21,,15219,0.056546710431575775,0.014938744716346264,0.21902093291282654,0.0040319194085896015,0.04367087408900261,0.008434928022325039,0.13068124651908875,0.010901587083935738,0.09609851986169815,0.04996988922357559,0.17367050051689148,0.34190523624420166,0.0016149793518707156,2.1182727813720703,0.13089334964752197,,,,,,,,,,,,,,,
,0.00023441053128845185,15229,,,,,,,,,,,,,,,,,,,,,,,,,,,,,,
21,,15229,0.06715920567512512,0.017420215532183647,0.26472994685173035,0.0012827538885176182,0.04872254282236099,0.013760038651525974,0.17644131183624268,0.005316552706062794,0.07323683798313141,0.03586570918560028,0.1653071790933609,0.34316277503967285,0.004232739098370075,2.0796847343444824,0.125049889087677,,,,,,,,,,,,,,,
,0.00023430304537578697,15239,,,,,,,,,,,,,,,,,,,,,,,,,,,,,,
21,,15239,0.06786219775676727,0.025380205363035202,0.19860431551933289,0.003497322089970112,0.04996917396783829,0.010206273756921291,0.16126398742198944,0.00855560414493084,0.14994508028030396,0.04914327338337898,0.17423956096172333,0.3949492573738098,0.0004764857585541904,2.0907411575317383,0.09559810161590576,,,,,,,,,,,,,,,
,0.0002341954961521417,15249,,,,,,,,,,,,,,,,,,,,,,,,,,,,,,
21,,15249,0.04092724993824959,0.040737856179475784,0.26643064618110657,0.000788662233389914,0.0583585724234581,0.00804644450545311,0.15093788504600525,0.005921097472310066,0.06061942130327225,0.04799339175224304,0.18259716033935547,0.32383328676223755,0.0011984960874542594,2.142345428466797,0.12850621342658997,,,,,,,,,,,,,,,
,0.0002340878836982847,15259,,,,,,,,,,,,,,,,,,,,,,,,,,,,,,
21,,15259,0.05240767076611519,0.04341192916035652,0.26975440979003906,0.0017867775168269873,0.04231733828783035,0.009609993547201157,0.17997834086418152,0.005701806396245956,0.06087016314268112,0.06909795850515366,0.1608726531267166,0.34108787775039673,0.009949399158358574,2.1012961864471436,0.11788873374462128,,,,,,,,,,,,,,,
,0.00023398020809503212,15269,,,,,,,,,,,,,,,,,,,,,,,,,,,,,,
21,,15269,0.031287699937820435,0.029361173510551453,0.21943522989749908,0.0007096959743648767,0.03784875571727753,0.01395318191498518,0.13867297768592834,0.004848881624639034,0.05672982335090637,0.0187132116407156,0.1739879548549652,0.26885318756103516,0.0018077751155942678,2.058535099029541,0.07608848810195923,,,,,,,,,,,,,,,
,0.00023387246942324763,15279,,,,,,,,,,,,,,,,,,,,,,,,,,,,,,
21,,15279,0.032384198158979416,0.01996771991252899,0.22509855031967163,0.0003368206671439111,0.038580529391765594,0.005640839692205191,0.12365216761827469,0.003548090811818838,0.07677765935659409,0.06001070514321327,0.16554687917232513,0.2816855311393738,0.0009392398060299456,2.0968825817108154,0.07628464698791504,,,,,,,,,,,,,,,
,0.0002337646677638421,15289,,,,,,,,,,,,,,,,,,,,,,,,,,,,,,
21,,15289,0.05493731424212456,0.01537494920194149,0.18534880876541138,0.00220690225251019,0.04855870082974434,0.01473286934196949,0.12997104227542877,0.010055521503090858,0.07130485028028488,0.11187063902616501,0.18298651278018951,0.3198263645172119,0.006199941039085388,2.0651044845581055,0.11819694191217422,,,,,,,,,,,,,,,
21,,15289,,,,,,,,,,,,,,,,0.18102692067623138,0.027237165719270706,0.26481184363365173,0.007190204691141844,0.0683077871799469,0.0015559922903776169,0.12516167759895325,0.01713779754936695,0.18477320671081543,0.07484123110771179,0.1736077219247818,0.5335151553153992,0.00998907070606947,2.091754674911499,0.1282663196325302
,0.0002336568031977739,15299,,,,,,,,,,,,,,,,,,,,,,,,,,,,,,
22,,15299,0.06151176616549492,0.025258749723434448,0.265626460313797,0.001311939093284309,0.05703483521938324,0.01081412099301815,0.16971758008003235,0.011493351310491562,0.10065155476331711,0.04932793602347374,0.18325255811214447,0.38907742500305176,0.00298180989921093,2.0826120376586914,0.15315517783164978,,,,,,,,,,,,,,,
,0.00023354887580604851,15309,,,,,,,,,,,,,,,,,,,,,,,,,,,,,,
22,,15309,0.026784658432006836,0.02944113314151764,0.29441580176353455,0.000994074041955173,0.050858646631240845,0.01738029532134533,0.1641160398721695,0.007352400105446577,0.09210582077503204,0.059217583388090134,0.17787696421146393,0.35565024614334106,0.0015150589169934392,2.0617082118988037,0.1109917089343071,,,,,,,,,,,,,,,
,0.00023344088566971854,15319,,,,,,,,,,,,,,,,,,,,,,,,,,,,,,
22,,15319,0.09220726042985916,0.02882082387804985,0.2051742523908615,0.000294315890641883,0.04804467409849167,0.012181838974356651,0.16036655008792877,0.009762516245245934,0.15041589736938477,0.06911548227071762,0.14963431656360626,0.40325430035591125,0.0003513991250656545,2.119131326675415,0.08252667635679245,,,,,,,,,,,,,,,
,0.00023333283286988398,15329,,,,,,,,,,,,,,,,,,,,,,,,,,,,,,
22,,15329,0.040576718747615814,0.03606173023581505,0.27626293897628784,0.0028464968781918287,0.06216834858059883,0.013980709947645664,0.15482084453105927,0.008796554058790207,0.07839172333478928,0.04067891463637352,0.188832089304924,0.3562520444393158,0.001289805630221963,2.125108003616333,0.14076517522335052,,,,,,,,,,,,,,,
,0.00023322471748769155,15339,,,,,,,,,,,,,,,,,,,,,,,,,,,,,,
22,,15339,0.04131937772035599,0.04287312552332878,0.2859938144683838,0.001988823525607586,0.033038102090358734,0.011291949078440666,0.15264952182769775,0.007191581651568413,0.06109156087040901,0.028946150094270706,0.19650302827358246,0.32018935680389404,0.0041266437619924545,2.077113151550293,0.08824415504932404,,,,,,,,,,,,,,,
,0.0002331165396043352,15349,,,,,,,,,,,,,,,,,,,,,,,,,,,,,,
22,,15349,0.05375934764742851,0.016502374783158302,0.15855680406093597,0.0034524700604379177,0.052524350583553314,0.008634728379547596,0.10986294597387314,0.009109093807637691,0.13107116520404816,0.052145250141620636,0.16495931148529053,0.34796807169914246,0.0004706702893599868,2.0611636638641357,0.12363061308860779,,,,,,,,,,,,,,,
,0.00023300829930105572,15359,,,,,,,,,,,,,,,,,,,,,,,,,,,,,,
22,,15359,0.0500420518219471,0.03869830071926117,0.3224778473377228,0.0025238271337002516,0.060223691165447235,0.006627986207604408,0.17922957241535187,0.004906556569039822,0.0831250324845314,0.0403808131814003,0.20170475542545319,0.37897706031799316,0.0018057225970551372,2.097050666809082,0.13265612721443176,,,,,,,,,,,,,,,
,0.00023289999665914078,15369,,,,,,,,,,,,,,,,,,,,,,,,,,,,,,
22,,15369,0.030774123966693878,0.05587517470121384,0.2976641356945038,0.009546556510031223,0.03149990364909172,0.007907671853899956,0.16448122262954712,0.0028565912507474422,0.05332501232624054,0.034566037356853485,0.14165429770946503,0.3236980438232422,0.018699688836932182,2.1060292720794678,0.08589643985033035,,,,,,,,,,,,,,,
,0.0002327916317599249,15379,,,,,,,,,,,,,,,,,,,,,,,,,,,,,,
22,,15379,0.06418601423501968,0.029417015612125397,0.30983200669288635,0.0016061081551015377,0.051772937178611755,0.008099365048110485,0.17163358628749847,0.010291049256920815,0.0921749621629715,0.054030757397413254,0.20051023364067078,0.37916645407676697,0.0006532794795930386,2.1137630939483643,0.09841212630271912,,,,,,,,,,,,,,,
,0.0002326832046847894,15389,,,,,,,,,,,,,,,,,,,,,,,,,,,,,,
22,,15389,0.06613773852586746,0.04768543317914009,0.30754777789115906,0.005256888456642628,0.048264484852552414,0.013794097118079662,0.18413090705871582,0.017001865431666374,0.1145930141210556,0.031170152127742767,0.18735496699810028,0.4255041778087616,0.004118484910577536,2.094583034515381,0.10994702577590942,,,,,,,,,,,,,,,
,0.00023257471551516213,15399,,,,,,,,,,,,,,,,,,,,,,,,,,,,,,
22,,15399,0.06709937751293182,0.01718868874013424,0.2234199345111847,0.002705361694097519,0.05600437894463539,0.008240705356001854,0.1494627147912979,0.01005939394235611,0.10666659474372864,0.035223353654146194,0.17478133738040924,0.3638705015182495,0.0006438168347813189,2.1090593338012695,0.13539083302021027,,,,,,,,,,,,,,,
,0.00023246616433251772,15409,,,,,,,,,,,,,,,,,,,,,,,,,,,,,,
22,,15409,0.0744682177901268,0.04293065145611763,0.22468829154968262,0.0015389095060527325,0.0511191301047802,0.009881152771413326,0.15615135431289673,0.009134016931056976,0.11873956769704819,0.03647017851471901,0.17587167024612427,0.389807790517807,0.0012329808669164777,2.12522029876709,0.13315477967262268,,,,,,,,,,,,,,,
,0.00023235755121837735,15419,,,,,,,,,,,,,,,,,,,,,,,,,,,,,,
22,,15419,0.06581901758909225,0.026654478162527084,0.23655463755130768,0.002838649321347475,0.04282228648662567,0.012889478355646133,0.15643151104450226,0.014155128970742226,0.08413555473089218,0.055371202528476715,0.16565975546836853,0.33945274353027344,0.0021211719140410423,2.090040683746338,0.07989571243524551,,,,,,,,,,,,,,,
,0.00023224887625430867,15429,,,,,,,,,,,,,,,,,,,,,,,,,,,,,,
22,,15429,0.04745551198720932,0.029554424807429314,0.3285837769508362,0.0015090705128386617,0.04219239205121994,0.01221966091543436,0.17936252057552338,0.013688145205378532,0.11664038896560669,0.02882278710603714,0.18014481663703918,0.4168184995651245,0.01143726147711277,2.065138816833496,0.12522682547569275,,,,,,,,,,,,,,,
,0.00023214013952192582,15439,,,,,,,,,,,,,,,,,,,,,,,,,,,,,,
22,,15439,0.0416843444108963,0.11754953861236572,0.33080583810806274,0.00129094033036381,0.05680934712290764,0.006200816482305527,0.26995208859443665,0.0023047151044011116,0.059254929423332214,0.043150343000888824,0.1928834766149521,0.39789319038391113,0.0012282958487048745,2.0659914016723633,0.12290176004171371,,,,,,,,,,,,,,,
,0.0002320313411028892,15449,,,,,,,,,,,,,,,,,,,,,,,,,,,,,,
22,,15449,0.05481212958693504,0.03478913754224777,0.2700355350971222,0.0022028263192623854,0.05403308942914009,0.016103552654385567,0.1847285032272339,0.015084496699273586,0.19790711998939514,0.038773030042648315,0.1565103381872177,0.4778580069541931,0.003302107099443674,2.1054317951202393,0.10722963511943817,,,,,,,,,,,,,,,
,0.00023192248107890582,15459,,,,,,,,,,,,,,,,,,,,,,,,,,,,,,
22,,15459,0.03912517800927162,0.023897811770439148,0.26456865668296814,0.009041807614266872,0.03618226572871208,0.004481636919081211,0.12767276167869568,0.004901156760752201,0.07930849492549896,0.06545928865671158,0.18599478900432587,0.3209947943687439,0.0009471371304243803,2.098285436630249,0.09360478073358536,,,,,,,,,,,,,,,
,0.00023181355953172858,15469,,,,,,,,,,,,,,,,,,,,,,,,,,,,,,
22,,15469,0.03858546167612076,0.03859971463680267,0.29638731479644775,0.0015060992445796728,0.04878850281238556,0.011809660121798515,0.16200876235961914,0.005406351760029793,0.07416564971208572,0.031967733055353165,0.17103292047977448,0.33627015352249146,0.005710735451430082,2.08785080909729,0.09408885985612869,,,,,,,,,,,,,,,
,0.0002317045765431569,15479,,,,,,,,,,,,,,,,,,,,,,,,,,,,,,
22,,15479,0.0675153061747551,0.029741745442152023,0.23759354650974274,0.003047252306714654,0.046361275017261505,0.005488015245646238,0.1727598011493683,0.011055313050746918,0.09658907353878021,0.07182714343070984,0.16695141792297363,0.37284255027770996,0.0049675083719193935,2.098201036453247,0.12854109704494476,,,,,,,,,,,,,,,
,0.0002315955321950362,15489,,,,,,,,,,,,,,,,,,,,,,,,,,,,,,
22,,15489,0.05158139020204544,0.02961749956011772,0.28805282711982727,0.002883319742977619,0.04201072081923485,0.004982877057045698,0.14959438145160675,0.008254759013652802,0.08553288131952286,0.03650552034378052,0.16950803995132446,0.34138479828834534,0.0011177601991221309,2.0829548835754395,0.09924132376909256,,,,,,,,,,,,,,,
,0.00023148642656925796,15499,,,,,,,,,,,,,,,,,,,,,,,,,,,,,,
22,,15499,0.044935502111911774,0.033214960247278214,0.2538958489894867,0.010907312855124474,0.04176134616136551,0.008137757889926434,0.1731511503458023,0.01081976667046547,0.08615775406360626,0.057764992117881775,0.16518667340278625,0.3640684485435486,0.006008760072290897,2.0966122150421143,0.12917737662792206,,,,,,,,,,,,,,,
,0.00023137725974775982,15509,,,,,,,,,,,,,,,,,,,,,,,,,,,,,,
22,,15509,0.055986639112234116,0.023533310741186142,0.20837736129760742,0.001181831699796021,0.043435629457235336,0.027309438213706017,0.14282533526420593,0.0060541629791259766,0.08580344915390015,0.06979411840438843,0.175506591796875,0.33533599972724915,0.0019143923418596387,2.0720932483673096,0.11557300388813019,,,,,,,,,,,,,,,
,0.00023126803181252516,15519,,,,,,,,,,,,,,,,,,,,,,,,,,,,,,
22,,15519,0.03144880011677742,0.04232323542237282,0.3000781536102295,0.001933503895998001,0.03960698843002319,0.011871356517076492,0.15378975868225098,0.009530752897262573,0.04153075069189072,0.020077044144272804,0.17384454607963562,0.30333709716796875,0.004647708032280207,2.148563861846924,0.10317304730415344,,,,,,,,,,,,,,,
,0.0002311587428455834,15529,,,,,,,,,,,,,,,,,,,,,,,,,,,,,,
22,,15529,0.04729672521352768,0.030321987345814705,0.32914555072784424,0.008743845857679844,0.04505876079201698,0.01203018706291914,0.17005623877048492,0.004606109112501144,0.060449618846178055,0.07247962057590485,0.1718134880065918,0.3529854118824005,0.009062238037586212,2.1070642471313477,0.10191433876752853,,,,,,,,,,,,,,,
,0.00023104939292900985,15539,,,,,,,,,,,,,,,,,,,,,,,,,,,,,,
22,,15539,0.03445861116051674,0.02961733005940914,0.2605203092098236,0.005698308814316988,0.04442744329571724,0.014241251163184643,0.1476183384656906,0.006264870520681143,0.06507273763418198,0.06983064860105515,0.16870884597301483,0.31929153203964233,0.0012229924323037267,2.073774814605713,0.11483947932720184,,,,,,,,,,,,,,,
,0.00023093998214492538,15549,,,,,,,,,,,,,,,,,,,,,,,,,,,,,,
22,,15549,0.0723823606967926,0.021086273714900017,0.22308112680912018,0.0023003341630101204,0.06349071860313416,0.018557805567979813,0.15257060527801514,0.013446975499391556,0.1715421974658966,0.04823583737015724,0.1694200485944748,0.44039615988731384,0.000568311894312501,2.0604770183563232,0.12191562354564667,,,,,,,,,,,,,,,
,0.00023083051057549682,15559,,,,,,,,,,,,,,,,,,,,,,,,,,,,,,
22,,15559,0.08602859079837799,0.024442868307232857,0.2494712918996811,0.0011748368851840496,0.06684084236621857,0.3035098612308502,0.16347146034240723,0.00775151327252388,0.21827375888824463,0.06176644191145897,0.19967542588710785,0.6513674855232239,0.0021400502882897854,2.1143851280212402,0.1195383295416832,,,,,,,,,,,,,,,
,0.00023072097830293648,15569,,,,,,,,,,,,,,,,,,,,,,,,,,,,,,
22,,15569,0.038770291954278946,0.039454687386751175,0.26428893208503723,0.0025472764391452074,0.05331249535083771,0.008689341135323048,0.15973281860351562,0.007950710132718086,0.07115357369184494,0.055465999990701675,0.17878587543964386,0.33815646171569824,0.005556454882025719,2.08111310005188,0.11603885889053345,,,,,,,,,,,,,,,
,0.00023061138540950228,15579,,,,,,,,,,,,,,,,,,,,,,,,,,,,,,
22,,15579,0.06968572735786438,0.021105803549289703,0.2505268156528473,0.0008575523970648646,0.043697237968444824,0.007169484160840511,0.1386619508266449,0.010436379350721836,0.11899763345718384,0.03221279755234718,0.18452109396457672,0.36748024821281433,0.003350046928972006,2.0876407623291016,0.08161580562591553,,,,,,,,,,,,,,,
,0.00023050173197749772,15589,,,,,,,,,,,,,,,,,,,,,,,,,,,,,,
22,,15589,0.0592895932495594,0.02258284203708172,0.26915132999420166,0.0036966190673410892,0.06606273353099823,0.008647988550364971,0.1635459065437317,0.0076220957562327385,0.11369278281927109,0.0451357439160347,0.18704001605510712,0.38541561365127563,0.0028105471283197403,2.1406474113464355,0.10755250602960587,,,,,,,,,,,,,,,
,0.00023039201808927175,15599,,,,,,,,,,,,,,,,,,,,,,,,,,,,,,
22,,15599,0.07269072532653809,0.0188793633133173,0.21672283113002777,0.0011840780498459935,0.04873398691415787,0.006044624838978052,0.12633410096168518,0.007798895239830017,0.10968432575464249,0.04121394455432892,0.16831932961940765,0.34762945771217346,0.0010617856169119477,2.1124496459960938,0.10783702880144119,,,,,,,,,,,,,,,
,0.00023028224382721875,15609,,,,,,,,,,,,,,,,,,,,,,,,,,,,,,
22,,15609,0.04675300419330597,0.022221127524971962,0.2456919550895691,0.0015820796834304929,0.0347779206931591,0.010288353078067303,0.131086528301239,0.012842989526689053,0.06651526689529419,0.033305104821920395,0.17414459586143494,0.3004007041454315,0.0006172714056447148,2.109306573867798,0.08811862766742706,,,,,,,,,,,,,,,
,0.0002301724092737783,15619,,,,,,,,,,,,,,,,,,,,,,,,,,,,,,
22,,15619,0.03380062058568001,0.03132462128996849,0.36046287417411804,0.0035245127510279417,0.046441152691841125,0.009439459070563316,0.1654864251613617,0.004735778085887432,0.05770084261894226,0.03430707007646561,0.23832851648330688,0.35027873516082764,0.003250921843573451,2.072465658187866,0.10994745045900345,,,,,,,,,,,,,,,
,0.00023006251451143547,15629,,,,,,,,,,,,,,,,,,,,,,,,,,,,,,
22,,15629,0.03477833792567253,0.02076621539890766,0.2076200246810913,0.0009506212663836777,0.039334554225206375,0.014668145217001438,0.13353575766086578,0.013148348778486252,0.08932074159383774,0.033286869525909424,0.1619715541601181,0.30413126945495605,0.002503304509446025,2.084765672683716,0.07429204136133194,,,,,,,,,,,,,,,
,0.0002299525596227203,15639,,,,,,,,,,,,,,,,,,,,,,,,,,,,,,
22,,15639,0.06723886728286743,0.038912370800971985,0.300977498292923,0.0030412678606808186,0.04319097101688385,0.011859353631734848,0.2099422961473465,0.007413091138005257,0.0955025926232338,0.06396745890378952,0.18905708193778992,0.39678290486335754,0.002416814910247922,2.092440605163574,0.1077064573764801,,,,,,,,,,,,,,,
,0.00022984254469020826,15649,,,,,,,,,,,,,,,,,,,,,,,,,,,,,,
22,,15649,0.05548490211367607,0.021552681922912598,0.19023093581199646,0.0005523901781998575,0.03107788786292076,0.008711581118404865,0.1125827431678772,0.006590747740119696,0.07813066989183426,0.02609671838581562,0.13436558842658997,0.27265089750289917,0.0003137323947157711,2.120417356491089,0.07524006068706512,,,,,,,,,,,,,,,
,0.00022973246979651968,15659,,,,,,,,,,,,,,,,,,,,,,,,,,,,,,
22,,15659,0.06449385732412338,0.0419062077999115,0.2924500107765198,0.0015107467770576477,0.052524711936712265,0.03088493086397648,0.20014962553977966,0.00856064260005951,0.07128287106752396,0.05354137346148491,0.18272826075553894,0.38484522700309753,0.004968496039509773,2.118196487426758,0.12863385677337646,,,,,,,,,,,,,,,
,0.0002296223350243201,15669,,,,,,,,,,,,,,,,,,,,,,,,,,,,,,
22,,15669,0.06434272974729538,0.015271961688995361,0.16429586708545685,0.0009565678192302585,0.0421915277838707,0.01766878180205822,0.12699000537395477,0.008450853638350964,0.09584005922079086,0.0372924841940403,0.15292981266975403,0.3073207437992096,0.0004509463324211538,2.113236665725708,0.0891459584236145,,,,,,,,,,,,,,,
,0.0002295121404563198,15679,,,,,,,,,,,,,,,,,,,,,,,,,,,,,,
22,,15679,0.05815853178501129,0.038275498896837234,0.18683505058288574,0.0007850700058043003,0.0378854013979435,0.01599729433655739,0.15457575023174286,0.008587658405303955,0.1139034777879715,0.03178466483950615,0.17161725461483002,0.35131558775901794,0.0047521041706204414,2.0766799449920654,0.09214072674512863,,,,,,,,,,,,,,,
,0.00022940188617527426,15689,,,,,,,,,,,,,,,,,,,,,,,,,,,,,,
22,,15689,0.05643356963992119,0.017291367053985596,0.22849521040916443,0.0008399517391808331,0.042385492473840714,0.018098661676049232,0.1413274109363556,0.016664821654558182,0.13892550766468048,0.02689293585717678,0.16710300743579865,0.3794374167919159,0.0010075507452711463,2.1218931674957275,0.08628535270690918,,,,,,,,,,,,,,,
,0.00022929157226398358,15699,,,,,,,,,,,,,,,,,,,,,,,,,,,,,,
22,,15699,0.04654517397284508,0.06268908083438873,0.2786915600299835,0.0008869815501384437,0.04892963916063309,0.009956350550055504,0.19872243702411652,0.007111057639122009,0.0624016635119915,0.031226346269249916,0.18288448452949524,0.34907469153404236,0.0013897174503654242,2.10664439201355,0.12392514199018478,,,,,,,,,,,,,,,
,0.00022918119880529272,15709,,,,,,,,,,,,,,,,,,,,,,,,,,,,,,
22,,15709,0.026625949889421463,0.04524042084813118,0.29431018233299255,0.0008207936189137399,0.04514395445585251,0.005346848629415035,0.17953644692897797,0.008233064785599709,0.05193299427628517,0.03417794033885002,0.1758059412240982,0.3140973746776581,0.003357612993568182,2.0821707248687744,0.10306430608034134,,,,,,,,,,,,,,,
,0.00022907076588209134,15719,,,,,,,,,,,,,,,,,,,,,,,,,,,,,,
22,,15719,0.041823819279670715,0.017537012696266174,0.18072886765003204,0.002072965959087014,0.05169166997075081,0.005202409811317921,0.11402136087417603,0.007918492890894413,0.08798965066671371,0.03799207881093025,0.13446202874183655,0.2930694818496704,0.006350602488964796,2.0935568809509277,0.09990576654672623,,,,,,,,,,,,,,,
,0.00022896027357731375,15729,,,,,,,,,,,,,,,,,,,,,,,,,,,,,,
22,,15729,0.04088108614087105,0.026718905195593834,0.2785228192806244,0.002478803740814328,0.05164385586977005,0.008601687848567963,0.1776999980211258,0.007842261344194412,0.057417597621679306,0.04747404903173447,0.17385528981685638,0.32662349939346313,0.005118771456182003,2.1222422122955322,0.11850711703300476,,,,,,,,,,,,,,,
,0.00022884972197393898,15739,,,,,,,,,,,,,,,,,,,,,,,,,,,,,,
22,,15739,0.043828334659338,0.029725654050707817,0.25181543827056885,0.0016848085215315223,0.05428960546851158,0.00803845189511776,0.18272067606449127,0.006246526259928942,0.08729349076747894,0.04795707389712334,0.18150390684604645,0.3473118543624878,0.0005860740784555674,2.105023145675659,0.11795251816511154,,,,,,,,,,,,,,,
,0.00022873911115499037,15749,,,,,,,,,,,,,,,,,,,,,,,,,,,,,,
22,,15749,0.07697516679763794,0.02329268865287304,0.2416684925556183,0.002983985235914588,0.04903898760676384,0.0169442817568779,0.14020167291164398,0.007757679559290409,0.114786796271801,0.03252243995666504,0.15983176231384277,0.37513360381126404,0.0018917674897238612,2.1069183349609375,0.11593704670667648,,,,,,,,,,,,,,,
,0.00022862844120353587,15759,,,,,,,,,,,,,,,,,,,,,,,,,,,,,,
22,,15759,0.05152082070708275,0.02553616464138031,0.2045028805732727,0.0012087867362424731,0.03437304124236107,0.003350264625623822,0.11760037392377853,0.008284918032586575,0.08444724231958389,0.028863390907645226,0.151243656873703,0.284690260887146,0.0012779971584677696,2.0918662548065186,0.05966281518340111,,,,,,,,,,,,,,,
,0.00022851771220268793,15769,,,,,,,,,,,,,,,,,,,,,,,,,,,,,,
22,,15769,0.08050957322120667,0.028622623533010483,0.26652151346206665,0.0010632629273459315,0.05310351401567459,0.014941125176846981,0.16753901541233063,0.007581969257444143,0.17929747700691223,0.04782458022236824,0.17876330018043518,0.4545230269432068,0.0016017034649848938,2.0839569568634033,0.09253612905740738,,,,,,,,,,,,,,,
,0.0002284069242356031,15779,,,,,,,,,,,,,,,,,,,,,,,,,,,,,,
22,,15779,0.05385119467973709,0.03687850758433342,0.25049710273742676,0.005789771676063538,0.04332668334245682,0.013739759102463722,0.18585732579231262,0.013887115754187107,0.13068251311779022,0.044486142694950104,0.14249590039253235,0.39346712827682495,0.0023840952198952436,2.0702154636383057,0.08186495304107666,,,,,,,,,,,,,,,
,0.0002282960773854824,15789,,,,,,,,,,,,,,,,,,,,,,,,,,,,,,
22,,15789,0.06864367425441742,0.028522515669465065,0.25647491216659546,0.001139467116445303,0.045095887035131454,0.011362281627953053,0.15607567131519318,0.016773931682109833,0.11538393795490265,0.041177310049533844,0.17417149245738983,0.3865016996860504,0.00017604802269488573,2.102874279022217,0.11123353987932205,,,,,,,,,,,,,,,
,0.00022818517173557097,15799,,,,,,,,,,,,,,,,,,,,,,,,,,,,,,
22,,15799,0.053047750145196915,0.02266802079975605,0.28226345777511597,0.0005642775213345885,0.05138615518808365,0.008190540596842766,0.23037032783031464,0.009034997783601284,0.13208776712417603,0.032269254326820374,0.17771188914775848,0.41226136684417725,0.0020859134383499622,2.1296660900115967,0.11100396513938904,,,,,,,,,,,,,,,
,0.0002280742073691582,15809,,,,,,,,,,,,,,,,,,,,,,,,,,,,,,
22,,15809,0.05696073919534683,0.026946300640702248,0.27730441093444824,0.0035154009237885475,0.042735207825899124,0.015205305069684982,0.15115530788898468,0.00670728599652648,0.06507125496864319,0.05769642814993858,0.19306224584579468,0.3414115607738495,0.0031741575803607702,2.1002707481384277,0.12383674830198288,,,,,,,,,,,,,,,
,0.00022796318436957755,15819,,,,,,,,,,,,,,,,,,,,,,,,,,,,,,
22,,15819,0.05186426639556885,0.03436710685491562,0.29430171847343445,0.0015814214712008834,0.06192830950021744,0.007092788815498352,0.18760612607002258,0.010509481653571129,0.10627768933773041,0.05184025317430496,0.18272949755191803,0.3992606997489929,0.0011108428006991744,2.1058499813079834,0.1385325789451599,,,,,,,,,,,,,,,
,0.0002278521028202065,15829,,,,,,,,,,,,,,,,,,,,,,,,,,,,,,
22,,15829,0.03574473410844803,0.027898184955120087,0.21453088521957397,0.0037975115701556206,0.031379394233226776,0.018912209197878838,0.12843838334083557,0.004316863603889942,0.06339609622955322,0.026780011132359505,0.12956535816192627,0.2672874629497528,0.004663712345063686,2.0886430740356445,0.061272624880075455,,,,,,,,,,,,,,,
,0.00022774096280446643,15839,,,,,,,,,,,,,,,,,,,,,,,,,,,,,,
22,,15839,0.058120861649513245,0.028734272345900536,0.20944711565971375,0.0050081517547369,0.05345975607633591,0.0091073177754879,0.14721693098545074,0.01341929193586111,0.10600751638412476,0.054975058883428574,0.1562001258134842,0.35897505283355713,0.00521871680393815,2.0766501426696777,0.10574663430452347,,,,,,,,,,,,,,,
,0.00022762976440582274,15849,,,,,,,,,,,,,,,,,,,,,,,,,,,,,,
22,,15849,0.04539453983306885,0.02136261947453022,0.2842055857181549,0.0003350856131874025,0.05527357757091522,0.00976595003157854,0.14840775728225708,0.004757133312523365,0.041659533977508545,0.04793445020914078,0.18299198150634766,0.3015906512737274,0.002610470401123166,2.09885573387146,0.12044189125299454,,,,,,,,,,,,,,,
,0.00022751850770778457,15859,,,,,,,,,,,,,,,,,,,,,,,,,,,,,,
22,,15859,0.027922285720705986,0.02205861546099186,0.18493594229221344,0.0012535921996459365,0.034090347588062286,0.018412191420793533,0.13146661221981049,0.009669552557170391,0.06291750073432922,0.053174182772636414,0.156656414270401,0.26214340329170227,0.0007318150601349771,2.108877182006836,0.06467609852552414,,,,,,,,,,,,,,,
,0.000227407192793905,15869,,,,,,,,,,,,,,,,,,,,,,,,,,,,,,
22,,15869,0.05256861075758934,0.035095613449811935,0.2822447717189789,0.003759401850402355,0.03945634141564369,0.01143911387771368,0.173833966255188,0.011271243914961815,0.1019536703824997,0.02209896221756935,0.18161676824092865,0.36768460273742676,0.0026371420826762915,2.1049411296844482,0.08128944784402847,,,,,,,,,,,,,,,
,0.0002272958197477806,15879,,,,,,,,,,,,,,,,,,,,,,,,,,,,,,
22,,15879,0.05444765463471413,0.01785251870751381,0.2412293404340744,0.002338987775146961,0.051255643367767334,0.00811543595045805,0.1229100301861763,0.0060494765639305115,0.08677983283996582,0.036350689828395844,0.2009986937046051,0.33587443828582764,0.0008128782501444221,2.103595733642578,0.13302715122699738,,,,,,,,,,,,,,,
,0.00022718438865305184,15889,,,,,,,,,,,,,,,,,,,,,,,,,,,,,,
22,,15889,0.055469077080488205,0.02800006978213787,0.24433289468288422,0.0022988440468907356,0.052501995116472244,0.008220178075134754,0.14832887053489685,0.010591858997941017,0.09411878883838654,0.056693121790885925,0.1867227852344513,0.3485521972179413,0.0006196242175064981,2.0882582664489746,0.09507434070110321,,,,,,,,,,,,,,,
,0.00022707289959340266,15899,,,,,,,,,,,,,,,,,,,,,,,,,,,,,,
22,,15899,0.05161164328455925,0.02651580609381199,0.22793741524219513,0.006044947076588869,0.052002787590026855,0.011001678183674812,0.16066250205039978,0.007211886812001467,0.07891172915697098,0.051457371562719345,0.15749713778495789,0.3294771611690521,0.0007737880223430693,2.094683885574341,0.11285427957773209,,,,,,,,,,,,,,,
,0.00022696135265256044,15909,,,,,,,,,,,,,,,,,,,,,,,,,,,,,,
22,,15909,0.0482596680521965,0.016321392729878426,0.17852333188056946,0.0026199149433523417,0.03100854530930519,0.005019261036068201,0.1173035278916359,0.0054594227112829685,0.10077209770679474,0.035139765590429306,0.13514429330825806,0.29067328572273254,0.00045521327410824597,2.1019654273986816,0.08421256393194199,,,,,,,,,,,,,,,
,0.00022684974791429627,15919,,,,,,,,,,,,,,,,,,,,,,,,,,,,,,
22,,15919,0.060355279594659805,0.04497503116726875,0.3117404878139496,0.002434892114251852,0.06714321672916412,0.01139291375875473,0.20676109194755554,0.012509076856076717,0.12042564898729324,0.05309775099158287,0.18977154791355133,0.4404112696647644,0.001594635657966137,2.0950706005096436,0.13888578116893768,,,,,,,,,,,,,,,
,0.0002267380854624244,15929,,,,,,,,,,,,,,,,,,,,,,,,,,,,,,
22,,15929,0.043079838156700134,0.018259378150105476,0.20488280057907104,0.0017553495708853006,0.039119478315114975,0.006892582401633263,0.11163374036550522,0.005531477741897106,0.08453585207462311,0.045351848006248474,0.1517714112997055,0.2926159203052521,0.006608325522392988,2.095318555831909,0.0852823406457901,,,,,,,,,,,,,,,
,0.00022662636538080255,15939,,,,,,,,,,,,,,,,,,,,,,,,,,,,,,
22,,15939,0.029286375269293785,0.027795495465397835,0.24594564735889435,0.0020423633977770805,0.04706144705414772,0.005762859247624874,0.1412501335144043,0.0038875271566212177,0.04204608500003815,0.05878061801195145,0.1844712644815445,0.28153863549232483,0.002089561428874731,2.0876290798187256,0.1208578422665596,,,,,,,,,,,,,,,
,0.00022651458775333174,15949,,,,,,,,,,,,,,,,,,,,,,,,,,,,,,
22,,15949,0.04394283890724182,0.029895950108766556,0.22601254284381866,0.003116484498605132,0.025851352140307426,0.015710581094026566,0.1320754885673523,0.004368361551314592,0.0445249043405056,0.045434676110744476,0.15213912725448608,0.25908100605010986,0.002347622299566865,2.089311122894287,0.06136685237288475,,,,,,,,,,,,,,,
,0.0002264027526639561,15959,,,,,,,,,,,,,,,,,,,,,,,,,,,,,,
22,,15959,0.07025207579135895,0.019941061735153198,0.1986650973558426,0.0015839571133255959,0.05636974051594734,0.024352902546525,0.11016316711902618,0.014077232219278812,0.11239369213581085,0.06278035044670105,0.179117813706398,0.3686332106590271,0.0003821862628683448,2.0841362476348877,0.12814614176750183,,,,,,,,,,,,,,,
,0.000226290860196663,15969,,,,,,,,,,,,,,,,,,,,,,,,,,,,,,
22,,15969,0.06708016246557236,0.02432183176279068,0.21275678277015686,0.0024123508483171463,0.035916708409786224,0.02082693576812744,0.12464262545108795,0.010028313845396042,0.09337612241506577,0.05102265998721123,0.14797739684581757,0.32668498158454895,0.0010791608365252614,2.0989654064178467,0.08297005295753479,,,,,,,,,,,,,,,
,0.00022617891043548295,15979,,,,,,,,,,,,,,,,,,,,,,,,,,,,,,
22,,15979,0.05069539323449135,0.023245135322213173,0.23124605417251587,0.0035072574391961098,0.04025065898895264,0.06994342058897018,0.14217710494995117,0.007887810468673706,0.07225117087364197,0.053747374564409256,0.1596279889345169,0.337985098361969,0.0012231688015162945,2.082012176513672,0.0950993075966835,,,,,,,,,,,,,,,
22,,15984,,,,,,,,,,,,,,,,0.18070468306541443,0.03914725407958031,0.2592249810695648,0.008531923405826092,0.06979960203170776,0.0024866939056664705,0.12649087607860565,0.018903113901615143,0.19551973044872284,0.07954617589712143,0.18750596046447754,0.5604433417320251,0.011837096884846687,2.064366102218628,0.1404123157262802
,0.00022606690346448928,15989,,,,,,,,,,,,,,,,,,,,,,,,,,,,,,
23,,15989,0.053286898881196976,0.016123097389936447,0.17529329657554626,0.0026531629264354706,0.04037178307771683,0.017076566815376282,0.11896883696317673,0.0067213973961770535,0.07452695071697235,0.05416761338710785,0.15433643758296967,0.2830721139907837,0.0015156628796830773,2.102898359298706,0.08202803134918213,,,,,,,,,,,,,,,
,0.00022595483936779857,15999,,,,,,,,,,,,,,,,,,,,,,,,,,,,,,
23,,15999,0.07428965717554092,0.026443354785442352,0.2308618575334549,0.001869432395324111,0.06071330979466438,0.009847273118793964,0.15674656629562378,0.009884258732199669,0.11544115841388702,0.035901088267564774,0.1899721473455429,0.38509446382522583,0.0011260365135967731,2.0623247623443604,0.12374869734048843,,,,,,,,,,,,,,,
,0.00022584271822957005,16009,,,,,,,,,,,,,,,,,,,,,,,,,,,,,,
23,,16009,0.0583307147026062,0.07511233538389206,0.290804922580719,0.0027063670568168163,0.07514700293540955,0.008593793027102947,0.21452189981937408,0.021602340042591095,0.20379869639873505,0.041594333946704865,0.19550321996212006,0.5452293157577515,0.003201374551281333,2.081763982772827,0.15138287842273712,,,,,,,,,,,,,,,
,0.00022573054013400588,16019,,,,,,,,,,,,,,,,,,,,,,,,,,,,,,
23,,16019,0.05273222550749779,0.04060601070523262,0.3393997848033905,0.002980564720928669,0.041031282395124435,0.012523799203336239,0.20164351165294647,0.0062191965989768505,0.09269125759601593,0.0321686789393425,0.17720453441143036,0.4224996268749237,0.032379016280174255,2.0886988639831543,0.1220145970582962,,,,,,,,,,,,,,,
,0.00022561830516535104,16029,,,,,,,,,,,,,,,,,,,,,,,,,,,,,,
23,,16029,0.03731967881321907,0.04670631140470505,0.23162606358528137,0.0014782104408368468,0.037212908267974854,0.013016226701438427,0.1678134799003601,0.004264087416231632,0.05585990473628044,0.03991520032286644,0.1587575227022171,0.29508185386657715,0.0006527425139211118,2.0735878944396973,0.10164393484592438,,,,,,,,,,,,,,,
,0.0002255060134078932,16039,,,,,,,,,,,,,,,,,,,,,,,,,,,,,,
23,,16039,0.048133641481399536,0.019514547660946846,0.16569428145885468,0.0012065840419381857,0.04010605439543724,0.010342908091843128,0.13837070763111115,0.010902564972639084,0.12779998779296875,0.03809988126158714,0.1337209790945053,0.3300907015800476,0.002064409665763378,2.1272740364074707,0.08095477521419525,,,,,,,,,,,,,,,
,0.00022539366494596258,16049,,,,,,,,,,,,,,,,,,,,,,,,,,,,,,
23,,16049,0.03658905252814293,0.04430120438337326,0.2439761459827423,0.008042862638831139,0.04040784761309624,0.015340250916779041,0.15488572418689728,0.008413984440267086,0.08547517657279968,0.022911429405212402,0.17718490958213806,0.3477817475795746,0.0008024221169762313,2.1331496238708496,0.1349073350429535,,,,,,,,,,,,,,,
,0.00022528125986393218,16059,,,,,,,,,,,,,,,,,,,,,,,,,,,,,,
23,,16059,0.017867645248770714,0.03306780010461807,0.2444566935300827,0.0026848961133509874,0.03924638777971268,0.013337272219359875,0.1424088329076767,0.0052548800595104694,0.055881086736917496,0.03932490572333336,0.15617428719997406,0.27614593505859375,0.0009276348864659667,2.053572654724121,0.08894479274749756,,,,,,,,,,,,,,,
,0.00022516879824621735,16069,,,,,,,,,,,,,,,,,,,,,,,,,,,,,,
23,,16069,0.03529662266373634,0.013148192316293716,0.2460833638906479,0.001713588833808899,0.04003898426890373,0.007765493355691433,0.11128827929496765,0.004612070508301258,0.04670138657093048,0.031144598498940468,0.1760290116071701,0.26989662647247314,0.0014940411783754826,2.1046149730682373,0.12350298464298248,,,,,,,,,,,,,,,
,0.000225056280177276,16079,,,,,,,,,,,,,,,,,,,,,,,,,,,,,,
23,,16079,0.05542539060115814,0.027148274704813957,0.2404625564813614,0.001506767701357603,0.043005622923374176,0.010396451689302921,0.13410328328609467,0.0037841713055968285,0.07388105243444443,0.04771943390369415,0.14108240604400635,0.3040202260017395,0.0018643145449459553,2.0966877937316895,0.09141092747449875,,,,,,,,,,,,,,,
,0.00022494370574160826,16089,,,,,,,,,,,,,,,,,,,,,,,,,,,,,,
23,,16089,0.07010045647621155,0.02077060006558895,0.2373623549938202,0.0021187528036534786,0.0591171570122242,0.026912156492471695,0.14455574750900269,0.014705055393278599,0.13475747406482697,0.055352337658405304,0.17395783960819244,0.41182589530944824,0.0008826752891764045,2.0669102668762207,0.12442012131214142,,,,,,,,,,,,,,,
,0.0002248310750237569,16099,,,,,,,,,,,,,,,,,,,,,,,,,,,,,,
23,,16099,0.04047397896647453,0.05145927891135216,0.22735397517681122,0.0014230025699362159,0.03925303369760513,0.008187869563698769,0.15230564773082733,0.008809364400804043,0.054030921310186386,0.025946328416466713,0.1509522795677185,0.28014901280403137,0.001377961365506053,2.1002066135406494,0.06471625715494156,,,,,,,,,,,,,,,
,0.0002247183881083066,16109,,,,,,,,,,,,,,,,,,,,,,,,,,,,,,
23,,16109,0.03532060980796814,0.0200148094445467,0.29690563678741455,0.002537465188652277,0.03149029240012169,0.006974366027861834,0.15107771754264832,0.008141331374645233,0.062111541628837585,0.03876490145921707,0.17523528635501862,0.30214619636535645,0.0009374552173539996,2.113050699234009,0.07896499335765839,,,,,,,,,,,,,,,
,0.00022460564507988456,16119,,,,,,,,,,,,,,,,,,,,,,,,,,,,,,
23,,16119,0.01847955957055092,0.03653047978878021,0.2513428330421448,0.002189652295783162,0.0481068417429924,0.006323869805783033,0.14050506055355072,0.0037221862003207207,0.03221562132239342,0.025747178122401237,0.17940199375152588,0.2635306715965271,0.0005903496639803052,2.0665550231933594,0.11833549290895462,,,,,,,,,,,,,,,
,0.0002244928460231599,16129,,,,,,,,,,,,,,,,,,,,,,,,,,,,,,
23,,16129,0.04405003786087036,0.02705005742609501,0.21156983077526093,0.00040268144221045077,0.03853461146354675,0.010044899769127369,0.11721585690975189,0.00840756669640541,0.05263073742389679,0.03556513041257858,0.15932589769363403,0.2672792971134186,0.0012206821702420712,2.051389694213867,0.09047206491231918,,,,,,,,,,,,,,,
,0.00022437999102284398,16139,,,,,,,,,,,,,,,,,,,,,,,,,,,,,,
23,,16139,0.039417773485183716,0.03569499030709267,0.2719712555408478,0.0014528862666338682,0.05135360732674599,0.013155758380889893,0.14231371879577637,0.004915937315672636,0.08180073648691177,0.0450989194214344,0.1828557699918747,0.334127277135849,0.0009716485510580242,2.1012816429138184,0.10359042882919312,,,,,,,,,,,,,,,
,0.00022426708016369003,16149,,,,,,,,,,,,,,,,,,,,,,,,,,,,,,
23,,16149,0.051699720323085785,0.03361358121037483,0.25008058547973633,0.0015972565161064267,0.041320860385894775,0.03535092622041702,0.14994527399539948,0.004990315996110439,0.09047114104032516,0.034820519387722015,0.1638384312391281,0.3435683250427246,0.0002739282790571451,2.1157336235046387,0.0947781428694725,,,,,,,,,,,,,,,
,0.0002241541135304933,16159,,,,,,,,,,,,,,,,,,,,,,,,,,,,,,
23,,16159,0.047180142253637314,0.02214435115456581,0.2238190919160843,0.005223013926297426,0.03145743906497955,0.011348937638103962,0.13042734563350677,0.004791148938238621,0.07158980518579483,0.0473976656794548,0.14299887418746948,0.28905561566352844,0.002653061179444194,2.0767173767089844,0.07783317565917969,,,,,,,,,,,,,,,
,0.00022404109120809093,16169,,,,,,,,,,,,,,,,,,,,,,,,,,,,,,
23,,16169,0.05919872596859932,0.01860032044351101,0.22065073251724243,0.00162462645675987,0.0531713031232357,0.008754411712288857,0.13252882659435272,0.00886814296245575,0.08807238936424255,0.03928837552666664,0.1639755517244339,0.3355691134929657,0.0010438344907015562,2.077214002609253,0.14411602914333344,,,,,,,,,,,,,,,
,0.0002239280132813619,16179,,,,,,,,,,,,,,,,,,,,,,,,,,,,,,
23,,16179,0.06515713036060333,0.03437340632081032,0.24089914560317993,0.0020189639180898666,0.06393466889858246,0.03278002142906189,0.16905708611011505,0.011501643806695938,0.12857821583747864,0.027916090562939644,0.16966255009174347,0.41550180315971375,0.0008057178929448128,2.029737710952759,0.13747255504131317,,,,,,,,,,,,,,,
,0.0002238148798352269,16189,,,,,,,,,,,,,,,,,,,,,,,,,,,,,,
23,,16189,0.06161324679851532,0.03502943739295006,0.26093217730522156,0.0021306073758751154,0.04790107160806656,0.0050746724009513855,0.18002131581306458,0.010762214660644531,0.09127361327409744,0.04724595695734024,0.17908376455307007,0.3670920729637146,0.0005517489626072347,2.0883216857910156,0.12284747511148453,,,,,,,,,,,,,,,
,0.00022370169095464824,16199,,,,,,,,,,,,,,,,,,,,,,,,,,,,,,
23,,16199,0.040364254266023636,0.029277736321091652,0.24974100291728973,0.0029645757749676704,0.04699327424168587,0.022073840722441673,0.17172689735889435,0.014050137251615524,0.10936476290225983,0.0664142444729805,0.17646276950836182,0.376486599445343,0.00217176740989089,2.112973690032959,0.10049393773078918,,,,,,,,,,,,,,,
,0.00022358844672463007,16209,,,,,,,,,,,,,,,,,,,,,,,,,,,,,,
23,,16209,0.0862005352973938,0.04043855518102646,0.2634246349334717,0.0021226441022008657,0.060954075306653976,0.03380093351006508,0.2234330028295517,0.010291095823049545,0.13255995512008667,0.03693405166268349,0.1835121065378189,0.45681843161582947,0.0021161178592592478,2.0892348289489746,0.13728584349155426,,,,,,,,,,,,,,,
,0.00022347514723021798,16219,,,,,,,,,,,,,,,,,,,,,,,,,,,,,,
23,,16219,0.046761222183704376,0.023380283266305923,0.30000364780426025,0.002614344470202923,0.05217035114765167,0.014343637973070145,0.17473870515823364,0.009452223777770996,0.07768277823925018,0.025202317163348198,0.18106694519519806,0.35521841049194336,0.0014063767157495022,2.075119733810425,0.12478675693273544,,,,,,,,,,,,,,,
,0.00022336179255649907,16229,,,,,,,,,,,,,,,,,,,,,,,,,,,,,,
23,,16229,0.056080080568790436,0.0189311932772398,0.25620248913764954,0.004878070671111345,0.039220016449689865,0.008128557354211807,0.15172091126441956,0.010149208828806877,0.09174168854951859,0.06530871987342834,0.17732024192810059,0.35346633195877075,0.001411495148204267,2.076840400695801,0.11917567253112793,,,,,,,,,,,,,,,
,0.00022324838278860184,16239,,,,,,,,,,,,,,,,,,,,,,,,,,,,,,
23,,16239,0.07133565098047256,0.019911043345928192,0.1906346082687378,0.0027699933853000402,0.03777877986431122,0.009769069962203503,0.11763361841440201,0.01104753091931343,0.09705591946840286,0.06481814384460449,0.1401846557855606,0.31928402185440063,0.0030263508670032024,2.105581521987915,0.07688109576702118,,,,,,,,,,,,,,,
,0.0002231349180116962,16249,,,,,,,,,,,,,,,,,,,,,,,,,,,,,,
23,,16249,0.05387654900550842,0.028350332751870155,0.2514118254184723,0.001831318368203938,0.05903775617480278,0.011328394524753094,0.14636558294296265,0.009899280034005642,0.12077043950557709,0.042126987129449844,0.18797726929187775,0.3874293565750122,0.0011020456440746784,2.0881221294403076,0.13064923882484436,,,,,,,,,,,,,,,
,0.00022302139831099349,16259,,,,,,,,,,,,,,,,,,,,,,,,,,,,,,
23,,16259,0.03820021450519562,0.029869651421904564,0.22314484417438507,0.0017427396960556507,0.05074493587017059,0.010510940104722977,0.15013259649276733,0.012667463161051273,0.05968700721859932,0.028246844187378883,0.1429995745420456,0.29377615451812744,0.0004633464850485325,2.085897207260132,0.10970795154571533,,,,,,,,,,,,,,,
,0.00022290782377174613,16269,,,,,,,,,,,,,,,,,,,,,,,,,,,,,,
23,,16269,0.04605147987604141,0.014226607978343964,0.18542838096618652,0.0007450475241057575,0.053682126104831696,0.00714381318539381,0.11663271486759186,0.012920903973281384,0.07641623914241791,0.06642041355371475,0.17423665523529053,0.2999558746814728,0.0011458355002105236,2.094843864440918,0.11140650510787964,,,,,,,,,,,,,,,
,0.00022279419447924768,16279,,,,,,,,,,,,,,,,,,,,,,,,,,,,,,
23,,16279,0.05260781943798065,0.02610749937593937,0.26466885209083557,0.00445495406165719,0.03885767608880997,0.009442643262445927,0.12645481526851654,0.010867574252188206,0.09597984701395035,0.028288433328270912,0.1957760602235794,0.3477366864681244,0.0011056129587814212,2.070828914642334,0.09911077469587326,,,,,,,,,,,,,,,
,0.00022268051051883308,16289,,,,,,,,,,,,,,,,,,,,,,,,,,,,,,
23,,16289,0.05100482329726219,0.017707431688904762,0.23453672230243683,0.00238618953153491,0.03710060939192772,0.010175103321671486,0.15610076487064362,0.005195947363972664,0.0854310542345047,0.0370275117456913,0.16613587737083435,0.32325032353401184,0.0073538366705179214,2.0577754974365234,0.09255892783403397,,,,,,,,,,,,,,,
,0.00022256677197587805,16299,,,,,,,,,,,,,,,,,,,,,,,,,,,,,,
23,,16299,0.06853598356246948,0.021156063303351402,0.18284165859222412,0.002335346071049571,0.03341292217373848,0.02317872643470764,0.12498945742845535,0.006455907132476568,0.07564955204725266,0.03151583671569824,0.14157408475875854,0.2890577018260956,0.0012588010868057609,2.078338861465454,0.0718100368976593,,,,,,,,,,,,,,,
,0.0002224529789357995,16309,,,,,,,,,,,,,,,,,,,,,,,,,,,,,,
23,,16309,0.054198335856199265,0.028619078919291496,0.25911006331443787,0.001104111666791141,0.06433434039354324,0.004066929686814547,0.16576215624809265,0.004767819307744503,0.17544767260551453,0.07847807556390762,0.177936390042305,0.44835811853408813,0.001967075513675809,2.10444712638855,0.13958348333835602,,,,,,,,,,,,,,,
,0.00022233913148405517,16319,,,,,,,,,,,,,,,,,,,,,,,,,,,,,,
23,,16319,0.041049063205718994,0.019801141694188118,0.19366547465324402,0.0015108201187103987,0.04510093480348587,0.01694781333208084,0.11588800698518753,0.01135899219661951,0.0722823292016983,0.03908195719122887,0.1372397392988205,0.2802555561065674,0.0011962897842749953,2.1118874549865723,0.08443702012300491,,,,,,,,,,,,,,,
,0.00022222522970614359,16329,,,,,,,,,,,,,,,,,,,,,,,,,,,,,,
23,,16329,0.028767498210072517,0.021034857258200645,0.2568002939224243,0.0022316325921565294,0.05630454421043396,0.008972624316811562,0.13515368103981018,0.006720306817442179,0.05306950956583023,0.07402101904153824,0.17856822907924652,0.3044554889202118,0.000280693027889356,2.105281352996826,0.14382638037204742,,,,,,,,,,,,,,,
,0.00022211127368760428,16339,,,,,,,,,,,,,,,,,,,,,,,,,,,,,,
23,,16339,0.08845922350883484,0.03951903432607651,0.2431207150220871,0.004649494308978319,0.05980442091822624,0.016875291243195534,0.1951487511396408,0.008951326832175255,0.13270221650600433,0.05797986686229706,0.17365923523902893,0.43836739659309387,0.0035398865584284067,2.0903737545013428,0.1331542432308197,,,,,,,,,,,,,,,
,0.00022199726351401734,16349,,,,,,,,,,,,,,,,,,,,,,,,,,,,,,
23,,16349,0.08837351948022842,0.019801732152700424,0.20198789238929749,0.004224385600537062,0.05299346521496773,0.006826501805335283,0.13660603761672974,0.009295376017689705,0.13526566326618195,0.0566423125565052,0.17142939567565918,0.3866324722766876,0.0010688338661566377,2.1088287830352783,0.10159677267074585,,,,,,,,,,,,,,,
,0.00022188319927100362,16359,,,,,,,,,,,,,,,,,,,,,,,,,,,,,,
23,,16359,0.11913101375102997,0.0286332406103611,0.28004691004753113,0.004301018547266722,0.06922182440757751,0.008477353490889072,0.1798732578754425,0.014375466853380203,0.2136814296245575,0.05546801537275314,0.1982489675283432,0.5574551820755005,0.006341626867651939,2.091803550720215,0.1641344130039215,,,,,,,,,,,,,,,
,0.0002217690810442245,16369,,,,,,,,,,,,,,,,,,,,,,,,,,,,,,
23,,16369,0.06028919667005539,0.01577279344201088,0.18026599287986755,0.00247117574326694,0.034843359142541885,0.00853723380714655,0.10657578706741333,0.0072386134415864944,0.08764111995697021,0.03105531632900238,0.1513756811618805,0.28603190183639526,0.0010417610174044967,2.0359742641448975,0.07516292482614517,,,,,,,,,,,,,,,
,0.00022165490891938198,16379,,,,,,,,,,,,,,,,,,,,,,,,,,,,,,
23,,16379,0.05213448032736778,0.02597017027437687,0.2234419882297516,0.0027123589534312487,0.04759766906499863,0.012738121673464775,0.1280956119298935,0.007217051461338997,0.08825966715812683,0.06274547427892685,0.1839955896139145,0.3363078832626343,0.0011381747899577022,2.1013107299804688,0.12329797446727753,,,,,,,,,,,,,,,
,0.00022154068298221847,16389,,,,,,,,,,,,,,,,,,,,,,,,,,,,,,
23,,16389,0.04633006080985069,0.021748336032032967,0.22113554179668427,0.0009034254471771419,0.038453564047813416,0.009007670916616917,0.13864871859550476,0.007508828770369291,0.09324055165052414,0.049728769809007645,0.1550695300102234,0.3154856562614441,0.0004708372289314866,2.081591844558716,0.09301450103521347,,,,,,,,,,,,,,,
,0.0002214264033185169,16399,,,,,,,,,,,,,,,,,,,,,,,,,,,,,,
23,,16399,0.07018725574016571,0.032743409276008606,0.2299589216709137,0.0032543549314141273,0.05004806071519852,0.005622766446322203,0.1448821872472763,0.0070456163957715034,0.08172108978033066,0.03723147511482239,0.16865825653076172,0.3287748396396637,0.0003095497959293425,2.092390298843384,0.09468408674001694,,,,,,,,,,,,,,,
,0.0002213120700141004,16409,,,,,,,,,,,,,,,,,,,,,,,,,,,,,,
23,,16409,0.04766838997602463,0.026386406272649765,0.21567586064338684,0.0029261065647006035,0.04033553600311279,0.007708203513175249,0.14778798818588257,0.010579537600278854,0.09023019671440125,0.04716124013066292,0.15066517889499664,0.3268047571182251,0.009123154915869236,2.0658910274505615,0.08920678496360779,,,,,,,,,,,,,,,
,0.00022119768315483255,16419,,,,,,,,,,,,,,,,,,,,,,,,,,,,,,
23,,16419,0.06723131984472275,0.023967524990439415,0.2690469026565552,0.0021449867635965347,0.04203953966498375,0.009624800644814968,0.1424427628517151,0.005782286636531353,0.07970941066741943,0.035146716982126236,0.17964310944080353,0.3415246307849884,0.0025929436087608337,2.074230194091797,0.11748228222131729,,,,,,,,,,,,,,,
,0.00022108324282661692,16429,,,,,,,,,,,,,,,,,,,,,,,,,,,,,,
23,,16429,0.0531306117773056,0.03352979198098183,0.3372347056865692,0.0054282839410007,0.05790529400110245,0.006971021648496389,0.18950791656970978,0.007773593068122864,0.20256975293159485,0.033445969223976135,0.20419220626354218,0.5076237320899963,0.0005908749299123883,2.0873863697052,0.1297314465045929,,,,,,,,,,,,,,,
,0.0002209687491153975,16439,,,,,,,,,,,,,,,,,,,,,,,,,,,,,,
23,,16439,0.03507508710026741,0.025326721370220184,0.20475853979587555,0.001601948169991374,0.047877874225378036,0.00976740475744009,0.14407983422279358,0.013214074075222015,0.15709428489208221,0.04586878418922424,0.16791334748268127,0.3899298906326294,0.0005469536408782005,2.0633740425109863,0.11680245399475098,,,,,,,,,,,,,,,
,0.00022085420210715814,16449,,,,,,,,,,,,,,,,,,,,,,,,,,,,,,
23,,16449,0.02818039432168007,0.027000725269317627,0.2571786344051361,0.006586261093616486,0.034423716366291046,0.00812891311943531,0.14258450269699097,0.004839828237891197,0.06184670701622963,0.047637034207582474,0.18074002861976624,0.29230690002441406,0.0036957187112420797,2.0625057220458984,0.07228080183267593,,,,,,,,,,,,,,,
,0.00022073960188792287,16459,,,,,,,,,,,,,,,,,,,,,,,,,,,,,,
23,,16459,0.04183568060398102,0.032180123031139374,0.27782317996025085,0.002910869661718607,0.05848036706447601,0.016729027032852173,0.1922561228275299,0.011961275711655617,0.2099607288837433,0.05079249292612076,0.22191618382930756,0.513063907623291,0.005676811095327139,2.0659003257751465,0.14122216403484344,,,,,,,,,,,,,,,
,0.0002206249485437557,16469,,,,,,,,,,,,,,,,,,,,,,,,,,,,,,
23,,16469,0.054557252675294876,0.025232765823602676,0.20035071671009064,0.0026116243097931147,0.043133288621902466,0.011011958122253418,0.12483546882867813,0.006901884451508522,0.10344405472278595,0.05502922832965851,0.15610644221305847,0.3345792889595032,0.001858872128650546,2.056248664855957,0.11770685017108917,,,,,,,,,,,,,,,
,0.00022051024216076032,16479,,,,,,,,,,,,,,,,,,,,,,,,,,,,,,
23,,16479,0.0743701234459877,0.03334644436836243,0.30565959215164185,0.0068684839643538,0.06791890412569046,0.013558861799538136,0.20994098484516144,0.013133680447936058,0.162892684340477,0.08127780258655548,0.20976431667804718,0.5090316534042358,0.0069863139651715755,2.0684754848480225,0.1551331877708435,,,,,,,,,,,,,,,
,0.0002203954828250805,16489,,,,,,,,,,,,,,,,,,,,,,,,,,,,,,
23,,16489,0.06640107184648514,0.021629301831126213,0.19024500250816345,0.0015167244710028172,0.04853101447224617,0.014579280279576778,0.15168826282024384,0.01862521655857563,0.13304956257343292,0.06650953739881516,0.15808731317520142,0.3819381296634674,0.000817543885204941,2.121267795562744,0.10021653771400452,,,,,,,,,,,,,,,
,0.0002202806706228997,16499,,,,,,,,,,,,,,,,,,,,,,,,,,,,,,
23,,16499,0.05066205561161041,0.02432422898709774,0.20099981129169464,0.0016313818050548434,0.04364657402038574,0.009284847415983677,0.13300861418247223,0.011676584370434284,0.07401011139154434,0.026698477566242218,0.14755836129188538,0.30187511444091797,0.000831248820759356,2.0979833602905273,0.1201416403055191,,,,,,,,,,,,,,,
,0.00022016580564044097,16509,,,,,,,,,,,,,,,,,,,,,,,,,,,,,,
23,,16509,0.04392438009381294,0.03252295032143593,0.3850175738334656,0.0031167513225227594,0.04521118476986885,0.012370777316391468,0.20452415943145752,0.007532077841460705,0.06012482941150665,0.031061166897416115,0.1997477114200592,0.37828192114830017,0.000512145459651947,2.097280740737915,0.14430509507656097,,,,,,,,,,,,,,,
,0.00022005088796396715,16519,,,,,,,,,,,,,,,,,,,,,,,,,,,,,,
23,,16519,0.04294813051819801,0.05997447669506073,0.3161947429180145,0.003454347373917699,0.05555591732263565,0.0070137507282197475,0.22564862668514252,0.006370153743773699,0.10861626267433167,0.06054301559925079,0.1832921952009201,0.4164225161075592,0.0028185027185827494,2.0923917293548584,0.11764359474182129,,,,,,,,,,,,,,,
,0.00021993591767978051,16529,,,,,,,,,,,,,,,,,,,,,,,,,,,,,,
23,,16529,0.016340499743819237,0.02122107334434986,0.3007073998451233,0.000578278093598783,0.04470033943653107,0.007155880331993103,0.141628235578537,0.0035575341898947954,0.035662129521369934,0.03618224337697029,0.1670258790254593,0.26734569668769836,0.000312161078909412,2.1124279499053955,0.10457364469766617,,,,,,,,,,,,,,,
,0.00021982089487422295,16539,,,,,,,,,,,,,,,,,,,,,,,,,,,,,,
23,,16539,0.06454738974571228,0.03197767212986946,0.20122389495372772,0.001720585161820054,0.04414471983909607,0.007820024155080318,0.13498127460479736,0.006116948090493679,0.06974895298480988,0.07154001295566559,0.17152482271194458,0.3080974817276001,0.0007125066476874053,2.0947463512420654,0.10213015228509903,,,,,,,,,,,,,,,
,0.00021970581963367582,16549,,,,,,,,,,,,,,,,,,,,,,,,,,,,,,
23,,16549,0.048554182052612305,0.0227249376475811,0.25820624828338623,0.0027630156837403774,0.04066632688045502,0.012040429748594761,0.13039715588092804,0.010435938835144043,0.08347121626138687,0.053113531321287155,0.18481862545013428,0.3303087055683136,0.0006899349973537028,2.0781707763671875,0.09467605501413345,,,,,,,,,,,,,,,
,0.00021959069204455976,16559,,,,,,,,,,,,,,,,,,,,,,,,,,,,,,
23,,16559,0.0593445748090744,0.03646953031420708,0.24484370648860931,0.0021885335445404053,0.05021034926176071,0.004655315540730953,0.15421368181705475,0.009829424321651459,0.09146831929683685,0.055215984582901,0.18396590650081635,0.36007243394851685,0.0012390522751957178,2.084984540939331,0.13041551411151886,,,,,,,,,,,,,,,
,0.00021947551219333474,16569,,,,,,,,,,,,,,,,,,,,,,,,,,,,,,
23,,16569,0.054684948176145554,0.02822679840028286,0.18932031095027924,0.0020237728022038937,0.03170698136091232,0.01664283685386181,0.1219719648361206,0.005831283982843161,0.08246389776468277,0.06188897788524628,0.13650824129581451,0.29392871260643005,0.0006471220403909683,2.068882465362549,0.08069071173667908,,,,,,,,,,,,,,,
,0.00021936028016650004,16579,,,,,,,,,,,,,,,,,,,,,,,,,,,,,,
23,,16579,0.058938540518283844,0.042275939136743546,0.259856253862381,0.004280393943190575,0.05251490697264671,0.01490524411201477,0.15621459484100342,0.010558748617768288,0.06674792617559433,0.030380962416529655,0.1760835200548172,0.3469654619693756,0.007614934351295233,2.1019287109375,0.11339368671178818,,,,,,,,,,,,,,,
,0.000219244996050594,16589,,,,,,,,,,,,,,,,,,,,,,,,,,,,,,
23,,16589,0.05335397273302078,0.02103468030691147,0.18816307187080383,0.0031887751538306475,0.04199090227484703,0.012730473652482033,0.12092265486717224,0.008394329808652401,0.0732458233833313,0.05578359588980675,0.12498083710670471,0.28279048204421997,0.0016814531991258264,2.0574231147766113,0.08094330877065659,,,,,,,,,,,,,,,
,0.00021912965993219427,16599,,,,,,,,,,,,,,,,,,,,,,,,,,,,,,
23,,16599,0.06713081896305084,0.021359601989388466,0.22190086543560028,0.001404597656801343,0.037366174161434174,0.012141511775553226,0.1440926194190979,0.010442002676427364,0.11864763498306274,0.05684596672654152,0.1532701551914215,0.3590720593929291,0.002300695516169071,2.0678317546844482,0.08993745595216751,,,,,,,,,,,,,,,
,0.0002190142718979174,16609,,,,,,,,,,,,,,,,,,,,,,,,,,,,,,
23,,16609,0.057320889085531235,0.03178998455405235,0.1771509200334549,0.0008054189383983612,0.039136700332164764,0.013456320390105247,0.13201750814914703,0.01050405390560627,0.09754317253828049,0.047879043966531754,0.16393804550170898,0.3170357048511505,0.0009240923100151122,2.090383768081665,0.0775035172700882,,,,,,,,,,,,,,,
,0.00021889883203441893,16619,,,,,,,,,,,,,,,,,,,,,,,,,,,,,,
23,,16619,0.07232575863599777,0.03335562348365784,0.26768940687179565,0.0005629920633509755,0.05773663520812988,0.009041789919137955,0.2004457414150238,0.009348539635539055,0.14791706204414368,0.041408710181713104,0.19363760948181152,0.44547104835510254,0.004111831542104483,2.098505735397339,0.13237784802913666,,,,,,,,,,,,,,,
,0.00021878334042839344,16629,,,,,,,,,,,,,,,,,,,,,,,,,,,,,,
23,,16629,0.08071648329496384,0.03792594000697136,0.25080862641334534,0.004601745400577784,0.048181258141994476,0.01646697148680687,0.16676858067512512,0.006321896333247423,0.21943752467632294,0.04902603104710579,0.1555841714143753,0.49852582812309265,0.004871722310781479,2.0798633098602295,0.10693330317735672,,,,,,,,,,,,,,,
,0.0002186677971665742,16639,,,,,,,,,,,,,,,,,,,,,,,,,,,,,,
23,,16639,0.04519486427307129,0.06639686226844788,0.262403666973114,0.0021162687335163355,0.04897000268101692,0.017003601416945457,0.2113933265209198,0.009670314379036427,0.0801837220788002,0.05702701210975647,0.16762930154800415,0.3660401403903961,0.0015475321561098099,2.0713119506835938,0.09657492488622665,,,,,,,,,,,,,,,
,0.0002185522023357335,16649,,,,,,,,,,,,,,,,,,,,,,,,,,,,,,
23,,16649,0.035627007484436035,0.02253188006579876,0.2481498271226883,0.0003136160667054355,0.03937495872378349,0.004626741632819176,0.1333560347557068,0.005625512450933456,0.046773817390203476,0.04777153208851814,0.16656243801116943,0.26684755086898804,0.0015911983791738749,2.093885660171509,0.08432618528604507,,,,,,,,,,,,,,,
,0.0002184365560226821,16659,,,,,,,,,,,,,,,,,,,,,,,,,,,,,,
23,,16659,0.029743971303105354,0.023412838578224182,0.22401608526706696,0.0037048852536827326,0.026037026196718216,0.007354680448770523,0.12218426167964935,0.007216195575892925,0.04302438721060753,0.03934592008590698,0.14560241997241974,0.25257977843284607,0.00608019856736064,2.0677924156188965,0.0845237746834755,,,,,,,,,,,,,,,
,0.00021832085831426963,16669,,,,,,,,,,,,,,,,,,,,,,,,,,,,,,
23,,16669,0.05278002470731735,0.027451861649751663,0.30107808113098145,0.006780483294278383,0.04813678190112114,0.00878787413239479,0.15983350574970245,0.009586391970515251,0.09066712111234665,0.043350204825401306,0.17403846979141235,0.3653009235858917,0.0089233024045825,2.0701487064361572,0.07984237372875214,,,,,,,,,,,,,,,
,0.00021820510929738423,16679,,,,,,,,,,,,,,,,,,,,,,,,,,,,,,
23,,16679,0.03073362447321415,0.022258125245571136,0.2632279694080353,0.0062745194882154465,0.03941197693347931,0.001984228380024433,0.14348256587982178,0.00491217989474535,0.03605420142412186,0.06986948102712631,0.16446170210838318,0.2836630642414093,0.006432349793612957,2.066411256790161,0.12220941483974457,,,,,,,,,,,,,,,
23,,16679,,,,,,,,,,,,,,,,0.16982154548168182,0.03738134354352951,0.27287235856056213,0.007203339133411646,0.07022688537836075,0.0015025320462882519,0.13955825567245483,0.018338683992624283,0.18793277442455292,0.0747189000248909,0.18471302092075348,0.5528221130371094,0.012736408971250057,2.0941832065582275,0.14512623846530914
,0.00021808930905895253,16689,,,,,,,,,,,,,,,,,,,,,,,,,,,,,,
24,,16689,0.1195669025182724,0.028919663280248642,0.27027854323387146,0.0012164615327492356,0.06903153657913208,0.012600170448422432,0.20490291714668274,0.012003103271126747,0.2828240692615509,0.05067843571305275,0.1547238677740097,0.6040582656860352,0.001788324094377458,2.1094295978546143,0.13487081229686737,,,,,,,,,,,,,,,
,0.00021797345768593968,16699,,,,,,,,,,,,,,,,,,,,,,,,,,,,,,
24,,16699,0.0468895323574543,0.05270204693078995,0.2715016007423401,0.0017244502669200301,0.05019717663526535,0.009106740355491638,0.16579875349998474,0.002591504482552409,0.059952277690172195,0.05231739208102226,0.1633833646774292,0.3181125521659851,0.0013199985260143876,2.103605031967163,0.09157206118106842,,,,,,,,,,,,,,,
,0.00021785755526534928,16709,,,,,,,,,,,,,,,,,,,,,,,,,,,,,,
24,,16709,0.04451388120651245,0.03493962064385414,0.19526360929012299,0.0010627887677401304,0.03127720579504967,0.006915956269949675,0.11736363172531128,0.004852081649005413,0.06491295993328094,0.04230917990207672,0.13763821125030518,0.26377326250076294,0.0034273876808583736,2.098571300506592,0.06737992912530899,,,,,,,,,,,,,,,
,0.00021774160188422318,16719,,,,,,,,,,,,,,,,,,,,,,,,,,,,,,
24,,16719,0.03569955751299858,0.03076876886188984,0.286045104265213,0.0025008011143654585,0.050007570534944534,0.007181811146438122,0.13588234782218933,0.005288338754326105,0.05776908993721008,0.04795989394187927,0.2010566145181656,0.31308242678642273,0.0007566334097646177,2.077955484390259,0.1110934317111969,,,,,,,,,,,,,,,
,0.00021762559762964157,16729,,,,,,,,,,,,,,,,,,,,,,,,,,,,,,
24,,16729,0.07366614788770676,0.03637120500206947,0.3284706771373749,0.008294365368783474,0.09264793246984482,0.012129715643823147,0.2383919060230255,0.014518656767904758,0.19072578847408295,0.07153595238924026,0.20158535242080688,0.5613695979118347,0.008003267459571362,2.088977813720703,0.1667746752500534,,,,,,,,,,,,,,,
,0.00021750954258872274,16739,,,,,,,,,,,,,,,,,,,,,,,,,,,,,,
24,,16739,0.045068755745887756,0.016788890585303307,0.21811728179454803,0.003228313522413373,0.04838934168219566,0.004331841599196196,0.1322551965713501,0.008362275548279285,0.10794460773468018,0.03960461914539337,0.17573702335357666,0.3370043933391571,0.0004772651009261608,2.0511155128479004,0.11297228932380676,,,,,,,,,,,,,,,
,0.00021739343684862324,16749,,,,,,,,,,,,,,,,,,,,,,,,,,,,,,
24,,16749,0.04194726422429085,0.02719726972281933,0.2078378051519394,0.0025360798463225365,0.03169364482164383,0.011621317826211452,0.1340775191783905,0.009427973069250584,0.07647059112787247,0.05518511310219765,0.12803611159324646,0.28825393319129944,0.001312580774538219,2.075812578201294,0.07721444964408875,,,,,,,,,,,,,,,
,0.00021727728049653769,16759,,,,,,,,,,,,,,,,,,,,,,,,,,,,,,
24,,16759,0.043570686131715775,0.016007719561457634,0.18113651871681213,0.0009365353034809232,0.043396998196840286,0.010969235561788082,0.11703428626060486,0.005479033570736647,0.09299004822969437,0.042670849710702896,0.14773425459861755,0.291552871465683,0.001476356410421431,2.0856359004974365,0.0886719822883606,,,,,,,,,,,,,,,
,0.00021716107361969856,16769,,,,,,,,,,,,,,,,,,,,,,,,,,,,,,
24,,16769,0.06765627861022949,0.02522139996290207,0.2559954524040222,0.000997447408735752,0.05263623595237732,0.009993523359298706,0.13805224001407623,0.009967638179659843,0.1144455298781395,0.04059314727783203,0.1803860068321228,0.37273046374320984,0.0003700966772157699,2.0510671138763428,0.10466443002223969,,,,,,,,,,,,,,,
,0.00021704481630537643,16779,,,,,,,,,,,,,,,,,,,,,,,,,,,,,,
24,,16779,0.07918059080839157,0.01799965277314186,0.1319519430398941,0.002240279223769903,0.0374772734940052,0.010676919482648373,0.11593194305896759,0.013652743771672249,0.16223099827766418,0.05769934505224228,0.12621240317821503,0.3637832701206207,0.0004614446952473372,2.109914779663086,0.07077977061271667,,,,,,,,,,,,,,,
,0.00021692850864087973,16789,,,,,,,,,,,,,,,,,,,,,,,,,,,,,,
24,,16789,0.041789013892412186,0.043611858040094376,0.22632040083408356,0.0032248746138066053,0.03487468883395195,0.013296890072524548,0.16316521167755127,0.00954721961170435,0.06090591475367546,0.04397161677479744,0.17358393967151642,0.30639082193374634,0.005349602084606886,2.079019546508789,0.07885615527629852,,,,,,,,,,,,,,,
,0.00021681215071355466,16799,,,,,,,,,,,,,,,,,,,,,,,,,,,,,,
24,,16799,0.05313973128795624,0.03599387779831886,0.24084872007369995,0.001240803743712604,0.04098775237798691,0.01093905046582222,0.13918614387512207,0.006236724555492401,0.09630932658910751,0.03575216978788376,0.17692600190639496,0.34104758501052856,0.0010929788695648313,2.061647415161133,0.10561570525169373,,,,,,,,,,,,,,,
,0.00021669574261078524,16809,,,,,,,,,,,,,,,,,,,,,,,,,,,,,,
24,,16809,0.03667871654033661,0.018744466826319695,0.2060430943965912,0.0019013209966942668,0.04778216406702995,0.017258426174521446,0.13383929431438446,0.00687058549374342,0.06222610920667648,0.04961530864238739,0.1606290489435196,0.28905385732650757,0.0015659129712730646,2.0485494136810303,0.11745723336935043,,,,,,,,,,,,,,,
,0.00021657928441999298,16819,,,,,,,,,,,,,,,,,,,,,,,,,,,,,,
24,,16819,0.026072585955262184,0.014357115142047405,0.2162093222141266,0.0006793226930312812,0.03586116060614586,0.010952119715511799,0.10231204330921173,0.007279604207724333,0.06919877976179123,0.043827444314956665,0.15220560133457184,0.265902042388916,0.0032536291982978582,2.083986282348633,0.08271384239196777,,,,,,,,,,,,,,,
,0.00021646277622863733,16829,,,,,,,,,,,,,,,,,,,,,,,,,,,,,,
24,,16829,0.04937954992055893,0.013086285442113876,0.1729717254638672,0.0011585067259147763,0.046309396624565125,0.006307905074208975,0.09565870463848114,0.009088821709156036,0.09214236587285995,0.04382810741662979,0.14771683514118195,0.29013973474502563,0.0017428132705390453,2.114367961883545,0.09809287637472153,,,,,,,,,,,,,,,
,0.00021634621812421494,16839,,,,,,,,,,,,,,,,,,,,,,,,,,,,,,
24,,16839,0.05904928222298622,0.021206526085734367,0.27625399827957153,0.0032458934001624584,0.06656958907842636,0.009216591715812683,0.13993646204471588,0.009044255129992962,0.1023026630282402,0.04891252517700195,0.1653468906879425,0.37058454751968384,0.005255754571408033,2.0922000408172607,0.11070478707551956,,,,,,,,,,,,,,,
,0.00021622961019426018,16849,,,,,,,,,,,,,,,,,,,,,,,,,,,,,,
24,,16849,0.045101605355739594,0.013595146127045155,0.2264053374528885,0.0021578504238277674,0.03706178069114685,0.004708923399448395,0.09837428480386734,0.00584146985784173,0.0598873496055603,0.046072375029325485,0.1752619594335556,0.27601358294487,0.0026183933950960636,2.077554702758789,0.10473773628473282,,,,,,,,,,,,,,,
,0.00021611295252634477,16859,,,,,,,,,,,,,,,,,,,,,,,,,,,,,,
24,,16859,0.04394302889704704,0.04845289885997772,0.24402083456516266,0.002815592335537076,0.04891813546419144,0.0077646272256970406,0.1860164850950241,0.012332726269960403,0.06204810366034508,0.04716271534562111,0.1796255111694336,0.3392932415008545,0.008291331119835377,2.0683507919311523,0.11210364103317261,,,,,,,,,,,,,,,
,0.00021599624520807776,16869,,,,,,,,,,,,,,,,,,,,,,,,,,,,,,
24,,16869,0.03734668344259262,0.01390783954411745,0.1906922161579132,0.002427447820082307,0.029669927433133125,0.006799445487558842,0.1040114313364029,0.004838110879063606,0.07865177094936371,0.034498050808906555,0.12591932713985443,0.2533387541770935,0.0024069517385214567,2.104323625564575,0.05463893711566925,,,,,,,,,,,,,,,
,0.00021587948832710554,16879,,,,,,,,,,,,,,,,,,,,,,,,,,,,,,
24,,16879,0.040095970034599304,0.017798611894249916,0.1473534256219864,0.001213120762258768,0.03075430542230606,0.01573866605758667,0.10272594541311264,0.012072112411260605,0.06199725344777107,0.027987366542220116,0.1295386552810669,0.2369779646396637,0.00022911046107765287,2.0874834060668945,0.062492262572050095,,,,,,,,,,,,,,,
,0.00021576268197111167,16889,,,,,,,,,,,,,,,,,,,,,,,,,,,,,,
24,,16889,0.06458588689565659,0.01899028941988945,0.21006231009960175,0.0010349764488637447,0.03967459872364998,0.010165980085730553,0.13485999405384064,0.014059155248105526,0.10559713840484619,0.05957486480474472,0.17321452498435974,0.35268881916999817,0.003474142402410507,2.0934548377990723,0.11106620728969574,,,,,,,,,,,,,,,
,0.0002156458262278168,16899,,,,,,,,,,,,,,,,,,,,,,,,,,,,,,
24,,16899,0.06558211892843246,0.02635209821164608,0.30283477902412415,0.004507759585976601,0.044454365968704224,0.01002192497253418,0.16988280415534973,0.0073640854097902775,0.0885874554514885,0.05646872892975807,0.17584213614463806,0.3778440058231354,0.004396454431116581,2.066981792449951,0.12190649658441544,,,,,,,,,,,,,,,
,0.0002155289211849789,16909,,,,,,,,,,,,,,,,,,,,,,,,,,,,,,
24,,16909,0.04445057362318039,0.029852956533432007,0.25474002957344055,0.00526015367358923,0.04100097343325615,0.005341037176549435,0.14841784536838531,0.004625334404408932,0.06383911520242691,0.04570763185620308,0.15396758913993835,0.3029153347015381,0.0021817763336002827,2.072604179382324,0.09581863135099411,,,,,,,,,,,,,,,
,0.0002154119669303927,16919,,,,,,,,,,,,,,,,,,,,,,,,,,,,,,
24,,16919,0.05549846217036247,0.02928379364311695,0.2537933886051178,0.0017672122921794653,0.04709384962916374,0.01658478192985058,0.14447496831417084,0.008356284350156784,0.09910029172897339,0.03818877786397934,0.1756199300289154,0.35403183102607727,0.00045134476386010647,2.0876691341400146,0.1057300940155983,,,,,,,,,,,,,,,
,0.0002152949635518901,16929,,,,,,,,,,,,,,,,,,,,,,,,,,,,,,
24,,16929,0.05549012869596481,0.01956753060221672,0.22768887877464294,0.002357455901801586,0.03859600052237511,0.01159883476793766,0.12853802740573883,0.01175857987254858,0.11905083805322647,0.02101491019129753,0.16452641785144806,0.3533656597137451,0.0021380865946412086,2.0501692295074463,0.10180506110191345,,,,,,,,,,,,,,,
,0.00021517791113733967,16939,,,,,,,,,,,,,,,,,,,,,,,,,,,,,,
24,,16939,0.06075255572795868,0.022598952054977417,0.25478386878967285,0.0024908536579459906,0.039999622851610184,0.011875709518790245,0.12408781051635742,0.00973607413470745,0.09297804534435272,0.07772310823202133,0.1713678240776062,0.3442399203777313,0.0004467724356800318,2.1078383922576904,0.09948478639125824,,,,,,,,,,,,,,,
,0.00021506080977464704,16949,,,,,,,,,,,,,,,,,,,,,,,,,,,,,,
24,,16949,0.03419598191976547,0.025119617581367493,0.26694947481155396,0.00019349622016306967,0.03716263920068741,0.009576731361448765,0.12095378339290619,0.003423209534958005,0.026936594396829605,0.021715175360441208,0.18363671004772186,0.2453489452600479,0.0029642567969858646,2.0945754051208496,0.06766203790903091,,,,,,,,,,,,,,,
,0.00021494365955175443,16959,,,,,,,,,,,,,,,,,,,,,,,,,,,,,,
24,,16959,0.045893289148807526,0.04336242005228996,0.2685849368572235,0.002062812214717269,0.03987939655780792,0.006471017375588417,0.17720642685890198,0.004628381691873074,0.049224402755498886,0.06675568222999573,0.1835949420928955,0.3107922077178955,0.00100231752730906,2.0962040424346924,0.09589292109012604,,,,,,,,,,,,,,,
,0.00021482646055664083,16969,,,,,,,,,,,,,,,,,,,,,,,,,,,,,,
24,,16969,0.04630937799811363,0.0314536988735199,0.24261167645454407,0.0017739087343215942,0.04116592928767204,0.014329131692647934,0.15423262119293213,0.0065799797885119915,0.06374424695968628,0.03544994816184044,0.15300409495830536,0.2969449758529663,0.0014280016766861081,2.1064233779907227,0.07655550539493561,,,,,,,,,,,,,,,
,0.00021470921287732188,16979,,,,,,,,,,,,,,,,,,,,,,,,,,,,,,
24,,16979,0.06467455625534058,0.0358666330575943,0.22117991745471954,0.0053076655603945255,0.03497673198580742,0.006011172663420439,0.17521792650222778,0.009337656199932098,0.09855937212705612,0.03779643028974533,0.1323055773973465,0.3391353487968445,0.0031949698459357023,2.071721076965332,0.07337638735771179,,,,,,,,,,,,,,,
,0.00021459191660184977,16989,,,,,,,,,,,,,,,,,,,,,,,,,,,,,,
24,,16989,0.06266883760690689,0.034336406737565994,0.29620063304901123,0.0014579328708350658,0.04884139820933342,0.007461213506758213,0.155461385846138,0.004697828553617001,0.06745217740535736,0.03849725425243378,0.18221381306648254,0.34680837392807007,0.004120165016502142,2.0977511405944824,0.12709146738052368,,,,,,,,,,,,,,,
,0.000214474571818313,16999,,,,,,,,,,,,,,,,,,,,,,,,,,,,,,
24,,16999,0.025116289034485817,0.039761997759342194,0.21316038072109222,0.0003171730786561966,0.01995566487312317,0.010731320828199387,0.1485009491443634,0.0047739846631884575,0.03819230943918228,0.03220139816403389,0.1493179351091385,0.2343485951423645,0.000929914356674999,2.1221277713775635,0.05183519050478935,,,,,,,,,,,,,,,
,0.0002143571786148368,17009,,,,,,,,,,,,,,,,,,,,,,,,,,,,,,
24,,17009,0.0654926523566246,0.02282119356095791,0.20898528397083282,0.005064503289759159,0.04224032908678055,0.011850757524371147,0.14815060794353485,0.010783746838569641,0.127686008810997,0.04369853064417839,0.18794357776641846,0.37796562910079956,0.0033621436450630426,2.088469982147217,0.0961073711514473,,,,,,,,,,,,,,,
,0.00021423973707958256,17019,,,,,,,,,,,,,,,,,,,,,,,,,,,,,,
24,,17019,0.03559279069304466,0.03926410526037216,0.2502667009830475,0.0004714084789156914,0.032612916082143784,0.014943398535251617,0.1614672839641571,0.006195718888193369,0.06004340946674347,0.0712042972445488,0.146732360124588,0.2985641658306122,0.0016516332980245352,2.0616674423217773,0.08533693104982376,,,,,,,,,,,,,,,
,0.00021412224730074807,17029,,,,,,,,,,,,,,,,,,,,,,,,,,,,,,
24,,17029,0.0453074686229229,0.037864044308662415,0.2306976020336151,0.0021777290385216475,0.04273605719208717,0.008001521229743958,0.14474250376224518,0.006969489622861147,0.07438385486602783,0.03703449293971062,0.15035957098007202,0.3031330406665802,0.0004066212859470397,2.0826847553253174,0.08563084900379181,,,,,,,,,,,,,,,
,0.0002140047093665673,17039,,,,,,,,,,,,,,,,,,,,,,,,,,,,,,
24,,17039,0.03908442333340645,0.02287985570728779,0.21165522933006287,0.002956199226900935,0.038248058408498764,0.007753239944577217,0.13549287617206573,0.009325340390205383,0.059417475014925,0.028720499947667122,0.14477543532848358,0.27357175946235657,0.00046843549353070557,2.0722532272338867,0.09546186774969101,,,,,,,,,,,,,,,
,0.00021388712336531035,17049,,,,,,,,,,,,,,,,,,,,,,,,,,,,,,
24,,17049,0.0337500274181366,0.042356573045253754,0.242122620344162,0.00216269982047379,0.047486212104558945,0.011183280497789383,0.16289521753787994,0.008274344727396965,0.07246758043766022,0.02735992893576622,0.17322885990142822,0.3144949674606323,0.0011249331291764975,2.087557792663574,0.09024745225906372,,,,,,,,,,,,,,,
,0.0002137694893852835,17059,,,,,,,,,,,,,,,,,,,,,,,,,,,,,,
24,,17059,0.024266701191663742,0.025164905935525894,0.23670022189617157,0.004827658645808697,0.0316716730594635,0.0147378696128726,0.1260472983121872,0.0017774528823792934,0.05042631924152374,0.05216960608959198,0.15626344084739685,0.26637932658195496,0.002747350139543414,2.0942578315734863,0.09171448647975922,,,,,,,,,,,,,,,
,0.00021365180751482904,17069,,,,,,,,,,,,,,,,,,,,,,,,,,,,,,
24,,17069,0.04747854918241501,0.013688870705664158,0.19663067162036896,0.0018800939433276653,0.0430576428771019,0.009425141848623753,0.11614790558815002,0.006293310318142176,0.09299862384796143,0.03027982823550701,0.14100892841815948,0.3022221028804779,0.000557130086235702,2.0903754234313965,0.11677057296037674,,,,,,,,,,,,,,,
,0.00021353407784232512,17079,,,,,,,,,,,,,,,,,,,,,,,,,,,,,,
24,,17079,0.06731511652469635,0.034145843237638474,0.27690789103507996,0.001216298551298678,0.056456468999385834,0.028035618364810944,0.1954444795846939,0.011245070956647396,0.14472346007823944,0.041566137224435806,0.17141887545585632,0.4415866434574127,0.0018452946096658707,2.0808236598968506,0.11552173644304276,,,,,,,,,,,,,,,
,0.00021341630045618602,17089,,,,,,,,,,,,,,,,,,,,,,,,,,,,,,
24,,17089,0.055910393595695496,0.013108463026583195,0.12426280975341797,0.0024033247027546167,0.0375768207013607,0.013390454463660717,0.09885715693235397,0.011217450723052025,0.11893590539693832,0.04275026544928551,0.14406096935272217,0.3051735758781433,0.001886162906885147,2.0844552516937256,0.08074954897165298,,,,,,,,,,,,,,,
,0.00021329847544486154,17099,,,,,,,,,,,,,,,,,,,,,,,,,,,,,,
24,,17099,0.0533885732293129,0.017730368301272392,0.23590931296348572,0.0031921276822686195,0.03523481637239456,0.006882737390697002,0.12028191238641739,0.005330240819603205,0.0750667005777359,0.03153258189558983,0.1731104701757431,0.30381879210472107,0.0012326035648584366,2.074253797531128,0.1092178151011467,,,,,,,,,,,,,,,
,0.00021318060289683756,17109,,,,,,,,,,,,,,,,,,,,,,,,,,,,,,
24,,17109,0.1034313440322876,0.027561984956264496,0.29047927260398865,0.0032194002997130156,0.07554307579994202,0.01580824889242649,0.19511164724826813,0.0096058901399374,0.2765158414840698,0.0527067631483078,0.20578207075595856,0.6110745668411255,0.006486345548182726,2.069694757461548,0.13577543199062347,,,,,,,,,,,,,,,
,0.00021306268290063546,17119,,,,,,,,,,,,,,,,,,,,,,,,,,,,,,
24,,17119,0.03880869597196579,0.02199108526110649,0.22382283210754395,0.0031371964141726494,0.04614939168095589,0.004736336879432201,0.13207684457302094,0.011585570871829987,0.09109698981046677,0.02074364200234413,0.15064023435115814,0.3165362775325775,0.0010805473430082202,2.0751261711120605,0.11374679207801819,,,,,,,,,,,,,,,
,0.00021294471554481227,17129,,,,,,,,,,,,,,,,,,,,,,,,,,,,,,
24,,17129,0.04472672566771507,0.023848742246627808,0.225504070520401,0.003961948677897453,0.030131908133625984,0.004547031596302986,0.1646905541419983,0.008976522833108902,0.07283269613981247,0.03940322995185852,0.13625839352607727,0.2983657121658325,0.00500188022851944,2.064352512359619,0.07965755462646484,,,,,,,,,,,,,,,
,0.00021282670091796071,17139,,,,,,,,,,,,,,,,,,,,,,,,,,,,,,
24,,17139,0.05792595073580742,0.030091093853116035,0.15038585662841797,0.0007579086231999099,0.030573168769478798,0.006059627514332533,0.11898955702781677,0.007991356775164604,0.09513886272907257,0.019267147406935692,0.14805562794208527,0.2846001386642456,0.00012836484529543668,2.0560390949249268,0.07182272523641586,,,,,,,,,,,,,,,
,0.0002127086391087088,17149,,,,,,,,,,,,,,,,,,,,,,,,,,,,,,
24,,17149,0.07892708480358124,0.02492477186024189,0.20144549012184143,0.0033273419830948114,0.03003457374870777,0.007528343237936497,0.1387045681476593,0.0035937498323619366,0.08260209113359451,0.05078306421637535,0.14543461799621582,0.30529168248176575,0.0006961278268136084,2.070636510848999,0.07517318427562714,,,,,,,,,,,,,,,
,0.0002125905302057202,17159,,,,,,,,,,,,,,,,,,,,,,,,,,,,,,
24,,17159,0.07947887480258942,0.021144485101103783,0.25207775831222534,0.0022058889735490084,0.04247291386127472,0.006432708352804184,0.1703716218471527,0.009170562028884888,0.11221865564584732,0.04092108830809593,0.1477760225534439,0.3702375590801239,0.002187800593674183,2.087156295776367,0.09504412859678268,,,,,,,,,,,,,,,
,0.0002124723742976939,17169,,,,,,,,,,,,,,,,,,,,,,,,,,,,,,
24,,17169,0.06322783976793289,0.01807652786374092,0.21229414641857147,0.00042934593511745334,0.03583197668194771,0.004222497344017029,0.10876233875751495,0.004487358033657074,0.059039242565631866,0.04614583030343056,0.12897013127803802,0.2650009095668793,0.00023015515762381256,2.1018991470336914,0.09102107584476471,,,,,,,,,,,,,,,
,0.00021235417147336398,17179,,,,,,,,,,,,,,,,,,,,,,,,,,,,,,
24,,17179,0.021884173154830933,0.03255969658493996,0.3013681471347809,0.0017785551026463509,0.045010074973106384,0.005728784948587418,0.159145325422287,0.0030537215061485767,0.03477004915475845,0.04547868296504021,0.16889390349388123,0.2902326285839081,0.0018854443915188313,2.095773220062256,0.13288210332393646,,,,,,,,,,,,,,,
,0.0002122359218215,17189,,,,,,,,,,,,,,,,,,,,,,,,,,,,,,
24,,17189,0.05862555652856827,0.022035371512174606,0.20143365859985352,0.0007800066960044205,0.04482067748904228,0.007939656265079975,0.1776745319366455,0.012770043686032295,0.13099358975887299,0.0367414765059948,0.17173312604427338,0.37033507227897644,0.003942104522138834,2.101341962814331,0.07946950197219849,,,,,,,,,,,,,,,
,0.00021211762543090658,17199,,,,,,,,,,,,,,,,,,,,,,,,,,,,,,
24,,17199,0.03994669392704964,0.026619141921401024,0.23871268332004547,0.00404906552284956,0.04086369276046753,0.007374248001724482,0.12660378217697144,0.007168316747993231,0.0667991042137146,0.04473404958844185,0.15135113894939423,0.29582375288009644,0.0006159639451652765,2.0730788707733154,0.10807377845048904,,,,,,,,,,,,,,,
,0.00021199928239042348,17209,,,,,,,,,,,,,,,,,,,,,,,,,,,,,,
24,,17209,0.03150400519371033,0.015842707827687263,0.22410419583320618,0.0004781334719154984,0.040295086801052094,0.018708012998104095,0.11652776598930359,0.00920308567583561,0.05995325371623039,0.037743713706731796,0.15473031997680664,0.2716425061225891,0.0003977733722422272,2.0808088779449463,0.09040848165750504,,,,,,,,,,,,,,,
,0.00021188089278892548,17219,,,,,,,,,,,,,,,,,,,,,,,,,,,,,,
24,,17219,0.06651151180267334,0.03635852411389351,0.27528777718544006,0.001968292286619544,0.048201579600572586,0.009160143323242664,0.1545567810535431,0.005004781764000654,0.07707085460424423,0.0479138158261776,0.1749429553747177,0.344348669052124,0.0033330838195979595,2.0678188800811768,0.09713609516620636,,,,,,,,,,,,,,,
,0.00021176245671532224,17229,,,,,,,,,,,,,,,,,,,,,,,,,,,,,,
24,,17229,0.04792831838130951,0.022916145622730255,0.24747700989246368,0.0029667892958968878,0.04707169532775879,0.011719285510480404,0.15122541785240173,0.006596820894628763,0.09870577603578568,0.052397023886442184,0.1659824699163437,0.3408915400505066,0.0019423064077273011,2.0970959663391113,0.08938709646463394,,,,,,,,,,,,,,,
,0.0002116439742585585,17239,,,,,,,,,,,,,,,,,,,,,,,,,,,,,,
24,,17239,0.04462575167417526,0.03666352108120918,0.30479860305786133,0.007586140651255846,0.058642808347940445,0.009896555915474892,0.1673540621995926,0.003693715203553438,0.07839051634073257,0.04967900738120079,0.18697239458560944,0.3663221597671509,0.0028500540647655725,2.085571527481079,0.13030001521110535,,,,,,,,,,,,,,,
,0.0002115254455076137,17249,,,,,,,,,,,,,,,,,,,,,,,,,,,,,,
24,,17249,0.0627080574631691,0.03590758889913559,0.23401466012001038,0.004029563628137112,0.035074613988399506,0.009640359319746494,0.1464771330356598,0.0047982968389987946,0.077494315803051,0.052340250462293625,0.15032491087913513,0.3150853216648102,0.0005488547612912953,2.0501487255096436,0.08056244254112244,,,,,,,,,,,,,,,
,0.00021140687055150204,17259,,,,,,,,,,,,,,,,,,,,,,,,,,,,,,
24,,17259,0.053214650601148605,0.014433813281357288,0.1870245784521103,0.0034617113415151834,0.040818214416503906,0.02300572767853737,0.10414822399616241,0.00686310138553381,0.08771143853664398,0.04029969498515129,0.15921691060066223,0.3096843361854553,0.0026404561940580606,2.0590133666992188,0.11628863215446472,,,,,,,,,,,,,,,
,0.00021128824947927251,17269,,,,,,,,,,,,,,,,,,,,,,,,,,,,,,
24,,17269,0.04866056144237518,0.01553255319595337,0.20004363358020782,0.004876937251538038,0.04416564851999283,0.009130974300205708,0.11662179976701736,0.005775541067123413,0.08224128931760788,0.050650570541620255,0.16310471296310425,0.29974204301834106,0.008129543624818325,2.097288131713867,0.07727158814668655,,,,,,,,,,,,,,,
,0.00021116958238000862,17279,,,,,,,,,,,,,,,,,,,,,,,,,,,,,,
24,,17279,0.0444323867559433,0.01207821536809206,0.21456289291381836,0.002740588504821062,0.029566172510385513,0.005203308537602425,0.09991394728422165,0.004920889623463154,0.08197759091854095,0.0326179638504982,0.16374404728412628,0.27573907375335693,0.00023490990861319005,2.1002204418182373,0.07278517633676529,,,,,,,,,,,,,,,
,0.00021105086934282855,17289,,,,,,,,,,,,,,,,,,,,,,,,,,,,,,
24,,17289,0.07436897605657578,0.018166953697800636,0.21576020121574402,0.003147537587210536,0.0418933629989624,0.010696168057620525,0.12375862896442413,0.005920502357184887,0.06483380496501923,0.052302878350019455,0.1662592738866806,0.3050277829170227,0.0017013701144605875,2.1088314056396484,0.1079561710357666,,,,,,,,,,,,,,,
,0.00021093211045688495,17299,,,,,,,,,,,,,,,,,,,,,,,,,,,,,,
24,,17299,0.033265504986047745,0.03678244724869728,0.28417453169822693,0.0016973443562164903,0.044124141335487366,0.010990367271006107,0.1824769228696823,0.014053408987820148,0.06113862991333008,0.013641899451613426,0.15770988166332245,0.3278931677341461,0.008277946151793003,2.124816656112671,0.10131336748600006,,,,,,,,,,,,,,,
,0.00021081330581136485,17309,,,,,,,,,,,,,,,,,,,,,,,,,,,,,,
24,,17309,0.04682563617825508,0.014020002447068691,0.21513603627681732,0.0022551673464477062,0.042607612907886505,0.006043998524546623,0.14398953318595886,0.011545903980731964,0.07107146829366684,0.04077912122011185,0.1557304561138153,0.30112892389297485,0.0021637240424752235,2.104605197906494,0.111989326775074,,,,,,,,,,,,,,,
,0.00021069445549548975,17319,,,,,,,,,,,,,,,,,,,,,,,,,,,,,,
24,,17319,0.055911172181367874,0.032111167907714844,0.22783559560775757,0.001820436678826809,0.047406766563653946,0.011192246340215206,0.15617163479328156,0.009722590446472168,0.05615201219916344,0.0679008886218071,0.15756872296333313,0.31145215034484863,0.0008821298833936453,2.093834161758423,0.11844868957996368,,,,,,,,,,,,,,,
,0.00021057555959851527,17329,,,,,,,,,,,,,,,,,,,,,,,,,,,,,,
24,,17329,0.06089605391025543,0.012510496191680431,0.1822112649679184,0.0025664973072707653,0.03656846657395363,0.011657116003334522,0.10860639065504074,0.01257392205297947,0.09806353598833084,0.05271652713418007,0.1741362363100052,0.3189431130886078,0.0020753107964992523,2.10233473777771,0.09563753753900528,,,,,,,,,,,,,,,
,0.00021045661820973149,17339,,,,,,,,,,,,,,,,,,,,,,,,,,,,,,
24,,17339,0.03443039208650589,0.06980837881565094,0.25320830941200256,0.0015836734091863036,0.04657460376620293,0.00585331441834569,0.18954139947891235,0.005384489893913269,0.047422152012586594,0.030093036592006683,0.17548832297325134,0.3120603561401367,0.00214555487036705,2.1068313121795654,0.10952045023441315,,,,,,,,,,,,,,,
,0.0002103376314184625,17349,,,,,,,,,,,,,,,,,,,,,,,,,,,,,,
24,,17349,0.012686884962022305,0.036234427243471146,0.24751916527748108,0.0011412258027121425,0.0318494588136673,0.003982686437666416,0.16040319204330444,0.005008638370782137,0.03927037492394447,0.033593252301216125,0.1685837358236313,0.25444021821022034,0.0010225633159279823,2.090367078781128,0.080314040184021,,,,,,,,,,,,,,,
,0.00021021859931406644,17359,,,,,,,,,,,,,,,,,,,,,,,,,,,,,,
24,,17359,0.051537010818719864,0.016035592183470726,0.17870087921619415,0.001146231428720057,0.043047983199357986,0.014620254747569561,0.10210397839546204,0.012873448431491852,0.10626289993524551,0.05351967737078667,0.161616250872612,0.3202696740627289,0.0006347806775011122,2.077230930328369,0.09869998693466187,,,,,,,,,,,,,,,
,0.00021009952198593567,17369,,,,,,,,,,,,,,,,,,,,,,,,,,,,,,
24,,17369,0.05414939671754837,0.030674224719405174,0.2806997299194336,0.0032480100635439157,0.04331909120082855,0.01024786289781332,0.1951216757297516,0.013720295391976833,0.10129351913928986,0.04043527692556381,0.1648034304380417,0.37132930755615234,0.00018964079208672047,2.0895161628723145,0.08521146327257156,,,,,,,,,,,,,,,
24,,17374,,,,,,,,,,,,,,,,0.17324215173721313,0.03379359841346741,0.2807601988315582,0.008613834157586098,0.06813846528530121,0.001686399569734931,0.14141800999641418,0.017594583332538605,0.18992829322814941,0.06810212880373001,0.184243842959404,0.5560804605484009,0.011698922142386436,2.086362361907959,0.14527292549610138
,0.0002099803995234964,17379,,,,,,,,,,,,,,,,,,,,,,,,,,,,,,
25,,17379,0.056968677788972855,0.021974600851535797,0.23411881923675537,0.0015448799822479486,0.03504304215312004,0.007882490754127502,0.1519051045179367,0.006089904345571995,0.08725918084383011,0.030019409954547882,0.1701771467924118,0.3165332078933716,0.000846039445605129,2.0823233127593994,0.08022256195545197,,,,,,,,,,,,,,,
,0.00020986123201620867,17389,,,,,,,,,,,,,,,,,,,,,,,,,,,,,,
25,,17389,0.03809829428792,0.020656615495681763,0.18585218489170074,0.0013347988715395331,0.029868362471461296,0.011455178260803223,0.11065483093261719,0.004366501700133085,0.0556534081697464,0.022293973714113235,0.1412743330001831,0.23959551751613617,0.00023353281721938401,2.0847227573394775,0.07494156807661057,,,,,,,,,,,,,,,
,0.0002097420195535665,17399,,,,,,,,,,,,,,,,,,,,,,,,,,,,,,
25,,17399,0.05887532979249954,0.015582551248371601,0.20458506047725677,0.002535138512030244,0.05373813584446907,0.09590277820825577,0.12490509450435638,0.013817526400089264,0.14140595495700836,0.05638163909316063,0.1652582287788391,0.43835365772247314,0.010572109371423721,2.0812954902648926,0.12951882183551788,,,,,,,,,,,,,,,
,0.00020962276222509749,17409,,,,,,,,,,,,,,,,,,,,,,,,,,,,,,
25,,17409,0.04979317635297775,0.03472926467657089,0.2357504814863205,0.00854913517832756,0.0377693772315979,0.023492995649576187,0.14358052611351013,0.010945835150778294,0.07891584932804108,0.025750260800123215,0.15214331448078156,0.33730489015579224,0.0024621947668492794,2.0931687355041504,0.11847751587629318,,,,,,,,,,,,,,,
,0.0002095034601203632,17419,,,,,,,,,,,,,,,,,,,,,,,,,,,,,,
25,,17419,0.058552876114845276,0.036956820636987686,0.3274424970149994,0.0035842466168105602,0.0475965291261673,0.013146181590855122,0.20792695879936218,0.012106810696423054,0.13327033817768097,0.04961073771119118,0.19247642159461975,0.4371161460876465,0.00023494478955399245,2.058636426925659,0.09745682030916214,,,,,,,,,,,,,,,
,0.00020938411332895848,17429,,,,,,,,,,,,,,,,,,,,,,,,,,,,,,
25,,17429,0.06438883394002914,0.06049396097660065,0.29840290546417236,0.0030691942665725946,0.04098040610551834,0.015552736818790436,0.19518360495567322,0.006694321054965258,0.0721413791179657,0.04024118930101395,0.17716775834560394,0.36679404973983765,0.003072541207075119,2.0941717624664307,0.09205544739961624,,,,,,,,,,,,,,,
,0.00020926472194051198,17439,,,,,,,,,,,,,,,,,,,,,,,,,,,,,,
25,,17439,0.07756288349628448,0.05180272087454796,0.20212210714817047,0.002091564703732729,0.03950614109635353,0.018064426258206367,0.16050007939338684,0.00984892901033163,0.12198326736688614,0.05747735872864723,0.14829112589359283,0.38478508591651917,0.0051844618283212185,2.0956549644470215,0.09408031404018402,,,,,,,,,,,,,,,
,0.00020914528604468576,17449,,,,,,,,,,,,,,,,,,,,,,,,,,,,,,
25,,17449,0.04861045256257057,0.0469883494079113,0.2733413875102997,0.010621706023812294,0.04863712191581726,0.01583409309387207,0.15567253530025482,0.010857715271413326,0.13448326289653778,0.04422633722424507,0.16872097551822662,0.4180774688720703,0.009581319987773895,2.0681281089782715,0.09352625906467438,,,,,,,,,,,,,,,
,0.00020902580573117538,17459,,,,,,,,,,,,,,,,,,,,,,,,,,,,,,
25,,17459,0.06439129263162613,0.09107518941164017,0.30887123942375183,0.0028396425768733025,0.05483551323413849,0.005543302278965712,0.2588404417037964,0.00900732260197401,0.12022947520017624,0.017008675262331963,0.18638230860233307,0.44408488273620605,0.0013735056854784489,2.104905843734741,0.09443135559558868,,,,,,,,,,,,,,,
,0.00020890628108970966,17469,,,,,,,,,,,,,,,,,,,,,,,,,,,,,,
25,,17469,0.03575006127357483,0.01916610077023506,0.16002240777015686,0.0018557675648480654,0.03184919059276581,0.008002112619578838,0.10822151601314545,0.005301016382873058,0.05940466374158859,0.04186444357037544,0.11409879475831985,0.2292303442955017,0.0002674422867130488,2.080116033554077,0.0691169947385788,,,,,,,,,,,,,,,
,0.00020878671221005073,17479,,,,,,,,,,,,,,,,,,,,,,,,,,,,,,
25,,17479,0.053326498717069626,0.033649250864982605,0.26394176483154297,0.0009155416046269238,0.033175278455019,0.020519845187664032,0.17296069860458374,0.011924264021217823,0.09788722544908524,0.04719081148505211,0.17138797044754028,0.3532533645629883,0.00017850245058070868,2.099946975708008,0.06630748510360718,,,,,,,,,,,,,,,
,0.00020866709918199394,17489,,,,,,,,,,,,,,,,,,,,,,,,,,,,,,
25,,17489,0.0795588418841362,0.027253055945038795,0.2973576784133911,0.0009443390881642699,0.062312837690114975,0.03634713590145111,0.19624397158622742,0.009936366230249405,0.16487248241901398,0.0314689502120018,0.17208309471607208,0.47887665033340454,0.0002652874100022018,2.106806993484497,0.13673491775989532,,,,,,,,,,,,,,,
,0.0002085474420953679,17499,,,,,,,,,,,,,,,,,,,,,,,,,,,,,,
25,,17499,0.03509517014026642,0.0317598357796669,0.25576189160346985,0.005270639434456825,0.02245481126010418,0.012012934312224388,0.14177721738815308,0.004450345411896706,0.05564834177494049,0.028504738584160805,0.14412015676498413,0.2707897126674652,0.006241599563509226,2.0830347537994385,0.040114935487508774,,,,,,,,,,,,,,,
,0.0002084277410400341,17509,,,,,,,,,,,,,,,,,,,,,,,,,,,,,,
25,,17509,0.03882570192217827,0.01886921375989914,0.24349381029605865,0.0002544046728871763,0.0360276959836483,0.0068331556394696236,0.09215012937784195,0.0037904935888946056,0.033532172441482544,0.034376390278339386,0.13486981391906738,0.23308664560317993,0.0003969882964156568,2.088178873062134,0.09170820564031601,,,,,,,,,,,,,,,
,0.00020830799610588725,17519,,,,,,,,,,,,,,,,,,,,,,,,,,,,,,
25,,17519,0.05460575968027115,0.026092763990163803,0.20498788356781006,0.006207198370248079,0.0522226020693779,0.021396255120635033,0.14020292460918427,0.012396660633385181,0.17306628823280334,0.030250217765569687,0.1621493399143219,0.4212011992931366,0.0008159083663485944,2.0711686611175537,0.1123562902212143,,,,,,,,,,,,,,,
,0.0002081882073828549,17529,,,,,,,,,,,,,,,,,,,,,,,,,,,,,,
25,,17529,0.045457787811756134,0.029936252161860466,0.2687789499759674,0.0017983177676796913,0.04662718251347542,0.013435290195047855,0.15773919224739075,0.005475088022649288,0.06821832060813904,0.04134903475642204,0.17902351915836334,0.3244025409221649,0.0020119778346270323,2.1117966175079346,0.1058182567358017,,,,,,,,,,,,,,,
,0.0002080683749608975,17539,,,,,,,,,,,,,,,,,,,,,,,,,,,,,,
25,,17539,0.02893984131515026,0.022614704445004463,0.20039421319961548,0.0006521444884128869,0.03828807175159454,0.006975996308028698,0.11574648320674896,0.00541064515709877,0.056931398808956146,0.04310936853289604,0.14592893421649933,0.25329089164733887,0.000431567314080894,2.1032233238220215,0.09527405351400375,,,,,,,,,,,,,,,
,0.00020794849893000843,17549,,,,,,,,,,,,,,,,,,,,,,,,,,,,,,
25,,17549,0.023379236459732056,0.016070036217570305,0.15157338976860046,0.0008637357968837023,0.023714367300271988,0.005767195485532284,0.08825396746397018,0.00635587889701128,0.05508759990334511,0.04240305349230766,0.11677756160497665,0.20454439520835876,0.0008874916238710284,2.0944485664367676,0.0572279654443264,,,,,,,,,,,,,,,
,0.00020782857938021366,17559,,,,,,,,,,,,,,,,,,,,,,,,,,,,,,
25,,17559,0.0515097938477993,0.02900942601263523,0.22924502193927765,0.000754266045987606,0.03210693225264549,0.007454378996044397,0.15218515694141388,0.006351051386445761,0.06575579941272736,0.04262110963463783,0.15194201469421387,0.29704549908638,0.006522641517221928,2.1129419803619385,0.08315928280353546,,,,,,,,,,,,,,,
,0.00020770861640157187,17569,,,,,,,,,,,,,,,,,,,,,,,,,,,,,,
25,,17569,0.09033825993537903,0.02590067684650421,0.20110851526260376,0.0023988536559045315,0.054338160902261734,0.01237887516617775,0.17590509355068207,0.023439224809408188,0.17051900923252106,0.05213119462132454,0.15418048202991486,0.45137861371040344,0.002353806747123599,2.1017978191375732,0.11466562002897263,,,,,,,,,,,,,,,
,0.0002075886100841745,17579,,,,,,,,,,,,,,,,,,,,,,,,,,,,,,
25,,17579,0.06900753080844879,0.019709153100848198,0.21632863581180573,0.0019158418290317059,0.053053151816129684,0.01421267818659544,0.17250679433345795,0.010523783974349499,0.11211740970611572,0.04266424477100372,0.15915405750274658,0.3670865595340729,0.0025640588719397783,2.071270227432251,0.10317553579807281,,,,,,,,,,,,,,,
,0.00020746856051814534,17589,,,,,,,,,,,,,,,,,,,,,,,,,,,,,,
25,,17589,0.04563537612557411,0.016901014372706413,0.20083053410053253,0.0032810119446367025,0.035781726241111755,0.016033168882131577,0.11086561530828476,0.009043511003255844,0.10150843113660812,0.02997419983148575,0.14766395092010498,0.31080496311187744,0.0021722549572587013,2.073704957962036,0.08755049854516983,,,,,,,,,,,,,,,
,0.00020734846779364076,17599,,,,,,,,,,,,,,,,,,,,,,,,,,,,,,
25,,17599,0.0329439714550972,0.017856862396001816,0.19317804276943207,0.0026335627771914005,0.028780514374375343,0.01019811537116766,0.10789663344621658,0.008404758758842945,0.07087917625904083,0.04979799687862396,0.14133337140083313,0.26044780015945435,0.001253050402738154,2.0944786071777344,0.06901467591524124,,,,,,,,,,,,,,,
,0.00020722833200084958,17609,,,,,,,,,,,,,,,,,,,,,,,,,,,,,,
25,,17609,0.040728263556957245,0.026230139657855034,0.2547205090522766,0.004204758442938328,0.03173881769180298,0.007049256935715675,0.14145374298095703,0.0063946424052119255,0.06688801944255829,0.038202915340662,0.16194525361061096,0.3049168586730957,0.0006081837345845997,2.136950731277466,0.11535552889108658,,,,,,,,,,,,,,,
,0.00020710815322999286,17619,,,,,,,,,,,,,,,,,,,,,,,,,,,,,,
25,,17619,0.04442356526851654,0.031081654131412506,0.2672690153121948,0.0028177916537970304,0.05753340944647789,0.00849986169487238,0.17070986330509186,0.0099876057356596,0.11349202692508698,0.05713724344968796,0.17228223383426666,0.38597533106803894,0.0022114075254648924,2.108525037765503,0.12767858803272247,,,,,,,,,,,,,,,
,0.00020698793157132407,17629,,,,,,,,,,,,,,,,,,,,,,,,,,,,,,
25,,17629,0.052001986652612686,0.027491044253110886,0.2751353085041046,0.0015122934710234404,0.04854802042245865,0.016091175377368927,0.15410754084587097,0.007727582473307848,0.056427646428346634,0.03827540576457977,0.18595440685749054,0.32351428270339966,0.0034268544986844063,2.079573392868042,0.11080078035593033,,,,,,,,,,,,,,,
,0.0002068676671151287,17639,,,,,,,,,,,,,,,,,,,,,,,,,,,,,,
25,,17639,0.0749804750084877,0.04635307937860489,0.2836979925632477,0.0013364125043153763,0.06088627874851227,0.003433029865846038,0.20693470537662506,0.014277073554694653,0.15098652243614197,0.04429679363965988,0.20222324132919312,0.4630126357078552,0.0014177142875269055,2.083657741546631,0.12697699666023254,,,,,,,,,,,,,,,
,0.0002067473599517246,17649,,,,,,,,,,,,,,,,,,,,,,,,,,,,,,
25,,17649,0.03901393711566925,0.03146963566541672,0.2440767139196396,0.0020745149813592434,0.03813087195158005,0.006789231672883034,0.12194621562957764,0.005472630262374878,0.0631074383854866,0.04830741882324219,0.16258926689624786,0.29194092750549316,0.001481889747083187,2.065335750579834,0.10436257719993591,,,,,,,,,,,,,,,
,0.00020662701017146152,17659,,,,,,,,,,,,,,,,,,,,,,,,,,,,,,
25,,17659,0.05447465926408768,0.025086747482419014,0.193085178732872,0.0031330855563282967,0.03018183261156082,0.009166593663394451,0.13460487127304077,0.0087004778906703,0.07991018146276474,0.03914070501923561,0.1184951514005661,0.28833961486816406,0.0037583401426672935,2.084397315979004,0.07429943978786469,,,,,,,,,,,,,,,
,0.00020650661786472132,17669,,,,,,,,,,,,,,,,,,,,,,,,,,,,,,
25,,17669,0.036420997232198715,0.0257517509162426,0.26766127347946167,0.005181403364986181,0.04651558771729469,0.011912689544260502,0.16511936485767365,0.012782953679561615,0.09478448331356049,0.05544693022966385,0.1672976016998291,0.353216290473938,0.0010762090096250176,2.067979335784912,0.09980007261037827,,,,,,,,,,,,,,,
,0.0002063861831219177,17679,,,,,,,,,,,,,,,,,,,,,,,,,,,,,,
25,,17679,0.050968512892723083,0.018887022510170937,0.2748470902442932,0.002850120421499014,0.09356901794672012,0.009821740910410881,0.14639194309711456,0.004945906810462475,0.15224860608577728,0.03754827380180359,0.19879192113876343,0.438834547996521,0.001259713084436953,2.0867502689361572,0.17248418927192688,,,,,,,,,,,,,,,
,0.00020626570603349628,17689,,,,,,,,,,,,,,,,,,,,,,,,,,,,,,
25,,17689,0.0544908307492733,0.03871193528175354,0.2532930374145508,0.0016957724001258612,0.0365249365568161,0.01921367086470127,0.17949526011943817,0.006655720993876457,0.11708211153745651,0.01990330219268799,0.16454681754112244,0.3683664798736572,0.0008162684389390051,2.082632541656494,0.07963927835226059,,,,,,,,,,,,,,,
,0.00020614518668993456,17699,,,,,,,,,,,,,,,,,,,,,,,,,,,,,,
25,,17699,0.07117569446563721,0.06982405483722687,0.2659202516078949,0.000526868156157434,0.04651140421628952,0.009451626800000668,0.19038835167884827,0.00535025168210268,0.1084427610039711,0.05505339428782463,0.16198617219924927,0.404028981924057,0.0049584247171878815,2.105431079864502,0.12283696979284286,,,,,,,,,,,,,,,
,0.00020602462518174168,17709,,,,,,,,,,,,,,,,,,,,,,,,,,,,,,
25,,17709,0.03206602856516838,0.024679843336343765,0.19049252569675446,0.0009250937728211284,0.0348421186208725,0.013907388783991337,0.12454410642385483,0.0072897751815617085,0.0610598661005497,0.025020772591233253,0.13263589143753052,0.25015944242477417,0.0033524739556014538,2.083705425262451,0.05799657478928566,,,,,,,,,,,,,,,
,0.0002059040215994584,17719,,,,,,,,,,,,,,,,,,,,,,,,,,,,,,
25,,17719,0.060419030487537384,0.04110129550099373,0.2630046010017395,0.0007547988789156079,0.04761963710188866,0.0061673312447965145,0.15839573740959167,0.004388908389955759,0.06546757370233536,0.04653912037611008,0.16720806062221527,0.33607470989227295,0.004466611426323652,2.079906702041626,0.1347847580909729,,,,,,,,,,,,,,,
,0.00020578337603365727,17729,,,,,,,,,,,,,,,,,,,,,,,,,,,,,,
25,,17729,0.03153156116604805,0.026464929804205894,0.264426589012146,0.0026288279332220554,0.06040098890662193,0.009340537711977959,0.1848863810300827,0.014167819172143936,0.08546338975429535,0.06433054804801941,0.16518329083919525,0.3544200360774994,0.0022800297010689974,2.0739963054656982,0.11840640753507614,,,,,,,,,,,,,,,
,0.00020566268857494214,17739,,,,,,,,,,,,,,,,,,,,,,,,,,,,,,
25,,17739,0.029037395492196083,0.04063256084918976,0.19529692828655243,0.0021512864623218775,0.023956140503287315,0.006132142618298531,0.13281118869781494,0.006016805302351713,0.03956636041402817,0.030030863359570503,0.13529957830905914,0.22928033769130707,0.0017595364479348063,2.0689051151275635,0.0553436279296875,,,,,,,,,,,,,,,
,0.00020554195931394838,17749,,,,,,,,,,,,,,,,,,,,,,,,,,,,,,
25,,17749,0.04889444261789322,0.02411838062107563,0.2258310467004776,0.0009600931080058217,0.03397081047296524,0.006103131454437971,0.13219526410102844,0.005763409659266472,0.1023477241396904,0.05425533652305603,0.1720615029335022,0.3192961812019348,0.0003959169262088835,2.042048215866089,0.06947145611047745,,,,,,,,,,,,,,,
,0.0002054211883413429,17759,,,,,,,,,,,,,,,,,,,,,,,,,,,,,,
25,,17759,0.07335949689149857,0.018535390496253967,0.27044153213500977,0.009768608026206493,0.04321296885609627,0.010265626944601536,0.13606491684913635,0.010485432110726833,0.09024287760257721,0.04083900526165962,0.19742195308208466,0.36479467153549194,0.0019840807653963566,2.0713884830474854,0.10508255660533905,,,,,,,,,,,,,,,
,0.00020530037574782378,17769,,,,,,,,,,,,,,,,,,,,,,,,,,,,,,
25,,17769,0.047216057777404785,0.027771443128585815,0.29172810912132263,0.003463955130428076,0.059970028698444366,0.008941719308495522,0.14180700480937958,0.009121885523200035,0.0772014632821083,0.035561174154281616,0.20059651136398315,0.356129914522171,0.002778777154162526,2.0487167835235596,0.13653412461280823,,,,,,,,,,,,,,,
,0.0002051795216241204,17779,,,,,,,,,,,,,,,,,,,,,,,,,,,,,,
25,,17779,0.034280870109796524,0.04270104318857193,0.22422786056995392,0.003302055411040783,0.029605185613036156,0.007984896190464497,0.16205385327339172,0.005270199850201607,0.051116254180669785,0.0651870146393776,0.13311396539211273,0.2749244272708893,0.004578594584017992,2.055039405822754,0.0695335641503334,,,,,,,,,,,,,,,
,0.00020505862606099343,17789,,,,,,,,,,,,,,,,,,,,,,,,,,,,,,
25,,17789,0.05048481374979019,0.021642930805683136,0.23289622366428375,0.0053380317986011505,0.034174878150224686,0.012850431725382805,0.12736459076404572,0.008866813965141773,0.08589186519384384,0.044790320098400116,0.1587761640548706,0.32032710313796997,0.0023937455844134092,2.090282917022705,0.09594768285751343,,,,,,,,,,,,,,,
,0.00020493768914923443,17799,,,,,,,,,,,,,,,,,,,,,,,,,,,,,,
25,,17799,0.04074418917298317,0.05908837169408798,0.24271191656589508,0.0008828483987599611,0.0361027866601944,0.02000642567873001,0.17808493971824646,0.006584932561963797,0.05933482199907303,0.03198545426130295,0.13590382039546967,0.305936723947525,0.001262497273273766,2.0750856399536133,0.08507304638624191,,,,,,,,,,,,,,,
,0.00020481671097966625,17809,,,,,,,,,,,,,,,,,,,,,,,,,,,,,,
25,,17809,0.054952554404735565,0.025926556438207626,0.24424952268600464,0.002505131531506777,0.05041927844285965,0.01142866164445877,0.17006024718284607,0.008677610196173191,0.1146961972117424,0.038900431245565414,0.18429683148860931,0.37049734592437744,0.00270992424339056,2.089590311050415,0.09086034446954727,,,,,,,,,,,,,,,
,0.00020469569164314257,17819,,,,,,,,,,,,,,,,,,,,,,,,,,,,,,
25,,17819,0.025341767817735672,0.020654048770666122,0.2698919177055359,0.0011318650795146823,0.034468937665224075,0.011001622304320335,0.13073492050170898,0.008148066699504852,0.044393833726644516,0.020991666242480278,0.15630348026752472,0.26317721605300903,0.00036060079582966864,2.1132986545562744,0.08677177876234055,,,,,,,,,,,,,,,
,0.00020457463123054807,17829,,,,,,,,,,,,,,,,,,,,,,,,,,,,,,
25,,17829,0.0240545142441988,0.018508197739720345,0.20996074378490448,0.0028642357792705297,0.043587200343608856,0.006612321361899376,0.12752792239189148,0.011349137872457504,0.08181221783161163,0.032193925231695175,0.14759472012519836,0.2900969684123993,0.00039224172360263765,2.0506482124328613,0.10275793820619583,,,,,,,,,,,,,,,
,0.00020445352983279824,17839,,,,,,,,,,,,,,,,,,,,,,,,,,,,,,
25,,17839,0.10381779819726944,0.02089068852365017,0.26179078221321106,0.0020367929246276617,0.05540386587381363,0.010091535747051239,0.1761239469051361,0.011773543432354927,0.10206884145736694,0.04466865211725235,0.1649596244096756,0.39060887694358826,0.0017037143697962165,2.1078314781188965,0.10534540563821793,,,,,,,,,,,,,,,
,0.00020433238754083937,17849,,,,,,,,,,,,,,,,,,,,,,,,,,,,,,
25,,17849,0.03800562024116516,0.018708163872361183,0.16367962956428528,0.0015110058011487126,0.03157154098153114,0.0053167082369327545,0.12021185457706451,0.00674933847039938,0.0626126378774643,0.034747280180454254,0.10689916461706161,0.232986718416214,0.0016248882748186588,2.0768260955810547,0.0590091273188591,,,,,,,,,,,,,,,
,0.00020421120444564839,17859,,,,,,,,,,,,,,,,,,,,,,,,,,,,,,
25,,17859,0.027910931035876274,0.019861027598381042,0.21104766428470612,0.00385729456320405,0.03321307897567749,0.00545947952196002,0.12676770985126495,0.006671068258583546,0.05858524888753891,0.029269559308886528,0.15568159520626068,0.2775467038154602,0.014461679384112358,2.09885835647583,0.10168510675430298,,,,,,,,,,,,,,,
,0.00020408998063823304,17869,,,,,,,,,,,,,,,,,,,,,,,,,,,,,,
25,,17869,0.05035989359021187,0.03454149514436722,0.30047082901000977,0.004569502081722021,0.05814012512564659,0.008169806562364101,0.16885323822498322,0.018168535083532333,0.11461096256971359,0.04803270846605301,0.18131448328495026,0.41146746277809143,0.0012331637553870678,2.076726198196411,0.13148805499076843,,,,,,,,,,,,,,,
,0.00020396871620963143,17879,,,,,,,,,,,,,,,,,,,,,,,,,,,,,,
25,,17879,0.037251152098178864,0.021907610818743706,0.19788677990436554,0.004635845310986042,0.03762302175164223,0.006920426618307829,0.10890103876590729,0.00783410482108593,0.0754818320274353,0.02793929912149906,0.14029131829738617,0.26936596632003784,0.000790902937296778,2.0753519535064697,0.07176078110933304,,,,,,,,,,,,,,,
,0.00020384741125091231,17889,,,,,,,,,,,,,,,,,,,,,,,,,,,,,,
25,,17889,0.036684270948171616,0.027387039735913277,0.28854241967201233,0.005121078807860613,0.036964453756809235,0.005414500366896391,0.16103079915046692,0.010716041550040245,0.08067700266838074,0.032225724309682846,0.15135443210601807,0.3349490165710449,0.0005811965093016624,2.0719549655914307,0.1156107559800148,,,,,,,,,,,,,,,
,0.00020372606585317485,17899,,,,,,,,,,,,,,,,,,,,,,,,,,,,,,
25,,17899,0.038809336721897125,0.04508606344461441,0.23557144403457642,0.008214011788368225,0.03625663369894028,0.0052683535031974316,0.14939969778060913,0.00757376104593277,0.07137561589479446,0.02992204949259758,0.15037807822227478,0.30848246812820435,0.003129567950963974,2.0685315132141113,0.08822265267372131,,,,,,,,,,,,,,,
,0.00020360468010754854,17909,,,,,,,,,,,,,,,,,,,,,,,,,,,,,,
25,,17909,0.055455852299928665,0.023693205788731575,0.2025226205587387,0.004478894639760256,0.036463137716054916,0.006567556876689196,0.13225950300693512,0.011758631095290184,0.12345768511295319,0.03408098220825195,0.13321219384670258,0.34096744656562805,0.005484962835907936,2.08744478225708,0.06868750602006912,,,,,,,,,,,,,,,
,0.00020348325410519326,17919,,,,,,,,,,,,,,,,,,,,,,,,,,,,,,
25,,17919,0.032380346208810806,0.025702528655529022,0.21053245663642883,0.0018450854113325477,0.04621294140815735,0.005920876283198595,0.12627288699150085,0.006873287260532379,0.0998111292719841,0.0364876426756382,0.16464398801326752,0.30922845005989075,0.0004964672261849046,2.1027865409851074,0.08695906400680542,,,,,,,,,,,,,,,
,0.00020336178793729895,17929,,,,,,,,,,,,,,,,,,,,,,,,,,,,,,
25,,17929,0.04900837317109108,0.031076570972800255,0.241695836186409,0.002862658118829131,0.045485708862543106,0.005377397872507572,0.16108079254627228,0.010293016210198402,0.12040664255619049,0.04321117699146271,0.16661763191223145,0.3680057227611542,0.0019149375148117542,2.082664728164673,0.09649775922298431,,,,,,,,,,,,,,,
,0.00020324028169508592,17939,,,,,,,,,,,,,,,,,,,,,,,,,,,,,,
25,,17939,0.06316352635622025,0.03386217728257179,0.2596569061279297,0.0014809053391218185,0.06745928525924683,0.00973399169743061,0.18468590080738068,0.008524402976036072,0.22929753363132477,0.037381887435913086,0.1545884758234024,0.4988257884979248,0.0003487521316856146,2.0689778327941895,0.10574081540107727,,,,,,,,,,,,,,,
,0.00020311873546980443,17949,,,,,,,,,,,,,,,,,,,,,,,,,,,,,,
25,,17949,0.06832072138786316,0.026879973709583282,0.2448708415031433,0.0012023927411064506,0.04454357922077179,0.0057302904315292835,0.14092661440372467,0.005719538778066635,0.0663597360253334,0.05615486949682236,0.15430495142936707,0.30717331171035767,0.0024096069391816854,2.0833327770233154,0.0819716602563858,,,,,,,,,,,,,,,
,0.0002029971493527349,17959,,,,,,,,,,,,,,,,,,,,,,,,,,,,,,
25,,17959,0.03458128497004509,0.02684827148914337,0.26461589336395264,0.002151652006432414,0.05409324914216995,0.019877973943948746,0.18626664578914642,0.005923578981310129,0.09937712550163269,0.050003647804260254,0.17275601625442505,0.36178258061408997,0.002890502568334341,2.0815114974975586,0.1064809262752533,,,,,,,,,,,,,,,
,0.0002028755234351876,17969,,,,,,,,,,,,,,,,,,,,,,,,,,,,,,
25,,17969,0.058251552283763885,0.029696738347411156,0.2884809970855713,0.002016464015468955,0.049229249358177185,0.021272171288728714,0.15246246755123138,0.003228699089959264,0.11928041279315948,0.041992153972387314,0.15451771020889282,0.3844258785247803,0.00465261097997427,2.09812331199646,0.09812501817941666,,,,,,,,,,,,,,,
,0.00020275385780850263,17979,,,,,,,,,,,,,,,,,,,,,,,,,,,,,,
25,,17979,0.042340680956840515,0.01650640368461609,0.17286430299282074,0.0019566917326301336,0.03555450960993767,0.009387199766933918,0.09923341870307922,0.006980103440582752,0.08453276008367538,0.017040135338902473,0.15084543824195862,0.26486313343048096,0.00065850984537974,2.098097801208496,0.06662389636039734,,,,,,,,,,,,,,,
,0.00020263215256405013,17989,,,,,,,,,,,,,,,,,,,,,,,,,,,,,,
25,,17989,0.032030340284109116,0.02593911997973919,0.275827020406723,0.0049497527070343494,0.051291536539793015,0.004527075681835413,0.13301260769367218,0.005234663840383291,0.06558100134134293,0.043169304728507996,0.18943218886852264,0.32333242893218994,0.00907337386161089,2.100132465362549,0.12217767536640167,,,,,,,,,,,,,,,
,0.00020251040779322978,17999,,,,,,,,,,,,,,,,,,,,,,,,,,,,,,
25,,17999,0.04229091480374336,0.015771890059113503,0.24533554911613464,0.0021146044600754976,0.04332545027136803,0.008423902094364166,0.14983224868774414,0.009908776730298996,0.055484239012002945,0.04870197921991348,0.16718678176403046,0.29045018553733826,0.00046241655945777893,2.075627326965332,0.09393750876188278,,,,,,,,,,,,,,,
,0.00020238862358747098,18009,,,,,,,,,,,,,,,,,,,,,,,,,,,,,,
25,,18009,0.043550558388233185,0.019405871629714966,0.19240202009677887,0.0004949503927491605,0.03437323495745659,0.017221229150891304,0.11443202197551727,0.004753975197672844,0.054382748901844025,0.04021809622645378,0.13681116700172424,0.25694406032562256,0.0004723821475636214,2.089200496673584,0.10124955326318741,,,,,,,,,,,,,,,
,0.00020226680003823292,18019,,,,,,,,,,,,,,,,,,,,,,,,,,,,,,
25,,18019,0.06565354764461517,0.018884725868701935,0.1738755851984024,0.0018024547025561333,0.040362969040870667,0.012108690105378628,0.12380363047122955,0.009584312327206135,0.08236564695835114,0.02586369588971138,0.13648517429828644,0.29258993268013,0.002342378022149205,2.09826922416687,0.08559731394052505,,,,,,,,,,,,,,,
,0.00020214493723700415,18029,,,,,,,,,,,,,,,,,,,,,,,,,,,,,,
25,,18029,0.03272445127367973,0.020059242844581604,0.20578403770923615,0.0031329174526035786,0.03725600615143776,0.014698267914354801,0.10751642286777496,0.004504099953919649,0.040185973048210144,0.053017474710941315,0.15499301254749298,0.24143414199352264,0.0023532186169177294,2.0977461338043213,0.07547775655984879,,,,,,,,,,,,,,,
,0.00020202303527530274,18039,,,,,,,,,,,,,,,,,,,,,,,,,,,,,,
25,,18039,0.07173624634742737,0.016440918669104576,0.23209255933761597,0.00195934996008873,0.04561198130249977,0.012451010756194592,0.14515824615955353,0.008175257593393326,0.12515632808208466,0.0408729650080204,0.16759748756885529,0.3761170208454132,0.0006793680950067937,2.101918935775757,0.11501988023519516,,,,,,,,,,,,,,,
,0.0002019010942446762,18049,,,,,,,,,,,,,,,,,,,,,,,,,,,,,,
25,,18049,0.03593451902270317,0.024586888030171394,0.22765842080116272,0.0015481560258194804,0.04640438035130501,0.010394733399152756,0.12209387123584747,0.00926781352609396,0.06299523264169693,0.045034416019916534,0.1733705699443817,0.2881704270839691,0.0009440657449886203,2.0844383239746094,0.09521479904651642,,,,,,,,,,,,,,,
,0.00020177911423670136,18059,,,,,,,,,,,,,,,,,,,,,,,,,,,,,,
25,,18059,0.04356565698981285,0.01884378492832184,0.2013300657272339,0.004758299328386784,0.02876531146466732,0.011288811452686787,0.12788893282413483,0.00789111852645874,0.07974791526794434,0.03822122886776924,0.14976227283477783,0.2925073206424713,0.000627064669970423,2.10610032081604,0.09756644070148468,,,,,,,,,,,,,,,
,0.00020165709534298437,18069,,,,,,,,,,,,,,,,,,,,,,,,,,,,,,
25,,18069,0.012517713010311127,0.03962577506899834,0.3326752781867981,0.000626609951723367,0.029305562376976013,0.007014898583292961,0.16155986487865448,0.003658674191683531,0.01739734783768654,0.022601338103413582,0.19626973569393158,0.2657829821109772,0.0005137993139214814,2.0763707160949707,0.09268944710493088,,,,,,,,,,,,,,,
25,,18069,,,,,,,,,,,,,,,,0.17548751831054688,0.026239652186632156,0.29384711384773254,0.009924239479005337,0.06748748570680618,0.0019202082185074687,0.14772260189056396,0.018117045983672142,0.20707912743091583,0.07205371558666229,0.18567843735218048,0.5778329968452454,0.012347593903541565,2.081533908843994,0.1375495046377182
,0.00020153503765516046,18079,,,,,,,,,,,,,,,,,,,,,,,,,,,,,,
26,,18079,0.02240567095577717,0.013729310594499111,0.22974075376987457,0.0015461031580343843,0.03493412956595421,0.007684758864343166,0.1071549654006958,0.004895754158496857,0.04608869552612305,0.04352784901857376,0.17408040165901184,0.2474425584077835,0.00020182727894280106,2.0792689323425293,0.09461157023906708,,,,,,,,,,,,,,,
,0.0002014129412648942,18089,,,,,,,,,,,,,,,,,,,,,,,,,,,,,,
26,,18089,0.0437634252011776,0.018316861242055893,0.18654237687587738,0.0017022490501403809,0.04195152595639229,0.0145390210673213,0.09528391808271408,0.01053401455283165,0.07860106229782104,0.04802364483475685,0.15743976831436157,0.2829190790653229,0.0009966095676645637,2.1190078258514404,0.08548033982515335,,,,,,,,,,,,,,,
,0.00020129080626387892,18099,,,,,,,,,,,,,,,,,,,,,,,,,,,,,,
26,,18099,0.049168411642313004,0.03793027624487877,0.29877766966819763,0.0009169485419988632,0.048275332897901535,0.022103769704699516,0.1976592093706131,0.010625079274177551,0.0954090803861618,0.03518538922071457,0.18858714401721954,0.3836827576160431,0.0009799994295462966,2.0834200382232666,0.1027708649635315,,,,,,,,,,,,,,,
,0.00020116863274383727,18109,,,,,,,,,,,,,,,,,,,,,,,,,,,,,,
26,,18109,0.036673471331596375,0.022684501484036446,0.22932763397693634,0.001051556202583015,0.03411012142896652,0.00958965066820383,0.12880530953407288,0.009239967912435532,0.06501986086368561,0.02843635529279709,0.15562205016613007,0.2818235158920288,0.0008922646520659328,2.0709521770477295,0.09499172866344452,,,,,,,,,,,,,,,
,0.0002010464207965207,18119,,,,,,,,,,,,,,,,,,,,,,,,,,,,,,
26,,18119,0.06432675570249557,0.023502908647060394,0.1944676786661148,0.002872622571885586,0.04723857343196869,0.011283516883850098,0.13834787905216217,0.012450311332941055,0.1121487095952034,0.03146379441022873,0.17041823267936707,0.3509879410266876,0.0022186883725225925,2.089771032333374,0.10183728486299515,,,,,,,,,,,,,,,
,0.0002009241705137094,18129,,,,,,,,,,,,,,,,,,,,,,,,,,,,,,
26,,18129,0.040196213871240616,0.021649280562996864,0.2609871029853821,0.001951445359736681,0.06296773999929428,0.012635434977710247,0.1572798192501068,0.012405152432620525,0.08836456388235092,0.05255163833498955,0.17635022103786469,0.3504452705383301,0.0022195144556462765,2.080836534500122,0.11306073516607285,,,,,,,,,,,,,,,
,0.00020080188198721248,18139,,,,,,,,,,,,,,,,,,,,,,,,,,,,,,
26,,18139,0.027675388380885124,0.046073950827121735,0.290917307138443,0.003945589531213045,0.06096256896853447,0.004777796100825071,0.17825651168823242,0.010463463142514229,0.059971317648887634,0.0442274734377861,0.17645572125911713,0.3352673649787903,0.0009506112546660006,2.0911147594451904,0.12091673165559769,,,,,,,,,,,,,,,
,0.0002006795553088678,18149,,,,,,,,,,,,,,,,,,,,,,,,,,,,,,
26,,18149,0.04103992506861687,0.029722819104790688,0.23111261427402496,0.0013139040675014257,0.029887761920690536,0.006039750296622515,0.1403598189353943,0.0064908587373793125,0.05990783870220184,0.032122232019901276,0.14675870537757874,0.2711752653121948,0.0006448696367442608,2.0770647525787354,0.0710768923163414,,,,,,,,,,,,,,,
,0.00020055719057054174,18159,,,,,,,,,,,,,,,,,,,,,,,,,,,,,,
26,,18159,0.08544345945119858,0.014961976557970047,0.18595099449157715,0.0022073641885071993,0.0464576780796051,0.004961324855685234,0.13935133814811707,0.009681804105639458,0.12465531378984451,0.038297515362501144,0.1653035581111908,0.35589730739593506,0.0009809188777580857,2.0904617309570312,0.08713950961828232,,,,,,,,,,,,,,,
,0.00020043478786412942,18169,,,,,,,,,,,,,,,,,,,,,,,,,,,,,,
26,,18169,0.04246920347213745,0.029295023530721664,0.2611394226551056,0.004548011813312769,0.03790438920259476,0.009609824046492577,0.15463308990001678,0.005078563466668129,0.0787053257226944,0.03713960200548172,0.1532026082277298,0.3213512897491455,0.0036539065185934305,2.0782346725463867,0.09640099108219147,,,,,,,,,,,,,,,
,0.0002003123472815543,18179,,,,,,,,,,,,,,,,,,,,,,,,,,,,,,
26,,18179,0.055756956338882446,0.030782345682382584,0.1537003219127655,0.0009368910104967654,0.025469407439231873,0.007062963210046291,0.12167877703905106,0.006118628662079573,0.07592421025037766,0.02901693806052208,0.11305828392505646,0.25286558270454407,0.0005630058003589511,2.0509438514709473,0.05246200039982796,,,,,,,,,,,,,,,
,0.00020018986891476846,18189,,,,,,,,,,,,,,,,,,,,,,,,,,,,,,
26,,18189,0.027951553463935852,0.016070639714598656,0.15493462979793549,0.002480678725987673,0.034506093710660934,0.004582798108458519,0.12085168063640594,0.007718281354755163,0.12301608920097351,0.03620591387152672,0.12863722443580627,0.30293089151382446,0.0030847315210849047,2.0582377910614014,0.09152495861053467,,,,,,,,,,,,,,,
,0.00020006735285575222,18199,,,,,,,,,,,,,,,,,,,,,,,,,,,,,,
26,,18199,0.04092346876859665,0.04711143672466278,0.17869794368743896,0.0007404989446513355,0.027889756485819817,0.00714392913505435,0.14394532144069672,0.005261291284114122,0.06124189496040344,0.020922573283314705,0.1305718570947647,0.257371723651886,0.00042134575778618455,2.1084017753601074,0.07002504914999008,,,,,,,,,,,,,,,
,0.00019994479919651427,18209,,,,,,,,,,,,,,,,,,,,,,,,,,,,,,
26,,18209,0.055967576801776886,0.02586177922785282,0.19281436502933502,0.0032621182035654783,0.04315295070409775,0.008874786086380482,0.13419213891029358,0.010699519887566566,0.12451276183128357,0.0316476970911026,0.143729105591774,0.3463573753833771,0.0004575303173623979,2.0829670429229736,0.09661993384361267,,,,,,,,,,,,,,,
,0.00019982220802909154,18219,,,,,,,,,,,,,,,,,,,,,,,,,,,,,,
26,,18219,0.07782789319753647,0.04653216153383255,0.36924833059310913,0.0013360821176320314,0.057738665491342545,0.009885873645544052,0.23530946671962738,0.012036914937198162,0.14618588984012604,0.051875803619623184,0.1946241408586502,0.4983777701854706,0.001463056425563991,2.0905234813690186,0.14714466035366058,,,,,,,,,,,,,,,
,0.00019969957944554912,18229,,,,,,,,,,,,,,,,,,,,,,,,,,,,,,
26,,18229,0.06569711118936539,0.018797053024172783,0.207254096865654,0.0006027474300935864,0.05182190611958504,0.019456930458545685,0.14860273897647858,0.007474031765013933,0.11242327839136124,0.04530797898769379,0.1688872128725052,0.3542916178703308,0.0005277140298858285,2.0813539028167725,0.10103976726531982,,,,,,,,,,,,,,,
,0.00019957691353798015,18239,,,,,,,,,,,,,,,,,,,,,,,,,,,,,,
26,,18239,0.05421488359570503,0.02107665129005909,0.28299278020858765,0.005601138807833195,0.06798835843801498,0.00935412012040615,0.180840864777565,0.017862088978290558,0.1160426065325737,0.04706716164946556,0.17025238275527954,0.41124117374420166,0.0017933708149939775,2.0602564811706543,0.13837026059627533,,,,,,,,,,,,,,,
,0.00019945421039850591,18249,,,,,,,,,,,,,,,,,,,,,,,,,,,,,,
26,,18249,0.07271326333284378,0.022685492411255836,0.18858174979686737,0.0016197506338357925,0.036308370530605316,0.015090934000909328,0.11964593082666397,0.013165488839149475,0.10936557501554489,0.03779228404164314,0.12969227135181427,0.3233824670314789,0.0002740033087320626,2.09507155418396,0.06270310282707214,,,,,,,,,,,,,,,
,0.0001993314701192755,18259,,,,,,,,,,,,,,,,,,,,,,,,,,,,,,
26,,18259,0.03195905312895775,0.02765076979994774,0.2597479224205017,0.0006833517109043896,0.029086992144584656,0.0087361428886652,0.1397578865289688,0.005443883128464222,0.07233638316392899,0.022320611402392387,0.13049252331256866,0.2802046835422516,0.0007528502028435469,2.058201551437378,0.06666040420532227,,,,,,,,,,,,,,,
,0.000199208692792466,18269,,,,,,,,,,,,,,,,,,,,,,,,,,,,,,
26,,18269,0.07596944272518158,0.026680275797843933,0.19764304161071777,0.0005089548067189753,0.04608219116926193,0.009766108356416225,0.12720370292663574,0.012585850432515144,0.11568605899810791,0.046156540513038635,0.15042588114738464,0.3514759838581085,0.0020268026273697615,2.089594841003418,0.09168462455272675,,,,,,,,,,,,,,,
,0.0001990858785102824,18279,,,,,,,,,,,,,,,,,,,,,,,,,,,,,,
26,,18279,0.043621230870485306,0.011152345687150955,0.16289913654327393,0.0018400324042886496,0.04111240431666374,0.01428858283907175,0.09187866002321243,0.01075027696788311,0.13550838828086853,0.04358915984630585,0.14620786905288696,0.3274940252304077,0.0006018179701641202,2.0600411891937256,0.0916006937623024,,,,,,,,,,,,,,,
,0.0001989630273649572,18289,,,,,,,,,,,,,,,,,,,,,,,,,,,,,,
26,,18289,0.03499113395810127,0.029473911970853806,0.23260298371315002,0.002306165173649788,0.04317083954811096,0.008246404118835926,0.17540064454078674,0.006570626515895128,0.07176047563552856,0.03603065386414528,0.1506984531879425,0.30136072635650635,0.0009291355963796377,2.09544038772583,0.08805987238883972,,,,,,,,,,,,,,,
,0.00019884013944875085,18299,,,,,,,,,,,,,,,,,,,,,,,,,,,,,,
26,,18299,0.03542883321642876,0.01712406426668167,0.18170538544654846,0.0008021721732802689,0.033410485833883286,0.004729335196316242,0.10061958432197571,0.006126808002591133,0.04784315451979637,0.05314762517809868,0.15135255455970764,0.2363007366657257,0.0003056999412365258,2.0706987380981445,0.09344132244586945,,,,,,,,,,,,,,,
,0.00019871721485395123,18309,,,,,,,,,,,,,,,,,,,,,,,,,,,,,,
26,,18309,0.0448140911757946,0.047907255589962006,0.23263247311115265,0.0007040900527499616,0.041586101055145264,0.023079508915543556,0.18170727789402008,0.005245452746748924,0.077396921813488,0.04440120607614517,0.15433132648468018,0.3235856890678406,0.00017238267173524946,2.082778215408325,0.07939198613166809,,,,,,,,,,,,,,,
,0.00019859425367287377,18319,,,,,,,,,,,,,,,,,,,,,,,,,,,,,,
26,,18319,0.10297340154647827,0.022907031700015068,0.2271956503391266,0.0038340375758707523,0.05319596454501152,0.015824679285287857,0.1713540107011795,0.007562942802906036,0.2039124220609665,0.046868909150362015,0.1683310568332672,0.48105165362358093,0.0008041355176828802,2.0529825687408447,0.10461171716451645,,,,,,,,,,,,,,,
,0.00019847125599786156,18329,,,,,,,,,,,,,,,,,,,,,,,,,,,,,,
26,,18329,0.05789470300078392,0.032121315598487854,0.19534389674663544,0.002257958985865116,0.02242947369813919,0.013944201171398163,0.1454748958349228,0.011198439635336399,0.07750668376684189,0.0325564481317997,0.1459510326385498,0.28912314772605896,0.0009231616859324276,2.0777206420898438,0.04605327546596527,,,,,,,,,,,,,,,
,0.00019834822192128483,18339,,,,,,,,,,,,,,,,,,,,,,,,,,,,,,
26,,18339,0.0377335250377655,0.0394115187227726,0.24292512238025665,0.0037774236407130957,0.022703664377331734,0.008122174069285393,0.17193616926670074,0.004860697779804468,0.0707707330584526,0.03141867741942406,0.14053983986377716,0.2987344264984131,0.006006676238030195,2.0764260292053223,0.06756053864955902,,,,,,,,,,,,,,,
,0.00019822515153554134,18349,,,,,,,,,,,,,,,,,,,,,,,,,,,,,,
26,,18349,0.06126308813691139,0.018106672912836075,0.17036671936511993,0.0012710927985608578,0.03995153307914734,0.012341423891484737,0.12164389342069626,0.007974241860210896,0.09329294413328171,0.039109859615564346,0.13620497286319733,0.2972981035709381,0.00022086880926508456,2.103214740753174,0.08625896275043488,,,,,,,,,,,,,,,
,0.00019810204493305616,18359,,,,,,,,,,,,,,,,,,,,,,,,,,,,,,
26,,18359,0.02937360852956772,0.024446438997983932,0.22347059845924377,0.002952284412458539,0.04915010929107666,0.02645180933177471,0.1560700386762619,0.0059472788125276566,0.0754622370004654,0.0384674109518528,0.16119103133678436,0.3061225712299347,0.0005877697258256376,2.06667160987854,0.09042385220527649,,,,,,,,,,,,,,,
,0.00019797890220628133,18369,,,,,,,,,,,,,,,,,,,,,,,,,,,,,,
26,,18369,0.0265234112739563,0.030229739844799042,0.2908461391925812,0.006068922113627195,0.035770662128925323,0.002908796537667513,0.12256704270839691,0.0031660734675824642,0.029485013335943222,0.02517838403582573,0.16264304518699646,0.26334261894226074,0.0037088259123265743,2.0505306720733643,0.10320714861154556,,,,,,,,,,,,,,,
,0.00019785572344769626,18379,,,,,,,,,,,,,,,,,,,,,,,,,,,,,,
26,,18379,0.06868164986371994,0.038609229028224945,0.2303594946861267,0.0010516495676711202,0.04125307872891426,0.018877020105719566,0.16571691632270813,0.007817639037966728,0.09663228690624237,0.054554328322410583,0.16530165076255798,0.35184842348098755,0.0005702749476768076,2.0979344844818115,0.081532321870327,,,,,,,,,,,,,,,
,0.00019773250874980717,18389,,,,,,,,,,,,,,,,,,,,,,,,,,,,,,
26,,18389,0.038092516362667084,0.04360438138246536,0.22138440608978271,0.0017989157931879163,0.025726133957505226,0.009593191556632519,0.13470515608787537,0.005034306086599827,0.05917775630950928,0.041752126067876816,0.1569298654794693,0.27669745683670044,0.0010863448260352015,2.0544981956481934,0.08047868311405182,,,,,,,,,,,,,,,
,0.0001976092582051476,18399,,,,,,,,,,,,,,,,,,,,,,,,,,,,,,
26,,18399,0.04638954624533653,0.036893486976623535,0.2957971692085266,0.0020358040928840637,0.07363182306289673,0.007120900321751833,0.17166084051132202,0.004729302600026131,0.14599202573299408,0.039271850138902664,0.18784824013710022,0.43909192085266113,0.003370999824255705,2.098979949951172,0.15976151823997498,,,,,,,,,,,,,,,
,0.00019748597190627764,18409,,,,,,,,,,,,,,,,,,,,,,,,,,,,,,
26,,18409,0.035301316529512405,0.06862609833478928,0.3175089359283447,0.00451589236035943,0.03959369659423828,0.006914231460541487,0.23188480734825134,0.0078033446334302425,0.05621354654431343,0.038357604295015335,0.18841701745986938,0.351657897233963,0.0005101049318909645,2.0665154457092285,0.09165821969509125,,,,,,,,,,,,,,,
,0.0001973626499457845,18419,,,,,,,,,,,,,,,,,,,,,,,,,,,,,,
26,,18419,0.05260159820318222,0.021217282861471176,0.23927737772464752,0.0010954398894682527,0.03029329515993595,0.010663473047316074,0.13682973384857178,0.004436742514371872,0.0787486806511879,0.034200217574834824,0.16008365154266357,0.30095812678337097,0.003807020839303732,2.0832602977752686,0.07346677035093307,,,,,,,,,,,,,,,
,0.0001972392924162821,18429,,,,,,,,,,,,,,,,,,,,,,,,,,,,,,
26,,18429,0.03875578194856644,0.0321272574365139,0.22223490476608276,0.002973729046061635,0.034287746995687485,0.0050905183888971806,0.13064725697040558,0.006651695817708969,0.058180779218673706,0.041363246738910675,0.14441290497779846,0.2744152545928955,0.004166059661656618,2.112567901611328,0.08225889503955841,,,,,,,,,,,,,,,
,0.00019711589941041104,18439,,,,,,,,,,,,,,,,,,,,,,,,,,,,,,
26,,18439,0.05526258796453476,0.03164747729897499,0.2051154375076294,0.003775673685595393,0.0349043533205986,0.009501641616225243,0.14221857488155365,0.017560768872499466,0.07746028155088425,0.03397335484623909,0.15153385698795319,0.3132898509502411,0.0006216031033545732,2.0948917865753174,0.09204089641571045,,,,,,,,,,,,,,,
,0.00019699247102083852,18449,,,,,,,,,,,,,,,,,,,,,,,,,,,,,,
26,,18449,0.04755592718720436,0.03556397557258606,0.2480131983757019,0.0013726515462622046,0.03871691972017288,0.006773452274501324,0.15369534492492676,0.01057657040655613,0.09275862574577332,0.025845112279057503,0.14174191653728485,0.326620876789093,0.0007833892595954239,2.072472095489502,0.08335718512535095,,,,,,,,,,,,,,,
,0.0001968690073402585,18459,,,,,,,,,,,,,,,,,,,,,,,,,,,,,,
26,,18459,0.03851032629609108,0.018025780096650124,0.17301204800605774,0.0008959571132436395,0.023410238325595856,0.010626932606101036,0.09649097174406052,0.004000332672148943,0.04377390071749687,0.04518795385956764,0.11552850157022476,0.2123657613992691,0.0021598152816295624,2.086914300918579,0.05997996777296066,,,,,,,,,,,,,,,
,0.0001967455084613912,18469,,,,,,,,,,,,,,,,,,,,,,,,,,,,,,
26,,18469,0.07364287972450256,0.04607171192765236,0.27847859263420105,0.00038270739605650306,0.039451830089092255,0.01940017007291317,0.1459130495786667,0.007998357526957989,0.06498322635889053,0.037792451679706573,0.1742103397846222,0.33861035108566284,0.00035647876211442053,2.0796329975128174,0.09847881644964218,,,,,,,,,,,,,,,
,0.00019662197447698341,18479,,,,,,,,,,,,,,,,,,,,,,,,,,,,,,
26,,18479,0.02981230802834034,0.024147655814886093,0.24189046025276184,0.0007470877026207745,0.03531999886035919,0.00695087481290102,0.12752996385097504,0.006644171662628651,0.05603281781077385,0.036201611161231995,0.1408211886882782,0.26287031173706055,0.0013627008302137256,2.09210467338562,0.07722924649715424,,,,,,,,,,,,,,,
,0.00019649840547980834,18489,,,,,,,,,,,,,,,,,,,,,,,,,,,,,,
26,,18489,0.03870798647403717,0.03721245378255844,0.31211718916893005,0.0035981067921966314,0.04463670775294304,0.009677300229668617,0.16503258049488068,0.005761235021054745,0.07147641479969025,0.044701192528009415,0.1627061516046524,0.33967727422714233,0.0010330640943720937,2.070573329925537,0.11143980175256729,,,,,,,,,,,,,,,
,0.0001963748015626653,18499,,,,,,,,,,,,,,,,,,,,,,,,,,,,,,
26,,18499,0.08219863474369049,0.020648792386054993,0.21187274158000946,0.0021389280445873737,0.04500480368733406,0.02340392768383026,0.14226165413856506,0.010853910818696022,0.11390241235494614,0.06167766824364662,0.14970074594020844,0.370726078748703,0.0001790883397916332,2.104381561279297,0.11006886512041092,,,,,,,,,,,,,,,
,0.00019625116281838002,18509,,,,,,,,,,,,,,,,,,,,,,,,,,,,,,
26,,18509,0.06729012727737427,0.013443919830024242,0.16792938113212585,0.002351252129301429,0.05096650496125221,0.004394302610307932,0.129550963640213,0.007750886492431164,0.13332146406173706,0.03399553522467613,0.13049457967281342,0.3381291925907135,0.0009134404244832695,2.0973129272460938,0.08621976524591446,,,,,,,,,,,,,,,
,0.0001961274893398043,18519,,,,,,,,,,,,,,,,,,,,,,,,,,,,,,
26,,18519,0.04978378862142563,0.030062098056077957,0.2240610420703888,0.0011710927356034517,0.05514422431588173,0.010653973557054996,0.17196476459503174,0.013391844928264618,0.12760497629642487,0.04724055156111717,0.15276935696601868,0.3839336931705475,0.0012080270098522305,2.080780506134033,0.12226185202598572,,,,,,,,,,,,,,,
,0.00019600378121981604,18529,,,,,,,,,,,,,,,,,,,,,,,,,,,,,,
26,,18529,0.06675150990486145,0.02399640530347824,0.19127695262432098,0.0015077883144840598,0.047568418085575104,0.00633695162832737,0.12221688777208328,0.016066234558820724,0.09539996087551117,0.07533108443021774,0.13727611303329468,0.3318770229816437,0.005528897512704134,2.084045171737671,0.09549016505479813,,,,,,,,,,,,,,,
,0.00019588003855131912,18539,,,,,,,,,,,,,,,,,,,,,,,,,,,,,,
26,,18539,0.045170485973358154,0.06139907240867615,0.3295886814594269,0.005790197290480137,0.0496208481490612,0.004363544750958681,0.2257007360458374,0.010073337703943253,0.09679505228996277,0.02273927628993988,0.15444479882717133,0.3869929313659668,0.0004469750274438411,2.0852668285369873,0.07517947256565094,,,,,,,,,,,,,,,
,0.00019575626142724343,18549,,,,,,,,,,,,,,,,,,,,,,,,,,,,,,
26,,18549,0.0537690706551075,0.020863907411694527,0.24093937873840332,0.001199753605760634,0.04856112226843834,0.011300088837742805,0.12848645448684692,0.010674085468053818,0.07299058139324188,0.05709155276417732,0.15966227650642395,0.3129446506500244,0.0006526707438752055,2.0916669368743896,0.09835842996835709,,,,,,,,,,,,,,,
,0.00019563244994054465,18559,,,,,,,,,,,,,,,,,,,,,,,,,,,,,,
26,,18559,0.05204391106963158,0.027006100863218307,0.24642319977283478,0.004894371144473553,0.039543453603982925,0.008267437107861042,0.14829318225383759,0.011148141697049141,0.08820314705371857,0.04640218988060951,0.1675618290901184,0.3401508033275604,0.0013708806363865733,2.0853536128997803,0.10739102214574814,,,,,,,,,,,,,,,
,0.00019550860418420432,18569,,,,,,,,,,,,,,,,,,,,,,,,,,,,,,
26,,18569,0.04211439937353134,0.0435376837849617,0.23851098120212555,0.0019377459539100528,0.05160346254706383,0.008820302784442902,0.17107665538787842,0.00875441450625658,0.06106667220592499,0.05466611310839653,0.16961166262626648,0.31890442967414856,0.004625989589840174,2.059551954269409,0.10097204893827438,,,,,,,,,,,,,,,
,0.0001953847242512298,18579,,,,,,,,,,,,,,,,,,,,,,,,,,,,,,
26,,18579,0.05628190562129021,0.04525774344801903,0.21435879170894623,0.0026666552294045687,0.04214948043227196,0.009909560903906822,0.1940339207649231,0.0076578413136303425,0.09764333814382553,0.02299797162413597,0.1332162618637085,0.3351801931858063,0.001154360012151301,2.0672571659088135,0.07137572020292282,,,,,,,,,,,,,,,
,0.00019526081023465386,18589,,,,,,,,,,,,,,,,,,,,,,,,,,,,,,
26,,18589,0.03690928965806961,0.011858072131872177,0.19111314415931702,0.0018179137259721756,0.03045121766626835,0.011091780848801136,0.09072098135948181,0.006679116748273373,0.07227488607168198,0.03467997908592224,0.1307663470506668,0.25093910098075867,0.0031512128189206123,2.0858476161956787,0.06429983675479889,,,,,,,,,,,,,,,
,0.0001951368622275352,18599,,,,,,,,,,,,,,,,,,,,,,,,,,,,,,
26,,18599,0.03918244317173958,0.03985974192619324,0.2253675013780594,0.0018500247970223427,0.030400235205888748,0.013257121667265892,0.14421309530735016,0.009359637275338173,0.07206518948078156,0.04691475257277489,0.13862107694149017,0.3010036051273346,0.0031399971339851618,2.0913357734680176,0.08800018578767776,,,,,,,,,,,,,,,
,0.0001950128803229578,18609,,,,,,,,,,,,,,,,,,,,,,,,,,,,,,
26,,18609,0.04443160444498062,0.029754383489489555,0.17514868080615997,0.0002704659418668598,0.024761613458395004,0.006805755198001862,0.10738277435302734,0.006479986943304539,0.06919645518064499,0.03372301533818245,0.13486970961093903,0.2555032968521118,0.0009597925236448646,2.0866737365722656,0.07821018248796463,,,,,,,,,,,,,,,
,0.00019488886461403122,18619,,,,,,,,,,,,,,,,,,,,,,,,,,,,,,
26,,18619,0.026356425136327744,0.019430844113230705,0.1825101375579834,0.0017746916273608804,0.03085116297006607,0.006133340764790773,0.10913123190402985,0.0057961177080869675,0.05261021852493286,0.03208145871758461,0.14456085860729218,0.23388922214508057,0.001118999207392335,2.093707323074341,0.08366306126117706,,,,,,,,,,,,,,,
,0.0001947648151938903,18629,,,,,,,,,,,,,,,,,,,,,,,,,,,,,,
26,,18629,0.03670861944556236,0.016069097444415092,0.21823902428150177,0.004294252954423428,0.03267936035990715,0.005216334946453571,0.10058335959911346,0.009277384728193283,0.08684199303388596,0.030039645731449127,0.16619209945201874,0.29533544182777405,0.0033611224498599768,2.0884151458740234,0.09212952852249146,,,,,,,,,,,,,,,
,0.00019464073215569533,18639,,,,,,,,,,,,,,,,,,,,,,,,,,,,,,
26,,18639,0.0426996648311615,0.05224919691681862,0.25122904777526855,0.0014645273331552744,0.04491531103849411,0.008397971279919147,0.1707795113325119,0.0034129468258470297,0.07057739794254303,0.043816786259412766,0.17097030580043793,0.319722056388855,0.0007258129771798849,2.07944917678833,0.09011299163103104,,,,,,,,,,,,,,,
,0.0001945166155926317,18649,,,,,,,,,,,,,,,,,,,,,,,,,,,,,,
26,,18649,0.03565550222992897,0.0203267689794302,0.3037976622581482,0.0010459430050104856,0.03817441686987877,0.006607965566217899,0.14060446619987488,0.007763510569930077,0.044985581189394,0.022910164669156075,0.15425653755664825,0.2807583510875702,0.0005481764092110097,2.0764148235321045,0.09010279923677444,,,,,,,,,,,,,,,
,0.0001943924655979102,18659,,,,,,,,,,,,,,,,,,,,,,,,,,,,,,
26,,18659,0.03727700561285019,0.01975986547768116,0.24451948702335358,0.0022910914849489927,0.03082520328462124,0.009995866566896439,0.11961113661527634,0.007280287332832813,0.056129470467567444,0.051052242517471313,0.18042759597301483,0.2780577838420868,0.0014477765653282404,2.0707809925079346,0.08220143616199493,,,,,,,,,,,,,,,
,0.00019426828226476643,18669,,,,,,,,,,,,,,,,,,,,,,,,,,,,,,
26,,18669,0.06783003360033035,0.019355863332748413,0.21304455399513245,0.0025345920585095882,0.044090140610933304,0.01131844986230135,0.12986868619918823,0.01291676890105009,0.09978312253952026,0.042330000549554825,0.17102953791618347,0.3411109447479248,0.0027743675746023655,2.085955858230591,0.09275670349597931,,,,,,,,,,,,,,,
,0.00019414406568646122,18679,,,,,,,,,,,,,,,,,,,,,,,,,,,,,,
26,,18679,0.017804943025112152,0.05059231445193291,0.3553301692008972,0.0014593859668821096,0.040097810328006744,0.008762935176491737,0.19337280094623566,0.003271929221227765,0.040906187146902084,0.025148559361696243,0.18469999730587006,0.3194122016429901,0.0029271566309034824,2.1062214374542236,0.10549212992191315,,,,,,,,,,,,,,,
,0.00019401981595628038,18689,,,,,,,,,,,,,,,,,,,,,,,,,,,,,,
26,,18689,0.06596717983484268,0.01578003354370594,0.1932922899723053,0.0017849684227257967,0.03181220591068268,0.016185270622372627,0.13055670261383057,0.006211015861481428,0.07022980600595474,0.0388202928006649,0.12186940759420395,0.2781262993812561,0.0015980290481820703,2.0801196098327637,0.07379133999347687,,,,,,,,,,,,,,,
,0.00019389553316753445,18699,,,,,,,,,,,,,,,,,,,,,,,,,,,,,,
26,,18699,0.07755006849765778,0.01885107159614563,0.24572134017944336,0.001680030021816492,0.05693380907177925,0.009831425733864307,0.15548236668109894,0.010090585798025131,0.20271050930023193,0.03141167014837265,0.17584408819675446,0.4672558307647705,0.001967692282050848,2.0948002338409424,0.10958284884691238,,,,,,,,,,,,,,,
,0.00019377121741355908,18709,,,,,,,,,,,,,,,,,,,,,,,,,,,,,,
26,,18709,0.08285245299339294,0.023391427472233772,0.2026403695344925,0.001460694707930088,0.04071711748838425,0.016423549503087997,0.15487098693847656,0.011205077171325684,0.1347583830356598,0.03580036386847496,0.1466788649559021,0.38035091757774353,0.0008850082522258162,2.099868059158325,0.09550740569829941,,,,,,,,,,,,,,,
,0.0001936468687877144,18719,,,,,,,,,,,,,,,,,,,,,,,,,,,,,,
26,,18719,0.06382221728563309,0.029233418405056,0.21989846229553223,0.0011084293946623802,0.05750088766217232,0.01305785309523344,0.167463481426239,0.011870060116052628,0.14364416897296906,0.06555991619825363,0.15432040393352509,0.4090743362903595,0.0011843735119327903,2.0622432231903076,0.12741734087467194,,,,,,,,,,,,,,,
,0.0001935224873833853,18729,,,,,,,,,,,,,,,,,,,,,,,,,,,,,,
26,,18729,0.030427485704421997,0.03602801263332367,0.3014985918998718,0.0021376207005232573,0.0436418280005455,0.007000992074608803,0.1763632446527481,0.00842413678765297,0.06576965004205704,0.019829727709293365,0.17693640291690826,0.32652148604393005,0.0012509118532761931,2.0857300758361816,0.10667053610086441,,,,,,,,,,,,,,,
,0.00019339807329398143,18739,,,,,,,,,,,,,,,,,,,,,,,,,,,,,,
26,,18739,0.046280067414045334,0.027546897530555725,0.2870160639286041,0.000927675690036267,0.04470274969935417,0.005850489716976881,0.14553624391555786,0.010408069007098675,0.06690080463886261,0.04182600602507591,0.18977481126785278,0.33935675024986267,0.004517059773206711,2.100921154022217,0.13875220715999603,,,,,,,,,,,,,,,
,0.00019327362661293677,18749,,,,,,,,,,,,,,,,,,,,,,,,,,,,,,
26,,18749,0.035082872956991196,0.01295910682529211,0.16595298051834106,0.0007963576936163008,0.03603963553905487,0.007540247868746519,0.0970582365989685,0.004805516451597214,0.08721419423818588,0.04262477159500122,0.13522100448608398,0.26008978486061096,0.001523400191217661,2.0963175296783447,0.07585608214139938,,,,,,,,,,,,,,,
,0.00019314914743370992,18759,,,,,,,,,,,,,,,,,,,,,,,,,,,,,,
26,,18759,0.05123625695705414,0.06656265258789062,0.21436582505702972,0.0021664020605385303,0.044899024069309235,0.0105643505230546,0.164600670337677,0.010068859905004501,0.09002774953842163,0.041095539927482605,0.14572644233703613,0.3410104215145111,0.0005640038871206343,2.0550975799560547,0.09554583579301834,,,,,,,,,,,,,,,
26,,18764,,,,,,,,,,,,,,,,0.1839170902967453,0.03813434764742851,0.27492496371269226,0.008481633849442005,0.06332101672887802,0.0020159794948995113,0.15094642341136932,0.018974462524056435,0.187166228890419,0.07145356386899948,0.19078536331653595,0.5636742115020752,0.013067228719592094,2.0866265296936035,0.14281663298606873
,0.0001930246358497839,18769,,,,,,,,,,,,,,,,,,,,,,,,,,,,,,
27,,18769,0.04734361544251442,0.019848763942718506,0.22110684216022491,0.0009385623852722347,0.031115006655454636,0.012914751656353474,0.12976966798305511,0.009836515411734581,0.07295235246419907,0.016883019357919693,0.1585785150527954,0.2923874258995056,0.002901581348851323,2.0890653133392334,0.08962787687778473,,,,,,,,,,,,,,,
,0.00019290009195466594,18779,,,,,,,,,,,,,,,,,,,,,,,,,,,,,,
27,,18779,0.03966613486409187,0.0432022325694561,0.22946588695049286,0.0022102564107626677,0.043789975345134735,0.00808916985988617,0.14081569015979767,0.0073849959298968315,0.06714709103107452,0.04276568442583084,0.1568732112646103,0.30397239327430725,0.0010003600036725402,2.1339049339294434,0.10763480514287949,,,,,,,,,,,,,,,
,0.00019277551584188763,18789,,,,,,,,,,,,,,,,,,,,,,,,,,,,,,
27,,18789,0.03901392221450806,0.019053446128964424,0.19321556389331818,0.0035606115125119686,0.04312412068247795,0.008171125315129757,0.12346459925174713,0.011475926265120506,0.08176152408123016,0.03621480613946915,0.1635051667690277,0.2946651875972748,0.0008716933662071824,2.080517292022705,0.09345477819442749,,,,,,,,,,,,,,,
,0.00019265090760500476,18799,,,,,,,,,,,,,,,,,,,,,,,,,,,,,,
27,,18799,0.0595887191593647,0.020622234791517258,0.1924305260181427,0.0020041929092258215,0.027903929352760315,0.008006792515516281,0.13043925166130066,0.0046974229626357555,0.059658512473106384,0.02531970478594303,0.13842131197452545,0.2584433853626251,0.0007145683048292994,2.0715818405151367,0.06841618567705154,,,,,,,,,,,,,,,
,0.00019252626733759717,18809,,,,,,,,,,,,,,,,,,,,,,,,,,,,,,
27,,18809,0.03149875998497009,0.014118949882686138,0.16471992433071136,0.0017551234923303127,0.03667625039815903,0.00848100334405899,0.10251709818840027,0.004199441522359848,0.06718143075704575,0.0436742827296257,0.14115959405899048,0.24865153431892395,0.002592721488326788,2.0996615886688232,0.0942932665348053,,,,,,,,,,,,,,,
,0.00019240159513326884,18819,,,,,,,,,,,,,,,,,,,,,,,,,,,,,,
27,,18819,0.03511809930205345,0.025235703215003014,0.2297109216451645,0.0019847697112709284,0.033257704228162766,0.01583515852689743,0.14439581334590912,0.007147203199565411,0.06945441663265228,0.029204122722148895,0.1441187709569931,0.29440516233444214,0.005255504511296749,2.092550754547119,0.09487102925777435,,,,,,,,,,,,,,,
,0.00019227689108564767,18829,,,,,,,,,,,,,,,,,,,,,,,,,,,,,,
27,,18829,0.03240272030234337,0.04070873185992241,0.24490268528461456,0.0035548252053558826,0.03660043329000473,0.01396016776561737,0.1613602340221405,0.009826752357184887,0.07746273279190063,0.04026469588279724,0.14315588772296906,0.31450310349464417,0.0033703832887113094,2.0690367221832275,0.07730533182621002,,,,,,,,,,,,,,,
,0.00019215215528838554,18839,,,,,,,,,,,,,,,,,,,,,,,,,,,,,,
27,,18839,0.022779732942581177,0.05899467319250107,0.2940807044506073,0.001506878063082695,0.06560076028108597,0.012536419555544853,0.16474536061286926,0.00645248219370842,0.04426189512014389,0.039165377616882324,0.17708629369735718,0.3210594356060028,0.0011126158060505986,2.093050718307495,0.13122273981571198,,,,,,,,,,,,,,,
,0.0001920273878351581,18849,,,,,,,,,,,,,,,,,,,,,,,,,,,,,,
27,,18849,0.05513913556933403,0.026471661403775215,0.2116919606924057,0.002195844193920493,0.03227399289608002,0.01888137124478817,0.1145218014717102,0.00646218191832304,0.06313078850507736,0.02876495011150837,0.13178271055221558,0.27675411105155945,0.0009002517908811569,2.114232063293457,0.08529431372880936,,,,,,,,,,,,,,,
,0.00019190258881966488,18859,,,,,,,,,,,,,,,,,,,,,,,,,,,,,,
27,,18859,0.03638525307178497,0.036517754197120667,0.2467910647392273,0.005731124430894852,0.05076264590024948,0.006152299698442221,0.13258561491966248,0.005369086749851704,0.07167231291532516,0.036336034536361694,0.16360442340373993,0.32074594497680664,0.010062800720334053,2.0727384090423584,0.11329685896635056,,,,,,,,,,,,,,,
,0.00019177775833562898,18869,,,,,,,,,,,,,,,,,,,,,,,,,,,,,,
27,,18869,0.03618500009179115,0.03803876414895058,0.17645469307899475,0.0017869322327896953,0.02772231586277485,0.005417991429567337,0.13706962764263153,0.009222288616001606,0.07170941680669785,0.04750659316778183,0.13846608996391296,0.26767897605895996,0.0017008587019518018,2.076596975326538,0.060962893068790436,,,,,,,,,,,,,,,
,0.00019165289647679718,18879,,,,,,,,,,,,,,,,,,,,,,,,,,,,,,
27,,18879,0.04725027084350586,0.016796225681900978,0.17351002991199493,0.00022639000962954015,0.023794811218976974,0.0064986832439899445,0.1091838926076889,0.004984294064342976,0.061197709292173386,0.029429443180561066,0.13388139009475708,0.23263241350650787,0.0003854099486488849,2.083940267562866,0.05252409726381302,,,,,,,,,,,,,,,
,0.00019152800333693988,18889,,,,,,,,,,,,,,,,,,,,,,,,,,,,,,
27,,18889,0.04102674126625061,0.01355833001434803,0.1370653361082077,0.0006750800530426204,0.034622713923454285,0.008832653984427452,0.10498718172311783,0.01132821012288332,0.08612925559282303,0.035057708621025085,0.13680768013000488,0.2608216404914856,0.004177856724709272,2.1039578914642334,0.06505320221185684,,,,,,,,,,,,,,,
,0.00019140307900985095,18899,,,,,,,,,,,,,,,,,,,,,,,,,,,,,,
27,,18899,0.04642118513584137,0.022193318232893944,0.14922590553760529,0.001358276465907693,0.019022483378648758,0.006583714857697487,0.10365505516529083,0.0058992765843868256,0.06907124072313309,0.02936409041285515,0.12072938680648804,0.2293493151664734,0.000521013920661062,2.104172706604004,0.043773625046014786,,,,,,,,,,,,,,,
,0.00019127812358934754,18909,,,,,,,,,,,,,,,,,,,,,,,,,,,,,,
27,,18909,0.041831742972135544,0.02072378620505333,0.26800838112831116,0.00427886052057147,0.04292681813240051,0.00839983206242323,0.14686286449432373,0.012293073348701,0.08359163254499435,0.04090478643774986,0.14941871166229248,0.3245452642440796,0.0030502707231789827,2.0810296535491943,0.08018900454044342,,,,,,,,,,,,,,,
,0.00019115313716927039,18919,,,,,,,,,,,,,,,,,,,,,,,,,,,,,,
27,,18919,0.03731780871748924,0.01583915576338768,0.3148480951786041,0.0014460461679846048,0.03583776578307152,0.014334741048514843,0.1438702791929245,0.006181139033287764,0.054184336215257645,0.04545668885111809,0.17772987484931946,0.31709742546081543,0.00036988244391977787,2.0844805240631104,0.13669386506080627,,,,,,,,,,,,,,,
,0.00019102811984348338,18929,,,,,,,,,,,,,,,,,,,,,,,,,,,,,,
27,,18929,0.03367000073194504,0.023876862600445747,0.2098044753074646,0.0015249174321070313,0.047454748302698135,0.00603759940713644,0.11140093952417374,0.008149923756718636,0.07447437196969986,0.0327741801738739,0.16049398481845856,0.2812235355377197,0.001975066028535366,2.0863568782806396,0.08674850314855576,,,,,,,,,,,,,,,
,0.0001909030717058736,18939,,,,,,,,,,,,,,,,,,,,,,,,,,,,,,
27,,18939,0.03739989921450615,0.011091199703514576,0.19419468939304352,0.0003702751128003001,0.033044494688510895,0.005067893769592047,0.08489201962947845,0.0053445082157850266,0.093024842441082,0.04314899444580078,0.14381854236125946,0.28138086199760437,0.00021328187722247094,2.109161615371704,0.11259665340185165,,,,,,,,,,,,,,,
,0.00019077799285035132,18949,,,,,,,,,,,,,,,,,,,,,,,,,,,,,,
27,,18949,0.02331414259970188,0.04760751128196716,0.2608933746814728,0.00045097176916897297,0.02983253076672554,0.00573729956522584,0.14893285930156708,0.003990395925939083,0.0361446887254715,0.011912676505744457,0.14961552619934082,0.25396865606307983,0.0009966051438823342,2.051598072052002,0.08049292862415314,,,,,,,,,,,,,,,
,0.00019065288337084986,18959,,,,,,,,,,,,,,,,,,,,,,,,,,,,,,
27,,18959,0.05612120032310486,0.022200388833880424,0.23902484774589539,0.0017882254905998707,0.0407000370323658,0.012268139980733395,0.1305195391178131,0.009001314640045166,0.08465082198381424,0.03006231226027012,0.14251209795475006,0.3094232380390167,0.0011850560549646616,2.078287363052368,0.0739961788058281,,,,,,,,,,,,,,,
,0.00019052774336132553,18969,,,,,,,,,,,,,,,,,,,,,,,,,,,,,,
27,,18969,0.05287640541791916,0.045601509511470795,0.2735568881034851,0.002861498622223735,0.03629506379365921,0.0057341973297297955,0.16728463768959045,0.003110483754426241,0.06339295953512192,0.03768954798579216,0.16589340567588806,0.32201504707336426,0.0023550251498818398,2.110431671142578,0.10318353027105331,,,,,,,,,,,,,,,
,0.00019040257291575758,18979,,,,,,,,,,,,,,,,,,,,,,,,,,,,,,
27,,18979,0.02322116121649742,0.02725808136165142,0.20203368365764618,0.006247955374419689,0.03502460941672325,0.008357993327081203,0.13333962857723236,0.004519294947385788,0.06887073814868927,0.0419219546020031,0.14839476346969604,0.2719183564186096,0.003040892072021961,2.0671961307525635,0.079594187438488,,,,,,,,,,,,,,,
,0.00019027737212814807,18989,,,,,,,,,,,,,,,,,,,,,,,,,,,,,,
27,,18989,0.05555294454097748,0.028368785977363586,0.17325083911418915,0.0006479635485447943,0.03431602939963341,0.007394773885607719,0.11968651413917542,0.005976570770144463,0.07537417113780975,0.0330672413110733,0.15044912695884705,0.276073157787323,0.0006621357752010226,2.084228754043579,0.08355047553777695,,,,,,,,,,,,,,,
,0.00019015214109252196,18999,,,,,,,,,,,,,,,,,,,,,,,,,,,,,,
27,,18999,0.0418112613260746,0.017286954447627068,0.15146182477474213,0.0022521675564348698,0.035207558423280716,0.009693248197436333,0.09785947948694229,0.009083809331059456,0.06867735087871552,0.02809526026248932,0.14039361476898193,0.2494220733642578,0.0035839255433529615,2.078643321990967,0.0738649070262909,,,,,,,,,,,,,,,
,0.0001900268799029268,19009,,,,,,,,,,,,,,,,,,,,,,,,,,,,,,
27,,19009,0.03338652849197388,0.02030320279300213,0.18831796944141388,0.0017541678389534354,0.03753601014614105,0.006344185676425695,0.10013524442911148,0.007530521601438522,0.055730678141117096,0.0392877571284771,0.13959865272045135,0.2452833354473114,0.0026001674123108387,2.080662965774536,0.08318348228931427,,,,,,,,,,,,,,,
,0.00018990158865343293,19019,,,,,,,,,,,,,,,,,,,,,,,,,,,,,,
27,,19019,0.0704139694571495,0.04659314453601837,0.2502734065055847,0.0040252236649394035,0.06283269077539444,0.005922671407461166,0.1765090674161911,0.005835620686411858,0.13211312890052795,0.03333047404885292,0.1808588206768036,0.41837871074676514,0.004480654373764992,2.0875988006591797,0.13009898364543915,,,,,,,,,,,,,,,
,0.0001897762674381331,19029,,,,,,,,,,,,,,,,,,,,,,,,,,,,,,
27,,19029,0.049255482852458954,0.012355775572359562,0.14011088013648987,0.0010177473304793239,0.033837564289569855,0.007052779663354158,0.08705808967351913,0.004634816199541092,0.0723324790596962,0.02618752419948578,0.14133144915103912,0.23931212723255157,0.0009262103703804314,2.053976058959961,0.07617609947919846,,,,,,,,,,,,,,,
,0.00018965091635114262,19039,,,,,,,,,,,,,,,,,,,,,,,,,,,,,,
27,,19039,0.031304486095905304,0.013381937518715858,0.18287837505340576,0.0016936982283368707,0.021215256303548813,0.005632416345179081,0.10400177538394928,0.008080285042524338,0.04963104426860809,0.026393799111247063,0.1529962122440338,0.22316573560237885,0.0020226144697517157,2.0561437606811523,0.05730259045958519,,,,,,,,,,,,,,,
,0.00018952553548659933,19049,,,,,,,,,,,,,,,,,,,,,,,,,,,,,,
27,,19049,0.04710803180932999,0.0194409117102623,0.2292666733264923,0.0023747903760522604,0.03984767198562622,0.007078385911881924,0.12108667939901352,0.004959931131452322,0.06749843060970306,0.03634042665362358,0.13745170831680298,0.27723509073257446,0.001304202014580369,2.05702543258667,0.08091063052415848,,,,,,,,,,,,,,,
,0.00018940012493866333,19059,,,,,,,,,,,,,,,,,,,,,,,,,,,,,,
27,,19059,0.03677696734666824,0.03690839931368828,0.2717597186565399,0.001583675155416131,0.041576165705919266,0.010009034536778927,0.18062154948711395,0.0042269108816981316,0.05887843295931816,0.049266375601291656,0.17689256370067596,0.3226999044418335,0.00958399660885334,2.1029205322265625,0.1014157086610794,,,,,,,,,,,,,,,
,0.00018927468480151697,19069,,,,,,,,,,,,,,,,,,,,,,,,,,,,,,
27,,19069,0.03175957128405571,0.03911076486110687,0.19365867972373962,0.002226166194304824,0.02648117206990719,0.007972114719450474,0.1319556087255478,0.003323403187096119,0.052215222269296646,0.02313980460166931,0.12888966500759125,0.24862878024578094,0.008838950656354427,2.064255714416504,0.06519733369350433,,,,,,,,,,,,,,,
,0.00018914921516936497,19079,,,,,,,,,,,,,,,,,,,,,,,,,,,,,,
27,,19079,0.03292691707611084,0.027322227135300636,0.25890013575553894,0.003532875794917345,0.05093823000788689,0.007327868603169918,0.14570501446723938,0.0074263205751776695,0.08786004036664963,0.06669545918703079,0.17998187243938446,0.3415833115577698,0.0034828344359993935,2.037264108657837,0.1179780513048172,,,,,,,,,,,,,,,
,0.00018902371613643408,19089,,,,,,,,,,,,,,,,,,,,,,,,,,,,,,
27,,19089,0.036140076816082,0.01790354959666729,0.1865682303905487,0.0012661932269111276,0.030282964929938316,0.01359724160283804,0.11531034111976624,0.003963855095207691,0.06021534651517868,0.03576741740107536,0.13487058877944946,0.2475680708885193,0.0004286190669517964,2.084073305130005,0.08318641036748886,,,,,,,,,,,,,,,
,0.00018889818779697326,19099,,,,,,,,,,,,,,,,,,,,,,,,,,,,,,
27,,19099,0.0590544193983078,0.01951894350349903,0.2957507371902466,0.002722386969253421,0.058769382536411285,0.010163398459553719,0.15342915058135986,0.007577949203550816,0.09564580023288727,0.04908490926027298,0.17372941970825195,0.37165454030036926,0.000630133377853781,2.084665060043335,0.1292610615491867,,,,,,,,,,,,,,,
,0.00018877263024525329,19109,,,,,,,,,,,,,,,,,,,,,,,,,,,,,,
27,,19109,0.03967297449707985,0.0454028882086277,0.24579179286956787,0.0017781411297619343,0.03067690134048462,0.01129134465008974,0.13350683450698853,0.003647800534963608,0.0556468740105629,0.04481763392686844,0.16701731085777283,0.29326528310775757,0.00018587683734949678,2.075300455093384,0.11151240020990372,,,,,,,,,,,,,,,
,0.000188647043575567,19119,,,,,,,,,,,,,,,,,,,,,,,,,,,,,,
27,,19119,0.04033983126282692,0.03830459341406822,0.20196887850761414,0.0038845499511808157,0.041424352675676346,0.00842592678964138,0.1534143090248108,0.008866464719176292,0.08534295856952667,0.03959270194172859,0.17351023852825165,0.31803712248802185,0.0017377352342009544,2.092909336090088,0.09519797563552856,,,,,,,,,,,,,,,
,0.00018852142788222909,19129,,,,,,,,,,,,,,,,,,,,,,,,,,,,,,
27,,19129,0.03960353881120682,0.017104176804423332,0.21656416356563568,0.0005284868529997766,0.03760634362697601,0.01113780215382576,0.13221976161003113,0.009857168421149254,0.0748981237411499,0.037743862718343735,0.1339220255613327,0.2835182249546051,0.0004340588056948036,2.1014158725738525,0.085720956325531,,,,,,,,,,,,,,,
,0.00018839578325957604,19139,,,,,,,,,,,,,,,,,,,,,,,,,,,,,,
27,,19139,0.06698059290647507,0.023682361468672752,0.19349701702594757,0.0008917233208194375,0.04758533462882042,0.006485015619546175,0.14212088286876678,0.01696673408150673,0.15867219865322113,0.04113275185227394,0.1421823352575302,0.3944508731365204,0.0006292150937952101,2.083178758621216,0.1033439040184021,,,,,,,,,,,,,,,
,0.0001882701098019661,19149,,,,,,,,,,,,,,,,,,,,,,,,,,,,,,
27,,19149,0.05430910736322403,0.026104960590600967,0.1996266394853592,0.004927335772663355,0.03286779671907425,0.015016583725810051,0.13667897880077362,0.006879404187202454,0.09706317633390427,0.03526976704597473,0.15734153985977173,0.3164263963699341,0.0012862064177170396,2.110041856765747,0.07377330958843231,,,,,,,,,,,,,,,
,0.00018814440760377902,19159,,,,,,,,,,,,,,,,,,,,,,,,,,,,,,
27,,19159,0.035566262900829315,0.060181546956300735,0.2629369795322418,0.006978575140237808,0.02652539685368538,0.0029495113994926214,0.1665983945131302,0.003070431761443615,0.03848151117563248,0.031663380563259125,0.16427567601203918,0.2784495949745178,0.0007754643447697163,2.0870375633239746,0.07015469670295715,,,,,,,,,,,,,,,
,0.00018801867675941636,19169,,,,,,,,,,,,,,,,,,,,,,,,,,,,,,
27,,19169,0.04843221977353096,0.019696982577443123,0.21532906591892242,0.007103632669895887,0.046999815851449966,0.015084873884916306,0.1137966588139534,0.005197971127927303,0.0703640803694725,0.03292151167988777,0.15190772712230682,0.2953830063343048,0.006095120683312416,2.056445837020874,0.08955738693475723,,,,,,,,,,,,,,,
,0.00018789291736330107,19179,,,,,,,,,,,,,,,,,,,,,,,,,,,,,,
27,,19179,0.03310356289148331,0.08916930854320526,0.31851404905319214,0.006707514636218548,0.05079144239425659,0.006804024334996939,0.21462611854076385,0.0065535567700862885,0.08844304829835892,0.05144913122057915,0.19327548146247864,0.40725481510162354,0.0038277218118309975,2.064546585083008,0.12606775760650635,,,,,,,,,,,,,,,
,0.0001877671295098775,19189,,,,,,,,,,,,,,,,,,,,,,,,,,,,,,
27,,19189,0.0341511107981205,0.015413918532431126,0.16381077468395233,0.0017252902034670115,0.053056128323078156,0.011726925149559975,0.11275143921375275,0.010433239862322807,0.11670911312103271,0.036702606827020645,0.13624851405620575,0.30940088629722595,0.0011383200762793422,2.0756421089172363,0.08980041742324829,,,,,,,,,,,,,,,
,0.00018764131329361146,19199,,,,,,,,,,,,,,,,,,,,,,,,,,,,,,
27,,19199,0.02871301770210266,0.04911598935723305,0.28437861800193787,0.00047225234447978437,0.07257995009422302,0.007350617088377476,0.16398152709007263,0.0041786241345107555,0.05759810656309128,0.03140503168106079,0.1830790489912033,0.3293548822402954,0.0067480504512786865,2.081926107406616,0.12299696356058121,,,,,,,,,,,,,,,
,0.00018751546880899,19209,,,,,,,,,,,,,,,,,,,,,,,,,,,,,,
27,,19209,0.027581699192523956,0.02729758806526661,0.2232881486415863,0.0008061301778070629,0.03248143568634987,0.013272939249873161,0.11202298849821091,0.006046641152352095,0.0529073104262352,0.043493468314409256,0.14244338870048523,0.25041744112968445,0.0009261223603971303,2.1088788509368896,0.06753204762935638,,,,,,,,,,,,,,,
,0.0001873895961505214,19219,,,,,,,,,,,,,,,,,,,,,,,,,,,,,,
27,,19219,0.07143086940050125,0.0161858182400465,0.21294507384300232,0.0036002749111503363,0.060501206666231155,0.017199980095028877,0.1333787590265274,0.012931397184729576,0.13277976214885712,0.031466636806726456,0.16160713136196136,0.38815540075302124,0.000987247098237276,2.0878655910491943,0.12557339668273926,,,,,,,,,,,,,,,
,0.0001872636954127352,19229,,,,,,,,,,,,,,,,,,,,,,,,,,,,,,
27,,19229,0.04941169545054436,0.02182861417531967,0.21348898112773895,0.002552168443799019,0.02955494448542595,0.004632932599633932,0.12880918383598328,0.008367855101823807,0.09085065871477127,0.03730040788650513,0.1438288688659668,0.29708102345466614,0.0005866780993528664,2.074695587158203,0.06990448385477066,,,,,,,,,,,,,,,
,0.00018713776669018184,19239,,,,,,,,,,,,,,,,,,,,,,,,,,,,,,
27,,19239,0.03687882423400879,0.017694704234600067,0.17912064492702484,0.001875604153610766,0.028735514730215073,0.00929168052971363,0.09717665612697601,0.006881834007799625,0.05755777657032013,0.04047592729330063,0.14662812650203705,0.23640647530555725,0.0005992046208120883,2.096808671951294,0.06239223852753639,,,,,,,,,,,,,,,
,0.00018701181007743295,19249,,,,,,,,,,,,,,,,,,,,,,,,,,,,,,
27,,19249,0.054325804114341736,0.029464714229106903,0.21502459049224854,0.0030678000766783953,0.0436832495033741,0.01057528518140316,0.12931278347969055,0.012831287458539009,0.10583499819040298,0.021644260734319687,0.16354689002037048,0.3361944556236267,0.000166261030244641,2.0856997966766357,0.0878174677491188,,,,,,,,,,,,,,,
,0.00018688582566908106,19259,,,,,,,,,,,,,,,,,,,,,,,,,,,,,,
27,,19259,0.0277484692633152,0.020618464797735214,0.1696636974811554,0.0017006202833727002,0.030719250440597534,0.0023364676162600517,0.09205861389636993,0.007255964912474155,0.06126831844449043,0.04526776820421219,0.14053508639335632,0.23583084344863892,0.0012565319193527102,2.1117000579833984,0.08189597725868225,,,,,,,,,,,,,,,
,0.0001867598135597395,19269,,,,,,,,,,,,,,,,,,,,,,,,,,,,,,
27,,19269,0.03699296712875366,0.0192845668643713,0.24985916912555695,0.0026900547090917826,0.0429205521941185,0.0045160152949392796,0.12407628446817398,0.003990623634308577,0.06982240825891495,0.02179800532758236,0.1896631121635437,0.2991383969783783,0.003455225145444274,2.106480121612549,0.10934152454137802,,,,,,,,,,,,,,,
,0.00018663377384404254,19279,,,,,,,,,,,,,,,,,,,,,,,,,,,,,,
27,,19279,0.05465874448418617,0.024371745064854622,0.20620545744895935,0.0012511244276538491,0.030192192643880844,0.010426299646496773,0.11863698065280914,0.004102407488971949,0.04736926779150963,0.03138937056064606,0.14311483502388,0.2542749345302582,0.0009428013581782579,2.0615010261535645,0.08639271557331085,,,,,,,,,,,,,,,
,0.000186507706616645,19289,,,,,,,,,,,,,,,,,,,,,,,,,,,,,,
27,,19289,0.031588152050971985,0.05223870649933815,0.21422028541564941,0.000573463854379952,0.034002143889665604,0.006528399884700775,0.15878009796142578,0.0046052876859903336,0.05878524109721184,0.027478540316224098,0.12950509786605835,0.2641352713108063,0.0005121255526319146,2.0921690464019775,0.05740302801132202,,,,,,,,,,,,,,,
,0.00018638161197222252,19299,,,,,,,,,,,,,,,,,,,,,,,,,,,,,,
27,,19299,0.0377131886780262,0.04071296006441116,0.23343627154827118,0.0017725550569593906,0.03449153155088425,0.007781195919960737,0.13870535790920258,0.006000860128551722,0.07301606237888336,0.03723632171750069,0.15229839086532593,0.2983963191509247,0.0004343066830188036,2.1152820587158203,0.09588310867547989,,,,,,,,,,,,,,,
,0.00018625549000547126,19309,,,,,,,,,,,,,,,,,,,,,,,,,,,,,,
27,,19309,0.10398229956626892,0.022968145087361336,0.24023452401161194,0.0031364518217742443,0.06389185786247253,0.01211424171924591,0.17264480888843536,0.009122390300035477,0.27774548530578613,0.03292299807071686,0.14777781069278717,0.5595395565032959,0.0023414588067680597,2.100687265396118,0.1141989529132843,,,,,,,,,,,,,,,
,0.00018612934081110787,19319,,,,,,,,,,,,,,,,,,,,,,,,,,,,,,
27,,19319,0.03168226033449173,0.02592877857387066,0.21747593581676483,0.005246303975582123,0.04632396996021271,0.021559201180934906,0.11593347042798996,0.010835710912942886,0.0686694011092186,0.037165917456150055,0.16791877150535583,0.2969515025615692,0.002902468666434288,2.102496385574341,0.0911320149898529,,,,,,,,,,,,,,,
,0.00018600316448386952,19329,,,,,,,,,,,,,,,,,,,,,,,,,,,,,,
27,,19329,0.05772176757454872,0.03658245503902435,0.2783838212490082,0.0016223442507907748,0.05833399295806885,0.00924310926347971,0.19296479225158691,0.008375115692615509,0.19060419499874115,0.035669468343257904,0.14848600327968597,0.4633958339691162,0.0041276924312114716,2.095444440841675,0.09721199423074722,,,,,,,,,,,,,,,
,0.0001858769611185138,19339,,,,,,,,,,,,,,,,,,,,,,,,,,,,,,
27,,19339,0.0413329117000103,0.01506799552589655,0.13732004165649414,0.0024528761859983206,0.02933313138782978,0.011808899231255054,0.0808941051363945,0.00592165719717741,0.05051103234291077,0.03512464091181755,0.12731361389160156,0.21181859076023102,0.0022267040330916643,2.0839505195617676,0.06207992136478424,,,,,,,,,,,,,,,
,0.00018575073080981833,19349,,,,,,,,,,,,,,,,,,,,,,,,,,,,,,
27,,19349,0.039670079946517944,0.016926875337958336,0.14155885577201843,0.0004645316512323916,0.032036129385232925,0.00848445389419794,0.07895460724830627,0.005472124554216862,0.049453005194664,0.030620573088526726,0.11726221442222595,0.20967286825180054,0.0002462242846377194,2.10888409614563,0.08309364318847656,,,,,,,,,,,,,,,
,0.0001856244736525814,19359,,,,,,,,,,,,,,,,,,,,,,,,,,,,,,
27,,19359,0.03783349320292473,0.015457098372280598,0.2338869422674179,0.0010511674918234348,0.03520914912223816,0.006644385866820812,0.1452288180589676,0.008729800581932068,0.07624950259923935,0.03781387209892273,0.14038671553134918,0.2873693108558655,0.0006313218618743122,2.088020086288452,0.07753576338291168,,,,,,,,,,,,,,,
,0.00018549818974162107,19369,,,,,,,,,,,,,,,,,,,,,,,,,,,,,,
27,,19369,0.055910151451826096,0.03923490270972252,0.2245558351278305,0.00215828325599432,0.04573738947510719,0.00992144737392664,0.15604574978351593,0.003504381515085697,0.06510790437459946,0.06564951688051224,0.16274482011795044,0.3084799647331238,0.001059258240275085,2.099020481109619,0.09277147054672241,,,,,,,,,,,,,,,
,0.00018537187917177568,19379,,,,,,,,,,,,,,,,,,,,,,,,,,,,,,
27,,19379,0.05430363118648529,0.019543899223208427,0.2351793646812439,0.0013967015547677875,0.028993580490350723,0.015263657085597515,0.1331503838300705,0.003138225991278887,0.06715203076601028,0.027480237185955048,0.14705349504947662,0.2822690010070801,0.002199276350438595,2.0722203254699707,0.07053009420633316,,,,,,,,,,,,,,,
,0.00018524554203790358,19389,,,,,,,,,,,,,,,,,,,,,,,,,,,,,,
27,,19389,0.04539204761385918,0.03359314799308777,0.27672436833381653,0.002297455444931984,0.03647305443882942,0.00753849558532238,0.1540227234363556,0.004815662745386362,0.046894971281290054,0.04801732674241066,0.17379814386367798,0.2923349142074585,0.00044917743070982397,2.086505174636841,0.08457206934690475,,,,,,,,,,,,,,,
,0.00018511917843488305,19399,,,,,,,,,,,,,,,,,,,,,,,,,,,,,,
27,,19399,0.056390710175037384,0.027217138558626175,0.2736148536205292,0.0010593788465484977,0.05838171765208244,0.013705328106880188,0.1552591323852539,0.008347016759216785,0.09593257308006287,0.057669464498758316,0.17472487688064575,0.3699335753917694,0.00023143828730098903,2.0780866146087646,0.13112740218639374,,,,,,,,,,,,,,,
,0.0001849927884576122,19409,,,,,,,,,,,,,,,,,,,,,,,,,,,,,,
27,,19409,0.03851896524429321,0.018187912181019783,0.2437654286623001,0.0016189446905627847,0.04252909496426582,0.015572231262922287,0.15117888152599335,0.008599727414548397,0.07614787667989731,0.05794600397348404,0.17409449815750122,0.3141063451766968,0.003115897299721837,2.084489345550537,0.08411911875009537,,,,,,,,,,,,,,,
,0.00018486637220100908,19419,,,,,,,,,,,,,,,,,,,,,,,,,,,,,,
27,,19419,0.027978772297501564,0.03337356448173523,0.3106989860534668,0.005025452468544245,0.042063020169734955,0.004835481755435467,0.14723268151283264,0.005021851509809494,0.03705832362174988,0.024274004623293877,0.17750418186187744,0.2897818088531494,0.0021106363274157047,2.1116697788238525,0.10377821326255798,,,,,,,,,,,,,,,
,0.00018473992976001129,19429,,,,,,,,,,,,,,,,,,,,,,,,,,,,,,
27,,19429,0.020923646166920662,0.021623320877552032,0.20483969151973724,0.0017364933155477047,0.037513505667448044,0.006747760344296694,0.11947063356637955,0.005628701765090227,0.04726163670420647,0.0324341282248497,0.1431141346693039,0.23771744966506958,0.0010631360346451402,2.0874571800231934,0.08452185243368149,,,,,,,,,,,,,,,
,0.00018461346122957632,19439,,,,,,,,,,,,,,,,,,,,,,,,,,,,,,
27,,19439,0.05712447315454483,0.02399934083223343,0.16975615918636322,0.004212636500597,0.01862400583922863,0.0065934970043599606,0.11919603496789932,0.006914615631103516,0.09399773925542831,0.029633432626724243,0.1190829649567604,0.27321842312812805,0.0007242286228574812,2.043299913406372,0.04089011624455452,,,,,,,,,,,,,,,
,0.00018448696670468097,19449,,,,,,,,,,,,,,,,,,,,,,,,,,,,,,
27,,19449,0.032069094479084015,0.010996867902576923,0.12665370106697083,0.0014058462111279368,0.023253465071320534,0.0048588234931230545,0.0793546810746193,0.007576378993690014,0.0442122183740139,0.03299225866794586,0.10276374965906143,0.18115688860416412,0.00024246471002697945,2.0960257053375244,0.05235840752720833,,,,,,,,,,,,,,,
,0.00018436044628032184,19459,,,,,,,,,,,,,,,,,,,,,,,,,,,,,,
27,,19459,0.07410683482885361,0.027813749387860298,0.20125122368335724,0.0008785264799371362,0.02371816150844097,0.01069443766027689,0.09816315025091171,0.007847430184483528,0.05681081488728523,0.025319622829556465,0.12452906370162964,0.26107466220855713,0.00037661541136913,2.1198878288269043,0.07361892610788345,,,,,,,,,,,,,,,
27,,19459,,,,,,,,,,,,,,,,0.17632213234901428,0.03397737443447113,0.2765713930130005,0.006508425809442997,0.07175863534212112,0.0018968156073242426,0.1325692981481552,0.018558146432042122,0.20027491450309753,0.06719525903463364,0.18856221437454224,0.5678768157958984,0.013935551047325134,2.0772907733917236,0.14684735238552094
,0.00018423390005151483,19469,,,,,,,,,,,,,,,,,,,,,,,,,,,,,,
28,,19469,0.03764285519719124,0.029856672510504723,0.1994970291852951,0.0013698874972760677,0.021457741037011147,0.0049018580466508865,0.14704133570194244,0.00536176934838295,0.03166242688894272,0.02076718397438526,0.11872674524784088,0.21955765783786774,0.00459021981805563,2.09491229057312,0.04841349273920059,,,,,,,,,,,,,,,
,0.00018410732811329516,19479,,,,,,,,,,,,,,,,,,,,,,,,,,,,,,
28,,19479,0.03090045228600502,0.01922895386815071,0.20512007176876068,0.00504680909216404,0.04473572224378586,0.009899365715682507,0.1124267727136612,0.006251954473555088,0.08555284887552261,0.04762021452188492,0.16085068881511688,0.3016248643398285,0.002599525498226285,2.058631181716919,0.11314138770103455,,,,,,,,,,,,,,,
,0.00018398073056071756,19489,,,,,,,,,,,,,,,,,,,,,,,,,,,,,,
28,,19489,0.043779514729976654,0.020735304802656174,0.17576736211776733,0.001432277960702777,0.02327078767120838,0.00478459894657135,0.12681159377098083,0.005556209944188595,0.047685347497463226,0.04353981092572212,0.11597845703363419,0.23186062276363373,0.006036153994500637,2.090312957763672,0.061989910900592804,,,,,,,,,,,,,,,
,0.00018385410748885582,19499,,,,,,,,,,,,,,,,,,,,,,,,,,,,,,
28,,19499,0.026047995314002037,0.03493083268404007,0.25195690989494324,0.0003543051134329289,0.02999103255569935,0.0023326133377850056,0.13109086453914642,0.0037347355391830206,0.04557740315794945,0.04150816425681114,0.13256430625915527,0.24608689546585083,0.0003778257523663342,2.103205919265747,0.06427782028913498,,,,,,,,,,,,,,,
,0.00018372745899280298,19509,,,,,,,,,,,,,,,,,,,,,,,,,,,,,,
28,,19509,0.03232235461473465,0.018394112586975098,0.18385909497737885,0.0020354867447167635,0.041629549115896225,0.008126366883516312,0.10929977893829346,0.005068520084023476,0.058495402336120605,0.04748421907424927,0.14503151178359985,0.25728100538253784,0.004493815824389458,2.0426406860351562,0.10195591300725937,,,,,,,,,,,,,,,
,0.00018360078516767116,19519,,,,,,,,,,,,,,,,,,,,,,,,,,,,,,
28,,19519,0.035654466599226,0.02530849725008011,0.20572295784950256,0.002883134176954627,0.032292287796735764,0.004643797408789396,0.1315966099500656,0.0041648452170193195,0.06288009136915207,0.04045946151018143,0.1434411257505417,0.2635192573070526,0.0008694678544998169,2.0798885822296143,0.08334314078092575,,,,,,,,,,,,,,,
,0.0001834740861085915,19529,,,,,,,,,,,,,,,,,,,,,,,,,,,,,,
28,,19529,0.032876137644052505,0.025161806493997574,0.20301198959350586,0.001687324489466846,0.043458905071020126,0.005009146872907877,0.1205863356590271,0.005378609523177147,0.06590349972248077,0.035671599209308624,0.1469832807779312,0.26332470774650574,0.00046602304792031646,2.093620538711548,0.08073197305202484,,,,,,,,,,,,,,,
,0.000183347361910714,19539,,,,,,,,,,,,,,,,,,,,,,,,,,,,,,
28,,19539,0.05363483354449272,0.03733987733721733,0.19408871233463287,0.000813377439044416,0.03382690250873566,0.16065260767936707,0.1307024210691452,0.014293773099780083,0.09439767152070999,0.04310762509703636,0.15005826950073242,0.38953542709350586,0.0009985251817852259,2.0995731353759766,0.07038557529449463,,,,,,,,,,,,,,,
,0.0001832206126692077,19549,,,,,,,,,,,,,,,,,,,,,,,,,,,,,,
28,,19549,0.047476042062044144,0.020232006907463074,0.21551191806793213,0.0016568185528740287,0.0464804545044899,0.012617379426956177,0.14398430287837982,0.010104355402290821,0.09104892611503601,0.04225295037031174,0.1549619436264038,0.31176576018333435,0.0005660601309500635,2.073129177093506,0.06883331388235092,,,,,,,,,,,,,,,
,0.00018309383847926034,19559,,,,,,,,,,,,,,,,,,,,,,,,,,,,,,
28,,19559,0.07003173232078552,0.07285936921834946,0.35588717460632324,0.0030178953893482685,0.05795179679989815,0.012378517538309097,0.21204952895641327,0.010851308703422546,0.1110226958990097,0.046294599771499634,0.18233747780323029,0.45809343457221985,0.001352500868961215,2.1099255084991455,0.14607325196266174,,,,,,,,,,,,,,,
,0.0001829670394360784,19569,,,,,,,,,,,,,,,,,,,,,,,,,,,,,,
28,,19569,0.049465302377939224,0.01672458089888096,0.16841182112693787,0.0015537228900939226,0.03239697217941284,0.011122208088636398,0.09432103484869003,0.009161552414298058,0.06515102833509445,0.04159283638000488,0.12547805905342102,0.250955194234848,0.0012336551444604993,2.1286163330078125,0.07778023928403854,,,,,,,,,,,,,,,
,0.00018284021563488715,19579,,,,,,,,,,,,,,,,,,,,,,,,,,,,,,
28,,19579,0.01295463927090168,0.022178614512085915,0.2211878001689911,0.0021858918480575085,0.040963634848594666,0.019338494166731834,0.13289132714271545,0.0077275787480175495,0.05001286044716835,0.02994963340461254,0.15129207074642181,0.2608535587787628,0.00043835866381414235,2.0814013481140137,0.10299963504076004,,,,,,,,,,,,,,,
,0.0001827133671709302,19589,,,,,,,,,,,,,,,,,,,,,,,,,,,,,,
28,,19589,0.08847399801015854,0.029462406411767006,0.1732904464006424,0.0004192488850094378,0.04346257448196411,0.012242330238223076,0.16989809274673462,0.005204476416110992,0.22713035345077515,0.045921891927719116,0.13724792003631592,0.4577617645263672,0.00036524844472296536,2.079267978668213,0.07611385732889175,,,,,,,,,,,,,,,
,0.00018258649413946997,19599,,,,,,,,,,,,,,,,,,,,,,,,,,,,,,
28,,19599,0.07752896100282669,0.05926698446273804,0.2952277660369873,0.00652296980842948,0.06583262979984283,0.013939774595201015,0.19816139340400696,0.012940086424350739,0.15998193621635437,0.043537721037864685,0.18467745184898376,0.4819626808166504,0.0009636759641580284,2.0954127311706543,0.1135995090007782,,,,,,,,,,,,,,,
,0.0001824595966357871,19609,,,,,,,,,,,,,,,,,,,,,,,,,,,,,,
28,,19609,0.053030941635370255,0.029649903997778893,0.23676398396492004,0.0025907782837748528,0.031210139393806458,0.011273033916950226,0.13246047496795654,0.0042161280289292336,0.0745629146695137,0.0277478639036417,0.1439303606748581,0.29723477363586426,0.002548368414863944,2.095878839492798,0.08136510103940964,,,,,,,,,,,,,,,
,0.00018233267475518077,19619,,,,,,,,,,,,,,,,,,,,,,,,,,,,,,
28,,19619,0.025590457022190094,0.018100129440426826,0.1897161304950714,0.002938005840405822,0.03687942028045654,0.007477437146008015,0.09700682014226913,0.00553084397688508,0.04134252294898033,0.040642328560352325,0.15936030447483063,0.22972029447555542,0.003283569822087884,2.071964979171753,0.08165512979030609,,,,,,,,,,,,,,,
,0.00018220572859296833,19629,,,,,,,,,,,,,,,,,,,,,,,,,,,,,,
28,,19629,0.07714895159006119,0.017500512301921844,0.1795031726360321,0.0018889823695644736,0.04893840476870537,0.01081005483865738,0.12923158705234528,0.014061925932765007,0.1335766762495041,0.030989473685622215,0.16304972767829895,0.36870062351226807,0.002989469561725855,2.0516958236694336,0.09850676357746124,,,,,,,,,,,,,,,
,0.0001820787582444855,19639,,,,,,,,,,,,,,,,,,,,,,,,,,,,,,
28,,19639,0.0315706767141819,0.022876322269439697,0.20044292509555817,0.0013320548459887505,0.03934106230735779,0.009763263165950775,0.1584865152835846,0.007802002131938934,0.051122475415468216,0.04674047604203224,0.1335231512784958,0.26083141565322876,0.0005381626542657614,2.097679615020752,0.08971244841814041,,,,,,,,,,,,,,,
,0.0001819517638050861,19649,,,,,,,,,,,,,,,,,,,,,,,,,,,,,,
28,,19649,0.0247426126152277,0.0470883809030056,0.25322917103767395,0.00026041280943900347,0.03877073526382446,0.006875652354210615,0.14051398634910583,0.003290540538728237,0.03521889075636864,0.03788730874657631,0.163083016872406,0.26194626092910767,0.0004721681762021035,2.0848076343536377,0.09656701236963272,,,,,,,,,,,,,,,
,0.00018182474537014194,19659,,,,,,,,,,,,,,,,,,,,,,,,,,,,,,
28,,19659,0.04308094456791878,0.016200967133045197,0.14042028784751892,0.00011733371502486989,0.026373373344540596,0.00528538366779685,0.09651113301515579,0.004232355393469334,0.0556529238820076,0.04673555865883827,0.10104113072156906,0.2081635445356369,0.0001241690042661503,2.1072723865509033,0.057691458612680435,,,,,,,,,,,,,,,
,0.00018169770303504306,19669,,,,,,,,,,,,,,,,,,,,,,,,,,,,,,
28,,19669,0.07674476504325867,0.0176626518368721,0.1549476683139801,0.001525916624814272,0.028051236644387245,0.007673876825720072,0.09322191774845123,0.006591274403035641,0.08741002529859543,0.016994792968034744,0.12919262051582336,0.2725807726383209,0.0011891010217368603,2.0856525897979736,0.07133235037326813,,,,,,,,,,,,,,,
,0.0001815706368951973,19679,,,,,,,,,,,,,,,,,,,,,,,,,,,,,,
28,,19679,0.04380667582154274,0.03072190470993519,0.21150971949100494,0.0012600853806361556,0.032197047024965286,0.00894111767411232,0.14874012768268585,0.008545770309865475,0.07090583443641663,0.04621749743819237,0.14841775596141815,0.2926252782344818,0.0016611713217571378,2.109058141708374,0.08762121945619583,,,,,,,,,,,,,,,
,0.00018144354704603037,19689,,,,,,,,,,,,,,,,,,,,,,,,,,,,,,
28,,19689,0.020488882437348366,0.05339605361223221,0.27140581607818604,0.0011064984137192369,0.02558242157101631,0.010077137500047684,0.14727553725242615,0.0023628491908311844,0.03137453645467758,0.0653286874294281,0.15076136589050293,0.25658127665519714,0.0018033785745501518,2.092491388320923,0.06234914809465408,,,,,,,,,,,,,,,
,0.00018131643358298594,19699,,,,,,,,,,,,,,,,,,,,,,,,,,,,,,
28,,19699,0.04856739938259125,0.012371805496513844,0.14309175312519073,0.0007323849713429809,0.03717244789004326,0.007647884543985128,0.12207037210464478,0.0065638115629553795,0.07859520614147186,0.04487241804599762,0.14707277715206146,0.2621857523918152,0.0007537347264587879,2.060976505279541,0.07866867631673813,,,,,,,,,,,,,,,
,0.00018118929660152522,19709,,,,,,,,,,,,,,,,,,,,,,,,,,,,,,
28,,19709,0.02909018285572529,0.026748958975076675,0.2224496603012085,0.003218806115910411,0.024494243785738945,0.006186145357787609,0.12720683217048645,0.006057930178940296,0.036745354533195496,0.031688131392002106,0.1487908512353897,0.23324930667877197,0.00039786496199667454,2.1059818267822266,0.06440015882253647,,,,,,,,,,,,,,,
,0.0001810621361971272,19719,,,,,,,,,,,,,,,,,,,,,,,,,,,,,,
28,,19719,0.04787681624293327,0.046301424503326416,0.2577287256717682,0.005957088898867369,0.028129583224654198,0.005760200321674347,0.1504589021205902,0.00460825813934207,0.048662129789590836,0.027011960744857788,0.1541184037923813,0.2882467806339264,0.0011152041843160987,2.0594863891601562,0.08574613928794861,,,,,,,,,,,,,,,
,0.00018093495246528847,19729,,,,,,,,,,,,,,,,,,,,,,,,,,,,,,
28,,19729,0.045024290680885315,0.01949014700949192,0.17003977298736572,0.001800261321477592,0.030492600053548813,0.00814592931419611,0.094317227602005,0.005983597598969936,0.05882539227604866,0.06167967617511749,0.15339002013206482,0.24509501457214355,0.0002335176832275465,2.0928759574890137,0.07242246717214584,,,,,,,,,,,,,,,
,0.000180807745501523,19739,,,,,,,,,,,,,,,,,,,,,,,,,,,,,,
28,,19739,0.05353326350450516,0.013738646171987057,0.1891339272260666,0.0022027844097465277,0.05326053127646446,0.004190840758383274,0.12027589231729507,0.01173979789018631,0.13033127784729004,0.04366961494088173,0.14821939170360565,0.35059654712677,0.0002679853932932019,2.0547091960906982,0.11792860180139542,,,,,,,,,,,,,,,
,0.00018068051540136233,19749,,,,,,,,,,,,,,,,,,,,,,,,,,,,,,
28,,19749,0.02884139120578766,0.026101531460881233,0.22893093526363373,0.00037323147989809513,0.024283384904265404,0.0022834527771919966,0.11220985651016235,0.0022187698632478714,0.01578475721180439,0.02127361297607422,0.11956100910902023,0.18989911675453186,0.0005371134029701352,2.112847328186035,0.050254546105861664,,,,,,,,,,,,,,,
,0.00018055326226035538,19759,,,,,,,,,,,,,,,,,,,,,,,,,,,,,,
28,,19759,0.04411182180047035,0.017593272030353546,0.17098644375801086,0.005884552374482155,0.03357463330030441,0.008749209344387054,0.11175213009119034,0.005285334307700396,0.048567380756139755,0.02821783535182476,0.1331663578748703,0.23140519857406616,0.0007410697289742529,2.113424777984619,0.06321817636489868,,,,,,,,,,,,,,,
,0.00018042598617406836,19769,,,,,,,,,,,,,,,,,,,,,,,,,,,,,,
28,,19769,0.03747276961803436,0.03267356753349304,0.18347570300102234,0.002401368459686637,0.029695970937609673,0.011525367386639118,0.11351065337657928,0.006855674088001251,0.07311335951089859,0.03351099416613579,0.15324583649635315,0.2750345468521118,0.0038646701723337173,2.072807550430298,0.08236928284168243,,,,,,,,,,,,,,,
,0.00018029868723808468,19779,,,,,,,,,,,,,,,,,,,,,,,,,,,,,,
28,,19779,0.03452595695853233,0.022992070764303207,0.2507319748401642,0.003315095556899905,0.03353382274508476,0.019200364127755165,0.13588790595531464,0.007466582115739584,0.05335161089897156,0.06302262842655182,0.15607169270515442,0.29031631350517273,0.0011960436822846532,2.0821902751922607,0.10228083282709122,,,,,,,,,,,,,,,
,0.0001801713655480049,19789,,,,,,,,,,,,,,,,,,,,,,,,,,,,,,
28,,19789,0.03820241987705231,0.024456297978758812,0.20582132041454315,0.0015771299367770553,0.03601013496518135,0.014952200464904308,0.11482813209295273,0.007802761625498533,0.07183936983346939,0.05139635130763054,0.14471039175987244,0.27793192863464355,0.0041922712698578835,2.0996923446655273,0.06684350222349167,,,,,,,,,,,,,,,
,0.00018004402119944674,19799,,,,,,,,,,,,,,,,,,,,,,,,,,,,,,
28,,19799,0.04086695611476898,0.02390010841190815,0.2203480452299118,0.0056693051010370255,0.039879873394966125,0.0027407375164330006,0.1362571269273758,0.0072005437687039375,0.108296237885952,0.029862593859434128,0.13984337449073792,0.32705745100975037,0.004972847178578377,2.0867629051208496,0.08989294618368149,,,,,,,,,,,,,,,
,0.0001799166542880448,19809,,,,,,,,,,,,,,,,,,,,,,,,,,,,,,
28,,19809,0.06992290169000626,0.020921874791383743,0.2017752081155777,0.00521222036331892,0.05003252252936363,0.0059919473715126514,0.13447865843772888,0.006856830790638924,0.13264310359954834,0.0456731878221035,0.14573925733566284,0.36313486099243164,0.0007317517884075642,2.061260223388672,0.09568517655134201,,,,,,,,,,,,,,,
,0.0001797892649094508,19819,,,,,,,,,,,,,,,,,,,,,,,,,,,,,,
28,,19819,0.04735102504491806,0.021925317123532295,0.2693370580673218,0.002983256708830595,0.061883069574832916,0.02161831595003605,0.17433790862560272,0.006040502339601517,0.18417666852474213,0.0451083667576313,0.18160118162631989,0.45986732840538025,0.0006913093966431916,2.1163058280944824,0.13259319961071014,,,,,,,,,,,,,,,
,0.00017966185315933323,19829,,,,,,,,,,,,,,,,,,,,,,,,,,,,,,
28,,19829,0.03402181714773178,0.02080743946135044,0.2196870744228363,0.0004285441245883703,0.040269751101732254,0.011774884536862373,0.11631663888692856,0.005553152412176132,0.041572704911231995,0.04293142259120941,0.16082614660263062,0.2556430399417877,0.0036694754380732775,2.0789237022399902,0.09846722334623337,,,,,,,,,,,,,,,
,0.00017953441913337736,19839,,,,,,,,,,,,,,,,,,,,,,,,,,,,,,
28,,19839,0.04132528975605965,0.026904789730906487,0.1816871166229248,0.0006509232334792614,0.03777684271335602,0.01006186380982399,0.1066894680261612,0.009118521586060524,0.06202729046344757,0.046558935195207596,0.14962634444236755,0.2612437307834625,0.002987376879900694,2.1024818420410156,0.07490766793489456,,,,,,,,,,,,,,,
,0.00017940696292728528,19849,,,,,,,,,,,,,,,,,,,,,,,,,,,,,,
28,,19849,0.04164714738726616,0.06345278769731522,0.33004409074783325,0.0022174513433128595,0.042616263031959534,0.008431654423475266,0.23754377663135529,0.00731635233387351,0.0640421137213707,0.04746708646416664,0.18309074640274048,0.36855658888816833,0.0019849983509629965,2.0663018226623535,0.09927909821271896,,,,,,,,,,,,,,,
,0.00017927948463677566,19859,,,,,,,,,,,,,,,,,,,,,,,,,,,,,,
28,,19859,0.03975646570324898,0.03776784986257553,0.24509072303771973,0.0022929508704692125,0.034418120980262756,0.004164022859185934,0.16180264949798584,0.01111849769949913,0.07997947186231613,0.05473066493868828,0.16697590053081512,0.3298611640930176,0.005818503443151712,2.0939459800720215,0.09799065440893173,,,,,,,,,,,,,,,
,0.00017915198435758376,19869,,,,,,,,,,,,,,,,,,,,,,,,,,,,,,
28,,19869,0.05701330676674843,0.02419203519821167,0.2741084098815918,0.0005826323176734149,0.06240450590848923,0.004704982973635197,0.1718812882900238,0.004905800335109234,0.1735907942056656,0.03926899656653404,0.15063562989234924,0.43109580874443054,0.001297772047109902,2.087571144104004,0.1112046092748642,,,,,,,,,,,,,,,
,0.0001790244621854614,19879,,,,,,,,,,,,,,,,,,,,,,,,,,,,,,
28,,19879,0.02589540183544159,0.03702065348625183,0.2810398042201996,0.0013397232396528125,0.04187612980604172,0.006997539661824703,0.14668145775794983,0.007484073750674725,0.05880998447537422,0.05996551737189293,0.18363162875175476,0.3048725724220276,0.000801505462732166,2.077028512954712,0.09336692094802856,,,,,,,,,,,,,,,
,0.0001788969182161768,19889,,,,,,,,,,,,,,,,,,,,,,,,,,,,,,
28,,19889,0.038454774767160416,0.024255122989416122,0.17731112241744995,0.0011985697783529758,0.03419169411063194,0.00287741725333035,0.11704658716917038,0.008466530591249466,0.05729397013783455,0.03751571848988533,0.160561203956604,0.2583560645580292,0.001665119081735611,2.1338162422180176,0.10207077115774155,,,,,,,,,,,,,,,
,0.0001787693525455146,19899,,,,,,,,,,,,,,,,,,,,,,,,,,,,,,
28,,19899,0.04666566848754883,0.0212197657674551,0.26477012038230896,0.00022829855151940137,0.03063293918967247,0.00972888246178627,0.11517114192247391,0.0016616892535239458,0.045182786881923676,0.03443042188882828,0.17729900777339935,0.26738226413726807,0.0025452803820371628,2.0935559272766113,0.08190867304801941,,,,,,,,,,,,,,,
,0.00017864176526927557,19909,,,,,,,,,,,,,,,,,,,,,,,,,,,,,,
28,,19909,0.056206002831459045,0.022835958749055862,0.2187371701002121,0.005798038560897112,0.04671306908130646,0.024137720465660095,0.15707437694072723,0.0073607927188277245,0.0877080038189888,0.035153310745954514,0.16243550181388855,0.3337428569793701,0.00030801945831626654,2.063873052597046,0.09644544124603271,,,,,,,,,,,,,,,
,0.00017851415648327697,19919,,,,,,,,,,,,,,,,,,,,,,,,,,,,,,
28,,19919,0.07650329172611237,0.027628039941191673,0.23703831434249878,0.0005120873101986945,0.05620980262756348,0.010964413173496723,0.18629662692546844,0.013160951435565948,0.1681356281042099,0.03816302493214607,0.16527436673641205,0.43483966588974,0.00021329747687559575,2.0700175762176514,0.09171739965677261,,,,,,,,,,,,,,,
,0.0001783865262833521,19929,,,,,,,,,,,,,,,,,,,,,,,,,,,,,,
28,,19929,0.0255906842648983,0.014897695742547512,0.1367582380771637,0.0018428212497383356,0.022564610466361046,0.009474342688918114,0.07449541240930557,0.002141526434570551,0.030764663591980934,0.03313808888196945,0.11551859974861145,0.172682523727417,0.0005550446221604943,2.078179121017456,0.06839992851018906,,,,,,,,,,,,,,,
,0.00017825887476535018,19939,,,,,,,,,,,,,,,,,,,,,,,,,,,,,,
28,,19939,0.04383455589413643,0.02138574607670307,0.19387836754322052,0.0008644949994049966,0.027355782687664032,0.011162051931023598,0.11415469646453857,0.008105416782200336,0.08152712136507034,0.029742779210209846,0.12928371131420135,0.26988425850868225,0.0022874372079968452,2.0808217525482178,0.057293035089969635,,,,,,,,,,,,,,,
,0.00017813120202513674,19949,,,,,,,,,,,,,,,,,,,,,,,,,,,,,,
28,,19949,0.024592211470007896,0.03157557174563408,0.1711941659450531,0.0002873102785088122,0.027861028909683228,0.003573332680389285,0.12051422148942947,0.004065120592713356,0.047690100967884064,0.022286484017968178,0.13169240951538086,0.21821603178977966,0.0008128559566102922,2.0562963485717773,0.06838038563728333,,,,,,,,,,,,,,,
,0.000178003508158593,19959,,,,,,,,,,,,,,,,,,,,,,,,,,,,,,
28,,19959,0.10124099999666214,0.017580555751919746,0.17595256865024567,0.003520220285281539,0.05448325350880623,0.016092419624328613,0.12924134731292725,0.015897052362561226,0.18374861776828766,0.047861240804195404,0.14494279026985168,0.43855729699134827,0.00200963718816638,2.0647449493408203,0.10932711511850357,,,,,,,,,,,,,,,
,0.00017787579326161612,19969,,,,,,,,,,,,,,,,,,,,,,,,,,,,,,
28,,19969,0.05584357678890228,0.02703906036913395,0.23945437371730804,0.0015562680782750249,0.04765510559082031,0.020519331097602844,0.16468824446201324,0.007566866930574179,0.11093267798423767,0.03257939964532852,0.1343766301870346,0.3568395972251892,0.00283115659840405,2.070596933364868,0.09423710405826569,,,,,,,,,,,,,,,
,0.0001777480574301191,19979,,,,,,,,,,,,,,,,,,,,,,,,,,,,,,
28,,19979,0.038040388375520706,0.021036166697740555,0.2561239004135132,0.0007018707692623138,0.025959676131606102,0.005191966891288757,0.11890648305416107,0.005309300497174263,0.056317832320928574,0.01794850453734398,0.14242692291736603,0.2613586187362671,0.0007251212955452502,2.0868000984191895,0.08014142513275146,,,,,,,,,,,,,,,
,0.00017762030076003062,19989,,,,,,,,,,,,,,,,,,,,,,,,,,,,,,
28,,19989,0.028621215373277664,0.016039425507187843,0.24285995960235596,0.0007430990226566792,0.029558077454566956,0.009819427505135536,0.11144444346427917,0.0032598688267171383,0.04864592105150223,0.023655245080590248,0.16040879487991333,0.24547085165977478,0.00037671331665478647,2.0753042697906494,0.07690155506134033,,,,,,,,,,,,,,,
,0.00017749252334729504,19999,,,,,,,,,,,,,,,,,,,,,,,,,,,,,,
28,,19999,0.02510649897158146,0.02731992118060589,0.3091655671596527,0.0010594401974231005,0.04405467212200165,0.0055220769718289375,0.15648359060287476,0.006270693615078926,0.03824591264128685,0.0264471136033535,0.15592139959335327,0.2803303003311157,0.003378923051059246,2.083303451538086,0.09032503515481949,,,,,,,,,,,,,,,
,0.0001773647252878723,20009,,,,,,,,,,,,,,,,,,,,,,,,,,,,,,
28,,20009,0.06005992740392685,0.04499701410531998,0.27830469608306885,0.001726923743262887,0.0587565153837204,0.0060715400613844395,0.17958414554595947,0.0040817866101861,0.10037723928689957,0.024357397109270096,0.17075321078300476,0.37678083777427673,0.0028459117747843266,2.0728185176849365,0.11934535205364227,,,,,,,,,,,,,,,
,0.0001772369066777377,20019,,,,,,,,,,,,,,,,,,,,,,,,,,,,,,
28,,20019,0.04330386593937874,0.0295920018106699,0.2668415904045105,0.0004479734052438289,0.042784251272678375,0.0030238463077694178,0.13663937151432037,0.007134460844099522,0.07982580363750458,0.03832345828413963,0.18279623985290527,0.3195929229259491,0.0002683006168808788,2.091338634490967,0.09899861365556717,,,,,,,,,,,,,,,
,0.00017710906761288228,20029,,,,,,,,,,,,,,,,,,,,,,,,,,,,,,
28,,20029,0.022082341834902763,0.014756664633750916,0.2306918203830719,0.00016560466610826552,0.028554538264870644,0.006053080782294273,0.10288818925619125,0.0026480858214199543,0.027340194210410118,0.03223291039466858,0.16261301934719086,0.21213756501674652,0.0006620420608669519,2.0624234676361084,0.07308494299650192,,,,,,,,,,,,,,,
,0.00017698120818931214,20039,,,,,,,,,,,,,,,,,,,,,,,,,,,,,,
28,,20039,0.03722977265715599,0.028709666803479195,0.2205399125814438,0.0033579054288566113,0.0431944876909256,0.006461220793426037,0.15037216246128082,0.008656150661408901,0.0893324464559555,0.025531848892569542,0.1498139202594757,0.30853915214538574,0.0012952692341059446,2.069026231765747,0.08073939383029938,,,,,,,,,,,,,,,
,0.00017685332850304877,20049,,,,,,,,,,,,,,,,,,,,,,,,,,,,,,
28,,20049,0.03126252442598343,0.019021350890398026,0.1937020719051361,0.005982398055493832,0.02994697168469429,0.013324039056897163,0.11199339479207993,0.004045895300805569,0.05054806172847748,0.03490428999066353,0.15731948614120483,0.24798829853534698,0.002831412944942713,2.0736846923828125,0.08127815276384354,,,,,,,,,,,,,,,
,0.00017672542865012895,20059,,,,,,,,,,,,,,,,,,,,,,,,,,,,,,
28,,20059,0.04356560483574867,0.04004225879907608,0.17470233142375946,0.000641494058072567,0.026935508474707603,0.008750485256314278,0.1251257061958313,0.009552963078022003,0.07757372409105301,0.03502451628446579,0.13098295032978058,0.27307456731796265,0.0008029392338357866,2.0665671825408936,0.06817416846752167,,,,,,,,,,,,,,,
,0.00017659750872660453,20069,,,,,,,,,,,,,,,,,,,,,,,,,,,,,,
28,,20069,0.06058988720178604,0.02248704433441162,0.2757164239883423,0.004615955054759979,0.02906777709722519,0.012088225223124027,0.14372128248214722,0.00540812686085701,0.04967397078871727,0.023312518373131752,0.1585330367088318,0.2956344485282898,0.0039984663017094135,2.065040111541748,0.08496129512786865,,,,,,,,,,,,,,,
,0.00017646956882854246,20079,,,,,,,,,,,,,,,,,,,,,,,,,,,,,,
28,,20079,0.07669787108898163,0.017434412613511086,0.1425691395998001,0.003434794256463647,0.04287814721465111,0.0071562305092811584,0.1225665807723999,0.010696956887841225,0.11527898907661438,0.019523223862051964,0.13269966840744019,0.31589218974113464,0.0016476160380989313,2.049651622772217,0.07444226741790771,,,,,,,,,,,,,,,
,0.0001763416090520247,20089,,,,,,,,,,,,,,,,,,,,,,,,,,,,,,
28,,20089,0.052229925990104675,0.023179443553090096,0.22253163158893585,0.0029454068280756474,0.04607900604605675,0.010995831340551376,0.13773538172245026,0.008397867903113365,0.13145481050014496,0.02982630394399166,0.14101232588291168,0.3587040901184082,0.001480692531913519,2.0769808292388916,0.093837209045887,,,,,,,,,,,,,,,
,0.00017621362949314805,20099,,,,,,,,,,,,,,,,,,,,,,,,,,,,,,
28,,20099,0.04976792633533478,0.04521407186985016,0.2796817421913147,0.0037182860542088747,0.03569599986076355,0.01159803755581379,0.19084247946739197,0.009955478832125664,0.0612228587269783,0.05412314459681511,0.1549222320318222,0.3325410485267639,0.0032388665713369846,2.0913760662078857,0.08664955198764801,,,,,,,,,,,,,,,
,0.00017608563024802432,20109,,,,,,,,,,,,,,,,,,,,,,,,,,,,,,
28,,20109,0.04483882710337639,0.02482965588569641,0.25044965744018555,0.0003267859574407339,0.03192663565278053,0.009614065289497375,0.13895119726657867,0.00897206924855709,0.06237293779850006,0.03507433831691742,0.17489702999591827,0.29233914613723755,0.0026857194025069475,2.1090471744537354,0.07576131820678711,,,,,,,,,,,,,,,
,0.00017595761141277997,20119,,,,,,,,,,,,,,,,,,,,,,,,,,,,,,
28,,20119,0.04323531314730644,0.016147812828421593,0.1619846373796463,0.0014336413005366921,0.03358856961131096,0.07974613457918167,0.09329258650541306,0.007763516157865524,0.08655817061662674,0.01792157255113125,0.12281276285648346,0.29460659623146057,0.0015495769912377,2.107414722442627,0.0726180151104927,,,,,,,,,,,,,,,
,0.00017582957308355626,20129,,,,,,,,,,,,,,,,,,,,,,,,,,,,,,
28,,20129,0.05051952227950096,0.030056359246373177,0.2602168321609497,0.004189854487776756,0.05325481668114662,0.027192166075110435,0.15173277258872986,0.012122925370931625,0.10910045355558395,0.03883970156311989,0.1863870918750763,0.38618606328964233,0.004336931277066469,2.086958885192871,0.11047381907701492,,,,,,,,,,,,,,,
,0.00017570151535650907,20139,,,,,,,,,,,,,,,,,,,,,,,,,,,,,,
28,,20139,0.04606606066226959,0.04499221220612526,0.14875616133213043,0.00194560585077852,0.02427506260573864,0.017078232020139694,0.1403384804725647,0.0060715097934007645,0.06585444509983063,0.019353000447154045,0.1016802042722702,0.25447776913642883,0.0004037673643324524,2.0704352855682373,0.07204735279083252,,,,,,,,,,,,,,,
,0.00017557343832780872,20149,,,,,,,,,,,,,,,,,,,,,,,,,,,,,,
28,,20149,0.036736954003572464,0.05550083890557289,0.25593945384025574,0.00032791856210678816,0.0322590209543705,0.007100936956703663,0.15052637457847595,0.00521278940141201,0.0343782939016819,0.03200383111834526,0.15339326858520508,0.2661621868610382,0.0003769120667129755,2.0928661823272705,0.07929859310388565,,,,,,,,,,,,,,,
28,,20154,,,,,,,,,,,,,,,,0.185345858335495,0.03758714348077774,0.2797124981880188,0.006255935877561569,0.07084314525127411,0.004685457795858383,0.17771518230438232,0.01805831305682659,0.19954131543636322,0.08053463697433472,0.1910272240638733,0.5853584408760071,0.011376830749213696,2.072838306427002,0.14578846096992493
,0.00017544534209364027,20159,,,,,,,,,,,,,,,,,,,,,,,,,,,,,,
29,,20159,0.05595855414867401,0.014687206596136093,0.1696026772260666,0.002821745816618204,0.039830971509218216,0.014472962357103825,0.11983570456504822,0.013289885595440865,0.11492974311113358,0.06667307019233704,0.14172425866127014,0.33078473806381226,0.0028382311575114727,2.0511574745178223,0.08890407532453537,,,,,,,,,,,,,,,
,0.00017531722675020298,20169,,,,,,,,,,,,,,,,,,,,,,,,,,,,,,
29,,20169,0.06068292632699013,0.014256598427891731,0.20579369366168976,0.0031824028119444847,0.051095955073833466,0.01853458769619465,0.1131543293595314,0.008697371929883957,0.08304347842931747,0.04366708919405937,0.14256054162979126,0.3163065016269684,0.001798516372218728,2.100472927093506,0.12136818468570709,,,,,,,,,,,,,,,
,0.00017518909239371062,20179,,,,,,,,,,,,,,,,,,,,,,,,,,,,,,
29,,20179,0.03600956127047539,0.018906353041529655,0.19529420137405396,0.0042246319353580475,0.03175675496459007,0.009451687335968018,0.12694957852363586,0.007982462644577026,0.06880985200405121,0.05087096989154816,0.13570396602153778,0.2685343623161316,0.002048264257609844,2.0677130222320557,0.0737989991903305,,,,,,,,,,,,,,,
,0.00017506093912039112,20189,,,,,,,,,,,,,,,,,,,,,,,,,,,,,,
29,,20189,0.042259447276592255,0.022561386227607727,0.2000679075717926,0.001543565304018557,0.037089623510837555,0.0072372122667729855,0.12377431988716125,0.0029925606213510036,0.043909117579460144,0.025491371750831604,0.13435432314872742,0.23739126324653625,0.002215008018538356,2.0841941833496094,0.07342389225959778,,,,,,,,,,,,,,,
,0.00017493276702648666,20199,,,,,,,,,,,,,,,,,,,,,,,,,,,,,,
29,,20199,0.035435497760772705,0.03523750975728035,0.24323678016662598,0.00026018492644652724,0.05374201387166977,0.009438996203243732,0.1446003019809723,0.007542943116277456,0.09091855585575104,0.06639595329761505,0.16024456918239594,0.35347646474838257,0.008945900946855545,2.107091188430786,0.1490388959646225,,,,,,,,,,,,,,,
,0.0001748045762082536,20209,,,,,,,,,,,,,,,,,,,,,,,,,,,,,,
29,,20209,0.048899196088314056,0.014133905060589314,0.20247073471546173,0.0023164525628089905,0.03815941512584686,0.007991811260581017,0.10845336318016052,0.00635395385324955,0.06664253026247025,0.03485480323433876,0.1297374665737152,0.2622642517089844,0.0016154955374076962,2.0963001251220703,0.07555542141199112,,,,,,,,,,,,,,,
,0.00017467636676196235,20219,,,,,,,,,,,,,,,,,,,,,,,,,,,,,,
29,,20219,0.04711202159523964,0.05297321826219559,0.28543931245803833,0.0021090724039822817,0.050074826925992966,0.017040371894836426,0.21164733171463013,0.0076773399487137794,0.07124195247888565,0.036082394421100616,0.15596739947795868,0.3508216142654419,0.0010384035995230079,2.079116106033325,0.09273713082075119,,,,,,,,,,,,,,,
,0.00017454813878389717,20229,,,,,,,,,,,,,,,,,,,,,,,,,,,,,,
29,,20229,0.05871351808309555,0.06222723424434662,0.26088452339172363,0.0025025499053299427,0.0362052246928215,0.009871704503893852,0.1965666264295578,0.005361062474548817,0.04780491441488266,0.029932936653494835,0.15315116941928864,0.314766526222229,0.001954370643943548,2.0822689533233643,0.08793884515762329,,,,,,,,,,,,,,,
,0.00017441989237035644,20239,,,,,,,,,,,,,,,,,,,,,,,,,,,,,,
29,,20239,0.04193439334630966,0.05419548228383064,0.2847936153411865,0.00035340467002242804,0.043921634554862976,0.006002800073474646,0.19034336507320404,0.004979617893695831,0.05810389667749405,0.01901095360517502,0.16196750104427338,0.31610456109046936,0.000731751206330955,2.0680344104766846,0.09013210982084274,,,,,,,,,,,,,,,
,0.00017429162761765224,20249,,,,,,,,,,,,,,,,,,,,,,,,,,,,,,
29,,20249,0.03212986886501312,0.03336096927523613,0.15944510698318481,0.003599765244871378,0.026545049622654915,0.007944579236209393,0.14216139912605286,0.006182305049151182,0.05407451093196869,0.019664837047457695,0.10526380687952042,0.2307012677192688,0.0025298958644270897,2.0652987957000732,0.05640177056193352,,,,,,,,,,,,,,,
,0.00017416334462211052,20259,,,,,,,,,,,,,,,,,,,,,,,,,,,,,,
29,,20259,0.07168395817279816,0.04388401284813881,0.2442917823791504,0.002000893233343959,0.052882805466651917,0.01031290553510189,0.16958434879779816,0.009617224335670471,0.13594937324523926,0.0231816116720438,0.1786825805902481,0.3972230851650238,0.0004617342201527208,2.0679070949554443,0.07507911324501038,,,,,,,,,,,,,,,
,0.0001740350434800709,20269,,,,,,,,,,,,,,,,,,,,,,,,,,,,,,
29,,20269,0.030294934287667274,0.04211634397506714,0.269877165555954,0.0012514748377725482,0.02882339060306549,0.006125989835709333,0.148002028465271,0.005793004762381315,0.035075169056653976,0.028464922681450844,0.15598329901695251,0.25839340686798096,0.0027039586566388607,2.076974391937256,0.05958963558077812,,,,,,,,,,,,,,,
,0.00017390672428788657,20279,,,,,,,,,,,,,,,,,,,,,,,,,,,,,,
29,,20279,0.09033464640378952,0.019598674029111862,0.17329645156860352,0.0007629591273143888,0.043446362018585205,0.018731052055954933,0.10750788450241089,0.008065449073910713,0.12001136690378189,0.04244955629110336,0.14575321972370148,0.347084105014801,0.0009143457864411175,2.0644078254699707,0.09904026240110397,,,,,,,,,,,,,,,
,0.00017377838714192434,20289,,,,,,,,,,,,,,,,,,,,,,,,,,,,,,
29,,20289,0.02637290768325329,0.023814784362912178,0.2440735399723053,0.00120566226541996,0.033827777951955795,0.003863308811560273,0.14186449348926544,0.004250049591064453,0.051330361515283585,0.025092700496315956,0.15807655453681946,0.2527126967906952,0.0012989245587959886,2.0952184200286865,0.05819777026772499,,,,,,,,,,,,,,,
,0.00017365003213856445,20299,,,,,,,,,,,,,,,,,,,,,,,,,,,,,,
29,,20299,0.019541801884770393,0.020826194435358047,0.1959371268749237,0.0013498469488695264,0.04010918736457825,0.008833713829517365,0.11120057106018066,0.0020562629215419292,0.021796083077788353,0.034529656171798706,0.14815612137317657,0.21088775992393494,0.0022194504272192717,2.097208023071289,0.09842874854803085,,,,,,,,,,,,,,,
,0.00017352165937420063,20309,,,,,,,,,,,,,,,,,,,,,,,,,,,,,,
29,,20309,0.019368864595890045,0.018564363941550255,0.22968921065330505,0.0007250042399391532,0.022053126245737076,0.006269605830311775,0.12104032188653946,0.004689216148108244,0.03884626179933548,0.030168194323778152,0.16369180381298065,0.22213880717754364,0.00042143574682995677,2.0495471954345703,0.05089400336146355,,,,,,,,,,,,,,,
,0.00017339326894523987,20319,,,,,,,,,,,,,,,,,,,,,,,,,,,,,,
29,,20319,0.027375513687729836,0.019378794357180595,0.29529869556427,0.0019852269906550646,0.04167596250772476,0.006337924860417843,0.14190149307250977,0.004928024020045996,0.052324939519166946,0.031242119148373604,0.1535641849040985,0.29362231492996216,0.005459921434521675,2.106423854827881,0.11477621644735336,,,,,,,,,,,,,,,
,0.00017326486094810246,20329,,,,,,,,,,,,,,,,,,,,,,,,,,,,,,
29,,20329,0.033878620713949203,0.0253865085542202,0.2669215798377991,0.003914622589945793,0.034707438200712204,0.010299868881702423,0.1418912410736084,0.004601677879691124,0.054082877933979034,0.04241352528333664,0.15581293404102325,0.2794182598590851,0.0017013925826177,2.0634632110595703,0.07041019946336746,,,,,,,,,,,,,,,
,0.00017313643547922191,20339,,,,,,,,,,,,,,,,,,,,,,,,,,,,,,
29,,20339,0.033709827810525894,0.017641741782426834,0.14952708780765533,0.0010709729976952076,0.029249275103211403,0.008190629072487354,0.1005638912320137,0.0024417699314653873,0.03160461038351059,0.02717837691307068,0.10497568547725677,0.18311692774295807,0.0017191633814945817,2.0836572647094727,0.052967265248298645,,,,,,,,,,,,,,,
,0.00017300799263504486,20349,,,,,,,,,,,,,,,,,,,,,,,,,,,,,,
29,,20349,0.050948869436979294,0.020793896168470383,0.2297319620847702,0.0007607015431858599,0.04728993773460388,0.009695172309875488,0.14896667003631592,0.00893627479672432,0.06851674616336823,0.05213674530386925,0.1594478189945221,0.3073490858078003,0.0011418333742767572,2.10123872756958,0.10553375631570816,,,,,,,,,,,,,,,
,0.00017287953251203086,20359,,,,,,,,,,,,,,,,,,,,,,,,,,,,,,
29,,20359,0.02656976692378521,0.023983128368854523,0.24134746193885803,0.002940951380878687,0.028406092897057533,0.0035684409085661173,0.1267835795879364,0.00600544223561883,0.044139765202999115,0.05692141130566597,0.1623842865228653,0.25585290789604187,0.000881947809830308,2.0895984172821045,0.08335236459970474,,,,,,,,,,,,,,,
,0.0001727510552066526,20369,,,,,,,,,,,,,,,,,,,,,,,,,,,,,,
29,,20369,0.04995067045092583,0.015518545173108578,0.1493973731994629,0.0011002857936546206,0.030130214989185333,0.0053499420173466206,0.09942387789487839,0.003879331285133958,0.034569356590509415,0.04242916777729988,0.13234136998653412,0.20477071404457092,0.000442148360889405,2.077136278152466,0.06960496306419373,,,,,,,,,,,,,,,
,0.00017262256081539555,20379,,,,,,,,,,,,,,,,,,,,,,,,,,,,,,
29,,20379,0.02955986186861992,0.015719449147582054,0.21686449646949768,0.0009857086697593331,0.04223599657416344,0.011759772896766663,0.12094219774007797,0.007505783811211586,0.050348807126283646,0.03284355625510216,0.1527170091867447,0.26058968901634216,0.002698639640584588,2.0766031742095947,0.10259783267974854,,,,,,,,,,,,,,,
,0.00017249404943475819,20389,,,,,,,,,,,,,,,,,,,,,,,,,,,,,,
29,,20389,0.034139081835746765,0.021675487980246544,0.18365724384784698,0.0024076723493635654,0.028163595125079155,0.010327008552849293,0.10836710780858994,0.007754221558570862,0.058328431099653244,0.04429541528224945,0.140006422996521,0.2489793598651886,0.0005140317371115088,2.084371328353882,0.08398772031068802,,,,,,,,,,,,,,,
,0.0001723655211612515,20399,,,,,,,,,,,,,,,,,,,,,,,,,,,,,,
29,,20399,0.03668824955821037,0.024786874651908875,0.23655585944652557,0.004337569698691368,0.02938315086066723,0.007591655943542719,0.1335560381412506,0.008028681389987469,0.07547479122877121,0.04581453278660774,0.13006387650966644,0.2883433699607849,0.0015157820889726281,2.1043756008148193,0.0744844377040863,,,,,,,,,,,,,,,
,0.00017223697609139942,20409,,,,,,,,,,,,,,,,,,,,,,,,,,,,,,
29,,20409,0.0281321182847023,0.0134893748909235,0.1771596372127533,0.0011759084882214665,0.035477422177791595,0.007822100073099136,0.0937521904706955,0.006534350570291281,0.03712253272533417,0.03637184947729111,0.13923153281211853,0.21995122730731964,0.000823699461761862,2.0882444381713867,0.10721498727798462,,,,,,,,,,,,,,,
,0.00017210841432173832,20419,,,,,,,,,,,,,,,,,,,,,,,,,,,,,,
29,,20419,0.042780552059412,0.017706701532006264,0.22198539972305298,0.0006232181331142783,0.044257987290620804,0.008523372001945972,0.12436135858297348,0.004204638302326202,0.05197295919060707,0.03170967474579811,0.17065466940402985,0.27346447110176086,0.0019470821134746075,2.084183931350708,0.11448028683662415,,,,,,,,,,,,,,,
,0.00017197983594881711,20429,,,,,,,,,,,,,,,,,,,,,,,,,,,,,,
29,,20429,0.04814323037862778,0.018353570252656937,0.20382550358772278,0.002262282883748412,0.0478874109685421,0.012402106076478958,0.11925343424081802,0.0039103273302316666,0.0638316422700882,0.02111523039638996,0.169500470161438,0.2855713963508606,0.00480448454618454,2.0720694065093994,0.11049436032772064,,,,,,,,,,,,,,,
,0.0001718512410691973,20439,,,,,,,,,,,,,,,,,,,,,,,,,,,,,,
29,,20439,0.044205520302057266,0.017552778124809265,0.18841210007667542,0.0019259621622040868,0.034212060272693634,0.009832647629082203,0.1052742451429367,0.008084526285529137,0.07823222875595093,0.036869343370199203,0.14167623221874237,0.2786126136779785,0.004023099783807993,2.0669960975646973,0.09015237540006638,,,,,,,,,,,,,,,
,0.00017172262977945273,20449,,,,,,,,,,,,,,,,,,,,,,,,,,,,,,
29,,20449,0.04028187692165375,0.019232604652643204,0.19215747714042664,0.001958774635568261,0.024927997961640358,0.00877715926617384,0.10955141484737396,0.0047274562530219555,0.05391336604952812,0.03394664451479912,0.12540969252586365,0.2357204407453537,0.0005584148457273841,2.081890106201172,0.06966280937194824,,,,,,,,,,,,,,,
,0.00017159400217616947,20459,,,,,,,,,,,,,,,,,,,,,,,,,,,,,,
29,,20459,0.02911931835114956,0.02739160880446434,0.17113687098026276,0.0014195892727002501,0.04590412229299545,0.005945463664829731,0.0947314128279686,0.004685524385422468,0.046871136873960495,0.026043983176350594,0.12499894201755524,0.2226504534482956,0.00034424004843458533,2.0790257453918457,0.08478199690580368,,,,,,,,,,,,,,,
,0.00017146535835594598,20469,,,,,,,,,,,,,,,,,,,,,,,,,,,,,,
29,,20469,0.04997312277555466,0.02026730217039585,0.18685199320316315,0.0023896789643913507,0.04270520433783531,0.009367212653160095,0.11419161409139633,0.008933909237384796,0.07148782163858414,0.04071161895990372,0.14019282162189484,0.27725061774253845,0.002049397910013795,2.051734685897827,0.08395864069461823,,,,,,,,,,,,,,,
,0.00017133669841539283,20479,,,,,,,,,,,,,,,,,,,,,,,,,,,,,,
29,,20479,0.033723134547472,0.027623122557997704,0.20195065438747406,0.00032658848795108497,0.04667460545897484,0.008201602846384048,0.1225612610578537,0.006476860027760267,0.043701015412807465,0.048551466315984726,0.1456790715456009,0.2503422498703003,0.000604168395511806,2.0432465076446533,0.09303101152181625,,,,,,,,,,,,,,,
,0.0001712080224511327,20489,,,,,,,,,,,,,,,,,,,,,,,,,,,,,,
29,,20489,0.04120606556534767,0.025357572361826897,0.23276287317276,0.002704411745071411,0.023126069456338882,0.01097808126360178,0.1333935558795929,0.007576525676995516,0.05881393700838089,0.021668480709195137,0.12012023478746414,0.26230159401893616,0.0004270075587555766,2.0942447185516357,0.06770500540733337,,,,,,,,,,,,,,,
,0.00017107933055980032,20499,,,,,,,,,,,,,,,,,,,,,,,,,,,,,,
29,,20499,0.0382956862449646,0.019053176045417786,0.1739870309829712,0.0006596894236281514,0.02483910508453846,0.008104201406240463,0.10326138138771057,0.008350363001227379,0.07277791202068329,0.03309621289372444,0.12119972705841064,0.2423124611377716,0.0012975360732525587,2.0753934383392334,0.0499337799847126,,,,,,,,,,,,,,,
,0.00017095062283804238,20509,,,,,,,,,,,,,,,,,,,,,,,,,,,,,,
29,,20509,0.04233228415250778,0.028646335005760193,0.21484515070915222,0.002910270821303129,0.03391314297914505,0.006214146967977285,0.11118696630001068,0.009006639011204243,0.05785905942320824,0.039376191794872284,0.1311783790588379,0.26009923219680786,0.0003301365941297263,2.096435308456421,0.07130227982997894,,,,,,,,,,,,,,,
,0.00017082189938251745,20519,,,,,,,,,,,,,,,,,,,,,,,,,,,,,,
29,,20519,0.01947784796357155,0.014857145957648754,0.15058879554271698,0.001805168460123241,0.023567747324705124,0.011209727264940739,0.08213850855827332,0.004238965921103954,0.03348742797970772,0.04575294628739357,0.12143780291080475,0.18065819144248962,0.0016815803246572614,2.081139326095581,0.05134900286793709,,,,,,,,,,,,,,,
,0.00017069316028989594,20529,,,,,,,,,,,,,,,,,,,,,,,,,,,,,,
29,,20529,0.018856298178434372,0.02179955691099167,0.22177506983280182,0.004678148776292801,0.02799730934202671,0.0048894863575696945,0.11172938346862793,0.002646669978275895,0.04779962822794914,0.05172181874513626,0.1524520367383957,0.23876835405826569,0.0007127767312340438,2.0956451892852783,0.07541844248771667,,,,,,,,,,,,,,,
,0.00017056440565685994,20539,,,,,,,,,,,,,,,,,,,,,,,,,,,,,,
29,,20539,0.05736371502280235,0.060834262520074844,0.26878097653388977,0.0027000592090189457,0.0591261051595211,0.014599429443478584,0.19080007076263428,0.008184339851140976,0.09553398936986923,0.033033400774002075,0.16603146493434906,0.38368600606918335,0.0008567334152758121,2.1064040660858154,0.11606156826019287,,,,,,,,,,,,,,,
,0.0001704356355801033,20549,,,,,,,,,,,,,,,,,,,,,,,,,,,,,,
29,,20549,0.029206369072198868,0.01873801462352276,0.22773170471191406,0.0041271080262959,0.03199879080057144,0.009980602189898491,0.10513773560523987,0.004827060736715794,0.06328753381967545,0.03116919845342636,0.1427728831768036,0.2606297731399536,0.00045652437256649137,2.08597731590271,0.08336412906646729,,,,,,,,,,,,,,,
,0.00017030685015633138,20559,,,,,,,,,,,,,,,,,,,,,,,,,,,,,,
29,,20559,0.04245011508464813,0.05552952364087105,0.27445653080940247,0.002430784050375223,0.03709701821208,0.005025532096624374,0.15094922482967377,0.004261230118572712,0.07248017191886902,0.03018767759203911,0.16910448670387268,0.31821948289871216,0.0004947551060467958,2.0788261890411377,0.08301778882741928,,,,,,,,,,,,,,,
,0.00017017804948226114,20569,,,,,,,,,,,,,,,,,,,,,,,,,,,,,,
29,,20569,0.02580978535115719,0.05930127203464508,0.2697041630744934,0.006385326385498047,0.024372680112719536,0.010509240441024303,0.144204244017601,0.005536775570362806,0.04335124418139458,0.018182942643761635,0.123166523873806,0.2708984613418579,0.0016158008947968483,2.0700273513793945,0.07237672060728073,,,,,,,,,,,,,,,
,0.00017004923365462093,20579,,,,,,,,,,,,,,,,,,,,,,,,,,,,,,
29,,20579,0.044757165014743805,0.0186042208224535,0.14245827496051788,0.001823687693104148,0.03180030360817909,0.005269147455692291,0.10216499119997025,0.009521003812551498,0.07533201575279236,0.055558886379003525,0.1333443969488144,0.25050103664398193,0.0010789065854623914,2.0621755123138428,0.06353024393320084,,,,,,,,,,,,,,,
,0.00016992040277015048,20589,,,,,,,,,,,,,,,,,,,,,,,,,,,,,,
29,,20589,0.024507543072104454,0.016715997830033302,0.18891221284866333,0.00128166563808918,0.04434574395418167,0.004480564966797829,0.129897803068161,0.01015615276992321,0.11772258579730988,0.027083804830908775,0.12745904922485352,0.3085278570652008,0.00027410013717599213,2.0943806171417236,0.09374650567770004,,,,,,,,,,,,,,,
,0.000169791556925601,20599,,,,,,,,,,,,,,,,,,,,,,,,,,,,,,
29,,20599,0.030551282688975334,0.017037007957696915,0.2056591659784317,0.0008767583058215678,0.045021191239356995,0.008913944475352764,0.14676906168460846,0.0047223977744579315,0.0524832047522068,0.04577271640300751,0.13275854289531708,0.24977289140224457,0.0009821703424677253,2.087216377258301,0.07032675296068192,,,,,,,,,,,,,,,
,0.00016966269621773462,20609,,,,,,,,,,,,,,,,,,,,,,,,,,,,,,
29,,20609,0.1096435934305191,0.02964499406516552,0.2623879611492157,0.0025566755793988705,0.0643700659275055,0.01220740471035242,0.1841834932565689,0.008101359009742737,0.1827635020017624,0.045901183038949966,0.16078120470046997,0.48687317967414856,0.0021652081049978733,2.0815727710723877,0.12868918478488922,,,,,,,,,,,,,,,
,0.0001695338207433249,20619,,,,,,,,,,,,,,,,,,,,,,,,,,,,,,
29,,20619,0.05486797168850899,0.02341850847005844,0.23968125879764557,0.0016509204870089889,0.036519184708595276,0.007647170685231686,0.13737015426158905,0.005768114235252142,0.08980939537286758,0.03617246448993683,0.15917055308818817,0.31505391001701355,0.0008216661517508328,2.0794482231140137,0.07914058119058609,,,,,,,,,,,,,,,
,0.00016940493059915633,20629,,,,,,,,,,,,,,,,,,,,,,,,,,,,,,
29,,20629,0.033843327313661575,0.014798439107835293,0.18831679224967957,0.002957901218906045,0.030576210469007492,0.004154568072408438,0.09988977760076523,0.006750754080712795,0.04618553817272186,0.028581999242305756,0.1313004344701767,0.23488785326480865,0.0033443556167185307,2.097379446029663,0.10357347875833511,,,,,,,,,,,,,,,
,0.00016927602588202452,20639,,,,,,,,,,,,,,,,,,,,,,,,,,,,,,
29,,20639,0.020853253081440926,0.018522920086979866,0.17738959193229675,0.0010869464604184031,0.024850541725754738,0.0080889742821455,0.08987201750278473,0.005148230120539665,0.030914101749658585,0.024617362767457962,0.12607885897159576,0.18839131295681,0.0011281403712928295,2.071845769882202,0.05809236690402031,,,,,,,,,,,,,,,
,0.000169147106688736,20649,,,,,,,,,,,,,,,,,,,,,,,,,,,,,,
29,,20649,0.028475692495703697,0.010163168422877789,0.13124556839466095,0.0009135180152952671,0.028024518862366676,0.007544335443526506,0.07279157638549805,0.008569070138037205,0.051199231296777725,0.03260377421975136,0.11269240826368332,0.19682221114635468,0.0007893857546150684,2.0661985874176025,0.07089660316705704,,,,,,,,,,,,,,,
,0.0001690181731161082,20659,,,,,,,,,,,,,,,,,,,,,,,,,,,,,,
29,,20659,0.04584002494812012,0.022319737821817398,0.24372057616710663,0.001853850670158863,0.044493526220321655,0.004676375538110733,0.130764439702034,0.009493811056017876,0.09586067497730255,0.030248619616031647,0.16085922718048096,0.32568904757499695,0.002683392958715558,2.0806586742401123,0.09323807060718536,,,,,,,,,,,,,,,
,0.00016888922526096914,20669,,,,,,,,,,,,,,,,,,,,,,,,,,,,,,
29,,20669,0.03801508620381355,0.02979036420583725,0.2585044503211975,0.005372024606913328,0.04352123290300369,0.01175781525671482,0.14840248227119446,0.006779458839446306,0.052235767245292664,0.03532788157463074,0.14690907299518585,0.3027331233024597,0.013257154263556004,2.1011855602264404,0.09357617795467377,,,,,,,,,,,,,,,
,0.0001687602632201579,20679,,,,,,,,,,,,,,,,,,,,,,,,,,,,,,
29,,20679,0.04831961169838905,0.027812043204903603,0.20245136320590973,0.0018174105789512396,0.04807492345571518,0.0053789932280778885,0.13548344373703003,0.0069974251091480255,0.0856882780790329,0.07192646712064743,0.15969783067703247,0.3153320252895355,0.0033418871462345123,2.080587148666382,0.100531205534935,,,,,,,,,,,,,,,
,0.000168631287090524,20689,,,,,,,,,,,,,,,,,,,,,,,,,,,,,,
29,,20689,0.03147578984498978,0.0709669217467308,0.23273739218711853,0.001184294931590557,0.02681896649301052,0.019761141389608383,0.1604311317205429,0.004744089208543301,0.04160980507731438,0.02554192766547203,0.15951679646968842,0.2761197090148926,0.00023596006212756038,2.096625328063965,0.07323973625898361,,,,,,,,,,,,,,,
,0.00016850229696892754,20699,,,,,,,,,,,,,,,,,,,,,,,,,,,,,,
29,,20699,0.02786390110850334,0.050761628895998,0.23510275781154633,0.001819678582251072,0.04092978686094284,0.010272868908941746,0.1528814285993576,0.008928658440709114,0.06702987849712372,0.020092640072107315,0.13661882281303406,0.29736068844795227,0.000523156370036304,2.0504539012908936,0.10121667385101318,,,,,,,,,,,,,,,
,0.00016837329295223922,20709,,,,,,,,,,,,,,,,,,,,,,,,,,,,,,
29,,20709,0.03860357031226158,0.029897121712565422,0.16910123825073242,0.0019835017155855894,0.0199134461581707,0.00836458895355463,0.11329451948404312,0.007854367606341839,0.059116583317518234,0.0536508709192276,0.14356549084186554,0.24611996114253998,0.0027755429036915302,2.0786213874816895,0.06051313877105713,,,,,,,,,,,,,,,
,0.0001682442751373401,20719,,,,,,,,,,,,,,,,,,,,,,,,,,,,,,
29,,20719,0.04816232994198799,0.017493562772870064,0.20019125938415527,0.0011561709688976407,0.03440818190574646,0.008793984539806843,0.10096879303455353,0.010433061048388481,0.062174730002880096,0.02835097908973694,0.13905484974384308,0.25591906905174255,0.0015416900860145688,2.076859474182129,0.0639086589217186,,,,,,,,,,,,,,,
,0.0001681152436211216,20729,,,,,,,,,,,,,,,,,,,,,,,,,,,,,,
29,,20729,0.047586821019649506,0.021205220371484756,0.22165094316005707,0.00037099423934705555,0.0395403727889061,0.01764756813645363,0.12024512887001038,0.004940270911902189,0.06781607121229172,0.023053478449583054,0.15383033454418182,0.2819921672344208,0.001986702671274543,2.099731206893921,0.08371036499738693,,,,,,,,,,,,,,,
,0.00016798619850048549,20739,,,,,,,,,,,,,,,,,,,,,,,,,,,,,,
29,,20739,0.03719806298613548,0.03293946385383606,0.23176869750022888,0.0014283988857641816,0.05269806832075119,0.006391066592186689,0.1670650988817215,0.00960956048220396,0.05904367193579674,0.04495348781347275,0.16579468548297882,0.304094135761261,0.0015624153893440962,2.1007802486419678,0.11035463213920593,,,,,,,,,,,,,,,
,0.0001678571398723438,20749,,,,,,,,,,,,,,,,,,,,,,,,,,,,,,
29,,20749,0.021222291514277458,0.027469411492347717,0.18457761406898499,0.0012098344741389155,0.020887941122055054,0.004382934886962175,0.11582574993371964,0.0026769423857331276,0.030011529102921486,0.017127402126789093,0.1196276843547821,0.1919916272163391,0.0029742640908807516,2.095811605453491,0.050941064953804016,,,,,,,,,,,,,,,
,0.00016772806783361857,20759,,,,,,,,,,,,,,,,,,,,,,,,,,,,,,
29,,20759,0.07303572446107864,0.01101917028427124,0.18255497515201569,0.0005216127610765398,0.049646876752376556,0.010733803734183311,0.12611021101474762,0.005795193836092949,0.13828548789024353,0.025909751653671265,0.15022678673267365,0.35439467430114746,0.00046000131987966597,2.059304714202881,0.10134128481149673,,,,,,,,,,,,,,,
,0.00016759898248124193,20769,,,,,,,,,,,,,,,,,,,,,,,,,,,,,,
29,,20769,0.06762779504060745,0.019878795370459557,0.2724863588809967,0.001703234389424324,0.050025612115859985,0.006355230696499348,0.16375038027763367,0.014078566804528236,0.13809411227703094,0.02745884470641613,0.169207364320755,0.41555917263031006,0.008400947786867619,2.1097075939178467,0.11729701608419418,,,,,,,,,,,,,,,
,0.00016746988391215612,20779,,,,,,,,,,,,,,,,,,,,,,,,,,,,,,
29,,20779,0.05867036432027817,0.013736020773649216,0.11076857149600983,0.0008510331390425563,0.023383188992738724,0.004604679998010397,0.0917988047003746,0.009482602588832378,0.0682731494307518,0.0322309210896492,0.11195308715105057,0.22158463299274445,0.0013259397819638252,2.1052896976470947,0.05089550465345383,,,,,,,,,,,,,,,
,0.00016734077222331322,20789,,,,,,,,,,,,,,,,,,,,,,,,,,,,,,
29,,20789,0.04960813745856285,0.0137477433308959,0.1664116084575653,0.0020018857903778553,0.03963865712285042,0.013342670165002346,0.09428432583808899,0.008766930550336838,0.09047950804233551,0.0326882004737854,0.15220287442207336,0.28487566113471985,0.001990085933357477,2.081138849258423,0.0863824412226677,,,,,,,,,,,,,,,
,0.00016721164751167512,20799,,,,,,,,,,,,,,,,,,,,,,,,,,,,,,
29,,20799,0.03779415041208267,0.016522755846381187,0.18644602596759796,0.005455649923533201,0.05046147480607033,0.007080447860062122,0.10782754421234131,0.0078395064920187,0.06660805642604828,0.04108617454767227,0.1418028175830841,0.27159643173217773,0.0002615451521705836,2.065284252166748,0.10785242915153503,,,,,,,,,,,,,,,
,0.0001670825098742136,20809,,,,,,,,,,,,,,,,,,,,,,,,,,,,,,
29,,20809,0.03421733155846596,0.015214065089821815,0.18156203627586365,0.002309150993824005,0.025961626321077347,0.010811805725097656,0.10861989855766296,0.006999257020652294,0.07624757289886475,0.0419439859688282,0.1316375732421875,0.25518280267715454,0.0019462773343548179,2.0759270191192627,0.0611574612557888,,,,,,,,,,,,,,,
,0.00016695335940791008,20819,,,,,,,,,,,,,,,,,,,,,,,,,,,,,,
29,,20819,0.021292684599757195,0.03619711101055145,0.23975315690040588,0.005040749907493591,0.035487864166498184,0.007172733079642057,0.145253986120224,0.008760966360569,0.07147371768951416,0.04405088350176811,0.14526063203811646,0.28888264298439026,0.0010356984566897154,2.0844626426696777,0.07029584795236588,,,,,,,,,,,,,,,
,0.0001668241962097557,20829,,,,,,,,,,,,,,,,,,,,,,,,,,,,,,
29,,20829,0.037302177399396896,0.017445426434278488,0.15776081383228302,0.00247358251363039,0.04855092242360115,0.007460812106728554,0.123927041888237,0.008684679865837097,0.08198162913322449,0.058919548988342285,0.14730733633041382,0.27262717485427856,0.0018894996028393507,2.071059465408325,0.06496989727020264,,,,,,,,,,,,,,,
,0.000166695020376751,20839,,,,,,,,,,,,,,,,,,,,,,,,,,,,,,
29,,20839,0.026617201045155525,0.030479682609438896,0.22078000009059906,0.0038260421715676785,0.0401492677628994,0.005795944482088089,0.12184127420186996,0.010269131511449814,0.08597966283559799,0.03494329750537872,0.15559865534305573,0.3025577962398529,0.002146628452464938,2.0711123943328857,0.09615008533000946,,,,,,,,,,,,,,,
,0.00016656583200590612,20849,,,,,,,,,,,,,,,,,,,,,,,,,,,,,,
29,,20849,0.050706133246421814,0.011835483834147453,0.17216309905052185,0.0012443795567378402,0.042389944195747375,0.005867056082934141,0.1044895350933075,0.007073105778545141,0.06503093987703323,0.04188906401395798,0.15996354818344116,0.25735926628112793,0.0006486839265562594,2.0500147342681885,0.07898826152086258,,,,,,,,,,,,,,,
29,,20849,,,,,,,,,,,,,,,,0.17192675173282623,0.035569142550230026,0.30037564039230347,0.008395216427743435,0.07217426598072052,0.0019383692415431142,0.16920165717601776,0.01991458050906658,0.2056979238986969,0.08066894859075546,0.18139654397964478,0.5892165303230286,0.011720146983861923,2.080007314682007,0.14497382938861847
,0.00016643663119424065,20859,,,,,,,,,,,,,,,,,,,,,,,,,,,,,,
30,,20859,0.05215758457779884,0.017221305519342422,0.21396870911121368,0.001713572652079165,0.041905008256435394,0.00596163235604763,0.12654151022434235,0.01011291891336441,0.11156095564365387,0.04086823761463165,0.16091489791870117,0.33799007534980774,0.0011711217230185866,2.067396640777588,0.10955959558486938,,,,,,,,,,,,,,,
,0.00016630741803878342,20869,,,,,,,,,,,,,,,,,,,,,,,,,,,,,,
30,,20869,0.04743947088718414,0.013910065405070782,0.13714639842510223,0.0016265392769128084,0.030263837426900864,0.018246039748191833,0.11639492213726044,0.008597830310463905,0.12162858992815018,0.03350983187556267,0.11571037024259567,0.29287856817245483,0.0005329524865373969,2.0798189640045166,0.053695742040872574,,,,,,,,,,,,,,,
,0.00016617819263657258,20879,,,,,,,,,,,,,,,,,,,,,,,,,,,,,,
30,,20879,0.053883809596300125,0.01786528155207634,0.13691885769367218,0.0009565382497385144,0.02294527180492878,0.01210940070450306,0.10317020863294601,0.005289770197123289,0.08278746902942657,0.04570477455854416,0.11481757462024689,0.24783465266227722,0.0005843862309120595,2.0659472942352295,0.052166737616062164,,,,,,,,,,,,,,,
,0.0001660489550846555,20889,,,,,,,,,,,,,,,,,,,,,,,,,,,,,,
30,,20889,0.06028547137975693,0.02033868432044983,0.20159417390823364,0.00162497500423342,0.025897540152072906,0.012952573597431183,0.14240600168704987,0.010220804251730442,0.10216943174600601,0.04386574402451515,0.14999277889728546,0.32316988706588745,0.0006205327226780355,2.058138847351074,0.08215698599815369,,,,,,,,,,,,,,,
,0.0001659197054800886,20899,,,,,,,,,,,,,,,,,,,,,,,,,,,,,,
30,,20899,0.024704057723283768,0.017966631799936295,0.22267165780067444,0.00230781058780849,0.041749484837055206,0.0075422655791044235,0.1216689944267273,0.004081017337739468,0.045302800834178925,0.03879110515117645,0.14960086345672607,0.25511449575424194,0.0014515664661303163,2.0716848373413086,0.11755502223968506,,,,,,,,,,,,,,,
,0.0001657904439199375,20909,,,,,,,,,,,,,,,,,,,,,,,,,,,,,,
30,,20909,0.05302828177809715,0.014971588738262653,0.16184237599372864,0.0032739010639488697,0.030172523111104965,0.015451295301318169,0.1311459243297577,0.008386828005313873,0.11597847938537598,0.031189022585749626,0.138630673289299,0.3068910241127014,0.0009445809409953654,2.0931622982025146,0.0559733547270298,,,,,,,,,,,,,,,
,0.00016566117050127667,20919,,,,,,,,,,,,,,,,,,,,,,,,,,,,,,
30,,20919,0.05453202500939369,0.027118487283587456,0.1730145961046219,0.0018201959319412708,0.03360986337065697,0.009530004113912582,0.10807393491268158,0.011183205991983414,0.11854568123817444,0.052043367177248,0.12584763765335083,0.318412184715271,0.0036399001255631447,2.0676732063293457,0.06681140512228012,,,,,,,,,,,,,,,
,0.00016553188532118944,20929,,,,,,,,,,,,,,,,,,,,,,,,,,,,,,
30,,20929,0.051221560686826706,0.048874083906412125,0.2755761444568634,0.002288787392899394,0.0368100106716156,0.014135153032839298,0.19507668912410736,0.01247178390622139,0.12235740572214127,0.04750143736600876,0.16151833534240723,0.393943727016449,0.001939537120051682,2.0776028633117676,0.07528266310691833,,,,,,,,,,,,,,,
,0.00016540258847676812,20939,,,,,,,,,,,,,,,,,,,,,,,,,,,,,,
30,,20939,0.04112110659480095,0.018483497202396393,0.18373322486877441,0.001650546328164637,0.020611638203263283,0.012087675742805004,0.0996127650141716,0.007179213687777519,0.0634421706199646,0.027883391827344894,0.12898589670658112,0.23741136491298676,0.00023280794266611338,2.0765583515167236,0.05251035466790199,,,,,,,,,,,,,,,
,0.00016527328006511367,20949,,,,,,,,,,,,,,,,,,,,,,,,,,,,,,
30,,20949,0.057650525122880936,0.023290812969207764,0.23409083485603333,0.0022052458953112364,0.03801567107439041,0.008663663640618324,0.14273181557655334,0.006513535976409912,0.10423916578292847,0.027189409360289574,0.146688312292099,0.327808678150177,0.0002376328775426373,2.097090244293213,0.07769813388586044,,,,,,,,,,,,,,,
,0.00016514396018333584,20959,,,,,,,,,,,,,,,,,,,,,,,,,,,,,,
30,,20959,0.033386535942554474,0.019528724253177643,0.24915647506713867,0.003104811068624258,0.03295870125293732,0.003204189706593752,0.12092941999435425,0.004507982637733221,0.05516215041279793,0.035904619842767715,0.14332044124603271,0.25886330008506775,0.0009483551257289946,2.0721278190612793,0.07254792004823685,,,,,,,,,,,,,,,
,0.00016501462892855282,20969,,,,,,,,,,,,,,,,,,,,,,,,,,,,,,
30,,20969,0.022134678438305855,0.023990364745259285,0.23111625015735626,0.0010477706091478467,0.03519245982170105,0.006350232753902674,0.13025428354740143,0.004133944399654865,0.05462183430790901,0.03873690217733383,0.146535262465477,0.26069992780685425,0.0006037533166818321,2.1062159538269043,0.10213296860456467,,,,,,,,,,,,,,,
,0.00016488528639789157,20979,,,,,,,,,,,,,,,,,,,,,,,,,,,,,,
30,,20979,0.027593517675995827,0.01765470579266548,0.16776716709136963,0.0018673499580472708,0.020259790122509003,0.002671096008270979,0.0838601216673851,0.006667228415608406,0.03189384192228317,0.03588554635643959,0.10846949368715286,0.18106316030025482,0.0008673756383359432,2.098263740539551,0.047120995819568634,,,,,,,,,,,,,,,
,0.00016475593268848736,20989,,,,,,,,,,,,,,,,,,,,,,,,,,,,,,
30,,20989,0.03539931774139404,0.040375322103500366,0.34265634417533875,0.0034117475152015686,0.02377164550125599,0.00970019306987524,0.18111522495746613,0.00919150561094284,0.07369701564311981,0.035358674824237823,0.17581894993782043,0.3388408124446869,0.00014804190141148865,2.076704740524292,0.06402142345905304,,,,,,,,,,,,,,,
,0.00016462656789748386,20999,,,,,,,,,,,,,,,,,,,,,,,,,,,,,,
30,,20999,0.035748548805713654,0.020693181082606316,0.19969582557678223,0.003299333620816469,0.027736816555261612,0.007589796092361212,0.15803468227386475,0.005957107059657574,0.09709229320287704,0.03291614353656769,0.14566069841384888,0.3036643862724304,0.0020539097022265196,2.1028850078582764,0.08298046141862869,,,,,,,,,,,,,,,
,0.00016449719212203315,21009,,,,,,,,,,,,,,,,,,,,,,,,,,,,,,
30,,21009,0.041520435363054276,0.018899980932474136,0.22271637618541718,0.0005843393737450242,0.03188829496502876,0.0038790092803537846,0.13881230354309082,0.0047559430822730064,0.0739983320236206,0.020097311586141586,0.14675478637218475,0.2782779932022095,0.0016377177089452744,2.095787525177002,0.08395446836948395,,,,,,,,,,,,,,,
,0.0001643678054592955,21019,,,,,,,,,,,,,,,,,,,,,,,,,,,,,,
30,,21019,0.031754251569509506,0.04346088320016861,0.25339818000793457,0.0013208617456257343,0.034471627324819565,0.013996992260217667,0.1730969250202179,0.0029681138694286346,0.034806981682777405,0.040646422654390335,0.14613710343837738,0.2823322117328644,0.0018243128433823586,2.0746352672576904,0.12638653814792633,,,,,,,,,,,,,,,
,0.00016423840800643927,21029,,,,,,,,,,,,,,,,,,,,,,,,,,,,,,
30,,21029,0.033807337284088135,0.02086859755218029,0.23266206681728363,0.0017545265145599842,0.02355809137225151,0.004479920957237482,0.12221065908670425,0.003273235633969307,0.04003296047449112,0.027016090229153633,0.1420651227235794,0.22595784068107605,0.0002832958707585931,2.070981502532959,0.04805498197674751,,,,,,,,,,,,,,,
,0.00016410899986064116,21039,,,,,,,,,,,,,,,,,,,,,,,,,,,,,,
30,,21039,0.030989186838269234,0.026068948209285736,0.23684214055538177,0.0021805057767778635,0.022349432110786438,0.0037497959565371275,0.14732593297958374,0.005973156075924635,0.03680333495140076,0.022711485624313354,0.12939909100532532,0.2344176471233368,0.0015187523094937205,2.0982372760772705,0.05795601010322571,,,,,,,,,,,,,,,
,0.00016397958111908563,21049,,,,,,,,,,,,,,,,,,,,,,,,,,,,,,
30,,21049,0.055215030908584595,0.028277192264795303,0.2355319708585739,0.0008060744730755687,0.02212625928223133,0.004477244336158037,0.14978322386741638,0.006595090962946415,0.06063117831945419,0.01958438754081726,0.11496594548225403,0.2702244222164154,0.003727471688762307,2.0918002128601074,0.05913257971405983,,,,,,,,,,,,,,,
,0.0001638501518789653,21059,,,,,,,,,,,,,,,,,,,,,,,,,,,,,,
30,,21059,0.050925835967063904,0.01859637163579464,0.20294636487960815,0.0014574453234672546,0.03396039828658104,0.008083303458988667,0.12408337742090225,0.006748426705598831,0.06517734378576279,0.05085034668445587,0.13527095317840576,0.27294260263442993,0.0011726089287549257,2.0805482864379883,0.08789018541574478,,,,,,,,,,,,,,,
,0.00016372071223748057,21069,,,,,,,,,,,,,,,,,,,,,,,,,,,,,,
30,,21069,0.023072324693202972,0.022905338555574417,0.18188561499118805,0.0011822981759905815,0.033465512096881866,0.004518031142652035,0.09653874486684799,0.009783060289919376,0.037652768194675446,0.0162306260317564,0.13620616495609283,0.21452724933624268,0.0007605202845297754,2.093963623046875,0.08482898026704788,,,,,,,,,,,,,,,
,0.00016359126229183968,21079,,,,,,,,,,,,,,,,,,,,,,,,,,,,,,
30,,21079,0.026188673451542854,0.017741072922945023,0.15458235144615173,0.001041259616613388,0.028919698670506477,0.007919438183307648,0.08885601162910461,0.006544487550854683,0.048030633479356766,0.04179980978369713,0.14984726905822754,0.21424393355846405,0.002705527236685157,2.099564552307129,0.0657115951180458,,,,,,,,,,,,,,,
,0.00016346180213925863,21089,,,,,,,,,,,,,,,,,,,,,,,,,,,,,,
30,,21089,0.0228680782020092,0.022724326699972153,0.3025662899017334,0.0006612598663195968,0.052838023751974106,0.00537992874160409,0.15249663591384888,0.004440280608832836,0.025469599291682243,0.03419619798660278,0.14964020252227783,0.26684004068374634,0.0004704144666902721,2.0898351669311523,0.11807920783758163,,,,,,,,,,,,,,,
,0.00016333233187696108,21099,,,,,,,,,,,,,,,,,,,,,,,,,,,,,,
30,,21099,0.031589705497026443,0.055292874574661255,0.2991490364074707,0.0010253088548779488,0.035276148468256,0.01570151373744011,0.1728416383266449,0.00842370931059122,0.042078178375959396,0.03967471793293953,0.1590644121170044,0.30057278275489807,0.0005552637157961726,2.0883874893188477,0.07729771733283997,,,,,,,,,,,,,,,
,0.00016320285160217814,21109,,,,,,,,,,,,,,,,,,,,,,,,,,,,,,
30,,21109,0.06162464991211891,0.01977660320699215,0.19915877282619476,0.002019640523940325,0.040147386491298676,0.01088591106235981,0.11741906404495239,0.012900450266897678,0.105979785323143,0.03273816034197807,0.13959240913391113,0.3246123790740967,0.00034093460999429226,2.087963581085205,0.09079056233167648,,,,,,,,,,,,,,,
,0.00016307336141214873,21119,,,,,,,,,,,,,,,,,,,,,,,,,,,,,,
30,,21119,0.026960905641317368,0.025668155401945114,0.23773688077926636,0.0013060877099633217,0.04300444945693016,0.006682999897748232,0.1348349153995514,0.004366494715213776,0.0380684994161129,0.047090839594602585,0.15018020570278168,0.2509991228580475,0.00023375145974569023,2.0791351795196533,0.0901816263794899,,,,,,,,,,,,,,,
,0.00016294386140411893,21129,,,,,,,,,,,,,,,,,,,,,,,,,,,,,,
30,,21129,0.06439799070358276,0.013227065093815327,0.13255411386489868,0.0007299890276044607,0.03467339649796486,0.010773655027151108,0.10619287937879562,0.015266094356775284,0.1286638379096985,0.03208966925740242,0.11502349376678467,0.3073789179325104,0.00045468949247151613,2.0785069465637207,0.055288948118686676,,,,,,,,,,,,,,,
,0.0001628143516753424,21139,,,,,,,,,,,,,,,,,,,,,,,,,,,,,,
30,,21139,0.05025644972920418,0.022791197523474693,0.26384419202804565,0.0015321249375119805,0.03753199800848961,0.01854916661977768,0.11591270565986633,0.009163405746221542,0.0675351470708847,0.026127103716135025,0.15303488075733185,0.3016321063041687,0.001345388824120164,2.086089611053467,0.08832082152366638,,,,,,,,,,,,,,,
,0.00016268483232307994,21149,,,,,,,,,,,,,,,,,,,,,,,,,,,,,,
30,,21149,0.053573012351989746,0.014459783211350441,0.13598541915416718,0.0005483957356773317,0.019925331696867943,0.0050454107113182545,0.09337776154279709,0.00817457027733326,0.062357183545827866,0.03540126979351044,0.10909780114889145,0.21976755559444427,0.0020675084087997675,2.0645852088928223,0.050918687134981155,,,,,,,,,,,,,,,
,0.0001625553034445997,21159,,,,,,,,,,,,,,,,,,,,,,,,,,,,,,
30,,21159,0.05090843886137009,0.02521287463605404,0.26663994789123535,0.0012044438626617193,0.04940950497984886,0.004055938217788935,0.1529993712902069,0.003988510929048061,0.16786068677902222,0.0256712157279253,0.16001452505588531,0.40955376625061035,0.0009341880795545876,2.0807549953460693,0.10516947507858276,,,,,,,,,,,,,,,
,0.00016242576513717693,21169,,,,,,,,,,,,,,,,,,,,,,,,,,,,,,
30,,21169,0.0793449729681015,0.019498374313116074,0.21833860874176025,0.001987845404073596,0.053784243762493134,0.013229986652731895,0.13962042331695557,0.01027084793895483,0.14247743785381317,0.04326700419187546,0.16159504652023315,0.3976641595363617,0.0016762514133006334,2.094931125640869,0.11501046270132065,,,,,,,,,,,,,,,
,0.00016229621749809398,21179,,,,,,,,,,,,,,,,,,,,,,,,,,,,,,
30,,21179,0.026118867099285126,0.02195717953145504,0.19820638000965118,0.0007735764374956489,0.032539039850234985,0.010961076244711876,0.11168182641267776,0.005032183602452278,0.0461028516292572,0.02070675790309906,0.1097417026758194,0.2260068953037262,0.002963610924780369,2.0663888454437256,0.07746774703264236,,,,,,,,,,,,,,,
,0.00016216666062464013,21189,,,,,,,,,,,,,,,,,,,,,,,,,,,,,,
30,,21189,0.02626502886414528,0.03247716650366783,0.182175874710083,0.0013522987719625235,0.045445218682289124,0.010257525369524956,0.16646124422550201,0.01155218668282032,0.119816854596138,0.046854935586452484,0.13054968416690826,0.33047232031822205,0.0016723355511203408,2.1114745140075684,0.08019635826349258,,,,,,,,,,,,,,,
,0.00016203709461411176,21199,,,,,,,,,,,,,,,,,,,,,,,,,,,,,,
30,,21199,0.0476321242749691,0.02314414083957672,0.17848381400108337,0.0008854977786540985,0.030617807060480118,0.0032311235554516315,0.1084577739238739,0.008821247145533562,0.07043538242578506,0.038007594645023346,0.12441737949848175,0.25848084688186646,0.0006205615936778486,2.0863893032073975,0.08043400943279266,,,,,,,,,,,,,,,
,0.0001619075195638119,21209,,,,,,,,,,,,,,,,,,,,,,,,,,,,,,
30,,21209,0.04350406304001808,0.01695912890136242,0.16246020793914795,0.0030506181064993143,0.027789222076535225,0.006751830689609051,0.09747673571109772,0.006552501581609249,0.054617833346128464,0.025290684774518013,0.10987188667058945,0.2196473479270935,0.0021638849284499884,2.101094961166382,0.051761195063591,,,,,,,,,,,,,,,
,0.00016177793557105053,21219,,,,,,,,,,,,,,,,,,,,,,,,,,,,,,
30,,21219,0.035481225699186325,0.0343850739300251,0.2590363621711731,0.010309970937669277,0.0304859708994627,0.0038439419586211443,0.1447591781616211,0.0027204230427742004,0.06615638732910156,0.02261650562286377,0.13710546493530273,0.29378741979599,0.0026141691487282515,2.0719709396362305,0.08744704723358154,,,,,,,,,,,,,,,
,0.00016164834273314435,21229,,,,,,,,,,,,,,,,,,,,,,,,,,,,,,
30,,21229,0.05895613878965378,0.018607448786497116,0.16907966136932373,0.0008141856524161994,0.039524372667074203,0.01750469207763672,0.1176082119345665,0.013587553054094315,0.0809934064745903,0.03962979465723038,0.1275840401649475,0.28628310561180115,0.0008930627955123782,2.0852060317993164,0.07617735862731934,,,,,,,,,,,,,,,
,0.00016151874114741653,21239,,,,,,,,,,,,,,,,,,,,,,,,,,,,,,
30,,21239,0.055417150259017944,0.01591663807630539,0.18732184171676636,0.0034848933573812246,0.04674220085144043,0.0054395473562181,0.11286506801843643,0.012800697237253189,0.13149717450141907,0.04251927137374878,0.13382339477539062,0.33611851930618286,0.0007940119248814881,2.072263479232788,0.07168592512607574,,,,,,,,,,,,,,,
,0.00016138913091119707,21249,,,,,,,,,,,,,,,,,,,,,,,,,,,,,,
30,,21249,0.03159431368112564,0.033723749220371246,0.22952909767627716,0.0013758150162175298,0.03302996978163719,0.01273752748966217,0.12720730900764465,0.006910205818712711,0.05061645060777664,0.04600805789232254,0.14019985496997833,0.26686006784439087,0.002049907110631466,2.096357583999634,0.087976835668087,,,,,,,,,,,,,,,
,0.0001612595121218222,21259,,,,,,,,,,,,,,,,,,,,,,,,,,,,,,
30,,21259,0.03401946648955345,0.04488832503557205,0.24945056438446045,0.0051620169542729855,0.035906832665205,0.010472873225808144,0.16258268058300018,0.00731840543448925,0.05173840746283531,0.04645831882953644,0.17157922685146332,0.2942236363887787,0.0003141985216643661,2.080434560775757,0.07915651053190231,,,,,,,,,,,,,,,
,0.0001611298848766348,21269,,,,,,,,,,,,,,,,,,,,,,,,,,,,,,
30,,21269,0.057919178158044815,0.03237244486808777,0.2187005877494812,0.003231000155210495,0.043562233448028564,0.011202952824532986,0.13097533583641052,0.009824198670685291,0.09418486058712006,0.04524264484643936,0.1491195112466812,0.3278549909591675,0.00032179945264942944,2.0713515281677246,0.0897606760263443,,,,,,,,,,,,,,,
,0.00016100024927298396,21279,,,,,,,,,,,,,,,,,,,,,,,,,,,,,,
30,,21279,0.03145284950733185,0.02103501372039318,0.22955045104026794,0.001109959208406508,0.03906533867120743,0.013163191266357899,0.13425390422344208,0.006456268019974232,0.03814087435603142,0.03691994026303291,0.1560959368944168,0.25138840079307556,0.0007836997974663973,2.0713050365448,0.08407826721668243,,,,,,,,,,,,,,,
,0.000160870605408225,21289,,,,,,,,,,,,,,,,,,,,,,,,,,,,,,
30,,21289,0.02479114942252636,0.018000833690166473,0.1773482710123062,0.0027537215501070023,0.022185882553458214,0.011806969530880451,0.08900042623281479,0.005033095832914114,0.04202703386545181,0.019196301698684692,0.10649505257606506,0.1948549598455429,0.00159879878628999,2.06805682182312,0.042544715106487274,,,,,,,,,,,,,,,
,0.00016074095337971964,21299,,,,,,,,,,,,,,,,,,,,,,,,,,,,,,
30,,21299,0.030589934438467026,0.020782483741641045,0.2069038599729538,0.00442627863958478,0.033137574791908264,0.007008769083768129,0.12454373389482498,0.007248993497341871,0.06820065528154373,0.037262141704559326,0.14412832260131836,0.267703115940094,0.0007976801134645939,2.0819320678710938,0.08003564924001694,,,,,,,,,,,,,,,
,0.00016061129328483558,21309,,,,,,,,,,,,,,,,,,,,,,,,,,,,,,
30,,21309,0.04128316789865494,0.015005877241492271,0.19111880660057068,0.0011163005838170648,0.03370015323162079,0.007419010624289513,0.10716844350099564,0.006108857691287994,0.07101858407258987,0.037715088576078415,0.11682713776826859,0.2537951171398163,0.00157470244448632,2.1103451251983643,0.07349252700805664,,,,,,,,,,,,,,,
,0.00016048162522094665,21319,,,,,,,,,,,,,,,,,,,,,,,,,,,,,,
30,,21319,0.024417465552687645,0.01640406623482704,0.21099606156349182,0.0010334261460229754,0.02390478551387787,0.009102722629904747,0.11396857351064682,0.008421245031058788,0.0394260510802269,0.03179151564836502,0.13146694004535675,0.22296321392059326,0.007681533228605986,2.08372163772583,0.047499895095825195,,,,,,,,,,,,,,,
,0.0001603519492854326,21329,,,,,,,,,,,,,,,,,,,,,,,,,,,,,,
30,,21329,0.027745675295591354,0.012245778925716877,0.16281428933143616,8.711111877346411e-05,0.022393472492694855,0.004345031455159187,0.07798746228218079,0.003969215787947178,0.03703199699521065,0.03154520317912102,0.1241762563586235,0.18285244703292847,0.001209045178256929,2.0893547534942627,0.05368285998702049,,,,,,,,,,,,,,,
,0.0001602222655756791,21339,,,,,,,,,,,,,,,,,,,,,,,,,,,,,,
30,,21339,0.02763284742832184,0.05463377758860588,0.2600557506084442,0.002995108487084508,0.02112225815653801,0.005917564500123262,0.16158559918403625,0.0031505844090133905,0.05229981988668442,0.016744332388043404,0.15387950837612152,0.27719634771347046,0.001147235743701458,2.069263458251953,0.07331220805644989,,,,,,,,,,,,,,,
,0.00016009257418907777,21349,,,,,,,,,,,,,,,,,,,,,,,,,,,,,,
30,,21349,0.025749990716576576,0.015777472406625748,0.17424605786800385,0.0011084125144407153,0.020530033856630325,0.007413204293698072,0.09865263849496841,0.007137489505112171,0.04113277792930603,0.05203266814351082,0.11546624451875687,0.2025567591190338,0.0037374398671090603,2.074057102203369,0.045268040150403976,,,,,,,,,,,,,,,
,0.0001599628752230258,21359,,,,,,,,,,,,,,,,,,,,,,,,,,,,,,
30,,21359,0.03254939243197441,0.029327252879738808,0.23715059459209442,0.0006787331658415496,0.05943583697080612,0.017004529014229774,0.12808865308761597,0.008375702425837517,0.10022855550050735,0.03328286111354828,0.18062251806259155,0.33974212408065796,0.004602910950779915,2.0739998817443848,0.1006837710738182,,,,,,,,,,,,,,,
,0.00015983316877492626,21369,,,,,,,,,,,,,,,,,,,,,,,,,,,,,,
30,,21369,0.032303545624017715,0.010202533565461636,0.1463438719511032,0.0008940247935242951,0.02395966649055481,0.007834605872631073,0.07556569576263428,0.0022267871536314487,0.028437573462724686,0.02731763944029808,0.13737952709197998,0.17990940809249878,0.005604783538728952,2.086322546005249,0.06079362705349922,,,,,,,,,,,,,,,
,0.00015970345494218768,21379,,,,,,,,,,,,,,,,,,,,,,,,,,,,,,
30,,21379,0.05144329369068146,0.018387408927083015,0.2128446400165558,0.005357502494007349,0.04280175641179085,0.00442799087613821,0.12880083918571472,0.0031652571633458138,0.13197854161262512,0.02711520716547966,0.13190636038780212,0.338781476020813,0.0017366089159622788,2.083092451095581,0.0801679864525795,,,,,,,,,,,,,,,
,0.00015957373382222427,21389,,,,,,,,,,,,,,,,,,,,,,,,,,,,,,
30,,21389,0.0661311224102974,0.01877816580235958,0.20571713149547577,0.0004062905500177294,0.0399371013045311,0.006153276190161705,0.12120136618614197,0.0070602926425635815,0.10587293654680252,0.034888118505477905,0.12898719310760498,0.3124885559082031,0.0003285766579210758,2.0863819122314453,0.073788583278656,,,,,,,,,,,,,,,
,0.00015944400551245574,21399,,,,,,,,,,,,,,,,,,,,,,,,,,,,,,
30,,21399,0.03518620878458023,0.024079518392682076,0.18512652814388275,0.00020930000755470246,0.03408384695649147,0.0042680916376411915,0.09947684407234192,0.0022266567684710026,0.045936573296785355,0.04504448547959328,0.14203490316867828,0.234124556183815,0.00045269253314472735,2.078653335571289,0.10616198182106018,,,,,,,,,,,,,,,
,0.00015931427011030698,21409,,,,,,,,,,,,,,,,,,,,,,,,,,,,,,
30,,21409,0.027141286060214043,0.018439488485455513,0.2283560037612915,0.0023047809954732656,0.033622752875089645,0.010541524738073349,0.11018060147762299,0.00473558995872736,0.06061217933893204,0.025207258760929108,0.16884444653987885,0.26437458395957947,0.0016833401750773191,2.0656003952026367,0.08937953412532806,,,,,,,,,,,,,,,
,0.00015918452771320838,21419,,,,,,,,,,,,,,,,,,,,,,,,,,,,,,
30,,21419,0.051354795694351196,0.009423581883311272,0.131680428981781,0.002223723568022251,0.032139722257852554,0.013072752393782139,0.09849482029676437,0.007498815655708313,0.11928427964448929,0.02849511429667473,0.10851704329252243,0.28165316581726074,0.0003362709830980748,2.0638949871063232,0.06062127649784088,,,,,,,,,,,,,,,
,0.00015905477841859556,21429,,,,,,,,,,,,,,,,,,,,,,,,,,,,,,
30,,21429,0.022002212703227997,0.02417006902396679,0.2183988243341446,0.0013679590774700046,0.03766724839806557,0.004380305763334036,0.11258299648761749,0.003611362539231777,0.03906792402267456,0.02985312044620514,0.1557101309299469,0.23491626977920532,0.002065029228106141,2.0730440616607666,0.09080825746059418,,,,,,,,,,,,,,,
,0.0001589250223239093,21439,,,,,,,,,,,,,,,,,,,,,,,,,,,,,,
30,,21439,0.03426188975572586,0.01960783824324608,0.1329464465379715,0.0011375821195542812,0.024950770661234856,0.004854945000261068,0.10023050010204315,0.00764879584312439,0.050604626536369324,0.03016679920256138,0.10525159537792206,0.1990489512681961,0.0011843988904729486,2.1025288105010986,0.04772466793656349,,,,,,,,,,,,,,,
,0.00015879525952659554,21449,,,,,,,,,,,,,,,,,,,,,,,,,,,,,,
30,,21449,0.022149167954921722,0.042254481464624405,0.272964209318161,0.0010895581217482686,0.03062293864786625,0.003248965134844184,0.14190705120563507,0.002373254857957363,0.05121881514787674,0.026483310386538506,0.14408087730407715,0.2665473520755768,0.002360372804105282,2.1007895469665527,0.07364685833454132,,,,,,,,,,,,,,,
,0.0001586654901241051,21459,,,,,,,,,,,,,,,,,,,,,,,,,,,,,,
30,,21459,0.02234790474176407,0.03648380935192108,0.18854142725467682,0.0002399844815954566,0.023866837844252586,0.0030219394247978926,0.10055648535490036,0.0029346682131290436,0.03938255086541176,0.008685038425028324,0.11641788482666016,0.19800451397895813,0.0007725584437139332,2.12334942817688,0.05047241970896721,,,,,,,,,,,,,,,
,0.00015853571421389399,21469,,,,,,,,,,,,,,,,,,,,,,,,,,,,,,
30,,21469,0.06542857736349106,0.02167477458715439,0.2017175555229187,0.004593519028276205,0.045955415815114975,0.014947141520678997,0.14282210171222687,0.010052047669887543,0.1273057609796524,0.038289088755846024,0.15838027000427246,0.3697676360607147,0.004987932275980711,2.0894339084625244,0.09613865613937378,,,,,,,,,,,,,,,
,0.00015840593189342291,21479,,,,,,,,,,,,,,,,,,,,,,,,,,,,,,
30,,21479,0.024503691121935844,0.011481842957437038,0.16076543927192688,0.0013318986166268587,0.03149603679776192,0.02715850993990898,0.07270129770040512,0.002391351852566004,0.045329418033361435,0.03574567288160324,0.12287740409374237,0.21001847088336945,0.0012989212991669774,2.099916934967041,0.08342250436544418,,,,,,,,,,,,,,,
,0.00015827614326015745,21489,,,,,,,,,,,,,,,,,,,,,,,,,,,,,,
30,,21489,0.054528072476387024,0.015213401056826115,0.1559126079082489,0.003363676369190216,0.04220585525035858,0.012308637611567974,0.15562637150287628,0.010791467502713203,0.1626681536436081,0.06551966816186905,0.14375214278697968,0.3740796744823456,0.0021747632417827845,2.070821523666382,0.0692257285118103,,,,,,,,,,,,,,,
,0.000158146348411568,21499,,,,,,,,,,,,,,,,,,,,,,,,,,,,,,
30,,21499,0.04024333879351616,0.015258320607244968,0.18102292716503143,0.0010336401173844934,0.03541672229766846,0.015883857384324074,0.0985318124294281,0.005977436900138855,0.055313125252723694,0.0379810556769371,0.14302891492843628,0.24402405321598053,0.00027508955099619925,2.056140184402466,0.08386961370706558,,,,,,,,,,,,,,,
,0.0001580165474451295,21509,,,,,,,,,,,,,,,,,,,,,,,,,,,,,,
30,,21509,0.06862963736057281,0.012427636422216892,0.1807093769311905,0.0018651889404281974,0.040948279201984406,0.009337404742836952,0.12482753396034241,0.007462723180651665,0.10998176038265228,0.03702177852392197,0.151835635304451,0.32068783044815063,0.0004261438734829426,2.0630764961242676,0.08473420143127441,,,,,,,,,,,,,,,
,0.00015788674045832154,21519,,,,,,,,,,,,,,,,,,,,,,,,,,,,,,
30,,21519,0.07081916183233261,0.01998917944729328,0.18980669975280762,0.00128513656090945,0.03571786731481552,0.007360697258263826,0.11294341832399368,0.007237906567752361,0.07179667055606842,0.04096711426973343,0.13480672240257263,0.2809760868549347,0.0006063698674552143,2.059800624847412,0.08583545684814453,,,,,,,,,,,,,,,
,0.00015775692754862826,21529,,,,,,,,,,,,,,,,,,,,,,,,,,,,,,
30,,21529,0.02818933129310608,0.020192410796880722,0.2088312804698944,0.0004910740535706282,0.034514471888542175,0.008433056995272636,0.1210508644580841,0.009221645072102547,0.05288686230778694,0.0514223538339138,0.13627567887306213,0.2518816590309143,0.0007311635417863727,2.0940418243408203,0.08551187068223953,,,,,,,,,,,,,,,
,0.00015762710881353823,21539,,,,,,,,,,,,,,,,,,,,,,,,,,,,,,
30,,21539,0.04800006374716759,0.014818539842963219,0.11894498020410538,0.0006441256264224648,0.034111205488443375,0.010494840331375599,0.0896368995308876,0.008341966196894646,0.07153688371181488,0.014284403063356876,0.11888022720813751,0.22444984316825867,0.0008953633368946612,2.0725367069244385,0.05105799436569214,,,,,,,,,,,,,,,
30,,21544,,,,,,,,,,,,,,,,0.17473340034484863,0.03370475769042969,0.3006131947040558,0.007872024551033974,0.06885568797588348,0.0022814259864389896,0.13780586421489716,0.017292985692620277,0.20414988696575165,0.08377325534820557,0.20334480702877045,0.580757200717926,0.010484357364475727,2.0877127647399902,0.14628104865550995
,0.00015749728435054432,21549,,,,,,,,,,,,,,,,,,,,,,,,,,,,,,
31,,21549,0.031244974583387375,0.018209943547844887,0.15450234711170197,0.002359649632126093,0.036069322377443314,0.008775058202445507,0.11863207072019577,0.004874706268310547,0.10049788653850555,0.037002746015787125,0.14076434075832367,0.28489670157432556,0.00028382756863720715,2.0917911529541016,0.10285767912864685,,,,,,,,,,,,,,,
,0.00015736745425714386,21559,,,,,,,,,,,,,,,,,,,,,,,,,,,,,,
31,,21559,0.036907125264406204,0.018849611282348633,0.2372899353504181,0.0020515185315161943,0.033190589398145676,0.005731736309826374,0.13921117782592773,0.009971112944185734,0.0882149338722229,0.03107948787510395,0.15438953042030334,0.3069137930870056,0.003226245054975152,2.0531768798828125,0.08254481106996536,,,,,,,,,,,,,,,
,0.00015723761863083822,21569,,,,,,,,,,,,,,,,,,,,,,,,,,,,,,
31,,21569,0.05737742781639099,0.05036498233675957,0.3212629556655884,0.00034837418934330344,0.05725662782788277,0.01299311313778162,0.251360684633255,0.006108720321208239,0.11585243791341782,0.06244046613574028,0.17286859452724457,0.43192145228385925,0.0045494926162064075,2.0866918563842773,0.10752715915441513,,,,,,,,,,,,,,,
,0.00015710777756913313,21579,,,,,,,,,,,,,,,,,,,,,,,,,,,,,,
31,,21579,0.05193193629384041,0.03172046318650246,0.24781548976898193,0.0038492244202643633,0.030489247292280197,0.0067322575487196445,0.15448756515979767,0.011955575086176395,0.09538859874010086,0.039717093110084534,0.13876698911190033,0.3375646471977234,0.005229131318628788,2.0815813541412354,0.08274002373218536,,,,,,,,,,,,,,,
,0.00015697793116953824,21589,,,,,,,,,,,,,,,,,,,,,,,,,,,,,,
31,,21589,0.0307915061712265,0.04085197672247887,0.21460367739200592,0.0017273854464292526,0.030615592375397682,0.014223654754459858,0.1271010786294937,0.005947410129010677,0.0521087720990181,0.03048643469810486,0.13319937884807587,0.26224029064178467,0.0007105214754119515,2.0857925415039062,0.09291569143533707,,,,,,,,,,,,,,,
,0.0001568480795295672,21599,,,,,,,,,,,,,,,,,,,,,,,,,,,,,,
31,,21599,0.04377168044447899,0.012232431210577488,0.18187163770198822,0.0007983047980815172,0.025641940534114838,0.00851580873131752,0.12155444175004959,0.008108382113277912,0.05988289788365364,0.02464289590716362,0.1325695812702179,0.2410648614168167,0.0007927489932626486,2.0670571327209473,0.06291630119085312,,,,,,,,,,,,,,,
,0.00015671822274673775,21609,,,,,,,,,,,,,,,,,,,,,,,,,,,,,,
31,,21609,0.03935667499899864,0.02314862422645092,0.18544450402259827,0.0006898091523908079,0.021896611899137497,0.012401187792420387,0.12717920541763306,0.006435875315219164,0.04624183848500252,0.04023084044456482,0.12023370712995529,0.23247328400611877,0.0005303996149450541,2.069455623626709,0.06817766278982162,,,,,,,,,,,,,,,
,0.0001565883609185713,21619,,,,,,,,,,,,,,,,,,,,,,,,,,,,,,
31,,21619,0.06981714814901352,0.026793040335178375,0.14448122680187225,0.0020523876883089542,0.04241569712758064,0.007375828921794891,0.13865379989147186,0.014535635709762573,0.13677145540714264,0.035937417298555374,0.10839591175317764,0.34088966250419617,0.00036118237767368555,2.0928995609283447,0.07391245663166046,,,,,,,,,,,,,,,
,0.00015645849414259327,21629,,,,,,,,,,,,,,,,,,,,,,,,,,,,,,
31,,21629,0.02809501253068447,0.012136520817875862,0.14743304252624512,0.0006288462318480015,0.01772991567850113,0.0034215084742754698,0.08678334951400757,0.0034442548640072346,0.037662215530872345,0.01921200565993786,0.10462113469839096,0.17111949622631073,0.002034944947808981,2.0893092155456543,0.04190702736377716,,,,,,,,,,,,,,,
,0.00015632862251633263,21639,,,,,,,,,,,,,,,,,,,,,,,,,,,,,,
31,,21639,0.034746646881103516,0.027850883081555367,0.24841544032096863,0.0017610292416065931,0.038786306977272034,0.009577769786119461,0.15169133245944977,0.003866450395435095,0.043240804225206375,0.01461047027260065,0.11919912695884705,0.25118696689605713,0.00017264804046135396,2.0488929748535156,0.06889345496892929,,,,,,,,,,,,,,,
,0.00015619874613732196,21649,,,,,,,,,,,,,,,,,,,,,,,,,,,,,,
31,,21649,0.03140725567936897,0.02950168587267399,0.21012884378433228,0.0019457589369267225,0.03451259061694145,0.006065854337066412,0.11245699226856232,0.00486760726198554,0.04257667809724808,0.029907559975981712,0.14910580217838287,0.24389640986919403,0.0015029044589027762,2.0805442333221436,0.09459297358989716,,,,,,,,,,,,,,,
,0.0001560688651030976,21659,,,,,,,,,,,,,,,,,,,,,,,,,,,,,,
31,,21659,0.05429409071803093,0.016756150871515274,0.2289590686559677,0.001477434765547514,0.029840797185897827,0.0066021461971104145,0.13226120173931122,0.004949422087520361,0.06322718411684036,0.03247697651386261,0.12810899317264557,0.2743743658065796,0.0018928006757050753,2.04177188873291,0.08656792342662811,,,,,,,,,,,,,,,
,0.00015593897951119917,21669,,,,,,,,,,,,,,,,,,,,,,,,,,,,,,
31,,21669,0.03246992453932762,0.042662810534238815,0.21267643570899963,0.001518988749012351,0.030818907544016838,0.012592707760632038,0.1640368103981018,0.003667196724563837,0.047784507274627686,0.029295869171619415,0.10023104399442673,0.24753554165363312,0.00018529115186538547,2.092844009399414,0.059418875724077225,,,,,,,,,,,,,,,
,0.00015580908945916992,21679,,,,,,,,,,,,,,,,,,,,,,,,,,,,,,
31,,21679,0.041556645184755325,0.06292040646076202,0.3364027440547943,0.0007072134758345783,0.03881504759192467,0.011941817589104176,0.22598372399806976,0.0025830792728811502,0.03488519415259361,0.02878604829311371,0.1903483122587204,0.3364848494529724,0.004946589004248381,2.049673557281494,0.1064576581120491,,,,,,,,,,,,,,,
,0.00015567919504455628,21689,,,,,,,,,,,,,,,,,,,,,,,,,,,,,,
31,,21689,0.022092103958129883,0.03283172473311424,0.18619590997695923,0.001852301531471312,0.02906302735209465,0.004685654304921627,0.12711229920387268,0.0061552636325359344,0.061583153903484344,0.04256892576813698,0.12100061029195786,0.24357004463672638,0.0012887960765510798,2.0809133052825928,0.06893625855445862,,,,,,,,,,,,,,,
,0.000155549296364908,21699,,,,,,,,,,,,,,,,,,,,,,,,,,,,,,
31,,21699,0.04513257369399071,0.0660126730799675,0.262788325548172,0.004465974867343903,0.028619924560189247,0.0062855323776602745,0.18795374035835266,0.004367386922240257,0.06595836579799652,0.0236404687166214,0.14261357486248016,0.3197573125362396,0.005302886012941599,2.0734784603118896,0.07499969750642776,,,,,,,,,,,,,,,
,0.00015541939351777808,21709,,,,,,,,,,,,,,,,,,,,,,,,,,,,,,
31,,21709,0.055020008236169815,0.02907862886786461,0.2592758238315582,0.006104165688157082,0.044387128204107285,0.010755294002592564,0.17032869160175323,0.00664674025028944,0.06607738882303238,0.05135021358728409,0.14790275692939758,0.32550209760665894,0.0014807716943323612,2.0529727935791016,0.10643042623996735,,,,,,,,,,,,,,,
,0.00015528948660072268,21719,,,,,,,,,,,,,,,,,,,,,,,,,,,,,,
31,,21719,0.031596262007951736,0.0287652425467968,0.22045733034610748,0.0018805674044415355,0.03577388450503349,0.006776065099984407,0.13089141249656677,0.007055073976516724,0.09261789172887802,0.02662474475800991,0.1462489515542984,0.29633522033691406,0.0030903799924999475,2.0782244205474854,0.06650672107934952,,,,,,,,,,,,,,,
,0.00015515957571130085,21729,,,,,,,,,,,,,,,,,,,,,,,,,,,,,,
31,,21729,0.038156796246767044,0.012170510366559029,0.1534091830253601,0.0005503457505255938,0.03871174529194832,0.01025336142629385,0.1104636937379837,0.007747894152998924,0.0933673083782196,0.05247633531689644,0.14308178424835205,0.27549299597740173,0.0011694649001583457,2.0835795402526855,0.07926758378744125,,,,,,,,,,,,,,,
,0.00015502966094707482,21739,,,,,,,,,,,,,,,,,,,,,,,,,,,,,,
31,,21739,0.030652033165097237,0.021679911762475967,0.21241074800491333,0.0006801039562560618,0.025944577530026436,0.009885270148515701,0.11501982808113098,0.005689624231308699,0.028772233054041862,0.016982106491923332,0.13519398868083954,0.2115890234708786,0.0003368612378835678,2.093013286590576,0.062063753604888916,,,,,,,,,,,,,,,
,0.0001548997424056096,21749,,,,,,,,,,,,,,,,,,,,,,,,,,,,,,
31,,21749,0.024958530440926552,0.028862526640295982,0.20918770134449005,0.001742841792292893,0.029041720554232597,0.010128170251846313,0.12832984328269958,0.005025768652558327,0.04102364182472229,0.0408933088183403,0.13116346299648285,0.23618802428245544,0.00388685567304492,2.0895936489105225,0.06984895467758179,,,,,,,,,,,,,,,
,0.0001547698201844731,21759,,,,,,,,,,,,,,,,,,,,,,,,,,,,,,
31,,21759,0.06572212278842926,0.035482149571180344,0.22974686324596405,0.0005628897924907506,0.04193413257598877,0.013530639931559563,0.14674702286720276,0.009835378266870975,0.11051628738641739,0.03784918785095215,0.15471412241458893,0.3613646626472473,0.0025564467068761587,2.0861077308654785,0.10453308373689651,,,,,,,,,,,,,,,
,0.00015463989438123596,21769,,,,,,,,,,,,,,,,,,,,,,,,,,,,,,
31,,21769,0.03162823244929314,0.03499476984143257,0.207488015294075,0.0010876667220145464,0.029029224067926407,0.0021191579289734364,0.135075643658638,0.0067956470884382725,0.05309610068798065,0.025471162050962448,0.14408235251903534,0.2477443665266037,0.0011274416465312243,2.096989154815674,0.06285380572080612,,,,,,,,,,,,,,,
,0.00015450996509347152,21779,,,,,,,,,,,,,,,,,,,,,,,,,,,,,,
31,,21779,0.0381014458835125,0.02623523585498333,0.20219150185585022,0.0010393004631623626,0.03138650953769684,0.004182600416243076,0.1431868076324463,0.004896509926766157,0.055705487728118896,0.0345134399831295,0.14839902520179749,0.25209736824035645,0.0013360019074752927,2.094837188720703,0.06108773872256279,,,,,,,,,,,,,,,
,0.00015438003241875575,21789,,,,,,,,,,,,,,,,,,,,,,,,,,,,,,
31,,21789,0.031006405130028725,0.03453516215085983,0.1893623173236847,0.0006570912664756179,0.029360903427004814,0.006507441867142916,0.11242669820785522,0.0035886545665562153,0.04277043789625168,0.02108185552060604,0.125540092587471,0.22561146318912506,0.003597259521484375,2.071810483932495,0.07300379127264023,,,,,,,,,,,,,,,
,0.00015425009645466712,21799,,,,,,,,,,,,,,,,,,,,,,,,,,,,,,
31,,21799,0.03802585229277611,0.021182846277952194,0.23625610768795013,0.002427627332508564,0.049625471234321594,0.008175361901521683,0.1445014923810959,0.0098260547965765,0.12858189642429352,0.05311701074242592,0.16405527293682098,0.36108317971229553,0.00042592265526764095,2.0876052379608154,0.09353569149971008,,,,,,,,,,,,,,,
,0.00015412015729878673,21809,,,,,,,,,,,,,,,,,,,,,,,,,,,,,,
31,,21809,0.03596137464046478,0.028591109439730644,0.26180195808410645,0.000492135644890368,0.027550531551241875,0.005797047633677721,0.15186983346939087,0.005386024713516235,0.07188532501459122,0.03306145220994949,0.14555931091308594,0.29214292764663696,0.002284109825268388,2.0762736797332764,0.07437624782323837,,,,,,,,,,,,,,,
,0.0001539902150486978,21819,,,,,,,,,,,,,,,,,,,,,,,,,,,,,,
31,,21819,0.03469664230942726,0.019252991303801537,0.20999717712402344,0.0009207510156556964,0.04185939580202103,0.013881691731512547,0.12004426121711731,0.006508314982056618,0.08292777836322784,0.03553808107972145,0.14428308606147766,0.2856910228729248,0.0024344311095774174,2.0752151012420654,0.0774899423122406,,,,,,,,,,,,,,,
,0.00015386026980198608,21829,,,,,,,,,,,,,,,,,,,,,,,,,,,,,,
31,,21829,0.03171451389789581,0.043291427195072174,0.2728785276412964,0.003145818132907152,0.03523361682891846,0.0066582756116986275,0.14716097712516785,0.004904915578663349,0.06532600522041321,0.03485708311200142,0.15988631546497345,0.2994877099990845,0.00032075183116830885,2.0773544311523438,0.08206407725811005,,,,,,,,,,,,,,,
,0.00015373032165623955,21839,,,,,,,,,,,,,,,,,,,,,,,,,,,,,,
31,,21839,0.03615575656294823,0.02011464163661003,0.21410608291625977,0.0011230356758460402,0.04072999209165573,0.007972899824380875,0.12122033536434174,0.009332199580967426,0.07396802306175232,0.05100174620747566,0.17711141705513,0.2921827435493469,0.0012566507793962955,2.0686633586883545,0.0953356996178627,,,,,,,,,,,,,,,
,0.00015360037070904828,21849,,,,,,,,,,,,,,,,,,,,,,,,,,,,,,
31,,21849,0.034263886511325836,0.00890289805829525,0.11304514855146408,0.0016380376182496548,0.021975353360176086,0.006227439735084772,0.0727655217051506,0.006400933023542166,0.07232780009508133,0.038653336465358734,0.11879077553749084,0.20536088943481445,0.0009032515226863325,2.0853302478790283,0.043763741850852966,,,,,,,,,,,,,,,
,0.0001534704170580045,21859,,,,,,,,,,,,,,,,,,,,,,,,,,,,,,
31,,21859,0.04586609825491905,0.016836203634738922,0.21853813529014587,0.0016100264620035887,0.034075379371643066,0.00853677373379469,0.1276283711194992,0.0054384334944188595,0.0716155469417572,0.029095597565174103,0.15848979353904724,0.286472350358963,0.002088356763124466,2.0817642211914062,0.0991145670413971,,,,,,,,,,,,,,,
,0.0001533404608007025,21869,,,,,,,,,,,,,,,,,,,,,,,,,,,,,,
31,,21869,0.0326317623257637,0.03729713708162308,0.19652032852172852,0.0006659227656200528,0.026535319164395332,0.011250520125031471,0.13604867458343506,0.007763335015624762,0.05310476943850517,0.02698800526559353,0.13215559720993042,0.2457021027803421,0.0004893020377494395,2.0638716220855713,0.05579116567969322,,,,,,,,,,,,,,,
,0.0001532105020347384,21879,,,,,,,,,,,,,,,,,,,,,,,,,,,,,,
31,,21879,0.04354790225625038,0.017477573826909065,0.14927661418914795,0.00046001997543498874,0.03224897384643555,0.015811936929821968,0.0837060734629631,0.007872967049479485,0.0622132308781147,0.02815200760960579,0.11494284868240356,0.23638248443603516,0.0053718495182693005,2.102368116378784,0.07603452354669571,,,,,,,,,,,,,,,
,0.0001530805408577105,21889,,,,,,,,,,,,,,,,,,,,,,,,,,,,,,
31,,21889,0.042631540447473526,0.01892692968249321,0.20393966138362885,0.005556491203606129,0.03541373461484909,0.01836789958178997,0.12611186504364014,0.007941232062876225,0.07830478996038437,0.034529320895671844,0.1220218688249588,0.28892284631729126,0.005940635222941637,2.060059070587158,0.07320712506771088,,,,,,,,,,,,,,,
,0.00015295057736721852,21899,,,,,,,,,,,,,,,,,,,,,,,,,,,,,,
31,,21899,0.026251183822751045,0.024281352758407593,0.20979690551757812,0.001036886009387672,0.03507418558001518,0.018777990713715553,0.12124909460544586,0.007024846039712429,0.05958981812000275,0.029265349730849266,0.1343216747045517,0.2541431784629822,0.0007298550335690379,2.0639894008636475,0.06753533333539963,,,,,,,,,,,,,,,
,0.00015282061166086417,21909,,,,,,,,,,,,,,,,,,,,,,,,,,,,,,
31,,21909,0.030884113162755966,0.022485801950097084,0.2230178713798523,0.002512160921469331,0.0283633042126894,0.005537295248359442,0.14696864783763885,0.0035617235116660595,0.05371994525194168,0.04736926406621933,0.1406272053718567,0.25063610076904297,0.0006969219539314508,2.0932812690734863,0.05657045170664787,,,,,,,,,,,,,,,
,0.0001526906438362508,21919,,,,,,,,,,,,,,,,,,,,,,,,,,,,,,
31,,21919,0.02347145974636078,0.014025349169969559,0.20873863995075226,0.0014458027435466647,0.03013063594698906,0.004734786227345467,0.10036815702915192,0.00286392355337739,0.02594946138560772,0.03398670628666878,0.13774502277374268,0.20007632672786713,0.003156729508191347,2.1016719341278076,0.06351281702518463,,,,,,,,,,,,,,,
,0.00015256067399098324,21929,,,,,,,,,,,,,,,,,,,,,,,,,,,,,,
31,,21929,0.04644327610731125,0.019927775487303734,0.18160393834114075,0.0014120661653578281,0.03282616659998894,0.013845688663423061,0.08607838302850723,0.007873231545090675,0.06950864940881729,0.029417717829346657,0.15122848749160767,0.2617409825325012,0.0031921574845910072,2.0450727939605713,0.07591202855110168,,,,,,,,,,,,,,,
,0.00015243070222266793,21939,,,,,,,,,,,,,,,,,,,,,,,,,,,,,,
31,,21939,0.0241533275693655,0.030081700533628464,0.23713375627994537,0.0018513480899855494,0.032988227903842926,0.016373245045542717,0.12702669203281403,0.004692921880632639,0.03271659463644028,0.050671737641096115,0.15924908220767975,0.24883726239204407,0.0005344274686649442,2.0612947940826416,0.08717181533575058,,,,,,,,,,,,,,,
,0.00015230072862891273,21949,,,,,,,,,,,,,,,,,,,,,,,,,,,,,,
31,,21949,0.019953984767198563,0.024278810247778893,0.2040126621723175,0.0021563300397247076,0.020461874082684517,0.008796585723757744,0.13599784672260284,0.0030599813908338547,0.03639440983533859,0.029375705868005753,0.12699371576309204,0.22172468900680542,0.005897101946175098,2.1055407524108887,0.06668737530708313,,,,,,,,,,,,,,,
,0.0001521707533073269,21959,,,,,,,,,,,,,,,,,,,,,,,,,,,,,,
31,,21959,0.04130616784095764,0.020699676126241684,0.181357741355896,0.0002964666055049747,0.02528737112879753,0.008729943074285984,0.10066517442464828,0.0070211999118328094,0.04663583263754845,0.02488717809319496,0.13183580338954926,0.2219630777835846,0.0025367874186486006,2.072877883911133,0.053930509835481644,,,,,,,,,,,,,,,
,0.000152040776355521,21969,,,,,,,,,,,,,,,,,,,,,,,,,,,,,,
31,,21969,0.02547552064061165,0.013373448513448238,0.17621229588985443,0.0005517975077964365,0.021050382405519485,0.009349319152534008,0.09628588706254959,0.005093756131827831,0.05101929232478142,0.014977937564253807,0.12384705990552902,0.20357456803321838,8.927632006816566e-05,2.0274810791015625,0.04948257654905319,,,,,,,,,,,,,,,
,0.0001519107978711067,21979,,,,,,,,,,,,,,,,,,,,,,,,,,,,,,
31,,21979,0.019310524687170982,0.0322408527135849,0.22912107408046722,0.0007200320833362639,0.025270791724324226,0.006832066457718611,0.14078010618686676,0.006776970345526934,0.04270858317613602,0.01880008354783058,0.1541934311389923,0.23965270817279816,0.0020731803961098194,2.0788919925689697,0.058328524231910706,,,,,,,,,,,,,,,
,0.00015178081795169698,21989,,,,,,,,,,,,,,,,,,,,,,,,,,,,,,
31,,21989,0.03657415881752968,0.025303348898887634,0.20276214182376862,0.003267799038439989,0.03092009201645851,0.00692948792129755,0.10828345268964767,0.0031373645178973675,0.030599167570471764,0.02358151599764824,0.12700600922107697,0.22064714133739471,0.003012316068634391,2.0644612312316895,0.08063126355409622,,,,,,,,,,,,,,,
,0.00015165083669490577,21999,,,,,,,,,,,,,,,,,,,,,,,,,,,,,,
31,,21999,0.049599334597587585,0.026369275525212288,0.2317998856306076,0.0014500920660793781,0.0359065979719162,0.007638974115252495,0.1222723126411438,0.005695698317140341,0.08030558377504349,0.0395531952381134,0.16448965668678284,0.30099162459373474,0.00011124317097710446,2.085536479949951,0.08782189339399338,,,,,,,,,,,,,,,
,0.00015152085419834808,22009,,,,,,,,,,,,,,,,,,,,,,,,,,,,,,
31,,22009,0.029804827645421028,0.014190038666129112,0.14413093030452728,0.0008686365908943117,0.03606559336185455,0.006281902082264423,0.0815366879105568,0.00493018189445138,0.04494157433509827,0.028409820050001144,0.11993545293807983,0.1955554485321045,0.0007346383645199239,2.076674222946167,0.06490869075059891,,,,,,,,,,,,,,,
,0.00015139087055963984,22019,,,,,,,,,,,,,,,,,,,,,,,,,,,,,,
31,,22019,0.03855464980006218,0.015310414135456085,0.1704348772764206,0.0009263679967261851,0.02321593277156353,0.007936730980873108,0.09277654439210892,0.006138926837593317,0.0697983056306839,0.011822659522294998,0.12754738330841064,0.2329079955816269,0.0005580450524576008,2.0841550827026367,0.062350109219551086,,,,,,,,,,,,,,,
,0.00015126088587639778,22029,,,,,,,,,,,,,,,,,,,,,,,,,,,,,,
31,,22029,0.023057300597429276,0.025217896327376366,0.22832797467708588,0.0003934957494493574,0.0368388332426548,0.00522157596424222,0.12330972403287888,0.006157064810395241,0.0360206738114357,0.019032174721360207,0.13349615037441254,0.22839123010635376,0.0017807685071602464,2.0786948204040527,0.07241009175777435,,,,,,,,,,,,,,,
,0.0001511309002462395,22039,,,,,,,,,,,,,,,,,,,,,,,,,,,,,,
31,,22039,0.04970292001962662,0.018770702183246613,0.16992604732513428,0.00047205749433487654,0.034046053886413574,0.019964303821325302,0.11972194164991379,0.012217838317155838,0.07842724025249481,0.033642932772636414,0.1332477331161499,0.27216464281082153,0.001771076349541545,2.050130605697632,0.05272918567061424,,,,,,,,,,,,,,,
,0.00015100091376678336,22049,,,,,,,,,,,,,,,,,,,,,,,,,,,,,,
31,,22049,0.01128211710602045,0.018761441111564636,0.2513054609298706,0.0002573471865616739,0.03399156033992767,0.008044211193919182,0.10729440301656723,0.0055444673635065556,0.07429720461368561,0.015510418452322483,0.15226083993911743,0.2659839987754822,0.00016931918798945844,2.0827815532684326,0.08352021872997284,,,,,,,,,,,,,,,
,0.0001508709265356481,22059,,,,,,,,,,,,,,,,,,,,,,,,,,,,,,
31,,22059,0.026901185512542725,0.018705349415540695,0.2775586247444153,0.002774482127279043,0.02932337485253811,0.004778123460710049,0.12703676521778107,0.0022083662915974855,0.025499669834971428,0.01621316187083721,0.14219927787780762,0.23213790357112885,0.003009071806445718,2.0973756313323975,0.07365021854639053,,,,,,,,,,,,,,,
,0.00015074093865045333,22069,,,,,,,,,,,,,,,,,,,,,,,,,,,,,,
31,,22069,0.02636384405195713,0.019644299522042274,0.21680697798728943,0.0001818200689740479,0.027030371129512787,0.01061205007135868,0.12839043140411377,0.0030885073356330395,0.03131755068898201,0.03930727764964104,0.1393602341413498,0.21989445388317108,0.00022419072047341615,2.0775294303894043,0.0702376663684845,,,,,,,,,,,,,,,
,0.00015061095020881896,22079,,,,,,,,,,,,,,,,,,,,,,,,,,,,,,
31,,22079,0.08105481415987015,0.029340440407395363,0.20995888113975525,0.00019780603179242462,0.05329081788659096,0.008938201703131199,0.14045816659927368,0.013829834759235382,0.1338714212179184,0.022224362939596176,0.15166066586971283,0.3839544653892517,0.005617767106741667,2.0508618354797363,0.09538090974092484,,,,,,,,,,,,,,,
,0.00015048096130836533,22089,,,,,,,,,,,,,,,,,,,,,,,,,,,,,,
31,,22089,0.06563938409090042,0.02957957424223423,0.27592334151268005,0.0005406352574937046,0.0667971819639206,0.016891982406377792,0.21540676057338715,0.005063073243945837,0.12382044643163681,0.06023305281996727,0.17079246044158936,0.4164736866950989,0.001760038547217846,2.0627403259277344,0.1189018189907074,,,,,,,,,,,,,,,
,0.00015035097204671327,22099,,,,,,,,,,,,,,,,,,,,,,,,,,,,,,
31,,22099,0.060708560049533844,0.017327096313238144,0.20283839106559753,0.0025199849624186754,0.03990267962217331,0.006246719043701887,0.11656103283166885,0.00986907072365284,0.13701096177101135,0.021593434736132622,0.12662182748317719,0.3423452079296112,0.0006975937867537141,2.082440137863159,0.07769420742988586,,,,,,,,,,,,,,,
,0.0001502209825214837,22109,,,,,,,,,,,,,,,,,,,,,,,,,,,,,,
31,,22109,0.03365857154130936,0.03312011435627937,0.16337600350379944,0.0013576148776337504,0.028909018263220787,0.004950975067913532,0.11768161505460739,0.00744866207242012,0.048314597457647324,0.03989873081445694,0.14130207896232605,0.22990496456623077,0.0006706808344461024,2.1135880947113037,0.06551634520292282,,,,,,,,,,,,,,,
,0.0001500909928302979,22119,,,,,,,,,,,,,,,,,,,,,,,,,,,,,,
31,,22119,0.03839023783802986,0.018575699999928474,0.28105130791664124,0.0014295553555712104,0.029111217707395554,0.010008087381720543,0.11373672634363174,0.002490714192390442,0.045788928866386414,0.023126715794205666,0.17753148078918457,0.26416298747062683,0.0026677530258893967,2.0664279460906982,0.07051292806863785,,,,,,,,,,,,,,,
,0.00014996100307077705,22129,,,,,,,,,,,,,,,,,,,,,,,,,,,,,,
31,,22129,0.027058353647589684,0.01651202142238617,0.17733600735664368,0.001011560671031475,0.025907546281814575,0.0031788775231689215,0.10224848985671997,0.0072519173845648766,0.055498018860816956,0.04048939421772957,0.12228912115097046,0.21696051955223083,0.0014948311727494001,2.1055948734283447,0.047365691512823105,,,,,,,,,,,,,,,
,0.00014983101334054266,22139,,,,,,,,,,,,,,,,,,,,,,,,,,,,,,
31,,22139,0.03405255824327469,0.03115779347717762,0.23567752540111542,0.0004109868605155498,0.024406222626566887,0.008438942022621632,0.11478260159492493,0.003557313233613968,0.02826334908604622,0.02263195812702179,0.14298677444458008,0.2301841527223587,0.0003798195393756032,2.059671401977539,0.08790401369333267,,,,,,,,,,,,,,,
,0.00014970102373721605,22149,,,,,,,,,,,,,,,,,,,,,,,,,,,,,,
31,,22149,0.02773338556289673,0.012251049280166626,0.18187764286994934,0.0008030119934119284,0.02941175363957882,0.003979639150202274,0.10183930397033691,0.00477039348334074,0.041843920946121216,0.020695745944976807,0.13069665431976318,0.21055752038955688,0.0005737392930313945,2.0974316596984863,0.08396588265895844,,,,,,,,,,,,,,,
,0.00014957103435841846,22159,,,,,,,,,,,,,,,,,,,,,,,,,,,,,,
31,,22159,0.06068309769034386,0.012594005092978477,0.1783791333436966,0.0008540465496480465,0.04018578678369522,0.007450319826602936,0.10198480635881424,0.006553657352924347,0.06767736375331879,0.025534380227327347,0.1503181755542755,0.2713239789009094,0.002876352285966277,2.074463129043579,0.10436012595891953,,,,,,,,,,,,,,,
,0.00014944104530177098,22169,,,,,,,,,,,,,,,,,,,,,,,,,,,,,,
31,,22169,0.0444151796400547,0.014596335589885712,0.15837322175502777,0.0024079910945147276,0.030701084062457085,0.007132426369935274,0.08704075217247009,0.005965712014585733,0.07715238630771637,0.028478285297751427,0.13203047215938568,0.2513637840747833,0.00014765583910048008,2.08823561668396,0.08817477524280548,,,,,,,,,,,,,,,
,0.00014931105666489438,22179,,,,,,,,,,,,,,,,,,,,,,,,,,,,,,
31,,22179,0.032777782529592514,0.01305239088833332,0.16136901080608368,0.0003417822881601751,0.024855874478816986,0.004365271423012018,0.09089343994855881,0.003851367859169841,0.038140036165714264,0.016586873680353165,0.12485838681459427,0.18935219943523407,0.00015419846749864519,2.0819320678710938,0.060881976038217545,,,,,,,,,,,,,,,
,0.00014918106854540936,22189,,,,,,,,,,,,,,,,,,,,,,,,,,,,,,
31,,22189,0.04375746101140976,0.020231658592820168,0.1881742775440216,0.002759172348305583,0.03508765250444412,0.004557407461106777,0.10989527404308319,0.005177928600460291,0.06077471002936363,0.03553597629070282,0.14028748869895935,0.25709253549575806,0.0015512414975091815,2.0690431594848633,0.09497813880443573,,,,,,,,,,,,,,,
,0.00014905108104093593,22199,,,,,,,,,,,,,,,,,,,,,,,,,,,,,,
31,,22199,0.02006312645971775,0.04579522833228111,0.1765344738960266,0.0016219074605032802,0.016150768846273422,0.005905499216169119,0.12555165588855743,0.003721108427271247,0.02555084601044655,0.02198760397732258,0.11881265789270401,0.190484419465065,0.0021515176631510258,2.0592753887176514,0.035633329302072525,,,,,,,,,,,,,,,
,0.00014892109424909382,22209,,,,,,,,,,,,,,,,,,,,,,,,,,,,,,
31,,22209,0.039074838161468506,0.01921306923031807,0.20395176112651825,0.0005831505986861885,0.04710985720157623,0.008468234911561012,0.12382373958826065,0.0036463430151343346,0.0798102393746376,0.03063000924885273,0.14941829442977905,0.2793733775615692,0.0006476753042079508,2.080627918243408,0.08277370035648346,,,,,,,,,,,,,,,
,0.0001487911082675022,22219,,,,,,,,,,,,,,,,,,,,,,,,,,,,,,
31,,22219,0.027698762714862823,0.026299605146050453,0.22932948172092438,0.0019286054885014892,0.02649201638996601,0.0039045214653015137,0.12038403749465942,0.002187301404774189,0.03663570433855057,0.03897969052195549,0.15075168013572693,0.23001334071159363,0.0024927896447479725,2.080040216445923,0.06310770660638809,,,,,,,,,,,,,,,
,0.00014866112319377947,22229,,,,,,,,,,,,,,,,,,,,,,,,,,,,,,
31,,22229,0.029283499345183372,0.01742013543844223,0.1845010668039322,0.0008603050373494625,0.024830086156725883,0.01094597764313221,0.10023393481969833,0.0033144732005894184,0.04111427813768387,0.043005287647247314,0.10563776642084122,0.2080106884241104,0.0001319409057032317,2.0936214923858643,0.07104082405567169,,,,,,,,,,,,,,,
,0.00014853113912554366,22239,,,,,,,,,,,,,,,,,,,,,,,,,,,,,,
31,,22239,0.020369451493024826,0.020158665254712105,0.24302731454372406,0.00046205753460526466,0.02834809198975563,0.010191097855567932,0.10905823856592178,0.004395057447254658,0.015158363617956638,0.020549306645989418,0.10671140253543854,0.19582673907279968,0.0002079885744024068,2.07853102684021,0.06858358532190323,,,,,,,,,,,,,,,
31,,22239,,,,,,,,,,,,,,,,0.17856980860233307,0.02985423430800438,0.2991792857646942,0.008567657321691513,0.06857124716043472,0.0023518111556768417,0.1418135017156601,0.020273976027965546,0.21019844710826874,0.08008420467376709,0.1957763433456421,0.5936342477798462,0.012696164660155773,2.0905447006225586,0.15325890481472015
,0.0001484011561604118,22249,,,,,,,,,,,,,,,,,,,,,,,,,,,,,,
32,,22249,0.015883848071098328,0.025656072422862053,0.1995154768228531,0.0012419346021488309,0.028484612703323364,0.005825664382427931,0.11948367208242416,0.002462962409481406,0.03014214336872101,0.05075140669941902,0.12087732553482056,0.20667508244514465,0.0017920351820066571,2.097917079925537,0.07094643265008926,,,,,,,,,,,,,,,
,0.00014827117439600017,22259,,,,,,,,,,,,,,,,,,,,,,,,,,,,,,
32,,22259,0.02773292548954487,0.033854465931653976,0.2013121098279953,0.0006792069179937243,0.03807391971349716,0.009035765193402767,0.15568630397319794,0.0077156806364655495,0.11461444199085236,0.0325893796980381,0.14403006434440613,0.3197813332080841,0.000215779960853979,2.0796825885772705,0.07367344200611115,,,,,,,,,,,,,,,
,0.00014814119392992414,22269,,,,,,,,,,,,,,,,,,,,,,,,,,,,,,
32,,22269,0.015273833647370338,0.02357933297753334,0.2240975946187973,0.002498007845133543,0.033934395760297775,0.0036321969237178564,0.12666496634483337,0.008173856884241104,0.08156890422105789,0.051079217344522476,0.13541768491268158,0.2774091362953186,0.0010647103190422058,2.082615852355957,0.07698126137256622,,,,,,,,,,,,,,,
,0.000148011214859798,22279,,,,,,,,,,,,,,,,,,,,,,,,,,,,,,
32,,22279,0.05733137205243111,0.0247550830245018,0.23300209641456604,0.004544568248093128,0.026219608262181282,0.006554482504725456,0.13238441944122314,0.0049357484094798565,0.043583616614341736,0.05908311903476715,0.15186433494091034,0.27078086137771606,0.003903208300471306,2.0834391117095947,0.07727260887622833,,,,,,,,,,,,,,,
,0.00014788123728323526,22289,,,,,,,,,,,,,,,,,,,,,,,,,,,,,,
32,,22289,0.025882897898554802,0.0158639308065176,0.21691222488880157,0.0018374079372733831,0.024332448840141296,0.006129770074039698,0.09959883987903595,0.0032574045471847057,0.03449510782957077,0.03554420545697212,0.13957148790359497,0.21588408946990967,0.0029442019294947386,2.077683925628662,0.07231877744197845,,,,,,,,,,,,,,,
,0.00014775126129784803,22299,,,,,,,,,,,,,,,,,,,,,,,,,,,,,,
32,,22299,0.06563951820135117,0.015491153113543987,0.1759214550256729,0.0002734427689574659,0.048013824969530106,0.009457649663090706,0.097283273935318,0.004698719829320908,0.21126502752304077,0.04336787387728691,0.15486976504325867,0.41947996616363525,0.001193326199427247,2.090824842453003,0.10574866831302643,,,,,,,,,,,,,,,
,0.00014762128700124744,22309,,,,,,,,,,,,,,,,,,,,,,,,,,,,,,
32,,22309,0.027905838564038277,0.03384453430771828,0.16265985369682312,0.0011043344857171178,0.033990632742643356,0.008311312645673752,0.11040003597736359,0.004145533312112093,0.03821824863553047,0.04251813143491745,0.13569708168506622,0.21668285131454468,0.0020653665997087955,2.057316780090332,0.07030073553323746,,,,,,,,,,,,,,,
,0.00014749131449104318,22319,,,,,,,,,,,,,,,,,,,,,,,,,,,,,,
32,,22319,0.03672626614570618,0.018689902499318123,0.1630607694387436,0.0007859189645387232,0.03302207216620445,0.0024070979561656713,0.12538206577301025,0.007861530408263206,0.08540789783000946,0.03513462841510773,0.12290052324533463,0.25973471999168396,0.0007518455968238413,2.0724592208862305,0.06505101919174194,,,,,,,,,,,,,,,
,0.00014736134386484362,22329,,,,,,,,,,,,,,,,,,,,,,,,,,,,,,
32,,22329,0.03839489445090294,0.010281405411660671,0.18144580721855164,0.0006284257979132235,0.026916611939668655,0.005304189398884773,0.10532288253307343,0.005223826505243778,0.07677290588617325,0.03324037790298462,0.12870146334171295,0.24561558663845062,0.0005661385366693139,2.054673910140991,0.06080734729766846,,,,,,,,,,,,,,,
,0.0001472313752202559,22339,,,,,,,,,,,,,,,,,,,,,,,,,,,,,,
32,,22339,0.032206762582063675,0.018770430237054825,0.1946881115436554,0.0008076766389422119,0.02568899095058441,0.005435022059828043,0.0973128005862236,0.004078734666109085,0.06878696382045746,0.018699124455451965,0.11898816376924515,0.2348104864358902,0.0012256507761776447,2.0726418495178223,0.05941005051136017,,,,,,,,,,,,,,,
,0.00014710140865488547,22349,,,,,,,,,,,,,,,,,,,,,,,,,,,,,,
32,,22349,0.02872532606124878,0.031527500599622726,0.1553809493780136,0.0016866895603016019,0.02391071431338787,0.007936578243970871,0.11271288245916367,0.00903296284377575,0.05857756361365318,0.04023076966404915,0.11288049817085266,0.2264084815979004,0.00043038951116614044,2.089535713195801,0.05452677607536316,,,,,,,,,,,,,,,
,0.00014697144426633628,22359,,,,,,,,,,,,,,,,,,,,,,,,,,,,,,
32,,22359,0.03905201330780983,0.013614533469080925,0.1674487441778183,0.003573391819372773,0.018801426514983177,0.010462097823619843,0.08264312893152237,0.006256745662540197,0.05573955550789833,0.03602050989866257,0.12931610643863678,0.2221657782793045,0.001663113827817142,2.074272871017456,0.0595601424574852,,,,,,,,,,,,,,,
,0.0001468414821522106,22369,,,,,,,,,,,,,,,,,,,,,,,,,,,,,,
32,,22369,0.02752598561346531,0.020759182050824165,0.19809573888778687,0.0016464362852275372,0.015104112215340137,0.0059183682315051556,0.10150814801454544,0.003086425829678774,0.0317780040204525,0.02157624438405037,0.10307938605546951,0.20385947823524475,0.012539572082459927,2.058985471725464,0.0578303225338459,,,,,,,,,,,,,,,
,0.00014671152241010915,22379,,,,,,,,,,,,,,,,,,,,,,,,,,,,,,
32,,22379,0.045049820095300674,0.016268949955701828,0.26441308856010437,0.0017433908069506288,0.03741735592484474,0.005806021858006716,0.12652099132537842,0.009340522810816765,0.05080763250589371,0.015796160325407982,0.14438727498054504,0.2736430764198303,0.0035687070339918137,2.093454360961914,0.08230637013912201,,,,,,,,,,,,,,,
,0.00014658156513763063,22389,,,,,,,,,,,,,,,,,,,,,,,,,,,,,,
32,,22389,0.03488975390791893,0.02777731791138649,0.2582513689994812,0.0014578887494280934,0.035234276205301285,0.0040669748559594154,0.1558634638786316,0.0032005752436816692,0.044699035584926605,0.025698935613036156,0.14634983241558075,0.26480206847190857,0.0002188919752370566,2.0843818187713623,0.08753901720046997,,,,,,,,,,,,,,,
,0.00014645161043237216,22399,,,,,,,,,,,,,,,,,,,,,,,,,,,,,,
32,,22399,0.05711619183421135,0.023824360221624374,0.149804025888443,0.002269442891702056,0.035044360905885696,0.006707543041557074,0.10662353038787842,0.007321945857256651,0.1058325320482254,0.04671027511358261,0.12251385301351547,0.29552751779556274,0.0029190625064074993,2.064321994781494,0.0795847550034523,,,,,,,,,,,,,,,
,0.00014632165839192871,22409,,,,,,,,,,,,,,,,,,,,,,,,,,,,,,
32,,22409,0.02968228980898857,0.020696895197033882,0.19368186593055725,0.0007412730483338237,0.01804487407207489,0.010396537370979786,0.11958929151296616,0.004022456705570221,0.038943395018577576,0.05227131396532059,0.130511075258255,0.21259209513664246,0.0002340396458748728,2.0903522968292236,0.046255841851234436,,,,,,,,,,,,,,,
,0.00014619170911389336,22419,,,,,,,,,,,,,,,,,,,,,,,,,,,,,,
32,,22419,0.03031652793288231,0.01198082696646452,0.13997609913349152,0.0005265498766675591,0.031096339225769043,0.008606761693954468,0.08550088852643967,0.009422848001122475,0.07906001806259155,0.02748780883848667,0.11970466375350952,0.2346535176038742,0.0003872445086017251,2.0576000213623047,0.07265543192625046,,,,,,,,,,,,,,,
,0.00014606176269585706,22429,,,,,,,,,,,,,,,,,,,,,,,,,,,,,,
32,,22429,0.037241071462631226,0.02855628728866577,0.14505523443222046,0.0027838139794766903,0.02468734048306942,0.007617999333888292,0.1123465895652771,0.00637839874252677,0.059828195720911026,0.042891331017017365,0.11374524980783463,0.2262905091047287,0.002352495212107897,2.0899651050567627,0.04712582379579544,,,,,,,,,,,,,,,
,0.00014593181923540857,22439,,,,,,,,,,,,,,,,,,,,,,,,,,,,,,
32,,22439,0.024269284680485725,0.038014788180589676,0.24291323125362396,0.0015591373667120934,0.024145174771547318,0.012320996262133121,0.1432495415210724,0.006403381936252117,0.042360518127679825,0.02757868357002735,0.13241972029209137,0.2445402592420578,0.0004866040253546089,2.0580573081970215,0.04962056875228882,,,,,,,,,,,,,,,
,0.0001458018788301346,22449,,,,,,,,,,,,,,,,,,,,,,,,,,,,,,
32,,22449,0.03459693491458893,0.025137946009635925,0.20425212383270264,0.00011842507228720933,0.02516288496553898,0.006573694292455912,0.11298269778490067,0.008770005777478218,0.05700497701764107,0.03206006437540054,0.12690375745296478,0.24781198799610138,0.00044965537381358445,2.1063506603240967,0.08275547623634338,,,,,,,,,,,,,,,
,0.00014567194157761942,22459,,,,,,,,,,,,,,,,,,,,,,,,,,,,,,
32,,22459,0.03341888263821602,0.019106173887848854,0.25680744647979736,0.008892976678907871,0.06518356502056122,0.007393857464194298,0.1313047558069229,0.008729305118322372,0.10981152951717377,0.043393101543188095,0.1739676147699356,0.36284738779067993,0.002810706617310643,2.0868899822235107,0.1236240491271019,,,,,,,,,,,,,,,
,0.00014554200757544496,22469,,,,,,,,,,,,,,,,,,,,,,,,,,,,,,
32,,22469,0.03386596590280533,0.01903693750500679,0.17249614000320435,0.0035132328048348427,0.037232398986816406,0.010413155891001225,0.14979472756385803,0.005690334364771843,0.08738448470830917,0.05415146052837372,0.12861764430999756,0.2826491594314575,0.0024933137465268373,2.0616509914398193,0.07153860479593277,,,,,,,,,,,,,,,
,0.00014541207692119075,22479,,,,,,,,,,,,,,,,,,,,,,,,,,,,,,
32,,22479,0.055049654096364975,0.010852489620447159,0.11442594230175018,0.0010222858982160687,0.025709597393870354,0.007731727324426174,0.07928267121315002,0.006786017678678036,0.06010952964425087,0.044431641697883606,0.10951100289821625,0.20985384285449982,0.0012222809018567204,2.0611326694488525,0.05279751121997833,,,,,,,,,,,,,,,
,0.00014528214971243372,22489,,,,,,,,,,,,,,,,,,,,,,,,,,,,,,
32,,22489,0.03931144252419472,0.033309414982795715,0.25328710675239563,0.00590930599719286,0.041359104216098785,0.012156111188232899,0.2068294882774353,0.013311615213751793,0.19474293291568756,0.046577274799346924,0.14682020246982574,0.4578953981399536,0.0018313052132725716,2.064817190170288,0.09552931785583496,,,,,,,,,,,,,,,
,0.00014515222604674833,22499,,,,,,,,,,,,,,,,,,,,,,,,,,,,,,
32,,22499,0.02961846813559532,0.012377002276480198,0.139010488986969,0.0009895531693473458,0.03406249359250069,0.012816752307116985,0.08545617759227753,0.007322022691369057,0.054056018590927124,0.04345880448818207,0.12608060240745544,0.21348682045936584,0.0004468508705031127,2.1011338233947754,0.07062063366174698,,,,,,,,,,,,,,,
,0.00014502230602170632,22509,,,,,,,,,,,,,,,,,,,,,,,,,,,,,,
32,,22509,0.02952042780816555,0.039172153919935226,0.17169225215911865,0.0017874123295769095,0.030670754611492157,0.009493324905633926,0.11957938969135284,0.007919310592114925,0.053057961165905,0.06043300777673721,0.12338504195213318,0.23836776614189148,0.00016880693146958947,2.0637145042419434,0.05815458670258522,,,,,,,,,,,,,,,
,0.00014489238973487665,22519,,,,,,,,,,,,,,,,,,,,,,,,,,,,,,
32,,22519,0.09278026968240738,0.021030228585004807,0.17347615957260132,0.0006678771460428834,0.03041379153728485,0.007959154434502125,0.14150680601596832,0.012277969159185886,0.12655343115329742,0.03274691477417946,0.10474450141191483,0.3372640907764435,0.0005071508348919451,2.0570619106292725,0.058639805763959885,,,,,,,,,,,,,,,
,0.00014476247728382552,22529,,,,,,,,,,,,,,,,,,,,,,,,,,,,,,
32,,22529,0.05319163203239441,0.02059342712163925,0.18792307376861572,0.001851759385317564,0.03204988315701485,0.016184259206056595,0.1115201860666275,0.005402261856943369,0.07866823673248291,0.02446482516825199,0.12941664457321167,0.27580657601356506,0.0036435711663216352,2.0697736740112305,0.07164309173822403,,,,,,,,,,,,,,,
,0.00014463256876611624,22539,,,,,,,,,,,,,,,,,,,,,,,,,,,,,,
32,,22539,0.07701198756694794,0.03535933792591095,0.14783982932567596,0.0012734208721667528,0.028832050040364265,0.01309908740222454,0.12031397223472595,0.009827593341469765,0.14115232229232788,0.04347039386630058,0.11840961873531342,0.34867236018180847,0.005998759064823389,2.079853057861328,0.06460016965866089,,,,,,,,,,,,,,,
,0.0001445026642793092,22549,,,,,,,,,,,,,,,,,,,,,,,,,,,,,,
32,,22549,0.040580734610557556,0.019256511703133583,0.23445816338062286,0.004303927067667246,0.045918188989162445,0.007552070543169975,0.12146482616662979,0.00336733041331172,0.05997661501169205,0.049226727336645126,0.1516004502773285,0.2828221321105957,0.0030289774294942617,2.0849015712738037,0.10162989050149918,,,,,,,,,,,,,,,
,0.00014437276392096179,22559,,,,,,,,,,,,,,,,,,,,,,,,,,,,,,
32,,22559,0.05348268523812294,0.019761743023991585,0.20738007128238678,0.0009916683193296194,0.02644164301455021,0.004750608000904322,0.12441902607679367,0.007604402955621481,0.060849130153656006,0.03604039549827576,0.11883283406496048,0.2515123188495636,0.0012290783924981952,2.091994047164917,0.04904952272772789,,,,,,,,,,,,,,,
,0.0001442428677886281,22569,,,,,,,,,,,,,,,,,,,,,,,,,,,,,,
32,,22569,0.027874967083334923,0.02140270732343197,0.22585447132587433,0.002282501198351383,0.026918338611721992,0.015195038169622421,0.10979901999235153,0.007515886798501015,0.055649589747190475,0.05495424196124077,0.1353360116481781,0.2544070780277252,0.0028047258965671062,2.073824644088745,0.06270748376846313,,,,,,,,,,,,,,,
,0.00014411297597985935,22579,,,,,,,,,,,,,,,,,,,,,,,,,,,,,,
32,,22579,0.03101845271885395,0.016038447618484497,0.18652908504009247,0.0032671294175088406,0.02555430494248867,0.010189639404416084,0.11314759403467178,0.0048776366747915745,0.03122284822165966,0.03054315410554409,0.13122549653053284,0.21143026649951935,0.0029909706208854914,2.0834755897521973,0.06863822042942047,,,,,,,,,,,,,,,
,0.0001439830885922032,22589,,,,,,,,,,,,,,,,,,,,,,,,,,,,,,
32,,22589,0.03601408377289772,0.020258111879229546,0.14046035706996918,0.00218924880027771,0.024582339450716972,0.01159314252436161,0.10142575949430466,0.005350781138986349,0.05758093297481537,0.0255691260099411,0.11115676909685135,0.21636947989463806,0.00042401920654810965,2.0561277866363525,0.06403602659702301,,,,,,,,,,,,,,,
,0.00014385320572320425,22599,,,,,,,,,,,,,,,,,,,,,,,,,,,,,,
32,,22599,0.02776612527668476,0.018063507974147797,0.17465811967849731,0.0025808268692344427,0.03885947912931442,0.003984367940574884,0.10802655667066574,0.009468785487115383,0.10539013892412186,0.025086693465709686,0.12045355141162872,0.280198335647583,0.0004436680756043643,2.06197190284729,0.07413864880800247,,,,,,,,,,,,,,,
,0.00014372332747040358,22609,,,,,,,,,,,,,,,,,,,,,,,,,,,,,,
32,,22609,0.021200621500611305,0.021712688729166985,0.21683362126350403,0.0002942545397672802,0.027160948142409325,0.017827607691287994,0.10681246966123581,0.0037540188059210777,0.028133021667599678,0.03617381304502487,0.1267809122800827,0.20879824459552765,0.0007947232807055116,2.080923318862915,0.060991112142801285,,,,,,,,,,,,,,,
,0.00014359345393133883,22619,,,,,,,,,,,,,,,,,,,,,,,,,,,,,,
32,,22619,0.03555824235081673,0.020844317972660065,0.15759865939617157,0.0013213467318564653,0.029949024319648743,0.010816285386681557,0.08994195610284805,0.007177014835178852,0.03577841818332672,0.023560812696814537,0.12372391670942307,0.20822148025035858,0.0014984937151893973,2.078796148300171,0.0846332460641861,,,,,,,,,,,,,,,
,0.00014346358520354405,22629,,,,,,,,,,,,,,,,,,,,,,,,,,,,,,
32,,22629,0.045479848980903625,0.02333720028400421,0.20311440527439117,0.0057496558874845505,0.036260928958654404,0.0074769360944628716,0.14626792073249817,0.00965186394751072,0.12028767913579941,0.025760307908058167,0.12096187472343445,0.3274974226951599,0.0022088163532316685,2.079988956451416,0.06387726217508316,,,,,,,,,,,,,,,
,0.0001433337213845497,22639,,,,,,,,,,,,,,,,,,,,,,,,,,,,,,
32,,22639,0.03053406812250614,0.022259175777435303,0.20315448939800262,0.00033415990765206516,0.02602771669626236,0.006285972893238068,0.12575583159923553,0.006797892972826958,0.06863734871149063,0.04059391841292381,0.13606126606464386,0.25311410427093506,0.003034251043573022,2.091839551925659,0.04934392869472504,,,,,,,,,,,,,,,
,0.00014320386257188269,22649,,,,,,,,,,,,,,,,,,,,,,,,,,,,,,
32,,22649,0.0407482385635376,0.02839629538357258,0.2836741507053375,0.003354086773470044,0.0407722033560276,0.0062628998421132565,0.15014126896858215,0.004268640652298927,0.05480818822979927,0.03280937671661377,0.14175614714622498,0.29212701320648193,0.0005198405706323683,2.0744001865386963,0.09402980655431747,,,,,,,,,,,,,,,
,0.00014307400886306597,22659,,,,,,,,,,,,,,,,,,,,,,,,,,,,,,
32,,22659,0.05073030665516853,0.03739721328020096,0.2574814558029175,0.0023351518902927637,0.04096470773220062,0.012608855031430721,0.16530171036720276,0.008332137018442154,0.07929226756095886,0.055515628308057785,0.14668677747249603,0.3272015154361725,0.002233700128272176,2.0510995388031006,0.07301349937915802,,,,,,,,,,,,,,,
,0.00014294416035561875,22669,,,,,,,,,,,,,,,,,,,,,,,,,,,,,,
32,,22669,0.025235701352357864,0.026821576058864594,0.20789317786693573,0.0007423432543873787,0.03189440444111824,0.012904433533549309,0.1311095654964447,0.005040897987782955,0.0359000638127327,0.020265841856598854,0.13905289769172668,0.23237770795822144,0.000716992886736989,2.112440824508667,0.0873643159866333,,,,,,,,,,,,,,,
,0.00014281431714705632,22679,,,,,,,,,,,,,,,,,,,,,,,,,,,,,,
32,,22679,0.026779165491461754,0.04196631535887718,0.2391035109758377,0.003210096387192607,0.036271318793296814,0.005206909961998463,0.14433874189853668,0.007844006642699242,0.04758761078119278,0.029115760698914528,0.1561245322227478,0.2775299847126007,0.0012521101161837578,2.073784112930298,0.10793575644493103,,,,,,,,,,,,,,,
,0.00014268447933489,22689,,,,,,,,,,,,,,,,,,,,,,,,,,,,,,
32,,22689,0.06873026490211487,0.011838290840387344,0.12825065851211548,0.001001381897367537,0.029924577102065086,0.0180444847792387,0.11499980837106705,0.008981125429272652,0.14277850091457367,0.03938823565840721,0.1154990866780281,0.3220156729221344,0.0011722996132448316,2.104673385620117,0.054151032119989395,,,,,,,,,,,,,,,
,0.00014255464701662705,22699,,,,,,,,,,,,,,,,,,,,,,,,,,,,,,
32,,22699,0.040140025317668915,0.011913157068192959,0.12914606928825378,0.0018888965714722872,0.03418590500950813,0.00880231149494648,0.09753641486167908,0.005854045040905476,0.07870938628911972,0.0342082716524601,0.1049412339925766,0.23509731888771057,0.0010937433689832687,2.08101749420166,0.06840309500694275,,,,,,,,,,,,,,,
,0.0001424248202897706,22709,,,,,,,,,,,,,,,,,,,,,,,,,,,,,,
32,,22709,0.022396117448806763,0.0436282716691494,0.1737460345029831,0.0013300362043082714,0.022109849378466606,0.008390646427869797,0.13428503274917603,0.003731076605618,0.023996101692318916,0.033091265708208084,0.12335363030433655,0.19501236081123352,0.0020451568998396397,2.057218551635742,0.03402785584330559,,,,,,,,,,,,,,,
,0.00014229499925181964,22719,,,,,,,,,,,,,,,,,,,,,,,,,,,,,,
32,,22719,0.03198043256998062,0.034504588693380356,0.31292974948883057,0.001939405337907374,0.03655913844704628,0.006169822998344898,0.1620883047580719,0.006828951183706522,0.05893632024526596,0.024150198325514793,0.17908574640750885,0.33074039220809937,0.013916906900703907,2.0853514671325684,0.1108713448047638,,,,,,,,,,,,,,,
,0.0001421651840002688,22729,,,,,,,,,,,,,,,,,,,,,,,,,,,,,,
32,,22729,0.028300056234002113,0.01027235109359026,0.15337106585502625,0.0015914742834866047,0.01937495730817318,0.002936636796221137,0.08531766384840012,0.0037668240256607533,0.02511204220354557,0.027165984734892845,0.11270970851182938,0.16357006132602692,0.0005733253783546388,2.097745895385742,0.04665929079055786,,,,,,,,,,,,,,,
,0.00014203537463260837,22739,,,,,,,,,,,,,,,,,,,,,,,,,,,,,,
32,,22739,0.07244069874286652,0.011082632467150688,0.13434001803398132,0.0005566906183958054,0.028717171400785446,0.009829893708229065,0.10937654227018356,0.010020271874964237,0.11133942008018494,0.039342086762189865,0.116800457239151,0.2924066483974457,0.00040230018203146756,2.0557050704956055,0.06810924410820007,,,,,,,,,,,,,,,
,0.00014190557124632423,22749,,,,,,,,,,,,,,,,,,,,,,,,,,,,,,
32,,22749,0.02882676012814045,0.013271483592689037,0.1680348664522171,0.0008418654906563461,0.030180951580405235,0.009872357361018658,0.0922008529305458,0.0068365102633833885,0.0644221380352974,0.04455604776740074,0.12227046489715576,0.2250329703092575,0.0008760759956203401,2.087898015975952,0.050849393010139465,,,,,,,,,,,,,,,
,0.0001417757739388979,22759,,,,,,,,,,,,,,,,,,,,,,,,,,,,,,
32,,22759,0.03836720436811447,0.021185293793678284,0.22898554801940918,0.0010473610600456595,0.043899957090616226,0.008644853718578815,0.13022930920124054,0.006337650120258331,0.062276482582092285,0.03753596916794777,0.14255164563655853,0.28012412786483765,0.0009076633723452687,2.068634271621704,0.10402041673660278,,,,,,,,,,,,,,,
,0.00014164598280780617,22769,,,,,,,,,,,,,,,,,,,,,,,,,,,,,,
32,,22769,0.03150944039225578,0.015667755156755447,0.1757725179195404,0.0011191116645932198,0.02644852176308632,0.011863245628774166,0.09769188612699509,0.005105442367494106,0.06374042481184006,0.021321851760149002,0.12826259434223175,0.22520458698272705,0.0008794584427960217,2.070988178253174,0.04596354812383652,,,,,,,,,,,,,,,
,0.00014151619795052121,22779,,,,,,,,,,,,,,,,,,,,,,,,,,,,,,
32,,22779,0.027170637622475624,0.011268936097621918,0.1426546573638916,0.0007072133594192564,0.023514967411756516,0.013456140644848347,0.07340220361948013,0.004883529618382454,0.059375420212745667,0.039828963577747345,0.12239762395620346,0.20590977370738983,0.0002368273853790015,2.068786144256592,0.06135426461696625,,,,,,,,,,,,,,,
,0.00014138641946451056,22789,,,,,,,,,,,,,,,,,,,,,,,,,,,,,,
32,,22789,0.050961725413799286,0.017986122518777847,0.18355877697467804,0.001981147564947605,0.04313976690173149,0.006931030657142401,0.12164263427257538,0.010572616010904312,0.1287800371646881,0.04910080507397652,0.11638734489679337,0.33588141202926636,0.0035406872630119324,2.093205213546753,0.09320099651813507,,,,,,,,,,,,,,,
,0.00014125664744723683,22799,,,,,,,,,,,,,,,,,,,,,,,,,,,,,,
32,,22799,0.03791002929210663,0.012285934761166573,0.15806347131729126,0.00019838527077808976,0.022950729355216026,0.006362035870552063,0.08025497943162918,0.009605973958969116,0.05367700010538101,0.03349955379962921,0.13758185505867004,0.21853137016296387,9.743870032252744e-05,2.080641746520996,0.07380134612321854,,,,,,,,,,,,,,,
,0.00014112688199615804,22809,,,,,,,,,,,,,,,,,,,,,,,,,,,,,,
32,,22809,0.04866868630051613,0.02213781140744686,0.1858203113079071,0.001424527377821505,0.02970615215599537,0.009086384437978268,0.11861952394247055,0.004646050278097391,0.060372378677129745,0.05348886176943779,0.13610149919986725,0.2567720115184784,0.003073370084166527,2.0567028522491455,0.07150635123252869,,,,,,,,,,,,,,,
,0.00014099712320872699,22819,,,,,,,,,,,,,,,,,,,,,,,,,,,,,,
32,,22819,0.038220666348934174,0.01655137911438942,0.15886983275413513,0.0009935072157531977,0.02706564962863922,0.019283564761281013,0.09917832911014557,0.006127682514488697,0.06196722015738487,0.02671152912080288,0.11018703877925873,0.2273465245962143,0.001889674924314022,2.0638322830200195,0.05243232101202011,,,,,,,,,,,,,,,
,0.00014086737118239163,22829,,,,,,,,,,,,,,,,,,,,,,,,,,,,,,
32,,22829,0.0316440649330616,0.022137852385640144,0.22330479323863983,0.0008392942254431546,0.02443927712738514,0.015727845951914787,0.11288773268461227,0.0029962616972625256,0.042169053107500076,0.028717312961816788,0.1294732391834259,0.23361223936080933,0.0005087578319944441,2.058225393295288,0.07677445560693741,,,,,,,,,,,,,,,
,0.0001407376260145948,22839,,,,,,,,,,,,,,,,,,,,,,,,,,,,,,
32,,22839,0.03075130097568035,0.023499641567468643,0.2301209568977356,0.0017870503943413496,0.037772197276353836,0.015048185363411903,0.1112910658121109,0.003925733268260956,0.03488539531826973,0.03075544349849224,0.15291915833950043,0.24882560968399048,0.0018127011135220528,2.0742266178131104,0.10871965438127518,,,,,,,,,,,,,,,
,0.00014060788780277412,22849,,,,,,,,,,,,,,,,,,,,,,,,,,,,,,
32,,22849,0.01996762491762638,0.022135289385914803,0.20583374798297882,0.0008393648313358426,0.03393539786338806,0.004854340106248856,0.10974949598312378,0.005361719056963921,0.03635101020336151,0.01115733664482832,0.1266414076089859,0.21522203087806702,0.003670459846034646,2.077613592147827,0.07687050104141235,,,,,,,,,,,,,,,
,0.00014047815664436217,22859,,,,,,,,,,,,,,,,,,,,,,,,,,,,,,
32,,22859,0.04047197103500366,0.030090251937508583,0.3041720688343048,0.0013488427503034472,0.03848662227392197,0.006292130332440138,0.149396151304245,0.005598605610430241,0.06102221831679344,0.055103715509176254,0.1761053204536438,0.31225019693374634,0.0011248677037656307,2.082005262374878,0.08676185458898544,,,,,,,,,,,,,,,
,0.00014034843263678603,22869,,,,,,,,,,,,,,,,,,,,,,,,,,,,,,
32,,22869,0.014979282394051552,0.03906257450580597,0.26534348726272583,0.00019668223103508353,0.032880399376153946,0.004132598638534546,0.14497825503349304,0.004021720960736275,0.025298861786723137,0.03111560270190239,0.14968158304691315,0.24026037752628326,0.0004225894808769226,2.0897443294525146,0.08822733908891678,,,,,,,,,,,,,,,
,0.00014021871587746758,22879,,,,,,,,,,,,,,,,,,,,,,,,,,,,,,
32,,22879,0.04024101793766022,0.028031090274453163,0.16398006677627563,0.0008609147625975311,0.017472676932811737,0.004092471208423376,0.10564121603965759,0.002793641295284033,0.04382402449846268,0.026307007297873497,0.09150254726409912,0.19842875003814697,0.0013431606348603964,2.1145009994506836,0.04669588804244995,,,,,,,,,,,,,,,
,0.00014008900646382308,22889,,,,,,,,,,,,,,,,,,,,,,,,,,,,,,
32,,22889,0.03212761878967285,0.01996961236000061,0.1795521378517151,0.001281948876567185,0.03738182410597801,0.0023394280578941107,0.10478188097476959,0.009183313697576523,0.0815938264131546,0.03932376950979233,0.16445007920265198,0.2688041627407074,0.0007671770872548223,2.113790273666382,0.07520470023155212,,,,,,,,,,,,,,,
,0.0001399593044932634,22899,,,,,,,,,,,,,,,,,,,,,,,,,,,,,,
32,,22899,0.027752727270126343,0.0320453979074955,0.17175310850143433,0.0002106940228259191,0.020253166556358337,0.02069127932190895,0.12015126645565033,0.0042647263035178185,0.03984120860695839,0.019522210583090782,0.12248386442661285,0.21536040306091309,0.0018875951645895839,2.047837495803833,0.06021292880177498,,,,,,,,,,,,,,,
,0.0001398296100631938,22909,,,,,,,,,,,,,,,,,,,,,,,,,,,,,,
32,,22909,0.05690531060099602,0.012903844937682152,0.09114304184913635,0.0008259574533440173,0.022329894825816154,0.00824699830263853,0.07898497581481934,0.007121404632925987,0.09000252187252045,0.025355275720357895,0.09073688834905624,0.22333402931690216,6.509359081974253e-05,2.097243070602417,0.043196942657232285,,,,,,,,,,,,,,,
,0.00013969992327101386,22919,,,,,,,,,,,,,,,,,,,,,,,,,,,,,,
32,,22919,0.07504189759492874,0.014133822172880173,0.20456360280513763,0.0024887232575565577,0.038182176649570465,0.006941986735910177,0.10172688215970993,0.010337977670133114,0.08893187344074249,0.04091033712029457,0.17966902256011963,0.31691309809684753,0.0013277595862746239,2.0679268836975098,0.09588208794593811,,,,,,,,,,,,,,,
,0.00013957024421411743,22929,,,,,,,,,,,,,,,,,,,,,,,,,,,,,,
32,,22929,0.03123060055077076,0.017062557861208916,0.15347075462341309,0.0011096101952716708,0.022215809673070908,0.006301268469542265,0.1017831414937973,0.004222557879984379,0.03825370594859123,0.036579541862010956,0.13614493608474731,0.20607897639274597,0.00446536298841238,2.0838334560394287,0.07559967786073685,,,,,,,,,,,,,,,
32,,22934,,,,,,,,,,,,,,,,0.19451794028282166,0.03153873607516289,0.2937318682670593,0.0077053336426615715,0.07363485544919968,0.0020439885556697845,0.13919855654239655,0.01942620798945427,0.21253037452697754,0.08193186670541763,0.20524942874908447,0.6046062707901001,0.011995102278888226,2.0782077312469482,0.1579507291316986
,0.00013944057298989252,22939,,,,,,,,,,,,,,,,,,,,,,,,,,,,,,
33,,22939,0.03970842435956001,0.029970085248351097,0.2689236104488373,0.0015776323853060603,0.022482972592115402,0.005719865672290325,0.12943591177463531,0.008247438818216324,0.040801938623189926,0.024826932698488235,0.1447882503271103,0.2540430426597595,0.0019178172806277871,2.09360671043396,0.05152510479092598,,,,,,,,,,,,,,,
,0.0001393109096957213,22949,,,,,,,,,,,,,,,,,,,,,,,,,,,,,,
33,,22949,0.04053572192788124,0.02538691833615303,0.18783165514469147,0.0016310991486534476,0.030307192355394363,0.0066900672391057014,0.11160434782505035,0.006009875796735287,0.04055428504943848,0.03396126627922058,0.1307573765516281,0.2318471074104309,0.0005495694349519908,2.0676522254943848,0.08753858506679535,,,,,,,,,,,,,,,
,0.00013918125442897997,22959,,,,,,,,,,,,,,,,,,,,,,,,,,,,,,
33,,22959,0.03470635786652565,0.021855663508176804,0.17250289022922516,0.0022014302667230368,0.02708403952419758,0.006850759498775005,0.10632713884115219,0.008664686232805252,0.06864408403635025,0.04815325140953064,0.11455840617418289,0.2434680312871933,0.002493856940418482,2.090545415878296,0.05568275228142738,,,,,,,,,,,,,,,
,0.00013905160728703875,22969,,,,,,,,,,,,,,,,,,,,,,,,,,,,,,
33,,22969,0.05743900313973427,0.01636461354792118,0.15844585001468658,0.0004790940147358924,0.035077594220638275,0.012218760326504707,0.10200274735689163,0.006309153512120247,0.10158460587263107,0.04687194526195526,0.12042352557182312,0.2873351275920868,0.00039416190702468157,2.0799195766448975,0.08091345429420471,,,,,,,,,,,,,,,
,0.0001389219683672617,22979,,,,,,,,,,,,,,,,,,,,,,,,,,,,,,
33,,22979,0.029656626284122467,0.023070964962244034,0.23031215369701385,0.0008575930260121822,0.0241340734064579,0.01617676392197609,0.12517069280147552,0.004559365566819906,0.059530891478061676,0.019336523488163948,0.11363372951745987,0.24716627597808838,0.00037435011472553015,2.11193585395813,0.05883977189660072,,,,,,,,,,,,,,,
,0.00013879233776700666,22989,,,,,,,,,,,,,,,,,,,,,,,,,,,,,,
33,,22989,0.03545888885855675,0.024230867624282837,0.23604701459407806,0.0038403465878218412,0.030973093584179878,0.004566155839711428,0.12964408099651337,0.0040089841932058334,0.08327081799507141,0.026725951582193375,0.14538690447807312,0.28411492705345154,0.002427177969366312,2.099351406097412,0.056026846170425415,,,,,,,,,,,,,,,
,0.0001386627155836253,22999,,,,,,,,,,,,,,,,,,,,,,,,,,,,,,
33,,22999,0.029212158173322678,0.018019432201981544,0.22706058621406555,0.00025741959689185023,0.04461617395281792,0.003710963297635317,0.11616549640893936,0.00457977969199419,0.04986608773469925,0.03812374919652939,0.13645194470882416,0.24623365700244904,0.001714796293526888,2.0851895809173584,0.08274571597576141,,,,,,,,,,,,,,,
,0.0001385331019144629,23009,,,,,,,,,,,,,,,,,,,,,,,,,,,,,,
33,,23009,0.01666451431810856,0.03563375771045685,0.17826594412326813,0.0010027983225882053,0.020583968609571457,0.005379949230700731,0.13937078416347504,0.007179309614002705,0.05069124698638916,0.02708403393626213,0.1091802567243576,0.2169058471918106,0.0005115027888678014,2.0990726947784424,0.04292704537510872,,,,,,,,,,,,,,,
,0.00013840349685685852,23019,,,,,,,,,,,,,,,,,,,,,,,,,,,,,,
33,,23019,0.039245765656232834,0.01213640347123146,0.1473151594400406,0.000597746460698545,0.028059497475624084,0.0070391022600233555,0.09299460798501968,0.005897692404687405,0.05730333551764488,0.03667620196938515,0.12328271567821503,0.21443398296833038,0.0004450072010513395,2.0934805870056152,0.058590516448020935,,,,,,,,,,,,,,,
,0.00013827390050814452,23029,,,,,,,,,,,,,,,,,,,,,,,,,,,,,,
33,,23029,0.0431019552052021,0.019388362765312195,0.22054137289524078,0.0030808683950453997,0.033019233494997025,0.006068365648388863,0.1345159411430359,0.006479176692664623,0.07288935780525208,0.021574581041932106,0.14448995888233185,0.2845679819583893,0.00582320848479867,2.047112464904785,0.07924823462963104,,,,,,,,,,,,,,,
,0.00013814431296564684,23039,,,,,,,,,,,,,,,,,,,,,,,,,,,,,,
33,,23039,0.036791324615478516,0.024251634255051613,0.22847133874893188,0.003967046272009611,0.0370761901140213,0.006084511987864971,0.12533193826675415,0.007435512728989124,0.0626358911395073,0.029433462768793106,0.14641635119915009,0.28373241424560547,0.0043982332572340965,2.09238338470459,0.10438477993011475,,,,,,,,,,,,,,,
,0.00013801473432668485,23049,,,,,,,,,,,,,,,,,,,,,,,,,,,,,,
33,,23049,0.046098727732896805,0.04182332381606102,0.2596968412399292,0.0006786302546970546,0.030565720051527023,0.022400014102458954,0.16789329051971436,0.006076861638575792,0.03219497948884964,0.0602874681353569,0.15403716266155243,0.2874462604522705,0.002372529124841094,2.0768446922302246,0.09256725013256073,,,,,,,,,,,,,,,
,0.00013788516468857107,23059,,,,,,,,,,,,,,,,,,,,,,,,,,,,,,
33,,23059,0.028179287910461426,0.03254422917962074,0.24335713684558868,0.0025338029954582453,0.026905715465545654,0.006579197011888027,0.14880189299583435,0.004556710831820965,0.037731319665908813,0.03836771100759506,0.1296849399805069,0.24654027819633484,0.00013663110439665616,2.072756290435791,0.07519561052322388,,,,,,,,,,,,,,,
,0.00013775560414861147,23069,,,,,,,,,,,,,,,,,,,,,,,,,,,,,,
33,,23069,0.049411624670028687,0.011160225607454777,0.13137207925319672,0.0008266174700111151,0.023118648678064346,0.01091665867716074,0.07834050059318542,0.007761015556752682,0.0723964273929596,0.024507908150553703,0.1259654462337494,0.22795182466506958,0.000153993591084145,2.070699453353882,0.06179950386285782,,,,,,,,,,,,,,,
,0.00013762605280410507,23079,,,,,,,,,,,,,,,,,,,,,,,,,,,,,,
33,,23079,0.01658613048493862,0.015309879556298256,0.2271590530872345,0.002426447346806526,0.024664564058184624,0.0037538837641477585,0.10101307928562164,0.0033157430589199066,0.031442396342754364,0.023613130673766136,0.14332522451877594,0.2054286003112793,0.00021588406525552273,2.0836849212646484,0.0665334090590477,,,,,,,,,,,,,,,
,0.00013749651075234396,23089,,,,,,,,,,,,,,,,,,,,,,,,,,,,,,
33,,23089,0.021745450794696808,0.042537543922662735,0.2691384553909302,0.0009669110295362771,0.02048378996551037,0.0065339053981006145,0.13614144921302795,0.004153657704591751,0.036898739635944366,0.01697433553636074,0.1462247669696808,0.2494352161884308,0.0063568055629730225,2.0941836833953857,0.060718219727277756,,,,,,,,,,,,,,,
,0.00013736697809061326,23099,,,,,,,,,,,,,,,,,,,,,,,,,,,,,,
33,,23099,0.02478090673685074,0.011258237063884735,0.11274221539497375,0.0005370899452827871,0.023425595834851265,0.00321019790135324,0.06965791434049606,0.005953481420874596,0.06238667294383049,0.03583192825317383,0.0856446698307991,0.18370774388313293,0.0027231359854340553,2.0855259895324707,0.046704210340976715,,,,,,,,,,,,,,,
,0.0001372374549161911,23109,,,,,,,,,,,,,,,,,,,,,,,,,,,,,,
33,,23109,0.03310946375131607,0.047880351543426514,0.21560537815093994,0.002375225303694606,0.024898942559957504,0.010992437601089478,0.1389177441596985,0.007156510837376118,0.05421784892678261,0.04709845781326294,0.1321542114019394,0.2645600438117981,0.0008776562754064798,2.083059072494507,0.0653277114033699,,,,,,,,,,,,,,,
,0.00013710794132634847,23119,,,,,,,,,,,,,,,,,,,,,,,,,,,,,,
33,,23119,0.03411538526415825,0.015123935416340828,0.13353465497493744,0.0009265101980417967,0.029134085401892662,0.008634936064481735,0.11393836885690689,0.006405272055417299,0.06616149097681046,0.024160107597708702,0.1147351935505867,0.22130253911018372,0.0003207288100384176,2.073984384536743,0.05888073518872261,,,,,,,,,,,,,,,
,0.00013697843741834916,23129,,,,,,,,,,,,,,,,,,,,,,,,,,,,,,
33,,23129,0.04037894308567047,0.03802560269832611,0.2307722121477127,0.003956284839659929,0.03719231113791466,0.008599392138421535,0.15286105871200562,0.00469566136598587,0.07314988225698471,0.02942042239010334,0.1322198361158371,0.2929612696170807,0.001686102943494916,2.087270736694336,0.0739062950015068,,,,,,,,,,,,,,,
,0.00013684894328944966,23139,,,,,,,,,,,,,,,,,,,,,,,,,,,,,,
33,,23139,0.04183187708258629,0.01332525722682476,0.159364253282547,0.0006303440313786268,0.025423962622880936,0.0077231465838849545,0.09411515295505524,0.0059250108897686005,0.05152762308716774,0.029023384675383568,0.12590627372264862,0.21195895969867706,0.0002474535722285509,2.078369379043579,0.05430696904659271,,,,,,,,,,,,,,,
,0.0001367194590368991,23149,,,,,,,,,,,,,,,,,,,,,,,,,,,,,,
33,,23149,0.02873631939291954,0.03823263570666313,0.2301945835351944,0.0006951059331186116,0.037070997059345245,0.01051399391144514,0.17349617183208466,0.003200477920472622,0.02531646005809307,0.023515235632658005,0.1584261655807495,0.2503114640712738,0.006238284520804882,2.069183111190796,0.07676742225885391,,,,,,,,,,,,,,,
,0.00013658998475793918,23159,,,,,,,,,,,,,,,,,,,,,,,,,,,,,,
33,,23159,0.028201432898640633,0.034804340451955795,0.18199355900287628,0.0014044648269191384,0.027811888605356216,0.009571962058544159,0.12221772223711014,0.0066933115012943745,0.03401678800582886,0.021248135715723038,0.12424494326114655,0.2162403017282486,0.00150666618719697,2.072194814682007,0.06556318700313568,,,,,,,,,,,,,,,
,0.00013646052054980425,23169,,,,,,,,,,,,,,,,,,,,,,,,,,,,,,
33,,23169,0.03872963786125183,0.008800757117569447,0.13335952162742615,0.0009185816161334515,0.025831159204244614,0.0072510759346187115,0.08458519726991653,0.004130389075726271,0.03710103780031204,0.027290528640151024,0.12766513228416443,0.18694163858890533,0.0009552719420753419,2.0599734783172607,0.06695719063282013,,,,,,,,,,,,,,,
,0.00013633106650972097,23179,,,,,,,,,,,,,,,,,,,,,,,,,,,,,,
33,,23179,0.023199783638119698,0.01295898761600256,0.14704877138137817,0.00028166946140117943,0.024159464985132217,0.009866426698863506,0.08701368421316147,0.0060151065699756145,0.0321040004491806,0.03636666387319565,0.1302904337644577,0.18012289702892303,0.000343240360962227,2.074143648147583,0.054137203842401505,,,,,,,,,,,,,,,
,0.00013620162273490834,23189,,,,,,,,,,,,,,,,,,,,,,,,,,,,,,
33,,23189,0.03766535222530365,0.012758987955749035,0.1415724754333496,0.00034457535366527736,0.02563355676829815,0.0066336351446807384,0.08355546742677689,0.008644896559417248,0.04904380440711975,0.02454124204814434,0.12468007206916809,0.20241369307041168,0.0004767837526742369,2.088202714920044,0.06088113412261009,,,,,,,,,,,,,,,
,0.0001360721893225778,23199,,,,,,,,,,,,,,,,,,,,,,,,,,,,,,
33,,23199,0.01808866858482361,0.02853178046643734,0.1814618706703186,0.002118883654475212,0.025963734835386276,0.012624011375010014,0.12005241215229034,0.002154258079826832,0.04611259698867798,0.04103953018784523,0.10428576916456223,0.21647782623767853,0.00017847145500127226,2.0765604972839355,0.0706295445561409,,,,,,,,,,,,,,,
,0.00013594276636993275,23209,,,,,,,,,,,,,,,,,,,,,,,,,,,,,,
33,,23209,0.08093836158514023,0.037759386003017426,0.24347886443138123,0.0035422162618488073,0.04966142773628235,0.006234888918697834,0.1567518562078476,0.006805673241615295,0.17361398041248322,0.034582965075969696,0.15997307002544403,0.4353448748588562,0.0007654298678971827,2.09096622467041,0.10032709687948227,,,,,,,,,,,,,,,
,0.00013581335397416908,23219,,,,,,,,,,,,,,,,,,,,,,,,,,,,,,
33,,23219,0.030463138595223427,0.022280115634202957,0.1946696788072586,0.0012702255044132471,0.027583042159676552,0.008340734988451004,0.11456407606601715,0.003857377450913191,0.04800475016236305,0.024730825796723366,0.13818660378456116,0.231803297996521,0.0013309114146977663,2.099762201309204,0.07913806289434433,,,,,,,,,,,,,,,
,0.00013568395223247448,23229,,,,,,,,,,,,,,,,,,,,,,,,,,,,,,
33,,23229,0.030112316831946373,0.05097480118274689,0.2719152867794037,0.0019110901048406959,0.026121465489268303,0.0027150032110512257,0.1672353893518448,0.0022869016975164413,0.03689032047986984,0.05688929185271263,0.14619266986846924,0.26999974250793457,0.0005441729445010424,2.090879201889038,0.07959317415952682,,,,,,,,,,,,,,,
,0.00013555456124202873,23239,,,,,,,,,,,,,,,,,,,,,,,,,,,,,,
33,,23239,0.048545952886343,0.017272964119911194,0.1540520042181015,0.003124898998066783,0.02382764220237732,0.004972177557647228,0.0834624245762825,0.006092734634876251,0.07729267328977585,0.03994069993495941,0.10976089537143707,0.2374613881111145,0.0026954070199280977,2.075652599334717,0.045353349298238754,,,,,,,,,,,,,,,
,0.00013542518110000356,23249,,,,,,,,,,,,,,,,,,,,,,,,,,,,,,
33,,23249,0.03526180237531662,0.019454143941402435,0.17121174931526184,0.003586104139685631,0.027134094387292862,0.012408615089952946,0.1283901035785675,0.0068455347791314125,0.06305952370166779,0.0224385354667902,0.11175347864627838,0.23859046399593353,0.0037771034985780716,2.0847489833831787,0.04581421986222267,,,,,,,,,,,,,,,
,0.00013529581190356243,23259,,,,,,,,,,,,,,,,,,,,,,,,,,,,,,
33,,23259,0.059259749948978424,0.010661750100553036,0.1414279341697693,0.00127586314920336,0.03097428008913994,0.006385832093656063,0.08444859087467194,0.009043468162417412,0.08224715292453766,0.043934114277362823,0.12047040462493896,0.2590903043746948,0.003450976451858878,2.073936939239502,0.0800568163394928,,,,,,,,,,,,,,,
,0.0001351664537498608,23269,,,,,,,,,,,,,,,,,,,,,,,,,,,,,,
33,,23269,0.038597412407398224,0.028196165338158607,0.1704970747232437,0.00032345420913770795,0.030774367973208427,0.009880151599645615,0.11685092002153397,0.006348419468849897,0.0516221784055233,0.026099586859345436,0.13519079983234406,0.23612315952777863,0.00050294742686674,2.0589513778686523,0.07600122690200806,,,,,,,,,,,,,,,
,0.0001350371067360456,23279,,,,,,,,,,,,,,,,,,,,,,,,,,,,,,
33,,23279,0.0232666227966547,0.019550466910004616,0.1688893437385559,0.0017561445711180568,0.01992502063512802,0.004023863933980465,0.09076593071222305,0.003180993953719735,0.030613770708441734,0.038739368319511414,0.12096194922924042,0.18276245892047882,0.0005553449154831469,2.088871955871582,0.056159794330596924,,,,,,,,,,,,,,,
,0.00013490777095925567,23289,,,,,,,,,,,,,,,,,,,,,,,,,,,,,,
33,,23289,0.015383959747850895,0.016182726249098778,0.14658157527446747,0.0015165430959314108,0.03443676978349686,0.005244796629995108,0.07534226775169373,0.004792177118360996,0.06640283018350601,0.017025187611579895,0.10626348108053207,0.2079390287399292,0.0011346880346536636,2.106459379196167,0.07359874993562698,,,,,,,,,,,,,,,
,0.0001347784465166211,23299,,,,,,,,,,,,,,,,,,,,,,,,,,,,,,
33,,23299,0.041464049369096756,0.026718351989984512,0.24377742409706116,0.002983560087159276,0.03236515074968338,0.007485740352421999,0.14233139157295227,0.0017208666540682316,0.05335121974349022,0.04277452081441879,0.15746371448040009,0.2725134491920471,0.0025461495388299227,2.0818731784820557,0.0734436884522438,,,,,,,,,,,,,,,
,0.00013464913350526368,23309,,,,,,,,,,,,,,,,,,,,,,,,,,,,,,
33,,23309,0.03290775790810585,0.01873079687356949,0.181044802069664,0.0020658860448747873,0.03871775418519974,0.008070435374975204,0.10951413959264755,0.005310960579663515,0.057672563940286636,0.05713215097784996,0.13484978675842285,0.24783366918563843,0.0013477328466251493,2.075511932373047,0.08847969770431519,,,,,,,,,,,,,,,
,0.00013451983202229646,23319,,,,,,,,,,,,,,,,,,,,,,,,,,,,,,
33,,23319,0.029760660603642464,0.020977215841412544,0.1759844869375229,0.001049431273713708,0.020007383078336716,0.0056325881741940975,0.09891398251056671,0.003601611824706197,0.03662002459168434,0.020192744210362434,0.12645559012889862,0.2042209655046463,0.0014707741793245077,2.0850179195404053,0.08181969076395035,,,,,,,,,,,,,,,
,0.00013439054216482401,23329,,,,,,,,,,,,,,,,,,,,,,,,,,,,,,
33,,23329,0.03785853460431099,0.018934350460767746,0.21572411060333252,0.0013264695880934596,0.03738390654325485,0.006235355511307716,0.1243259608745575,0.005929986014962196,0.05000202730298042,0.031566496938467026,0.1359248012304306,0.246015265583992,0.0013810629025101662,2.0888659954071045,0.06896792352199554,,,,,,,,,,,,,,,
,0.00013426126402994214,23339,,,,,,,,,,,,,,,,,,,,,,,,,,,,,,
33,,23339,0.02835327386856079,0.016662418842315674,0.13538342714309692,0.0016337879933416843,0.017672859132289886,0.006685636471956968,0.07152017951011658,0.003019502619281411,0.03073817305266857,0.029680689796805382,0.11182644218206406,0.16883395612239838,0.0015013233060017228,2.056654691696167,0.060086898505687714,,,,,,,,,,,,,,,
,0.00013413199771473766,23349,,,,,,,,,,,,,,,,,,,,,,,,,,,,,,
33,,23349,0.03708938509225845,0.043848004192113876,0.21918895840644836,0.0013179343659430742,0.03973934426903725,0.005538826808333397,0.13867324590682983,0.006671630311757326,0.04599200189113617,0.02698875591158867,0.13267108798027039,0.2575478255748749,0.0008397761848755181,2.099067211151123,0.0764361172914505,,,,,,,,,,,,,,,
,0.00013400274331628876,23359,,,,,,,,,,,,,,,,,,,,,,,,,,,,,,
33,,23359,0.07694921642541885,0.029713405296206474,0.1985769271850586,0.0017286391230300069,0.05412743240594864,0.008691749535501003,0.15426737070083618,0.010548759251832962,0.18585100769996643,0.03399312496185303,0.12332426756620407,0.42015698552131653,0.0007783701876178384,2.071659564971924,0.08369579911231995,,,,,,,,,,,,,,,
,0.0001338735009316644,23369,,,,,,,,,,,,,,,,,,,,,,,,,,,,,,
33,,23369,0.03568105399608612,0.01832514815032482,0.14412856101989746,0.0025750647764652967,0.021729247644543648,0.013111059553921223,0.10514461249113083,0.008890649303793907,0.05813071131706238,0.032410360872745514,0.10176900029182434,0.2217346429824829,0.0037441342137753963,2.0785341262817383,0.054985299706459045,,,,,,,,,,,,,,,
,0.0001337442706579249,23379,,,,,,,,,,,,,,,,,,,,,,,,,,,,,,
33,,23379,0.021700706332921982,0.032322801649570465,0.20702743530273438,0.0013871847186237574,0.029431920498609543,0.01173250749707222,0.1208772212266922,0.0059664007276296616,0.03610840439796448,0.069046750664711,0.14977656304836273,0.24807119369506836,0.001550456159748137,2.0743227005004883,0.11138393729925156,,,,,,,,,,,,,,,
,0.00013361505259212116,23389,,,,,,,,,,,,,,,,,,,,,,,,,,,,,,
33,,23389,0.01613650657236576,0.017806075513362885,0.19658055901527405,0.002273442456498742,0.028557000681757927,0.007144380826503038,0.10861855000257492,0.0026315865106880665,0.028735721483826637,0.03342435136437416,0.1548442840576172,0.21451613306999207,0.008535479195415974,2.0731515884399414,0.08108818531036377,,,,,,,,,,,,,,,
,0.000133485846831295,23399,,,,,,,,,,,,,,,,,,,,,,,,,,,,,,
33,,23399,0.02461697719991207,0.015182639472186565,0.17535533010959625,0.003194813383743167,0.033904384821653366,0.00854556541889906,0.09644252806901932,0.006883795373141766,0.09197258204221725,0.030287763103842735,0.1310270130634308,0.2665084898471832,0.002783442847430706,2.047983407974243,0.07692534476518631,,,,,,,,,,,,,,,
,0.00013335665347247904,23409,,,,,,,,,,,,,,,,,,,,,,,,,,,,,,
33,,23409,0.041447244584560394,0.01816657930612564,0.17240947484970093,0.0007568416185677052,0.019312351942062378,0.0059913573786616325,0.08921438455581665,0.003574445378035307,0.04358233883976936,0.04418731480836868,0.11400117725133896,0.2041798233985901,0.0020922524854540825,2.0876681804656982,0.04968380928039551,,,,,,,,,,,,,,,
,0.00013322747261269649,23419,,,,,,,,,,,,,,,,,,,,,,,,,,,,,,
33,,23419,0.031013863161206245,0.010483653284609318,0.08936627209186554,0.0005896197399124503,0.018128857016563416,0.006924151908606291,0.07695658504962921,0.006149387918412685,0.041210904717445374,0.029976431280374527,0.09199995547533035,0.15785157680511475,0.0013054512673988938,2.0762500762939453,0.039853498339653015,,,,,,,,,,,,,,,
,0.00013309830434896138,23429,,,,,,,,,,,,,,,,,,,,,,,,,,,,,,
33,,23429,0.03567233309149742,0.017588812857866287,0.19887423515319824,0.0005668114172294736,0.027984313666820526,0.01343116071075201,0.10582452267408371,0.004784481134265661,0.030494336038827896,0.03816572576761246,0.14027804136276245,0.21716336905956268,0.0007525311084464192,2.065542221069336,0.07360996305942535,,,,,,,,,,,,,,,
,0.00013296914877827803,23439,,,,,,,,,,,,,,,,,,,,,,,,,,,,,,
33,,23439,0.036259885877370834,0.020663928240537643,0.24134203791618347,0.0030324782710522413,0.025030864402651787,0.009476603008806705,0.12012524902820587,0.0032661815639585257,0.03716493397951126,0.028948770835995674,0.15189115703105927,0.24571800231933594,0.0017352623399347067,2.0552916526794434,0.0865771472454071,,,,,,,,,,,,,,,
,0.00013284000599764144,23449,,,,,,,,,,,,,,,,,,,,,,,,,,,,,,
33,,23449,0.04911134019494057,0.020784646272659302,0.15725582838058472,0.0008489693282172084,0.036947399377822876,0.010125743225216866,0.13174472749233246,0.009469972923398018,0.10450302809476852,0.04731807857751846,0.13610608875751495,0.3015013635158539,0.005422195419669151,2.100701093673706,0.06552043557167053,,,,,,,,,,,,,,,
,0.00013271087610403683,23459,,,,,,,,,,,,,,,,,,,,,,,,,,,,,,
33,,23459,0.02716103009879589,0.04287814348936081,0.2660951018333435,0.001076386426575482,0.03831417113542557,0.005759159103035927,0.15162186324596405,0.006532571278512478,0.05562959983944893,0.025849051773548126,0.14568372070789337,0.2828359007835388,0.0007217783131636679,2.092733383178711,0.08312522619962692,,,,,,,,,,,,,,,
,0.00013258175919443981,23469,,,,,,,,,,,,,,,,,,,,,,,,,,,,,,
33,,23469,0.047155141830444336,0.05430223420262337,0.2603580951690674,0.005544687621295452,0.0406067930161953,0.005997191648930311,0.18702778220176697,0.006175069138407707,0.08206456154584885,0.03882443904876709,0.14100205898284912,0.34337276220321655,0.008142019622027874,2.0907294750213623,0.08036404103040695,,,,,,,,,,,,,,,
,0.00013245265536581636,23479,,,,,,,,,,,,,,,,,,,,,,,,,,,,,,
33,,23479,0.04857137054204941,0.02202671766281128,0.24254028499126434,0.0016827364452183247,0.04710668325424194,0.009015033952891827,0.1545654982328415,0.006768569350242615,0.14243781566619873,0.04602544382214546,0.1358034759759903,0.37409037351608276,0.004724463447928429,2.079965353012085,0.07876081019639969,,,,,,,,,,,,,,,
,0.00013232356471512246,23489,,,,,,,,,,,,,,,,,,,,,,,,,,,,,,
33,,23489,0.03963262960314751,0.019906647503376007,0.16880732774734497,0.000916411925572902,0.026247801259160042,0.004246989265084267,0.1076715961098671,0.007178317289799452,0.05117443576455116,0.04312095046043396,0.12687575817108154,0.22353817522525787,0.0004672086506616324,2.0588207244873047,0.05977998673915863,,,,,,,,,,,,,,,
,0.00013219448733930425,23499,,,,,,,,,,,,,,,,,,,,,,,,,,,,,,
33,,23499,0.02435494028031826,0.03173687681555748,0.3257101774215698,0.000601835607085377,0.03273788467049599,0.0046013700775802135,0.17089903354644775,0.006703168619424105,0.053123701363801956,0.025481779128313065,0.16802603006362915,0.30122506618499756,0.0013788542710244656,2.0810272693634033,0.08731614053249359,,,,,,,,,,,,,,,
,0.0001320654233352979,23509,,,,,,,,,,,,,,,,,,,,,,,,,,,,,,
33,,23509,0.03298111632466316,0.015206013806164265,0.16040216386318207,0.0033248828258365393,0.0219595767557621,0.008245999924838543,0.09395905584096909,0.0057111699134111404,0.04579899087548256,0.02849900908768177,0.10613639652729034,0.1964307725429535,0.0002898115199059248,2.1029412746429443,0.0400250218808651,,,,,,,,,,,,,,,
,0.00013193637280002954,23519,,,,,,,,,,,,,,,,,,,,,,,,,,,,,,
33,,23519,0.03116350807249546,0.042349956929683685,0.2007920891046524,0.0031584976240992546,0.019843261688947678,0.004028514493256807,0.11235349625349045,0.0036482373252511024,0.04396733641624451,0.0251317098736763,0.09982408583164215,0.22253338992595673,0.0032374896109104156,2.067380666732788,0.05654812231659889,,,,,,,,,,,,,,,
,0.00013180733583041524,23529,,,,,,,,,,,,,,,,,,,,,,,,,,,,,,
33,,23529,0.035731323063373566,0.01696622185409069,0.1772751808166504,0.0042348080314695835,0.017888730391860008,0.011339390650391579,0.10407833755016327,0.004545300267636776,0.059066567569971085,0.028322841972112656,0.09364250302314758,0.21992845833301544,0.0033947054762393236,2.065711259841919,0.03904666379094124,,,,,,,,,,,,,,,
,0.00013167831252336082,23539,,,,,,,,,,,,,,,,,,,,,,,,,,,,,,
33,,23539,0.046463701874017715,0.02445237711071968,0.2547469437122345,0.001476852223277092,0.02728612720966339,0.00944388099014759,0.14637400209903717,0.0045037418603897095,0.05515946075320244,0.031188908964395523,0.1471743881702423,0.28123605251312256,0.0057739559561014175,2.106975555419922,0.07544980943202972,,,,,,,,,,,,,,,
,0.00013154930297576187,23549,,,,,,,,,,,,,,,,,,,,,,,,,,,,,,
33,,23549,0.04742511734366417,0.01102584321051836,0.12640465795993805,0.0017190977232530713,0.03302532434463501,0.004748405423015356,0.09686814993619919,0.007889587432146072,0.0878780409693718,0.04103459045290947,0.10613235086202621,0.2447637915611267,0.0019518533954396844,2.105050802230835,0.056838907301425934,,,,,,,,,,,,,,,
,0.00013142030728450363,23559,,,,,,,,,,,,,,,,,,,,,,,,,,,,,,
33,,23559,0.04870808497071266,0.014377903193235397,0.11007988452911377,0.0010524194221943617,0.026726335287094116,0.009714426472783089,0.09723938256502151,0.008041840977966785,0.09254138916730881,0.022999463602900505,0.11482465267181396,0.2454313039779663,0.0008927774615585804,2.0973944664001465,0.05836736410856247,,,,,,,,,,,,,,,
,0.00013129132554646084,23569,,,,,,,,,,,,,,,,,,,,,,,,,,,,,,
33,,23569,0.04359498247504234,0.023777106776833534,0.1670645773410797,0.0019418977899476886,0.025536654517054558,0.025653542950749397,0.1428856998682022,0.006354163866490126,0.05619601160287857,0.042305245995521545,0.11325985193252563,0.25739261507987976,0.0005570853827521205,2.099600315093994,0.08995211869478226,,,,,,,,,,,,,,,
,0.00013116235785849798,23579,,,,,,,,,,,,,,,,,,,,,,,,,,,,,,
33,,23579,0.03743907809257507,0.0191023088991642,0.16267411410808563,0.0005048734019510448,0.01784682832658291,0.0039946408942341805,0.08953602612018585,0.004713984206318855,0.028928659856319427,0.02197239175438881,0.11133132874965668,0.18031606078147888,0.0020919733215123415,2.070032835006714,0.04836242273449898,,,,,,,,,,,,,,,
,0.00013103340431746885,23589,,,,,,,,,,,,,,,,,,,,,,,,,,,,,,
33,,23589,0.032805196940898895,0.01970040798187256,0.23212555050849915,0.004159749951213598,0.03720436990261078,0.0034286738373339176,0.13580162823200226,0.006145291030406952,0.10444154590368271,0.03515300899744034,0.14350810647010803,0.31216517090797424,0.0012278651120141149,2.0747179985046387,0.07776620984077454,,,,,,,,,,,,,,,
,0.00013090446502021653,23599,,,,,,,,,,,,,,,,,,,,,,,,,,,,,,
33,,23599,0.04445068910717964,0.028797589242458344,0.23303242027759552,0.0008004573755897582,0.034484874457120895,0.003281604964286089,0.18229791522026062,0.007114853709936142,0.07944133132696152,0.052303995937108994,0.14096125960350037,0.30194857716560364,0.00038765216595493257,2.0670876502990723,0.062252819538116455,,,,,,,,,,,,,,,
,0.0001307755400635736,23609,,,,,,,,,,,,,,,,,,,,,,,,,,,,,,
33,,23609,0.02909921668469906,0.018352337181568146,0.15645447373390198,0.0014941495610401034,0.04504364728927612,0.010742739774286747,0.10387641191482544,0.009625408798456192,0.048697374761104584,0.04683835059404373,0.1412178874015808,0.23078157007694244,0.002042299136519432,2.0905072689056396,0.07408241182565689,,,,,,,,,,,,,,,
,0.00013064662954436173,23619,,,,,,,,,,,,,,,,,,,,,,,,,,,,,,
33,,23619,0.03680801764130592,0.020135508850216866,0.1570945829153061,0.0009416581597179174,0.0197861697524786,0.014284263364970684,0.11860878765583038,0.00499315932393074,0.049559444189071655,0.012269245460629463,0.09735234826803207,0.20716586709022522,0.0017645579064264894,2.0849335193634033,0.04422912374138832,,,,,,,,,,,,,,,
,0.00013051773355939178,23629,,,,,,,,,,,,,,,,,,,,,,,,,,,,,,
33,,23629,0.03177345544099808,0.01897491328418255,0.19798888266086578,0.0016225712606683373,0.03640412166714668,0.006640537176281214,0.08561994135379791,0.0022110422141849995,0.03856728598475456,0.019016481935977936,0.11625765264034271,0.21753017604351044,0.004288012161850929,2.0432634353637695,0.09345874935388565,,,,,,,,,,,,,,,
33,,23629,,,,,,,,,,,,,,,,0.1901603490114212,0.028153078630566597,0.30027133226394653,0.007959162816405296,0.07596563547849655,0.0028274874202907085,0.14521080255508423,0.018825499340891838,0.20833447575569153,0.08590465784072876,0.21230116486549377,0.6029459834098816,0.01242351159453392,2.07973313331604,0.15642228722572327
,0.00013038885220546378,23639,,,,,,,,,,,,,,,,,,,,,,,,,,,,,,
34,,23639,0.01742301508784294,0.021092381328344345,0.1890600025653839,0.0008741042693145573,0.03613630309700966,0.004969046916812658,0.10906828939914703,0.004273310303688049,0.0300039853900671,0.04812220111489296,0.13691245019435883,0.20565636456012726,0.002440276090055704,2.073964834213257,0.06937246769666672,,,,,,,,,,,,,,,
,0.00013025998557936663,23649,,,,,,,,,,,,,,,,,,,,,,,,,,,,,,
34,,23649,0.026126952841877937,0.0338570810854435,0.23149757087230682,0.0014500614488497376,0.02132803574204445,0.004087135195732117,0.11895254999399185,0.005116687156260014,0.04261614754796028,0.03315246105194092,0.14835171401500702,0.2356320172548294,0.003182241227477789,2.0635757446289062,0.05151452496647835,,,,,,,,,,,,,,,
,0.00013013113377787825,23659,,,,,,,,,,,,,,,,,,,,,,,,,,,,,,
34,,23659,0.024053793400526047,0.012309581972658634,0.1632602959871292,0.00028443586779758334,0.020192168653011322,0.005269662942737341,0.08757621049880981,0.0027807257138192654,0.03347465768456459,0.017499100416898727,0.11176330596208572,0.17381006479263306,0.0002666323271114379,2.0794270038604736,0.05506785959005356,,,,,,,,,,,,,,,
,0.00013000229689776543,23669,,,,,,,,,,,,,,,,,,,,,,,,,,,,,,
34,,23669,0.031893905252218246,0.015958081930875778,0.14365120232105255,0.002591528231278062,0.028459111228585243,0.021175097674131393,0.09350161254405975,0.00664065545424819,0.07332361489534378,0.027567273005843163,0.1063535064458847,0.24268056452274323,0.0104546919465065,2.062958002090454,0.059203289449214935,,,,,,,,,,,,,,,
,0.0001298734750357837,23679,,,,,,,,,,,,,,,,,,,,,,,,,,,,,,
34,,23679,0.03545529395341873,0.040935080498456955,0.16609014570713043,0.0006356594385579228,0.021461330354213715,0.015619294717907906,0.11330845206975937,0.005318427458405495,0.06480623036623001,0.019430184736847878,0.12147428095340729,0.24320627748966217,0.0006808961043134332,2.0886154174804688,0.0637495368719101,,,,,,,,,,,,,,,
,0.0001297446682886774,23689,,,,,,,,,,,,,,,,,,,,,,,,,,,,,,
34,,23689,0.02718914858996868,0.01613316684961319,0.16201652586460114,0.00021860678680241108,0.023190464824438095,0.008551730774343014,0.10851503908634186,0.005078718066215515,0.044998649507761,0.03619835153222084,0.13049934804439545,0.20490770041942596,0.00045670836698263884,2.0733983516693115,0.05590122565627098,,,,,,,,,,,,,,,
,0.00012961587675317952,23699,,,,,,,,,,,,,,,,,,,,,,,,,,,,,,
34,,23699,0.042040251195430756,0.011415775865316391,0.1547102928161621,0.0008193514076992869,0.02450737915933132,0.009026732295751572,0.0955779105424881,0.003699642140418291,0.0512407161295414,0.027807431295514107,0.11575447767972946,0.21247437596321106,0.0005281249759718776,2.067521095275879,0.07443433254957199,,,,,,,,,,,,,,,
,0.00012948710052601147,23709,,,,,,,,,,,,,,,,,,,,,,,,,,,,,,
34,,23709,0.030970018357038498,0.022039741277694702,0.15583127737045288,0.0034363570157438517,0.02845570631325245,0.005588236264884472,0.10578212887048721,0.011015449650585651,0.0578506663441658,0.025633925572037697,0.12378426641225815,0.23030900955200195,0.0021806431468576193,2.0743181705474854,0.06606690585613251,,,,,,,,,,,,,,,
,0.0001293583397038833,23719,,,,,,,,,,,,,,,,,,,,,,,,,,,,,,
34,,23719,0.03967157378792763,0.01279190368950367,0.14669488370418549,0.0006926785572431982,0.023563578724861145,0.007775941863656044,0.10907543450593948,0.01145576685667038,0.05843372642993927,0.017297275364398956,0.12160339951515198,0.21952256560325623,0.0019245095318183303,2.0593912601470947,0.04697292298078537,,,,,,,,,,,,,,,
,0.00012922959438349345,23729,,,,,,,,,,,,,,,,,,,,,,,,,,,,,,
34,,23729,0.03106343001127243,0.04926105588674545,0.21590226888656616,0.0014798110350966454,0.02379322610795498,0.01732969470322132,0.1522706300020218,0.006417281925678253,0.03654487058520317,0.0299984123557806,0.15947310626506805,0.25806593894958496,0.0007553387549705803,2.0456466674804688,0.07928874343633652,,,,,,,,,,,,,,,
,0.0001291008646615288,23739,,,,,,,,,,,,,,,,,,,,,,,,,,,,,,
34,,23739,0.023434186354279518,0.016413453966379166,0.1540272980928421,0.00021310469310265034,0.025276072323322296,0.0023555257357656956,0.08279967308044434,0.006518241949379444,0.03402411565184593,0.030726002529263496,0.12799355387687683,0.17732203006744385,0.00028442355687730014,2.062429904937744,0.04462393373250961,,,,,,,,,,,,,,,
,0.0001289721506346644,23749,,,,,,,,,,,,,,,,,,,,,,,,,,,,,,
34,,23749,0.04529167711734772,0.03285057470202446,0.22389128804206848,0.0012138418387621641,0.028796786442399025,0.006423873361200094,0.14280246198177338,0.007178406231105328,0.05248743295669556,0.04926630109548569,0.12395727634429932,0.2696385979652405,0.00042729999404400587,2.0879874229431152,0.09028332680463791,,,,,,,,,,,,,,,
,0.00012884345239956352,23759,,,,,,,,,,,,,,,,,,,,,,,,,,,,,,
34,,23759,0.03643913194537163,0.022137494757771492,0.18337902426719666,0.0004916759789921343,0.03205977752804756,0.0067556919530034065,0.11719129234552383,0.0049725305289030075,0.05652887001633644,0.036667726933956146,0.12740473449230194,0.2392694503068924,0.0003766134614124894,2.079115390777588,0.07713260501623154,,,,,,,,,,,,,,,
,0.00012871477005287768,23769,,,,,,,,,,,,,,,,,,,,,,,,,,,,,,
34,,23769,0.05549206957221031,0.017176689580082893,0.2203313112258911,0.0011134444503113627,0.023770170286297798,0.009703745134174824,0.11815299093723297,0.004420026671141386,0.05172167718410492,0.05030230060219765,0.12985919415950775,0.2495606243610382,0.002008782932534814,2.0725817680358887,0.05243572220206261,,,,,,,,,,,,,,,
,0.0001285861036912463,23779,,,,,,,,,,,,,,,,,,,,,,,,,,,,,,
34,,23779,0.03800778463482857,0.04102708771824837,0.20689372718334198,0.002264719922095537,0.02717423066496849,0.008021770976483822,0.13845467567443848,0.00519501231610775,0.03692474216222763,0.035788655281066895,0.12518081068992615,0.2353265881538391,0.0019225646974518895,2.078803777694702,0.05238046869635582,,,,,,,,,,,,,,,
,0.000128457453411297,23789,,,,,,,,,,,,,,,,,,,,,,,,,,,,,,
34,,23789,0.03319396823644638,0.045986734330654144,0.17671149969100952,0.0010329539654776454,0.030189624056220055,0.005448241718113422,0.16098318994045258,0.002388826571404934,0.03880860283970833,0.029723383486270905,0.12004871666431427,0.23104281723499298,0.000430651823990047,2.071244239807129,0.07130353897809982,,,,,,,,,,,,,,,
,0.00012832881930964517,23799,,,,,,,,,,,,,,,,,,,,,,,,,,,,,,
34,,23799,0.041368354111909866,0.04582193121314049,0.2695995271205902,0.000830582925118506,0.043196309357881546,0.013332556001842022,0.16684038937091827,0.008903817273676395,0.07462914288043976,0.04556266963481903,0.16090835630893707,0.33758488297462463,0.004026115871965885,2.0695292949676514,0.10370296984910965,,,,,,,,,,,,,,,
,0.0001282002014828941,23809,,,,,,,,,,,,,,,,,,,,,,,,,,,,,,
34,,23809,0.038053736090660095,0.0191300418227911,0.20427609980106354,0.0029676815029233694,0.03464658185839653,0.010272160172462463,0.11262437701225281,0.006151437293738127,0.06609773635864258,0.04485149681568146,0.16079770028591156,0.2671188414096832,0.0017745932564139366,2.0678117275238037,0.07108195871114731,,,,,,,,,,,,,,,
,0.0001280716000276348,23819,,,,,,,,,,,,,,,,,,,,,,,,,,,,,,
34,,23819,0.050186872482299805,0.020118195563554764,0.18440797924995422,0.0015663709491491318,0.025743559002876282,0.005110993515700102,0.12911982834339142,0.004159932490438223,0.0823029950261116,0.0180943813174963,0.1207541674375534,0.2694234549999237,0.006923618260771036,2.0670580863952637,0.059570249170064926,,,,,,,,,,,,,,,
,0.00012794301504044607,23829,,,,,,,,,,,,,,,,,,,,,,,,,,,,,,
34,,23829,0.04352745786309242,0.02203436754643917,0.23833230137825012,0.0031677614897489548,0.03315252065658569,0.0029644176829606295,0.15500228106975555,0.004956172779202461,0.06035852059721947,0.035784754902124405,0.12524843215942383,0.27224236726760864,0.0017256751889362931,2.0960073471069336,0.0700625404715538,,,,,,,,,,,,,,,
,0.00012781444661789438,23839,,,,,,,,,,,,,,,,,,,,,,,,,,,,,,
34,,23839,0.05983616039156914,0.022268908098340034,0.339178204536438,0.0034229145385324955,0.03357994556427002,0.008036414161324501,0.18914015591144562,0.008944593369960785,0.10634264349937439,0.025900164619088173,0.1763259917497635,0.39133477210998535,0.0033982382155954838,2.082061290740967,0.09932933002710342,,,,,,,,,,,,,,,
,0.0001276858948565336,23849,,,,,,,,,,,,,,,,,,,,,,,,,,,,,,
34,,23849,0.021164143458008766,0.027238959446549416,0.2282867431640625,0.0012362860143184662,0.0268111452460289,0.008113125339150429,0.10996383428573608,0.0030013215728104115,0.02485959231853485,0.03629206866025925,0.13414214551448822,0.21491296589374542,0.0020176249090582132,2.0523359775543213,0.07770635187625885,,,,,,,,,,,,,,,
,0.00012755735985290522,23859,,,,,,,,,,,,,,,,,,,,,,,,,,,,,,
34,,23859,0.057664792984724045,0.01562118623405695,0.18797388672828674,0.00031345270690508187,0.044351860880851746,0.010491141118109226,0.1472594439983368,0.009628086350858212,0.10348858684301376,0.04523813724517822,0.13799087703227997,0.318918377161026,0.00012245528341736645,2.0722336769104004,0.08786828815937042,,,,,,,,,,,,,,,
,0.0001274288417035381,23869,,,,,,,,,,,,,,,,,,,,,,,,,,,,,,
34,,23869,0.04081019386649132,0.017010951414704323,0.15240831673145294,0.00042457555537112057,0.035106007009744644,0.008578075096011162,0.08683239668607712,0.009263075888156891,0.07575662434101105,0.03267793357372284,0.13000264763832092,0.24777935445308685,0.0006797024398110807,2.0821638107299805,0.07682516425848007,,,,,,,,,,,,,,,
,0.00012730034050494835,23879,,,,,,,,,,,,,,,,,,,,,,,,,,,,,,
34,,23879,0.01417545322328806,0.026622258126735687,0.22337694466114044,0.0006581135676242411,0.03612901642918587,0.002274223370477557,0.12101905792951584,0.002982120728120208,0.0332767516374588,0.028459658846259117,0.13288801908493042,0.22157076001167297,0.0013515519676730037,2.0646114349365234,0.0909394845366478,,,,,,,,,,,,,,,
,0.00012717185635363962,23889,,,,,,,,,,,,,,,,,,,,,,,,,,,,,,
34,,23889,0.024960488080978394,0.015592667274177074,0.19793322682380676,0.0005656091379933059,0.01721317507326603,0.00913252867758274,0.07998717576265335,0.002944852923974395,0.033176489174366,0.028710762038826942,0.126464381814003,0.18285012245178223,0.00020662328461185098,2.0959649085998535,0.031311482191085815,,,,,,,,,,,,,,,
,0.0001270433893461025,23899,,,,,,,,,,,,,,,,,,,,,,,,,,,,,,
34,,23899,0.037590816617012024,0.02262432873249054,0.2133665382862091,0.0015651367139071226,0.03408421203494072,0.00860485341399908,0.15664608776569366,0.006972096860408783,0.06225137412548065,0.04463880509138107,0.14137503504753113,0.27907508611679077,0.003091242862865329,2.077847719192505,0.08794765919446945,,,,,,,,,,,,,,,
,0.0001269149395788148,23909,,,,,,,,,,,,,,,,,,,,,,,,,,,,,,
34,,23909,0.031377505511045456,0.019443033263087273,0.2158641666173935,0.0027750874869525433,0.020749064162373543,0.0058820815756917,0.09916841983795166,0.001623474177904427,0.025241056457161903,0.03458096459507942,0.11338693648576736,0.19702939689159393,0.0027392259798943996,2.0592849254608154,0.05213465169072151,,,,,,,,,,,,,,,
,0.00012678650714824128,23919,,,,,,,,,,,,,,,,,,,,,,,,,,,,,,
34,,23919,0.046508967876434326,0.03744878992438316,0.22425222396850586,0.0013022348284721375,0.041044726967811584,0.00828491523861885,0.13181981444358826,0.0035151024349033833,0.06505797803401947,0.0304801557213068,0.15591882169246674,0.2898561358451843,0.00125764065887779,2.0674474239349365,0.10033039003610611,,,,,,,,,,,,,,,
,0.00012665809215083387,23929,,,,,,,,,,,,,,,,,,,,,,,,,,,,,,
34,,23929,0.04072411730885506,0.017502084374427795,0.21713584661483765,0.0001102748719858937,0.033996790647506714,0.010077770799398422,0.11679324507713318,0.0045692333951592445,0.03805574029684067,0.06456505507230759,0.14475347101688385,0.24267864227294922,0.0010420407634228468,2.080328941345215,0.08341951668262482,,,,,,,,,,,,,,,
,0.00012652969468303124,23939,,,,,,,,,,,,,,,,,,,,,,,,,,,,,,
34,,23939,0.049916449934244156,0.031673233956098557,0.1829635351896286,0.002093029208481312,0.033413249999284744,0.008280898444354534,0.11500153690576553,0.006697177421301603,0.059288013726472855,0.04202347993850708,0.137745663523674,0.25740769505500793,0.0011580793652683496,2.0733156204223633,0.06852669268846512,,,,,,,,,,,,,,,
,0.0001264013148412591,23949,,,,,,,,,,,,,,,,,,,,,,,,,,,,,,
34,,23949,0.02434084378182888,0.016250532120466232,0.17406268417835236,0.0006818994879722595,0.015421828255057335,0.003180354367941618,0.09162590652704239,0.004164925776422024,0.03169636428356171,0.02295198105275631,0.1271587312221527,0.1808609664440155,0.0028555267490446568,2.101337432861328,0.04448721185326576,,,,,,,,,,,,,,,
,0.00012627295272192967,23959,,,,,,,,,,,,,,,,,,,,,,,,,,,,,,
34,,23959,0.03192485496401787,0.019820349290966988,0.15187691152095795,0.0033741495572030544,0.019592273980379105,0.003214507596567273,0.1043417900800705,0.005990539211779833,0.05384248495101929,0.06893575936555862,0.11051814258098602,0.2202858328819275,0.005150267854332924,2.084352493286133,0.058133307844400406,,,,,,,,,,,,,,,
,0.00012614460842144202,23969,,,,,,,,,,,,,,,,,,,,,,,,,,,,,,
34,,23969,0.05586019903421402,0.02035369537770748,0.1813907027244568,0.0020799923222512007,0.026050694286823273,0.006710310932248831,0.10820439457893372,0.006043888628482819,0.05114775896072388,0.026038547977805138,0.12833726406097412,0.23897461593151093,0.0005462741828523576,2.101027727127075,0.07391909509897232,,,,,,,,,,,,,,,
,0.00012601628203618174,23979,,,,,,,,,,,,,,,,,,,,,,,,,,,,,,
34,,23979,0.05524028465151787,0.035103097558021545,0.1484833061695099,0.0005058745155110955,0.02718929387629032,0.010334698483347893,0.12564367055892944,0.0077853696420788765,0.06989472359418869,0.029904993250966072,0.10621169209480286,0.2501261234283447,0.0006105554639361799,2.0721988677978516,0.053398456424474716,,,,,,,,,,,,,,,
,0.000125887973662521,23989,,,,,,,,,,,,,,,,,,,,,,,,,,,,,,
34,,23989,0.03215528279542923,0.040086083114147186,0.2342163622379303,0.0030454553198069334,0.03987758234143257,0.0030973232351243496,0.15651489794254303,0.005936302710324526,0.05006426200270653,0.043902717530727386,0.15297211706638336,0.2770695388317108,0.0037620544899255037,2.0607495307922363,0.08019300550222397,,,,,,,,,,,,,,,
,0.00012575968339681863,23999,,,,,,,,,,,,,,,,,,,,,,,,,,,,,,
34,,23999,0.025248512625694275,0.027220137417316437,0.22187751531600952,0.0027020161505788565,0.027568938210606575,0.007024266291409731,0.1452389657497406,0.002857225714251399,0.040172137320041656,0.05867720767855644,0.1448538899421692,0.24576590955257416,0.002733655972406268,2.0893454551696777,0.07579614222049713,,,,,,,,,,,,,,,
,0.00012563141133541955,24009,,,,,,,,,,,,,,,,,,,,,,,,,,,,,,
34,,24009,0.05136779323220253,0.021905116736888885,0.1896076202392578,0.00143542664591223,0.030329806730151176,0.0072900704108178616,0.1383044570684433,0.0069506363943219185,0.10941936820745468,0.04804687201976776,0.12948550283908844,0.30723610520362854,0.0010843832278624177,2.097142457962036,0.06036781892180443,,,,,,,,,,,,,,,
,0.00012550315757465524,24019,,,,,,,,,,,,,,,,,,,,,,,,,,,,,,
34,,24019,0.03159090504050255,0.01686626300215721,0.17223340272903442,0.00133429781999439,0.03194405138492584,0.0026702778413891792,0.09217026829719543,0.0070460084825754166,0.06485462933778763,0.024810437113046646,0.1244332566857338,0.23159000277519226,0.000183068128535524,2.087942123413086,0.07662692666053772,,,,,,,,,,,,,,,
,0.0001253749222108433,24029,,,,,,,,,,,,,,,,,,,,,,,,,,,,,,
34,,24029,0.01351476926356554,0.037058811634778976,0.18581941723823547,0.0005126450560055673,0.014810883440077305,0.008247250691056252,0.12703554332256317,0.0025976093020290136,0.022780584171414375,0.016062933951616287,0.12131980061531067,0.18296045064926147,0.001498827594332397,2.0786538124084473,0.03995135426521301,,,,,,,,,,,,,,,
,0.00012524670534028748,24039,,,,,,,,,,,,,,,,,,,,,,,,,,,,,,
34,,24039,0.029735824093222618,0.032073356211185455,0.2815536558628082,0.0016263658180832863,0.04025204852223396,0.005842268466949463,0.1648768186569214,0.00829363614320755,0.08891277760267258,0.03878779709339142,0.1664431244134903,0.33950701355934143,0.0019442832563072443,2.0700716972351074,0.11085493117570877,,,,,,,,,,,,,,,
,0.0001251185070592779,24049,,,,,,,,,,,,,,,,,,,,,,,,,,,,,,
34,,24049,0.023773901164531708,0.019648486748337746,0.16612999141216278,0.0013313844101503491,0.026521191000938416,0.0027376278303563595,0.09151743352413177,0.00389042217284441,0.0657462552189827,0.043635621666908264,0.12322521954774857,0.2274576872587204,0.0015221979701891541,2.100506067276001,0.07771066576242447,,,,,,,,,,,,,,,
,0.00012499032746409052,24059,,,,,,,,,,,,,,,,,,,,,,,,,,,,,,
34,,24059,0.02885097824037075,0.01829283870756626,0.13834719359874725,0.0007410316611640155,0.01928374357521534,0.004264356102794409,0.0961354449391365,0.005720792803913355,0.04196293279528618,0.02064136043190956,0.10576733201742172,0.18233232200145721,0.0006276383646763861,2.073242425918579,0.04932161793112755,,,,,,,,,,,,,,,
,0.00012486216665098717,24069,,,,,,,,,,,,,,,,,,,,,,,,,,,,,,
34,,24069,0.02222582884132862,0.021968422457575798,0.26301443576812744,0.004034895915538073,0.039581868797540665,0.0038005749229341745,0.12271784245967865,0.0019410387612879276,0.033903513103723526,0.03662879019975662,0.1566556990146637,0.2581928074359894,0.009241445921361446,2.086646795272827,0.1032220646739006,,,,,,,,,,,,,,,
,0.0001247340247162158,24079,,,,,,,,,,,,,,,,,,,,,,,,,,,,,,
34,,24079,0.03264216333627701,0.03351769223809242,0.15882930159568787,0.0008134825620800257,0.022628821432590485,0.0029164855368435383,0.10418561846017838,0.003309908090159297,0.04354460909962654,0.019437646493315697,0.1114625409245491,0.2051992267370224,0.0006095996359363198,2.079200506210327,0.07058217376470566,,,,,,,,,,,,,,,
,0.00012460590175601002,24089,,,,,,,,,,,,,,,,,,,,,,,,,,,,,,
34,,24089,0.06927047669887543,0.034990690648555756,0.21173186600208282,0.00013810138625558466,0.046235572546720505,0.009722135029733181,0.16051536798477173,0.005289540626108646,0.1600223034620285,0.04314466938376427,0.1602950543165207,0.4008115828037262,0.0016278763068839908,2.059102773666382,0.08834395557641983,,,,,,,,,,,,,,,
,0.0001244777978665893,24099,,,,,,,,,,,,,,,,,,,,,,,,,,,,,,
34,,24099,0.03787723928689957,0.023347029462456703,0.12334593385457993,0.00037541333585977554,0.020984407514333725,0.004523447249084711,0.0811745673418045,0.007008733227849007,0.05457277223467827,0.023555660620331764,0.10896999388933182,0.19625017046928406,0.00040218475623987615,2.0784804821014404,0.05160342901945114,,,,,,,,,,,,,,,
,0.00012434971314415874,24109,,,,,,,,,,,,,,,,,,,,,,,,,,,,,,
34,,24109,0.027267426252365112,0.019945167005062103,0.18185411393642426,0.0005490279872901738,0.031223047524690628,0.007434682920575142,0.1136133074760437,0.006996653042733669,0.04483162611722946,0.021043900400400162,0.13850457966327667,0.21951045095920563,0.0013498967746272683,2.066640615463257,0.06277094036340714,,,,,,,,,,,,,,,
,0.000124221647684909,24119,,,,,,,,,,,,,,,,,,,,,,,,,,,,,,
34,,24119,0.014820391312241554,0.046295858919620514,0.24206729233264923,0.003787847701460123,0.019261563196778297,0.004500662442296743,0.1633766144514084,0.004416408017277718,0.030821627005934715,0.017566530033946037,0.13544277846813202,0.23251281678676605,0.001922178897075355,2.084826946258545,0.051275476813316345,,,,,,,,,,,,,,,
,0.0001240936015850164,24129,,,,,,,,,,,,,,,,,,,,,,,,,,,,,,
34,,24129,0.0530456006526947,0.0178835429251194,0.13168486952781677,0.0004634164506569505,0.02865547128021717,0.005129896104335785,0.11356326937675476,0.006059734150767326,0.12012506276369095,0.03653399646282196,0.12457870692014694,0.2889523208141327,0.0004116035415790975,2.094388246536255,0.06731775403022766,,,,,,,,,,,,,,,
,0.00012396557494064248,24139,,,,,,,,,,,,,,,,,,,,,,,,,,,,,,
34,,24139,0.03913542255759239,0.011907795444130898,0.19207099080085754,0.0004921639338135719,0.030898861587047577,0.017645005136728287,0.09341427683830261,0.00949516799300909,0.06962014734745026,0.027450567111372948,0.15400168299674988,0.2589452564716339,0.00012547885125968605,2.088885545730591,0.0748048648238182,,,,,,,,,,,,,,,
,0.00012383756784793451,24149,,,,,,,,,,,,,,,,,,,,,,,,,,,,,,
34,,24149,0.07691773027181625,0.00800456665456295,0.13293050229549408,0.0025609394069761038,0.03406805172562599,0.012899397872388363,0.07645204663276672,0.006799441296607256,0.11959271132946014,0.041922785341739655,0.12219836562871933,0.29912158846855164,0.0003034995752386749,2.0889012813568115,0.07839105278253555,,,,,,,,,,,,,,,
,0.00012370958040302483,24159,,,,,,,,,,,,,,,,,,,,,,,,,,,,,,
34,,24159,0.025220656767487526,0.020145397633314133,0.24538466334342957,0.00028178919455967844,0.030538683757185936,0.005482281092554331,0.12458992004394531,0.0019748781342059374,0.020237352699041367,0.02586236409842968,0.1470661759376526,0.21670250594615936,0.0002220598398707807,2.077345609664917,0.08295543491840363,,,,,,,,,,,,,,,
,0.00012358161270203103,24169,,,,,,,,,,,,,,,,,,,,,,,,,,,,,,
34,,24169,0.058194756507873535,0.014563506469130516,0.17271791398525238,0.0015986127546057105,0.0233998391777277,0.017413342371582985,0.10724544525146484,0.005589423235505819,0.06873145699501038,0.029664916917681694,0.11559896171092987,0.24668776988983154,0.0014049459714442492,2.0891664028167725,0.04562550410628319,,,,,,,,,,,,,,,
,0.00012345366484105603,24179,,,,,,,,,,,,,,,,,,,,,,,,,,,,,,
34,,24179,0.024899166077375412,0.01704045571386814,0.17631900310516357,0.00016555855108890682,0.019759925082325935,0.008497461676597595,0.12650442123413086,0.002891730749979615,0.026582086458802223,0.025570742785930634,0.10287504643201828,0.18169339001178741,0.00022080913186073303,2.055929660797119,0.04815435782074928,,,,,,,,,,,,,,,
,0.00012332573691618763,24189,,,,,,,,,,,,,,,,,,,,,,,,,,,,,,
34,,24189,0.04449625313282013,0.01831885613501072,0.14960739016532898,0.0014877504436299205,0.029556935653090477,0.009460468776524067,0.0950189158320427,0.0077377185225486755,0.07443451136350632,0.029727989807724953,0.11744517087936401,0.2452358901500702,0.00042480393312871456,2.067079782485962,0.07623598724603653,,,,,,,,,,,,,,,
,0.00012319782902349893,24199,,,,,,,,,,,,,,,,,,,,,,,,,,,,,,
34,,24199,0.032394591718912125,0.01239582896232605,0.15968184173107147,0.0008796661859378219,0.024204883724451065,0.008717698976397514,0.09381783753633499,0.008683794178068638,0.052903469651937485,0.030272256582975388,0.12320002913475037,0.21389594674110413,0.0006646063411608338,2.087961435317993,0.062196165323257446,,,,,,,,,,,,,,,
,0.00012306994125904777,24209,,,,,,,,,,,,,,,,,,,,,,,,,,,,,,
34,,24209,0.04753471165895462,0.02193005383014679,0.1836041659116745,0.0004018909821752459,0.026425354182720184,0.005266564432531595,0.11211618036031723,0.004305059090256691,0.04306552931666374,0.049023911356925964,0.12548759579658508,0.2224673330783844,0.0010249953484162688,2.0800750255584717,0.054431501775979996,,,,,,,,,,,,,,,
,0.00012294207371887689,24219,,,,,,,,,,,,,,,,,,,,,,,,,,,,,,
34,,24219,0.03207341581583023,0.015333924442529678,0.21641786396503448,0.002094466472044587,0.03603798523545265,0.010921179316937923,0.11719731986522675,0.005359196104109287,0.06112142652273178,0.04357186704874039,0.13588246703147888,0.25975340604782104,0.0009414949454367161,2.0485363006591797,0.08553160727024078,,,,,,,,,,,,,,,
,0.00012281422649901397,24229,,,,,,,,,,,,,,,,,,,,,,,,,,,,,,
34,,24229,0.03758153319358826,0.026054412126541138,0.24080172181129456,0.0043463860638439655,0.03359045088291168,0.008362313732504845,0.1650996059179306,0.0056102583184838295,0.049153972417116165,0.03357307240366936,0.14488080143928528,0.27468234300613403,0.0018595688743516803,2.0842392444610596,0.08131098002195358,,,,,,,,,,,,,,,
,0.00012268639969547127,24239,,,,,,,,,,,,,,,,,,,,,,,,,,,,,,
34,,24239,0.026909874752163887,0.03278987482190132,0.1632203906774521,0.00032073238980956376,0.022578956559300423,0.008930629119277,0.10322758555412292,0.0034740897826850414,0.043334826827049255,0.04198421537876129,0.12658430635929108,0.21296997368335724,0.0056930892169475555,2.065349817276001,0.05692924186587334,,,,,,,,,,,,,,,
,0.00012255859340424587,24249,,,,,,,,,,,,,,,,,,,,,,,,,,,,,,
34,,24249,0.0367361344397068,0.029560936614871025,0.21568912267684937,0.00031261739786714315,0.024427616968750954,0.008436931297183037,0.13856811821460724,0.004674552474170923,0.04156218841671944,0.02787586860358715,0.1555829793214798,0.24553093314170837,0.005864778067916632,2.102381706237793,0.05984082818031311,,,,,,,,,,,,,,,
,0.00012243080772131933,24259,,,,,,,,,,,,,,,,,,,,,,,,,,,,,,
34,,24259,0.03925531357526779,0.01708325743675232,0.14702780544757843,0.00026844526291824877,0.026136107742786407,0.013806496746838093,0.09175172448158264,0.006619774270802736,0.04207686707377434,0.03135150671005249,0.10573151707649231,0.20118588209152222,0.000562855857424438,2.0742697715759277,0.06288130581378937,,,,,,,,,,,,,,,
,0.00012230304274265784,24269,,,,,,,,,,,,,,,,,,,,,,,,,,,,,,
34,,24269,0.0238825473934412,0.015483837574720383,0.20534346997737885,0.00022655638167634606,0.02182389609515667,0.012716572731733322,0.09170198440551758,0.005200386047363281,0.03461017832159996,0.02736831083893776,0.1367107480764389,0.19891810417175293,0.0006793647189624608,2.04935884475708,0.0409221313893795,,,,,,,,,,,,,,,
,0.00012217529856421196,24279,,,,,,,,,,,,,,,,,,,,,,,,,,,,,,
34,,24279,0.045190297067165375,0.02758462354540825,0.2847626209259033,0.0011364119127392769,0.05889686942100525,0.005960671231150627,0.16343636810779572,0.005366770550608635,0.1610621064901352,0.058580607175827026,0.16419118642807007,0.42708930373191833,0.0036335871554911137,2.0838184356689453,0.12214557826519012,,,,,,,,,,,,,,,
,0.00012204757528191659,24289,,,,,,,,,,,,,,,,,,,,,,,,,,,,,,
34,,24289,0.03889167681336403,0.021506382152438164,0.1979207992553711,0.00505440216511488,0.02308908849954605,0.009002494625747204,0.12058385461568832,0.009346682578325272,0.06312468647956848,0.03543838858604431,0.13483841717243195,0.266135573387146,0.005884701386094093,2.0825934410095215,0.07532519102096558,,,,,,,,,,,,,,,
,0.000121919872991691,24299,,,,,,,,,,,,,,,,,,,,,,,,,,,,,,
34,,24299,0.019686084240674973,0.0273374542593956,0.1705482304096222,0.0022227265872061253,0.026646684855222702,0.008975603617727757,0.10406329482793808,0.003720636712387204,0.03663845732808113,0.026715591549873352,0.13623400032520294,0.20303331315517426,0.0017361994832754135,2.1026434898376465,0.06117788329720497,,,,,,,,,,,,,,,
,0.00012179219178943877,24309,,,,,,,,,,,,,,,,,,,,,,,,,,,,,,
34,,24309,0.04232393950223923,0.01853085495531559,0.21453265845775604,0.0007010207627899945,0.026613429188728333,0.009097411297261715,0.13205958902835846,0.004976986907422543,0.0705503448843956,0.030104419216513634,0.14323677122592926,0.2678107023239136,0.0006482513854280114,2.0853891372680664,0.0687333196401596,,,,,,,,,,,,,,,
,0.00012166453177104753,24319,,,,,,,,,,,,,,,,,,,,,,,,,,,,,,
34,,24319,0.03604026883840561,0.022490782663226128,0.21442025899887085,0.0014946181327104568,0.019743720069527626,0.00784559827297926,0.12418416887521744,0.007530341390520334,0.050601549446582794,0.04553167149424553,0.1430189609527588,0.2511517107486725,0.00042113143717870116,2.0788235664367676,0.081410713493824,,,,,,,,,,,,,,,
34,,24324,,,,,,,,,,,,,,,,0.19082510471343994,0.03234882652759552,0.29784059524536133,0.0084889717400074,0.07848372310400009,0.0020885944832116365,0.15946616232395172,0.02019779197871685,0.214582160115242,0.0837147980928421,0.20111970603466034,0.6143985986709595,0.013197876513004303,2.0844619274139404,0.15638186037540436
,0.000121536893032389,24329,,,,,,,,,,,,,,,,,,,,,,,,,,,,,,
35,,24329,0.03646716848015785,0.017971841618418694,0.1963208019733429,0.004390603397041559,0.028069281950592995,0.0034646105486899614,0.11246167868375778,0.005878678523004055,0.06265174597501755,0.0339001826941967,0.14658381044864655,0.24585451185703278,0.001390478340908885,2.0742321014404297,0.053192138671875,,,,,,,,,,,,,,,
,0.00012140927566931901,24339,,,,,,,,,,,,,,,,,,,,,,,,,,,,,,
35,,24339,0.03764931485056877,0.048147208988666534,0.2894766330718994,0.002335591707378626,0.030442921444773674,0.0035278485156595707,0.19358231127262115,0.0055604842491447926,0.055778540670871735,0.03581126779317856,0.1357494592666626,0.2985440790653229,0.0007153387414291501,2.0619454383850098,0.0631193220615387,,,,,,,,,,,,,,,
,0.00012128167977767718,24349,,,,,,,,,,,,,,,,,,,,,,,,,,,,,,
35,,24349,0.02705259621143341,0.014418371021747589,0.13846005499362946,0.001736572477966547,0.018245650455355644,0.004078803118318319,0.07565014809370041,0.0053407978266477585,0.049383603036403656,0.02187778614461422,0.10765434801578522,0.18299251794815063,0.0004489097627811134,2.082244396209717,0.04975028336048126,,,,,,,,,,,,,,,
,0.00012115410545328724,24359,,,,,,,,,,,,,,,,,,,,,,,,,,,,,,
35,,24359,0.04256686940789223,0.015423831529915333,0.18466199934482574,0.001225253683514893,0.032940883189439774,0.007972310297191143,0.08266790211200714,0.008052019402384758,0.072654128074646,0.03982110694050789,0.12400393933057785,0.24650467932224274,0.00018184786313213408,2.1004703044891357,0.059591878205537796,,,,,,,,,,,,,,,
,0.00012102655279195653,24369,,,,,,,,,,,,,,,,,,,,,,,,,,,,,,
35,,24369,0.040092699229717255,0.011934147216379642,0.1410282552242279,0.00162698479834944,0.021946024149656296,0.008541869930922985,0.09382012486457825,0.0066307103261351585,0.08318763971328735,0.021044446155428886,0.08635246753692627,0.2306574136018753,0.0010065578389912844,2.0609350204467773,0.05812465026974678,,,,,,,,,,,,,,,
,0.00012089902188947619,24379,,,,,,,,,,,,,,,,,,,,,,,,,,,,,,
35,,24379,0.045992471277713776,0.03661801666021347,0.19395270943641663,0.0004096252378076315,0.025840502232313156,0.016310302540659904,0.1403232216835022,0.008875353261828423,0.06960935890674591,0.038185808807611465,0.1311265081167221,0.27665841579437256,0.0033844856079667807,2.0793612003326416,0.05633695051074028,,,,,,,,,,,,,,,
,0.00012077151284162099,24389,,,,,,,,,,,,,,,,,,,,,,,,,,,,,,
35,,24389,0.022594327107071877,0.029767151921987534,0.2565664052963257,0.00046602077782154083,0.030899595469236374,0.005439536180347204,0.12866750359535217,0.004115518182516098,0.029276972636580467,0.042643819004297256,0.16168305277824402,0.24667897820472717,0.0011010608868673444,2.0663938522338867,0.10066911578178406,,,,,,,,,,,,,,,
,0.00012064402574414924,24399,,,,,,,,,,,,,,,,,,,,,,,,,,,,,,
35,,24399,0.024889200925827026,0.019736913964152336,0.22472164034843445,0.0008678963640704751,0.029832348227500916,0.00561137031763792,0.11080210655927658,0.009357471019029617,0.0592208094894886,0.01840892806649208,0.13454988598823547,0.2500183880329132,0.0017274887068197131,2.111713409423828,0.07817748188972473,,,,,,,,,,,,,,,
,0.00012051656069280299,24409,,,,,,,,,,,,,,,,,,,,,,,,,,,,,,
35,,24409,0.07265203446149826,0.039426278322935104,0.18112057447433472,0.0003607537073548883,0.034459300339221954,0.011825108900666237,0.14603252708911896,0.007369507569819689,0.08622720092535019,0.04762088507413864,0.14188188314437866,0.31086432933807373,0.0015349435852840543,2.0610768795013428,0.074614018201828,,,,,,,,,,,,,,,
,0.00012038911778330744,24419,,,,,,,,,,,,,,,,,,,,,,,,,,,,,,
35,,24419,0.02401135116815567,0.019605588167905807,0.1983846127986908,0.001895905821584165,0.011647587642073631,0.017919136211276054,0.11241912841796875,0.002942789811640978,0.03758576139807701,0.02288997732102871,0.12318524718284607,0.20869757235050201,0.0012088626390323043,2.071881055831909,0.05884725600481033,,,,,,,,,,,,,,,
,0.0001202616971113714,24429,,,,,,,,,,,,,,,,,,,,,,,,,,,,,,
35,,24429,0.022366303950548172,0.021466486155986786,0.21267300844192505,0.002085240790620446,0.044654715806245804,0.008248585276305676,0.1276148408651352,0.00694158673286438,0.08470339328050613,0.03288627043366432,0.15681293606758118,0.2925463020801544,0.004639178980141878,2.083513021469116,0.09039345383644104,,,,,,,,,,,,,,,
,0.00012013429877268682,24439,,,,,,,,,,,,,,,,,,,,,,,,,,,,,,
35,,24439,0.036753758788108826,0.016158943995833397,0.16537971794605255,0.0005843545659445226,0.025188760831952095,0.00574456388130784,0.07881849259138107,0.005179345142096281,0.041545283049345016,0.032740164548158646,0.11795437335968018,0.19869287312030792,0.0005185114569030702,2.062519073486328,0.06345004588365555,,,,,,,,,,,,,,,
,0.00012000692286292887,24449,,,,,,,,,,,,,,,,,,,,,,,,,,,,,,
35,,24449,0.029902078211307526,0.015237431973218918,0.1887023001909256,0.0008351145661436021,0.02104184776544571,0.0021711515728384256,0.0911707729101181,0.004821687005460262,0.03018135018646717,0.032432492822408676,0.12432343512773514,0.19459493458271027,0.002528232289478183,2.066013813018799,0.06567844748497009,,,,,,,,,,,,,,,
,0.00011987956947775613,24459,,,,,,,,,,,,,,,,,,,,,,,,,,,,,,
35,,24459,0.023927362635731697,0.01410259585827589,0.11736811697483063,0.0006388438632711768,0.01862214505672455,0.00491500087082386,0.07619315385818481,0.006171836517751217,0.02814359962940216,0.02812011167407036,0.09573008865118027,0.14951246976852417,0.00025188823929056525,2.070357322692871,0.03988592326641083,,,,,,,,,,,,,,,
,0.00011975223871280991,24469,,,,,,,,,,,,,,,,,,,,,,,,,,,,,,
35,,24469,0.018490353599190712,0.02783351205289364,0.19767263531684875,0.0012832400389015675,0.026768721640110016,0.004227279685437679,0.10849875956773758,0.0034454227425158024,0.035100486129522324,0.03145415708422661,0.13915975391864777,0.21199828386306763,0.002266356721520424,2.0695102214813232,0.07247261703014374,,,,,,,,,,,,,,,
,0.00011962493066371477,24479,,,,,,,,,,,,,,,,,,,,,,,,,,,,,,
35,,24479,0.045204970985651016,0.01468897145241499,0.18536336719989777,0.0004973160685040057,0.035324614495038986,0.012376237660646439,0.11748567223548889,0.007876505143940449,0.07539026439189911,0.02713068015873432,0.12501581013202667,0.2638654410839081,0.0011784019879996777,2.04616641998291,0.07124143838882446,,,,,,,,,,,,,,,
,0.00011949764542607809,24489,,,,,,,,,,,,,,,,,,,,,,,,,,,,,,
35,,24489,0.018673967570066452,0.009551293216645718,0.14818522334098816,0.0004196121881250292,0.01990956813097,0.011853186413645744,0.07686211168766022,0.004492597654461861,0.023303931578993797,0.019037695601582527,0.1204221099615097,0.1596968173980713,0.001632412662729621,2.0899136066436768,0.050585340708494186,,,,,,,,,,,,,,,
,0.00011937038309549019,24499,,,,,,,,,,,,,,,,,,,,,,,,,,,,,,
35,,24499,0.027770603075623512,0.013382517732679844,0.17735934257507324,0.00033675198210403323,0.021624408662319183,0.009515811689198017,0.10631586611270905,0.00431304844096303,0.03667638823390007,0.021834513172507286,0.11868114024400711,0.19595052301883698,0.0010114250471815467,2.0833373069763184,0.05804139003157616,,,,,,,,,,,,,,,
,0.00011924314376752418,24509,,,,,,,,,,,,,,,,,,,,,,,,,,,,,,
35,,24509,0.021672876551747322,0.021803049370646477,0.1701192408800125,0.002370887901633978,0.02244509570300579,0.003614389570429921,0.10196711122989655,0.004119405522942543,0.027780834585428238,0.045119062066078186,0.10621633380651474,0.178982675075531,0.0006405051681213081,2.080451011657715,0.041854146867990494,,,,,,,,,,,,,,,
,0.00011911592753773591,24519,,,,,,,,,,,,,,,,,,,,,,,,,,,,,,
35,,24519,0.023058591410517693,0.018681466579437256,0.17437958717346191,0.0030984319746494293,0.014853311702609062,0.003776400350034237,0.09670884907245636,0.0018971783574670553,0.022554775699973106,0.037778642028570175,0.1159491240978241,0.17301958799362183,0.0005719564505852759,2.0926194190979004,0.04982046037912369,,,,,,,,,,,,,,,
,0.0001189887345016638,24529,,,,,,,,,,,,,,,,,,,,,,,,,,,,,,
35,,24529,0.01335868053138256,0.01724831573665142,0.22817592322826385,0.0007910268614068627,0.032212089747190475,0.010900914669036865,0.09380033612251282,0.004982638172805309,0.03750932589173317,0.03002089075744152,0.15289117395877838,0.2259991466999054,0.0005924049764871597,2.066873550415039,0.09352453798055649,,,,,,,,,,,,,,,
,0.00011886156475482893,24539,,,,,,,,,,,,,,,,,,,,,,,,,,,,,,
35,,24539,0.024236071854829788,0.01778646558523178,0.21320845186710358,0.0005994215607643127,0.028279177844524384,0.007913932204246521,0.09867290407419205,0.004500962793827057,0.05471701920032501,0.028204957023262978,0.12997202575206757,0.23128953576087952,0.0003153662255499512,2.0876078605651855,0.07347150892019272,,,,,,,,,,,,,,,
,0.00011873441839273484,24549,,,,,,,,,,,,,,,,,,,,,,,,,,,,,,
35,,24549,0.025422614067792892,0.009882890619337559,0.11536548286676407,0.00028938413015566766,0.016559936106204987,0.004233202897012234,0.05891218036413193,0.007848736830055714,0.040975287556648254,0.01827666535973549,0.0857570692896843,0.15156352519989014,4.825241194339469e-05,2.088777542114258,0.03416739031672478,,,,,,,,,,,,,,,
,0.00011860729551086748,24559,,,,,,,,,,,,,,,,,,,,,,,,,,,,,,
35,,24559,0.02458098530769348,0.0172544214874506,0.19159795343875885,0.0005250915419310331,0.03308025002479553,0.00987556017935276,0.09249390661716461,0.006178836803883314,0.03182335942983627,0.023223502561450005,0.1405390053987503,0.20459309220314026,0.00034800026332959533,2.0760767459869385,0.07041169703006744,,,,,,,,,,,,,,,
,0.00011848019620469537,24569,,,,,,,,,,,,,,,,,,,,,,,,,,,,,,
35,,24569,0.030535422265529633,0.008993211202323437,0.13560932874679565,0.0016972471494227648,0.01871081441640854,0.008630584925413132,0.07878091186285019,0.005724409129470587,0.03065989539027214,0.03623875230550766,0.10343463718891144,0.1686091423034668,0.0020966052543371916,2.085787773132324,0.04690742492675781,,,,,,,,,,,,,,,
,0.00011835312056966905,24579,,,,,,,,,,,,,,,,,,,,,,,,,,,,,,
35,,24579,0.04698486626148224,0.017764315009117126,0.18277478218078613,0.002556651597842574,0.028231635689735413,0.007082583382725716,0.10010924190282822,0.007657018024474382,0.06760390102863312,0.031994469463825226,0.13238072395324707,0.2503913640975952,0.0017547745956107974,2.0936548709869385,0.06162191927433014,,,,,,,,,,,,,,,
,0.00011822606870122147,24589,,,,,,,,,,,,,,,,,,,,,,,,,,,,,,
35,,24589,0.019743995741009712,0.04447676241397858,0.23717767000198364,0.001768249785527587,0.035985011607408524,0.002961393678560853,0.17399665713310242,0.009229892864823341,0.08868388086557388,0.04642411693930626,0.1326524168252945,0.30805450677871704,0.0026047162245959044,2.0750057697296143,0.06493853032588959,,,,,,,,,,,,,,,
,0.00011809904069476767,24599,,,,,,,,,,,,,,,,,,,,,,,,,,,,,,
35,,24599,0.05053218454122543,0.009462002664804459,0.13897620141506195,0.0012238082708790898,0.028773965314030647,0.008504834957420826,0.09472640603780746,0.013079652562737465,0.0733264684677124,0.02257763221859932,0.12091607600450516,0.2396908849477768,0.001380801317282021,2.077848196029663,0.05746345594525337,,,,,,,,,,,,,,,
,0.00011797203664570467,24609,,,,,,,,,,,,,,,,,,,,,,,,,,,,,,
35,,24609,0.026818547397851944,0.022772666066884995,0.24331775307655334,0.0016211168840527534,0.032693371176719666,0.0028762733563780785,0.11666160076856613,0.00530721340328455,0.06393232196569443,0.022000091150403023,0.1477193683385849,0.25883176922798157,0.000697373237926513,2.0939295291900635,0.06713107973337173,,,,,,,,,,,,,,,
,0.00011784505664941173,24619,,,,,,,,,,,,,,,,,,,,,,,,,,,,,,
35,,24619,0.017560085281729698,0.0664685070514679,0.28227290511131287,0.0009559312602505088,0.03471223637461662,0.0033418007660657167,0.17679332196712494,0.003533228300511837,0.022110365331172943,0.03755907714366913,0.1641649454832077,0.25903916358947754,0.0021680176723748446,2.064361095428467,0.05736057832837105,,,,,,,,,,,,,,,
,0.00011771810080124987,24629,,,,,,,,,,,,,,,,,,,,,,,,,,,,,,
35,,24629,0.02611868642270565,0.013068323954939842,0.1370726227760315,0.0002470756880939007,0.024549802765250206,0.00965050607919693,0.0730486810207367,0.004925444256514311,0.02422349713742733,0.020528392866253853,0.10982222110033035,0.16498416662216187,0.0006604992086067796,2.0892136096954346,0.0708354040980339,,,,,,,,,,,,,,,
,0.000117591169196562,24639,,,,,,,,,,,,,,,,,,,,,,,,,,,,,,
35,,24639,0.019663935527205467,0.022440360859036446,0.14766967296600342,0.0010737276170402765,0.023572474718093872,0.0025876027066260576,0.1182788833975792,0.002703843405470252,0.028493644669651985,0.04186664894223213,0.09732870012521744,0.18077534437179565,0.0010550773004069924,2.0834567546844482,0.072792187333107,,,,,,,,,,,,,,,
,0.00011746426193067282,24649,,,,,,,,,,,,,,,,,,,,,,,,,,,,,,
35,,24649,0.027363045141100883,0.02653496339917183,0.22294461727142334,0.0011608230415731668,0.03203815594315529,0.004992197267711163,0.135637104511261,0.00429912656545639,0.028230806812644005,0.031403861939907074,0.1412224918603897,0.22605185210704803,0.00177725066896528,2.072125196456909,0.07344990968704224,,,,,,,,,,,,,,,
,0.00011733737909888879,24659,,,,,,,,,,,,,,,,,,,,,,,,,,,,,,
35,,24659,0.01841399446129799,0.018750499933958054,0.13748633861541748,0.0025062893982976675,0.02203976735472679,0.007910373620688915,0.08818583190441132,0.0035181534476578236,0.037821561098098755,0.0212355125695467,0.10300534218549728,0.17483313381671906,0.0013007166562601924,2.084667205810547,0.05478439852595329,,,,,,,,,,,,,,,
,0.00011721052079649803,24669,,,,,,,,,,,,,,,,,,,,,,,,,,,,,,
35,,24669,0.038234904408454895,0.02537977136671543,0.2167690098285675,0.00035737230791710317,0.02613324299454689,0.006210773717612028,0.10007476061582565,0.005026134662330151,0.048703089356422424,0.034191861748695374,0.130985826253891,0.2340269237756729,0.0020430986769497395,2.064998149871826,0.058712709695100784,,,,,,,,,,,,,,,
,0.00011708368711877018,24679,,,,,,,,,,,,,,,,,,,,,,,,,,,,,,
35,,24679,0.043967168778181076,0.018563395366072655,0.185834139585495,0.0012870864011347294,0.024148350581526756,0.007151245605200529,0.11149447411298752,0.00437676627188921,0.04335138201713562,0.02351476065814495,0.11050766706466675,0.21407456696033478,0.00041450042044743896,2.0884666442871094,0.05456853657960892,,,,,,,,,,,,,,,
,0.00011695687816095648,24689,,,,,,,,,,,,,,,,,,,,,,,,,,,,,,
35,,24689,0.021374644711613655,0.020833445712924004,0.1728237122297287,0.001825009472668171,0.031894054263830185,0.006006576586514711,0.10159166902303696,0.007778933737426996,0.08740004152059555,0.020833246409893036,0.11272075027227402,0.2530943751335144,0.005918318871408701,2.080693483352661,0.05753475800156593,,,,,,,,,,,,,,,
,0.00011683009401828948,24699,,,,,,,,,,,,,,,,,,,,,,,,,,,,,,
35,,24699,0.03350835666060448,0.0173460952937603,0.13978299498558044,0.0006161268684081733,0.016217179596424103,0.004298018291592598,0.08080834150314331,0.004997268319129944,0.043229009956121445,0.019279412925243378,0.11161310970783234,0.18109621107578278,0.00016735175449866802,2.088212013244629,0.049463316798210144,,,,,,,,,,,,,,,
,0.00011670333478598313,24709,,,,,,,,,,,,,,,,,,,,,,,,,,,,,,
35,,24709,0.03713412582874298,0.03747943043708801,0.20083746314048767,0.001490100403316319,0.02857615426182747,0.010852507315576077,0.1287505030632019,0.005074651446193457,0.056641045957803726,0.05171927809715271,0.13079416751861572,0.2578584551811218,0.0018643222283571959,2.0780560970306396,0.0676787868142128,,,,,,,,,,,,,,,
,0.00011657660055923281,24719,,,,,,,,,,,,,,,,,,,,,,,,,,,,,,
35,,24719,0.03407088294625282,0.01638679951429367,0.1820659190416336,0.0012853130465373397,0.023647863417863846,0.007765068206936121,0.0999879240989685,0.005467143375426531,0.03802451863884926,0.023361125960946083,0.12991125881671906,0.20143447816371918,0.0003434390528127551,2.0841169357299805,0.046087443828582764,,,,,,,,,,,,,,,
,0.00011644989143321495,24729,,,,,,,,,,,,,,,,,,,,,,,,,,,,,,
35,,24729,0.026481062173843384,0.028760312125086784,0.17970989644527435,0.0003547638189047575,0.028667369857430458,0.006175947841256857,0.10495644807815552,0.003118804655969143,0.0442456491291523,0.017182186245918274,0.11962313205003738,0.21172653138637543,0.001154544297605753,2.086164712905884,0.070664182305336,,,,,,,,,,,,,,,
,0.00011632320750308715,24739,,,,,,,,,,,,,,,,,,,,,,,,,,,,,,
35,,24739,0.029741231352090836,0.03235471993684769,0.23906397819519043,0.0026931962929666042,0.026844607666134834,0.014235148206353188,0.15418188273906708,0.006705671548843384,0.040235735476017,0.04298127442598343,0.14717234671115875,0.26080405712127686,0.0010592450853437185,2.094080686569214,0.07440885901451111,,,,,,,,,,,,,,,
,0.00011619654886398822,24749,,,,,,,,,,,,,,,,,,,,,,,,,,,,,,
35,,24749,0.04009685292840004,0.015691030770540237,0.18102219700813293,0.001082024653442204,0.030837032943964005,0.007763036992400885,0.10998670756816864,0.007807224523276091,0.06223883852362633,0.030641259625554085,0.11581606417894363,0.2409648299217224,0.0009995471918955445,2.078233242034912,0.07119616121053696,,,,,,,,,,,,,,,
,0.0001160699156110378,24759,,,,,,,,,,,,,,,,,,,,,,,,,,,,,,
35,,24759,0.029394151642918587,0.011767633259296417,0.13157707452774048,0.0012750762980431318,0.023652559146285057,0.0068976604379713535,0.09020943939685822,0.007801248226314783,0.034106384962797165,0.04633314535021782,0.10200724005699158,0.17816132307052612,0.0004390239773783833,2.0897281169891357,0.0546552948653698,,,,,,,,,,,,,,,
,0.00011594330783933658,24769,,,,,,,,,,,,,,,,,,,,,,,,,,,,,,
35,,24769,0.026769744232296944,0.020504746586084366,0.24284669756889343,0.0006668056594207883,0.025718122720718384,0.008671264164149761,0.119438037276268,0.006817758549004793,0.040426142513751984,0.023282811045646667,0.13129682838916779,0.23762276768684387,0.006113741546869278,2.0812785625457764,0.06260363757610321,,,,,,,,,,,,,,,
,0.00011581672564396616,24779,,,,,,,,,,,,,,,,,,,,,,,,,,,,,,
35,,24779,0.02734852023422718,0.016075411811470985,0.25155287981033325,0.0002587639319244772,0.030315201729536057,0.005487723276019096,0.09509392082691193,0.002530565718188882,0.027088673785328865,0.045422136783599854,0.1817166805267334,0.22761476039886475,0.0003467015631031245,2.0950183868408203,0.08188991248607635,,,,,,,,,,,,,,,
,0.00011569016911998879,24789,,,,,,,,,,,,,,,,,,,,,,,,,,,,,,
35,,24789,0.07700245082378387,0.0312558151781559,0.24772275984287262,0.0003498197766020894,0.037723932415246964,0.008647270500659943,0.15808701515197754,0.0052217962220311165,0.20043721795082092,0.041088927537202835,0.1317501813173294,0.4440082609653473,0.0031405885238200426,2.082815170288086,0.07916233688592911,,,,,,,,,,,,,,,
,0.00011556363836244749,24799,,,,,,,,,,,,,,,,,,,,,,,,,,,,,,
35,,24799,0.030027510598301888,0.011527473106980324,0.12937967479228973,0.0006836164393462241,0.020890450105071068,0.00611977418884635,0.07165862619876862,0.0035299661103636026,0.04816056042909622,0.02366979420185089,0.0969804972410202,0.17712967097759247,0.00040735257789492607,2.0901312828063965,0.05588596314191818,,,,,,,,,,,,,,,
,0.00011543713346636592,24809,,,,,,,,,,,,,,,,,,,,,,,,,,,,,,
35,,24809,0.02602674439549446,0.030430978164076805,0.23639726638793945,0.0015393984504044056,0.04272995516657829,0.006596914492547512,0.1002340018749237,0.00461003091186285,0.04426321014761925,0.03455395624041557,0.16454307734966278,0.2512491047382355,0.000755451968871057,2.0893611907958984,0.08948297053575516,,,,,,,,,,,,,,,
,0.00011531065452674848,24819,,,,,,,,,,,,,,,,,,,,,,,,,,,,,,
35,,24819,0.021416494622826576,0.019617801532149315,0.13689090311527252,0.0007410895777866244,0.020420294255018234,0.013250826857984066,0.08917363733053207,0.004738463554531336,0.020955342799425125,0.0211032684892416,0.10020355135202408,0.15831300616264343,0.0016259755939245224,2.081071138381958,0.0446646623313427,,,,,,,,,,,,,,,
,0.00011518420163857984,24829,,,,,,,,,,,,,,,,,,,,,,,,,,,,,,
35,,24829,0.07078459113836288,0.018437281250953674,0.18262408673763275,0.0019769908394664526,0.0504441037774086,0.005036146380007267,0.11228493601083755,0.004744767211377621,0.16453684866428375,0.036736540496349335,0.12924906611442566,0.3807670772075653,0.00952038262039423,2.0727005004882812,0.092910036444664,,,,,,,,,,,,,,,
,0.00011505777489682521,24839,,,,,,,,,,,,,,,,,,,,,,,,,,,,,,
35,,24839,0.04137890785932541,0.03363659977912903,0.17357495427131653,0.001210935297422111,0.03088388778269291,0.013876935467123985,0.14257124066352844,0.007487609051167965,0.09489070624113083,0.03688795119524002,0.13110822439193726,0.29739710688591003,0.0035684467293322086,2.074355363845825,0.07321922481060028,,,,,,,,,,,,,,,
,0.00011493137439643021,24849,,,,,,,,,,,,,,,,,,,,,,,,,,,,,,
35,,24849,0.012602741830050945,0.013368294574320316,0.14048808813095093,0.0002802005037665367,0.019105123355984688,0.005218858364969492,0.07808927446603775,0.005402145441621542,0.035881608724594116,0.025638286024332047,0.11795016378164291,0.16837047040462494,0.002982443431392312,2.0971736907958984,0.052283793687820435,,,,,,,,,,,,,,,
,0.0001148050002323207,24859,,,,,,,,,,,,,,,,,,,,,,,,,,,,,,
35,,24859,0.043775804340839386,0.024385137483477592,0.2203693985939026,0.0036464736331254244,0.025781050324440002,0.004560386296361685,0.12068137526512146,0.004651866853237152,0.05146309733390808,0.025052038952708244,0.12150325626134872,0.24311770498752594,0.0016103613888844848,2.071364164352417,0.05679627135396004,,,,,,,,,,,,,,,
,0.00011467865249940266,24869,,,,,,,,,,,,,,,,,,,,,,,,,,,,,,
35,,24869,0.04328380525112152,0.030603205785155296,0.21309137344360352,0.0010097692720592022,0.041934143751859665,0.00784261804074049,0.11175364255905151,0.005002259276807308,0.05993805080652237,0.039913907647132874,0.12275715917348862,0.25940319895744324,0.0002571283548604697,2.0768251419067383,0.07501192390918732,,,,,,,,,,,,,,,
,0.0001145523312925625,24879,,,,,,,,,,,,,,,,,,,,,,,,,,,,,,
35,,24879,0.022904563695192337,0.011054303497076035,0.13642969727516174,0.002308559836819768,0.02304886467754841,0.006308973301202059,0.08994314074516296,0.00803268514573574,0.051218532025814056,0.027970314025878906,0.10237297415733337,0.1888720691204071,0.0007378626614809036,2.044842004776001,0.045662958174943924,,,,,,,,,,,,,,,
,0.00011442603670666644,24889,,,,,,,,,,,,,,,,,,,,,,,,,,,,,,
35,,24889,0.04362325742840767,0.023772189393639565,0.20725519955158234,0.0039994800463318825,0.030095674097537994,0.008742304518818855,0.1282660961151123,0.0050979070365428925,0.06638145446777344,0.03514919802546501,0.1615581065416336,0.2803523540496826,0.0059462422505021095,2.081533193588257,0.07961531728506088,,,,,,,,,,,,,,,
,0.00011429976883656083,24899,,,,,,,,,,,,,,,,,,,,,,,,,,,,,,
35,,24899,0.027646750211715698,0.012323330156505108,0.1646360158920288,0.0005057775997556746,0.025137409567832947,0.011175173334777355,0.07160750031471252,0.004390099085867405,0.025112489238381386,0.026793040335178375,0.11911068856716156,0.1732023060321808,0.0005941636045463383,2.062962770462036,0.05613785609602928,,,,,,,,,,,,,,,
,0.00011417352777707189,24909,,,,,,,,,,,,,,,,,,,,,,,,,,,,,,
35,,24909,0.033580031245946884,0.0179476048797369,0.1870894730091095,0.00043689997983165085,0.031083988025784492,0.007128865923732519,0.11023332178592682,0.007430127821862698,0.046187981963157654,0.02095070853829384,0.11895406991243362,0.22196407616138458,0.0019096957985311747,2.0733871459960938,0.06692086160182953,,,,,,,,,,,,,,,
,0.00011404731362300577,24919,,,,,,,,,,,,,,,,,,,,,,,,,,,,,,
35,,24919,0.035675641149282455,0.039102647453546524,0.21288348734378815,0.0025450577959418297,0.036962028592824936,0.006667402572929859,0.1627044677734375,0.011434238404035568,0.08647003024816513,0.03229232504963875,0.11389396339654922,0.3022269308567047,0.0036604024935513735,2.074871063232422,0.0663342997431755,,,,,,,,,,,,,,,
,0.00011392112646914841,24929,,,,,,,,,,,,,,,,,,,,,,,,,,,,,,
35,,24929,0.037763144820928574,0.013826715759932995,0.17071983218193054,0.00032998513779602945,0.023473355919122696,0.008136611431837082,0.08490648120641708,0.005235424265265465,0.058542318642139435,0.03444896638393402,0.13068240880966187,0.218927264213562,0.0013429749524220824,2.0917956829071045,0.05127084255218506,,,,,,,,,,,,,,,
,0.00011379496641026547,24939,,,,,,,,,,,,,,,,,,,,,,,,,,,,,,
35,,24939,0.03246002271771431,0.03769799694418907,0.19661201536655426,0.0028585209511220455,0.02606583572924137,0.004312895704060793,0.13055185973644257,0.0034064841456711292,0.03972158953547478,0.01735350675880909,0.11753344535827637,0.22772760689258575,0.0021642623469233513,2.05631685256958,0.07287780940532684,,,,,,,,,,,,,,,
,0.00011366883354110223,24949,,,,,,,,,,,,,,,,,,,,,,,,,,,,,,
35,,24949,0.04477548226714134,0.020797789096832275,0.15574032068252563,0.0026192183140665293,0.036907244473695755,0.013669955544173717,0.10466423630714417,0.010618053376674652,0.08501280099153519,0.033172983676195145,0.12253743410110474,0.26756802201271057,0.00040727469604462385,2.0757930278778076,0.06590146571397781,,,,,,,,,,,,,,,
,0.00011354272795638355,24959,,,,,,,,,,,,,,,,,,,,,,,,,,,,,,
35,,24959,0.017434105277061462,0.016792498528957367,0.1887330263853073,0.0023913204204291105,0.023925989866256714,0.007930922321975231,0.0806470513343811,0.003442039480432868,0.03144398331642151,0.022616036236286163,0.1435069590806961,0.19864249229431152,0.0022497258614748716,2.0782310962677,0.08286307007074356,,,,,,,,,,,,,,,
,0.00011341664975081375,24969,,,,,,,,,,,,,,,,,,,,,,,,,,,,,,
35,,24969,0.02934681624174118,0.028374377638101578,0.22293196618556976,0.000484485732158646,0.03341781347990036,0.006287022959440947,0.14310012757778168,0.005189775489270687,0.04347291216254234,0.0586899109184742,0.12588371336460114,0.24997133016586304,0.002148783765733242,2.0947773456573486,0.08173134177923203,,,,,,,,,,,,,,,
,0.00011329059901907681,24979,,,,,,,,,,,,,,,,,,,,,,,,,,,,,,
35,,24979,0.03455911576747894,0.02919953316450119,0.20253558456897736,0.0007109955186024308,0.02994956076145172,0.0052154515869915485,0.1450645476579666,0.008989697322249413,0.04945088177919388,0.03618040680885315,0.1220724955201149,0.24691443145275116,0.0012550284154713154,2.1010568141937256,0.06861654669046402,,,,,,,,,,,,,,,
,0.00011316457585583584,24989,,,,,,,,,,,,,,,,,,,,,,,,,,,,,,
35,,24989,0.024009639397263527,0.03075827844440937,0.20987382531166077,0.0009936850983649492,0.030987197533249855,0.008012780919671059,0.11361151188611984,0.004111851565539837,0.027880538254976273,0.023435521870851517,0.13307033479213715,0.21995089948177338,0.004445646423846483,2.066150188446045,0.08321147412061691,,,,,,,,,,,,,,,
,0.00011303858035573329,24999,,,,,,,,,,,,,,,,,,,,,,,,,,,,,,
35,,24999,0.032492745667696,0.016051676124334335,0.18084010481834412,0.0006443873862735927,0.027171237394213676,0.020991569384932518,0.10155979543924332,0.004394156858325005,0.0575864240527153,0.02492924965918064,0.12962158024311066,0.23632515966892242,0.002933039329946041,2.067126512527466,0.0716860443353653,,,,,,,,,,,,,,,
,0.00011291261261339096,25009,,,,,,,,,,,,,,,,,,,,,,,,,,,,,,
35,,25009,0.015584874898195267,0.030981099233031273,0.22735919058322906,0.0004012458957731724,0.03247089311480522,0.004068192094564438,0.14065217971801758,0.003002242185175419,0.020629998296499252,0.03776302561163902,0.13654838502407074,0.216603621840477,0.00038271580706350505,2.05397367477417,0.08501925319433212,,,,,,,,,,,,,,,
,0.00011278667272340961,25019,,,,,,,,,,,,,,,,,,,,,,,,,,,,,,
35,,25019,0.11120001971721649,0.024145957082509995,0.1876881867647171,0.00026207766495645046,0.0646640956401825,0.004031859338283539,0.15805768966674805,0.009675846435129642,0.32491153478622437,0.04363035038113594,0.12963412702083588,0.5755948424339294,0.0017941815312951803,2.081418037414551,0.09072867035865784,,,,,,,,,,,,,,,
35,,25019,,,,,,,,,,,,,,,,0.18825726211071014,0.02563176117837429,0.29036304354667664,0.007992874830961227,0.0747595950961113,0.003363192779943347,0.13828054070472717,0.02079266682267189,0.2160940170288086,0.0960971787571907,0.20287975668907166,0.607816755771637,0.014781574718654156,2.070033311843872,0.15577727556228638
,0.00011266076078036931,25029,,,,,,,,,,,,,,,,,,,,,,,,,,,,,,
36,,25029,0.034527771174907684,0.01642458140850067,0.16803114116191864,0.0006786740268580616,0.030595120042562485,0.0030688391998410225,0.11105979979038239,0.006064934656023979,0.05793403834104538,0.05396197736263275,0.11650663614273071,0.2265826165676117,0.0016829398227855563,2.0849156379699707,0.058783989399671555,,,,,,,,,,,,,,,
,0.00011253487687882896,25039,,,,,,,,,,,,,,,,,,,,,,,,,,,,,,
36,,25039,0.03703106939792633,0.013092550449073315,0.1525222510099411,4.5606138883158565e-05,0.023974740877747536,0.004327414557337761,0.08600110560655594,0.00577892642468214,0.047514405101537704,0.04456927999854088,0.10593721270561218,0.19933870434761047,0.00027530035004019737,2.0647974014282227,0.062282413244247437,,,,,,,,,,,,,,,
,0.00011240902111332647,25049,,,,,,,,,,,,,,,,,,,,,,,,,,,,,,
36,,25049,0.03555171191692352,0.01659667119383812,0.2536788582801819,0.0007329863146878779,0.057115014642477036,0.01097181811928749,0.09996597468852997,0.0013548580463975668,0.02191155031323433,0.019870439544320107,0.15034979581832886,0.2317354381084442,0.0003231263253837824,2.068455934524536,0.0969601646065712,,,,,,,,,,,,,,,
,0.00011228319357837862,25059,,,,,,,,,,,,,,,,,,,,,,,,,,,,,,
36,,25059,0.030306098982691765,0.016370266675949097,0.16626815497875214,0.00039283104706555605,0.017874697223305702,0.006208334118127823,0.08085454255342484,0.004601800814270973,0.04228949174284935,0.029180334880948067,0.12733674049377441,0.19276602566242218,0.00038551221950910985,2.0869810581207275,0.05294637754559517,,,,,,,,,,,,,,,
,0.00011215739436848095,25069,,,,,,,,,,,,,,,,,,,,,,,,,,,,,,
36,,25069,0.04694364592432976,0.01618865132331848,0.17216090857982635,0.0030301695223897696,0.03483608365058899,0.0058821155689656734,0.1444970965385437,0.00620198342949152,0.12043469399213791,0.03257690370082855,0.12384796142578125,0.31204164028167725,0.000830379780381918,2.0831522941589355,0.07506117224693298,,,,,,,,,,,,,,,
,0.0001120316235781078,25079,,,,,,,,,,,,,,,,,,,,,,,,,,,,,,
36,,25079,0.021937914192676544,0.016349293291568756,0.1445576548576355,0.0011018593795597553,0.022564928978681564,0.00653730658814311,0.08298975974321365,0.006814922206103802,0.029678117483854294,0.03515869379043579,0.11216723918914795,0.1738080084323883,0.00047296041157096624,2.0726723670959473,0.05833200737833977,,,,,,,,,,,,,,,
,0.00011190588130171213,25089,,,,,,,,,,,,,,,,,,,,,,,,,,,,,,
36,,25089,0.02131819725036621,0.011426180601119995,0.10745697468519211,0.002253120532259345,0.020363586023449898,0.010586436837911606,0.07853205502033234,0.004381582140922546,0.030595500022172928,0.029993614181876183,0.10008807480335236,0.1519828736782074,0.00022289562912192196,2.072524070739746,0.04176441207528114,,,,,,,,,,,,,,,
,0.00011178016763372547,25099,,,,,,,,,,,,,,,,,,,,,,,,,,,,,,
36,,25099,0.061788320541381836,0.020253494381904602,0.1653510183095932,0.003403098089620471,0.05099699646234512,0.0046361638233065605,0.12114335596561432,0.0037605068646371365,0.19837823510169983,0.036457471549510956,0.14863502979278564,0.4078642427921295,0.003887419356033206,2.098388671875,0.09761782735586166,,,,,,,,,,,,,,,
,0.0001116544826685579,25109,,,,,,,,,,,,,,,,,,,,,,,,,,,,,,
36,,25109,0.047941870987415314,0.023400316014885902,0.16785666346549988,0.0016045529628172517,0.024051327258348465,0.01155625656247139,0.12426332384347916,0.0033162753097712994,0.04180997610092163,0.029601996764540672,0.09695259481668472,0.2155001312494278,0.00033581917523406446,2.0894036293029785,0.060192812234163284,,,,,,,,,,,,,,,
,0.00011152882650059784,25119,,,,,,,,,,,,,,,,,,,,,,,,,,,,,,
36,,25119,0.03219129890203476,0.013434677384793758,0.17932990193367004,0.0021327040158212185,0.030597371980547905,0.009411000646650791,0.0864517018198967,0.0034937472082674503,0.05008580535650253,0.01792735978960991,0.11453314870595932,0.2138470560312271,0.0013600520323961973,2.0643532276153564,0.07314244657754898,,,,,,,,,,,,,,,
,0.00011140319922421233,25129,,,,,,,,,,,,,,,,,,,,,,,,,,,,,,
36,,25129,0.0520625002682209,0.03969768434762955,0.22651050984859467,0.0021532366517931223,0.02618458680808544,0.004383034072816372,0.16085879504680634,0.00729339150711894,0.07083052396774292,0.015756307169795036,0.11349494010210037,0.27925434708595276,0.0004439454060047865,2.045598030090332,0.048849910497665405,,,,,,,,,,,,,,,
,0.00011127760093374642,25139,,,,,,,,,,,,,,,,,,,,,,,,,,,,,,
36,,25139,0.03804897144436836,0.0263348575681448,0.19986794888973236,0.001048650243319571,0.03595302999019623,0.023399781435728073,0.1365305632352829,0.0060174427926540375,0.06753405928611755,0.03199729695916176,0.15489588677883148,0.2843281030654907,0.0007932167500257492,2.085644483566284,0.09605450183153152,,,,,,,,,,,,,,,
,0.00011115203172352356,25149,,,,,,,,,,,,,,,,,,,,,,,,,,,,,,
36,,25149,0.02652032859623432,0.026070477440953255,0.20134791731834412,0.0004373776610009372,0.026517225429415703,0.0039021249394863844,0.1129584014415741,0.0033187216613441706,0.028931917622685432,0.03386988490819931,0.1394568532705307,0.20140627026557922,0.00022661520051769912,2.0644142627716064,0.04869021475315094,,,,,,,,,,,,,,,
,0.0001110264916878453,25159,,,,,,,,,,,,,,,,,,,,,,,,,,,,,,
36,,25159,0.04157261550426483,0.026048369705677032,0.204447939991951,0.0053068045526742935,0.021740997210144997,0.013866131193935871,0.13142096996307373,0.0064088283106684685,0.04215126857161522,0.033328503370285034,0.10725489258766174,0.23530279099941254,0.0052899811416864395,2.0748369693756104,0.03977346047759056,,,,,,,,,,,,,,,
,0.00011090098092099136,25169,,,,,,,,,,,,,,,,,,,,,,,,,,,,,,
36,,25169,0.03641602396965027,0.033755917102098465,0.18876150250434875,0.0008392301970161498,0.0251432117074728,0.00794605165719986,0.11171834915876389,0.004890539683401585,0.031247643753886223,0.04035293683409691,0.11189408600330353,0.20953625440597534,0.00022890222317073494,2.082646131515503,0.05790313705801964,,,,,,,,,,,,,,,
,0.00011077549951721933,25179,,,,,,,,,,,,,,,,,,,,,,,,,,,,,,
36,,25179,0.038171254098415375,0.01220435369759798,0.14676713943481445,0.0006107016815803945,0.019884012639522552,0.009870038367807865,0.09358317404985428,0.006902989000082016,0.04728906974196434,0.005732627585530281,0.11238901317119598,0.19400468468666077,0.000363226979970932,2.108177423477173,0.047338828444480896,,,,,,,,,,,,,,,
,0.00011065004757076496,25189,,,,,,,,,,,,,,,,,,,,,,,,,,,,,,
36,,25189,0.02565840072929859,0.02247251197695732,0.17228169739246368,0.0021342113614082336,0.023338722065091133,0.0047061690129339695,0.09433753788471222,0.003513334784656763,0.05863982439041138,0.016024302691221237,0.10506374388933182,0.20929208397865295,0.0006168005056679249,2.0984702110290527,0.052322160452604294,,,,,,,,,,,,,,,
,0.00011052462517584168,25199,,,,,,,,,,,,,,,,,,,,,,,,,,,,,,
36,,25199,0.03851687163114548,0.013968597166240215,0.11969587951898575,0.0002901152765844017,0.01871785707771778,0.004860959481447935,0.0730794370174408,0.0038117491640150547,0.03041943535208702,0.04666430503129959,0.106904536485672,0.1628953367471695,0.0008491168264299631,2.079602003097534,0.04336633160710335,,,,,,,,,,,,,,,
,0.00011039923242664085,25209,,,,,,,,,,,,,,,,,,,,,,,,,,,,,,
36,,25209,0.04290526732802391,0.015183527022600174,0.16465459764003754,0.00025945089873857796,0.03099585883319378,0.0077270520851016045,0.09039165824651718,0.007315591908991337,0.0676538348197937,0.017745956778526306,0.12616562843322754,0.2369743287563324,0.002103885868564248,2.069287061691284,0.06871245801448822,,,,,,,,,,,,,,,
,0.00011027386941733147,25219,,,,,,,,,,,,,,,,,,,,,,,,,,,,,,
36,,25219,0.04613731428980827,0.0232123713940382,0.2541782557964325,0.005026285536587238,0.04324926435947418,0.0060261450707912445,0.14270204305648804,0.00524301128461957,0.102230966091156,0.02085547149181366,0.15587738156318665,0.3400929272174835,0.0005713194259442389,2.0777626037597656,0.11536530405282974,,,,,,,,,,,,,,,
,0.00011014853624206023,25229,,,,,,,,,,,,,,,,,,,,,,,,,,,,,,
36,,25229,0.03932252898812294,0.009133298881351948,0.1061374768614769,0.0016063289949670434,0.021074293181300163,0.002771069062873721,0.07437127828598022,0.007272040471434593,0.0723828598856926,0.03908092528581619,0.1001577228307724,0.19911828637123108,0.0005273543065413833,2.0949089527130127,0.0367775596678257,,,,,,,,,,,,,,,
,0.00011002323299495158,25239,,,,,,,,,,,,,,,,,,,,,,,,,,,,,,
36,,25239,0.03807065263390541,0.023216798901557922,0.2200498729944229,0.005758803337812424,0.03819679096341133,0.005837913136929274,0.12525685131549835,0.004971493035554886,0.06518038362264633,0.04019361734390259,0.1464099884033203,0.27801623940467834,0.005380438175052404,2.094733953475952,0.07764901965856552,,,,,,,,,,,,,,,
,0.00010989795977010722,25249,,,,,,,,,,,,,,,,,,,,,,,,,,,,,,
36,,25249,0.03210318833589554,0.01944584585726261,0.15289080142974854,0.0009134248830378056,0.01772361621260643,0.008202560245990753,0.09169410169124603,0.00917859561741352,0.042913634330034256,0.027378948405385017,0.10408248752355576,0.19482479989528656,0.0017788396216928959,2.0773465633392334,0.04654688388109207,,,,,,,,,,,,,,,
,0.00010977271666160653,25259,,,,,,,,,,,,,,,,,,,,,,,,,,,,,,
36,,25259,0.02313283458352089,0.02934575453400612,0.1779485046863556,0.0011912493500858545,0.034013792872428894,0.004250012803822756,0.1136566698551178,0.004756311420351267,0.029804665595293045,0.050102584064006805,0.13543495535850525,0.20730333030223846,0.00040683188126422465,2.0855050086975098,0.0693667083978653,,,,,,,,,,,,,,,
