epoch,lr-AdamW,step,train/accidental,train/downbeat,train/duration,train/grace,train/hand,train/keysignature,train/offset,train/pad,train/pitch,train/staccato,train/stem,train/total,train/trill,train/velocity,train/voice,val/accidental,val/downbeat,val/duration,val/grace,val/hand,val/keysignature,val/offset,val/pad,val/pitch,val/staccato,val/stem,val/total,val/trill,val/velocity,val/voice
,6.666666666666667e-06,9,,,,,,,,,,,,,,,,,,,,,,,,,,,,,,
0,,9,0.032349295914173126,0.028458433225750923,0.2598299980163574,0.001512125600129366,0.05013398453593254,0.004987787455320358,0.14664551615715027,0.004281487315893173,0.060998983681201935,0.03406196087598801,0.1670074611902237,0.29904577136039734,0.001188760856166482,2.1736347675323486,0.11785957217216492,,,,,,,,,,,,,,,
,1.3333333333333333e-05,19,,,,,,,,,,,,,,,,,,,,,,,,,,,,,,
0,,19,0.07243985682725906,0.026659831404685974,0.299325168132782,0.002960017416626215,0.04960529878735542,0.00848651397973299,0.18507510423660278,0.008007031865417957,0.11212298274040222,0.07350903004407883,0.21555015444755554,0.4194566011428833,0.0013008922105655074,2.1918437480926514,0.13778173923492432,,,,,,,,,,,,,,,
,2e-05,29,,,,,,,,,,,,,,,,,,,,,,,,,,,,,,
0,,29,0.03496183827519417,0.038595497608184814,0.30348992347717285,0.003449017647653818,0.05397037789225578,0.019005900248885155,0.18381890654563904,0.010129954665899277,0.06667889654636383,0.06866244971752167,0.17354436218738556,0.376961886882782,0.004857448861002922,2.1908936500549316,0.17973998188972473,,,,,,,,,,,,,,,
,2.6666666666666667e-05,39,,,,,,,,,,,,,,,,,,,,,,,,,,,,,,
0,,39,0.06006611883640289,0.023642657324671745,0.25378289818763733,0.004595394246280193,0.05450638756155968,0.01826748438179493,0.16891352832317352,0.009109681472182274,0.08786895871162415,0.06311947852373123,0.17843449115753174,0.3613377511501312,0.0011397766647860408,2.127143621444702,0.10951780527830124,,,,,,,,,,,,,,,
,3.3333333333333335e-05,49,,,,,,,,,,,,,,,,,,,,,,,,,,,,,,
0,,49,0.0778864324092865,0.036418020725250244,0.3443824350833893,0.007018617819994688,0.05781640484929085,0.010821794159710407,0.1764668971300125,0.008853591047227383,0.1189124807715416,0.047347232699394226,0.20800387859344482,0.4568093419075012,0.001307420781813562,2.1482014656066895,0.17069169878959656,,,,,,,,,,,,,,,
,4e-05,59,,,,,,,,,,,,,,,,,,,,,,,,,,,,,,
0,,59,0.06128307059407234,0.02653277851641178,0.29949548840522766,0.0017608444904908538,0.06448487192392349,0.008545723743736744,0.1969175785779953,0.012059096246957779,0.12769730389118195,0.05866092070937157,0.1966521292924881,0.43257421255111694,0.0013394677080214024,2.112922191619873,0.1362040638923645,,,,,,,,,,,,,,,
,4.666666666666667e-05,69,,,,,,,,,,,,,,,,,,,,,,,,,,,,,,
0,,69,0.061460454016923904,0.021209431812167168,0.29311054944992065,0.003514630952849984,0.06776785105466843,0.007026145234704018,0.19666291773319244,0.013370419852435589,0.09816347062587738,0.10226205736398697,0.19692382216453552,0.4083279073238373,0.0035721133463084698,2.1237876415252686,0.12738434970378876,,,,,,,,,,,,,,,
,5.333333333333333e-05,79,,,,,,,,,,,,,,,,,,,,,,,,,,,,,,
0,,79,0.03817153349518776,0.03226914629340172,0.3209802806377411,0.002879175590351224,0.04217427596449852,0.0037301965057849884,0.18566234409809113,0.005433373618870974,0.03757135197520256,0.0734705775976181,0.18731094896793365,0.3308638632297516,0.005963120609521866,2.1407721042633057,0.14474113285541534,,,,,,,,,,,,,,,
,6e-05,89,,,,,,,,,,,,,,,,,,,,,,,,,,,,,,
0,,89,0.02557147853076458,0.03220457211136818,0.20601758360862732,0.003450025338679552,0.02873755432665348,0.007981853559613228,0.1554715931415558,0.005121822468936443,0.044763293117284775,0.0452580451965332,0.14432202279567719,0.2527342140674591,0.0009539025486446917,2.141538381576538,0.08425338566303253,,,,,,,,,,,,,,,
,6.666666666666667e-05,99,,,,,,,,,,,,,,,,,,,,,,,,,,,,,,
0,,99,0.028824441134929657,0.01857965998351574,0.22214075922966003,0.003216622630134225,0.04303225502371788,0.0056671625934541225,0.13712835311889648,0.004432475194334984,0.08854501694440842,0.02977348491549492,0.16114823520183563,0.29959234595298767,0.0024150246754288673,2.1307029724121094,0.09309162944555283,,,,,,,,,,,,,,,
,7.333333333333333e-05,109,,,,,,,,,,,,,,,,,,,,,,,,,,,,,,
0,,109,0.06697830557823181,0.018340418115258217,0.22073045372962952,0.0018819387769326568,0.049798037856817245,0.014380233362317085,0.18114635348320007,0.01634007692337036,0.13560593128204346,0.057079847902059555,0.17580847442150116,0.40509647130966187,0.0019586682319641113,2.0984864234924316,0.11205176264047623,,,,,,,,,,,,,,,
,8e-05,119,,,,,,,,,,,,,,,,,,,,,,,,,,,,,,
0,,119,0.0561261847615242,0.019366610795259476,0.2060122787952423,0.0028205299749970436,0.05111966282129288,0.014875001274049282,0.14984308183193207,0.014024117961525917,0.12199380993843079,0.08547486364841461,0.17722518742084503,0.38267025351524353,0.0021840673871338367,2.1328365802764893,0.12696626782417297,,,,,,,,,,,,,,,
,8.666666666666667e-05,129,,,,,,,,,,,,,,,,,,,,,,,,,,,,,,
0,,129,0.050823066383600235,0.0337328240275383,0.35201597213745117,0.008835130371153355,0.08771837502717972,0.009447605349123478,0.24385209381580353,0.009000038728117943,0.21183465421199799,0.05390247702598572,0.20403450727462769,0.5587595105171204,0.003700148779898882,2.1406383514404297,0.14790435135364532,,,,,,,,,,,,,,,
,9.333333333333334e-05,139,,,,,,,,,,,,,,,,,,,,,,,,,,,,,,
0,,139,0.0636797845363617,0.029083676636219025,0.24827700853347778,0.0019977560732513666,0.05076206102967262,0.021244337782263756,0.20988337695598602,0.009800207801163197,0.08550891280174255,0.03359348326921463,0.17332875728607178,0.36446383595466614,0.0029012486338615417,2.1571123600006104,0.10270296037197113,,,,,,,,,,,,,,,
,0.0001,149,,,,,,,,,,,,,,,,,,,,,,,,,,,,,,
0,,149,0.16177399456501007,0.03203490003943443,0.4113292396068573,0.0031156546901911497,0.09759111702442169,0.012590017169713974,0.26279759407043457,0.010822969488799572,0.2881745994091034,0.0979224368929863,0.24614965915679932,0.7481927275657654,0.005474932491779327,2.159454345703125,0.2106477916240692,,,,,,,,,,,,,,,
,0.00010666666666666667,159,,,,,,,,,,,,,,,,,,,,,,,,,,,,,,
0,,159,0.09401532262563705,0.04630650207400322,0.26655083894729614,0.0019078860059380531,0.04504774510860443,0.012400586158037186,0.17017580568790436,0.007059785071760416,0.10185327380895615,0.04471200704574585,0.19066037237644196,0.399983286857605,0.001444994006305933,2.1411049365997314,0.12458931654691696,,,,,,,,,,,,,,,
,0.00011333333333333334,169,,,,,,,,,,,,,,,,,,,,,,,,,,,,,,
0,,169,0.08923576772212982,0.01797495223581791,0.22405536472797394,0.00455056969076395,0.06081409379839897,0.013793590478599072,0.15953350067138672,0.015360815450549126,0.1566629558801651,0.04467010125517845,0.17846572399139404,0.4318016469478607,0.0014956156956031919,2.1641714572906494,0.10109936445951462,,,,,,,,,,,,,,,
,0.00012,179,,,,,,,,,,,,,,,,,,,,,,,,,,,,,,
0,,179,0.054306402802467346,0.015655791386961937,0.2088455855846405,0.00213515548966825,0.033836282789707184,0.008014771156013012,0.1038103699684143,0.007662343792617321,0.06760071963071823,0.03059939481317997,0.15398237109184265,0.2765202522277832,0.0015256785554811358,2.1485228538513184,0.0924057886004448,,,,,,,,,,,,,,,
,0.00012666666666666666,189,,,,,,,,,,,,,,,,,,,,,,,,,,,,,,
0,,189,0.045767851173877716,0.05221051350235939,0.3678748607635498,0.0011893396731466055,0.07244271039962769,0.011434722691774368,0.28438958525657654,0.00860714539885521,0.10955377668142319,0.051076944917440414,0.20824852585792542,0.4699130654335022,0.007508115377277136,2.133348226547241,0.1489579826593399,,,,,,,,,,,,,,,
,0.00013333333333333334,199,,,,,,,,,,,,,,,,,,,,,,,,,,,,,,
0,,199,0.05529884621500969,0.032868269830942154,0.34347429871559143,0.004348032176494598,0.0525391586124897,0.006645407527685165,0.2210078239440918,0.00593338068574667,0.06806184351444244,0.033347807824611664,0.2085169404745102,0.38328808546066284,0.004313633311539888,2.1923508644104004,0.12792383134365082,,,,,,,,,,,,,,,
,0.00014,209,,,,,,,,,,,,,,,,,,,,,,,,,,,,,,
0,,209,0.07666419446468353,0.04673018306493759,0.20012959837913513,0.0007090656436048448,0.0378027968108654,0.006506612524390221,0.16712221503257751,0.010097036138176918,0.09039835631847382,0.03389918804168701,0.17335574328899384,0.3422917425632477,0.001195357646793127,2.1679880619049072,0.09529425203800201,,,,,,,,,,,,,,,
,0.00014666666666666666,219,,,,,,,,,,,,,,,,,,,,,,,,,,,,,,
0,,219,0.07185098528862,0.016454854980111122,0.1903838962316513,0.0035099571105092764,0.04502500221133232,0.008833687752485275,0.12872159481048584,0.00998636707663536,0.10006660968065262,0.030043356120586395,0.162037193775177,0.32479143142700195,0.0014293597778305411,2.134561777114868,0.08469703048467636,,,,,,,,,,,,,,,
,0.00015333333333333334,229,,,,,,,,,,,,,,,,,,,,,,,,,,,,,,
0,,229,0.0743822529911995,0.021957045421004295,0.20689402520656586,0.0003514641721267253,0.06002628803253174,0.010028199292719364,0.15020892024040222,0.009762880392372608,0.13124854862689972,0.05418320745229721,0.1758759766817093,0.3880728483200073,0.00021963618928566575,2.104423761367798,0.1252419352531433,,,,,,,,,,,,,,,
,0.00016,239,,,,,,,,,,,,,,,,,,,,,,,,,,,,,,
0,,239,0.08407239615917206,0.018426084890961647,0.2567102313041687,0.0030296596232801676,0.07879586517810822,0.009171202778816223,0.1688721477985382,0.01691560074687004,0.16417114436626434,0.07220514118671417,0.21440549194812775,0.48492032289505005,0.001044931006617844,2.1189284324645996,0.1770826280117035,,,,,,,,,,,,,,,
,0.0001666666666666667,249,,,,,,,,,,,,,,,,,,,,,,,,,,,,,,
0,,249,0.036256562918424606,0.03270754590630531,0.27957579493522644,0.007171451114118099,0.050362467765808105,0.014023859985172749,0.19606105983257294,0.008424204774200916,0.09997660666704178,0.04810112342238426,0.18930436670780182,0.38252580165863037,0.002498504938557744,2.1584248542785645,0.1189238429069519,,,,,,,,,,,,,,,
,0.00017333333333333334,259,,,,,,,,,,,,,,,,,,,,,,,,,,,,,,
0,,259,0.07418292760848999,0.020189791917800903,0.2785385549068451,0.0004184057761449367,0.05059952661395073,0.014009421691298485,0.15371586382389069,0.00784219615161419,0.09131216257810593,0.036408185958862305,0.1891045719385147,0.3711518347263336,0.0008597767446190119,2.1154608726501465,0.13541561365127563,,,,,,,,,,,,,,,
,0.00018,269,,,,,,,,,,,,,,,,,,,,,,,,,,,,,,
0,,269,0.07541250437498093,0.028365984559059143,0.28890588879585266,0.00361996004357934,0.07966616749763489,0.013978717848658562,0.21442492306232452,0.02146274968981743,0.15111711621284485,0.08216553926467896,0.19444333016872406,0.4890618920326233,0.0004419590695761144,2.1720190048217773,0.14990007877349854,,,,,,,,,,,,,,,
,0.0001866666666666667,279,,,,,,,,,,,,,,,,,,,,,,,,,,,,,,
0,,279,0.05347077548503876,0.032013002783060074,0.35463133454322815,0.001718963379971683,0.0802590474486351,0.006919337902218103,0.23639489710330963,0.007792276330292225,0.0949990376830101,0.04878411069512367,0.1894228458404541,0.4326784908771515,0.0026365560479462147,2.1691298484802246,0.17258773744106293,,,,,,,,,,,,,,,
,0.00019333333333333333,289,,,,,,,,,,,,,,,,,,,,,,,,,,,,,,
0,,289,0.09227096289396286,0.01880708523094654,0.2587473690509796,0.0017274068668484688,0.05774926021695137,0.014287371188402176,0.15991844236850739,0.006144518963992596,0.19764620065689087,0.02848293073475361,0.19319148361682892,0.4832393527030945,0.00197841739282012,2.146552801132202,0.1332964152097702,,,,,,,,,,,,,,,
,0.0002,299,,,,,,,,,,,,,,,,,,,,,,,,,,,,,,
0,,299,0.06177763268351555,0.027187326923012733,0.20615486800670624,0.00345409382134676,0.052621517330408096,0.02326824888586998,0.1415424942970276,0.013497740961611271,0.10412641614675522,0.07055171579122543,0.18183179199695587,0.36896660923957825,0.0025552765000611544,2.1346497535705566,0.11532878875732422,,,,,,,,,,,,,,,
,0.00019999960893209541,309,,,,,,,,,,,,,,,,,,,,,,,,,,,,,,
0,,309,0.05099621042609215,0.026956457644701004,0.28782591223716736,0.004875804763287306,0.06242182105779648,0.009808506816625595,0.21995553374290466,0.01215536892414093,0.09076877683401108,0.06935440003871918,0.20092624425888062,0.3934929668903351,0.002106152940541506,2.1491377353668213,0.116238072514534,,,,,,,,,,,,,,,
,0.00019999825709635208,319,,,,,,,,,,,,,,,,,,,,,,,,,,,,,,
0,,319,0.06692052632570267,0.018442079424858093,0.322539746761322,0.0022346097975969315,0.05752558261156082,0.025798330083489418,0.19471760094165802,0.018540918827056885,0.12899881601333618,0.07416585832834244,0.22214201092720032,0.4651303291320801,0.0009471558150835335,2.1299946308135986,0.15098854899406433,,,,,,,,,,,,,,,
,0.00019999593967782143,329,,,,,,,,,,,,,,,,,,,,,,,,,,,,,,
0,,329,0.04629591107368469,0.025267042219638824,0.20528708398342133,0.002027752110734582,0.04205691069364548,0.008710258640348911,0.15373210608959198,0.006348313298076391,0.07307945191860199,0.04260248318314552,0.1763402372598648,0.2970050573348999,0.001921876217238605,2.1558163166046143,0.07941987365484238,,,,,,,,,,,,,,,
,0.00019999265669888038,339,,,,,,,,,,,,,,,,,,,,,,,,,,,,,,
0,,339,0.08047426491975784,0.021679406985640526,0.24009472131729126,0.0022681965492665768,0.04232630133628845,0.01024966686964035,0.15771083533763885,0.010439319536089897,0.12373066693544388,0.05762261152267456,0.18120692670345306,0.4008549153804779,0.008867817930877209,2.114030122756958,0.1153089627623558,,,,,,,,,,,,,,,
,0.00019998840819122944,349,,,,,,,,,,,,,,,,,,,,,,,,,,,,,,
0,,349,0.05527394264936447,0.024859389290213585,0.28178608417510986,0.0022811435628682375,0.06044723838567734,0.016439421102404594,0.19459353387355804,0.008459864184260368,0.10049617290496826,0.05614249408245087,0.16388604044914246,0.39275801181793213,0.0006017938139848411,2.110426425933838,0.15207993984222412,,,,,,,,,,,,,,,
,0.00019998319419589215,359,,,,,,,,,,,,,,,,,,,,,,,,,,,,,,
0,,359,0.04728689789772034,0.018633263185620308,0.2345668375492096,0.002056292025372386,0.051973529160022736,0.021100716665387154,0.1644582897424698,0.007706993259489536,0.1000828668475151,0.04243173077702522,0.1654479205608368,0.3505757451057434,0.0014151514042168856,2.1441965103149414,0.11244997382164001,,,,,,,,,,,,,,,
,0.00019997701476321482,369,,,,,,,,,,,,,,,,,,,,,,,,,,,,,,
0,,369,0.08709519356489182,0.02248537912964821,0.288278728723526,0.0034594619646668434,0.06465476751327515,0.009535416029393673,0.22490274906158447,0.012151379138231277,0.21036234498023987,0.05808445066213608,0.19656889140605927,0.5363008975982666,0.0019198453519493341,2.1139585971832275,0.14732974767684937,,,,,,,,,,,,,,,
,0.00019996986995286605,379,,,,,,,,,,,,,,,,,,,,,,,,,,,,,,
0,,379,0.06596377491950989,0.016530754044651985,0.22203512489795685,0.0025871731340885162,0.05075564980506897,0.010248428210616112,0.14086170494556427,0.0046409242786467075,0.08890247344970703,0.06512317806482315,0.16076695919036865,0.3348146975040436,0.00045161685557104647,2.0934524536132812,0.12359117716550827,,,,,,,,,,,,,,,
,0.00019996175983383606,389,,,,,,,,,,,,,,,,,,,,,,,,,,,,,,
0,,389,0.07035846263170242,0.04512901231646538,0.31254976987838745,0.005456496030092239,0.06212328374385834,0.009254292584955692,0.25584328174591064,0.008156973868608475,0.12033441662788391,0.06441489607095718,0.20817731320858002,0.4660341441631317,0.0016853786073625088,2.168762683868408,0.15996204316616058,,,,,,,,,,,,,,,
,0.00019995268448443616,399,,,,,,,,,,,,,,,,,,,,,,,,,,,,,,
0,,399,0.060131411999464035,0.02867959812283516,0.2524442970752716,0.004238211549818516,0.06354846060276031,0.015269969590008259,0.18215911090373993,0.008832165971398354,0.08731167763471603,0.039861686527729034,0.18809227645397186,0.3736485540866852,0.002793890191242099,2.166628122329712,0.13514059782028198,,,,,,,,,,,,,,,
,0.00019994264399229793,409,,,,,,,,,,,,,,,,,,,,,,,,,,,,,,
0,,409,0.052380338311195374,0.028812050819396973,0.2761189937591553,0.0031958986073732376,0.05350342392921448,0.006838832050561905,0.16353504359722137,0.009026097133755684,0.08042097091674805,0.042403772473335266,0.16237041354179382,0.3456876575946808,0.0004933543968945742,2.108743667602539,0.11828988045454025,,,,,,,,,,,,,,,
,0.00019993163845437222,419,,,,,,,,,,,,,,,,,,,,,,,,,,,,,,
0,,419,0.06080710515379906,0.018456745892763138,0.19932594895362854,0.0028022879268974066,0.05302577465772629,0.007341728080064058,0.15774449706077576,0.008329790085554123,0.10841266065835953,0.05026630684733391,0.1884138584136963,0.35872605443000793,0.0022476736921817064,2.142479419708252,0.12587828934192657,,,,,,,,,,,,,,,
,0.00019991966797692855,429,,,,,,,,,,,,,,,,,,,,,,,,,,,,,,
0,,429,0.06678418070077896,0.020545756444334984,0.3330022096633911,0.0024817981757223606,0.0552876852452755,0.014574731700122356,0.18363216519355774,0.008083398453891277,0.07683685421943665,0.026574883610010147,0.18852931261062622,0.381965309381485,0.005321610253304243,2.1671619415283203,0.13007044792175293,,,,,,,,,,,,,,,
,0.00019990673267555377,439,,,,,,,,,,,,,,,,,,,,,,,,,,,,,,
0,,439,0.037048086524009705,0.08492103964090347,0.44469115138053894,0.005012853071093559,0.10798729956150055,0.007977521978318691,0.3212614059448242,0.0035405198577791452,0.16928373277187347,0.08983738720417023,0.2527967691421509,0.6064431667327881,0.004804996773600578,2.1562607288360596,0.20855121314525604,,,,,,,,,,,,,,,
,0.0001998928326751511,449,,,,,,,,,,,,,,,,,,,,,,,,,,,,,,
0,,449,0.05418597161769867,0.032293304800987244,0.3700074255466461,0.0019988003186881542,0.06757926195859909,0.015485680662095547,0.2092263549566269,0.00437829177826643,0.08288590610027313,0.07192526757717133,0.2165078967809677,0.41718530654907227,0.0021063017193228006,2.122856378555298,0.1458960920572281,,,,,,,,,,,,,,,
,0.00019987796810993892,459,,,,,,,,,,,,,,,,,,,,,,,,,,,,,,
0,,459,0.054536495357751846,0.05659899860620499,0.33266979455947876,0.0054651666432619095,0.07433939725160599,0.00923429150134325,0.2160061001777649,0.009579066187143326,0.07626006007194519,0.0772257000207901,0.20118850469589233,0.4250284433364868,0.002211160957813263,2.1362197399139404,0.17593039572238922,,,,,,,,,,,,,,,
,0.00019986213912344937,469,,,,,,,,,,,,,,,,,,,,,,,,,,,,,,
0,,469,0.04987712949514389,0.02721499465405941,0.273238867521286,0.004548689816147089,0.047860145568847656,0.007097464986145496,0.19812966883182526,0.008442183956503868,0.09687444567680359,0.05198242515325546,0.16108307242393494,0.3796086013317108,0.007807758171111345,2.1638851165771484,0.13026373088359833,,,,,,,,,,,,,,,
,0.00019984534586852713,479,,,,,,,,,,,,,,,,,,,,,,,,,,,,,,
0,,479,0.050900574773550034,0.02431381680071354,0.2834895849227905,0.009006970562040806,0.05069664120674133,0.011249277740716934,0.15987682342529297,0.011557664722204208,0.10883599519729614,0.025729767978191376,0.1902051717042923,0.38982027769088745,0.0022085215896368027,2.1389732360839844,0.1260664165019989,,,,,,,,,,,,,,,
,0.00019982758850732777,489,,,,,,,,,,,,,,,,,,,,,,,,,,,,,,
0,,489,0.05232475325465202,0.02479691058397293,0.2614888846874237,0.0019017561571672559,0.05578964948654175,0.006678388919681311,0.16463156044483185,0.010835336521267891,0.10082791745662689,0.04993131011724472,0.19081121683120728,0.37485748529434204,0.0034987253602594137,2.1533710956573486,0.13056495785713196,,,,,,,,,,,,,,,
,0.00019980886721131632,499,,,,,,,,,,,,,,,,,,,,,,,,,,,,,,
0,,499,0.06618838012218475,0.02964767999947071,0.323495477437973,0.003407403826713562,0.06137882173061371,0.004970933776348829,0.23184986412525177,0.010504912585020065,0.08059399574995041,0.05941852927207947,0.2057868391275406,0.410616397857666,0.007359066046774387,2.134277582168579,0.13628768920898438,,,,,,,,,,,,,,,
,0.0001997891821612655,509,,,,,,,,,,,,,,,,,,,,,,,,,,,,,,
0,,509,0.07430066168308258,0.03890741989016533,0.2769753634929657,0.004979299381375313,0.05457894131541252,0.006971851922571659,0.22759342193603516,0.01547886524349451,0.1299770474433899,0.06147151440382004,0.17615938186645508,0.4420739710330963,0.0013475206214934587,2.1514627933502197,0.12001247704029083,,,,,,,,,,,,,,,
,0.00019976853354725414,519,,,,,,,,,,,,,,,,,,,,,,,,,,,,,,
0,,519,0.04996641352772713,0.016360798850655556,0.20672361552715302,0.004409691784530878,0.04135623946785927,0.010535444132983685,0.1511082947254181,0.008660970255732536,0.09232151508331299,0.04846591502428055,0.14618881046772003,0.3221668303012848,0.0030884742736816406,2.1486423015594482,0.1008337214589119,,,,,,,,,,,,,,,
,0.00019974692156866515,529,,,,,,,,,,,,,,,,,,,,,,,,,,,,,,
0,,529,0.04850734397768974,0.03939078003168106,0.21326276659965515,0.002534416737034917,0.061282746493816376,0.010830842889845371,0.18258675932884216,0.011524425819516182,0.08389496058225632,0.04463282972574234,0.17997495830059052,0.34741875529289246,0.0011479216627776623,2.1679799556732178,0.11751837283372879,,,,,,,,,,,,,,,
,0.00019972434643418367,539,,,,,,,,,,,,,,,,,,,,,,,,,,,,,,
0,,539,0.06825121492147446,0.026326684281229973,0.2311902940273285,0.0019967954140156507,0.04224284365773201,0.022269224748015404,0.17905005812644958,0.015388347208499908,0.10600270330905914,0.04590066149830818,0.17592664062976837,0.384334534406662,0.006903311237692833,2.134854316711426,0.10500568896532059,,,,,,,,,,,,,,,
,0.0001997008083617952,549,,,,,,,,,,,,,,,,,,,,,,,,,,,,,,
0,,549,0.06964021176099777,0.02030717395246029,0.26759517192840576,0.005864193197339773,0.05216945707798004,0.01410919614136219,0.17128971219062805,0.008860391564667225,0.08514051884412766,0.0352289155125618,0.16852328181266785,0.37569138407707214,0.0041971770115196705,2.1182589530944824,0.15499721467494965,,,,,,,,,,,,,,,
,0.00019967630757878322,559,,,,,,,,,,,,,,,,,,,,,,,,,,,,,,
0,,559,0.058000609278678894,0.031907111406326294,0.3201534152030945,0.004019120708107948,0.04548468813300133,0.008057123981416225,0.1765105277299881,0.007174625527113676,0.07664252072572708,0.06176062300801277,0.1987215131521225,0.3698805868625641,0.0006743661942891777,2.110837459564209,0.11675016582012177,,,,,,,,,,,,,,,
,0.0001996508443217272,569,,,,,,,,,,,,,,,,,,,,,,,,,,,,,,
0,,569,0.0633905902504921,0.01872422732412815,0.230268657207489,0.002399532124400139,0.06354551017284393,0.0282575860619545,0.13605833053588867,0.003924048040062189,0.05962071940302849,0.036702267825603485,0.18177644908428192,0.32211390137672424,0.0009425035677850246,2.1544222831726074,0.1369037628173828,,,,,,,,,,,,,,,
,0.00019962441883650028,579,,,,,,,,,,,,,,,,,,,,,,,,,,,,,,
0,,579,0.09538400173187256,0.021181082352995872,0.2661973536014557,0.0008021692046895623,0.060915276408195496,0.02143477089703083,0.1948024332523346,0.007179229985922575,0.22372479736804962,0.05302754417061806,0.1719285398721695,0.5284411311149597,0.004730053711682558,2.1600711345672607,0.12998205423355103,,,,,,,,,,,,,,,
,0.0001995970313782668,589,,,,,,,,,,,,,,,,,,,,,,,,,,,,,,
0,,589,0.04629267007112503,0.017081473022699356,0.20879293978214264,0.0032726856879889965,0.048815786838531494,0.008954846300184727,0.15208537876605988,0.013487218879163265,0.09603870660066605,0.03791016712784767,0.1579372137784958,0.33194291591644287,0.0018545901402831078,2.1622159481048584,0.10898742824792862,,,,,,,,,,,,,,,
,0.00019956868221148,599,,,,,,,,,,,,,,,,,,,,,,,,,,,,,,
0,,599,0.05371380224823952,0.04157465323805809,0.3217965066432953,0.0033473267685621977,0.05381224676966667,0.010513664223253727,0.24472074210643768,0.013096100650727749,0.11580546945333481,0.04290085658431053,0.17763596773147583,0.4308541417121887,0.0048509822227060795,2.0952160358428955,0.10625370591878891,,,,,,,,,,,,,,,
,0.00019953937160987928,609,,,,,,,,,,,,,,,,,,,,,,,,,,,,,,
0,,609,0.06570947170257568,0.026236098259687424,0.28861650824546814,0.002037751255556941,0.07488778233528137,0.009820553474128246,0.2203138768672943,0.0126344608142972,0.14908896386623383,0.06395421177148819,0.1793336570262909,0.46496158838272095,0.00038921041414141655,2.076016426086426,0.15568828582763672,,,,,,,,,,,,,,,
,0.00019950909985648772,619,,,,,,,,,,,,,,,,,,,,,,,,,,,,,,
0,,619,0.054889872670173645,0.05235381796956062,0.3013092279434204,0.00405342411249876,0.05215995013713837,0.014580508694052696,0.22113767266273499,0.008495795540511608,0.08393574506044388,0.06765137612819672,0.19584333896636963,0.39302924275398254,0.000593923032283783,2.130593776702881,0.10746701806783676,,,,,,,,,,,,,,,
,0.00019947786724360924,629,,,,,,,,,,,,,,,,,,,,,,,,,,,,,,
0,,629,0.08519637584686279,0.03104732558131218,0.27518388628959656,0.0035653836093842983,0.06321046501398087,0.01823197677731514,0.192214235663414,0.019532460719347,0.18148863315582275,0.05592234805226326,0.21597515046596527,0.5098551511764526,0.0030732862651348114,2.098618507385254,0.13355857133865356,,,,,,,,,,,,,,,
,0.00019944567407282588,639,,,,,,,,,,,,,,,,,,,,,,,,,,,,,,
0,,639,0.07094814628362656,0.015840763226151466,0.21861104667186737,0.0018591787666082382,0.04645355045795441,0.011978033930063248,0.15736261010169983,0.020150253549218178,0.1496138721704483,0.05253297835588455,0.16763639450073242,0.41640782356262207,0.0015572943957522511,2.1605424880981445,0.12494415044784546,,,,,,,,,,,,,,,
,0.00019941252065499473,649,,,,,,,,,,,,,,,,,,,,,,,,,,,,,,
0,,649,0.06014447659254074,0.023471318185329437,0.2251901477575302,0.0024184114299714565,0.04903131723403931,0.006476885639131069,0.1366279125213623,0.0049123805947601795,0.09616932272911072,0.06230788305401802,0.15840013325214386,0.3413311243057251,0.005862655583769083,2.1751015186309814,0.11423689126968384,,,,,,,,,,,,,,,
,0.00019937840731024508,659,,,,,,,,,,,,,,,,,,,,,,,,,,,,,,
0,,659,0.05122554674744606,0.02596542052924633,0.24632364511489868,0.0021289479918777943,0.04452577233314514,0.008928761817514896,0.1543494164943695,0.021313849836587906,0.11941766738891602,0.05512770637869835,0.1663045436143875,0.3820284605026245,0.0013670687330886722,2.1304514408111572,0.10730543732643127,,,,,,,,,,,,,,,
,0.00019934333436797522,669,,,,,,,,,,,,,,,,,,,,,,,,,,,,,,
0,,669,0.0696387067437172,0.03227013722062111,0.26071983575820923,0.000991795095615089,0.05897187069058418,0.008817327208817005,0.1744682490825653,0.010339581407606602,0.11566633731126785,0.038252558559179306,0.18650409579277039,0.39986905455589294,0.003197273937985301,2.1662960052490234,0.12641099095344543,,,,,,,,,,,,,,,
,0.00019930730216684937,679,,,,,,,,,,,,,,,,,,,,,,,,,,,,,,
0,,679,0.07047691196203232,0.020115207880735397,0.2626160979270935,0.004963552113622427,0.05228611081838608,0.009808731265366077,0.17599909007549286,0.011971399188041687,0.1638135015964508,0.03208442032337189,0.1868140697479248,0.4414823055267334,0.0027154015842825174,2.135411500930786,0.10599309206008911,,,,,,,,,,,,,,,
,0.00019927031105479434,689,,,,,,,,,,,,,,,,,,,,,,,,,,,,,,
0,,689,0.052588995546102524,0.0311429500579834,0.20156754553318024,0.0037672752514481544,0.04927869513630867,0.011641863733530045,0.17939764261245728,0.010036710649728775,0.11772708594799042,0.056111983954906464,0.15855570137500763,0.36245226860046387,0.001875421148724854,2.125441789627075,0.08901955932378769,,,,,,,,,,,,,,,
0,,694,,,,,,,,,,,,,,,,0.1584690809249878,0.039469171315431595,0.27211305499076843,0.0072800032794475555,0.06173223629593849,0.0018289656145498157,0.13643935322761536,0.020562710240483284,0.18258747458457947,0.06370478123426437,0.18085162341594696,0.5322022438049316,0.009872174821794033,2.096881628036499,0.13020116090774536
,0.00019923236138899618,699,,,,,,,,,,,,,,,,,,,,,,,,,,,,,,
1,,699,0.09925597906112671,0.016207346692681313,0.22539827227592468,0.009032596834003925,0.08058693259954453,0.01183940377086401,0.187303826212883,0.017544632777571678,0.176603302359581,0.0638694018125534,0.19605891406536102,0.49574488401412964,0.00022036212612874806,2.1638028621673584,0.15643012523651123,,,,,,,,,,,,,,,
,0.00019919345353589668,709,,,,,,,,,,,,,,,,,,,,,,,,,,,,,,
1,,709,0.04354742169380188,0.03749282285571098,0.26209986209869385,0.001189307658933103,0.04199321195483208,0.015100294724106789,0.17860586941242218,0.00541866198182106,0.04783309996128082,0.045597076416015625,0.1853833645582199,0.30298474431037903,0.0012205230304971337,2.1484124660491943,0.08435392379760742,,,,,,,,,,,,,,,
,0.00019915358787118994,719,,,,,,,,,,,,,,,,,,,,,,,,,,,,,,
1,,719,0.07059482485055923,0.03025149740278721,0.2808789312839508,0.0010745427571237087,0.051656726747751236,0.015186995267868042,0.2025686651468277,0.009128031320869923,0.11533572524785995,0.050119489431381226,0.1785542368888855,0.399259090423584,0.00025786494370549917,2.171373128890991,0.09140846133232117,,,,,,,,,,,,,,,
,0.00019911276477981867,729,,,,,,,,,,,,,,,,,,,,,,,,,,,,,,
1,,729,0.050619710236787796,0.026690585538744926,0.3082108497619629,0.001564081641845405,0.062356073409318924,0.01707041822373867,0.18548078835010529,0.008909993804991245,0.09143080562353134,0.06503832340240479,0.1910017728805542,0.3893066942691803,0.00034992024302482605,2.157790422439575,0.13384005427360535,,,,,,,,,,,,,,,
,0.00019907098465597045,739,,,,,,,,,,,,,,,,,,,,,,,,,,,,,,
1,,739,0.0699164867401123,0.017833268269896507,0.23003391921520233,0.0016325352480635047,0.05351725220680237,0.01474457886070013,0.1619303822517395,0.010720462538301945,0.14153218269348145,0.03774988651275635,0.17341747879981995,0.40078309178352356,0.0019960058853030205,2.1349592208862305,0.10740000754594803,,,,,,,,,,,,,,,
,0.00019902824790307404,749,,,,,,,,,,,,,,,,,,,,,,,,,,,,,,
1,,749,0.0514707937836647,0.01725151389837265,0.2737409174442291,0.0009062316385097802,0.042302440851926804,0.009835893288254738,0.16230662167072296,0.011639927513897419,0.09723972529172897,0.038564395159482956,0.19037020206451416,0.3554133176803589,0.0007554063340649009,2.162641763687134,0.10061606019735336,,,,,,,,,,,,,,,
,0.00019898455493379532,759,,,,,,,,,,,,,,,,,,,,,,,,,,,,,,
1,,759,0.04258286952972412,0.02027551457285881,0.29798009991645813,0.0056001003831624985,0.05399811267852783,0.006368846632540226,0.19815419614315033,0.013363909907639027,0.13764916360378265,0.07951923459768295,0.19298142194747925,0.4498322010040283,0.006885102018713951,2.1596968173980713,0.16930530965328217,,,,,,,,,,,,,,,
,0.0001989399061700335,769,,,,,,,,,,,,,,,,,,,,,,,,,,,,,,
1,,769,0.03875259682536125,0.024209005758166313,0.19315873086452484,0.0015820189146324992,0.03342027962207794,0.013100270181894302,0.13350342214107513,0.00536930188536644,0.056012339890003204,0.03408125415444374,0.14778314530849457,0.25980740785598755,0.0006332822958938777,2.179516315460205,0.08751025050878525,,,,,,,,,,,,,,,
,0.00019889430204291682,779,,,,,,,,,,,,,,,,,,,,,,,,,,,,,,
1,,779,0.05626785382628441,0.01865832507610321,0.2131929099559784,0.009633860550820827,0.0429401732981205,0.021211639046669006,0.14546597003936768,0.015301006846129894,0.11051490902900696,0.0340978279709816,0.196771502494812,0.3699658215045929,0.001971733057871461,2.128859519958496,0.10270961374044418,,,,,,,,,,,,,,,
,0.00019884774299279854,789,,,,,,,,,,,,,,,,,,,,,,,,,,,,,,
1,,789,0.04887855425477028,0.025265514850616455,0.23337425291538239,0.0018376301741227508,0.041948333382606506,0.009268743917346,0.1492258608341217,0.0076225330121815205,0.08918686956167221,0.06102835759520531,0.16664572060108185,0.3295888304710388,0.002012779237702489,2.1638946533203125,0.09819982200860977,,,,,,,,,,,,,,,
,0.0001988002294692527,799,,,,,,,,,,,,,,,,,,,,,,,,,,,,,,
1,,799,0.045814335346221924,0.028100131079554558,0.2874939739704132,0.0023705994244664907,0.04665260761976242,0.006635408382862806,0.19574885070323944,0.009743746370077133,0.07879304885864258,0.04358961433172226,0.17271040380001068,0.34873756766319275,0.00398647878319025,2.2010395526885986,0.09483227878808975,,,,,,,,,,,,,,,
,0.0001987517619310697,809,,,,,,,,,,,,,,,,,,,,,,,,,,,,,,
1,,809,0.035338930785655975,0.06640096008777618,0.2902471721172333,0.0018944457406178117,0.04568309709429741,0.018016241490840912,0.23157550394535065,0.00451476126909256,0.042579568922519684,0.03215394169092178,0.15957796573638916,0.33107173442840576,0.004410979337990284,2.160597562789917,0.10435502231121063,,,,,,,,,,,,,,,
,0.00019870234084625187,819,,,,,,,,,,,,,,,,,,,,,,,,,,,,,,
1,,819,0.06467356532812119,0.027138037607073784,0.27649080753326416,0.006056048907339573,0.04136442765593529,0.00848847534507513,0.17388080060482025,0.008612170815467834,0.10717069357633591,0.04137403517961502,0.16745683550834656,0.3800753653049469,0.004616003483533859,2.1391894817352295,0.09909404814243317,,,,,,,,,,,,,,,
,0.0001986519666920091,829,,,,,,,,,,,,,,,,,,,,,,,,,,,,,,
1,,829,0.057500340044498444,0.015607071109116077,0.20080998539924622,0.0037933560088276863,0.043605029582977295,0.009471949189901352,0.1268366128206253,0.006716698408126831,0.07694048434495926,0.06646399199962616,0.1648208349943161,0.308512806892395,0.0028213621117174625,2.1281163692474365,0.10908245295286179,,,,,,,,,,,,,,,
,0.00019860063995475396,839,,,,,,,,,,,,,,,,,,,,,,,,,,,,,,
1,,839,0.06089596450328827,0.028113149106502533,0.26211223006248474,0.005533563904464245,0.05993454158306122,0.016335876658558846,0.15718503296375275,0.011905821971595287,0.13598912954330444,0.07539916783571243,0.17466075718402863,0.42571237683296204,0.002906033070757985,2.1529061794281006,0.13453689217567444,,,,,,,,,,,,,,,
,0.00019854836113009723,849,,,,,,,,,,,,,,,,,,,,,,,,,,,,,,
1,,849,0.07982917875051498,0.04401742294430733,0.2997797429561615,0.0044692279770970345,0.07906372845172882,0.0168533343821764,0.22267374396324158,0.008580555208027363,0.1735890805721283,0.0531790591776371,0.2014792263507843,0.5138239860534668,0.0009869049536064267,2.108640670776367,0.15536338090896606,,,,,,,,,,,,,,,
,0.00019849513072284303,859,,,,,,,,,,,,,,,,,,,,,,,,,,,,,,
1,,859,0.04016023129224777,0.020339902490377426,0.23526631295681,0.002644239692017436,0.058273397386074066,0.007368925027549267,0.15892799198627472,0.011238476261496544,0.08044306933879852,0.06920881569385529,0.1891566962003708,0.34611976146698,0.007507808972150087,2.137038230895996,0.13097576797008514,,,,,,,,,,,,,,,
,0.00019844094924698405,869,,,,,,,,,,,,,,,,,,,,,,,,,,,,,,
1,,869,0.07698287069797516,0.030930351465940475,0.2544557750225067,0.0037196208722889423,0.04272308945655823,0.0178657379001379,0.18222200870513916,0.011275410652160645,0.10795348882675171,0.04016408696770668,0.17988291382789612,0.3903101682662964,0.0044717732816934586,2.212451696395874,0.09506413340568542,,,,,,,,,,,,,,,
,0.0001983858172256963,879,,,,,,,,,,,,,,,,,,,,,,,,,,,,,,
1,,879,0.056628596037626266,0.03152570128440857,0.29153165221214294,0.0017431657761335373,0.04188738018274307,0.0156962051987648,0.1816362887620926,0.006272696889936924,0.0890834704041481,0.03331815451383591,0.1682879626750946,0.3565305173397064,0.0010680690174922347,2.116140842437744,0.09198235720396042,,,,,,,,,,,,,,,
,0.00019832973519133445,889,,,,,,,,,,,,,,,,,,,,,,,,,,,,,,
1,,889,0.07798969745635986,0.02321847900748253,0.23682500422000885,0.0051103439182043076,0.05954945459961891,0.009868577122688293,0.14822028577327728,0.015365802682936192,0.09850489348173141,0.0650637149810791,0.19051212072372437,0.3910529613494873,0.0015333822229877114,2.095097064971924,0.15490038692951202,,,,,,,,,,,,,,,
,0.00019827270368542638,899,,,,,,,,,,,,,,,,,,,,,,,,,,,,,,
1,,899,0.08265027403831482,0.02259155921638012,0.27980098128318787,0.0015812622150406241,0.049275707453489304,0.014286503195762634,0.1977567821741104,0.009702619165182114,0.1204112097620964,0.046816859394311905,0.1883019357919693,0.41437938809394836,0.0014785034582018852,2.1206586360931396,0.11106470227241516,,,,,,,,,,,,,,,
,0.0001982147232586681,909,,,,,,,,,,,,,,,,,,,,,,,,,,,,,,
1,,909,0.08208776265382767,0.016807330772280693,0.26852744817733765,0.004331114236265421,0.056086838245391846,0.010646910406649113,0.1537511646747589,0.011160101741552353,0.11751725524663925,0.04656947776675224,0.19797714054584503,0.41177743673324585,0.002324070315808058,2.130429267883301,0.14585338532924652,,,,,,,,,,,,,,,
,0.00019815579447091838,919,,,,,,,,,,,,,,,,,,,,,,,,,,,,,,
1,,919,0.045498136430978775,0.0403035469353199,0.2693086564540863,0.003358157118782401,0.04819925129413605,0.007508173119276762,0.18120461702346802,0.00595747260376811,0.08724074065685272,0.06985664367675781,0.17098546028137207,0.3546636700630188,0.0011984155280515552,2.15878963470459,0.10488381236791611,,,,,,,,,,,,,,,
,0.00019809591789119338,929,,,,,,,,,,,,,,,,,,,,,,,,,,,,,,
1,,929,0.05794307589530945,0.026081211864948273,0.2404930144548416,0.006100464146584272,0.06514059007167816,0.01698688045144081,0.17834235727787018,0.012211632914841175,0.14374609291553497,0.04850950837135315,0.17732110619544983,0.4222569167613983,0.0023011609446257353,2.167640447616577,0.11413601040840149,,,,,,,,,,,,,,,
,0.0001980350940976611,939,,,,,,,,,,,,,,,,,,,,,,,,,,,,,,
1,,939,0.03671200945973396,0.02572324126958847,0.2779407203197479,0.002630080096423626,0.04929516837000847,0.0057428255677223206,0.1908745914697647,0.007216319441795349,0.14012937247753143,0.03208335489034653,0.19519157707691193,0.40632593631744385,0.0009217814076691866,2.1226718425750732,0.12212049961090088,,,,,,,,,,,,,,,
,0.00019797332367763585,949,,,,,,,,,,,,,,,,,,,,,,,,,,,,,,
1,,949,0.03547746688127518,0.026786906644701958,0.23123474419116974,0.0021100426092743874,0.046686653047800064,0.020130576565861702,0.14374206960201263,0.0072690523229539394,0.04821968078613281,0.045903269201517105,0.18447676301002502,0.30497658252716064,0.01632225699722767,2.1714625358581543,0.10592770576477051,,,,,,,,,,,,,,,
,0.00019791060722757262,959,,,,,,,,,,,,,,,,,,,,,,,,,,,,,,
1,,959,0.06250642240047455,0.040218133479356766,0.2615669369697571,0.0011901881080120802,0.046223655343055725,0.03447093069553375,0.18341626226902008,0.012708544731140137,0.10471513122320175,0.06363416463136673,0.1493464708328247,0.3898386061191559,0.0021864960435777903,2.1792008876800537,0.09722605347633362,,,,,,,,,,,,,,,
,0.0001978469453530612,969,,,,,,,,,,,,,,,,,,,,,,,,,,,,,,
1,,969,0.11137789487838745,0.02648826688528061,0.2716415822505951,0.0006917859427630901,0.07492922246456146,0.017871739342808723,0.18488049507141113,0.014534590765833855,0.22677838802337646,0.06536214798688889,0.2017635554075241,0.5571898221969604,0.0010056056780740619,2.1155478954315186,0.14119140803813934,,,,,,,,,,,,,,,
,0.00019778233866882036,979,,,,,,,,,,,,,,,,,,,,,,,,,,,,,,
1,,979,0.05492810159921646,0.03537413850426674,0.2541399598121643,0.0030216993764042854,0.053560540080070496,0.018949784338474274,0.17536784708499908,0.013950008898973465,0.0952632948756218,0.055138591676950455,0.18249744176864624,0.38570383191108704,0.002335086464881897,2.1300742626190186,0.13933585584163666,,,,,,,,,,,,,,,
,0.00019771678779869202,989,,,,,,,,,,,,,,,,,,,,,,,,,,,,,,
1,,989,0.0486580953001976,0.018550703302025795,0.24011744558811188,0.002564959926530719,0.07297225296497345,0.013687768019735813,0.15925878286361694,0.006709345616400242,0.10178475826978683,0.05978794023394585,0.19453425705432892,0.36812445521354675,0.0022916141897439957,2.150120258331299,0.12737497687339783,,,,,,,,,,,,,,,
,0.00019765029337563515,999,,,,,,,,,,,,,,,,,,,,,,,,,,,,,,
1,,999,0.061905212700366974,0.01836353726685047,0.2320559173822403,0.0011946845334023237,0.05014459043741226,0.058995459228754044,0.16264046728610992,0.006940457969903946,0.09135938435792923,0.03763817250728607,0.14361408352851868,0.35185083746910095,0.0011292413109913468,2.1646459102630615,0.08749912679195404,,,,,,,,,,,,,,,
,0.00019758285604171963,1009,,,,,,,,,,,,,,,,,,,,,,,,,,,,,,
1,,1009,0.08271466195583344,0.0366906002163887,0.26489904522895813,0.005022209603339434,0.05602102726697922,0.013178414665162563,0.20081888139247894,0.011487685143947601,0.15146324038505554,0.03668985143303871,0.1720919907093048,0.45390042662620544,0.0022849859669804573,2.1742501258850098,0.1247265562415123,,,,,,,,,,,,,,,
,0.00019751447644812009,1019,,,,,,,,,,,,,,,,,,,,,,,,,,,,,,
1,,1019,0.048504363745450974,0.04669896513223648,0.3110181987285614,0.001993925776332617,0.05803588032722473,0.016255544498562813,0.21724708378314972,0.010048869997262955,0.09022906422615051,0.06018973886966705,0.19953347742557526,0.4069424271583557,0.0013964810641482472,2.1569159030914307,0.13717728853225708,,,,,,,,,,,,,,,
,0.00019744515525510964,1029,,,,,,,,,,,,,,,,,,,,,,,,,,,,,,
1,,1029,0.12113383412361145,0.01648659259080887,0.2261497527360916,0.0028167106211185455,0.07244574278593063,0.028699325397610664,0.17255130410194397,0.012941177934408188,0.18948161602020264,0.04265041649341583,0.1548456996679306,0.5031085014343262,0.010241805575788021,2.1444411277770996,0.13218364119529724,,,,,,,,,,,,,,,
,0.00019737489313205345,1039,,,,,,,,,,,,,,,,,,,,,,,,,,,,,,
1,,1039,0.057167522609233856,0.024945052340626717,0.26018622517585754,0.0024750172160565853,0.046060461550951004,0.01878625713288784,0.16779562830924988,0.00771715771406889,0.08343683183193207,0.041493870317935944,0.2148137092590332,0.36281847953796387,0.002971278503537178,2.1130051612854004,0.12518851459026337,,,,,,,,,,,,,,,
,0.0001973036907574023,1049,,,,,,,,,,,,,,,,,,,,,,,,,,,,,,
1,,1049,0.07961021363735199,0.05800558254122734,0.21961522102355957,0.0018347713630646467,0.05030568689107895,0.05496517941355705,0.1847323477268219,0.012449607253074646,0.15987271070480347,0.03874007239937782,0.15434248745441437,0.46380048990249634,0.004859336651861668,2.1522538661956787,0.10990174114704132,,,,,,,,,,,,,,,
,0.00019723154881868605,1059,,,,,,,,,,,,,,,,,,,,,,,,,,,,,,
1,,1059,0.06899695098400116,0.016987867653369904,0.14273174107074738,0.00027024323935620487,0.03708559274673462,0.05086728557944298,0.14180830121040344,0.010590365156531334,0.1157272681593895,0.038229800760746,0.14318342506885529,0.34159934520721436,0.000681230507325381,2.141909122467041,0.08562934398651123,,,,,,,,,,,,,,,
,0.00019715846801250696,1069,,,,,,,,,,,,,,,,,,,,,,,,,,,,,,
1,,1069,0.06302882730960846,0.04780416190624237,0.3300982415676117,0.002088200068101287,0.07082682847976685,0.00848364271223545,0.22408853471279144,0.010312002152204514,0.09454233944416046,0.06170548498630524,0.21545743942260742,0.44495856761932373,0.0032839393243193626,2.177879571914673,0.18249507248401642,,,,,,,,,,,,,,,
,0.0001970844490445331,1079,,,,,,,,,,,,,,,,,,,,,,,,,,,,,,
1,,1079,0.07926303148269653,0.024745572358369827,0.26509660482406616,0.001943023526109755,0.05203612521290779,0.030398322269320488,0.1756170690059662,0.0076919617131352425,0.1136699765920639,0.03796599060297012,0.2168661504983902,0.4044714868068695,0.0002559929562266916,2.1530113220214844,0.10223737359046936,,,,,,,,,,,,,,,
,0.00019700949262949123,1089,,,,,,,,,,,,,,,,,,,,,,,,,,,,,,
1,,1089,0.0860585868358612,0.015133251436054707,0.25039565563201904,0.0020614841487258673,0.052864957600831985,0.01961698941886425,0.17519554495811462,0.009874087758362293,0.11790791898965836,0.04650188982486725,0.1728355586528778,0.39874932169914246,0.0010859096655622125,2.142563819885254,0.11750870943069458,,,,,,,,,,,,,,,
,0.0001969335994911603,1099,,,,,,,,,,,,,,,,,,,,,,,,,,,,,,
1,,1099,0.03165826201438904,0.01988917402923107,0.22852087020874023,0.0025213167537003756,0.05265145003795624,0.0030619993340224028,0.12598079442977905,0.005559510551393032,0.08373698592185974,0.03991303592920303,0.1699979156255722,0.3082132339477539,0.0007135595660656691,2.1357359886169434,0.12388399988412857,,,,,,,,,,,,,,,
,0.0001968567703623641,1109,,,,,,,,,,,,,,,,,,,,,,,,,,,,,,
1,,1109,0.08025368303060532,0.041366685181856155,0.27807143330574036,0.003975395578891039,0.053433336317539215,0.02282337285578251,0.22155353426933289,0.01759759709239006,0.14091244339942932,0.07121790200471878,0.15996459126472473,0.46303388476371765,0.0028956730384379625,2.1667940616607666,0.11574617773294449,,,,,,,,,,,,,,,
,0.00019677900598496443,1119,,,,,,,,,,,,,,,,,,,,,,,,,,,,,,
1,,1119,0.05681141838431358,0.013742267154157162,0.1594150811433792,0.0010937267215922475,0.03757059574127197,0.017099672928452492,0.11918460577726364,0.009993750602006912,0.10059811919927597,0.044658057391643524,0.17357692122459412,0.30881187319755554,0.0015990103129297495,2.131244659423828,0.08215785771608353,,,,,,,,,,,,,,,
,0.00019670030710985383,1129,,,,,,,,,,,,,,,,,,,,,,,,,,,,,,
1,,1129,0.0592314787209034,0.026052303612232208,0.23749108612537384,0.002846649382263422,0.040665097534656525,0.010091792792081833,0.1402645856142044,0.0034331874921917915,0.05963385850191116,0.022881193086504936,0.15878307819366455,0.29437965154647827,0.0026189687196165323,2.1614389419555664,0.09698627889156342,,,,,,,,,,,,,,,
,0.0001966206744969483,1139,,,,,,,,,,,,,,,,,,,,,,,,,,,,,,
1,,1139,0.05613227188587189,0.020349275320768356,0.240072563290596,0.0013263302389532328,0.04823293536901474,0.014018858782947063,0.14155873656272888,0.009878890588879585,0.08337549865245819,0.07746584713459015,0.17029665410518646,0.339598685503006,0.002989476779475808,2.143483877182007,0.11221438646316528,,,,,,,,,,,,,,,
,0.00019654010891518006,1149,,,,,,,,,,,,,,,,,,,,,,,,,,,,,,
1,,1149,0.041659824550151825,0.02857881784439087,0.28043174743652344,0.0056532942689955235,0.0353737510740757,0.011179434135556221,0.16664743423461914,0.005316006951034069,0.05733002722263336,0.03710836544632912,0.17659737169742584,0.3149007260799408,0.0020421785302460194,2.1832759380340576,0.10395831614732742,,,,,,,,,,,,,,,
,0.0001964586111424901,1159,,,,,,,,,,,,,,,,,,,,,,,,,,,,,,
1,,1159,0.06470004469156265,0.01383185014128685,0.2427416443824768,0.0017712073167786002,0.07420606911182404,0.008250894024968147,0.17863112688064575,0.013350607827305794,0.12798704206943512,0.05295277014374733,0.1785339117050171,0.414448618888855,0.0014871431048959494,2.1396310329437256,0.1605430245399475,,,,,,,,,,,,,,,
,0.00019637618196582054,1169,,,,,,,,,,,,,,,,,,,,,,,,,,,,,,
1,,1169,0.07545401901006699,0.01765880547463894,0.19262245297431946,0.003006585408002138,0.04792490974068642,0.008973523043096066,0.15246155858039856,0.010892558842897415,0.1568087339401245,0.06057587265968323,0.1718662530183792,0.4014151990413666,0.0008804504759609699,2.147214651107788,0.09735534340143204,,,,,,,,,,,,,,,
,0.00019629282218110722,1179,,,,,,,,,,,,,,,,,,,,,,,,,,,,,,
1,,1179,0.04767334461212158,0.01888630911707878,0.19599759578704834,0.0015889593632891774,0.03887341544032097,0.011758469045162201,0.134182870388031,0.008509521372616291,0.06793754547834396,0.026974955573678017,0.13679389655590057,0.2813654839992523,0.007462639827281237,2.1026878356933594,0.08376002311706543,,,,,,,,,,,,,,,
,0.0001962085325932719,1189,,,,,,,,,,,,,,,,,,,,,,,,,,,,,,
1,,1189,0.05555775389075279,0.02847432717680931,0.3164013922214508,0.002217546571046114,0.06601621955633163,0.00907005276530981,0.19816531240940094,0.008982324972748756,0.10860823839902878,0.04304974898695946,0.1960258036851883,0.4129652678966522,0.0008468949818052351,2.1487059593200684,0.13992731273174286,,,,,,,,,,,,,,,
,0.00019612331401621457,1199,,,,,,,,,,,,,,,,,,,,,,,,,,,,,,
1,,1199,0.08145603537559509,0.04412025585770607,0.25609901547431946,0.0033645445946604013,0.0710405483841896,0.00590865733101964,0.19102756679058075,0.010266373865306377,0.12717196345329285,0.0661952868103981,0.20704755187034607,0.45439469814300537,0.0036955843679606915,2.165898084640503,0.18293407559394836,,,,,,,,,,,,,,,
,0.00019603716727280537,1209,,,,,,,,,,,,,,,,,,,,,,,,,,,,,,
1,,1209,0.047875210642814636,0.021476680412888527,0.2209063023328781,0.004090254195034504,0.053914010524749756,0.017534948885440826,0.13600800931453705,0.003430779557675123,0.03487388417124748,0.07248567789793015,0.17580732703208923,0.28293168544769287,0.0030160564929246902,2.1457669734954834,0.12146070599555969,,,,,,,,,,,,,,,
,0.000195950093194877,1219,,,,,,,,,,,,,,,,,,,,,,,,,,,,,,
1,,1219,0.09521860629320145,0.02827419899404049,0.3474065065383911,0.0018902902957051992,0.0779467299580574,0.007504504639655352,0.21361713111400604,0.008645260706543922,0.15281431376934052,0.049638982862234116,0.21187803149223328,0.5019603371620178,0.002329485956579447,2.1179637908935547,0.155584454536438,,,,,,,,,,,,,,,
,0.00019586209262321643,1229,,,,,,,,,,,,,,,,,,,,,,,,,,,,,,
1,,1229,0.04519931226968765,0.03419100493192673,0.2961215078830719,0.0011356065515428782,0.03757208213210106,0.01221974566578865,0.1841682642698288,0.012306371703743935,0.10600541532039642,0.03404100239276886,0.21003659069538116,0.3837520182132721,0.0007115084445104003,2.147588014602661,0.09940722584724426,,,,,,,,,,,,,,,
,0.0001957731664075568,1239,,,,,,,,,,,,,,,,,,,,,,,,,,,,,,
1,,1239,0.08172529190778732,0.02879265509545803,0.293038547039032,0.004737307783216238,0.0589679591357708,0.010680506937205791,0.15876570343971252,0.01224573329091072,0.13397608697414398,0.05993606150150299,0.1884409338235855,0.4389483332633972,0.0007387007935903966,2.130850315093994,0.13502319157123566,,,,,,,,,,,,,,,
,0.00019568331540656937,1249,,,,,,,,,,,,,,,,,,,,,,,,,,,,,,
1,,1249,0.07338501513004303,0.01862277090549469,0.2074340432882309,0.0027503487654030323,0.03981396555900574,0.00890846736729145,0.14123108983039856,0.006514215841889381,0.09837186336517334,0.02841334231197834,0.1379660665988922,0.3201698660850525,0.0003127434174530208,2.121642827987671,0.08092720806598663,,,,,,,,,,,,,,,
,0.00019559254048785499,1259,,,,,,,,,,,,,,,,,,,,,,,,,,,,,,
1,,1259,0.04545023292303085,0.02395511418581009,0.2679206430912018,0.0016365364426746964,0.04318277910351753,0.006004711147397757,0.1905415654182434,0.010103508830070496,0.0987323746085167,0.049735572189092636,0.16668710112571716,0.35379502177238464,0.0017970057670027018,2.170928716659546,0.08870367705821991,,,,,,,,,,,,,,,
,0.00019550084252793596,1269,,,,,,,,,,,,,,,,,,,,,,,,,,,,,,
1,,1269,0.043575137853622437,0.033272884786129,0.28857406973838806,0.001080469461157918,0.042337797582149506,0.008111851289868355,0.18186770379543304,0.007633590139448643,0.07633473724126816,0.04807869344949722,0.19938871264457703,0.35593822598457336,0.003381704445928335,2.115128993988037,0.12880651652812958,,,,,,,,,,,,,,,
,0.00019540822241224744,1279,,,,,,,,,,,,,,,,,,,,,,,,,,,,,,
1,,1279,0.026361392810940742,0.05741271376609802,0.341242253780365,0.0013554418692365289,0.05290687456727028,0.004234081134200096,0.227928027510643,0.0028298660181462765,0.03457415848970413,0.059720903635025024,0.18386894464492798,0.3334710896015167,0.0015641546342521906,2.1353554725646973,0.12190433591604233,,,,,,,,,,,,,,,
,0.00019531468103512888,1289,,,,,,,,,,,,,,,,,,,,,,,,,,,,,,
1,,1289,0.060066383332014084,0.042886883020401,0.2568994462490082,0.002965856110677123,0.04670506343245506,0.009947004728019238,0.2014390081167221,0.008012611418962479,0.1103791743516922,0.05854471027851105,0.16146419942378998,0.3853314220905304,0.0011537850368767977,2.137650966644287,0.10159386694431305,,,,,,,,,,,,,,,
,0.00019522021929981552,1299,,,,,,,,,,,,,,,,,,,,,,,,,,,,,,
1,,1299,0.03825990855693817,0.021937720477581024,0.18919989466667175,0.0007878573378548026,0.037835389375686646,0.01947740837931633,0.12590181827545166,0.0069350022822618484,0.0735194981098175,0.02657843939960003,0.15095409750938416,0.27663835883140564,0.0007935002213343978,2.1714446544647217,0.0836229920387268,,,,,,,,,,,,,,,
,0.00019512483811842942,1309,,,,,,,,,,,,,,,,,,,,,,,,,,,,,,
1,,1309,0.031239841133356094,0.022665830329060555,0.2655884325504303,0.003759738290682435,0.04103255271911621,0.00786216463893652,0.18180422484874725,0.009098634123802185,0.06960630416870117,0.04365811496973038,0.17123419046401978,0.3201129734516144,0.0012376621598377824,2.152630090713501,0.10537347197532654,,,,,,,,,,,,,,,
,0.000195028538411971,1319,,,,,,,,,,,,,,,,,,,,,,,,,,,,,,
1,,1319,0.06606236845254898,0.02913624607026577,0.28266164660453796,0.002387486631050706,0.050981175154447556,0.018174579367041588,0.16542035341262817,0.014103449881076813,0.14423277974128723,0.03488341346383095,0.20494435727596283,0.43761152029037476,0.0003775505465455353,2.1226601600646973,0.12539012730121613,,,,,,,,,,,,,,,
,0.00019493132111030978,1329,,,,,,,,,,,,,,,,,,,,,,,,,,,,,,
1,,1329,0.030669407919049263,0.028782596811652184,0.3367130756378174,0.0011437436332926154,0.04819314181804657,0.006510038860142231,0.19042252004146576,0.004490036517381668,0.04212399944663048,0.03357049450278282,0.19056199491024017,0.32807692885398865,0.0007579339435324073,2.1360700130462646,0.15214207768440247,,,,,,,,,,,,,,,
,0.00019483318715217572,1339,,,,,,,,,,,,,,,,,,,,,,,,,,,,,,
1,,1339,0.045743223279714584,0.027305269613862038,0.26152247190475464,0.003840144257992506,0.048304811120033264,0.015231271274387836,0.17606021463871002,0.01041593961417675,0.0985034927725792,0.0375533252954483,0.17695435881614685,0.35968124866485596,0.0009456963744014502,2.142646074295044,0.09664922952651978,,,,,,,,,,,,,,,
,0.0001947341374851499,1349,,,,,,,,,,,,,,,,,,,,,,,,,,,,,,
1,,1349,0.05959253013134003,0.018291717395186424,0.19774268567562103,0.0007346317870542407,0.04514559358358383,0.009828373789787292,0.133266419172287,0.009290330111980438,0.11658808588981628,0.044934097677469254,0.18256527185440063,0.34309902787208557,0.000855663325637579,2.1365139484405518,0.08808053284883499,,,,,,,,,,,,,,,
,0.0001946341730656555,1359,,,,,,,,,,,,,,,,,,,,,,,,,,,,,,
1,,1359,0.06016186997294426,0.02377229928970337,0.30712130665779114,0.001519354642368853,0.04943094775080681,0.010979640297591686,0.1783105731010437,0.006984323728829622,0.12013719975948334,0.047641754150390625,0.17433448135852814,0.4013681709766388,0.004112321883440018,2.126537322998047,0.10816769301891327,,,,,,,,,,,,,,,
,0.00019453329485894863,1369,,,,,,,,,,,,,,,,,,,,,,,,,,,,,,
1,,1369,0.05642931908369064,0.021327488124370575,0.19302301108837128,0.0011633990798145533,0.04129353165626526,0.0069914222694933414,0.13080191612243652,0.0041059511713683605,0.08176746964454651,0.05484770983457565,0.1615774780511856,0.3002876341342926,0.0005522923893295228,2.1498968601226807,0.10327915847301483,,,,,,,,,,,,,,,
,0.00019443150383910887,1379,,,,,,,,,,,,,,,,,,,,,,,,,,,,,,
1,,1379,0.03352135047316551,0.03420920670032501,0.2801903188228607,0.0011670764070004225,0.03089161403477192,0.00893874280154705,0.15478134155273438,0.003763131331652403,0.039104871451854706,0.045404523611068726,0.15984554588794708,0.2730773687362671,0.0005853896145708859,2.1593191623687744,0.08096014708280563,,,,,,,,,,,,,,,
,0.00019432880098902986,1389,,,,,,,,,,,,,,,,,,,,,,,,,,,,,,
1,,1389,0.05190381035208702,0.031262848526239395,0.3021768033504486,0.007956969551742077,0.08101831376552582,0.015287896618247032,0.24255280196666718,0.017337467521429062,0.2451716661453247,0.08070509880781174,0.20392894744873047,0.584610641002655,0.0012869725469499826,2.136018753051758,0.14106392860412598,,,,,,,,,,,,,,,
1,,1389,,,,,,,,,,,,,,,,0.17231640219688416,0.05552944540977478,0.268717885017395,0.007875409908592701,0.07027267664670944,0.0020068460144102573,0.16468660533428192,0.021386656910181046,0.19162696599960327,0.06544297188520432,0.1950589120388031,0.5666770935058594,0.008191852830350399,2.120468854904175,0.13346454501152039
,0.00019422518730040995,1399,,,,,,,,,,,,,,,,,,,,,,,,,,,,,,
2,,1399,0.06827972829341888,0.018078643828630447,0.23403924703598022,0.0020846156403422356,0.05698087811470032,0.007846911437809467,0.16399481892585754,0.01055444497615099,0.1157703623175621,0.051509302109479904,0.17374658584594727,0.3873099386692047,0.0008148183696903288,2.131662130355835,0.14953169226646423,,,,,,,,,,,,,,,
,0.00019412066377374253,1409,,,,,,,,,,,,,,,,,,,,,,,,,,,,,,
2,,1409,0.06493876874446869,0.03401542082428932,0.33245614171028137,0.006560174748301506,0.06253603845834732,0.014042227528989315,0.19156917929649353,0.012244012206792831,0.0930338203907013,0.0848207026720047,0.20770952105522156,0.43039533495903015,0.0009480513981543481,2.1164307594299316,0.15661488473415375,,,,,,,,,,,,,,,
,0.0001940152314183064,1419,,,,,,,,,,,,,,,,,,,,,,,,,,,,,,
2,,1419,0.07021407783031464,0.019360113888978958,0.28658148646354675,0.004051223862916231,0.05686559900641441,0.008241299539804459,0.16639001667499542,0.015003209933638573,0.13022957742214203,0.054588086903095245,0.18025675415992737,0.4196111857891083,0.001626456156373024,2.1275486946105957,0.11900345236063004,,,,,,,,,,,,,,,
,0.0001939088912521559,1429,,,,,,,,,,,,,,,,,,,,,,,,,,,,,,
2,,1429,0.044319670647382736,0.014025778509676456,0.21008794009685516,0.003174440935254097,0.04862285032868385,0.014656856656074524,0.11254628747701645,0.00401794770732522,0.06402051448822021,0.04436045140028,0.15845425426959991,0.28101420402526855,0.0032275172416120768,2.1489500999450684,0.09937207400798798,,,,,,,,,,,,,,,
,0.00019380164430211138,1439,,,,,,,,,,,,,,,,,,,,,,,,,,,,,,
2,,1439,0.06585650891065598,0.02301461063325405,0.23129430413246155,0.0012697409838438034,0.06016499549150467,0.008100666105747223,0.14837650954723358,0.005657678470015526,0.18129625916481018,0.02632281556725502,0.16198383271694183,0.4227519631385803,0.00036946783075109124,2.148872137069702,0.10035178810358047,,,,,,,,,,,,,,,
,0.0001936934916037489,1449,,,,,,,,,,,,,,,,,,,,,,,,,,,,,,
2,,1449,0.06547323614358902,0.01635734736919403,0.19762496650218964,0.006272823084145784,0.04709813371300697,0.015157489106059074,0.1322949379682541,0.007552505470812321,0.0940505713224411,0.04054058715701103,0.14709703624248505,0.3267114758491516,0.0007753201643936336,2.1104109287261963,0.10521899908781052,,,,,,,,,,,,,,,
,0.00019358443420139048,1459,,,,,,,,,,,,,,,,,,,,,,,,,,,,,,
2,,1459,0.06573081761598587,0.02993243932723999,0.1813306361436844,0.002577636856585741,0.049366265535354614,0.012951253913342953,0.1440330296754837,0.009926456958055496,0.16552425920963287,0.042003653943538666,0.13565735518932343,0.3908465504646301,0.0008894026395864785,2.146656036376953,0.08144599199295044,,,,,,,,,,,,,,,
,0.00019347447314809407,1469,,,,,,,,,,,,,,,,,,,,,,,,,,,,,,
2,,1469,0.03848996385931969,0.023697324097156525,0.3189663887023926,0.002625680761411786,0.059619657695293427,0.0050213816575706005,0.1638800948858261,0.011712565086781979,0.09999264776706696,0.04778364300727844,0.2140524536371231,0.3932453989982605,0.00604806374758482,2.1919867992401123,0.13362988829612732,,,,,,,,,,,,,,,
,0.00019336360950564309,1479,,,,,,,,,,,,,,,,,,,,,,,,,,,,,,
2,,1479,0.07070125639438629,0.0140907634049654,0.22663792967796326,0.003153114579617977,0.05952227860689163,0.012618716806173325,0.160975843667984,0.012784907594323158,0.11336512863636017,0.04236477613449097,0.18648022413253784,0.38549578189849854,0.0010455755982547998,2.116583824157715,0.1369468718767166,,,,,,,,,,,,,,,
,0.00019325184434453645,1489,,,,,,,,,,,,,,,,,,,,,,,,,,,,,,
2,,1489,0.04580126330256462,0.02806754782795906,0.31109708547592163,0.0017573736840859056,0.06523258239030838,0.004636362660676241,0.17034441232681274,0.013940362259745598,0.07406643033027649,0.048044923692941666,0.19364359974861145,0.368646502494812,0.0027423144783824682,2.1426148414611816,0.13845102488994598,,,,,,,,,,,,,,,
,0.0001931391787439782,1499,,,,,,,,,,,,,,,,,,,,,,,,,,,,,,
2,,1499,0.047064539045095444,0.024460455402731895,0.30545058846473694,0.0014457808574661613,0.05567871034145355,0.0077194953337311745,0.1622912883758545,0.008306417614221573,0.06104676052927971,0.03659355640411377,0.20305083692073822,0.3530300259590149,0.008332028985023499,2.132603883743286,0.14831987023353577,,,,,,,,,,,,,,,
,0.0001930256137918669,1509,,,,,,,,,,,,,,,,,,,,,,,,,,,,,,
2,,1509,0.04900875687599182,0.019468678161501884,0.2280353158712387,0.0017772320425137877,0.041257355362176895,0.01685705967247486,0.18375883996486664,0.010435027070343494,0.07377183437347412,0.05894644185900688,0.15160946547985077,0.32264330983161926,0.0018227850086987019,2.143944501876831,0.1009584590792656,,,,,,,,,,,,,,,
,0.00019291115058478527,1519,,,,,,,,,,,,,,,,,,,,,,,,,,,,,,
2,,1519,0.06048591062426567,0.020113272592425346,0.26682886481285095,0.0008058847161009908,0.05960506573319435,0.011930374428629875,0.14643175899982452,0.010984495282173157,0.09817207604646683,0.0444667674601078,0.18431733548641205,0.37447795271873474,0.0023589665070176125,2.105741500854492,0.14270566403865814,,,,,,,,,,,,,,,
,0.0001927957902279896,1529,,,,,,,,,,,,,,,,,,,,,,,,,,,,,,
2,,1529,0.06144201382994652,0.028790444135665894,0.2568715512752533,0.0019864991772919893,0.05376399680972099,0.015919290482997894,0.1656709462404251,0.012562023475766182,0.11841035634279251,0.035190291702747345,0.175942063331604,0.39381229877471924,0.0045914617367088795,2.134030342102051,0.11225992441177368,,,,,,,,,,,,,,,
,0.0001926795338353991,1539,,,,,,,,,,,,,,,,,,,,,,,,,,,,,,
2,,1539,0.09786543995141983,0.020819222554564476,0.24844993650913239,0.0024992753751575947,0.07219155132770538,0.03047339804470539,0.1894408017396927,0.019925670698285103,0.22179561853408813,0.06642011553049088,0.19460780918598175,0.5463352203369141,0.002323043067008257,2.1503889560699463,0.12822286784648895,,,,,,,,,,,,,,,
,0.00019256238252958504,1549,,,,,,,,,,,,,,,,,,,,,,,,,,,,,,
2,,1549,0.06252851337194443,0.026057861745357513,0.2379566878080368,0.0018444721354171634,0.049530379474163055,0.017731163650751114,0.16819804906845093,0.010210594162344933,0.11933137476444244,0.06104680150747299,0.1745801419019699,0.38539114594459534,0.00045641043107025325,2.1451079845428467,0.1103438287973404,,,,,,,,,,,,,,,
,0.00019244433744175992,1559,,,,,,,,,,,,,,,,,,,,,,,,,,,,,,
2,,1559,0.05858026072382927,0.01348106563091278,0.176725834608078,0.0032424486707895994,0.043911732733249664,0.011522885411977768,0.11847036331892014,0.00925462320446968,0.09425529092550278,0.061847757548093796,0.17049111425876617,0.3210133910179138,0.0009911623783409595,2.1907992362976074,0.1194574236869812,,,,,,,,,,,,,,,
,0.0001923253997117667,1569,,,,,,,,,,,,,,,,,,,,,,,,,,,,,,
2,,1569,0.0630183219909668,0.026559147983789444,0.2497708797454834,0.0011515177320688963,0.0649804100394249,0.012859972193837166,0.1574389934539795,0.010565344244241714,0.16115202009677887,0.09317521750926971,0.1821659952402115,0.4400375485420227,0.0014356670435518026,2.1240882873535156,0.12074852734804153,,,,,,,,,,,,,,,
,0.00019220557048806768,1579,,,,,,,,,,,,,,,,,,,,,,,,,,,,,,
2,,1579,0.06240852177143097,0.027207760140299797,0.22269022464752197,0.0015719097573310137,0.04898979142308235,0.009229734539985657,0.18288029730319977,0.006584486924111843,0.09066495299339294,0.03601212799549103,0.1513357013463974,0.3489122688770294,0.004910855554044247,2.1492509841918945,0.1267808973789215,,,,,,,,,,,,,,,
,0.0001920848509277333,1589,,,,,,,,,,,,,,,,,,,,,,,,,,,,,,
2,,1589,0.07199983298778534,0.025209445506334305,0.28192731738090515,0.003785929875448346,0.0550193227827549,0.0056566945277154446,0.1567305326461792,0.011683903634548187,0.1501016467809677,0.05966523662209511,0.2078908085823059,0.4388582706451416,0.0008849113364703953,2.1370654106140137,0.1181538999080658,,,,,,,,,,,,,,,
,0.00019196324219643128,1599,,,,,,,,,,,,,,,,,,,,,,,,,,,,,,
2,,1599,0.05397108197212219,0.038193948566913605,0.19445636868476868,0.002916900906711817,0.03960299864411354,0.013460800983011723,0.15775758028030396,0.00939350575208664,0.09721432626247406,0.06120738014578819,0.162409245967865,0.3366560935974121,0.00041937315836548805,2.140767812728882,0.09459488093852997,,,,,,,,,,,,,,,
,0.00019184074546841498,1609,,,,,,,,,,,,,,,,,,,,,,,,,,,,,,
2,,1609,0.08629348129034042,0.02794388122856617,0.2380179762840271,0.002225911943241954,0.06255578994750977,0.011693417094647884,0.1702563315629959,0.013487463817000389,0.14528490602970123,0.062462218105793,0.17102554440498352,0.434292733669281,0.0011501302942633629,2.137711524963379,0.12930156290531158,,,,,,,,,,,,,,,
,0.00019171736192651233,1619,,,,,,,,,,,,,,,,,,,,,,,,,,,,,,
2,,1619,0.09764289855957031,0.022435881197452545,0.23499678075313568,0.005862479563802481,0.044713184237480164,0.008538220077753067,0.17490802705287933,0.010600309818983078,0.13539379835128784,0.055641792714595795,0.16596442461013794,0.4060104787349701,0.0006215475150384009,2.1933209896087646,0.08174644410610199,,,,,,,,,,,,,,,
,0.0001915930927621144,1629,,,,,,,,,,,,,,,,,,,,,,,,,,,,,,
2,,1629,0.04133739694952965,0.025038016960024834,0.27023348212242126,0.004114830866456032,0.05768192186951637,0.006197778508067131,0.165389746427536,0.012449604459106922,0.07765056192874908,0.07704643160104752,0.18279044330120087,0.34786343574523926,0.0031962920911610126,2.217041492462158,0.1057211384177208,,,,,,,,,,,,,,,
,0.00019146793917516373,1639,,,,,,,,,,,,,,,,,,,,,,,,,,,,,,
2,,1639,0.05013516545295715,0.026377012953162193,0.20971643924713135,0.008991828188300133,0.03730817511677742,0.006840747781097889,0.16847681999206543,0.008227909915149212,0.1034855917096138,0.026101291179656982,0.1621466428041458,0.34018972516059875,0.003330468898639083,2.142361640930176,0.08803150057792664,,,,,,,,,,,,,,,
,0.00019134190237414287,1649,,,,,,,,,,,,,,,,,,,,,,,,,,,,,,
2,,1649,0.0809827595949173,0.028810860589146614,0.2593555152416229,0.0016403058543801308,0.05434047430753708,0.0042802863754332066,0.16716733574867249,0.011055389419198036,0.10860323160886765,0.03289266675710678,0.20126257836818695,0.3963741362094879,0.0046159918420016766,2.1846961975097656,0.1264445185661316,,,,,,,,,,,,,,,
,0.0001912149835760627,1659,,,,,,,,,,,,,,,,,,,,,,,,,,,,,,
2,,1659,0.07000349462032318,0.01919906586408615,0.2424674779176712,0.001426520524546504,0.03886346146464348,0.011724124662578106,0.13652561604976654,0.007555012125521898,0.08535559475421906,0.043297506868839264,0.1927560269832611,0.33274540305137634,0.00031712488271296024,2.117377281188965,0.09304787963628769,,,,,,,,,,,,,,,
,0.00019108718400645067,1669,,,,,,,,,,,,,,,,,,,,,,,,,,,,,,
2,,1669,0.05614355579018593,0.021014874801039696,0.29064878821372986,0.0039377459324896336,0.06419059634208679,0.0098006222397089,0.1573411226272583,0.005966669414192438,0.10809948295354843,0.060806918889284134,0.200913205742836,0.3949016332626343,0.00047424185322597623,2.1144375801086426,0.14388060569763184,,,,,,,,,,,,,,,
,0.0001909585048993389,1679,,,,,,,,,,,,,,,,,,,,,,,,,,,,,,
2,,1679,0.04530511796474457,0.025586752220988274,0.27118176221847534,0.0017085305880755186,0.055331725627183914,0.014162080362439156,0.1871851235628128,0.009131617844104767,0.08284588158130646,0.06439720839262009,0.17463378608226776,0.34694749116897583,0.002204292453825474,2.106210470199585,0.08172928541898727,,,,,,,,,,,,,,,
,0.00019082894749725233,1689,,,,,,,,,,,,,,,,,,,,,,,,,,,,,,
2,,1689,0.06743180751800537,0.010753302834928036,0.17484307289123535,0.0014140353305265307,0.04322715103626251,0.011147876270115376,0.11746285855770111,0.01502724178135395,0.1218009665608406,0.03999612480401993,0.1493370532989502,0.3442304730415344,0.0044873240403831005,2.1774017810821533,0.0980582982301712,,,,,,,,,,,,,,,
,0.0001906985130511968,1699,,,,,,,,,,,,,,,,,,,,,,,,,,,,,,
2,,1699,0.0693897232413292,0.022529644891619682,0.28295066952705383,0.0026376498863101006,0.06627648323774338,0.0344722606241703,0.1847878247499466,0.02261018007993698,0.17421855032444,0.06496834754943848,0.1989046186208725,0.5013300180435181,0.0010852981358766556,2.1509671211242676,0.14219343662261963,,,,,,,,,,,,,,,
,0.0001905672028206468,1709,,,,,,,,,,,,,,,,,,,,,,,,,,,,,,
2,,1709,0.050347357988357544,0.03847740963101387,0.2648845314979553,0.00789982546120882,0.044681958854198456,0.02297438122332096,0.1807142198085785,0.011956540867686272,0.10314542055130005,0.053517457097768784,0.1946822851896286,0.3905331790447235,0.004091266542673111,2.114039659500122,0.09536613523960114,,,,,,,,,,,,,,,
,0.0001904350180735334,1719,,,,,,,,,,,,,,,,,,,,,,,,,,,,,,
2,,1719,0.06851643323898315,0.015598068945109844,0.17208169400691986,0.000626486842520535,0.03693004325032234,0.015701966360211372,0.1540343165397644,0.00914180837571621,0.09304456412792206,0.038354597985744476,0.14740730822086334,0.3155415952205658,0.002247930970042944,2.1929402351379395,0.09177364408969879,,,,,,,,,,,,,,,
,0.000190301960086232,1729,,,,,,,,,,,,,,,,,,,,,,,,,,,,,,
2,,1729,0.06041991338133812,0.025024164468050003,0.30287614464759827,0.00269286148250103,0.07588019967079163,0.005417915061116219,0.1950780749320984,0.00884689949452877,0.1257552057504654,0.04702109098434448,0.2008390873670578,0.43291959166526794,0.0012241803342476487,2.095315456390381,0.15216165781021118,,,,,,,,,,,,,,,
,0.00019016803014355004,1739,,,,,,,,,,,,,,,,,,,,,,,,,,,,,,
2,,1739,0.04844473674893379,0.018490632995963097,0.2558549642562866,0.004492714069783688,0.05105207860469818,0.00562727777287364,0.1399402618408203,0.00970085896551609,0.09825803339481354,0.0363895557820797,0.17317338287830353,0.3495085537433624,0.0020868550054728985,2.1511828899383545,0.11980050057172775,,,,,,,,,,,,,,,
,0.00019003322953871455,1749,,,,,,,,,,,,,,,,,,,,,,,,,,,,,,
2,,1749,0.07613707333803177,0.031751200556755066,0.2992582619190216,0.0013139699585735798,0.06641606986522675,0.020188869908452034,0.1982583850622177,0.008646812289953232,0.13212406635284424,0.052357371896505356,0.1925441324710846,0.4498244822025299,0.0011193433310836554,2.138644218444824,0.14482766389846802,,,,,,,,,,,,,,,
,0.00018989755957335961,1759,,,,,,,,,,,,,,,,,,,,,,,,,,,,,,
2,,1759,0.03197133541107178,0.034676019102334976,0.3244902491569519,0.0016453657299280167,0.04816026613116264,0.0036301924847066402,0.19523672759532928,0.0030318559147417545,0.045831840485334396,0.058583814650774,0.1836952120065689,0.32283490896224976,0.003952765837311745,2.162595510482788,0.10992981493473053,,,,,,,,,,,,,,,
,0.00018976102155751393,1769,,,,,,,,,,,,,,,,,,,,,,,,,,,,,,
2,,1769,0.03859362378716469,0.016231229528784752,0.1893891990184784,0.0020445454865694046,0.03817787393927574,0.006813097279518843,0.11629195511341095,0.006443261634558439,0.07763274013996124,0.0426085963845253,0.14190468192100525,0.277853786945343,0.0005908262101002038,2.1155011653900146,0.10580042004585266,,,,,,,,,,,,,,,
,0.00018962361680958804,1779,,,,,,,,,,,,,,,,,,,,,,,,,,,,,,
2,,1779,0.06362687796354294,0.023137494921684265,0.2058487832546234,0.003663938259705901,0.054260849952697754,0.014143791981041431,0.13417288661003113,0.010789277032017708,0.11206362396478653,0.036639727652072906,0.18068619072437286,0.3700518310070038,0.006616728845983744,2.153043746948242,0.1276056319475174,,,,,,,,,,,,,,,
,0.00018948534665636164,1789,,,,,,,,,,,,,,,,,,,,,,,,,,,,,,
2,,1789,0.045910824090242386,0.017715543508529663,0.24495114386081696,0.0012663776287809014,0.03874308243393898,0.008488355204463005,0.12871988117694855,0.01005122996866703,0.06440703570842743,0.06962181627750397,0.16931886970996857,0.3133900463581085,0.004814412444829941,2.1048619747161865,0.1296900510787964,,,,,,,,,,,,,,,
,0.00018934621243297083,1799,,,,,,,,,,,,,,,,,,,,,,,,,,,,,,
2,,1799,0.039534423500299454,0.02199149876832962,0.20707941055297852,0.001758055528625846,0.04575861245393753,0.014538958668708801,0.12970121204853058,0.01013705413788557,0.06740111112594604,0.03737257793545723,0.17138804495334625,0.29655924439430237,0.0009509215014986694,2.0970609188079834,0.11535513401031494,,,,,,,,,,,,,,,
,0.00018920621548289515,1809,,,,,,,,,,,,,,,,,,,,,,,,,,,,,,
2,,1809,0.05007573962211609,0.021837852895259857,0.2796298861503601,0.0036007266025990248,0.04768310859799385,0.0070418245159089565,0.16592969000339508,0.006802722811698914,0.06749995052814484,0.0627288743853569,0.1671169102191925,0.32780373096466064,0.0030469491612166166,2.1406314373016357,0.09811519086360931,,,,,,,,,,,,,,,
,0.0001890653571579446,1819,,,,,,,,,,,,,,,,,,,,,,,,,,,,,,
2,,1819,0.04057575389742851,0.04182116314768791,0.2823190987110138,0.0030330191366374493,0.030995693057775497,0.016692817211151123,0.19201841950416565,0.0032576341181993484,0.04290812090039253,0.03565264865756035,0.15785270929336548,0.2954481244087219,0.0028107333928346634,2.1260547637939453,0.06902723759412766,,,,,,,,,,,,,,,
,0.00018892363881824659,1829,,,,,,,,,,,,,,,,,,,,,,,,,,,,,,
2,,1829,0.03254495561122894,0.018615292385220528,0.2895664870738983,0.004434146918356419,0.04103339463472366,0.010003196075558662,0.18201614916324615,0.009098896756768227,0.08273521810770035,0.06391112506389618,0.17473389208316803,0.3480205833911896,0.005054824519902468,2.119386911392212,0.10270503908395767,,,,,,,,,,,,,,,
,0.00018878106183223292,1839,,,,,,,,,,,,,,,,,,,,,,,,,,,,,,
2,,1839,0.05737803503870964,0.02968759648501873,0.20118190348148346,0.0021720603108406067,0.03460725024342537,0.011185051873326302,0.14417549967765808,0.009200310334563255,0.0779133290052414,0.0449819341301918,0.1477714627981186,0.29891929030418396,0.002125720726326108,2.1333835124969482,0.0666646957397461,,,,,,,,,,,,,,,
,0.0001886376275766264,1849,,,,,,,,,,,,,,,,,,,,,,,,,,,,,,
2,,1849,0.047551173716783524,0.022067725658416748,0.2780182957649231,0.002143621211871505,0.04638368636369705,0.008306222036480904,0.153733491897583,0.011145126074552536,0.08055134117603302,0.06034855544567108,0.18130405247211456,0.3480706214904785,0.0020211979281157255,2.11004900932312,0.12235217541456223,,,,,,,,,,,,,,,
,0.00018849333743642762,1859,,,,,,,,,,,,,,,,,,,,,,,,,,,,,,
2,,1859,0.04093630984425545,0.0126132657751441,0.18451696634292603,0.0009583309292793274,0.0447101965546608,0.0067863985896110535,0.10065016150474548,0.006183520425111055,0.06635220348834991,0.0644281879067421,0.16543173789978027,0.26920419931411743,0.0010038780746981502,2.1455416679382324,0.1045127809047699,,,,,,,,,,,,,,,
,0.00018834819280490168,1869,,,,,,,,,,,,,,,,,,,,,,,,,,,,,,
2,,1869,0.045094940811395645,0.03184846043586731,0.31007054448127747,0.0021260655485093594,0.04260120913386345,0.009087319485843182,0.17640812695026398,0.009251931682229042,0.08543441444635391,0.05659087374806404,0.18398383259773254,0.37916386127471924,0.015980707481503487,2.133634328842163,0.11160431802272797,,,,,,,,,,,,,,,
,0.00018820219508356454,1879,,,,,,,,,,,,,,,,,,,,,,,,,,,,,,
2,,1879,0.04418306052684784,0.02648141421377659,0.37177038192749023,0.003535014111548662,0.06332620233297348,0.010819252580404282,0.2020011693239212,0.005765589885413647,0.05466156825423241,0.0726662278175354,0.22030527889728546,0.38182130455970764,0.0022196697536855936,2.1477060317993164,0.14907260239124298,,,,,,,,,,,,,,,
,0.00018805534568216967,1889,,,,,,,,,,,,,,,,,,,,,,,,,,,,,,
2,,1889,0.08175434172153473,0.019802166149020195,0.19806548953056335,0.003978929482400417,0.05116400867700577,0.03301993012428284,0.1431109458208084,0.01660774275660515,0.14578458666801453,0.0314645953476429,0.16715899109840393,0.4169441759586334,0.0006900732405483723,2.1681604385375977,0.12811653316020966,,,,,,,,,,,,,,,
,0.0001879076460186943,1899,,,,,,,,,,,,,,,,,,,,,,,,,,,,,,
2,,1899,0.055679429322481155,0.031157825142145157,0.20441903173923492,0.000816206680610776,0.043567631393671036,0.006794698536396027,0.14812049269676208,0.009654836729168892,0.09610839188098907,0.06805027276277542,0.16306713223457336,0.32749268412590027,0.00011085279402323067,2.1196868419647217,0.08344493061304092,,,,,,,,,,,,,,,
,0.00018775909751932583,1909,,,,,,,,,,,,,,,,,,,,,,,,,,,,,,
2,,1909,0.0472806952893734,0.05070158466696739,0.2573566436767578,0.005240371450781822,0.03658055141568184,0.012004549615085125,0.17907297611236572,0.009818951599299908,0.06890078634023666,0.041582636535167694,0.1574365198612213,0.3299531936645508,0.0013943193480372429,2.175361394882202,0.08610143512487411,,,,,,,,,,,,,,,
,0.000187609701618448,1919,,,,,,,,,,,,,,,,,,,,,,,,,,,,,,
2,,1919,0.03972070291638374,0.024557914584875107,0.2914421856403351,0.005218992009758949,0.05926761403679848,0.00949001032859087,0.17995816469192505,0.005042175762355328,0.07862777262926102,0.0598270446062088,0.19970367848873138,0.35624784231185913,0.00045257402234710753,2.1710805892944336,0.12107966095209122,,,,,,,,,,,,,,,
,0.00018745945975862704,1929,,,,,,,,,,,,,,,,,,,,,,,,,,,,,,
2,,1929,0.04640437290072441,0.018257267773151398,0.20065753161907196,0.002327718073502183,0.044920872896909714,0.0075930883176624775,0.13039575517177582,0.006622071843594313,0.06756027042865753,0.05684802681207657,0.16256234049797058,0.2884518802165985,0.0015170569531619549,2.120490789413452,0.103523388504982,,,,,,,,,,,,,,,
,0.00018730837339059778,1939,,,,,,,,,,,,,,,,,,,,,,,,,,,,,,
2,,1939,0.08210597932338715,0.033061590045690536,0.24164517223834991,0.003791250754147768,0.0788557380437851,0.010722271166741848,0.171339750289917,0.008707444183528423,0.22186174988746643,0.05099116638302803,0.168578639626503,0.5141742825508118,0.0010042745852842927,2.1354103088378906,0.14254654943943024,,,,,,,,,,,,,,,
,0.00018715644397324964,1949,,,,,,,,,,,,,,,,,,,,,,,,,,,,,,
2,,1949,0.04945530742406845,0.013007278554141521,0.205861896276474,0.0028244617860764265,0.036336105316877365,0.010683512315154076,0.15082862973213196,0.011257385835051537,0.08305889368057251,0.058468010276556015,0.15560945868492126,0.3119172751903534,0.002515058498829603,2.0916335582733154,0.09515778720378876,,,,,,,,,,,,,,,
,0.00018700367297361245,1959,,,,,,,,,,,,,,,,,,,,,,,,,,,,,,
2,,1959,0.049949921667575836,0.015523301437497139,0.22992049157619476,0.001956639578565955,0.040027473121881485,0.015427722595632076,0.12094341963529587,0.005974109284579754,0.10127872228622437,0.022543061524629593,0.14202424883842468,0.31608763337135315,0.0020641880109906197,2.1958367824554443,0.08303556591272354,,,,,,,,,,,,,,,
,0.00018685006186684245,1969,,,,,,,,,,,,,,,,,,,,,,,,,,,,,,
2,,1969,0.04142587259411812,0.04552237689495087,0.2937350571155548,0.0024600836914032698,0.034254610538482666,0.008786926977336407,0.20060068368911743,0.007371131330728531,0.06958327442407608,0.0423150397837162,0.1651368886232376,0.33830904960632324,0.0042573935352265835,2.1349074840545654,0.08370935916900635,,,,,,,,,,,,,,,
,0.00018669561213620784,1979,,,,,,,,,,,,,,,,,,,,,,,,,,,,,,
2,,1979,0.06644639372825623,0.018206559121608734,0.23706284165382385,0.0016678465763106942,0.039727434515953064,0.009548762813210487,0.15130402147769928,0.011381862685084343,0.11268903315067291,0.048355583101511,0.15347051620483398,0.3503638505935669,0.00042959750862792134,2.130884885787964,0.07363709807395935,,,,,,,,,,,,,,,
,0.00018654032527307463,1989,,,,,,,,,,,,,,,,,,,,,,,,,,,,,,
2,,1989,0.0534205436706543,0.01717955619096756,0.1885814666748047,0.0020709983073174953,0.044310688972473145,0.015488571487367153,0.1104360818862915,0.007116577122360468,0.07694994658231735,0.028504641726613045,0.13552354276180267,0.28771650791168213,0.0015505945775657892,2.1496896743774414,0.10686824470758438,,,,,,,,,,,,,,,
,0.00018638420277689222,1999,,,,,,,,,,,,,,,,,,,,,,,,,,,,,,
2,,1999,0.061399415135383606,0.017147250473499298,0.2652837336063385,0.00033771933522075415,0.061247002333402634,0.01313647348433733,0.14783664047718048,0.0051481882110238075,0.09655993431806564,0.059767790138721466,0.1825735718011856,0.3638835847377777,0.00028479969478212297,2.118476390838623,0.13363415002822876,,,,,,,,,,,,,,,
,0.0001862272461551788,2009,,,,,,,,,,,,,,,,,,,,,,,,,,,,,,
2,,2009,0.07253026962280273,0.030345462262630463,0.2502543032169342,0.0035899439826607704,0.048354849219322205,0.015337481163442135,0.1903892308473587,0.015273523516952991,0.09618916362524033,0.05708707869052887,0.17382700741291046,0.3868864178657532,0.0006760276737622917,2.156355857849121,0.12331632524728775,,,,,,,,,,,,,,,
,0.00018606945692350692,2019,,,,,,,,,,,,,,,,,,,,,,,,,,,,,,
2,,2019,0.028904695063829422,0.025339720770716667,0.24020938575267792,0.0007105199038051069,0.048220131546258926,0.011491860263049603,0.14248833060264587,0.007708744145929813,0.048475202172994614,0.059141241014003754,0.17529714107513428,0.2794922888278961,0.0013460617046803236,2.120898962020874,0.09082342684268951,,,,,,,,,,,,,,,
,0.00018591083660548878,2029,,,,,,,,,,,,,,,,,,,,,,,,,,,,,,
2,,2029,0.04548354819417,0.02485673688352108,0.2799508273601532,0.0010653325589373708,0.041778676211833954,0.011063509620726109,0.15160717070102692,0.005454911384731531,0.06793009489774704,0.040907908231019974,0.15673045814037323,0.31000250577926636,0.0009031968074850738,2.170484781265259,0.08872915059328079,,,,,,,,,,,,,,,
,0.0001857513867327616,2039,,,,,,,,,,,,,,,,,,,,,,,,,,,,,,
2,,2039,0.052121229469776154,0.02868819609284401,0.2532986104488373,0.0012937475694343448,0.05168353021144867,0.007446144241839647,0.17741389572620392,0.005967604462057352,0.07011407613754272,0.03834054246544838,0.14986974000930786,0.3201388120651245,0.0003430559008847922,2.157160997390747,0.10724122077226639,,,,,,,,,,,,,,,
,0.0001855911088449727,2049,,,,,,,,,,,,,,,,,,,,,,,,,,,,,,
2,,2049,0.03310946002602577,0.02180411107838154,0.23827776312828064,0.0023786593228578568,0.04415779560804367,0.0054807718843221664,0.13192549347877502,0.005114081781357527,0.09539435058832169,0.05243626609444618,0.1764303594827652,0.3250923156738281,0.001163649489171803,2.1609325408935547,0.11456388980150223,,,,,,,,,,,,,,,
,0.0001854300044897648,2059,,,,,,,,,,,,,,,,,,,,,,,,,,,,,,
2,,2059,0.032357461750507355,0.01699288748204708,0.17097294330596924,0.0015268235001713037,0.04079940915107727,0.011254802346229553,0.12418025732040405,0.007487771101295948,0.09246503561735153,0.03190282732248306,0.12865163385868073,0.27833402156829834,0.0002928055473603308,2.140056848526001,0.0830192118883133,,,,,,,,,,,,,,,
,0.0001852680752227609,2069,,,,,,,,,,,,,,,,,,,,,,,,,,,,,,
2,,2069,0.049252208322286606,0.0221153125166893,0.23799428343772888,0.0036293226294219494,0.05549110099673271,0.012875738553702831,0.15701912343502045,0.010199859738349915,0.1205965057015419,0.047642000019550323,0.16662311553955078,0.37484538555145264,0.001560947042889893,2.1726303100585938,0.11317288875579834,,,,,,,,,,,,,,,
,0.00018510532260754937,2079,,,,,,,,,,,,,,,,,,,,,,,,,,,,,,
2,,2079,0.04365875571966171,0.015977611765265465,0.2226131111383438,0.00356736546382308,0.04547525942325592,0.0045441677793860435,0.15811343491077423,0.009896229952573776,0.10547947138547897,0.041188549250364304,0.1682729721069336,0.3409678637981415,0.0010560688097029924,2.103081226348877,0.10987405478954315,,,,,,,,,,,,,,,
2,,2084,,,,,,,,,,,,,,,,0.15809199213981628,0.0377894788980484,0.26819875836372375,0.008594213984906673,0.0699271708726883,0.0018933732062578201,0.16880297660827637,0.01828589104115963,0.18011347949504852,0.06768051534891129,0.19840972125530243,0.5459830164909363,0.009798157028853893,2.0877294540405273,0.1470220983028412
,0.00018494174821566886,2089,,,,,,,,,,,,,,,,,,,,,,,,,,,,,,
3,,2089,0.09074345976114273,0.030999286100268364,0.24814970791339874,0.0046243611723184586,0.05677226185798645,0.016007835045456886,0.1841045618057251,0.010562500916421413,0.12333086878061295,0.046730898320674896,0.20373904705047607,0.4278038740158081,0.004483111668378115,2.1612164974212646,0.12202038615942001,,,,,,,,,,,,,,,
,0.00018477735362659305,2099,,,,,,,,,,,,,,,,,,,,,,,,,,,,,,
3,,2099,0.07249165326356888,0.016315825283527374,0.17077891528606415,0.0009395548840984702,0.043894946575164795,0.008109173737466335,0.14468500018119812,0.007179324980825186,0.1002463847398758,0.02502908557653427,0.13508495688438416,0.30714207887649536,0.0006855305982753634,2.1716177463531494,0.07371507585048676,,,,,,,,,,,,,,,
,0.0001846121404277155,2109,,,,,,,,,,,,,,,,,,,,,,,,,,,,,,
3,,2109,0.06797417253255844,0.0245377030223608,0.18691039085388184,0.004248838406056166,0.0396372452378273,0.01145838387310505,0.1494736224412918,0.015956543385982513,0.09722813218832016,0.03785731643438339,0.15047864615917206,0.33660203218460083,0.006543338298797607,2.121401071548462,0.07989565283060074,,,,,,,,,,,,,,,
,0.00018444611021433422,2119,,,,,,,,,,,,,,,,,,,,,,,,,,,,,,
3,,2119,0.03601439669728279,0.031907565891742706,0.2696749269962311,0.002853291342034936,0.06252408772706985,0.007916618138551712,0.19253727793693542,0.010643568821251392,0.11512479186058044,0.043091073632240295,0.1793387085199356,0.389737069606781,0.0037819091230630875,2.173001766204834,0.11868581920862198,,,,,,,,,,,,,,,
,0.00018427926458963628,2129,,,,,,,,,,,,,,,,,,,,,,,,,,,,,,
3,,2129,0.0598653145134449,0.017118100076913834,0.1336340308189392,0.0026111037004739046,0.048518214374780655,0.014522820711135864,0.1394142210483551,0.006714914459735155,0.1340489536523819,0.05943449214100838,0.13413532078266144,0.3349978029727936,0.0004988492582924664,2.11334228515625,0.08089033514261246,,,,,,,,,,,,,,,
,0.00018411160516468238,2139,,,,,,,,,,,,,,,,,,,,,,,,,,,,,,
3,,2139,0.1092057004570961,0.02364913374185562,0.2788093090057373,0.004584921523928642,0.07328154891729355,0.010092809796333313,0.2063167691230774,0.019055474549531937,0.24004220962524414,0.07127504795789719,0.18169324100017548,0.5798612833023071,0.002524619922041893,2.130268096923828,0.14657644927501678,,,,,,,,,,,,,,,
,0.00018394313355839134,2149,,,,,,,,,,,,,,,,,,,,,,,,,,,,,,
3,,2149,0.08185195922851562,0.02357800118625164,0.23058274388313293,0.003565149148926139,0.07535404711961746,0.01073362771421671,0.17670023441314697,0.012142706662416458,0.19567883014678955,0.07385358959436417,0.18372000753879547,0.48400580883026123,0.0012675555190071464,2.1424708366394043,0.11872377246618271,,,,,,,,,,,,,,,
,0.00018377385139752434,2159,,,,,,,,,,,,,,,,,,,,,,,,,,,,,,
3,,2159,0.05563656985759735,0.020000621676445007,0.19496186077594757,0.0026245496701449156,0.03860658034682274,0.010766683146357536,0.1411200910806656,0.006711497437208891,0.10279782861471176,0.04801243171095848,0.13026553392410278,0.3240518569946289,0.004837600979954004,2.1685333251953125,0.09734437614679337,,,,,,,,,,,,,,,
,0.00018360376031666923,2169,,,,,,,,,,,,,,,,,,,,,,,,,,,,,,
3,,2169,0.04971598461270332,0.035870641469955444,0.29398399591445923,0.0018693206366151571,0.04913580045104027,0.015098155476152897,0.21570958197116852,0.009492766112089157,0.13109496235847473,0.05167596787214279,0.1680854856967926,0.41685962677001953,0.0034898503217846155,2.1411046981811523,0.09460776299238205,,,,,,,,,,,,,,,
,0.00018343286195822488,2179,,,,,,,,,,,,,,,,,,,,,,,,,,,,,,
3,,2179,0.03578931838274002,0.025037741288542747,0.2205878645181656,0.0012690307339653373,0.02611764334142208,0.019235385581851006,0.1504865437746048,0.004550246521830559,0.06202153116464615,0.03762435540556908,0.14076337218284607,0.27314579486846924,0.0019177987705916166,2.174168586730957,0.07245336472988129,,,,,,,,,,,,,,,
,0.00018326115797238517,2189,,,,,,,,,,,,,,,,,,,,,,,,,,,,,,
3,,2189,0.05558037385344505,0.04511871561408043,0.3428455591201782,0.0018342412076890469,0.0576823465526104,0.013433470390737057,0.20947718620300293,0.010864246636629105,0.09046119451522827,0.057008832693099976,0.20307250320911407,0.41417744755744934,0.0006088572554290295,2.140279769897461,0.13015040755271912,,,,,,,,,,,,,,,
,0.00018308865001712311,2199,,,,,,,,,,,,,,,,,,,,,,,,,,,,,,
3,,2199,0.049421556293964386,0.031518127769231796,0.2637268602848053,0.002678307006135583,0.024173883721232414,0.009040853008627892,0.1471368670463562,0.0042447601445019245,0.05321034416556358,0.02647249959409237,0.1532904952764511,0.27941855788230896,0.0008858938235789537,2.140162229537964,0.06662026792764664,,,,,,,,,,,,,,,
,0.0001829153397581749,2209,,,,,,,,,,,,,,,,,,,,,,,,,,,,,,
3,,2209,0.08255916833877563,0.02332083135843277,0.29507961869239807,0.0013924064114689827,0.06919725984334946,0.010683847591280937,0.20107901096343994,0.007267835550010204,0.2604523003101349,0.038980018347501755,0.18771080672740936,0.5645857453346252,0.0032776021398603916,2.132122039794922,0.12254545092582703,,,,,,,,,,,,,,,
,0.00018274122886902369,2219,,,,,,,,,,,,,,,,,,,,,,,,,,,,,,
3,,2219,0.046583689749240875,0.02005515806376934,0.21291907131671906,0.0017051411559805274,0.04207819700241089,0.00691395765170455,0.1604602038860321,0.012030046433210373,0.12183772772550583,0.05899108573794365,0.18605533242225647,0.3659799098968506,0.002809880767017603,2.156493663787842,0.10752052068710327,,,,,,,,,,,,,,,
,0.00018256631903088355,2229,,,,,,,,,,,,,,,,,,,,,,,,,,,,,,
3,,2229,0.059935662895441055,0.01599489524960518,0.22135761380195618,0.0034358082339167595,0.038948480039834976,0.013018653728067875,0.14841440320014954,0.008695852011442184,0.09053267538547516,0.07135394960641861,0.17484383285045624,0.3381355404853821,0.0014331405982375145,2.113633871078491,0.10747694224119186,,,,,,,,,,,,,,,
,0.00018239061193268326,2239,,,,,,,,,,,,,,,,,,,,,,,,,,,,,,
3,,2239,0.04995028302073479,0.028754055500030518,0.22219805419445038,0.0020403044763952494,0.04107056185603142,0.018115220591425896,0.14293964207172394,0.009461697190999985,0.07214109599590302,0.037217672914266586,0.1571478247642517,0.30855727195739746,0.001158455153927207,2.165132522583008,0.09515713900327682,,,,,,,,,,,,,,,
,0.00018221410927104988,2249,,,,,,,,,,,,,,,,,,,,,,,,,,,,,,
3,,2249,0.039938610047101974,0.027204548940062523,0.22986668348312378,0.0008704625652171671,0.050567541271448135,0.007960841991007328,0.1715874820947647,0.012237496674060822,0.09738485515117645,0.04836403578519821,0.17036399245262146,0.34068500995635986,0.00018619281763676554,2.1816205978393555,0.09782761335372925,,,,,,,,,,,,,,,
,0.00018203681275029236,2259,,,,,,,,,,,,,,,,,,,,,,,,,,,,,,
3,,2259,0.07869859039783478,0.015177100896835327,0.1599680334329605,0.001684864517301321,0.04042059928178787,0.01265124324709177,0.13216911256313324,0.011546498164534569,0.13154754042625427,0.0506412573158741,0.16327805817127228,0.3524675667285919,0.0005679778987541795,2.1363720893859863,0.07995081692934036,,,,,,,,,,,,,,,
,0.00018185872408238532,2269,,,,,,,,,,,,,,,,,,,,,,,,,,,,,,
3,,2269,0.04854964092373848,0.03280380740761757,0.2675943076610565,0.0033162583131343126,0.04066064581274986,0.0073921470902860165,0.16808049380779266,0.007492039352655411,0.0639842078089714,0.029186051338911057,0.1551429033279419,0.3194386959075928,0.0021295039914548397,2.1722829341888428,0.11184746772050858,,,,,,,,,,,,,,,
,0.0001816798449869522,2279,,,,,,,,,,,,,,,,,,,,,,,,,,,,,,
3,,2279,0.06515418738126755,0.01547648198902607,0.18572834134101868,0.008186385966837406,0.034313470125198364,0.02284817583858967,0.12249934673309326,0.010178794153034687,0.10524409264326096,0.04133167862892151,0.13412001729011536,0.331414133310318,0.006934881675988436,2.1741771697998047,0.07577582448720932,,,,,,,,,,,,,,,
,0.0001815001771912489,2289,,,,,,,,,,,,,,,,,,,,,,,,,,,,,,
3,,2289,0.0442727766931057,0.016937121748924255,0.210293248295784,0.0012403805740177631,0.028767110779881477,0.11634115129709244,0.11302491277456284,0.006618020124733448,0.045404620468616486,0.02735152468085289,0.17570334672927856,0.2996656000614166,0.0009405043674632907,2.1610610485076904,0.0686696469783783,,,,,,,,,,,,,,,
,0.0001813197224301469,2299,,,,,,,,,,,,,,,,,,,,,,,,,,,,,,
3,,2299,0.05852016061544418,0.04201145097613335,0.22796311974525452,0.0015860660932958126,0.04566338658332825,0.012857439927756786,0.20815345644950867,0.012316150590777397,0.0854574590921402,0.040477052330970764,0.14721843600273132,0.34510570764541626,0.0009535336284898221,2.1701669692993164,0.08313576132059097,,,,,,,,,,,,,,,
,0.00018113848244611673,2309,,,,,,,,,,,,,,,,,,,,,,,,,,,,,,
3,,2309,0.0458802655339241,0.02967546321451664,0.23669038712978363,0.0026577990502119064,0.03856116905808449,0.014039198867976665,0.18300604820251465,0.004606385715305805,0.08741845935583115,0.048054952174425125,0.15702708065509796,0.33712464570999146,0.0028239658568054438,2.1488566398620605,0.10925174504518509,,,,,,,,,,,,,,,
,0.000180956458989211,2319,,,,,,,,,,,,,,,,,,,,,,,,,,,,,,
3,,2319,0.041874997317790985,0.023051539435982704,0.23246389627456665,0.0015175606822595,0.036945685744285583,0.008455377072095871,0.12817715108394623,0.009520914405584335,0.06801875680685043,0.0456153005361557,0.15584218502044678,0.29120129346847534,0.0034003399778157473,2.1854376792907715,0.08442441374063492,,,,,,,,,,,,,,,
,0.00018077365381704744,2329,,,,,,,,,,,,,,,,,,,,,,,,,,,,,,
3,,2329,0.0649423897266388,0.017927169799804688,0.20958514511585236,0.00256367027759552,0.05342528223991394,0.02059449814260006,0.14303837716579437,0.013126807287335396,0.13498331606388092,0.055582500994205475,0.15307700634002686,0.3823229670524597,0.0016948918346315622,2.1407835483551025,0.09690256416797638,,,,,,,,,,,,,,,
,0.00018059006869479218,2339,,,,,,,,,,,,,,,,,,,,,,,,,,,,,,
3,,2339,0.036225419491529465,0.027170345187187195,0.25253811478614807,0.0034142520744353533,0.0528140626847744,0.006010413635522127,0.14605046808719635,0.005424783565104008,0.06500374525785446,0.037337034940719604,0.18779069185256958,0.31565728783607483,0.00028761322028003633,2.153857469558716,0.1363486349582672,,,,,,,,,,,,,,,
,0.0001804057053951424,2349,,,,,,,,,,,,,,,,,,,,,,,,,,,,,,
3,,2349,0.04347760230302811,0.02724573016166687,0.20261336863040924,0.0015920036239549518,0.0415327325463295,0.013947983272373676,0.13094335794448853,0.010595539584755898,0.07361844927072525,0.04493192210793495,0.16872088611125946,0.301236629486084,0.00037102409987710416,2.108262538909912,0.10353834927082062,,,,,,,,,,,,,,,
,0.00018022056569830946,2359,,,,,,,,,,,,,,,,,,,,,,,,,,,,,,
3,,2359,0.039307594299316406,0.02340344339609146,0.23593902587890625,0.001147372997365892,0.04226253926753998,0.010635731741786003,0.15939690172672272,0.005963979288935661,0.10247314721345901,0.06411352008581161,0.17715485394001007,0.34591981768608093,0.0005888381856493652,2.173137903213501,0.11722962558269501,,,,,,,,,,,,,,,
,0.0001800346513920015,2369,,,,,,,,,,,,,,,,,,,,,,,,,,,,,,
3,,2369,0.04407769814133644,0.02667732536792755,0.2998512089252472,0.0033007359597831964,0.03958186134696007,0.01170474011451006,0.15592597424983978,0.00558644812554121,0.04988926276564598,0.05546339601278305,0.1666198968887329,0.3174355924129486,0.0012188574764877558,2.153510570526123,0.128007709980011,,,,,,,,,,,,,,,
,0.0001798479642714064,2379,,,,,,,,,,,,,,,,,,,,,,,,,,,,,,
3,,2379,0.04275290668010712,0.027985477820038795,0.3142007291316986,0.0016746517503634095,0.0644415020942688,0.013506703078746796,0.20095816254615784,0.015238550491631031,0.12480011582374573,0.04431969299912453,0.1879575401544571,0.4273778200149536,0.0010860407492145896,2.1555275917053223,0.13468292355537415,,,,,,,,,,,,,,,
,0.00017966050613917422,2389,,,,,,,,,,,,,,,,,,,,,,,,,,,,,,
3,,2389,0.05044231936335564,0.021532027050852776,0.28033140301704407,0.01016243640333414,0.057929012924432755,0.005107811186462641,0.13122056424617767,0.007101268041878939,0.10097813606262207,0.04385146126151085,0.188978910446167,0.37085479497909546,0.0005174906109459698,2.116089344024658,0.13315744698047638,,,,,,,,,,,,,,,
,0.00017947227880540006,2399,,,,,,,,,,,,,,,,,,,,,,,,,,,,,,
3,,2399,0.09870380908250809,0.00871630385518074,0.16753558814525604,0.004541580565273762,0.03326438367366791,0.009999427013099194,0.1092567890882492,0.007317950017750263,0.09980306774377823,0.047679878771305084,0.16109564900398254,0.32130056619644165,0.001080243499018252,2.1362125873565674,0.08485829830169678,,,,,,,,,,,,,,,
,0.00017928328408760627,2409,,,,,,,,,,,,,,,,,,,,,,,,,,,,,,
3,,2409,0.06403017044067383,0.030501479282975197,0.28777870535850525,0.0022004239726811647,0.04987992346286774,0.005570132751017809,0.18816068768501282,0.006116511300206184,0.09944009780883789,0.03640611469745636,0.19349931180477142,0.3844940662384033,0.00247725797817111,2.1274969577789307,0.1241815984249115,,,,,,,,,,,,,,,
,0.00017909352381072512,2419,,,,,,,,,,,,,,,,,,,,,,,,,,,,,,
3,,2419,0.04953668639063835,0.01701263338327408,0.24321144819259644,0.001736858393996954,0.042929381132125854,0.006177292205393314,0.14153774082660675,0.01152490358799696,0.08382593095302582,0.03345491737127304,0.16654402017593384,0.3243284225463867,0.0005356553010642529,2.161503314971924,0.11545249819755554,,,,,,,,,,,,,,,
,0.00017890299980708114,2429,,,,,,,,,,,,,,,,,,,,,,,,,,,,,,
3,,2429,0.04883235692977905,0.017071081325411797,0.18501746654510498,0.00078247778583318,0.04789168760180473,0.004572442267090082,0.13774029910564423,0.004926138557493687,0.08818807452917099,0.05631999671459198,0.15545517206192017,0.30170395970344543,0.00024138060689438134,2.1457149982452393,0.108609139919281,,,,,,,,,,,,,,,
,0.00017871171391637338,2439,,,,,,,,,,,,,,,,,,,,,,,,,,,,,,
3,,2439,0.06340768933296204,0.019286194816231728,0.2298252135515213,0.0026333117857575417,0.058389320969581604,0.01630428619682789,0.13083390891551971,0.00796279963105917,0.11515636742115021,0.044683508574962616,0.16849249601364136,0.36401528120040894,0.0010258376132696867,2.132917881011963,0.11004036664962769,,,,,,,,,,,,,,,
,0.00017851966798565765,2449,,,,,,,,,,,,,,,,,,,,,,,,,,,,,,
3,,2449,0.06466741859912872,0.019360974431037903,0.297203004360199,0.0030951581429690123,0.0561940036714077,0.00987018272280693,0.19711709022521973,0.010234139859676361,0.12215745449066162,0.04917987808585167,0.17853793501853943,0.41905587911605835,0.002938204677775502,2.173931837081909,0.1334817111492157,,,,,,,,,,,,,,,
,0.00017832686386932872,2459,,,,,,,,,,,,,,,,,,,,,,,,,,,,,,
3,,2459,0.06416528671979904,0.02066410519182682,0.21314409375190735,0.0004918164340779185,0.04612666741013527,0.006961285602301359,0.13206586241722107,0.010647933930158615,0.08528724312782288,0.0841149389743805,0.16498228907585144,0.3208051919937134,0.001302037970162928,2.1496028900146484,0.08380722999572754,,,,,,,,,,,,,,,
,0.00017813330342910242,2469,,,,,,,,,,,,,,,,,,,,,,,,,,,,,,
3,,2469,0.07180341333150864,0.014291951432824135,0.18280038237571716,0.0006738428492099047,0.02999042347073555,0.010045512579381466,0.12555477023124695,0.0066147749312222,0.06914296746253967,0.08366119861602783,0.1514424979686737,0.2892279028892517,0.0018248709384351969,2.138066053390503,0.09255378693342209,,,,,,,,,,,,,,,
,0.00017793898853399762,2479,,,,,,,,,,,,,,,,,,,,,,,,,,,,,,
3,,2479,0.038244325667619705,0.022774701938033104,0.25065964460372925,0.0036224881187081337,0.044978708028793335,0.00573906721547246,0.1435854434967041,0.005889946594834328,0.06875897198915482,0.03786175325512886,0.1694263517856598,0.3037574589252472,0.0026768199168145657,2.1481590270996094,0.09934724122285843,,,,,,,,,,,,,,,
,0.00017774392106031817,2489,,,,,,,,,,,,,,,,,,,,,,,,,,,,,,
3,,2489,0.06142174080014229,0.04197303578257561,0.23802663385868073,0.009078225120902061,0.03600035235285759,0.005044061690568924,0.1642920821905136,0.011283338069915771,0.12682101130485535,0.03165770694613457,0.1731058657169342,0.3922947943210602,0.0031292582862079144,2.139482259750366,0.10369972884654999,,,,,,,,,,,,,,,
,0.00017754810289163486,2499,,,,,,,,,,,,,,,,,,,,,,,,,,,,,,
3,,2499,0.05123633146286011,0.03550877049565315,0.24316823482513428,0.003953953739255667,0.05409759283065796,0.009552551433444023,0.19068275392055511,0.01148269884288311,0.1177498921751976,0.047681182622909546,0.1939895749092102,0.395189106464386,0.000637755380012095,2.162726879119873,0.1222371757030487,,,,,,,,,,,,,,,
,0.0001773515359187672,2509,,,,,,,,,,,,,,,,,,,,,,,,,,,,,,
3,,2509,0.067112036049366,0.02576245740056038,0.2591720223426819,0.00293365097604692,0.04374393820762634,0.014849375933408737,0.1520276963710785,0.0068619754165410995,0.09323756396770477,0.04269713908433914,0.18107381463050842,0.35621941089630127,0.000703643134329468,2.1060781478881836,0.1062767431139946,,,,,,,,,,,,,,,
,0.0001771542220397651,2519,,,,,,,,,,,,,,,,,,,,,,,,,,,,,,
3,,2519,0.07672686129808426,0.026453441008925438,0.21726544201374054,0.0019378454890102148,0.04366697371006012,0.027110306546092033,0.15951868891716003,0.009534034878015518,0.09635032713413239,0.05887944996356964,0.16011552512645721,0.35853642225265503,0.0009996562730520964,2.135399341583252,0.10127842426300049,,,,,,,,,,,,,,,
,0.00017695616315989063,2529,,,,,,,,,,,,,,,,,,,,,,,,,,,,,,
3,,2529,0.0344410315155983,0.03665388375520706,0.3067289888858795,0.002525413641706109,0.04943426698446274,0.012153774499893188,0.1696610450744629,0.005697566084563732,0.057691790163517,0.047914840281009674,0.183753103017807,0.33278313279151917,0.0061464677564799786,2.13084077835083,0.10677526146173477,,,,,,,,,,,,,,,
,0.00017675736119159957,2539,,,,,,,,,,,,,,,,,,,,,,,,,,,,,,
3,,2539,0.047231171280145645,0.020504180341959,0.2116779088973999,0.0037537170574069023,0.048643384128808975,0.007820308208465576,0.1748921424150467,0.011617539450526237,0.12447074800729752,0.054260119795799255,0.15179668366909027,0.3630325496196747,0.0015506383497267962,2.1062369346618652,0.09342291206121445,,,,,,,,,,,,,,,
,0.000176557818054523,2549,,,,,,,,,,,,,,,,,,,,,,,,,,,,,,
3,,2549,0.03023885004222393,0.02079062908887863,0.24099527299404144,0.003166187321767211,0.04247228056192398,0.01033638883382082,0.15791188180446625,0.00459017138928175,0.05085444822907448,0.04132483899593353,0.15014095604419708,0.28253373503685,0.003060899907723069,2.1755199432373047,0.11212214827537537,,,,,,,,,,,,,,,
,0.00017635753567544864,2559,,,,,,,,,,,,,,,,,,,,,,,,,,,,,,
3,,2559,0.03702358528971672,0.015662215650081635,0.1622145175933838,0.0012291002785786986,0.02984251268208027,0.02040153741836548,0.10642533749341965,0.009646495804190636,0.07036882638931274,0.04985499382019043,0.13653185963630676,0.25487884879112244,0.001662480877712369,2.1228678226470947,0.06492842733860016,,,,,,,,,,,,,,,
,0.0001761565159883024,2569,,,,,,,,,,,,,,,,,,,,,,,,,,,,,,
3,,2569,0.03966885805130005,0.01353385392576456,0.25790539383888245,0.001594335539266467,0.050237987190485,0.007905936799943447,0.15240952372550964,0.005199244245886803,0.0459534227848053,0.07152675092220306,0.1742885410785675,0.29918938875198364,0.000797525979578495,2.108156442642212,0.14274567365646362,,,,,,,,,,,,,,,
,0.00017595476093412957,2579,,,,,,,,,,,,,,,,,,,,,,,,,,,,,,
3,,2579,0.0753636509180069,0.025253737345337868,0.3172125518321991,0.0009708023862913251,0.07265930622816086,0.015094100497663021,0.17048382759094238,0.01074097491800785,0.11271677166223526,0.04778066650032997,0.19687046110630035,0.43602254986763,0.0006486624479293823,2.1418960094451904,0.17708085477352142,,,,,,,,,,,,,,,
,0.00017575227246107624,2589,,,,,,,,,,,,,,,,,,,,,,,,,,,,,,
3,,2589,0.03298819810152054,0.01584756374359131,0.21599243581295013,0.0009834339143708348,0.030660932883620262,0.022091509774327278,0.09997862577438354,0.0064207264222204685,0.05031557008624077,0.03702280670404434,0.1760151982307434,0.25711098313331604,0.0037948780227452517,2.086486339569092,0.07834463566541672,,,,,,,,,,,,,,,
,0.0001755490525243703,2599,,,,,,,,,,,,,,,,,,,,,,,,,,,,,,
3,,2599,0.04645886644721031,0.025026407092809677,0.23222002387046814,0.0009201858192682266,0.03832707554101944,0.0107713108882308,0.1489386111497879,0.007129720877856016,0.07259051501750946,0.02762753702700138,0.1672050952911377,0.3069600462913513,0.0017258618026971817,2.146536111831665,0.10633507370948792,,,,,,,,,,,,,,,
,0.00017534510308630266,2609,,,,,,,,,,,,,,,,,,,,,,,,,,,,,,
3,,2609,0.07083654403686523,0.01355093251913786,0.20818282663822174,0.0022953744046390057,0.041347209364175797,0.008334173820912838,0.14249521493911743,0.010705983266234398,0.10785935819149017,0.0504831001162529,0.15544889867305756,0.3405117392539978,0.0014998913975432515,2.1578094959259033,0.08689220994710922,,,,,,,,,,,,,,,
,0.00017514042611620832,2619,,,,,,,,,,,,,,,,,,,,,,,,,,,,,,
3,,2619,0.01980256289243698,0.03032871149480343,0.23335370421409607,0.0009083182667382061,0.04801182448863983,0.0028055321890860796,0.14820817112922668,0.005493363831192255,0.09733552485704422,0.04514950141310692,0.15706492960453033,0.3236915171146393,0.0009690812439657748,2.1550965309143066,0.12767721712589264,,,,,,,,,,,,,,,
,0.00017493502359044736,2629,,,,,,,,,,,,,,,,,,,,,,,,,,,,,,
3,,2629,0.06938831508159637,0.0257144533097744,0.2400110512971878,0.0012742496328428388,0.05074029788374901,0.012708998285233974,0.14145427942276,0.010202670469880104,0.09482578933238983,0.05836861953139305,0.17762956023216248,0.3583388328552246,0.0008235523710027337,2.149088144302368,0.11848321557044983,,,,,,,,,,,,,,,
,0.00017472889749238575,2639,,,,,,,,,,,,,,,,,,,,,,,,,,,,,,
3,,2639,0.05855879932641983,0.014564715325832367,0.16778258979320526,0.0007735316175967455,0.039683133363723755,0.014853978529572487,0.1237335279583931,0.010659727267920971,0.07280238717794418,0.059225600212812424,0.14798228442668915,0.28287723660469055,0.0014686668291687965,2.1370861530303955,0.08323802053928375,,,,,,,,,,,,,,,
,0.0001745220498123763,2649,,,,,,,,,,,,,,,,,,,,,,,,,,,,,,
3,,2649,0.04330005496740341,0.022239310666918755,0.25412777066230774,0.0015746569260954857,0.04886889457702637,0.020829226821660995,0.16230164468288422,0.011221334338188171,0.07369356602430344,0.05703677237033844,0.1709756851196289,0.33240368962287903,0.002519444329664111,2.1378448009490967,0.102175772190094,,,,,,,,,,,,,,,
,0.00017431448254773944,2659,,,,,,,,,,,,,,,,,,,,,,,,,,,,,,
3,,2659,0.03393338620662689,0.01243505533784628,0.24897657334804535,0.003267635591328144,0.03862965479493141,0.012116745114326477,0.10349930822849274,0.004185105673968792,0.038656383752822876,0.04038865119218826,0.1493222862482071,0.2570697069168091,0.004755812231451273,2.181917428970337,0.10685893893241882,,,,,,,,,,,,,,,
,0.00017410619770274384,2669,,,,,,,,,,,,,,,,,,,,,,,,,,,,,,
3,,2669,0.06114954128861427,0.015963049605488777,0.28599223494529724,0.0038854132872074842,0.04440061375498772,0.014108417555689812,0.16617248952388763,0.008975803852081299,0.101169653236866,0.031895846128463745,0.19048070907592773,0.37445512413978577,0.0029175416566431522,2.1750402450561523,0.10723689943552017,,,,,,,,,,,,,,,
,0.0001738971972885872,2679,,,,,,,,,,,,,,,,,,,,,,,,,,,,,,
3,,2679,0.0598454475402832,0.016724146902561188,0.21203000843524933,0.0026638894341886044,0.0467434823513031,0.018871773034334183,0.14894820749759674,0.008283453062176704,0.12391990423202515,0.05226458981633186,0.15543799102306366,0.364828497171402,0.00041255628457292914,2.14673113822937,0.10680411010980606,,,,,,,,,,,,,,,
,0.0001736874833233767,2689,,,,,,,,,,,,,,,,,,,,,,,,,,,,,,
3,,2689,0.05480949208140373,0.05391959846019745,0.27584680914878845,0.0015237578190863132,0.05173974484205246,0.00643426226451993,0.2160148024559021,0.009047586470842361,0.09628993272781372,0.03557119145989418,0.1790357381105423,0.3848329782485962,0.0003657049674075097,2.1621968746185303,0.11526909470558167,,,,,,,,,,,,,,,
,0.0001734770578321096,2699,,,,,,,,,,,,,,,,,,,,,,,,,,,,,,
3,,2699,0.04022777080535889,0.05483827367424965,0.245128333568573,0.0018283867975696921,0.039315588772296906,0.008680379949510098,0.20265088975429535,0.010968594811856747,0.060404423624277115,0.04495773836970329,0.1599510908126831,0.31895312666893005,0.0016046565724536777,2.1364572048187256,0.08331217616796494,,,,,,,,,,,,,,,
,0.00017326592284665364,2709,,,,,,,,,,,,,,,,,,,,,,,,,,,,,,
3,,2709,0.041936587542295456,0.023985952138900757,0.24610377848148346,0.0037087085656821728,0.03667652979493141,0.007287487853318453,0.15501464903354645,0.005601926706731319,0.05605504289269447,0.0756225436925888,0.1542998105287552,0.29427751898765564,0.0006557938177138567,2.119680166244507,0.1003078892827034,,,,,,,,,,,,,,,
,0.00017305408040572742,2719,,,,,,,,,,,,,,,,,,,,,,,,,,,,,,
3,,2719,0.050829049199819565,0.016832446679472923,0.20081397891044617,0.0019864875357598066,0.050085123628377914,0.014611228369176388,0.15046191215515137,0.012004618532955647,0.12536032497882843,0.060477014631032944,0.1793384850025177,0.37123310565948486,0.0011036860523745418,2.181039571762085,0.12001560628414154,,,,,,,,,,,,,,,
,0.0001728415325548807,2729,,,,,,,,,,,,,,,,,,,,,,,,,,,,,,
3,,2729,0.03942659869790077,0.02800995670258999,0.22406074404716492,0.0013285217573866248,0.03733883425593376,0.013873274438083172,0.15190871059894562,0.008560561574995518,0.09627924859523773,0.03888332471251488,0.14015011489391327,0.3184067904949188,0.002842085435986519,2.1753997802734375,0.07716603577136993,,,,,,,,,,,,,,,
,0.00017262828134647476,2739,,,,,,,,,,,,,,,,,,,,,,,,,,,,,,
3,,2739,0.06197545304894447,0.023756176233291626,0.2604888379573822,0.003668775549158454,0.04327506944537163,0.008956477977335453,0.17240877449512482,0.0029648304916918278,0.03546278551220894,0.043855853378772736,0.14165669679641724,0.28329622745513916,0.002656994154676795,2.145972490310669,0.08865681290626526,,,,,,,,,,,,,,,
,0.00017241432883966247,2749,,,,,,,,,,,,,,,,,,,,,,,,,,,,,,
3,,2749,0.03922048583626747,0.02450519986450672,0.23658305406570435,0.003471421543508768,0.04173959791660309,0.008393912576138973,0.13786527514457703,0.005989007651805878,0.07380016148090363,0.02515493705868721,0.17411275207996368,0.2977769076824188,0.0021711119916290045,2.1423285007476807,0.08088000863790512,,,,,,,,,,,,,,,
,0.00017219967710036836,2759,,,,,,,,,,,,,,,,,,,,,,,,,,,,,,
3,,2759,0.09492775052785873,0.02329430542886257,0.2662334740161896,0.003384361043572426,0.058509550988674164,0.007105381693691015,0.17988261580467224,0.008929355069994926,0.16491493582725525,0.07253766804933548,0.176377534866333,0.4610314965248108,0.001961713656783104,2.1328177452087402,0.11960864067077637,,,,,,,,,,,,,,,
,0.00017198432820126884,2769,,,,,,,,,,,,,,,,,,,,,,,,,,,,,,
3,,2769,0.06717797368764877,0.016098227351903915,0.22256049513816833,0.0017632177332416177,0.05741584300994873,0.011287659406661987,0.1517045646905899,0.008329350501298904,0.16791518032550812,0.060507021844387054,0.15421421825885773,0.4135284721851349,0.0017367947148159146,2.1216697692871094,0.09714891016483307,,,,,,,,,,,,,,,
,0.00017176828422177205,2779,,,,,,,,,,,,,,,,,,,,,,,,,,,,,,
3,,2779,0.027098704129457474,0.024820951744914055,0.3200792968273163,0.0010994937038049102,0.027103478088974953,0.004557352047413588,0.18489904701709747,0.0032132240012288094,0.017624488100409508,0.033829350024461746,0.14135713875293732,0.25998494029045105,0.0023631935473531485,2.1524293422698975,0.09185969084501266,,,,,,,,,,,,,,,
3,,2779,,,,,,,,,,,,,,,,0.17285501956939697,0.03557145223021507,0.2762369215488434,0.008935087360441685,0.07860469818115234,0.001894978922791779,0.16147156059741974,0.021487686783075333,0.19361726939678192,0.06943920999765396,0.1922241896390915,0.5720093250274658,0.009934228844940662,2.130906820297241,0.14893530309200287
,0.00017155154724799782,2789,,,,,,,,,,,,,,,,,,,,,,,,,,,,,,
4,,2789,0.047365907579660416,0.05218523368239403,0.22411519289016724,0.0012421526480466127,0.03646676987409592,0.003928918391466141,0.1914321929216385,0.012845095247030258,0.07661526650190353,0.057034920901060104,0.1559033989906311,0.3275313973426819,0.0024407629389315844,2.161114454269409,0.07973811775445938,,,,,,,,,,,,,,,
,0.00017133411937275757,2799,,,,,,,,,,,,,,,,,,,,,,,,,,,,,,
4,,2799,0.043249960988759995,0.015004514716565609,0.18830151855945587,0.011242587119340897,0.026333075016736984,0.004340764135122299,0.11319234222173691,0.006065349094569683,0.078234001994133,0.041161391884088516,0.135430246591568,0.27558276057243347,0.0034932903945446014,2.2013771533966064,0.07372759282588959,,,,,,,,,,,,,,,
,0.00017111600269553395,2809,,,,,,,,,,,,,,,,,,,,,,,,,,,,,,
4,,2809,0.049729034304618835,0.024799251928925514,0.2403050661087036,0.0008341157808899879,0.042022593319416046,0.008416743949055672,0.16098886728286743,0.00930783525109291,0.0685940831899643,0.02634967491030693,0.1643824577331543,0.3030349612236023,0.0009175791637971997,2.1510143280029297,0.08238473534584045,,,,,,,,,,,,,,,
,0.0001708971993224608,2819,,,,,,,,,,,,,,,,,,,,,,,,,,,,,,
4,,2819,0.06181322783231735,0.02925211191177368,0.2281784564256668,0.0013481484493240714,0.03961877524852753,0.01634894870221615,0.2516869306564331,0.009080980904400349,0.11954724043607712,0.021820735186338425,0.12916475534439087,0.38144829869270325,0.00012075698032276705,2.1164379119873047,0.10061071068048477,,,,,,,,,,,,,,,
,0.00017067771136630272,2829,,,,,,,,,,,,,,,,,,,,,,,,,,,,,,
4,,2829,0.03734142705798149,0.040491074323654175,0.28352344036102295,0.0010213530622422695,0.04374740645289421,0.007925787940621376,0.19318534433841705,0.005827750079333782,0.049859996885061264,0.04815901443362236,0.17477716505527496,0.3156970143318176,0.0003119891625829041,2.128573179244995,0.11125452816486359,,,,,,,,,,,,,,,
,0.00017045754094643448,2839,,,,,,,,,,,,,,,,,,,,,,,,,,,,,,
4,,2839,0.039538752287626266,0.023360488936305046,0.2052944153547287,0.00039556800038553774,0.03592871129512787,0.012120487168431282,0.14035868644714355,0.0068483054637908936,0.0661141574382782,0.05395087972283363,0.15623977780342102,0.28027403354644775,0.001875020912848413,2.1841201782226562,0.08288805931806564,,,,,,,,,,,,,,,
,0.00017023669018882088,2849,,,,,,,,,,,,,,,,,,,,,,,,,,,,,,
4,,2849,0.08517199754714966,0.06722483038902283,0.29867318272590637,0.0018172598211094737,0.06987655162811279,0.01858380064368248,0.2153514176607132,0.012807570397853851,0.14476895332336426,0.06844159215688705,0.18838240206241608,0.48929548263549805,0.0005116569809615612,2.1228346824645996,0.13923518359661102,,,,,,,,,,,,,,,
,0.0001700151612259959,2859,,,,,,,,,,,,,,,,,,,,,,,,,,,,,,
4,,2859,0.040474485605955124,0.03151247650384903,0.2925731837749481,0.00216376269236207,0.062000028789043427,0.006351954769343138,0.19927725195884705,0.01257096417248249,0.11164553463459015,0.06786474585533142,0.17809945344924927,0.39979586005210876,0.0007258894038386643,2.1478893756866455,0.12593546509742737,,,,,,,,,,,,,,,
,0.00016979295619704246,2869,,,,,,,,,,,,,,,,,,,,,,,,,,,,,,
4,,2869,0.04509657248854637,0.016313912346959114,0.21198730170726776,0.0025620220694690943,0.05056944489479065,0.007982565090060234,0.13441608846187592,0.01083205733448267,0.09287656843662262,0.0329415500164032,0.15873472392559052,0.3188525438308716,0.0022434431593865156,2.1550562381744385,0.1024751365184784,,,,,,,,,,,,,,,
,0.00016957007724757142,2879,,,,,,,,,,,,,,,,,,,,,,,,,,,,,,
4,,2879,0.04658244177699089,0.01363972295075655,0.14273777604103088,0.0014889849117025733,0.03405319154262543,0.015874529257416725,0.07787594199180603,0.006506868172436953,0.05605859309434891,0.042718879878520966,0.12608066201210022,0.22309482097625732,0.0023457969073206186,2.1592202186584473,0.05860872566699982,,,,,,,,,,,,,,,
,0.00016934652652970104,2889,,,,,,,,,,,,,,,,,,,,,,,,,,,,,,
4,,2889,0.04234262928366661,0.02503889799118042,0.21297572553157806,0.001898686634376645,0.05009808763861656,0.009585907682776451,0.1759849637746811,0.010097409598529339,0.1114979088306427,0.047947052866220474,0.14597423374652863,0.34428080916404724,0.0017041487153619528,2.170786142349243,0.08767485618591309,,,,,,,,,,,,,,,
,0.00016912230620203623,2899,,,,,,,,,,,,,,,,,,,,,,,,,,,,,,
4,,2899,0.0556657612323761,0.02400122955441475,0.22010979056358337,0.002089160494506359,0.05242994800209999,0.00651137437671423,0.15781313180923462,0.009179306216537952,0.07922320067882538,0.04819970577955246,0.16232572495937347,0.3239954710006714,0.0017852603923529387,2.124751329421997,0.10913561284542084,,,,,,,,,,,,,,,
,0.00016889741842964759,2909,,,,,,,,,,,,,,,,,,,,,,,,,,,,,,
4,,2909,0.044373806565999985,0.01605595275759697,0.25708693265914917,0.00048620119923725724,0.04493886977434158,0.007246590219438076,0.1528560370206833,0.003705053124576807,0.05766686797142029,0.031502265483140945,0.17312639951705933,0.2849462032318115,0.0011068879393860698,2.110072612762451,0.07941050082445145,,,,,,,,,,,,,,,
,0.00016867186538405062,2919,,,,,,,,,,,,,,,,,,,,,,,,,,,,,,
4,,2919,0.0601954311132431,0.02681746333837509,0.24198444187641144,0.004886812996119261,0.04504340514540672,0.01019273791462183,0.15179425477981567,0.00848258938640356,0.12293055653572083,0.05061696097254753,0.16611643135547638,0.3745715916156769,0.0018996051512658596,2.1089119911193848,0.09276795387268066,,,,,,,,,,,,,,,
,0.0001684456492431846,2929,,,,,,,,,,,,,,,,,,,,,,,,,,,,,,
4,,2929,0.08156723529100418,0.01652778498828411,0.18588043749332428,0.0012400351697579026,0.039280615746974945,0.011807496659457684,0.1473166048526764,0.0050551630556583405,0.06481470912694931,0.030503960326313972,0.13779693841934204,0.2866125702857971,0.0008858712972141802,2.174379587173462,0.08923296630382538,,,,,,,,,,,,,,,
,0.00016821877219139184,2939,,,,,,,,,,,,,,,,,,,,,,,,,,,,,,
4,,2939,0.07897531241178513,0.017666233703494072,0.2408844530582428,0.0013026645174250007,0.052151359617710114,0.017291272059082985,0.1584690660238266,0.007861467078328133,0.1180623471736908,0.053291141986846924,0.17213162779808044,0.38447436690330505,0.0003322104166727513,2.1518325805664062,0.11458496004343033,,,,,,,,,,,,,,,
,0.00016799123641939617,2949,,,,,,,,,,,,,,,,,,,,,,,,,,,,,,
4,,2949,0.021963348612189293,0.025442924350500107,0.21794837713241577,0.001941169612109661,0.04020022973418236,0.004832003731280565,0.10933709144592285,0.0023729191161692142,0.032267481088638306,0.024298738688230515,0.1455949991941452,0.2287612408399582,0.0016868391539901495,2.1673102378845215,0.10461773723363876,,,,,,,,,,,,,,,
,0.0001677630441242821,2959,,,,,,,,,,,,,,,,,,,,,,,,,,,,,,
4,,2959,0.028729205951094627,0.03593815490603447,0.2675219476222992,0.0010019558249041438,0.04292980208992958,0.016816161572933197,0.15764640271663666,0.011388855054974556,0.0667356625199318,0.03981402888894081,0.1693803369998932,0.33124497532844543,0.008850122801959515,2.154634952545166,0.11957205832004547,,,,,,,,,,,,,,,
,0.0001675341975094737,2969,,,,,,,,,,,,,,,,,,,,,,,,,,,,,,
4,,2969,0.03998059406876564,0.04183594137430191,0.3370591998100281,0.0029687650967389345,0.045689668506383896,0.005114339757710695,0.23323874175548553,0.009571092203259468,0.07745353132486343,0.04367225617170334,0.174190953373909,0.3742298483848572,0.0025473556015640497,2.1371443271636963,0.10056120157241821,,,,,,,,,,,,,,,
,0.00016730469878471294,2979,,,,,,,,,,,,,,,,,,,,,,,,,,,,,,
4,,2979,0.06159500405192375,0.015727130696177483,0.18015673756599426,0.0011151942890137434,0.02862921543419361,0.008796941488981247,0.11152840405702591,0.007850303314626217,0.07937663793563843,0.033556122332811356,0.12641356885433197,0.2769179046154022,0.005071376450359821,2.1466174125671387,0.07538342475891113,,,,,,,,,,,,,,,
,0.0001670745501660386,2989,,,,,,,,,,,,,,,,,,,,,,,,,,,,,,
4,,2989,0.0445246547460556,0.04478883370757103,0.26254066824913025,0.0002522384747862816,0.0355939045548439,0.015312393195927143,0.18633171916007996,0.008662886917591095,0.0812876895070076,0.03632831946015358,0.1607026904821396,0.3345731198787689,0.0007761937449686229,2.1073009967803955,0.07975546270608902,,,,,,,,,,,,,,,
,0.00016684375387576486,2999,,,,,,,,,,,,,,,,,,,,,,,,,,,,,,
4,,2999,0.06164850667119026,0.024929480627179146,0.24955306947231293,0.0026346934027969837,0.045716557651758194,0.006459237542003393,0.18258333206176758,0.013262802734971046,0.16725000739097595,0.05819997936487198,0.17106157541275024,0.4363892376422882,0.00231162435375154,2.139517068862915,0.10673748701810837,,,,,,,,,,,,,,,
,0.00016661231214245987,3009,,,,,,,,,,,,,,,,,,,,,,,,,,,,,,
4,,3009,0.05596374720335007,0.029490051791071892,0.33900758624076843,0.00420999713242054,0.05386844277381897,0.009150112979114056,0.24390356242656708,0.01202413160353899,0.13954660296440125,0.08116311579942703,0.19319914281368256,0.46346738934516907,0.0008885494316928089,2.143404722213745,0.11828532814979553,,,,,,,,,,,,,,,
,0.00016638022720092405,3019,,,,,,,,,,,,,,,,,,,,,,,,,,,,,,
4,,3019,0.04867049306631088,0.04157670587301254,0.27109265327453613,0.005405317060649395,0.04780479520559311,0.013839141465723515,0.1718919575214386,0.00488709332421422,0.11549219489097595,0.04612736776471138,0.17609871923923492,0.38410961627960205,0.0005258938181214035,2.1666817665100098,0.10507605224847794,,,,,,,,,,,,,,,
,0.00016614750129216875,3029,,,,,,,,,,,,,,,,,,,,,,,,,,,,,,
4,,3029,0.06683819741010666,0.017191100865602493,0.2680080533027649,0.0034554097801446915,0.05149227753281593,0.013381033204495907,0.159763365983963,0.008391203358769417,0.10078435391187668,0.06404262036085129,0.18325819075107574,0.3823796510696411,0.001838454743847251,2.1425299644470215,0.13816609978675842,,,,,,,,,,,,,,,
,0.00016591413666339447,3039,,,,,,,,,,,,,,,,,,,,,,,,,,,,,,
4,,3039,0.030454356223344803,0.02649509347975254,0.22502601146697998,0.0004977628123015165,0.04219469428062439,0.00598101643845439,0.12908686697483063,0.005873861722648144,0.09207645058631897,0.018728962168097496,0.15147213637828827,0.2976503074169159,0.00040640676161274314,2.1373114585876465,0.08849380910396576,,,,,,,,,,,,,,,
,0.0001656801355679691,3049,,,,,,,,,,,,,,,,,,,,,,,,,,,,,,
4,,3049,0.05492314323782921,0.02988434210419655,0.19622786343097687,0.0021183390635997057,0.036436595022678375,0.015453683212399483,0.15513023734092712,0.00997088011354208,0.10536904633045197,0.032121844589710236,0.14040523767471313,0.32921743392944336,0.0006057410500943661,2.2004265785217285,0.0811728984117508,,,,,,,,,,,,,,,
,0.0001654455002654064,3059,,,,,,,,,,,,,,,,,,,,,,,,,,,,,,
4,,3059,0.05121484771370888,0.03089192695915699,0.2542605400085449,0.0011740559712052345,0.03421495854854584,0.013616173528134823,0.1376163214445114,0.007083861157298088,0.05883019044995308,0.05288416147232056,0.182925745844841,0.30668744444847107,0.0012152892304584384,2.1144204139709473,0.09952671825885773,,,,,,,,,,,,,,,
,0.0001652102330213439,3069,,,,,,,,,,,,,,,,,,,,,,,,,,,,,,
4,,3069,0.05006589740514755,0.05807018652558327,0.30483001470565796,0.003090644720941782,0.043221477419137955,0.003879432799294591,0.1956564486026764,0.007667273283004761,0.08714044094085693,0.028153201565146446,0.185566708445549,0.37768080830574036,0.00361097464337945,2.1076653003692627,0.11155315488576889,,,,,,,,,,,,,,,
,0.0001649743361075212,3079,,,,,,,,,,,,,,,,,,,,,,,,,,,,,,
4,,3079,0.04934610053896904,0.011332455091178417,0.14424945414066315,0.0010570719605311751,0.027157684788107872,0.011779296211898327,0.0854378193616867,0.0076339347288012505,0.061365529894828796,0.04266982525587082,0.13651815056800842,0.2293374389410019,0.0007061899523250759,2.1177704334259033,0.06117064878344536,,,,,,,,,,,,,,,
,0.00016473781180175806,3089,,,,,,,,,,,,,,,,,,,,,,,,,,,,,,
4,,3089,0.0792539119720459,0.019756343215703964,0.25165480375289917,0.002344014821574092,0.06387756764888763,0.016769448295235634,0.17514699697494507,0.00906000379472971,0.2025028020143509,0.0574537068605423,0.1551060825586319,0.4770236909389496,0.001316312002018094,2.1029136180877686,0.10331497341394424,,,,,,,,,,,,,,,
,0.0001645006623879322,3099,,,,,,,,,,,,,,,,,,,,,,,,,,,,,,
4,,3099,0.05498681217432022,0.01974332146346569,0.21542029082775116,0.0017418641364201903,0.053795646876096725,0.0076134828850626945,0.1766047179698944,0.01956627145409584,0.14439897239208221,0.047283343970775604,0.1571521759033203,0.40310993790626526,0.003642477560788393,2.1445863246917725,0.11271262168884277,,,,,,,,,,,,,,,
,0.00016426289015595752,3109,,,,,,,,,,,,,,,,,,,,,,,,,,,,,,
4,,3109,0.033660463988780975,0.034059856086969376,0.19499675929546356,0.002015006961300969,0.027717560529708862,0.015457157976925373,0.11860872060060501,0.0047729238867759705,0.03748583048582077,0.02232021652162075,0.14868158102035522,0.22824949026107788,0.0011013152543455362,2.1416985988616943,0.05508899316191673,,,,,,,,,,,,,,,
,0.00016402449740176173,3119,,,,,,,,,,,,,,,,,,,,,,,,,,,,,,
4,,3119,0.05058393254876137,0.025412477552890778,0.2886727750301361,0.003724326379597187,0.03978121653199196,0.006823931820690632,0.14983342587947845,0.0034874745178967714,0.08270049095153809,0.03606155887246132,0.1853678971529007,0.3436771035194397,0.006062236148864031,2.2088184356689453,0.10781779885292053,,,,,,,,,,,,,,,
,0.00016378548642726433,3129,,,,,,,,,,,,,,,,,,,,,,,,,,,,,,
4,,3129,0.05208907276391983,0.02750849723815918,0.24011553823947906,0.0020966348238289356,0.03641626983880997,0.007945415563881397,0.1458347588777542,0.01019585132598877,0.08976032584905624,0.02646378055214882,0.15902315080165863,0.32340773940086365,0.0008397133788093925,2.1648693084716797,0.08707644045352936,,,,,,,,,,,,,,,
,0.00016354585954035444,3139,,,,,,,,,,,,,,,,,,,,,,,,,,,,,,
4,,3139,0.04607249051332474,0.01837961934506893,0.16011764109134674,0.0039481655694544315,0.04736310988664627,0.014554474502801895,0.11093851178884506,0.008499834686517715,0.060015760362148285,0.045810576528310776,0.14846304059028625,0.25951531529426575,0.000984449521638453,2.1548802852630615,0.08075623214244843,,,,,,,,,,,,,,,
,0.00016330561905486833,3149,,,,,,,,,,,,,,,,,,,,,,,,,,,,,,
4,,3149,0.06579314917325974,0.02379041351377964,0.26101037859916687,0.0017492912011221051,0.04753902554512024,0.006943464279174805,0.15638652443885803,0.009556286036968231,0.07190291583538055,0.05653117597103119,0.16727128624916077,0.33823513984680176,0.002044469816610217,2.1383066177368164,0.11959747225046158,,,,,,,,,,,,,,,
,0.0001630647672905672,3159,,,,,,,,,,,,,,,,,,,,,,,,,,,,,,
4,,3159,0.0339081734418869,0.028675556182861328,0.2522048354148865,0.0006262274109758437,0.03228579834103584,0.006067900452762842,0.13285231590270996,0.0028535136952996254,0.0292352344840765,0.03978535160422325,0.16046041250228882,0.24295921623706818,0.0002381586964474991,2.136397123336792,0.07847322523593903,,,,,,,,,,,,,,,
,0.00016282330657311475,3169,,,,,,,,,,,,,,,,,,,,,,,,,,,,,,
4,,3169,0.039818018674850464,0.013764375820755959,0.22115767002105713,0.0039923242293298244,0.039352238178253174,0.005205610301345587,0.13118545711040497,0.009660143405199051,0.07767381519079208,0.045048076659440994,0.15933090448379517,0.3017238974571228,0.008105938322842121,2.1272811889648438,0.08889658004045486,,,,,,,,,,,,,,,
,0.00016258123923405476,3179,,,,,,,,,,,,,,,,,,,,,,,,,,,,,,
4,,3179,0.02723739854991436,0.030847709625959396,0.29242828488349915,0.004681628663092852,0.040158938616514206,0.00570088904350996,0.14261049032211304,0.0035078460350632668,0.03895103931427002,0.04660523310303688,0.16176848113536835,0.2867741286754608,0.0025823500473052263,2.14373779296875,0.11825898289680481,,,,,,,,,,,,,,,
,0.00016233856761078857,3189,,,,,,,,,,,,,,,,,,,,,,,,,,,,,,
4,,3189,0.04177356883883476,0.043948207050561905,0.24770373106002808,0.003546118503436446,0.03504686802625656,0.015008566901087761,0.19669733941555023,0.008141417987644672,0.09074418991804123,0.0578794851899147,0.1728726327419281,0.3551154136657715,0.0015593987191095948,2.1046011447906494,0.0988343209028244,,,,,,,,,,,,,,,
,0.00016209529404655236,3199,,,,,,,,,,,,,,,,,,,,,,,,,,,,,,
4,,3199,0.05625438690185547,0.016320692375302315,0.2187650501728058,0.003977693151682615,0.04510720819234848,0.012598942033946514,0.13581545650959015,0.012714449316263199,0.11641950160264969,0.028719546273350716,0.15565066039562225,0.35006222128868103,0.0017705484060570598,2.1874709129333496,0.09308942407369614,,,,,,,,,,,,,,,
,0.00016185142089039482,3209,,,,,,,,,,,,,,,,,,,,,,,,,,,,,,
4,,3209,0.05041046068072319,0.03591092303395271,0.266838401556015,0.002630799077451229,0.0354611799120903,0.004979725461453199,0.1655050367116928,0.007021748926490545,0.06699445843696594,0.044440507888793945,0.15471436083316803,0.3093959093093872,0.0015283121028915048,2.120051622390747,0.07086362689733505,,,,,,,,,,,,,,,
,0.00016160695049715414,3219,,,,,,,,,,,,,,,,,,,,,,,,,,,,,,
4,,3219,0.05757080391049385,0.01840607263147831,0.19704373180866241,0.0003767037414945662,0.040279682725667953,0.017467603087425232,0.11837814003229141,0.006849637255072594,0.15101830661296844,0.04490238055586815,0.1673881858587265,0.3730783462524414,0.0004735063703265041,2.1347572803497314,0.10162675380706787,,,,,,,,,,,,,,,
,0.00016136188522743555,3229,,,,,,,,,,,,,,,,,,,,,,,,,,,,,,
4,,3229,0.04094799980521202,0.015438889153301716,0.1719396412372589,0.0011831228621304035,0.0293267872184515,0.016257382929325104,0.12451138347387314,0.0037328568287193775,0.05570759251713753,0.02687693201005459,0.15117278695106506,0.2408629059791565,0.0008471381152048707,2.136906862258911,0.06768805533647537,,,,,,,,,,,,,,,
,0.00016111622744758832,3239,,,,,,,,,,,,,,,,,,,,,,,,,,,,,,
4,,3239,0.06494610756635666,0.06332975625991821,0.3004627823829651,0.0019136512419208884,0.057617127895355225,0.01488726306706667,0.24985665082931519,0.011925793252885342,0.13299722969532013,0.038541071116924286,0.19786648452281952,0.4599117636680603,0.0011630920926108956,2.169609546661377,0.11433887481689453,,,,,,,,,,,,,,,
,0.00016086997952968307,3249,,,,,,,,,,,,,,,,,,,,,,,,,,,,,,
4,,3249,0.059441450983285904,0.023855900391936302,0.20030851662158966,0.0020573127549141645,0.04440712183713913,0.009778699837625027,0.12750518321990967,0.005571521818637848,0.09036120772361755,0.047604192048311234,0.14802351593971252,0.30853646993637085,0.0006599650951102376,2.1131503582000732,0.08639343082904816,,,,,,,,,,,,,,,
,0.0001606231438514887,3259,,,,,,,,,,,,,,,,,,,,,,,,,,,,,,
4,,3259,0.06121066212654114,0.021364843472838402,0.22789837419986725,0.0011227745562791824,0.04282843694090843,0.006744397338479757,0.1795814335346222,0.01104809157550335,0.12405061721801758,0.052886176854372025,0.1760217249393463,0.3770832121372223,0.002766877179965377,2.1482913494110107,0.09487368166446686,,,,,,,,,,,,,,,
,0.0001603757227964496,3269,,,,,,,,,,,,,,,,,,,,,,,,,,,,,,
4,,3269,0.0654599592089653,0.015204302035272121,0.21860162913799286,0.0011467853328213096,0.04387355223298073,0.016399145126342773,0.13716460764408112,0.0062546757981181145,0.13227857649326324,0.04201402887701988,0.1659279614686966,0.3698371648788452,0.00020907341968268156,2.151362180709839,0.10869668424129486,,,,,,,,,,,,,,,
,0.00016012771875366255,3279,,,,,,,,,,,,,,,,,,,,,,,,,,,,,,
4,,3279,0.06400495767593384,0.017619585618376732,0.20418941974639893,0.0003852742083836347,0.046000298112630844,0.0062844711355865,0.1523800492286682,0.011141803115606308,0.14631693065166473,0.06441399455070496,0.15562382340431213,0.3833492696285248,0.00176081748213619,2.131389617919922,0.09971041977405548,,,,,,,,,,,,,,,
,0.0001598791341178536,3289,,,,,,,,,,,,,,,,,,,,,,,,,,,,,,
4,,3289,0.04719497635960579,0.015209432691335678,0.1813964545726776,0.0027449936605989933,0.032570891082286835,0.006350144278258085,0.12231612205505371,0.005548988934606314,0.0938367024064064,0.03913654014468193,0.13019739091396332,0.28384947776794434,0.001818247139453888,2.117042303085327,0.07331199198961258,,,,,,,,,,,,,,,
,0.0001596299712893551,3299,,,,,,,,,,,,,,,,,,,,,,,,,,,,,,
4,,3299,0.043848566710948944,0.023226706311106682,0.15133707225322723,0.0006273309118114412,0.03231705352663994,0.009629752486944199,0.0996238961815834,0.0049173785373568535,0.04587078094482422,0.04168519005179405,0.12925076484680176,0.21570156514644623,0.00021264339738991112,2.1376113891601562,0.05851435661315918,,,,,,,,,,,,,,,
,0.00015938023267408227,3309,,,,,,,,,,,,,,,,,,,,,,,,,,,,,,
4,,3309,0.07451361417770386,0.019757989794015884,0.24909105896949768,0.0004465865495149046,0.06698746234178543,0.004779195878654718,0.163307324051857,0.010621799156069756,0.16039301455020905,0.0518622025847435,0.1755424290895462,0.4324776530265808,0.002064755419269204,2.110860586166382,0.12071014195680618,,,,,,,,,,,,,,,
,0.00015912992068351032,3319,,,,,,,,,,,,,,,,,,,,,,,,,,,,,,
4,,3319,0.04275427758693695,0.021784765645861626,0.19249327480793,0.0019016886362805963,0.035181984305381775,0.00964371394366026,0.11510613560676575,0.0024469157215207815,0.04631444811820984,0.04359832778573036,0.12441691011190414,0.24337047338485718,0.003857249394059181,2.1307754516601562,0.09064703434705734,,,,,,,,,,,,,,,
,0.0001588790377346508,3329,,,,,,,,,,,,,,,,,,,,,,,,,,,,,,
4,,3329,0.05476750060915947,0.026410412043333054,0.2655857801437378,0.004578651860356331,0.07174601405858994,0.005567261483520269,0.18067923188209534,0.007265111897140741,0.07670333981513977,0.043106697499752045,0.17509731650352478,0.3587651550769806,0.0007199715473689139,2.1647398471832275,0.14833007752895355,,,,,,,,,,,,,,,
,0.00015862758625002853,3339,,,,,,,,,,,,,,,,,,,,,,,,,,,,,,
4,,3339,0.02309425361454487,0.017765706405043602,0.16702425479888916,0.0014450654853135347,0.028210382908582687,0.003901870921254158,0.09913086146116257,0.004559976514428854,0.04838649556040764,0.028246264904737473,0.1345369815826416,0.20864102244377136,0.0016903759678825736,2.1855885982513428,0.06289274245500565,,,,,,,,,,,,,,,
,0.0001583755686576581,3349,,,,,,,,,,,,,,,,,,,,,,,,,,,,,,
4,,3349,0.052631277590990067,0.015258487313985825,0.2205531895160675,0.002311929827556014,0.04532903805375099,0.00564480759203434,0.1586957722902298,0.008655678480863571,0.10976599901914597,0.04871516302227974,0.14130225777626038,0.34157687425613403,0.00345958536490798,2.128816843032837,0.09800799936056137,,,,,,,,,,,,,,,
,0.0001581229873910204,3359,,,,,,,,,,,,,,,,,,,,,,,,,,,,,,
4,,3359,0.04212690517306328,0.023376593366265297,0.28151029348373413,0.0009278030483983457,0.0403541624546051,0.010307486169040203,0.13870680332183838,0.0069098700769245625,0.06283361464738846,0.01741313934326172,0.1636069118976593,0.3000035583972931,0.0005821887752972543,2.147102117538452,0.0954352468252182,,,,,,,,,,,,,,,
,0.00015786984488903917,3369,,,,,,,,,,,,,,,,,,,,,,,,,,,,,,
4,,3369,0.07141361385583878,0.021342676132917404,0.21082040667533875,0.00043680527596734464,0.03848104178905487,0.00931112002581358,0.1446048617362976,0.014711687341332436,0.1428535133600235,0.04285538196563721,0.1376492828130722,0.37798207998275757,0.0025660227984189987,2.1014373302459717,0.085129514336586,,,,,,,,,,,,,,,
,0.00015761614359605742,3379,,,,,,,,,,,,,,,,,,,,,,,,,,,,,,
4,,3379,0.03977836295962334,0.02592376060783863,0.23705923557281494,0.001409272663295269,0.04599018394947052,0.013926472514867783,0.19955790042877197,0.012377995997667313,0.123675636947155,0.048599615693092346,0.1475781798362732,0.37796372175216675,0.007710795849561691,2.153571605682373,0.08752584457397461,,,,,,,,,,,,,,,
,0.0001573618859618139,3389,,,,,,,,,,,,,,,,,,,,,,,,,,,,,,
4,,3389,0.03147514536976814,0.015812814235687256,0.23411379754543304,0.001835770788602531,0.0293729230761528,0.002881579799577594,0.116380974650383,0.0035228352062404156,0.042468033730983734,0.030786706134676933,0.1360940784215927,0.2351306527853012,0.0005489549948833883,2.142184257507324,0.08247371762990952,,,,,,,,,,,,,,,
,0.00015710707444141936,3399,,,,,,,,,,,,,,,,,,,,,,,,,,,,,,
4,,3399,0.05034378916025162,0.02254112809896469,0.18426166474819183,0.0017325427616015077,0.03702583536505699,0.011010915972292423,0.12723447382450104,0.007401651237159967,0.07167204469442368,0.03736815229058266,0.1403842717409134,0.2824641466140747,0.0064791408367455006,2.122695207595825,0.08486436307430267,,,,,,,,,,,,,,,
,0.00015685171149533282,3409,,,,,,,,,,,,,,,,,,,,,,,,,,,,,,
4,,3409,0.03550590202212334,0.024835482239723206,0.290209025144577,0.0016725361347198486,0.03832496702671051,0.005679195746779442,0.1511532962322235,0.0050224317237734795,0.03695359081029892,0.05310051143169403,0.16550448536872864,0.28643694519996643,0.00302864913828671,2.1110408306121826,0.1124492660164833,,,,,,,,,,,,,,,
,0.00015659579958933795,3419,,,,,,,,,,,,,,,,,,,,,,,,,,,,,,
4,,3419,0.05853591114282608,0.042332425713539124,0.28189390897750854,0.0014530501794070005,0.05689511448144913,0.01508394442498684,0.1959662288427353,0.00737106055021286,0.10215689986944199,0.0769968181848526,0.20135299861431122,0.4008921682834625,0.0009929275838658214,2.089329481124878,0.1185721829533577,,,,,,,,,,,,,,,
,0.00015633934119451908,3429,,,,,,,,,,,,,,,,,,,,,,,,,,,,,,
4,,3429,0.07964370399713516,0.015587938949465752,0.2025892585515976,0.003703733906149864,0.057108983397483826,0.02074773982167244,0.14238932728767395,0.011432316154241562,0.17113462090492249,0.045114368200302124,0.1614726334810257,0.4258047640323639,0.002087163971737027,2.1317079067230225,0.10434333980083466,,,,,,,,,,,,,,,
,0.00015608233878723756,3439,,,,,,,,,,,,,,,,,,,,,,,,,,,,,,
4,,3439,0.0298619344830513,0.015014754608273506,0.18159496784210205,0.00186819804366678,0.039204176515340805,0.010542088188230991,0.1380581259727478,0.010935714468359947,0.1009361520409584,0.05924628674983978,0.13964824378490448,0.303568959236145,0.003268628614023328,2.1232831478118896,0.08247233182191849,,,,,,,,,,,,,,,
,0.0001558247948491076,3449,,,,,,,,,,,,,,,,,,,,,,,,,,,,,,
4,,3449,0.0655602365732193,0.037249982357025146,0.2387813925743103,0.0031300389673560858,0.03317847102880478,0.013738353736698627,0.19020365178585052,0.007833529263734818,0.10278520733118057,0.05667788162827492,0.16405043005943298,0.3720299005508423,0.0007387411314994097,2.124086618423462,0.11400463432073593,,,,,,,,,,,,,,,
,0.00015556671186697248,3459,,,,,,,,,,,,,,,,,,,,,,,,,,,,,,
4,,3459,0.03809200972318649,0.013162347488105297,0.1494482010602951,0.0007287440239451826,0.029379887506365776,0.02034822665154934,0.13216298818588257,0.009076934307813644,0.07115909457206726,0.04129885509610176,0.11705196648836136,0.24800875782966614,0.0006771183107048273,2.1377696990966797,0.05685463547706604,,,,,,,,,,,,,,,
,0.00015530809233288052,3469,,,,,,,,,,,,,,,,,,,,,,,,,,,,,,
4,,3469,0.05146099999547005,0.019843164831399918,0.22050051391124725,0.0034371118526905775,0.0574440062046051,0.007269331719726324,0.19236257672309875,0.010221089236438274,0.17222867906093597,0.06349457800388336,0.18519674241542816,0.4381571114063263,0.0038148302119225264,2.1440250873565674,0.11995889991521835,,,,,,,,,,,,,,,
4,,3474,,,,,,,,,,,,,,,,0.1651952564716339,0.04501787945628166,0.2657352685928345,0.010332833975553513,0.0752481073141098,0.001586084603331983,0.15780144929885864,0.018836794421076775,0.1927567422389984,0.07013252377510071,0.1896229237318039,0.5641641616821289,0.01004878617823124,2.12381911277771,0.14787940680980682
,0.0001550489387440609,3479,,,,,,,,,,,,,,,,,,,,,,,,,,,,,,
5,,3479,0.06747394055128098,0.020902184769511223,0.21523840725421906,0.004922948777675629,0.03433414176106453,0.014563150703907013,0.11959919333457947,0.005856638308614492,0.09416642040014267,0.052251797169446945,0.15625712275505066,0.3256819546222687,0.002249672543257475,2.16713809967041,0.08987593650817871,,,,,,,,,,,,,,,
,0.00015478925360289973,3489,,,,,,,,,,,,,,,,,,,,,,,,,,,,,,
5,,3489,0.05227343365550041,0.025526342913508415,0.1908629983663559,0.005909468047320843,0.044540885835886,0.01170274242758751,0.1205458715558052,0.008608696982264519,0.07825019210577011,0.028793253004550934,0.14521367847919464,0.29798609018325806,0.004352486226707697,2.1047933101654053,0.08924773335456848,,,,,,,,,,,,,,,
,0.0001545290394169157,3499,,,,,,,,,,,,,,,,,,,,,,,,,,,,,,
5,,3499,0.07009854167699814,0.033063918352127075,0.2624099850654602,0.005009843036532402,0.039644692093133926,0.008147620595991611,0.17246928811073303,0.007280492223799229,0.1000562384724617,0.04595855623483658,0.15848462283611298,0.3719845712184906,0.006968074012547731,2.159799098968506,0.09993038326501846,,,,,,,,,,,,,,,
,0.00015426829869873601,3509,,,,,,,,,,,,,,,,,,,,,,,,,,,,,,
5,,3509,0.05768417939543724,0.02099594473838806,0.20784993469715118,0.000752295833081007,0.05707837641239166,0.015618096105754375,0.1711883246898651,0.00906545389443636,0.10477609932422638,0.04301498457789421,0.14449302852153778,0.34687891602516174,0.002662725280970335,2.1581597328186035,0.09933441877365112,,,,,,,,,,,,,,,
,0.00015400703396607207,3519,,,,,,,,,,,,,,,,,,,,,,,,,,,,,,
5,,3519,0.04560938850045204,0.014042999595403671,0.2006118893623352,0.0007214227807708085,0.034231942147016525,0.010821462608873844,0.11619291454553604,0.007902838289737701,0.10086476057767868,0.04275764152407646,0.1337813436985016,0.2961512506008148,0.0005305383238010108,2.1292989253997803,0.07113125920295715,,,,,,,,,,,,,,,
,0.00015374524774169505,3529,,,,,,,,,,,,,,,,,,,,,,,,,,,,,,
5,,3529,0.0666772648692131,0.04030181095004082,0.2033064365386963,0.0007771442178636789,0.04261067509651184,0.011633072979748249,0.16993021965026855,0.006898995954543352,0.09202612191438675,0.054437022656202316,0.14532628655433655,0.33507490158081055,0.0007711130892857909,2.130380153656006,0.09322552382946014,,,,,,,,,,,,,,,
,0.0001534829425534118,3539,,,,,,,,,,,,,,,,,,,,,,,,,,,,,,
5,,3539,0.05944795161485672,0.01773066818714142,0.24522031843662262,0.0017260911408811808,0.045261383056640625,0.01751280575990677,0.14299125969409943,0.012470720335841179,0.11535606533288956,0.038252539932727814,0.1691848188638687,0.3718401789665222,0.0014610134530812502,2.127498149871826,0.116831935942173,,,,,,,,,,,,,,,
,0.0001532201209340402,3549,,,,,,,,,,,,,,,,,,,,,,,,,,,,,,
5,,3549,0.06345503777265549,0.01990218088030815,0.26147085428237915,0.004775769542902708,0.04363646358251572,0.009751865640282631,0.13861732184886932,0.008338537067174911,0.0843651294708252,0.044143978506326675,0.16890199482440948,0.3380667567253113,0.00037445948692038655,2.126497983932495,0.10413940250873566,,,,,,,,,,,,,,,
,0.0001529567854213848,3559,,,,,,,,,,,,,,,,,,,,,,,,,,,,,,
5,,3559,0.04868260771036148,0.015662221238017082,0.177546426653862,0.002350918250158429,0.038945481181144714,0.009261720813810825,0.12194418162107468,0.0071488372050225735,0.09190203249454498,0.051105648279190063,0.14682628214359283,0.2974705696105957,0.0007616343209519982,2.1190171241760254,0.09850902855396271,,,,,,,,,,,,,,,
,0.00015269293855821228,3569,,,,,,,,,,,,,,,,,,,,,,,,,,,,,,
5,,3569,0.03304816782474518,0.015894893556833267,0.2008218616247177,0.0016816065181046724,0.04052502661943436,0.015488306060433388,0.1138085201382637,0.008835138753056526,0.07739271968603134,0.039257872849702835,0.15469320118427277,0.28069427609443665,0.0005485997535288334,2.143099308013916,0.08650907874107361,,,,,,,,,,,,,,,
,0.000152428582892227,3579,,,,,,,,,,,,,,,,,,,,,,,,,,,,,,
5,,3579,0.05738551914691925,0.026061270385980606,0.2757999300956726,0.00431071175262332,0.051732782274484634,0.007135724648833275,0.17902988195419312,0.011648242361843586,0.0904817134141922,0.04831801354885101,0.17956577241420746,0.37578481435775757,0.003274683840572834,2.175621509552002,0.13264262676239014,,,,,,,,,,,,,,,
,0.00015216372097604614,3589,,,,,,,,,,,,,,,,,,,,,,,,,,,,,,
5,,3589,0.03484446927905083,0.016797829419374466,0.17245042324066162,0.001233183196745813,0.031181568279862404,0.011617560870945454,0.10736548155546188,0.009784317575395107,0.07113580405712128,0.03479745611548424,0.13054290413856506,0.2557314932346344,0.003296197159215808,2.1052680015563965,0.07543914765119553,,,,,,,,,,,,,,,
,0.00015189835536717547,3599,,,,,,,,,,,,,,,,,,,,,,,,,,,,,,
5,,3599,0.05165044590830803,0.0188963133841753,0.16764025390148163,0.005174991674721241,0.04528302326798439,0.019882066175341606,0.1291423738002777,0.01071958988904953,0.08633653074502945,0.05447973683476448,0.12836512923240662,0.30232325196266174,0.0032347487285733223,2.1387417316436768,0.08596399426460266,,,,,,,,,,,,,,,
,0.00015163248862798425,3609,,,,,,,,,,,,,,,,,,,,,,,,,,,,,,
5,,3609,0.028889112174510956,0.012274222448468208,0.22049382328987122,0.0005129097844474018,0.03678388521075249,0.010239158757030964,0.11871884763240814,0.0060936338268220425,0.06615681201219559,0.04858965799212456,0.1726321280002594,0.27662304043769836,0.0010536417830735445,2.1479299068450928,0.10497825592756271,,,,,,,,,,,,,,,
,0.00015136612332568064,3619,,,,,,,,,,,,,,,,,,,,,,,,,,,,,,
5,,3619,0.04238910973072052,0.019148457795381546,0.24044717848300934,0.004432763438671827,0.03679635003209114,0.008250168524682522,0.12911956012248993,0.006733766291290522,0.06778270751237869,0.04927883297204971,0.14949823915958405,0.2895393371582031,0.0021905754692852497,2.1335010528564453,0.08171960711479187,,,,,,,,,,,,,,,
,0.0001510992620322871,3629,,,,,,,,,,,,,,,,,,,,,,,,,,,,,,
5,,3629,0.061752598732709885,0.02341480925679207,0.23631636798381805,0.0049460274167358875,0.05693993344902992,0.008058651350438595,0.15543395280838013,0.0200246162712574,0.21086548268795013,0.06072882190346718,0.1755494624376297,0.484561949968338,0.001404489390552044,2.1477103233337402,0.11614047735929489,,,,,,,,,,,,,,,
,0.0001508319073246151,3639,,,,,,,,,,,,,,,,,,,,,,,,,,,,,,
5,,3639,0.059295132756233215,0.01808655634522438,0.2126837819814682,0.002593275159597397,0.04773746058344841,0.014176863245666027,0.15226705372333527,0.008104018867015839,0.11409739404916763,0.04467272013425827,0.17176592350006104,0.3624190092086792,0.00034336731187067926,2.156240701675415,0.1281665712594986,,,,,,,,,,,,,,,
,0.0001505640617842408,3649,,,,,,,,,,,,,,,,,,,,,,,,,,,,,,
5,,3649,0.043766267597675323,0.05438501015305519,0.31709620356559753,0.0013533111196011305,0.06315775215625763,0.013128171674907207,0.22170411050319672,0.009183166548609734,0.10258669406175613,0.03125142306089401,0.1973884403705597,0.41033369302749634,0.0005483202403411269,2.1477508544921875,0.1198374554514885,,,,,,,,,,,,,,,
,0.00015029572799747965,3659,,,,,,,,,,,,,,,,,,,,,,,,,,,,,,
5,,3659,0.027476226910948753,0.023128705099225044,0.20541608333587646,0.00036640066537074745,0.028499145060777664,0.01994621753692627,0.1427389532327652,0.0031617057975381613,0.034797027707099915,0.06019783020019531,0.13596099615097046,0.2429831176996231,0.0007685929303988814,2.1203503608703613,0.10090156644582748,,,,,,,,,,,,,,,
,0.0001500269085553617,3669,,,,,,,,,,,,,,,,,,,,,,,,,,,,,,
5,,3669,0.028728222474455833,0.020079849287867546,0.1815999448299408,0.0006466399063356221,0.025231605395674706,0.01171802543103695,0.11478341370820999,0.005530796013772488,0.07506159693002701,0.02748619019985199,0.12016943097114563,0.2497524619102478,0.000343199324561283,2.1380808353424072,0.07424871623516083,,,,,,,,,,,,,,,
,0.00014975760605360648,3679,,,,,,,,,,,,,,,,,,,,,,,,,,,,,,
5,,3679,0.06773325055837631,0.0319446362555027,0.21357500553131104,0.0015152752166613936,0.057554055005311966,0.007488433737307787,0.13590990006923676,0.006494441535323858,0.10142698884010315,0.05169805511832237,0.16967768967151642,0.35375869274139404,0.0034404967445880175,2.109844446182251,0.12121361494064331,,,,,,,,,,,,,,,
,0.00014948782309259778,3689,,,,,,,,,,,,,,,,,,,,,,,,,,,,,,
5,,3689,0.04803648963570595,0.022611625492572784,0.263888955116272,0.0021833577193319798,0.048921097069978714,0.009056848473846912,0.14347660541534424,0.00892711989581585,0.07055830210447311,0.04879894480109215,0.17688344419002533,0.33069899678230286,0.0010562114184722304,2.137808084487915,0.1347334235906601,,,,,,,,,,,,,,,
,0.000149217562277359,3699,,,,,,,,,,,,,,,,,,,,,,,,,,,,,,
5,,3699,0.04893621802330017,0.015684666112065315,0.1743650883436203,0.0020283078774809837,0.03549628704786301,0.012210959568619728,0.11724216490983963,0.003112118225544691,0.09610582143068314,0.042033907026052475,0.13585254549980164,0.2895144522190094,0.001533815055154264,2.132983922958374,0.08639068156480789,,,,,,,,,,,,,,,
,0.00014894682621752745,3709,,,,,,,,,,,,,,,,,,,,,,,,,,,,,,
5,,3709,0.0458853542804718,0.011882467195391655,0.1965530514717102,0.002681877464056015,0.0470980741083622,0.005101523362100124,0.13273730874061584,0.008543618023395538,0.06648743897676468,0.024737559258937836,0.14770089089870453,0.27320048213005066,0.0008829566650092602,2.1757352352142334,0.09060874581336975,,,,,,,,,,,,,,,
,0.00014867561752732948,3719,,,,,,,,,,,,,,,,,,,,,,,,,,,,,,
5,,3719,0.07468419522047043,0.012232868932187557,0.19141332805156708,0.0012842094292864203,0.044213227927684784,0.007250497117638588,0.1447976976633072,0.014431501738727093,0.14464537799358368,0.0343114398419857,0.1437198668718338,0.36994636058807373,0.0008269977988675237,2.1478517055511475,0.08110120892524719,,,,,,,,,,,,,,,
,0.00014840393882555522,3729,,,,,,,,,,,,,,,,,,,,,,,,,,,,,,
5,,3729,0.05352294072508812,0.022980110719799995,0.2064753770828247,0.000473653752123937,0.03564589470624924,0.010685085318982601,0.154306098818779,0.00994141586124897,0.06822575628757477,0.039654433727264404,0.1375371366739273,0.29151472449302673,0.001093042897991836,2.106057643890381,0.09199535846710205,,,,,,,,,,,,,,,
,0.0001481317927355331,3739,,,,,,,,,,,,,,,,,,,,,,,,,,,,,,
5,,3739,0.031419239938259125,0.025088254362344742,0.279035359621048,0.0031110935378819704,0.04088486358523369,0.009981564246118069,0.1548479199409485,0.005319531075656414,0.04556324705481529,0.0366852805018425,0.17773501574993134,0.2960955798625946,0.0031820249278098345,2.129918098449707,0.11496791988611221,,,,,,,,,,,,,,,
,0.00014785918188510476,3749,,,,,,,,,,,,,,,,,,,,,,,,,,,,,,
5,,3749,0.03909064084291458,0.025706255808472633,0.22989130020141602,0.0005637556896544993,0.047868236899375916,0.027790242806077003,0.12787197530269623,0.009965711273252964,0.07042354345321655,0.04470522329211235,0.16207924485206604,0.30810320377349854,0.00035932118771597743,2.11627459526062,0.10347951203584671,,,,,,,,,,,,,,,
,0.00014758610890659957,3759,,,,,,,,,,,,,,,,,,,,,,,,,,,,,,
5,,3759,0.0710512101650238,0.030645813792943954,0.28077253699302673,0.0033420054242014885,0.05251266062259674,0.016371311619877815,0.19270280003547668,0.008505972102284431,0.15056441724300385,0.0691414624452591,0.17000611126422882,0.44792836904525757,0.0007029483676888049,2.1589298248291016,0.12978467345237732,,,,,,,,,,,,,,,
,0.0001473125764368091,3769,,,,,,,,,,,,,,,,,,,,,,,,,,,,,,
5,,3769,0.051819637417793274,0.02498905174434185,0.25702524185180664,0.002040919614955783,0.03648674488067627,0.006532889325171709,0.14242617785930634,0.003070166800171137,0.04933848977088928,0.04761860892176628,0.15142616629600525,0.28600263595581055,0.0005569590139202774,2.1318607330322266,0.10853458195924759,,,,,,,,,,,,,,,
,0.00014703858711696187,3779,,,,,,,,,,,,,,,,,,,,,,,,,,,,,,
5,,3779,0.060956817120313644,0.016630100086331367,0.16904649138450623,0.0017541551496833563,0.03656964376568794,0.015730759128928185,0.09067468345165253,0.005488741211593151,0.06561978161334991,0.04500899836421013,0.14992612600326538,0.27166324853897095,0.0011845044791698456,2.1153147220611572,0.11119549721479416,,,,,,,,,,,,,,,
,0.00014676414359269762,3789,,,,,,,,,,,,,,,,,,,,,,,,,,,,,,
5,,3789,0.03663766756653786,0.026174936443567276,0.2155795693397522,0.001542264362797141,0.04659813269972801,0.010148212313652039,0.13297231495380402,0.005690537393093109,0.06486982852220535,0.05322377011179924,0.14119447767734528,0.28585493564605713,0.0005066118319518864,2.094087600708008,0.11197937279939651,,,,,,,,,,,,,,,
,0.0001464892485140421,3799,,,,,,,,,,,,,,,,,,,,,,,,,,,,,,
5,,3799,0.06941276043653488,0.017331665381789207,0.2064783126115799,0.0005488158785738051,0.03808452561497688,0.01724310591816902,0.13980375230312347,0.007760761305689812,0.08239772170782089,0.03314787149429321,0.17366774380207062,0.31176066398620605,0.0006072294199839234,2.111384391784668,0.08021420240402222,,,,,,,,,,,,,,,
,0.00014621390453538108,3809,,,,,,,,,,,,,,,,,,,,,,,,,,,,,,
5,,3809,0.0424581877887249,0.016812840476632118,0.18729518353939056,0.0015893983654677868,0.0216458011418581,0.006232052110135555,0.12331672012805939,0.005806721746921539,0.06894856691360474,0.035877544432878494,0.1313544064760208,0.2494596242904663,0.0032851076684892178,2.113654375076294,0.048926252871751785,,,,,,,,,,,,,,,
,0.0001459381143154349,3819,,,,,,,,,,,,,,,,,,,,,,,,,,,,,,
5,,3819,0.03932145610451698,0.019384710118174553,0.1629219651222229,0.0019950333517044783,0.02702956460416317,0.009035155177116394,0.09897004812955856,0.005503006279468536,0.03574516996741295,0.03065980039536953,0.12415149807929993,0.20247501134872437,0.0007662847638130188,2.170808792114258,0.055758532136678696,,,,,,,,,,,,,,,
,0.00014566188051723294,3829,,,,,,,,,,,,,,,,,,,,,,,,,,,,,,
5,,3829,0.06570535153150558,0.030654968693852425,0.22246579825878143,0.0009875062387436628,0.051298994570970535,0.012623089365661144,0.17460712790489197,0.004782038275152445,0.18827714025974274,0.04894834756851196,0.1464628428220749,0.43574079871177673,0.0024460048880428076,2.1530919075012207,0.09323611110448837,,,,,,,,,,,,,,,
,0.00014538520580808769,3839,,,,,,,,,,,,,,,,,,,,,,,,,,,,,,
5,,3839,0.10139743983745575,0.027301935479044914,0.1951465904712677,0.0005339687340892851,0.044315777719020844,0.006657194811850786,0.13988015055656433,0.011976166628301144,0.20918281376361847,0.028929898515343666,0.1384897232055664,0.4531552195549011,0.0017038214718922973,2.1476500034332275,0.09393312782049179,,,,,,,,,,,,,,,
,0.00014510809285956907,3849,,,,,,,,,,,,,,,,,,,,,,,,,,,,,,
5,,3849,0.04231250286102295,0.01633644476532936,0.20423577725887299,0.0024252005387097597,0.038958508521318436,0.013834339566528797,0.12681742012500763,0.007151353172957897,0.08767745643854141,0.029971355572342873,0.13242138922214508,0.2945900559425354,0.0005615727859549224,2.1263506412506104,0.09490585327148438,,,,,,,,,,,,,,,
,0.0001448305443474786,3859,,,,,,,,,,,,,,,,,,,,,,,,,,,,,,
5,,3859,0.05907587707042694,0.023686716333031654,0.24386216700077057,0.0009932615794241428,0.0453721359372139,0.010808245278894901,0.1829657107591629,0.012459876015782356,0.0942545160651207,0.03766929730772972,0.13287851214408875,0.33660370111465454,0.0012597502209246159,2.1214606761932373,0.069167859852314,,,,,,,,,,,,,,,
,0.00014455256295182377,3869,,,,,,,,,,,,,,,,,,,,,,,,,,,,,,
5,,3869,0.028290117159485817,0.04426506534218788,0.2542589008808136,0.0010757436975836754,0.03622417524456978,0.010059086605906487,0.17404913902282715,0.007780390791594982,0.05767308920621872,0.03102618269622326,0.1547178030014038,0.30123430490493774,0.0031800582073628902,2.194005250930786,0.10066965967416763,,,,,,,,,,,,,,,
,0.00014427415135679177,3879,,,,,,,,,,,,,,,,,,,,,,,,,,,,,,
5,,3879,0.025047145783901215,0.01744384877383709,0.2046785056591034,0.0006728279986418784,0.03217345103621483,0.005458211991935968,0.10700657963752747,0.004008079878985882,0.04171130806207657,0.04968206211924553,0.15671508014202118,0.23072640597820282,0.0007588318549096584,2.1576268672943115,0.08783751726150513,,,,,,,,,,,,,,,
,0.0001439953122507239,3889,,,,,,,,,,,,,,,,,,,,,,,,,,,,,,
5,,3889,0.027472862973809242,0.014646632596850395,0.14772005379199982,0.001636495697312057,0.028629809617996216,0.0034894614946097136,0.11643743515014648,0.006072819232940674,0.05717892199754715,0.03326740488409996,0.10995509475469589,0.21545922756195068,0.001961270347237587,2.1148996353149414,0.06568652391433716,,,,,,,,,,,,,,,
,0.00014371604832608953,3899,,,,,,,,,,,,,,,,,,,,,,,,,,,,,,
5,,3899,0.036805473268032074,0.01995960623025894,0.2189970314502716,0.003364035626873374,0.03237352892756462,0.004437509458512068,0.14262348413467407,0.0072907330468297005,0.07600603997707367,0.020541135221719742,0.15732355415821075,0.29506149888038635,0.005839616060256958,2.1738929748535156,0.09987153112888336,,,,,,,,,,,,,,,
,0.00014343636227946008,3909,,,,,,,,,,,,,,,,,,,,,,,,,,,,,,
5,,3909,0.03646673634648323,0.02038828283548355,0.253836452960968,0.0018582431366667151,0.02881457470357418,0.011203030124306679,0.1642293483018875,0.006033103913068771,0.05440207198262215,0.06731076538562775,0.1657487154006958,0.30159664154052734,0.012517784722149372,2.1557130813598633,0.0904565379023552,,,,,,,,,,,,,,,
,0.00014315625681148283,3919,,,,,,,,,,,,,,,,,,,,,,,,,,,,,,
5,,3919,0.04049717262387276,0.03628185763955116,0.3156343400478363,0.004370734561234713,0.053384918719530106,0.005643461365252733,0.18588273227214813,0.0058494918048381805,0.09013625979423523,0.04935180023312569,0.16655988991260529,0.37023279070854187,0.004440615884959698,2.1651394367218018,0.10876888781785965,,,,,,,,,,,,,,,
,0.00014287573462685521,3929,,,,,,,,,,,,,,,,,,,,,,,,,,,,,,
5,,3929,0.045523494482040405,0.023524459451436996,0.21354719996452332,0.0016332328086718917,0.05176795274019241,0.012544943951070309,0.14423196017742157,0.005168422125279903,0.1339731514453888,0.04200480133295059,0.1492970734834671,0.3553568422794342,0.002121969126164913,2.1353766918182373,0.08263934403657913,,,,,,,,,,,,,,,
,0.00014259479843429832,3939,,,,,,,,,,,,,,,,,,,,,,,,,,,,,,
5,,3939,0.04896487295627594,0.02609456330537796,0.2434476613998413,0.0011107864556834102,0.05337093770503998,0.029346240684390068,0.15092387795448303,0.010873869061470032,0.09267756342887878,0.028856856748461723,0.17738111317157745,0.3584960699081421,0.001120006083510816,2.112287998199463,0.13069234788417816,,,,,,,,,,,,,,,
,0.00014231345094653102,3949,,,,,,,,,,,,,,,,,,,,,,,,,,,,,,
5,,3949,0.03586893528699875,0.02792973816394806,0.254696786403656,0.0011918048840016127,0.03629734367132187,0.018193116411566734,0.1895596832036972,0.007997259497642517,0.07256511598825455,0.025661474093794823,0.1526709347963333,0.31347596645355225,0.0006428261986002326,2.206753730773926,0.08539782464504242,,,,,,,,,,,,,,,
,0.00014203169488024347,3959,,,,,,,,,,,,,,,,,,,,,,,,,,,,,,
5,,3959,0.05950150638818741,0.022034406661987305,0.19312246143817902,0.003930351696908474,0.049691297113895416,0.010784703306853771,0.15686146914958954,0.010533269494771957,0.08938044309616089,0.04536381736397743,0.14223043620586395,0.3234471082687378,0.0027833643835037947,2.156968116760254,0.09345737099647522,,,,,,,,,,,,,,,
,0.00014174953295607122,3969,,,,,,,,,,,,,,,,,,,,,,,,,,,,,,
5,,3969,0.05523644760251045,0.03802414610981941,0.21729162335395813,0.0025445797946304083,0.03945964574813843,0.014006215147674084,0.16662824153900146,0.014286624267697334,0.10235253721475601,0.04613035172224045,0.19121482968330383,0.3683517575263977,0.01503971591591835,2.147063970565796,0.07475103437900543,,,,,,,,,,,,,,,
,0.00014146696789856872,3979,,,,,,,,,,,,,,,,,,,,,,,,,,,,,,
5,,3979,0.02539834938943386,0.020354438573122025,0.23504644632339478,0.001274780253879726,0.0319250151515007,0.011306208558380604,0.11290965229272842,0.006567590869963169,0.05586477369070053,0.019900625571608543,0.1446332037448883,0.25703564286231995,0.0003847966145258397,2.208376407623291,0.09271777421236038,,,,,,,,,,,,,,,
,0.00014118400243618313,3989,,,,,,,,,,,,,,,,,,,,,,,,,,,,,,
5,,3989,0.033686961978673935,0.02352202869951725,0.21977515518665314,0.0008033057092688978,0.038999561220407486,0.00913142878562212,0.13474786281585693,0.0070451172068715096,0.062258582562208176,0.030260451138019562,0.15960092842578888,0.2840486764907837,0.00444983784109354,2.093782663345337,0.10948379337787628,,,,,,,,,,,,,,,
,0.00014090063930122777,3999,,,,,,,,,,,,,,,,,,,,,,,,,,,,,,
5,,3999,0.050092000514268875,0.019769595935940742,0.21709835529327393,0.004469193052500486,0.040166065096855164,0.007008951622992754,0.14976151287555695,0.009428798221051693,0.07855752855539322,0.048515841364860535,0.14464619755744934,0.30665647983551025,0.0006462974124588072,2.1458277702331543,0.09426112473011017,,,,,,,,,,,,,,,
,0.0001406168812298561,4009,,,,,,,,,,,,,,,,,,,,,,,,,,,,,,
5,,4009,0.05469002202153206,0.024818923324346542,0.28646498918533325,0.0010835624998435378,0.049846384674310684,0.01212290208786726,0.1854078769683838,0.015266469679772854,0.0936148390173912,0.055753424763679504,0.16517452895641327,0.3746655583381653,0.0008017237996682525,2.1478066444396973,0.11471324414014816,,,,,,,,,,,,,,,
,0.0001403327309620349,4019,,,,,,,,,,,,,,,,,,,,,,,,,,,,,,
5,,4019,0.06999502331018448,0.01870299130678177,0.22981934249401093,0.0030686554964631796,0.047969549894332886,0.039887651801109314,0.12443377077579498,0.0062043266370892525,0.09983931481838226,0.04188920184969902,0.16045455634593964,0.3562828600406647,0.0022399157751351595,2.157010316848755,0.10695736110210419,,,,,,,,,,,,,,,
,0.00014004819124151805,4029,,,,,,,,,,,,,,,,,,,,,,,,,,,,,,
5,,4029,0.04165133461356163,0.018001215532422066,0.24088121950626373,0.0007845816435292363,0.040427375584840775,0.010199613869190216,0.14363117516040802,0.008203519508242607,0.07020245492458344,0.0398874469101429,0.14837117493152618,0.2951711118221283,0.0010675393277779222,2.1174309253692627,0.09283581376075745,,,,,,,,,,,,,,,
,0.00013976326481582004,4039,,,,,,,,,,,,,,,,,,,,,,,,,,,,,,
5,,4039,0.044775307178497314,0.04196838289499283,0.3060065805912018,0.0009301508544012904,0.05660564824938774,0.006584915332496166,0.18892905116081238,0.006027731113135815,0.06628686934709549,0.03932134434580803,0.19476310908794403,0.34460458159446716,0.0007295862887986004,2.1476950645446777,0.10042094439268112,,,,,,,,,,,,,,,
,0.00013947795443618936,4049,,,,,,,,,,,,,,,,,,,,,,,,,,,,,,
5,,4049,0.03544885665178299,0.021964048966765404,0.2224646359682083,0.0017245827475562692,0.0359468050301075,0.005421200767159462,0.14929254353046417,0.009212560951709747,0.07656791806221008,0.05824420973658562,0.12989439070224762,0.29025524854660034,0.0020601709838956594,2.1072912216186523,0.07901546359062195,,,,,,,,,,,,,,,
,0.0001391922628575819,4059,,,,,,,,,,,,,,,,,,,,,,,,,,,,,,
5,,4059,0.061135709285736084,0.020597031340003014,0.21885211765766144,0.004881727509200573,0.057412974536418915,0.009493757039308548,0.1699422150850296,0.00990198366343975,0.1803905963897705,0.050639428198337555,0.1707567572593689,0.4541134834289551,0.01526615209877491,2.163691759109497,0.11959251016378403,,,,,,,,,,,,,,,
,0.0001389061928386345,4069,,,,,,,,,,,,,,,,,,,,,,,,,,,,,,
5,,4069,0.04310675337910652,0.008780529722571373,0.16110657155513763,0.0013609225861728191,0.02670760452747345,0.00895657204091549,0.09997494518756866,0.005036391317844391,0.04584785923361778,0.03801332414150238,0.11515077203512192,0.21127952635288239,0.0012022628216072917,2.1309473514556885,0.06517814844846725,,,,,,,,,,,,,,,
,0.0001386197471416381,4079,,,,,,,,,,,,,,,,,,,,,,,,,,,,,,
5,,4079,0.022703975439071655,0.018221573904156685,0.18206891417503357,0.0007589997258037329,0.04332476109266281,0.004472862463444471,0.10853631794452667,0.0026969374157488346,0.044461846351623535,0.033638086169958115,0.14999255537986755,0.22605286538600922,0.001813753740862012,2.1361870765686035,0.09271366894245148,,,,,,,,,,,,,,,
,0.00013833292853251129,4089,,,,,,,,,,,,,,,,,,,,,,,,,,,,,,
5,,4089,0.07170062512159348,0.0488947257399559,0.21099500358104706,0.002282666740939021,0.045027926564216614,0.009883719496428967,0.1701161414384842,0.009800323285162449,0.11468785256147385,0.021629946306347847,0.16516947746276855,0.3776329755783081,0.006491736508905888,2.137108564376831,0.1021912693977356,,,,,,,,,,,,,,,
,0.00013804573978077348,4099,,,,,,,,,,,,,,,,,,,,,,,,,,,,,,
5,,4099,0.04541993886232376,0.01544937677681446,0.1931273490190506,0.0004132950271014124,0.03460105136036873,0.011513297446072102,0.13252471387386322,0.004501603543758392,0.07812751829624176,0.02195224165916443,0.13829335570335388,0.2692200243473053,0.0011571102077141404,2.155480146408081,0.06567658483982086,,,,,,,,,,,,,,,
,0.0001377581836595181,4109,,,,,,,,,,,,,,,,,,,,,,,,,,,,,,
5,,4109,0.025797033682465553,0.021107438951730728,0.23859232664108276,0.00337436911650002,0.0348026417195797,0.006928029470145702,0.14454247057437897,0.004749755375087261,0.06102882698178291,0.04930690675973892,0.1390506476163864,0.27323222160339355,0.00023832189617678523,2.0834085941314697,0.09138423949480057,,,,,,,,,,,,,,,
,0.00013747026294538603,4119,,,,,,,,,,,,,,,,,,,,,,,,,,,,,,
5,,4119,0.05813613906502724,0.03668942674994469,0.2208063155412674,0.004489345010370016,0.042035795748233795,0.007958682253956795,0.17508597671985626,0.013930851593613625,0.1290614902973175,0.0474357046186924,0.16141872107982635,0.3850332796573639,0.0038300533778965473,2.1002254486083984,0.08692295104265213,,,,,,,,,,,,,,,
,0.00013718198041853848,4129,,,,,,,,,,,,,,,,,,,,,,,,,,,,,,
5,,4129,0.08861632645130157,0.016023844480514526,0.16549526154994965,0.0007577765500172973,0.050279293209314346,0.005712623242288828,0.11735013872385025,0.010919405147433281,0.1243957057595253,0.04106763005256653,0.1273995190858841,0.34000363945961,0.0006186103564687073,2.125232696533203,0.0884738638997078,,,,,,,,,,,,,,,
,0.00013689333886263052,4139,,,,,,,,,,,,,,,,,,,,,,,,,,,,,,
5,,4139,0.07079651206731796,0.018846753984689713,0.26211920380592346,0.0035856440663337708,0.0605856254696846,0.009769899770617485,0.15954472124576569,0.009932990185916424,0.11402790993452072,0.05390722677111626,0.1731143295764923,0.3834730386734009,0.0010308795608580112,2.1311395168304443,0.10232125222682953,,,,,,,,,,,,,,,
,0.0001366043410647839,4149,,,,,,,,,,,,,,,,,,,,,,,,,,,,,,
5,,4149,0.024898378178477287,0.034973546862602234,0.26462578773498535,0.001210950780659914,0.027802610769867897,0.009885679930448532,0.17807812988758087,0.0036008432507514954,0.03818818926811218,0.024946613237261772,0.16538403928279877,0.2680194675922394,0.0023293651174753904,2.1576085090637207,0.07877317816019058,,,,,,,,,,,,,,,
,0.0001363149898155602,4159,,,,,,,,,,,,,,,,,,,,,,,,,,,,,,
5,,4159,0.07212066650390625,0.013797174207866192,0.1988985538482666,0.0025991201400756836,0.0559745654463768,0.011723772622644901,0.14095313847064972,0.01081417128443718,0.12491784989833832,0.04031624272465706,0.16688048839569092,0.371548593044281,0.002686829539015889,2.1357343196868896,0.1158817932009697,,,,,,,,,,,,,,,
,0.00013602528790893396,4169,,,,,,,,,,,,,,,,,,,,,,,,,,,,,,
5,,4169,0.024783767759799957,0.03830175846815109,0.27917858958244324,0.0015309529844671488,0.05199358984827995,0.01114731002599001,0.14988629519939423,0.009658215567469597,0.055401403456926346,0.007587457075715065,0.17865052819252014,0.29772326350212097,0.0005461822147481143,2.145078420639038,0.08736162632703781,,,,,,,,,,,,,,,
5,,4169,,,,,,,,,,,,,,,,0.1674691140651703,0.04846915602684021,0.27448275685310364,0.00783846341073513,0.07695893943309784,0.0016163676045835018,0.16947223246097565,0.017298294231295586,0.188004732131958,0.07043323665857315,0.1951988786458969,0.564529538154602,0.009787430986762047,2.1140453815460205,0.14704272150993347
,0.00013573523814226575,4179,,,,,,,,,,,,,,,,,,,,,,,,,,,,,,
6,,4179,0.05387844517827034,0.017402900382876396,0.1389916092157364,0.0011304663494229317,0.02761061303317547,0.00846826285123825,0.10487055033445358,0.007417213171720505,0.06865592300891876,0.03280920907855034,0.11961250007152557,0.23719793558120728,0.0004371119721326977,2.11538028717041,0.05920349061489105,,,,,,,,,,,,,,,
,0.000135444843316275,4189,,,,,,,,,,,,,,,,,,,,,,,,,,,,,,
6,,4189,0.018481170758605003,0.021366948261857033,0.17061775922775269,0.004153252579271793,0.027804378420114517,0.009885231964290142,0.11933209747076035,0.00688915653154254,0.047123126685619354,0.03304356336593628,0.1159415915608406,0.22015781700611115,0.0004125569830648601,2.1370162963867188,0.07578480988740921,,,,,,,,,,,,,,,
,0.00013515410623501296,4199,,,,,,,,,,,,,,,,,,,,,,,,,,,,,,
6,,4199,0.0614553801715374,0.016388045623898506,0.20102830231189728,0.0018949514487758279,0.03990017995238304,0.009284358471632004,0.14020664989948273,0.013279028236865997,0.09257786720991135,0.0545787587761879,0.14822179079055786,0.31810563802719116,0.0013000773033127189,2.1313865184783936,0.07987421751022339,,,,,,,,,,,,,,,
,0.00013486302970583587,4209,,,,,,,,,,,,,,,,,,,,,,,,,,,,,,
6,,4209,0.05577198043465614,0.02803393453359604,0.23841321468353271,0.004527145065367222,0.062139082700014114,0.0059996554628014565,0.18425245583057404,0.011919612064957619,0.12082977592945099,0.059366270899772644,0.1635657697916031,0.3981076180934906,0.0003205905086360872,2.1246814727783203,0.1455705463886261,,,,,,,,,,,,,,,
,0.00013457161653937752,4219,,,,,,,,,,,,,,,,,,,,,,,,,,,,,,
6,,4219,0.07222006469964981,0.01663968339562416,0.16809482872486115,0.0015575411962345243,0.036123402416706085,0.01407565176486969,0.13429395854473114,0.013915752060711384,0.1197720542550087,0.04301456734538078,0.16550487279891968,0.34530794620513916,0.0017827455885708332,2.124455213546753,0.08630067110061646,,,,,,,,,,,,,,,
,0.0001342798695495223,4229,,,,,,,,,,,,,,,,,,,,,,,,,,,,,,
6,,4229,0.051986947655677795,0.01697501726448536,0.14352063834667206,0.0009823320433497429,0.023038256913423538,0.008804838173091412,0.1253998875617981,0.007900899276137352,0.059801097959280014,0.019355854019522667,0.12251253426074982,0.23491592705249786,0.0016196288634091616,2.1531007289886475,0.06618157029151917,,,,,,,,,,,,,,,
,0.0001339877915533781,4239,,,,,,,,,,,,,,,,,,,,,,,,,,,,,,
6,,4239,0.04008101671934128,0.019746797159314156,0.19637882709503174,0.0031130602583289146,0.045205604285001755,0.01001002173870802,0.1353379338979721,0.014856677502393723,0.09740371257066727,0.04273820295929909,0.16640262305736542,0.32326704263687134,0.0009543185587972403,2.0867059230804443,0.10084746032953262,,,,,,,,,,,,,,,
,0.00013369538537124888,4249,,,,,,,,,,,,,,,,,,,,,,,,,,,,,,
6,,4249,0.05052455887198448,0.018360210582613945,0.21463643014431,0.00036527952761389315,0.034477781504392624,0.008672436699271202,0.14235737919807434,0.008940797299146652,0.058495521545410156,0.04969358816742897,0.13170404732227325,0.27288299798965454,0.0009840639540925622,2.158560037612915,0.08253396302461624,,,,,,,,,,,,,,,
,0.00013340265382660765,4259,,,,,,,,,,,,,,,,,,,,,,,,,,,,,,
6,,4259,0.04748847335577011,0.012784411199390888,0.19156865775585175,0.0011525179725140333,0.04496026411652565,0.006719483528286219,0.10665689408779144,0.00729233305901289,0.09255509823560715,0.016701839864253998,0.1533505916595459,0.287815123796463,0.0013970066793262959,2.1262741088867188,0.08216714859008789,,,,,,,,,,,,,,,
,0.00013310959974606904,4269,,,,,,,,,,,,,,,,,,,,,,,,,,,,,,
6,,4269,0.04775572568178177,0.016694657504558563,0.21073627471923828,0.005245121195912361,0.05883658677339554,0.003945938777178526,0.1460365504026413,0.011212612502276897,0.12130442261695862,0.0523039735853672,0.1499861627817154,0.360541969537735,0.002852052915841341,2.1646294593811035,0.11705680936574936,,,,,,,,,,,,,,,
,0.00013281622595936218,4279,,,,,,,,,,,,,,,,,,,,,,,,,,,,,,
6,,4279,0.049611855298280716,0.01467414665967226,0.1704259067773819,0.0016524115344509482,0.0445047952234745,0.009339587762951851,0.13047882914543152,0.010492890141904354,0.09383874386548996,0.0435272641479969,0.11824711412191391,0.2932575047016144,0.0021056877449154854,2.1322827339172363,0.08256729692220688,,,,,,,,,,,,,,,
,0.00013252253529930322,4289,,,,,,,,,,,,,,,,,,,,,,,,,,,,,,
6,,4289,0.04748747497797012,0.03240754455327988,0.22403642535209656,0.0038274573162198067,0.05036362633109093,0.010323991067707539,0.1799985021352768,0.009353674948215485,0.1007622703909874,0.03749079629778862,0.15591612458229065,0.35056012868881226,0.001767068519257009,2.095729112625122,0.10457539558410645,,,,,,,,,,,,,,,
,0.00013222853060176798,4299,,,,,,,,,,,,,,,,,,,,,,,,,,,,,,
6,,4299,0.06342417746782303,0.019797183573246002,0.20131812989711761,0.0008381006773561239,0.0485445037484169,0.007392084691673517,0.1410129964351654,0.010262635536491871,0.11835813522338867,0.04142943397164345,0.15998196601867676,0.35575035214424133,0.0008445249986834824,2.110952377319336,0.12041433155536652,,,,,,,,,,,,,,,
,0.0001319342147056648,4309,,,,,,,,,,,,,,,,,,,,,,,,,,,,,,
6,,4309,0.03630547225475311,0.02614005282521248,0.2369309514760971,0.004221269395202398,0.05330643057823181,0.014546824619174004,0.15727657079696655,0.00499725341796875,0.050482142716646194,0.05985649675130844,0.1546432077884674,0.29745644330978394,0.002330189337953925,2.1851539611816406,0.11970420181751251,,,,,,,,,,,,,,,
,0.00013163959045290677,4319,,,,,,,,,,,,,,,,,,,,,,,,,,,,,,
6,,4319,0.07716334611177444,0.03537745773792267,0.24198444187641144,0.0016726020257920027,0.0554717518389225,0.01089784037321806,0.20385019481182098,0.01020677387714386,0.22179822623729706,0.06232912465929985,0.1467577964067459,0.5078451037406921,0.0014523195568472147,2.1720147132873535,0.12802305817604065,,,,,,,,,,,,,,,
,0.00013134466068838454,4329,,,,,,,,,,,,,,,,,,,,,,,,,,,,,,
6,,4329,0.06976111978292465,0.014251491986215115,0.18432219326496124,0.001664594397880137,0.058119166642427444,0.004268953111022711,0.12503880262374878,0.005763949826359749,0.1873282641172409,0.06381858140230179,0.14739461243152618,0.4132990539073944,0.0038177454844117165,2.1342151165008545,0.10623674094676971,,,,,,,,,,,,,,,
,0.00013104942825993882,4339,,,,,,,,,,,,,,,,,,,,,,,,,,,,,,
6,,4339,0.0387062169611454,0.011329731903970242,0.1373252123594284,0.002114454284310341,0.028807181864976883,0.012798103503882885,0.08685103058815002,0.005106253549456596,0.04478997737169266,0.03172921761870384,0.12222082167863846,0.20330223441123962,0.0015733273467049003,2.124613046646118,0.06706168502569199,,,,,,,,,,,,,,,
,0.0001307538960183328,4349,,,,,,,,,,,,,,,,,,,,,,,,,,,,,,
6,,4349,0.033480893820524216,0.014405498281121254,0.13555976748466492,0.0023803117219358683,0.02381117269396782,0.006540954113006592,0.09421461075544357,0.005244671367108822,0.06051468849182129,0.03049759566783905,0.10773590952157974,0.20455783605575562,0.0007885724189691246,2.159646511077881,0.045200929045677185,,,,,,,,,,,,,,,
,0.0001304580668172247,4359,,,,,,,,,,,,,,,,,,,,,,,,,,,,,,
6,,4359,0.06156177446246147,0.017474418506026268,0.24066363275051117,0.0016231375047937036,0.05379776656627655,0.00626833550632,0.1485094279050827,0.01006130687892437,0.10121241211891174,0.04214203730225563,0.18615032732486725,0.3571191728115082,0.0007385763456113636,2.1415419578552246,0.12083883583545685,,,,,,,,,,,,,,,
,0.0001301619435131401,4369,,,,,,,,,,,,,,,,,,,,,,,,,,,,,,
6,,4369,0.05157986283302307,0.01729217730462551,0.16963991522789001,0.000629294547252357,0.028102418407797813,0.008760624565184116,0.1017448827624321,0.006683416664600372,0.04818015918135643,0.02261037938296795,0.131181001663208,0.22382575273513794,0.0006640854408033192,2.143920660018921,0.05866706371307373,,,,,,,,,,,,,,,
,0.00012986552896544453,4379,,,,,,,,,,,,,,,,,,,,,,,,,,,,,,
6,,4379,0.03632776439189911,0.031026646494865417,0.23121945559978485,0.002278035506606102,0.0316111296415329,0.0105323800817132,0.14959420263767242,0.007568099536001682,0.08549682050943375,0.02879256196320057,0.13665388524532318,0.3094296455383301,0.003900835756212473,2.1121621131896973,0.09342771023511887,,,,,,,,,,,,,,,
,0.0001295688260363157,4389,,,,,,,,,,,,,,,,,,,,,,,,,,,,,,
6,,4389,0.03602565824985504,0.022374669089913368,0.24724552035331726,0.002326926914975047,0.029503000900149345,0.013509249314665794,0.138319730758667,0.007394141051918268,0.0644703283905983,0.039747435599565506,0.1353658139705658,0.2857310473918915,0.0014611576916649938,2.1062893867492676,0.09065520763397217,,,,,,,,,,,,,,,
,0.000129271837590716,4399,,,,,,,,,,,,,,,,,,,,,,,,,,,,,,
6,,4399,0.07916039228439331,0.023353029042482376,0.18800191581249237,0.002304705325514078,0.030603831633925438,0.014342399314045906,0.14012818038463593,0.00935960840433836,0.09256882965564728,0.0552314855158329,0.14636336266994476,0.32482096552848816,0.0026309157256036997,2.110354423522949,0.08407774567604065,,,,,,,,,,,,,,,
,0.00012897456649636464,4409,,,,,,,,,,,,,,,,,,,,,,,,,,,,,,
6,,4409,0.051007531583309174,0.024196039885282516,0.2397516369819641,0.0029521191027015448,0.049417026340961456,0.006651073228567839,0.1783367097377777,0.007610860280692577,0.1066288948059082,0.04560975357890129,0.16697867214679718,0.3537369966506958,0.0017114997608587146,2.11665940284729,0.0907493457198143,,,,,,,,,,,,,,,
,0.00012867701562371025,4419,,,,,,,,,,,,,,,,,,,,,,,,,,,,,,
6,,4419,0.0670085996389389,0.03272126615047455,0.27642378211021423,0.0013543118257075548,0.07592009007930756,0.013562397100031376,0.18908201158046722,0.013419769704341888,0.21992617845535278,0.06568603962659836,0.19374801218509674,0.525888979434967,0.0017702218610793352,2.1258037090301514,0.1275477558374405,,,,,,,,,,,,,,,
,0.0001283791878459029,4429,,,,,,,,,,,,,,,,,,,,,,,,,,,,,,
6,,4429,0.04764241725206375,0.020285770297050476,0.20087935030460358,0.000631266797427088,0.023278314620256424,0.006701119709759951,0.13183371722698212,0.007655697874724865,0.06660105288028717,0.04080795496702194,0.12403088808059692,0.2605842053890228,0.0013712600339204073,2.1327452659606934,0.06356553733348846,,,,,,,,,,,,,,,
,0.0001280810860387664,4439,,,,,,,,,,,,,,,,,,,,,,,,,,,,,,
6,,4439,0.04908106103539467,0.01834939792752266,0.1824127584695816,0.0014685489004477859,0.027534887194633484,0.011985162273049355,0.11566325277090073,0.004424821585416794,0.060756247490644455,0.025452302768826485,0.15252548456192017,0.253684401512146,0.0005854835035279393,2.165418863296509,0.07910043001174927,,,,,,,,,,,,,,,
,0.00012778271308077076,4449,,,,,,,,,,,,,,,,,,,,,,,,,,,,,,
6,,4449,0.048677049577236176,0.016314418986439705,0.18015286326408386,0.0015087738865986466,0.020014775916934013,0.0075648874044418335,0.09236656874418259,0.003126699011772871,0.028194162994623184,0.030253738164901733,0.12670308351516724,0.195993110537529,0.002104477258399129,2.131899833679199,0.047974664717912674,,,,,,,,,,,,,,,
,0.00012748407185300407,4459,,,,,,,,,,,,,,,,,,,,,,,,,,,,,,
6,,4459,0.04683021456003189,0.017253218218684196,0.19018863141536713,0.0005705234361812472,0.035698167979717255,0.008963233791291714,0.1261979341506958,0.009780213236808777,0.08925697207450867,0.04515358433127403,0.13662387430667877,0.29067686200141907,0.003136029466986656,2.1129190921783447,0.0716889351606369,,,,,,,,,,,,,,,
,0.00012718516523914486,4469,,,,,,,,,,,,,,,,,,,,,,,,,,,,,,
6,,4469,0.032510820776224136,0.020310772582888603,0.19076496362686157,0.004490946419537067,0.04692009463906288,0.005484375171363354,0.11483713984489441,0.003746893024072051,0.04431183636188507,0.026470348238945007,0.1356109380722046,0.23786163330078125,0.0003733072953764349,2.1331801414489746,0.09685070067644119,,,,,,,,,,,,,,,
,0.00012688599612543428,4479,,,,,,,,,,,,,,,,,,,,,,,,,,,,,,
6,,4479,0.04974009841680527,0.026305383071303368,0.22244945168495178,0.0016776134725660086,0.050241619348526,0.011201080866158009,0.16350804269313812,0.0071487282402813435,0.08193992078304291,0.06611321121454239,0.16682222485542297,0.3326990306377411,0.0011125915916636586,2.169387102127075,0.12124577909708023,,,,,,,,,,,,,,,
,0.00012658656740064812,4489,,,,,,,,,,,,,,,,,,,,,,,,,,,,,,
6,,4489,0.04200013726949692,0.009360253810882568,0.1311865746974945,0.0010169543093070388,0.037871431559324265,0.01245984248816967,0.10880713909864426,0.011866772547364235,0.10925239324569702,0.03356204554438591,0.11827516555786133,0.28102317452430725,0.0013416914734989405,2.1657519340515137,0.07285424321889877,,,,,,,,,,,,,,,
,0.00012628688195606905,4499,,,,,,,,,,,,,,,,,,,,,,,,,,,,,,
6,,4499,0.049885209649801254,0.012858008965849876,0.1250331997871399,0.00224027200601995,0.04420667886734009,0.00894668698310852,0.11158596724271774,0.0122025515884161,0.09923291951417923,0.06210887059569359,0.13594016432762146,0.28940075635910034,0.0016649948665872216,2.1428935527801514,0.0884612649679184,,,,,,,,,,,,,,,
,0.00012598694268545853,4509,,,,,,,,,,,,,,,,,,,,,,,,,,,,,,
6,,4509,0.027548406273126602,0.028184257447719574,0.2065485268831253,0.0013154357438907027,0.03261897340416908,0.005086313001811504,0.14561374485492706,0.007401480805128813,0.047070011496543884,0.029004225507378578,0.12880219519138336,0.24020524322986603,0.00038014494930393994,2.125800371170044,0.06604430824518204,,,,,,,,,,,,,,,
,0.000125686752485029,4519,,,,,,,,,,,,,,,,,,,,,,,,,,,,,,
6,,4519,0.0617530383169651,0.01536764670163393,0.17337679862976074,0.0009133051498793066,0.03334091603755951,0.010141792707145214,0.11885460466146469,0.006721156183630228,0.06916937232017517,0.0559002161026001,0.13552270829677582,0.26864445209503174,0.0011959470575675368,2.0871427059173584,0.07666224986314774,,,,,,,,,,,,,,,
,0.00012538631425341591,4529,,,,,,,,,,,,,,,,,,,,,,,,,,,,,,
6,,4529,0.06055210903286934,0.020107131451368332,0.21706758439540863,0.001127327443100512,0.04200835898518562,0.013501673005521297,0.1410483866930008,0.006879833992570639,0.08586937934160233,0.052508946508169174,0.14322705566883087,0.319114089012146,0.0001538667274871841,2.137005090713501,0.10869242995977402,,,,,,,,,,,,,,,
,0.00012508563089164967,4539,,,,,,,,,,,,,,,,,,,,,,,,,,,,,,
6,,4539,0.04866800829768181,0.013915659859776497,0.19708073139190674,0.0023712129332125187,0.03889816254377365,0.006521183531731367,0.11447545886039734,0.008284029550850391,0.060415469110012054,0.02546788565814495,0.15372438728809357,0.2693830132484436,0.006809096317738295,2.116791009902954,0.08769893646240234,,,,,,,,,,,,,,,
,0.00012478470530312769,4549,,,,,,,,,,,,,,,,,,,,,,,,,,,,,,
6,,4549,0.06444163620471954,0.02093673124909401,0.1334870606660843,0.003066644538193941,0.030027728527784348,0.014526368118822575,0.10699600726366043,0.010100329294800758,0.0899219810962677,0.02613528072834015,0.1070694848895073,0.27643266320228577,0.0047255284152925014,2.137937307357788,0.07041085511445999,,,,,,,,,,,,,,,
,0.00012448354039358626,4559,,,,,,,,,,,,,,,,,,,,,,,,,,,,,,
6,,4559,0.025936324149370193,0.028338713571429253,0.18402449786663055,0.0031691347248852253,0.03501278534531593,0.018476203083992004,0.141582190990448,0.009216303937137127,0.06576116383075714,0.03722423315048218,0.12428451329469681,0.26863226294517517,0.0027117563877254725,2.130340337753296,0.08145170658826828,,,,,,,,,,,,,,,
,0.0001241821390710726,4569,,,,,,,,,,,,,,,,,,,,,,,,,,,,,,
6,,4569,0.053267695009708405,0.02417054958641529,0.21745412051677704,0.0010736359981819987,0.03705992549657822,0.009679632261395454,0.1547052413225174,0.010314312763512135,0.08597086369991302,0.04834774509072304,0.13458077609539032,0.30987516045570374,0.0012961247703060508,2.1145217418670654,0.07577507942914963,,,,,,,,,,,,,,,
,0.00012388050424591674,4579,,,,,,,,,,,,,,,,,,,,,,,,,,,,,,
6,,4579,0.06030864641070366,0.017577651888132095,0.21230223774909973,0.0028135976754128933,0.033370491117239,0.007716774474829435,0.13513721525669098,0.00576196052134037,0.06902477145195007,0.03903452306985855,0.1516847014427185,0.28611984848976135,0.00046962397755123675,2.1281731128692627,0.08332135528326035,,,,,,,,,,,,,,,
,0.00012357863883070337,4589,,,,,,,,,,,,,,,,,,,,,,,,,,,,,,
6,,4589,0.044715140014886856,0.03059837780892849,0.23196333646774292,0.0027490861248224974,0.03591572120785713,0.01135365292429924,0.18253064155578613,0.011620400473475456,0.043399546295404434,0.06287682056427002,0.1542586237192154,0.29232853651046753,0.0026914807967841625,2.1185362339019775,0.0903681293129921,,,,,,,,,,,,,,,
,0.00012327654574024384,4599,,,,,,,,,,,,,,,,,,,,,,,,,,,,,,
6,,4599,0.0355452261865139,0.014961734414100647,0.13601566851139069,0.0006294272025115788,0.025647087022662163,0.011371900327503681,0.08735985308885574,0.006088899448513985,0.052561771124601364,0.03869691863656044,0.10598044842481613,0.2026190608739853,0.0006213327869772911,2.1038153171539307,0.05739095062017441,,,,,,,,,,,,,,,
,0.0001229742278915478,4609,,,,,,,,,,,,,,,,,,,,,,,,,,,,,,
6,,4609,0.03080657869577408,0.01602495275437832,0.18621589243412018,0.0006437073461711407,0.036242835223674774,0.015938913449645042,0.11115486919879913,0.005502980202436447,0.056889332830905914,0.040662165731191635,0.1494642198085785,0.2509785294532776,0.002269553719088435,2.1185522079467773,0.09061291068792343,,,,,,,,,,,,,,,
,0.00012267168820379525,4619,,,,,,,,,,,,,,,,,,,,,,,,,,,,,,
6,,4619,0.053245607763528824,0.02089982107281685,0.16382597386837006,0.0017552042845636606,0.027943413704633713,0.013355129398405552,0.11156667768955231,0.010398976504802704,0.07672162353992462,0.03874329477548599,0.12583768367767334,0.26687726378440857,0.0008416123455390334,2.17095947265625,0.06831730157136917,,,,,,,,,,,,,,,
,0.00012236892959830836,4629,,,,,,,,,,,,,,,,,,,,,,,,,,,,,,
6,,4629,0.029571715742349625,0.014680471271276474,0.16942626237869263,0.0024949179496616125,0.024640165269374847,0.004991888999938965,0.10114143043756485,0.004591695498675108,0.047019459307193756,0.013479368761181831,0.12100571393966675,0.2088318169116974,0.003964847419410944,2.147026300430298,0.06370198726654053,,,,,,,,,,,,,,,
,0.00012206595499852291,4639,,,,,,,,,,,,,,,,,,,,,,,,,,,,,,
6,,4639,0.03040860779583454,0.02854381874203682,0.2570883333683014,0.0009722185204736888,0.02545485831797123,0.010972722433507442,0.13862261176109314,0.002913207747042179,0.03181762620806694,0.013570134527981281,0.14534297585487366,0.2421676218509674,0.0009819974657148123,2.1654582023620605,0.08041468262672424,,,,,,,,,,,,,,,
,0.00012176276732996059,4649,,,,,,,,,,,,,,,,,,,,,,,,,,,,,,
6,,4649,0.07917329668998718,0.020296623930335045,0.2065831571817398,0.0017122296849265695,0.03616156801581383,0.007959255017340183,0.1630450338125229,0.0105487871915102,0.08552258461713791,0.04306631535291672,0.15299195051193237,0.32622024416923523,0.001158862141892314,2.149174690246582,0.08919302374124527,,,,,,,,,,,,,,,
,0.00012145936952020032,4659,,,,,,,,,,,,,,,,,,,,,,,,,,,,,,
6,,4659,0.03948128595948219,0.020438916981220245,0.22568675875663757,0.001103842630982399,0.02123594656586647,0.005500798113644123,0.13975298404693604,0.0050585148856043816,0.053206998854875565,0.038134511560201645,0.10693184286355972,0.24240092933177948,0.0008152404334396124,2.141213893890381,0.05496637895703316,,,,,,,,,,,,,,,
,0.00012115576449885017,4669,,,,,,,,,,,,,,,,,,,,,,,,,,,,,,
6,,4669,0.034778937697410583,0.021771220490336418,0.20125149190425873,0.002073574112728238,0.03303338959813118,0.0045491717755794525,0.1243685707449913,0.003744669957086444,0.04674270749092102,0.05261257290840149,0.14448782801628113,0.248127743601799,0.0026317033916711807,2.1358585357666016,0.09349048137664795,,,,,,,,,,,,,,,
,0.0001208519551975191,4679,,,,,,,,,,,,,,,,,,,,,,,,,,,,,,
6,,4679,0.048167210072278976,0.02477092482149601,0.2345796823501587,0.002019414911046624,0.04643621668219566,0.009161139838397503,0.1488838642835617,0.008939797058701515,0.09497487545013428,0.03803106024861336,0.1633860319852829,0.3332235515117645,0.001414974220097065,2.188394546508789,0.09905389696359634,,,,,,,,,,,,,,,
,0.00012054794454978855,4689,,,,,,,,,,,,,,,,,,,,,,,,,,,,,,
6,,4689,0.04858682304620743,0.03330817446112633,0.1791294664144516,0.0004134617920499295,0.02639629691839218,0.01358832698315382,0.13014936447143555,0.00792909599840641,0.07045821100473404,0.034654442220926285,0.12595480680465698,0.26989641785621643,0.0006565574440173805,2.1577813625335693,0.0758795216679573,,,,,,,,,,,,,,,
,0.00012024373549118417,4699,,,,,,,,,,,,,,,,,,,,,,,,,,,,,,
6,,4699,0.043746985495090485,0.01777576096355915,0.1473369598388672,0.0028842880856245756,0.038796961307525635,0.012079891748726368,0.0939716249704361,0.010216332040727139,0.10626626014709473,0.059095170348882675,0.12991078197956085,0.2889387011528015,0.0016030181432142854,2.1501126289367676,0.06901809573173523,,,,,,,,,,,,,,,
,0.00011993933095914745,4709,,,,,,,,,,,,,,,,,,,,,,,,,,,,,,
6,,4709,0.05702730640769005,0.010422375984489918,0.16048718988895416,0.004151815082877874,0.03905118629336357,0.005200225859880447,0.09590189903974533,0.0038976131472736597,0.07136891037225723,0.04181459918618202,0.1321801245212555,0.2570444941520691,0.0024038522969931364,2.1134917736053467,0.0844896212220192,,,,,,,,,,,,,,,
,0.00011963473389300737,4719,,,,,,,,,,,,,,,,,,,,,,,,,,,,,,
6,,4719,0.058093518018722534,0.03539744392037392,0.3235563635826111,0.005071654450148344,0.035380441695451736,0.012472638860344887,0.17048929631710052,0.010811062529683113,0.07444854080677032,0.045983243733644485,0.15809674561023712,0.35180023312568665,0.0006101104663684964,2.1378016471862793,0.08121873438358307,,,,,,,,,,,,,,,
,0.00011932994723395208,4729,,,,,,,,,,,,,,,,,,,,,,,,,,,,,,
6,,4729,0.07589368522167206,0.016776209697127342,0.1783221960067749,0.0009075573761947453,0.03620283678174019,0.008375461213290691,0.12493216246366501,0.01190104614943266,0.12501861155033112,0.0419490672647953,0.15979507565498352,0.34359267354011536,0.0009244171087630093,2.1255013942718506,0.07988052815198898,,,,,,,,,,,,,,,
,0.00011902497392500038,4739,,,,,,,,,,,,,,,,,,,,,,,,,,,,,,
6,,4739,0.04166972264647484,0.01442165020853281,0.12853144109249115,0.0007498750928789377,0.031311459839344025,0.008616135455667973,0.09842357784509659,0.011129908263683319,0.08781730383634567,0.031575508415699005,0.11390762031078339,0.24644993245601654,0.0007224673172459006,2.1222496032714844,0.05535919591784477,,,,,,,,,,,,,,,
,0.00011871981691097334,4749,,,,,,,,,,,,,,,,,,,,,,,,,,,,,,
6,,4749,0.044696297496557236,0.019820263609290123,0.17336560785770416,0.0008597656851634383,0.02946477010846138,0.014448635280132294,0.11149459332227707,0.004434890113770962,0.06100098416209221,0.03076486848294735,0.10817331075668335,0.23637405037879944,0.00017660042794886976,2.127570390701294,0.06300771981477737,,,,,,,,,,,,,,,
,0.00011841447913846594,4759,,,,,,,,,,,,,,,,,,,,,,,,,,,,,,
6,,4759,0.06489182263612747,0.010383318178355694,0.1414918154478073,0.00307916640304029,0.02977866120636463,0.015662042424082756,0.08767060190439224,0.0060583013109862804,0.08558613806962967,0.05754939839243889,0.13531775772571564,0.2687411606311798,0.002193496096879244,2.1709814071655273,0.06629325449466705,,,,,,,,,,,,,,,
,0.00011810896355581858,4769,,,,,,,,,,,,,,,,,,,,,,,,,,,,,,
6,,4769,0.03951593488454819,0.022589122876524925,0.25882336497306824,0.0007153090555220842,0.04108709841966629,0.009404655545949936,0.14928646385669708,0.011437475681304932,0.1263381987810135,0.04196218028664589,0.16596339643001556,0.3601081967353821,0.00027240841882303357,2.147808790206909,0.077071413397789,,,,,,,,,,,,,,,
,0.00011780327311308846,4779,,,,,,,,,,,,,,,,,,,,,,,,,,,,,,
6,,4779,0.061116788536310196,0.015512053854763508,0.1376323252916336,0.0009136188309639692,0.03351392596960068,0.012349690310657024,0.10952869057655334,0.010165137238800526,0.07635265588760376,0.03834746405482292,0.12181128561496735,0.25923407077789307,0.0009373039938509464,2.1250228881835938,0.06920856237411499,,,,,,,,,,,,,,,
,0.0001174974107620214,4789,,,,,,,,,,,,,,,,,,,,,,,,,,,,,,
6,,4789,0.06258491426706314,0.01763926073908806,0.22094352543354034,0.003435442689806223,0.030002964660525322,0.005661714356392622,0.14960825443267822,0.008145670406520367,0.06599066406488419,0.04091326519846916,0.14120842516422272,0.28962188959121704,0.0006241505616344512,2.172748327255249,0.08227464556694031,,,,,,,,,,,,,,,
,0.0001171913794560231,4799,,,,,,,,,,,,,,,,,,,,,,,,,,,,,,
6,,4799,0.032550666481256485,0.022074393928050995,0.2289256900548935,0.0019916652236133814,0.0346040204167366,0.003184278029948473,0.13669173419475555,0.0047449334524571896,0.04269009828567505,0.03053211234509945,0.12456128001213074,0.24551375210285187,0.004949002992361784,2.104637622833252,0.07815704494714737,,,,,,,,,,,,,,,
,0.00011688518215013062,4809,,,,,,,,,,,,,,,,,,,,,,,,,,,,,,
6,,4809,0.06218421459197998,0.017397139221429825,0.13923802971839905,0.00033619411988183856,0.040868569165468216,0.006569358985871077,0.11336785554885864,0.0103521216660738,0.087786003947258,0.03534873202443123,0.13374698162078857,0.2774292230606079,0.0013007873203605413,2.1121373176574707,0.07978757470846176,,,,,,,,,,,,,,,
,0.000116578821800984,4819,,,,,,,,,,,,,,,,,,,,,,,,,,,,,,
6,,4819,0.04223991930484772,0.010613305494189262,0.19576551020145416,0.001556182513013482,0.03315873071551323,0.007113742176443338,0.09784434735774994,0.005779368802905083,0.05338859558105469,0.025455232709646225,0.1382136344909668,0.2377588003873825,0.0017618986312299967,2.1276540756225586,0.0780305489897728,,,,,,,,,,,,,,,
,0.00011627230136679763,4829,,,,,,,,,,,,,,,,,,,,,,,,,,,,,,
6,,4829,0.0994577631354332,0.026452338322997093,0.22339919209480286,0.0002285733207827434,0.049492668360471725,0.010112267918884754,0.15955883264541626,0.007244274020195007,0.19451837241649628,0.04544926434755325,0.1406174749135971,0.4513573944568634,0.000974370981566608,2.1491332054138184,0.09600765258073807,,,,,,,,,,,,,,,
,0.00011596562380733157,4839,,,,,,,,,,,,,,,,,,,,,,,,,,,,,,
6,,4839,0.06349263340234756,0.01518086064606905,0.17680947482585907,0.0018260779324918985,0.049437522888183594,0.004927265923470259,0.12419809401035309,0.007714423350989819,0.11376217752695084,0.051939114928245544,0.17722271382808685,0.33233606815338135,0.0010242876596748829,2.125727891921997,0.09346558153629303,,,,,,,,,,,,,,,
,0.00011565879208386323,4849,,,,,,,,,,,,,,,,,,,,,,,,,,,,,,
6,,4849,0.02502182498574257,0.027048176154494286,0.2048375904560089,0.0012308880686759949,0.03206099942326546,0.0040031434036791325,0.11398111283779144,0.0056881834752857685,0.04758235812187195,0.06240877881646156,0.13385549187660217,0.247812882065773,0.0012911903904750943,2.1393380165100098,0.10864762216806412,,,,,,,,,,,,,,,
,0.00011535180915915853,4859,,,,,,,,,,,,,,,,,,,,,,,,,,,,,,
6,,4859,0.053606245666742325,0.015964707359671593,0.1236509457230568,0.0011095311492681503,0.034517817199230194,0.006526845041662455,0.10240107774734497,0.010411441326141357,0.10371998697519302,0.0338292233645916,0.12481938302516937,0.27467936277389526,0.0009642898803576827,2.126469612121582,0.0688614472746849,,,,,,,,,,,,,,,
6,,4864,,,,,,,,,,,,,,,,0.17310000956058502,0.046819064766168594,0.2906204164028168,0.009231289848685265,0.07619626075029373,0.001510243397206068,0.16321127116680145,0.020291170105338097,0.19643855094909668,0.07797657698392868,0.19827900826931,0.5853672623634338,0.01097329705953598,2.126685857772827,0.14669951796531677
,0.00011504467799744343,4869,,,,,,,,,,,,,,,,,,,,,,,,,,,,,,
7,,4869,0.04686959832906723,0.012502606958150864,0.15359823405742645,0.0037496949080377817,0.024044279009103775,0.00831979513168335,0.09560046344995499,0.009022645652294159,0.08393561840057373,0.028699826449155807,0.10094529390335083,0.2504763603210449,0.004809940699487925,2.1643762588500977,0.052926696836948395,,,,,,,,,,,,,,,
,0.0001147374015643752,4879,,,,,,,,,,,,,,,,,,,,,,,,,,,,,,
7,,4879,0.04179898276925087,0.01621737889945507,0.1962209790945053,0.0008139537530951202,0.04207925871014595,0.005211912095546722,0.12130425870418549,0.011162067763507366,0.09562408924102783,0.05229790881276131,0.14792318642139435,0.2999933362007141,0.0012093537952750921,2.111839532852173,0.0801665410399437,,,,,,,,,,,,,,,
,0.00011442998282701396,4889,,,,,,,,,,,,,,,,,,,,,,,,,,,,,,
7,,4889,0.03382017835974693,0.0277211032807827,0.23730969429016113,0.0008840085356496274,0.03721967712044716,0.006099821999669075,0.15781359374523163,0.006522518582642078,0.06960330903530121,0.04163418710231781,0.18150298297405243,0.297213613986969,0.00191223225556314,2.134296417236328,0.08248715102672577,,,,,,,,,,,,,,,
,0.00011412242475379384,4899,,,,,,,,,,,,,,,,,,,,,,,,,,,,,,
7,,4899,0.05587632954120636,0.022312607616186142,0.17820383608341217,0.0010696772951632738,0.054823752492666245,0.01559995487332344,0.15488260984420776,0.010672084987163544,0.15662097930908203,0.046186402440071106,0.14551573991775513,0.38155311346054077,0.0003772289783228189,2.1431972980499268,0.0874369889497757,,,,,,,,,,,,,,,
,0.00011381473031449439,4909,,,,,,,,,,,,,,,,,,,,,,,,,,,,,,
7,,4909,0.07376182824373245,0.010399404913187027,0.1754678189754486,0.0007531566661782563,0.03432738035917282,0.009541800245642662,0.12316901236772537,0.009920225478708744,0.10864231735467911,0.04742695391178131,0.14458584785461426,0.32702213525772095,0.0013996231136843562,2.15594220161438,0.10816525667905807,,,,,,,,,,,,,,,
,0.00011350690248021196,4919,,,,,,,,,,,,,,,,,,,,,,,,,,,,,,
7,,4919,0.05199280381202698,0.01545132789760828,0.18283765017986298,0.00391879677772522,0.03258313611149788,0.00429953308776021,0.13815873861312866,0.008624034002423286,0.09733288735151291,0.037083156406879425,0.123008131980896,0.2926810681819916,0.0007481937645934522,2.1411478519439697,0.06676529347896576,,,,,,,,,,,,,,,
,0.00011319894422333095,4929,,,,,,,,,,,,,,,,,,,,,,,,,,,,,,
7,,4929,0.037383466958999634,0.024885307997465134,0.22229155898094177,0.00541185587644577,0.03106498345732689,0.0077363187447190285,0.13246317207813263,0.006846945732831955,0.05759550258517265,0.05293732509016991,0.14522242546081543,0.274469256401062,0.0017817592015489936,2.152925491333008,0.08588182926177979,,,,,,,,,,,,,,,
,0.0001128908585174951,4939,,,,,,,,,,,,,,,,,,,,,,,,,,,,,,
7,,4939,0.06782659888267517,0.012258158065378666,0.1525411605834961,0.0005350306164473295,0.0465833880007267,0.010035151615738869,0.11177235096693039,0.008822527714073658,0.12260745465755463,0.03436105698347092,0.1372467279434204,0.3300214111804962,0.0068523152731359005,2.117387056350708,0.09805045276880264,,,,,,,,,,,,,,,
,0.00011258264833757879,4949,,,,,,,,,,,,,,,,,,,,,,,,,,,,,,
7,,4949,0.0405074805021286,0.02784198895096779,0.228956401348114,0.007319864351302385,0.05090511962771416,0.0070163896307349205,0.1555347442626953,0.007903640158474445,0.10918491333723068,0.04970328137278557,0.16269542276859283,0.35167285799980164,0.0029643364250659943,2.1983296871185303,0.09703296422958374,,,,,,,,,,,,,,,
,0.00011227431665965838,4959,,,,,,,,,,,,,,,,,,,,,,,,,,,,,,
7,,4959,0.03135029971599579,0.013296857476234436,0.12522676587104797,0.0007025714730843902,0.03277818486094475,0.008142908103764057,0.09226924926042557,0.0035472188610583544,0.08886858820915222,0.029768792912364006,0.11899980902671814,0.23550920188426971,0.0005092311766929924,2.1461453437805176,0.06573688238859177,,,,,,,,,,,,,,,
,0.0001119658664609833,4969,,,,,,,,,,,,,,,,,,,,,,,,,,,,,,
7,,4969,0.05167926475405693,0.02206401899456978,0.17215849459171295,0.0014865496195852757,0.04074854776263237,0.010421071201562881,0.12692385911941528,0.0058461325243115425,0.17029216885566711,0.049927968531847,0.1384279727935791,0.3729498088359833,0.0015339154051616788,2.173381805419922,0.08391602337360382,,,,,,,,,,,,,,,
,0.00011165730071994754,4979,,,,,,,,,,,,,,,,,,,,,,,,,,,,,,
7,,4979,0.04888969287276268,0.018281174823641777,0.15055707097053528,0.002972666872665286,0.028590291738510132,0.016170499846339226,0.11822224408388138,0.004901827313005924,0.06595795601606369,0.03167770430445671,0.11746077984571457,0.2445445954799652,0.003659280715510249,2.182899236679077,0.0569874607026577,,,,,,,,,,,,,,,
,0.0001113486224160607,4989,,,,,,,,,,,,,,,,,,,,,,,,,,,,,,
7,,4989,0.04891666769981384,0.01641259342432022,0.18137113749980927,0.0039526838809251785,0.039785608649253845,0.004362795501947403,0.13539715111255646,0.008877234533429146,0.08012574166059494,0.06852002441883087,0.1275089979171753,0.29244232177734375,0.0029987210873514414,2.1655631065368652,0.09765441715717316,,,,,,,,,,,,,,,
,0.00011103983452991931,4999,,,,,,,,,,,,,,,,,,,,,,,,,,,,,,
7,,4999,0.030234264209866524,0.021133162081241608,0.24945299327373505,0.0003665337571874261,0.024249807000160217,0.004188972059637308,0.14018921554088593,0.002948163077235222,0.02939727157354355,0.030703837051987648,0.13789501786231995,0.22867028415203094,0.004364477004855871,2.1436612606048584,0.05932895094156265,,,,,,,,,,,,,,,
,0.00011073094004317799,5009,,,,,,,,,,,,,,,,,,,,,,,,,,,,,,
7,,5009,0.06477771699428558,0.03056655265390873,0.23675896227359772,0.0030357488431036472,0.05882085859775543,0.0064748008735477924,0.15812551975250244,0.012132328934967518,0.10048363357782364,0.06072394549846649,0.1473657786846161,0.3616809546947479,0.002380520338192582,2.1776585578918457,0.10649927705526352,,,,,,,,,,,,,,,
,0.00011042194193852072,5019,,,,,,,,,,,,,,,,,,,,,,,,,,,,,,
7,,5019,0.03879902884364128,0.032759953290224075,0.19943949580192566,0.00044606352457776666,0.031668588519096375,0.011349055916070938,0.14492550492286682,0.008947087451815605,0.07757719606161118,0.038443464785814285,0.14324741065502167,0.28494954109191895,0.002080910839140415,2.157186508178711,0.06441289931535721,,,,,,,,,,,,,,,
,0.00011011284319963204,5029,,,,,,,,,,,,,,,,,,,,,,,,,,,,,,
7,,5029,0.029908625409007072,0.05395655706524849,0.22948846220970154,0.0007963285897858441,0.03616982698440552,0.009425927884876728,0.1459164172410965,0.00537054892629385,0.05217232555150986,0.04412421956658363,0.15647146105766296,0.2766073942184448,0.0008351269061677158,2.141251802444458,0.07967370748519897,,,,,,,,,,,,,,,
,0.00010980364681116818,5039,,,,,,,,,,,,,,,,,,,,,,,,,,,,,,
7,,5039,0.1033826544880867,0.024228669703006744,0.20912711322307587,0.0017780032940208912,0.0542096309363842,0.010025322437286377,0.15636605024337769,0.008907229639589787,0.23024596273899078,0.054643481969833374,0.16024921834468842,0.5008023977279663,0.004708333406597376,2.1544411182403564,0.11046332865953445,,,,,,,,,,,,,,,
,0.00010949435575872824,5049,,,,,,,,,,,,,,,,,,,,,,,,,,,,,,
7,,5049,0.04079210385680199,0.009912662208080292,0.12491331249475479,0.002383637707680464,0.02730889432132244,0.006223002914339304,0.06900404393672943,0.006003267131745815,0.054510995745658875,0.03343922272324562,0.13466611504554749,0.20307208597660065,0.001843630918301642,2.1481516361236572,0.05785537138581276,,,,,,,,,,,,,,,
,0.00010918497302882553,5059,,,,,,,,,,,,,,,,,,,,,,,,,,,,,,
7,,5059,0.04291139915585518,0.019152311608195305,0.1993403136730194,0.002036602469161153,0.026379261165857315,0.011340413242578506,0.1199517697095871,0.005911939777433872,0.06627942621707916,0.03671520575881004,0.15603050589561462,0.2600915729999542,0.0005981141002848744,2.1549899578094482,0.057934701442718506,,,,,,,,,,,,,,,
,0.00010887550160885842,5069,,,,,,,,,,,,,,,,,,,,,,,,,,,,,,
7,,5069,0.02249257080256939,0.018182547762989998,0.19252833724021912,0.0007244497537612915,0.027733156457543373,0.008294913917779922,0.11392229050397873,0.008115041069686413,0.07057011872529984,0.026912661269307137,0.14615103602409363,0.24421317875385284,0.0005213521653786302,2.136078119277954,0.050586652010679245,,,,,,,,,,,,,,,
,0.00010856594448708177,5079,,,,,,,,,,,,,,,,,,,,,,,,,,,,,,
7,,5079,0.06161212921142578,0.06925224512815475,0.22509481012821198,0.0005617844872176647,0.034858688712120056,0.005616635549813509,0.21722882986068726,0.016749445348978043,0.11007165908813477,0.07402878999710083,0.14403773844242096,0.3910757899284363,0.0038112683687359095,2.1363041400909424,0.09368052333593369,,,,,,,,,,,,,,,
,0.00010825630465257801,5089,,,,,,,,,,,,,,,,,,,,,,,,,,,,,,
7,,5089,0.037207990884780884,0.03213808313012123,0.20763441920280457,0.0002763117372523993,0.02843119576573372,0.0035654762759804726,0.14150969684123993,0.0049642776139080524,0.0752190500497818,0.041965216398239136,0.1535070389509201,0.276551753282547,0.00039512815419584513,2.1171813011169434,0.06894425302743912,,,,,,,,,,,,,,,
,0.00010794658509522817,5099,,,,,,,,,,,,,,,,,,,,,,,,,,,,,,
7,,5099,0.04280491918325424,0.08902843296527863,0.2301263064146042,0.0010103343520313501,0.055170007050037384,0.026122629642486572,0.22678878903388977,0.007161350920796394,0.09848690778017044,0.035999298095703125,0.1660923957824707,0.3877306878566742,0.004551711492240429,2.1085684299468994,0.09433098137378693,,,,,,,,,,,,,,,
,0.00010763678880568307,5109,,,,,,,,,,,,,,,,,,,,,,,,,,,,,,
7,,5109,0.03489124774932861,0.02068878524005413,0.22113437950611115,0.0014020439703017473,0.03428015857934952,0.005071393214166164,0.13261599838733673,0.005408342462033033,0.044176969677209854,0.054787859320640564,0.122704416513443,0.2467205673456192,0.0017444482073187828,2.163774013519287,0.08302824944257736,,,,,,,,,,,,,,,
,0.0001073269187753345,5119,,,,,,,,,,,,,,,,,,,,,,,,,,,,,,
7,,5119,0.03779127448797226,0.009313052520155907,0.11081673949956894,0.0007936791516840458,0.022553563117980957,0.01405346393585205,0.08940083533525467,0.009167457930743694,0.06597347557544708,0.040241219103336334,0.11839573085308075,0.2143370807170868,0.00071429752279073,2.130058765411377,0.056972041726112366,,,,,,,,,,,,,,,
,0.00010701697799628637,5129,,,,,,,,,,,,,,,,,,,,,,,,,,,,,,
7,,5129,0.03961401432752609,0.012376749888062477,0.16947956383228302,0.0015476751141250134,0.03393677994608879,0.009962009266018867,0.09663154929876328,0.010151127353310585,0.0661574974656105,0.030100474134087563,0.13528579473495483,0.25089454650878906,0.0031945512164384127,2.1381876468658447,0.08348929136991501,,,,,,,,,,,,,,,
,0.00010670696946132557,5139,,,,,,,,,,,,,,,,,,,,,,,,,,,,,,
7,,5139,0.05767493695020676,0.01800387352705002,0.21562372148036957,0.001159059233032167,0.04907642677426338,0.01291697658598423,0.1753493994474411,0.013585824519395828,0.12885919213294983,0.024081336334347725,0.14503765106201172,0.3719860911369324,0.0015789020108059049,2.0974209308624268,0.10297434777021408,,,,,,,,,,,,,,,
,0.00010639689616389337,5149,,,,,,,,,,,,,,,,,,,,,,,,,,,,,,
7,,5149,0.03720303624868393,0.0202990360558033,0.21736887097358704,0.0005399351939558983,0.030824000015854836,0.009049901738762856,0.1423160284757614,0.003994891420006752,0.057387035340070724,0.02758960984647274,0.12810364365577698,0.2538449168205261,0.0006410683854483068,2.1415305137634277,0.07260355353355408,,,,,,,,,,,,,,,
,0.00010608676109805628,5159,,,,,,,,,,,,,,,,,,,,,,,,,,,,,,
7,,5159,0.04466604068875313,0.022617539390921593,0.19462817907333374,0.0008021328249014914,0.040365684777498245,0.008251388557255268,0.13042905926704407,0.008998477831482887,0.09713604301214218,0.058021895587444305,0.16655489802360535,0.3122548460960388,0.0012864256277680397,2.1314547061920166,0.08474862575531006,,,,,,,,,,,,,,,
,0.0001057765672584774,5169,,,,,,,,,,,,,,,,,,,,,,,,,,,,,,
7,,5169,0.04452172666788101,0.03378141298890114,0.22211620211601257,0.0022981450892984867,0.034541353583335876,0.009722698479890823,0.16589581966400146,0.008420657366514206,0.08240757137537003,0.04636574536561966,0.16313552856445312,0.3161129057407379,0.000962520600296557,2.108640432357788,0.08354362845420837,,,,,,,,,,,,,,,
,0.00010546631764038719,5179,,,,,,,,,,,,,,,,,,,,,,,,,,,,,,
7,,5179,0.039719197899103165,0.01873473823070526,0.2465202659368515,0.0013550770236179233,0.055828191339969635,0.006932978983968496,0.15473230183124542,0.008700892329216003,0.08091767877340317,0.049306996166706085,0.1587733030319214,0.3295149505138397,0.0010814657434821129,2.1217801570892334,0.1363096684217453,,,,,,,,,,,,,,,
,0.00010515601523955476,5189,,,,,,,,,,,,,,,,,,,,,,,,,,,,,,
7,,5189,0.08729925751686096,0.023675857111811638,0.2316693663597107,0.0014205675106495619,0.040702953934669495,0.01125645823776722,0.14295943081378937,0.010429074987769127,0.09555744379758835,0.028357017785310745,0.155732661485672,0.3513791859149933,0.001301311538554728,2.109469413757324,0.11035376787185669,,,,,,,,,,,,,,,
,0.00010484566305225898,5199,,,,,,,,,,,,,,,,,,,,,,,,,,,,,,
7,,5199,0.03636845201253891,0.014923165552318096,0.14558440446853638,0.0003139166219625622,0.026378227397799492,0.008722764439880848,0.09615675359964371,0.008600370027124882,0.05653969943523407,0.03263530507683754,0.13220170140266418,0.22404468059539795,0.0016270482446998358,2.121192455291748,0.07601354271173477,,,,,,,,,,,,,,,
,0.00010453526407525931,5209,,,,,,,,,,,,,,,,,,,,,,,,,,,,,,
7,,5209,0.029625598341226578,0.053104422986507416,0.25007638335227966,0.004230218939483166,0.03460497036576271,0.005065590143203735,0.16785754263401031,0.0034001367166638374,0.034955259412527084,0.0566679947078228,0.1524049937725067,0.2792913317680359,0.005294528789818287,2.1087985038757324,0.0940135046839714,,,,,,,,,,,,,,,
,0.0001042248213057671,5219,,,,,,,,,,,,,,,,,,,,,,,,,,,,,,
7,,5219,0.020776571705937386,0.06527060270309448,0.3105396032333374,0.00031146666151471436,0.035161491483449936,0.009937313385307789,0.2050696164369583,0.0021127115469425917,0.036897171288728714,0.038279663771390915,0.1724313199520111,0.30902665853500366,0.013003579340875149,2.164860486984253,0.072628915309906,,,,,,,,,,,,,,,
,0.00010391433774141656,5229,,,,,,,,,,,,,,,,,,,,,,,,,,,,,,
7,,5229,0.024110257625579834,0.04317308962345123,0.2513675391674042,0.0007074919412843883,0.023299435153603554,0.007442059461027384,0.1510823518037796,0.006310724187642336,0.026249006390571594,0.026316849514842033,0.15527789294719696,0.24262018501758575,0.0006079016020521522,2.1658008098602295,0.07230280339717865,,,,,,,,,,,,,,,
,0.00010360381638023582,5239,,,,,,,,,,,,,,,,,,,,,,,,,,,,,,
7,,5239,0.05515313148498535,0.041699543595314026,0.25416865944862366,0.0050674802623689175,0.02899274043738842,0.008714583702385426,0.16280178725719452,0.00549163855612278,0.07145663350820541,0.027334431186318398,0.15560871362686157,0.3116224408149719,0.002889335621148348,2.1372134685516357,0.06227517127990723,,,,,,,,,,,,,,,
,0.00010329326022061787,5249,,,,,,,,,,,,,,,,,,,,,,,,,,,,,,
7,,5249,0.04896307736635208,0.02098277024924755,0.18271993100643158,0.004733981564640999,0.03380654379725456,0.00971012469381094,0.1073041781783104,0.006003795191645622,0.07168296724557877,0.055962108075618744,0.11478669196367264,0.2680184543132782,0.006130596157163382,2.120907783508301,0.0676402896642685,,,,,,,,,,,,,,,
,0.00010298267226129188,5259,,,,,,,,,,,,,,,,,,,,,,,,,,,,,,
7,,5259,0.054358866065740585,0.018213806673884392,0.1999051421880722,0.003704944858327508,0.03954973444342613,0.011681308038532734,0.12797725200653076,0.013561021536588669,0.09894710034132004,0.04899308457970619,0.14095854759216309,0.3214564919471741,0.0006126516964286566,2.1231155395507812,0.08977066725492477,,,,,,,,,,,,,,,
,0.00010267205550129397,5269,,,,,,,,,,,,,,,,,,,,,,,,,,,,,,
7,,5269,0.030019987374544144,0.01717015728354454,0.21014387905597687,0.0009209953714162111,0.03242705389857292,0.008743003010749817,0.11230514943599701,0.006080353632569313,0.05890483409166336,0.03910017013549805,0.1526748687028885,0.2549431324005127,0.0003240697842556983,2.1271207332611084,0.08945705741643906,,,,,,,,,,,,,,,
,0.00010236141293993838,5279,,,,,,,,,,,,,,,,,,,,,,,,,,,,,,
7,,5279,0.0352894626557827,0.017882633954286575,0.19451399147510529,0.0008070744224824011,0.02616863138973713,0.015281925909221172,0.12266452610492706,0.0063519710674881935,0.0639294907450676,0.03823203966021538,0.10623925179243088,0.24577772617340088,0.0003929409140255302,2.1680989265441895,0.06437450647354126,,,,,,,,,,,,,,,
,0.00010205074757678845,5289,,,,,,,,,,,,,,,,,,,,,,,,,,,,,,
7,,5289,0.059272874146699905,0.015497892163693905,0.17753753066062927,0.0018894741078838706,0.02900243178009987,0.004205463454127312,0.1102665588259697,0.009193746373057365,0.11005546897649765,0.03657029569149017,0.1586858332157135,0.3166208267211914,0.004466577898710966,2.1200168132781982,0.0925867110490799,,,,,,,,,,,,,,,
,0.00010174006241162781,5299,,,,,,,,,,,,,,,,,,,,,,,,,,,,,,
7,,5299,0.01718384586274624,0.0287098977714777,0.17765621840953827,0.0010503899538889527,0.023658387362957,0.017809204757213593,0.12001150101423264,0.0040654512122273445,0.022577639669179916,0.027057750150561333,0.11761225014925003,0.19357237219810486,0.0005737122264690697,2.123096466064453,0.06509749591350555,,,,,,,,,,,,,,,
,0.00010142936044443119,5309,,,,,,,,,,,,,,,,,,,,,,,,,,,,,,
7,,5309,0.024166567251086235,0.022544287145137787,0.1669844388961792,0.0011253986740484834,0.03472347930073738,0.0017508805030956864,0.1057157889008522,0.0027817673981189728,0.03473527729511261,0.06761487573385239,0.1396946907043457,0.21095474064350128,0.00023492856416851282,2.135540723800659,0.08938203006982803,,,,,,,,,,,,,,,
,0.00010111864467533558,5319,,,,,,,,,,,,,,,,,,,,,,,,,,,,,,
7,,5319,0.04276605695486069,0.011389190331101418,0.17998448014259338,0.0010208685416728258,0.03294408693909645,0.003511576447635889,0.10003017634153366,0.004271767567843199,0.04604531452059746,0.039050061255693436,0.1130334660410881,0.21921393275260925,0.00015578321472276002,2.1240346431732178,0.08107532560825348,,,,,,,,,,,,,,,
,0.00010080791810461128,5329,,,,,,,,,,,,,,,,,,,,,,,,,,,,,,
7,,5329,0.03558388352394104,0.013786501251161098,0.16234417259693146,0.001136485137976706,0.03222367540001869,0.009997989051043987,0.10932590067386627,0.011526966467499733,0.07639394700527191,0.03580257669091225,0.13995133340358734,0.26168015599250793,0.004014432895928621,2.148521900177002,0.07617156952619553,,,,,,,,,,,,,,,
,0.00010049718373263286,5339,,,,,,,,,,,,,,,,,,,,,,,,,,,,,,
7,,5339,0.028913142159581184,0.019605077803134918,0.1468779295682907,0.0003552606503944844,0.02704973891377449,0.0056715779937803745,0.0929717943072319,0.009327813982963562,0.047473594546318054,0.04521346464753151,0.12064364552497864,0.20818573236465454,0.0019949583802372217,2.142078161239624,0.06306732445955276,,,,,,,,,,,,,,,
,0.00010018644455985024,5349,,,,,,,,,,,,,,,,,,,,,,,,,,,,,,
7,,5349,0.03672190383076668,0.014456492848694324,0.17816244065761566,0.005145869217813015,0.0431751050055027,0.007392599247395992,0.11771968007087708,0.007110572420060635,0.08663059771060944,0.03791048750281334,0.15401671826839447,0.280416876077652,0.0007981894887052476,2.12746000289917,0.07576484233140945,,,,,,,,,,,,,,,
,9.987570358675966e-05,5359,,,,,,,,,,,,,,,,,,,,,,,,,,,,,,
7,,5359,0.032774489372968674,0.020669136196374893,0.246004119515419,0.0019339337013661861,0.047634195536375046,0.004380985163152218,0.15495556592941284,0.004109343513846397,0.08684826642274857,0.05599132552742958,0.15403331816196442,0.3133210837841034,0.0013148036086931825,2.144774913787842,0.09538432955741882,,,,,,,,,,,,,,,
,9.956496381387475e-05,5369,,,,,,,,,,,,,,,,,,,,,,,,,,,,,,
7,,5369,0.04264385998249054,0.019320618361234665,0.18746288120746613,0.0006756434449926019,0.033890508115291595,0.013808141462504864,0.12305963784456253,0.009737585671246052,0.07403897494077682,0.03242076560854912,0.1389884501695633,0.27114811539649963,0.0005693517159670591,2.1121904850006104,0.07345035672187805,,,,,,,,,,,,,,,
,9.925422824169759e-05,5379,,,,,,,,,,,,,,,,,,,,,,,,,,,,,,
7,,5379,0.07178007811307907,0.017366651445627213,0.21610429883003235,0.004484851844608784,0.04403351992368698,0.017685541883111,0.11978445202112198,0.009139921516180038,0.10505221039056778,0.04988597333431244,0.14532412588596344,0.34738731384277344,0.0003793139767367393,2.1194162368774414,0.11439346522092819,,,,,,,,,,,,,,,
,9.894349987068969e-05,5389,,,,,,,,,,,,,,,,,,,,,,,,,,,,,,
7,,5389,0.030089806765317917,0.016315948218107224,0.1627902388572693,0.0029633522499352694,0.035413600504398346,0.008350669406354427,0.10225707292556763,0.008471455425024033,0.059997282922267914,0.05295029282569885,0.12016748636960983,0.23855076730251312,0.00043856544652953744,2.1485583782196045,0.0856756940484047,,,,,,,,,,,,,,,
,9.863278170124292e-05,5399,,,,,,,,,,,,,,,,,,,,,,,,,,,,,,
7,,5399,0.07561350613832474,0.021013803780078888,0.18337534368038177,0.0005903756828047335,0.042346395552158356,0.01638767309486866,0.14099423587322235,0.004206395708024502,0.09320508688688278,0.03346196934580803,0.13461574912071228,0.3172047734260559,0.00174593401607126,2.1795830726623535,0.10086886584758759,,,,,,,,,,,,,,,
,9.832207673365087e-05,5409,,,,,,,,,,,,,,,,,,,,,,,,,,,,,,
7,,5409,0.03399509936571121,0.014294886961579323,0.16292300820350647,0.002733594737946987,0.03141345828771591,0.010240314528346062,0.09906348586082458,0.006487926468253136,0.07291603833436966,0.03206610679626465,0.13142165541648865,0.23879855871200562,0.0008597965352237225,2.125493288040161,0.051250558346509933,,,,,,,,,,,,,,,
,9.801138796807945e-05,5419,,,,,,,,,,,,,,,,,,,,,,,,,,,,,,
7,,5419,0.02649136260151863,0.013977940194308758,0.17397083342075348,0.00044819049071520567,0.020293541252613068,0.01081824954599142,0.0964532271027565,0.004674580413848162,0.042021773755550385,0.025331424549221992,0.116782546043396,0.19659565389156342,0.0014049251331016421,2.1189472675323486,0.05088677257299423,,,,,,,,,,,,,,,
,9.770071840453816e-05,5429,,,,,,,,,,,,,,,,,,,,,,,,,,,,,,
7,,5429,0.05201074108481407,0.01664387620985508,0.18553800880908966,0.00045325138489715755,0.04047320783138275,0.010558726266026497,0.11636866629123688,0.005738542415201664,0.09494490921497345,0.03658448904752731,0.14038455486297607,0.29310131072998047,0.0003914345579687506,2.117480754852295,0.08398139476776123,,,,,,,,,,,,,,,
,9.739007104285117e-05,5439,,,,,,,,,,,,,,,,,,,,,,,,,,,,,,
7,,5439,0.03164453059434891,0.020364902913570404,0.2404572069644928,0.0007588692242279649,0.026469726115465164,0.019023269414901733,0.13091830909252167,0.010846651159226894,0.050198618322610855,0.02284465730190277,0.13373972475528717,0.2557476758956909,0.0004048055852763355,2.1198718547821045,0.061333540827035904,,,,,,,,,,,,,,,
,9.70794488826282e-05,5449,,,,,,,,,,,,,,,,,,,,,,,,,,,,,,
7,,5449,0.04041605070233345,0.03725869953632355,0.1729268580675125,0.002991118934005499,0.03167565539479256,0.005819241050630808,0.14793746173381805,0.007613723166286945,0.05656704679131508,0.039864394813776016,0.11499733477830887,0.2519727647304535,0.0003294791968073696,2.1445915699005127,0.06896606832742691,,,,,,,,,,,,,,,
,9.676885492323559e-05,5459,,,,,,,,,,,,,,,,,,,,,,,,,,,,,,
7,,5459,0.05687488615512848,0.013343079015612602,0.18460728228092194,0.0008311242563650012,0.0356072373688221,0.005300176329910755,0.09837845712900162,0.007785124704241753,0.10633531957864761,0.036821138113737106,0.12917819619178772,0.30251336097717285,0.003956479020416737,2.122295379638672,0.08981041610240936,,,,,,,,,,,,,,,
,9.645829216376748e-05,5469,,,,,,,,,,,,,,,,,,,,,,,,,,,,,,
7,,5469,0.03407919034361839,0.028264211490750313,0.20985668897628784,0.00299799139611423,0.027081577107310295,0.018713096156716347,0.11818985641002655,0.0047020334750413895,0.05445550009608269,0.034677572548389435,0.13913287222385406,0.25393107533454895,0.0003788512840401381,2.142172336578369,0.07130596786737442,,,,,,,,,,,,,,,
,9.614776360301669e-05,5479,,,,,,,,,,,,,,,,,,,,,,,,,,,,,,
7,,5479,0.048172470182180405,0.019178714603185654,0.16508662700653076,0.0013121201191097498,0.036781080067157745,0.01727398857474327,0.10772538185119629,0.005153029691427946,0.061589013785123825,0.04913284629583359,0.12549185752868652,0.24613292515277863,0.0003058825386688113,2.1141395568847656,0.06419089436531067,,,,,,,,,,,,,,,
,9.583727223944576e-05,5489,,,,,,,,,,,,,,,,,,,,,,,,,,,,,,
7,,5489,0.05332791432738304,0.018535368144512177,0.18421076238155365,0.004152998328208923,0.0402994342148304,0.005295935552567244,0.11215458810329437,0.009740184061229229,0.11939863115549088,0.0425192266702652,0.15525497496128082,0.3275156617164612,0.0011772875441238284,2.133671283721924,0.08504970371723175,,,,,,,,,,,,,,,
,9.552682107115812e-05,5499,,,,,,,,,,,,,,,,,,,,,,,,,,,,,,
7,,5499,0.041143748909235,0.01592159830033779,0.15949635207653046,0.00030202718335203826,0.0287069883197546,0.007867050357162952,0.1040002703666687,0.009001440368592739,0.08381930738687515,0.031119365245103836,0.11478877812623978,0.24930447340011597,0.0002125937899108976,2.150010824203491,0.05481230095028877,,,,,,,,,,,,,,,
,9.521641309586911e-05,5509,,,,,,,,,,,,,,,,,,,,,,,,,,,,,,
7,,5509,0.0550968199968338,0.021844375878572464,0.14995484054088593,0.0021703317761421204,0.028815921396017075,0.020782645791769028,0.1023620218038559,0.008347572758793831,0.06048283725976944,0.02693694457411766,0.12486458569765091,0.24462391436100006,0.0006483168108388782,2.1362268924713135,0.06500998139381409,,,,,,,,,,,,,,,
,9.490605131087691e-05,5519,,,,,,,,,,,,,,,,,,,,,,,,,,,,,,
7,,5519,0.02697599120438099,0.031439606100320816,0.21461455523967743,0.0005319944466464221,0.020398160442709923,0.00586360041052103,0.13933402299880981,0.004155411384999752,0.03464676812291145,0.02931065671145916,0.11721348017454147,0.2198699414730072,0.0016902625793591142,2.1236155033111572,0.05897710099816322,,,,,,,,,,,,,,,
,9.459573871303371e-05,5529,,,,,,,,,,,,,,,,,,,,,,,,,,,,,,
7,,5529,0.049421343952417374,0.013985833153128624,0.10725735872983932,0.0007123789982870221,0.0308232419192791,0.005867446772754192,0.08327087014913559,0.01050035934895277,0.07751642167568207,0.026521464809775352,0.10445249080657959,0.23013634979724884,0.0013514142483472824,2.1045711040496826,0.07082527130842209,,,,,,,,,,,,,,,
,9.42854782987168e-05,5539,,,,,,,,,,,,,,,,,,,,,,,,,,,,,,
7,,5539,0.04553425684571266,0.02814294770359993,0.20658928155899048,0.0018475808901712298,0.027842778712511063,0.01000659354031086,0.14548926055431366,0.006921541411429644,0.04993480071425438,0.026530321687459946,0.12355640530586243,0.2513117790222168,0.00018414392252452672,2.132842540740967,0.06465159356594086,,,,,,,,,,,,,,,
,9.397527306379955e-05,5549,,,,,,,,,,,,,,,,,,,,,,,,,,,,,,
7,,5549,0.03803756460547447,0.032984450459480286,0.19369223713874817,0.0020939053501933813,0.030182193964719772,0.014266992919147015,0.15356306731700897,0.004939069040119648,0.04451294615864754,0.021827083081007004,0.10388888418674469,0.2381666749715805,0.0008644803310744464,2.1275477409362793,0.06104790419340134,,,,,,,,,,,,,,,
,9.36651260036225e-05,5559,,,,,,,,,,,,,,,,,,,,,,,,,,,,,,
7,,5559,0.0438394695520401,0.015417731367051601,0.1793977916240692,0.00024665470118634403,0.030719738453626633,0.00785545539110899,0.095846027135849,0.006667319219559431,0.0786251649260521,0.039216890931129456,0.14463794231414795,0.26353758573532104,0.0002710823027882725,2.1421804428100586,0.08480638265609741,,,,,,,,,,,,,,,
7,,5559,,,,,,,,,,,,,,,,0.18026089668273926,0.03930069878697395,0.2861459255218506,0.009459400549530983,0.08038554340600967,0.0017775091109797359,0.18184231221675873,0.01811552233994007,0.19949772953987122,0.07837355136871338,0.19915536046028137,0.5925535559654236,0.011094274930655956,2.115696668624878,0.1488642543554306
,9.335504011296448e-05,5569,,,,,,,,,,,,,,,,,,,,,,,,,,,,,,
8,,5569,0.03858810290694237,0.015380598604679108,0.2017843872308731,0.003685316303744912,0.039956897497177124,0.011186432093381882,0.13255412876605988,0.008026313036680222,0.07293880730867386,0.03262294828891754,0.1408577710390091,0.2773553431034088,0.0012763387057930231,2.173079013824463,0.0788700133562088,,,,,,,,,,,,,,,
,9.304501838601369e-05,5579,,,,,,,,,,,,,,,,,,,,,,,,,,,,,,
8,,5579,0.0251467302441597,0.02402246557176113,0.20356816053390503,0.0022937136236578226,0.03938564285635948,0.006861831061542034,0.1325063854455948,0.007696360815316439,0.05955609679222107,0.030144058167934418,0.1191558912396431,0.2534770965576172,0.000293787510599941,2.1479315757751465,0.08542538434267044,,,,,,,,,,,,,,,
,9.27350638163387e-05,5589,,,,,,,,,,,,,,,,,,,,,,,,,,,,,,
8,,5589,0.06834463775157928,0.022752299904823303,0.2464618980884552,0.004030779004096985,0.04164407402276993,0.011896943673491478,0.14998874068260193,0.006318022031337023,0.18805932998657227,0.04107549414038658,0.17393243312835693,0.4456896185874939,0.003127416828647256,2.110729455947876,0.10712559521198273,,,,,,,,,,,,,,,
,9.242517939685964e-05,5599,,,,,,,,,,,,,,,,,,,,,,,,,,,,,,
8,,5599,0.04861152544617653,0.03576917201280594,0.2518291175365448,0.0008670839015394449,0.06266582012176514,0.006136030424386263,0.16001084446907043,0.003565156366676092,0.06313224136829376,0.026437435299158096,0.17045755684375763,0.3241155743598938,0.0007217281381599605,2.172959566116333,0.149576336145401,,,,,,,,,,,,,,,
,9.211536811981933e-05,5609,,,,,,,,,,,,,,,,,,,,,,,,,,,,,,
8,,5609,0.049776677042245865,0.016619320958852768,0.24575717747211456,0.0007679771515540779,0.045200739055871964,0.003697485662996769,0.14527186751365662,0.007086495868861675,0.08497980982065201,0.060463983565568924,0.16683389246463776,0.3285875916481018,0.0006431359797716141,2.146627187728882,0.12647899985313416,,,,,,,,,,,,,,,
,9.180563297675423e-05,5619,,,,,,,,,,,,,,,,,,,,,,,,,,,,,,
8,,5619,0.05476377159357071,0.03915891423821449,0.18722641468048096,0.0017861443338915706,0.03228495270013809,0.009061322547495365,0.17020055651664734,0.009229909628629684,0.07223662734031677,0.046275753527879715,0.1439351588487625,0.29942768812179565,0.0016441075131297112,2.1244447231292725,0.08145701885223389,,,,,,,,,,,,,,,
,9.14959769584657e-05,5629,,,,,,,,,,,,,,,,,,,,,,,,,,,,,,
8,,5629,0.05175625532865524,0.024912163615226746,0.17897550761699677,0.0012811996275559068,0.028631586581468582,0.006114857736974955,0.13654650747776031,0.006613907869905233,0.060195181518793106,0.019053885713219643,0.13097447156906128,0.25292494893074036,0.002412069821730256,2.1524171829223633,0.0649399682879448,,,,,,,,,,,,,,,
,9.118640305499108e-05,5639,,,,,,,,,,,,,,,,,,,,,,,,,,,,,,
8,,5639,0.039986055344343185,0.01858813688158989,0.19093646109104156,0.003223038511350751,0.029007578268647194,0.008635136298835278,0.1271550953388214,0.003979649394750595,0.04283459112048149,0.02960096299648285,0.14017973840236664,0.2364027351140976,0.006839573383331299,2.1407034397125244,0.06327451020479202,,,,,,,,,,,,,,,
,9.08769142555748e-05,5649,,,,,,,,,,,,,,,,,,,,,,,,,,,,,,
8,,5649,0.04332910105586052,0.013071147724986076,0.1267203539609909,0.0023026694543659687,0.02814297378063202,0.014310667291283607,0.0988413393497467,0.01130230724811554,0.08165474981069565,0.04307028651237488,0.11073669791221619,0.24513433873653412,0.0019311727955937386,2.1320266723632812,0.051750097423791885,,,,,,,,,,,,,,,
,9.056751354863947e-05,5659,,,,,,,,,,,,,,,,,,,,,,,,,,,,,,
8,,5659,0.03607935830950737,0.018511014059185982,0.2091030478477478,0.0032049051951617002,0.026304367929697037,0.002831387799233198,0.12347164005041122,0.008092178031802177,0.08641532063484192,0.038578055799007416,0.11966244131326675,0.2790546715259552,0.003882633289322257,2.1130411624908447,0.06901908665895462,,,,,,,,,,,,,,,
,9.025820392175721e-05,5669,,,,,,,,,,,,,,,,,,,,,,,,,,,,,,
8,,5669,0.0388052724301815,0.024054909124970436,0.26714804768562317,0.0030718029011040926,0.052789878100156784,0.00366228143684566,0.14762291312217712,0.0026107793673872948,0.051285263150930405,0.017598453909158707,0.15619701147079468,0.2964076101779938,0.004397032782435417,2.157792568206787,0.13353395462036133,,,,,,,,,,,,,,,
,8.994898836162055e-05,5679,,,,,,,,,,,,,,,,,,,,,,,,,,,,,,
8,,5679,0.0628267452120781,0.02093229815363884,0.20048397779464722,0.0036587733775377274,0.040206413716077805,0.0060394746251404285,0.13440608978271484,0.006516552530229092,0.07344076037406921,0.0451473630964756,0.13751085102558136,0.2943408787250519,0.0018380247056484222,2.154688835144043,0.09336043149232864,,,,,,,,,,,,,,,
,8.963986985401372e-05,5689,,,,,,,,,,,,,,,,,,,,,,,,,,,,,,
8,,5689,0.03260083496570587,0.011808589100837708,0.13095909357070923,0.0006296679493971169,0.02519725076854229,0.005978050641715527,0.09074278175830841,0.009531857445836067,0.07855319231748581,0.03250531852245331,0.11616035550832748,0.22609843313694,0.0015689373249188066,2.135809898376465,0.05140432342886925,,,,,,,,,,,,,,,
,8.933085138378391e-05,5699,,,,,,,,,,,,,,,,,,,,,,,,,,,,,,
8,,5699,0.024801364168524742,0.014059087261557579,0.17534291744232178,0.0001945104741025716,0.029506739228963852,0.004225864540785551,0.07771887630224228,0.005674830637872219,0.04697788134217262,0.017703549936413765,0.12503556907176971,0.2060932219028473,0.00028393592219799757,2.1429150104522705,0.08584297448396683,,,,,,,,,,,,,,,
,8.902193593481226e-05,5709,,,,,,,,,,,,,,,,,,,,,,,,,,,,,,
8,,5709,0.047672200947999954,0.012772839516401291,0.18836624920368195,0.0007088487036526203,0.039771270006895065,0.016374042257666588,0.1487574726343155,0.009779726155102253,0.11781137436628342,0.0319741927087307,0.14232616126537323,0.3304457664489746,0.00024491423391737044,2.1382994651794434,0.09288404136896133,,,,,,,,,,,,,,,
,8.871312648998516e-05,5719,,,,,,,,,,,,,,,,,,,,,,,,,,,,,,
8,,5719,0.0663904920220375,0.018070688471198082,0.24817685782909393,0.0021452908404171467,0.04662715643644333,0.00781748816370964,0.15153351426124573,0.009828707203269005,0.10568416863679886,0.04608568921685219,0.18865090608596802,0.36841464042663574,0.0012787802843376994,2.1232190132141113,0.1216970905661583,,,,,,,,,,,,,,,
,8.840442603116539e-05,5729,,,,,,,,,,,,,,,,,,,,,,,,,,,,,,
8,,5729,0.03666943684220314,0.009709070436656475,0.11609179526567459,0.0005702735506929457,0.022695569321513176,0.008956809528172016,0.08090990781784058,0.006646778434514999,0.04080350324511528,0.03908182308077812,0.10360725224018097,0.18155249953269958,0.00044613442150875926,2.125286102294922,0.06358805298805237,,,,,,,,,,,,,,,
,8.809583753916345e-05,5739,,,,,,,,,,,,,,,,,,,,,,,,,,,,,,
8,,5739,0.042363643646240234,0.01598460227251053,0.15451472997665405,0.0006356587982736528,0.02376902662217617,0.008210957050323486,0.09844692796468735,0.005933802109211683,0.05679728090763092,0.026565954089164734,0.11420726031064987,0.21774524450302124,0.0017558076651766896,2.152587652206421,0.057355981320142746,,,,,,,,,,,,,,,
,8.778736399370863e-05,5749,,,,,,,,,,,,,,,,,,,,,,,,,,,,,,
8,,5749,0.02616029791533947,0.01943390630185604,0.2110186517238617,0.0008334081503562629,0.032194796949625015,0.007886970415711403,0.13410510122776031,0.004556235857307911,0.036504969000816345,0.030569864436984062,0.1384993940591812,0.22858372330665588,0.0003971025289501995,2.136399984359741,0.08109627664089203,,,,,,,,,,,,,,,
,8.747900837342025e-05,5759,,,,,,,,,,,,,,,,,,,,,,,,,,,,,,
8,,5759,0.03686586767435074,0.014309316873550415,0.12879720330238342,0.00029641398577950895,0.023563845083117485,0.010367650538682938,0.09232914447784424,0.005990822333842516,0.05710683763027191,0.02316092699766159,0.11063061654567719,0.2032415121793747,0.00021885712340008467,2.1289727687835693,0.05691804736852646,,,,,,,,,,,,,,,
,8.717077365577907e-05,5769,,,,,,,,,,,,,,,,,,,,,,,,,,,,,,
8,,5769,0.05105955898761749,0.016142547130584717,0.18761920928955078,0.00020392867736518383,0.028937773779034615,0.016250165179371834,0.12073735892772675,0.006603968795388937,0.06821922212839127,0.016846967861056328,0.1538156270980835,0.2613092362880707,0.0007558275829069316,2.1265926361083984,0.061398908495903015,,,,,,,,,,,,,,,
,8.686266281709832e-05,5779,,,,,,,,,,,,,,,,,,,,,,,,,,,,,,
8,,5779,0.024067416787147522,0.01749829389154911,0.20432177186012268,0.0003475715056993067,0.039840031415224075,0.004512016661465168,0.10174567252397537,0.004600622691214085,0.02925938554108143,0.04021548479795456,0.15308615565299988,0.22613970935344696,0.00012540961324702948,2.156503915786743,0.12391719967126846,,,,,,,,,,,,,,,
,8.6554678832495e-05,5789,,,,,,,,,,,,,,,,,,,,,,,,,,,,,,
8,,5789,0.042306698858737946,0.02416502684354782,0.1524854302406311,0.0013494888553395867,0.037330277264118195,0.005875256843864918,0.10089658945798874,0.005918480455875397,0.0828276053071022,0.014802483841776848,0.12104944884777069,0.2592393755912781,0.002849272219464183,2.147275686264038,0.08601641654968262,,,,,,,,,,,,,,,
,8.624682467586141e-05,5799,,,,,,,,,,,,,,,,,,,,,,,,,,,,,,
8,,5799,0.029857244342565536,0.016492953523993492,0.12461590021848679,0.001818001619540155,0.026801317930221558,0.009240077808499336,0.09800254553556442,0.005978756584227085,0.04465775564312935,0.03700687736272812,0.11175210028886795,0.19446301460266113,0.0014403531095013022,2.157454490661621,0.05978376418352127,,,,,,,,,,,,,,,
,8.593910331983604e-05,5809,,,,,,,,,,,,,,,,,,,,,,,,,,,,,,
8,,5809,0.031537238508462906,0.013941542245447636,0.18043252825737,0.0009697045898064971,0.029117261990904808,0.014270891435444355,0.10367724299430847,0.008815618231892586,0.07953274995088577,0.028971465304493904,0.1291406899690628,0.2593871057033539,0.0007835821015760303,2.1341826915740967,0.07767500728368759,,,,,,,,,,,,,,,
,8.563151773577513e-05,5819,,,,,,,,,,,,,,,,,,,,,,,,,,,,,,
8,,5819,0.022203315049409866,0.033947527408599854,0.17683066427707672,0.0019324589520692825,0.023475337773561478,0.005072114523500204,0.12460377812385559,0.003982177935540676,0.05256864055991173,0.031382348388433456,0.10167273879051208,0.22249357402324677,0.00537074264138937,2.1731178760528564,0.0543731264770031,,,,,,,,,,,,,,,
,8.532407089372391e-05,5829,,,,,,,,,,,,,,,,,,,,,,,,,,,,,,
8,,5829,0.03106791153550148,0.011830349452793598,0.2083040326833725,0.0004208825994282961,0.029550135135650635,0.011216875165700912,0.10822954773902893,0.004673514515161514,0.04797470569610596,0.02798767387866974,0.14717091619968414,0.2387632429599762,0.000332219700794667,2.14421010017395,0.09639634937047958,,,,,,,,,,,,,,,
,8.50167657623879e-05,5839,,,,,,,,,,,,,,,,,,,,,,,,,,,,,,
8,,5839,0.03517778217792511,0.043615102767944336,0.23441465198993683,0.0009277391363866627,0.034016743302345276,0.005786423105746508,0.15505215525627136,0.006317576859146357,0.08290545642375946,0.035460226237773895,0.13784290850162506,0.30724096298217773,0.0006310777389444411,2.1281590461730957,0.09350574761629105,,,,,,,,,,,,,,,
,8.470960530910428e-05,5849,,,,,,,,,,,,,,,,,,,,,,,,,,,,,,
8,,5849,0.0734199732542038,0.02542119473218918,0.20070809125900269,0.0021279307547956705,0.060193754732608795,0.004826468415558338,0.15868842601776123,0.015316687524318695,0.1331195831298828,0.04973386600613594,0.14978352189064026,0.386063814163208,0.0002292921271873638,2.14231538772583,0.11209604144096375,,,,,,,,,,,,,,,
,8.44025924998132e-05,5859,,,,,,,,,,,,,,,,,,,,,,,,,,,,,,
8,,5859,0.05088845267891884,0.012652792036533356,0.1963801383972168,0.0009378846734762192,0.02875526435673237,0.006112179718911648,0.11447259783744812,0.00652349554002285,0.07369420677423477,0.03912278264760971,0.13723592460155487,0.2633502185344696,0.0009420131100341678,2.134070634841919,0.06551528722047806,,,,,,,,,,,,,,,
,8.409573029902918e-05,5869,,,,,,,,,,,,,,,,,,,,,,,,,,,,,,
8,,5869,0.06578616052865982,0.03541680797934532,0.25282442569732666,0.003106606425717473,0.032559942454099655,0.011301041580736637,0.14351564645767212,0.004002364818006754,0.036926429718732834,0.036234550178050995,0.15826866030693054,0.2912156879901886,0.0030551068484783173,2.1503920555114746,0.11486561596393585,,,,,,,,,,,,,,,
,8.378902166981244e-05,5879,,,,,,,,,,,,,,,,,,,,,,,,,,,,,,
8,,5879,0.03703223541378975,0.019725225865840912,0.2396557629108429,0.000815420295111835,0.037031129002571106,0.005963004194200039,0.13873445987701416,0.0022796583361923695,0.04429156705737114,0.06818673759698868,0.15404339134693146,0.26088419556617737,0.0009426453616470098,2.1534929275512695,0.08764119446277618,,,,,,,,,,,,,,,
,8.348246957374035e-05,5889,,,,,,,,,,,,,,,,,,,,,,,,,,,,,,
8,,5889,0.04458923265337944,0.018383951857686043,0.20284993946552277,0.0008250740938819945,0.04049665108323097,0.01178608275949955,0.13234026730060577,0.006868302822113037,0.07859418541193008,0.04781573638319969,0.14227204024791718,0.29144975543022156,0.0008926040027290583,2.1618242263793945,0.09679111838340759,,,,,,,,,,,,,,,
,8.317607697087877e-05,5899,,,,,,,,,,,,,,,,,,,,,,,,,,,,,,
8,,5899,0.04058300331234932,0.013766616582870483,0.1460479497909546,0.00016104344103951007,0.021907124668359756,0.00780171062797308,0.09951388090848923,0.004386289045214653,0.03971877321600914,0.029445970430970192,0.1290663629770279,0.1920396238565445,0.00039868871681392193,2.156507968902588,0.04425334930419922,,,,,,,,,,,,,,,
,8.286984681975346e-05,5909,,,,,,,,,,,,,,,,,,,,,,,,,,,,,,
8,,5909,0.04414067789912224,0.023466724902391434,0.2688080668449402,0.004081589635461569,0.050442613661289215,0.009206138551235199,0.14624671638011932,0.009599113836884499,0.07990074902772903,0.03339260444045067,0.16874808073043823,0.3351030945777893,0.008597219362854958,2.151933193206787,0.09430373460054398,,,,,,,,,,,,,,,
,8.256378207732163e-05,5919,,,,,,,,,,,,,,,,,,,,,,,,,,,,,,
8,,5919,0.02704903855919838,0.032143473625183105,0.22123073041439056,0.0028801518492400646,0.024767184630036354,0.007292706519365311,0.15607108175754547,0.0036671897396445274,0.025051331147551537,0.0286568496376276,0.1305447220802307,0.22300221025943756,0.0007060755742713809,2.129426956176758,0.062276486307382584,,,,,,,,,,,,,,,
,8.225788569894327e-05,5929,,,,,,,,,,,,,,,,,,,,,,,,,,,,,,
8,,5929,0.05387542396783829,0.013542355969548225,0.17053446173667908,0.0011951267952099442,0.03546701744198799,0.00752201909199357,0.10320216417312622,0.009221145883202553,0.07504941523075104,0.03623482957482338,0.1324397325515747,0.27062371373176575,0.00021578518499154598,2.105074882507324,0.10358583182096481,,,,,,,,,,,,,,,
,8.195216063835259e-05,5939,,,,,,,,,,,,,,,,,,,,,,,,,,,,,,
8,,5939,0.032377857714891434,0.011362877674400806,0.1297588050365448,0.0010201435070484877,0.021358199417591095,0.011840914376080036,0.09222313016653061,0.009725182317197323,0.052066463977098465,0.02087206020951271,0.09818890690803528,0.195032000541687,0.0012655059108510613,2.1519393920898438,0.04736202210187912,,,,,,,,,,,,,,,
,8.164660984762964e-05,5949,,,,,,,,,,,,,,,,,,,,,,,,,,,,,,
8,,5949,0.025145748630166054,0.009778846055269241,0.11665201187133789,0.0003983793139923364,0.025634916499257088,0.006361711770296097,0.07362809777259827,0.0037869708612561226,0.034490108489990234,0.039534687995910645,0.12170973420143127,0.16952675580978394,0.0009362974087707698,2.113029956817627,0.06722071021795273,,,,,,,,,,,,,,,
,8.134123627717168e-05,5959,,,,,,,,,,,,,,,,,,,,,,,,,,,,,,
8,,5959,0.034896787256002426,0.046894025057554245,0.1885731965303421,0.0006560032488778234,0.04030738025903702,0.008471798151731491,0.16978991031646729,0.010463360697031021,0.07624921202659607,0.032845813781023026,0.14777393639087677,0.2959161102771759,0.00047048955457285047,2.128048896789551,0.08019060641527176,,,,,,,,,,,,,,,
,8.10360428756647e-05,5969,,,,,,,,,,,,,,,,,,,,,,,,,,,,,,
8,,5969,0.014835234731435776,0.023885497823357582,0.2794974744319916,0.0005950263584963977,0.024629956111311913,0.003439404768869281,0.18654102087020874,0.006641281768679619,0.08943904936313629,0.03375381976366043,0.13647916913032532,0.3076707422733307,0.00262730335816741,2.1113882064819336,0.06891888380050659,,,,,,,,,,,,,,,
,8.073103259005507e-05,5979,,,,,,,,,,,,,,,,,,,,,,,,,,,,,,
8,,5979,0.020005930215120316,0.00966216903179884,0.11193018406629562,0.00022933082072995603,0.03069196455180645,0.004583182744681835,0.06800192594528198,0.003753156401216984,0.035213179886341095,0.03389853239059448,0.10939446836709976,0.1629776656627655,0.000313531985739246,2.150181293487549,0.0736428052186966,,,,,,,,,,,,,,,
,8.04262083655209e-05,5989,,,,,,,,,,,,,,,,,,,,,,,,,,,,,,
8,,5989,0.024000409990549088,0.033576250076293945,0.21124787628650665,0.0011924507562071085,0.025395628064870834,0.011382915079593658,0.13274823129177094,0.004506067372858524,0.04995787516236305,0.027215048670768738,0.14874857664108276,0.2413354218006134,0.0006759632960893214,2.151247501373291,0.057128679007291794,,,,,,,,,,,,,,,
,8.012157314544376e-05,5999,,,,,,,,,,,,,,,,,,,,,,,,,,,,,,
8,,5999,0.02592356875538826,0.015876349061727524,0.21022704243659973,0.0004459047340787947,0.020254917442798615,0.005499210208654404,0.10135380923748016,0.004595306236296892,0.045971885323524475,0.03553751856088638,0.13148613274097443,0.2123854160308838,0.0003097287844866514,2.1241793632507324,0.04634173586964607,,,,,,,,,,,,,,,
,7.981712987138014e-05,6009,,,,,,,,,,,,,,,,,,,,,,,,,,,,,,
8,,6009,0.03247702866792679,0.023710107430815697,0.17162281274795532,0.0005442999536171556,0.029456567019224167,0.012694540433585644,0.10913905501365662,0.0035518300719559193,0.03270452842116356,0.03499888256192207,0.12144187837839127,0.20536698400974274,0.0002291952259838581,2.1346027851104736,0.06864454597234726,,,,,,,,,,,,,,,
,7.951288148303318e-05,6019,,,,,,,,,,,,,,,,,,,,,,,,,,,,,,
8,,6019,0.02178957313299179,0.017839310690760612,0.13903208076953888,0.0010140190133824944,0.02243851311504841,0.005973071325570345,0.09265672415494919,0.0038329996168613434,0.035533737391233444,0.030388226732611656,0.09567249566316605,0.17026597261428833,0.002684185979887843,2.1841812133789062,0.04002602770924568,,,,,,,,,,,,,,,
,7.920883091822408e-05,6029,,,,,,,,,,,,,,,,,,,,,,,,,,,,,,
8,,6029,0.02766726352274418,0.010712698101997375,0.11673806607723236,0.0005240357131697237,0.02519579790532589,0.008857152424752712,0.08490777760744095,0.004342690110206604,0.044837500900030136,0.030832739546895027,0.10150893032550812,0.17849712073802948,0.00025486754020676017,2.1317977905273438,0.06172237545251846,,,,,,,,,,,,,,,
,7.890498111286397e-05,6039,,,,,,,,,,,,,,,,,,,,,,,,,,,,,,
8,,6039,0.04705295339226723,0.03784870356321335,0.20231996476650238,0.0010315225226804614,0.03230147436261177,0.013201666995882988,0.14210239052772522,0.005844986066222191,0.05481203272938728,0.04538124427199364,0.1358616054058075,0.2685079276561737,0.0015934493858367205,2.1377339363098145,0.07227562367916107,,,,,,,,,,,,,,,
,7.860133500092541e-05,6049,,,,,,,,,,,,,,,,,,,,,,,,,,,,,,
8,,6049,0.06470349431037903,0.027664143592119217,0.23530089855194092,0.003779700491577387,0.05093691870570183,0.006980926264077425,0.13278430700302124,0.006129307672381401,0.06169891729950905,0.046323105692863464,0.14216096699237823,0.30422231554985046,0.0020973391365259886,2.1230363845825195,0.10569309443235397,,,,,,,,,,,,,,,
,7.829789551441409e-05,6059,,,,,,,,,,,,,,,,,,,,,,,,,,,,,,
8,,6059,0.024720456451177597,0.008158430457115173,0.15143953263759613,0.0001858478062786162,0.019827423617243767,0.005527724511921406,0.07979559898376465,0.0038959349039942026,0.049038685858249664,0.043097540736198425,0.11785873025655746,0.19190479815006256,0.0009678382193669677,2.0997118949890137,0.06351675093173981,,,,,,,,,,,,,,,
,7.79946655833405e-05,6069,,,,,,,,,,,,,,,,,,,,,,,,,,,,,,
8,,6069,0.03258739039301872,0.03259797394275665,0.27944234013557434,0.002967966254800558,0.06284856051206589,0.01189553551375866,0.15554124116897583,0.008077205158770084,0.1007571816444397,0.0670880451798439,0.16117678582668304,0.3588118553161621,0.0009472394594922662,2.101064682006836,0.10017629712820053,,,,,,,,,,,,,,,
,7.769164813569174e-05,6079,,,,,,,,,,,,,,,,,,,,,,,,,,,,,,
8,,6079,0.04858585447072983,0.012183655984699726,0.19702203571796417,0.0005961725255474448,0.038541924208402634,0.009667392820119858,0.11304368823766708,0.005059431307017803,0.07302528619766235,0.06754254549741745,0.14935362339019775,0.2764463722705841,0.0001327343488810584,2.1372640132904053,0.08875840902328491,,,,,,,,,,,,,,,
,7.738884609740309e-05,6089,,,,,,,,,,,,,,,,,,,,,,,,,,,,,,
8,,6089,0.042108312249183655,0.018287552520632744,0.23492294549942017,0.0021604637149721384,0.039557550102472305,0.00790003128349781,0.15276971459388733,0.009773789905011654,0.07920782268047333,0.0646890252828598,0.16461198031902313,0.3161197304725647,0.0016915327869355679,2.1586124897003174,0.09927499294281006,,,,,,,,,,,,,,,
,7.708626239232986e-05,6099,,,,,,,,,,,,,,,,,,,,,,,,,,,,,,
8,,6099,0.043686315417289734,0.03679320961236954,0.2288917750120163,0.0005130271310918033,0.02800457924604416,0.00624316418543458,0.1532115936279297,0.0022215195931494236,0.04315665364265442,0.019859150052070618,0.13636696338653564,0.2491924911737442,0.0009957111906260252,2.1267378330230713,0.061332330107688904,,,,,,,,,,,,,,,
,7.678389994221919e-05,6109,,,,,,,,,,,,,,,,,,,,,,,,,,,,,,
8,,6109,0.03802456334233284,0.02304339036345482,0.2009287029504776,0.002794977743178606,0.03330604359507561,0.005601827055215836,0.14816756546497345,0.010448314249515533,0.07624613493680954,0.038448531180620193,0.14688269793987274,0.2902592122554779,0.0028355710674077272,2.130275249481201,0.08704283088445663,,,,,,,,,,,,,,,
,7.64817616666817e-05,6119,,,,,,,,,,,,,,,,,,,,,,,,,,,,,,
8,,6119,0.037755656987428665,0.016290197148919106,0.16260114312171936,0.000979701871983707,0.029603712260723114,0.007465909235179424,0.12163170427083969,0.008887216448783875,0.05963253974914551,0.03314909711480141,0.11156737059354782,0.2365652173757553,0.0009357092785649002,2.143367290496826,0.07709378749132156,,,,,,,,,,,,,,,
,7.617985048316344e-05,6129,,,,,,,,,,,,,,,,,,,,,,,,,,,,,,
8,,6129,0.04643583670258522,0.010279779322445393,0.13177795708179474,0.0010349559597671032,0.028761105611920357,0.01910751312971115,0.07734554260969162,0.009204866364598274,0.0835961401462555,0.030662907287478447,0.10731840878725052,0.24090148508548737,0.002624347573146224,2.1784005165100098,0.0514480285346508,,,,,,,,,,,,,,,
,7.587816930691764e-05,6139,,,,,,,,,,,,,,,,,,,,,,,,,,,,,,
8,,6139,0.03913421928882599,0.009940958581864834,0.12058365345001221,0.0006845766911283135,0.024569522589445114,0.006320750340819359,0.10409153252840042,0.006125951185822487,0.054948028177022934,0.0347171351313591,0.10986902564764023,0.20172858238220215,0.0010353893740102649,2.1433048248291016,0.05569680035114288,,,,,,,,,,,,,,,
,7.557672105097661e-05,6149,,,,,,,,,,,,,,,,,,,,,,,,,,,,,,
8,,6149,0.05817609280347824,0.016562506556510925,0.20048226416110992,0.0011417382629588246,0.03208065405488014,0.015255152247846127,0.12285978347063065,0.006726864259690046,0.07574410736560822,0.04101163521409035,0.14062386751174927,0.2886504530906677,0.0020762220956385136,2.1268532276153564,0.08821523189544678,,,,,,,,,,,,,,,
,7.52755086261235e-05,6159,,,,,,,,,,,,,,,,,,,,,,,,,,,,,,
8,,6159,0.05002890154719353,0.057515356689691544,0.2763538658618927,0.004248136654496193,0.04748820513486862,0.008408645167946815,0.19763945043087006,0.006185339298099279,0.10156333446502686,0.033369872719049454,0.17819058895111084,0.38085415959358215,0.0029610395431518555,2.071486473083496,0.09613224118947983,,,,,,,,,,,,,,,
,7.497453494086434e-05,6169,,,,,,,,,,,,,,,,,,,,,,,,,,,,,,
8,,6169,0.0371856726706028,0.022883279249072075,0.2479841113090515,0.0006195185123942792,0.04155086725950241,0.007712370716035366,0.16930647194385529,0.01047163363546133,0.11840718984603882,0.02750522270798683,0.17151369154453278,0.3523339033126831,0.0010957429185509682,2.1574056148529053,0.08199786394834518,,,,,,,,,,,,,,,
,7.467380290139987e-05,6179,,,,,,,,,,,,,,,,,,,,,,,,,,,,,,
8,,6179,0.0363781712949276,0.01650048792362213,0.12993265688419342,0.0005519551341421902,0.02822624333202839,0.0030933658126741648,0.10255582630634308,0.006217443849891424,0.07609488070011139,0.027596695348620415,0.12017305940389633,0.23095592856407166,0.0022218383383005857,2.112029790878296,0.06561478227376938,,,,,,,,,,,,,,,
,7.437331541159758e-05,6189,,,,,,,,,,,,,,,,,,,,,,,,,,,,,,
8,,6189,0.030123405158519745,0.014649085700511932,0.20513370633125305,0.00026501622051000595,0.02347589284181595,0.012906028889119625,0.10417395085096359,0.0036163514014333487,0.031828537583351135,0.03293313458561897,0.13488158583641052,0.2084139883518219,0.000388642365578562,2.086541175842285,0.06524074822664261,,,,,,,,,,,,,,,
,7.407307537296348e-05,6199,,,,,,,,,,,,,,,,,,,,,,,,,,,,,,
8,,6199,0.05683545395731926,0.015643559396266937,0.16481837630271912,0.0021669280249625444,0.037743717432022095,0.00960837583988905,0.1253650039434433,0.011394836008548737,0.09961088001728058,0.03779265284538269,0.1217411458492279,0.2955532371997833,0.00036765963886864483,2.1243486404418945,0.07431264221668243,,,,,,,,,,,,,,,
,7.377308568461422e-05,6209,,,,,,,,,,,,,,,,,,,,,,,,,,,,,,
8,,6209,0.028708329424262047,0.013027673587203026,0.15644818544387817,0.00046669793664477766,0.025013510137796402,0.004332317970693111,0.09430114179849625,0.004192410968244076,0.03555488586425781,0.024074574932456017,0.0945308730006218,0.17599283158779144,0.0007648423779755831,2.1374969482421875,0.04667365923523903,,,,,,,,,,,,,,,
,7.34733492432491e-05,6219,,,,,,,,,,,,,,,,,,,,,,,,,,,,,,
8,,6219,0.04916699603199959,0.02548402175307274,0.12785854935646057,0.00037825925392098725,0.01727675274014473,0.007930309511721134,0.12435875833034515,0.003855703631415963,0.04807155579328537,0.0294560007750988,0.09756789356470108,0.20323731005191803,0.0006174398004077375,2.1324126720428467,0.046245455741882324,,,,,,,,,,,,,,,
,7.317386894312203e-05,6229,,,,,,,,,,,,,,,,,,,,,,,,,,,,,,
8,,6229,0.05116958171129227,0.03280780836939812,0.2637191414833069,0.0022884092759341,0.045888517051935196,0.004743734374642372,0.14378665387630463,0.0035259081050753593,0.08206900954246521,0.022278837859630585,0.1703440397977829,0.329111784696579,0.00018671243742574006,2.0990118980407715,0.12005587667226791,,,,,,,,,,,,,,,
,7.287464767601367e-05,6239,,,,,,,,,,,,,,,,,,,,,,,,,,,,,,
8,,6239,0.06393681466579437,0.02220909111201763,0.2394540011882782,0.0013122231466695666,0.046449143439531326,0.021568551659584045,0.1588224470615387,0.0047346181236207485,0.19240906834602356,0.04632977023720741,0.1819978952407837,0.45470088720321655,0.0015599684556946158,2.1517114639282227,0.12181848287582397,,,,,,,,,,,,,,,
,7.257568833120338e-05,6249,,,,,,,,,,,,,,,,,,,,,,,,,,,,,,
8,,6249,0.041460197418928146,0.010925747454166412,0.16107644140720367,0.0012060621520504355,0.04792691767215729,0.006567191332578659,0.1059214249253273,0.008084435015916824,0.0899667739868164,0.0548088513314724,0.12359220534563065,0.2750508785247803,0.0004687978362198919,2.1259474754333496,0.09072022140026093,,,,,,,,,,,,,,,
8,,6254,,,,,,,,,,,,,,,,0.1701468974351883,0.04319571331143379,0.2928530275821686,0.009296349249780178,0.08146857470273972,0.0014105576556175947,0.2142854928970337,0.016753578558564186,0.19093888998031616,0.07443477213382721,0.20320455729961395,0.590655505657196,0.010933913290500641,2.1123108863830566,0.15358389914035797
,7.22769937954415e-05,6259,,,,,,,,,,,,,,,,,,,,,,,,,,,,,,
9,,6259,0.040041420608758926,0.017480796203017235,0.16994091868400574,0.005605477839708328,0.03473474085330963,0.010389422997832298,0.11538795381784439,0.010268548503518105,0.09790246933698654,0.053321585059165955,0.1403924822807312,0.2992531359195709,0.001912741456180811,2.1046862602233887,0.08922162652015686,,,,,,,,,,,,,,,
,7.19785669529213e-05,6269,,,,,,,,,,,,,,,,,,,,,,,,,,,,,,
9,,6269,0.040478385984897614,0.012572391889989376,0.13656875491142273,0.000985144404694438,0.019086025655269623,0.010662470012903214,0.0828656405210495,0.006124472711235285,0.0473882295191288,0.029523631557822227,0.11617215722799301,0.1946943700313568,0.0014619715511798859,2.124656915664673,0.046712204813957214,,,,,,,,,,,,,,,
,7.168041068525119e-05,6279,,,,,,,,,,,,,,,,,,,,,,,,,,,,,,
9,,6279,0.02342890575528145,0.022169388830661774,0.18102192878723145,0.0005672835977748036,0.03700560703873634,0.0034558388870209455,0.12210105359554291,0.004543042741715908,0.05132504552602768,0.030949296429753304,0.11877506226301193,0.22782368957996368,0.0004024866211693734,2.1439223289489746,0.08731677383184433,,,,,,,,,,,,,,,
,7.138252787142703e-05,6289,,,,,,,,,,,,,,,,,,,,,,,,,,,,,,
9,,6289,0.044826485216617584,0.050502464175224304,0.16087403893470764,0.0018672533333301544,0.02668953500688076,0.016538359224796295,0.15699857473373413,0.005384474992752075,0.04805871471762657,0.0361625999212265,0.12617041170597076,0.25573885440826416,0.0013431841507554054,2.141663074493408,0.07786369323730469,,,,,,,,,,,,,,,
,7.108492138780408e-05,6299,,,,,,,,,,,,,,,,,,,,,,,,,,,,,,
9,,6299,0.027865692973136902,0.033768825232982635,0.16920684278011322,0.0016971880104392767,0.033125363290309906,0.005592766217887402,0.1348458230495453,0.010286005213856697,0.09079733490943909,0.053471632301807404,0.1286742389202118,0.28225821256637573,0.0019595418125391006,2.0963151454925537,0.06923644244670868,,,,,,,,,,,,,,,
,7.078759410806939e-05,6309,,,,,,,,,,,,,,,,,,,,,,,,,,,,,,
9,,6309,0.03656228259205818,0.018642602488398552,0.2732504904270172,0.001996635925024748,0.0371214784681797,0.006844314746558666,0.13918226957321167,0.005731615703552961,0.0478353276848793,0.026548009365797043,0.1703035682439804,0.2893793284893036,0.003160442691296339,2.131713390350342,0.1246698722243309,,,,,,,,,,,,,,,
,7.049054890321407e-05,6319,,,,,,,,,,,,,,,,,,,,,,,,,,,,,,
9,,6319,0.034230031073093414,0.012775580398738384,0.15703195333480835,0.000572951918002218,0.020164934918284416,0.015475690364837646,0.08953198045492172,0.0030455105006694794,0.034942448139190674,0.030721718445420265,0.11622423678636551,0.19154012203216553,0.0003482092288322747,2.1242120265960693,0.06760336458683014,,,,,,,,,,,,,,,
,7.019378864150545e-05,6329,,,,,,,,,,,,,,,,,,,,,,,,,,,,,,
9,,6329,0.030157340690493584,0.009624185971915722,0.2006717473268509,0.0004902007058262825,0.03637116774916649,0.005330009385943413,0.11244367063045502,0.005893629509955645,0.05429323390126228,0.057001832872629166,0.1485702246427536,0.2521037757396698,0.005099368281662464,2.1359572410583496,0.09688149392604828,,,,,,,,,,,,,,,
,6.989731618845951e-05,6339,,,,,,,,,,,,,,,,,,,,,,,,,,,,,,
9,,6339,0.024661166593432426,0.023886345326900482,0.18158377707004547,0.0006855552783235908,0.03451165184378624,0.009109876118600368,0.16204656660556793,0.008989833295345306,0.07069131731987,0.0433475524187088,0.13316911458969116,0.265626460313797,0.0003219551290385425,2.168591260910034,0.07249028980731964,,,,,,,,,,,,,,,
,6.960113440681309e-05,6349,,,,,,,,,,,,,,,,,,,,,,,,,,,,,,
9,,6349,0.045170530676841736,0.015698479488492012,0.14616012573242188,0.00040444458136335015,0.01515384204685688,0.007394138257950544,0.10921754688024521,0.0037616435438394547,0.04017737880349159,0.019835710525512695,0.11412791162729263,0.1936653107404709,0.00017714999557938427,2.140193462371826,0.05280384421348572,,,,,,,,,,,,,,,
,6.930524615649636e-05,6359,,,,,,,,,,,,,,,,,,,,,,,,,,,,,,
9,,6359,0.04849357157945633,0.03896497189998627,0.24112513661384583,0.0026118303649127483,0.03608209639787674,0.004618383478373289,0.1553516387939453,0.007425209507346153,0.06786298006772995,0.03994856774806976,0.14919207990169525,0.3069324195384979,0.002217663684859872,2.1283118724823,0.09548689424991608,,,,,,,,,,,,,,,
,6.900965429460513e-05,6369,,,,,,,,,,,,,,,,,,,,,,,,,,,,,,
9,,6369,0.03040761500597,0.025943728163838387,0.1905800700187683,0.0005432097823359072,0.027837224304676056,0.004837198182940483,0.1172424927353859,0.002121015451848507,0.029733212664723396,0.053257595747709274,0.12007831037044525,0.2070511281490326,0.00262286770157516,2.132883310317993,0.06194224953651428,,,,,,,,,,,,,,,
,6.871436167537326e-05,6379,,,,,,,,,,,,,,,,,,,,,,,,,,,,,,
9,,6379,0.014404959976673126,0.008786640129983425,0.10870061069726944,0.0007476154714822769,0.021601563319563866,0.007434916216880083,0.07020682841539383,0.0027141105383634567,0.029306599870324135,0.019073810428380966,0.09642370790243149,0.14413639903068542,0.00045289512490853667,2.1371567249298096,0.06257495284080505,,,,,,,,,,,,,,,
,6.841937115014519e-05,6389,,,,,,,,,,,,,,,,,,,,,,,,,,,,,,
9,,6389,0.03537202998995781,0.03797343745827675,0.18720364570617676,0.0010027920361608267,0.037342146039009094,0.014627913944423199,0.14859764277935028,0.010259168222546577,0.120448037981987,0.034384649246931076,0.13104230165481567,0.33358606696128845,0.00046346092130988836,2.1423425674438477,0.09070348739624023,,,,,,,,,,,,,,,
,6.812468556734827e-05,6399,,,,,,,,,,,,,,,,,,,,,,,,,,,,,,
9,,6399,0.02640441432595253,0.047190066426992416,0.1936056762933731,0.002069777110591531,0.02509484626352787,0.008840837515890598,0.13304638862609863,0.0038104138802736998,0.038695938885211945,0.03118836134672165,0.14206445217132568,0.22934533655643463,0.0003046764759346843,2.0943005084991455,0.05752575397491455,,,,,,,,,,,,,,,
,6.783030777246536e-05,6409,,,,,,,,,,,,,,,,,,,,,,,,,,,,,,
9,,6409,0.040860746055841446,0.02004854381084442,0.1722390353679657,0.0008735676528885961,0.024050351232290268,0.011809620074927807,0.09261693060398102,0.007924120873212814,0.040035679936409,0.026371654123067856,0.10890377312898636,0.21053113043308258,0.0005644838092848659,2.1312170028686523,0.06734545528888702,,,,,,,,,,,,,,,
,6.753624060800734e-05,6419,,,,,,,,,,,,,,,,,,,,,,,,,,,,,,
9,,6419,0.0209690872579813,0.02299250289797783,0.25526586174964905,0.000910250295419246,0.028144169598817825,0.016440726816654205,0.14106936752796173,0.004736509174108505,0.036789197474718094,0.023357830941677094,0.14997848868370056,0.24076461791992188,0.0008629375952295959,2.1367368698120117,0.057270996272563934,,,,,,,,,,,,,,,
,6.724248691348562e-05,6429,,,,,,,,,,,,,,,,,,,,,,,,,,,,,,
9,,6429,0.045606181025505066,0.019402364268898964,0.17049095034599304,0.00042186028440482914,0.03813619539141655,0.01086858008056879,0.1282724291086197,0.008149456232786179,0.07548369467258453,0.05901411175727844,0.12772192060947418,0.27421119809150696,0.0006233411841094494,2.0779788494110107,0.08796180784702301,,,,,,,,,,,,,,,
,6.694904952538473e-05,6439,,,,,,,,,,,,,,,,,,,,,,,,,,,,,,
9,,6439,0.02858816459774971,0.012702417559921741,0.17897842824459076,0.0005966343451291323,0.04542361944913864,0.00522756390273571,0.11728253215551376,0.004598261322826147,0.05802535638213158,0.06976248323917389,0.13891340792179108,0.24870194494724274,0.0007530748844146729,2.144418478012085,0.10040890425443649,,,,,,,,,,,,,,,
,6.665593127713496e-05,6449,,,,,,,,,,,,,,,,,,,,,,,,,,,,,,
9,,6449,0.048019275069236755,0.015568817034363747,0.15960361063480377,0.0001529764849692583,0.03149377182126045,0.0059609063901007175,0.0980084016919136,0.005002943333238363,0.08216211199760437,0.0414629764854908,0.1290110945701599,0.2523854672908783,0.0005144821479916573,2.142799139022827,0.06352337449789047,,,,,,,,,,,,,,,
,6.636313499908505e-05,6459,,,,,,,,,,,,,,,,,,,,,,,,,,,,,,
9,,6459,0.02228691428899765,0.019405921921133995,0.14787007868289948,0.0012850519269704819,0.0186016745865345,0.006340694613754749,0.0996721163392067,0.005525845102965832,0.04192451015114784,0.03411507606506348,0.11438702046871185,0.18842713534832,0.0004118268843740225,2.1230406761169434,0.050931964069604874,,,,,,,,,,,,,,,
,6.607066351847466e-05,6469,,,,,,,,,,,,,,,,,,,,,,,,,,,,,,
9,,6469,0.044454291462898254,0.017599690705537796,0.16689205169677734,0.0008576488471589983,0.037102170288562775,0.011331186629831791,0.10262071341276169,0.01114306878298521,0.08314856141805649,0.03193678706884384,0.1282188892364502,0.27193236351013184,0.002010841853916645,2.1487674713134766,0.08135654777288437,,,,,,,,,,,,,,,
,6.577851965940731e-05,6479,,,,,,,,,,,,,,,,,,,,,,,,,,,,,,
9,,6479,0.025118520483374596,0.01329656969755888,0.19746017456054688,0.000316529389237985,0.022527094930410385,0.003379823872819543,0.1032436415553093,0.002377351513132453,0.0411047525703907,0.02554203011095524,0.12542004883289337,0.21036139130592346,0.003409758908674121,2.1402690410614014,0.07996384054422379,,,,,,,,,,,,,,,
,6.548670624282303e-05,6489,,,,,,,,,,,,,,,,,,,,,,,,,,,,,,
9,,6489,0.0412837453186512,0.013221019878983498,0.16657841205596924,0.0005736398743465543,0.03000180795788765,0.015401585958898067,0.08158035576343536,0.004546517506241798,0.03676615655422211,0.02936616726219654,0.11700417101383209,0.20423923432826996,0.0006826184107922018,2.1706669330596924,0.07454803586006165,,,,,,,,,,,,,,,
,6.519522608647101e-05,6499,,,,,,,,,,,,,,,,,,,,,,,,,,,,,,
9,,6499,0.04652048274874687,0.012626579031348228,0.191181942820549,0.004397008568048477,0.026389513164758682,0.009317079558968544,0.10883084684610367,0.005566407926380634,0.07594221085309982,0.038752440363168716,0.13101711869239807,0.2594515383243561,0.000707190134562552,2.1593494415283203,0.055644553154706955,,,,,,,,,,,,,,,
,6.490408200488251e-05,6509,,,,,,,,,,,,,,,,,,,,,,,,,,,,,,
9,,6509,0.03569185361266136,0.030094236135482788,0.2123418003320694,0.0008465485880151391,0.03468862920999527,0.007304858881980181,0.13762815296649933,0.00968107208609581,0.0843939259648323,0.03517907112836838,0.13209602236747742,0.2944331169128418,0.0016994134057313204,2.1148316860198975,0.08599437773227692,,,,,,,,,,,,,,,
,6.461327680934373e-05,6519,,,,,,,,,,,,,,,,,,,,,,,,,,,,,,
9,,6519,0.06315843015909195,0.02853476256132126,0.17950278520584106,0.0020147659815847874,0.035058941692113876,0.00959449540823698,0.1425347924232483,0.012109698727726936,0.11816809326410294,0.05441110208630562,0.1339648962020874,0.33696460723876953,0.000921156257390976,2.144291639328003,0.07585533708333969,,,,,,,,,,,,,,,
,6.432281330786845e-05,6529,,,,,,,,,,,,,,,,,,,,,,,,,,,,,,
9,,6529,0.04016914218664169,0.014281058683991432,0.1296481043100357,0.0009064365876838565,0.022444356232881546,0.006158062722533941,0.0833815336227417,0.009562814608216286,0.05108509212732315,0.02531648799777031,0.10654505342245102,0.20182013511657715,0.0014747013337910175,2.15205979347229,0.0648588314652443,,,,,,,,,,,,,,,
,6.403269430517115e-05,6539,,,,,,,,,,,,,,,,,,,,,,,,,,,,,,
9,,6539,0.041183847934007645,0.01606719009578228,0.1971168965101242,0.000886320776771754,0.042182549834251404,0.008380133658647537,0.10982265323400497,0.0058942316100001335,0.10549578815698624,0.04769298434257507,0.1345600038766861,0.3074474334716797,0.004071350209414959,2.1116583347320557,0.09562847018241882,,,,,,,,,,,,,,,
,6.374292260263983e-05,6549,,,,,,,,,,,,,,,,,,,,,,,,,,,,,,
9,,6549,0.0356660857796669,0.01325189508497715,0.11214424669742584,0.000344972824677825,0.0260452963411808,0.012246709316968918,0.07847635447978973,0.005424886010587215,0.04904398322105408,0.03685050085186958,0.10833027213811874,0.19048722088336945,0.0007852856069803238,2.141761064529419,0.062212035059928894,,,,,,,,,,,,,,,
,6.345350099830894e-05,6559,,,,,,,,,,,,,,,,,,,,,,,,,,,,,,
9,,6559,0.03731021285057068,0.02921837568283081,0.14585910737514496,0.0006338079110719264,0.028973190113902092,0.02686416171491146,0.10175026208162308,0.003850901033729315,0.03336041048169136,0.055477581918239594,0.10694025456905365,0.2094154804944992,0.002014006720855832,2.1489803791046143,0.06544512510299683,,,,,,,,,,,,,,,
,6.316443228683231e-05,6569,,,,,,,,,,,,,,,,,,,,,,,,,,,,,,
9,,6569,0.043269362300634384,0.03145851194858551,0.18445275723934174,0.001675447798334062,0.029626715928316116,0.005890978965908289,0.13817098736763,0.004745881073176861,0.05832233279943466,0.04972127452492714,0.14682123064994812,0.25758466124534607,0.00018230870773550123,2.106231689453125,0.07129130512475967,,,,,,,,,,,,,,,
,6.287571925945642e-05,6579,,,,,,,,,,,,,,,,,,,,,,,,,,,,,,
9,,6579,0.052304111421108246,0.01083257608115673,0.14915700256824493,0.000981430523097515,0.03668347746133804,0.011851178482174873,0.0914105698466301,0.011439205147325993,0.06609684228897095,0.04020299017429352,0.1323130577802658,0.2504113018512726,0.00038125895662233233,2.1121060848236084,0.08612725138664246,,,,,,,,,,,,,,,
,6.25873647039931e-05,6589,,,,,,,,,,,,,,,,,,,,,,,,,,,,,,
9,,6589,0.05807726830244064,0.023656008765101433,0.18295344710350037,0.0003147601382806897,0.02228640578687191,0.005031812936067581,0.10255710035562515,0.007871517911553383,0.06321925669908524,0.02334430068731308,0.1533040702342987,0.2514254152774811,0.0007291091023944318,2.1245169639587402,0.06004824861884117,,,,,,,,,,,,,,,
,6.229937140479283e-05,6599,,,,,,,,,,,,,,,,,,,,,,,,,,,,,,
9,,6599,0.051376692950725555,0.01853419840335846,0.21462880074977875,0.0012955142883583903,0.04101410135626793,0.008432802744209766,0.1377009004354477,0.008150134235620499,0.17580051720142365,0.03582616522908211,0.12722375988960266,0.38751354813575745,0.0020201632287353277,2.126615285873413,0.07680923491716385,,,,,,,,,,,,,,,
,6.201174214271782e-05,6609,,,,,,,,,,,,,,,,,,,,,,,,,,,,,,
9,,6609,0.06276300549507141,0.04126667603850365,0.26232439279556274,0.001072965213097632,0.04158954694867134,0.004617508966475725,0.17366346716880798,0.005741727072745562,0.07369678467512131,0.02961353212594986,0.16449125111103058,0.3341817259788513,0.0006797323003411293,2.1210122108459473,0.10980916768312454,,,,,,,,,,,,,,,
,6.17244796951151e-05,6619,,,,,,,,,,,,,,,,,,,,,,,,,,,,,,
9,,6619,0.04682418331503868,0.01955488882958889,0.18197259306907654,0.0010583041002973914,0.03285326808691025,0.006638819817453623,0.12655624747276306,0.005547520238906145,0.05802580341696739,0.02346024475991726,0.11799422651529312,0.2439868301153183,0.0028488130774348974,2.1501405239105225,0.06796956807374954,,,,,,,,,,,,,,,
,6.143758683578979e-05,6629,,,,,,,,,,,,,,,,,,,,,,,,,,,,,,
9,,6629,0.05366571620106697,0.011858223006129265,0.12840892374515533,0.0017784818774089217,0.023662427440285683,0.005418498534709215,0.10453943908214569,0.006688881665468216,0.07917630672454834,0.02591065689921379,0.11503378301858902,0.24867120385169983,0.00813241582363844,2.1184356212615967,0.07047737389802933,,,,,,,,,,,,,,,
,6.115106633497823e-05,6639,,,,,,,,,,,,,,,,,,,,,,,,,,,,,,
9,,6639,0.06754405051469803,0.012243607081472874,0.19408905506134033,0.0018958864966407418,0.03897010162472725,0.012518311850726604,0.13010258972644806,0.008381697349250317,0.1349923312664032,0.027361957356333733,0.14931724965572357,0.35963016748428345,0.002334793098270893,2.129511833190918,0.10878079384565353,,,,,,,,,,,,,,,
,6.086492095932126e-05,6649,,,,,,,,,,,,,,,,,,,,,,,,,,,,,,
9,,6649,0.024287149310112,0.011321906000375748,0.17090117931365967,0.00023869289725553244,0.022135883569717407,0.006236876826733351,0.10351736098527908,0.0069225686602294445,0.04950174689292908,0.04274114593863487,0.11549322307109833,0.2103556990623474,0.0008689199457876384,2.100477933883667,0.06946507841348648,,,,,,,,,,,,,,,
,6.057915347183754e-05,6659,,,,,,,,,,,,,,,,,,,,,,,,,,,,,,
9,,6659,0.034459613263607025,0.012743066996335983,0.1577620655298233,0.0003407228214200586,0.025386320427060127,0.005554117728024721,0.10855034738779068,0.008297791704535484,0.05942009016871452,0.03742343187332153,0.11333367973566055,0.22257162630558014,0.001077342196367681,2.1482656002044678,0.06412844359874725,,,,,,,,,,,,,,,
,6.0293766631896854e-05,6669,,,,,,,,,,,,,,,,,,,,,,,,,,,,,,
9,,6669,0.04319398105144501,0.010123281739652157,0.1179366335272789,0.0003372221835888922,0.023729199543595314,0.0108188446611166,0.09202627837657928,0.011433079838752747,0.06801138073205948,0.03796583414077759,0.10123766958713531,0.21691879630088806,0.0006886670598760247,2.144209146499634,0.05043472349643707,,,,,,,,,,,,,,,
,6.000876319519343e-05,6679,,,,,,,,,,,,,,,,,,,,,,,,,,,,,,
9,,6679,0.05837266519665718,0.01619902066886425,0.1409110575914383,0.000557133462280035,0.02799070253968239,0.010823204182088375,0.09725190699100494,0.005965759512037039,0.07336653769016266,0.025633156299591064,0.09698188304901123,0.24207021296024323,0.0020565371960401535,2.1727383136749268,0.0740712508559227,,,,,,,,,,,,,,,
,5.972414591371933e-05,6689,,,,,,,,,,,,,,,,,,,,,,,,,,,,,,
9,,6689,0.038765132427215576,0.015064428560435772,0.1782379448413849,0.004520525224506855,0.03158120438456535,0.0064399149268865585,0.11672532558441162,0.009619530290365219,0.07838732749223709,0.06092367693781853,0.1213681772351265,0.269959956407547,0.0013249260373413563,2.1295316219329834,0.07839714735746384,,,,,,,,,,,,,,,
,5.9439917535737964e-05,6699,,,,,,,,,,,,,,,,,,,,,,,,,,,,,,
9,,6699,0.03648880869150162,0.04035816714167595,0.21161185204982758,0.0033523973543196917,0.03114541620016098,0.01123762596398592,0.18191947042942047,0.007399646565318108,0.10526750236749649,0.05116486921906471,0.13856826722621918,0.3305916488170624,0.0035271691158413887,2.13598370552063,0.06300089508295059,,,,,,,,,,,,,,,
,5.915608080575745e-05,6709,,,,,,,,,,,,,,,,,,,,,,,,,,,,,,
9,,6709,0.030138220638036728,0.031822048127651215,0.17093625664710999,0.001880236784927547,0.028312718495726585,0.015990041196346283,0.1353677660226822,0.007009061519056559,0.04660487174987793,0.059561699628829956,0.1227247565984726,0.2357901781797409,0.0008563122246414423,2.1566152572631836,0.059888388961553574,,,,,,,,,,,,,,,
,5.887263846450417e-05,6719,,,,,,,,,,,,,,,,,,,,,,,,,,,,,,
9,,6719,0.04501834884285927,0.01567954011261463,0.15517084300518036,0.0010314747923985124,0.03348466381430626,0.011356696486473083,0.1353013664484024,0.00890935305505991,0.08514594286680222,0.059373706579208374,0.1257575899362564,0.2799281179904938,0.00110210245475173,2.1085078716278076,0.08824865520000458,,,,,,,,,,,,,,,
,5.858959324889628e-05,6729,,,,,,,,,,,,,,,,,,,,,,,,,,,,,,
9,,6729,0.02624843455851078,0.022272728383541107,0.16395892202854156,0.00027633339050225914,0.023171348497271538,0.008548970334231853,0.1286153346300125,0.0041894009336829185,0.04641004279255867,0.029237423092126846,0.10226172208786011,0.21002539992332458,0.005444687325507402,2.1401185989379883,0.0514160692691803,,,,,,,,,,,,,,,
,5.830694789201729e-05,6739,,,,,,,,,,,,,,,,,,,,,,,,,,,,,,
9,,6739,0.043455082923173904,0.02502739243209362,0.25342389941215515,0.003316420828923583,0.04221559315919876,0.010861788876354694,0.14998412132263184,0.005253693088889122,0.10811232030391693,0.04677029699087143,0.16383011639118195,0.3455407917499542,0.0002101905265590176,2.1251699924468994,0.09206687659025192,,,,,,,,,,,,,,,
,5.80247051230897e-05,6749,,,,,,,,,,,,,,,,,,,,,,,,,,,,,,
9,,6749,0.0643327459692955,0.014658142812550068,0.19032885134220123,0.0004436406888999045,0.05246686190366745,0.009787720628082752,0.13902129232883453,0.007624698802828789,0.21477563679218292,0.04439728707075119,0.11630766093730927,0.42884862422943115,0.0009437409462407231,2.157606363296509,0.09081871062517166,,,,,,,,,,,,,,,
,5.774286766744862e-05,6759,,,,,,,,,,,,,,,,,,,,,,,,,,,,,,
9,,6759,0.022506745532155037,0.014942854642868042,0.1923164576292038,0.000833501573652029,0.03518698364496231,0.005121064372360706,0.09739366173744202,0.006419471465051174,0.05154949054121971,0.024799305945634842,0.13637754321098328,0.2282702475786209,0.0007117245113477111,2.082679033279419,0.09043170511722565,,,,,,,,,,,,,,,
,5.7461438246515376e-05,6769,,,,,,,,,,,,,,,,,,,,,,,,,,,,,,
9,,6769,0.051615409553050995,0.007145681418478489,0.15553206205368042,0.0007047508261166513,0.03263793885707855,0.01153792068362236,0.12409738451242447,0.00781293772161007,0.08470723032951355,0.031184541061520576,0.11571843922138214,0.26266831159591675,0.0005497419624589384,2.162853240966797,0.06931295990943909,,,,,,,,,,,,,,,
,5.718041957777143e-05,6779,,,,,,,,,,,,,,,,,,,,,,,,,,,,,,
9,,6779,0.061065059155225754,0.016852283850312233,0.17065301537513733,0.0009916139533743262,0.0405634269118309,0.008691907860338688,0.13834339380264282,0.010216789320111275,0.1128484383225441,0.048286620527505875,0.11438518762588501,0.31679075956344604,0.00112349318806082,2.1242659091949463,0.07982788234949112,,,,,,,,,,,,,,,
,5.6899814374731996e-05,6789,,,,,,,,,,,,,,,,,,,,,,,,,,,,,,
9,,6789,0.026494255289435387,0.02190827578306198,0.18613898754119873,0.0010584340197965503,0.021503372117877007,0.014715149067342281,0.126182422041893,0.003122366266325116,0.025927329435944557,0.03869547322392464,0.1275114268064499,0.20867078006267548,0.0012165942462161183,2.1276443004608154,0.07969431579113007,,,,,,,,,,,,,,,
,5.6619625346919756e-05,6799,,,,,,,,,,,,,,,,,,,,,,,,,,,,,,
9,,6799,0.03876194730401039,0.04134579747915268,0.1992338001728058,0.0007221478153951466,0.02820311300456524,0.003382071852684021,0.14894846081733704,0.0056303078308701515,0.051764294505119324,0.02406536601483822,0.1432838886976242,0.25118523836135864,0.0025336553808301687,2.1352362632751465,0.05533290654420853,,,,,,,,,,,,,,,
,5.6339855199838955e-05,6809,,,,,,,,,,,,,,,,,,,,,,,,,,,,,,
9,,6809,0.06039617583155632,0.017882732674479485,0.16655375063419342,0.0008248049416579306,0.023428821936249733,0.013144068419933319,0.13326697051525116,0.00641993060708046,0.11580000817775726,0.03294556215405464,0.11511508375406265,0.30288681387901306,0.000471305480459705,2.1561996936798096,0.061142273247241974,,,,,,,,,,,,,,,
,5.606050663494907e-05,6819,,,,,,,,,,,,,,,,,,,,,,,,,,,,,,
9,,6819,0.09026585519313812,0.032329607754945755,0.23679284751415253,0.00041250453796237707,0.05546454340219498,0.019334204494953156,0.20566681027412415,0.00670703686773777,0.2521989643573761,0.04944866523146629,0.17876659333705902,0.5440961718559265,0.0003271739406045526,2.1434974670410156,0.1240909993648529,,,,,,,,,,,,,,,
,5.578158234963872e-05,6829,,,,,,,,,,,,,,,,,,,,,,,,,,,,,,
9,,6829,0.023633239790797234,0.019731534644961357,0.17250540852546692,0.0007997520733624697,0.020039649680256844,0.016174964606761932,0.1106850728392601,0.007891546934843063,0.038193393498659134,0.044673625379800797,0.12958098948001862,0.20781417191028595,0.00046303606359288096,2.115696668624878,0.05206559970974922,,,,,,,,,,,,,,,
,5.550308503719974e-05,6839,,,,,,,,,,,,,,,,,,,,,,,,,,,,,,
9,,6839,0.03984259068965912,0.014087582007050514,0.15981139242649078,0.0004380674799904227,0.030906688421964645,0.005030316300690174,0.10282447189092636,0.005822166800498962,0.06144751235842705,0.02841971442103386,0.12498693913221359,0.2291186898946762,0.00044854709994979203,2.1360561847686768,0.0741812139749527,,,,,,,,,,,,,,,
,5.5225017386801194e-05,6849,,,,,,,,,,,,,,,,,,,,,,,,,,,,,,
9,,6849,0.0326281376183033,0.011085852980613708,0.14591951668262482,0.000597260775975883,0.03985008969902992,0.00903545506298542,0.10310356318950653,0.0052862465381622314,0.04837499186396599,0.04223514720797539,0.1280301958322525,0.21133838593959808,0.0005186055204831064,2.1424834728240967,0.0661318376660347,,,,,,,,,,,,,,,
,5.4947382083463136e-05,6859,,,,,,,,,,,,,,,,,,,,,,,,,,,,,,
9,,6859,0.032989196479320526,0.015623379498720169,0.1705790013074875,0.0033745295368134975,0.02963431552052498,0.007333014160394669,0.09855269640684128,0.0030915902461856604,0.04957777261734009,0.03815597668290138,0.1243317499756813,0.22195591032505035,0.002050938783213496,2.1317245960235596,0.07880134880542755,,,,,,,,,,,,,,,
,5.467018180803105e-05,6869,,,,,,,,,,,,,,,,,,,,,,,,,,,,,,
9,,6869,0.025909120216965675,0.029358407482504845,0.17308221757411957,0.002702302299439907,0.020505312830209732,0.0033829358872026205,0.10304512083530426,0.0037206686101853848,0.043515194207429886,0.022104036062955856,0.10457262396812439,0.2044929713010788,0.0038718313444405794,2.1661617755889893,0.057503942400217056,,,,,,,,,,,,,,,
,5.439341923714977e-05,6879,,,,,,,,,,,,,,,,,,,,,,,,,,,,,,
9,,6879,0.031784411519765854,0.016314024105668068,0.15767617523670197,0.0016177321085706353,0.02308037132024765,0.01272367313504219,0.09395238012075424,0.0026820802595466375,0.027362527325749397,0.02857942320406437,0.14134950935840607,0.19149379432201385,0.0004473449371289462,2.1264970302581787,0.07162196934223175,,,,,,,,,,,,,,,
,5.411709704323753e-05,6889,,,,,,,,,,,,,,,,,,,,,,,,,,,,,,
9,,6889,0.03283406421542168,0.025473203510046005,0.16098368167877197,0.0025519595947116613,0.02760474756360054,0.009644124656915665,0.0990968868136406,0.0026241508312523365,0.04025845602154732,0.02515275776386261,0.10689552128314972,0.20517733693122864,0.0025713483337312937,2.14843487739563,0.06873508542776108,,,,,,,,,,,,,,,
,5.3841217894460425e-05,6899,,,,,,,,,,,,,,,,,,,,,,,,,,,,,,
9,,6899,0.031139343976974487,0.03417687863111496,0.16389301419258118,0.00038155284710228443,0.027286890894174576,0.011041706427931786,0.12185466289520264,0.0018240544013679028,0.03045964241027832,0.03662719205021858,0.1269795447587967,0.20829235017299652,0.0006287259166128933,2.1119484901428223,0.07631274312734604,,,,,,,,,,,,,,,
,5.35657844547065e-05,6909,,,,,,,,,,,,,,,,,,,,,,,,,,,,,,
9,,6909,0.0996667817234993,0.0131649449467659,0.13352051377296448,0.0005140870343893766,0.050934799015522,0.008307477459311485,0.12478633224964142,0.014796478673815727,0.2314356565475464,0.04691564291715622,0.12094836682081223,0.44367000460624695,0.0007296563126146793,2.1050803661346436,0.0724252387881279,,,,,,,,,,,,,,,
,5.3290799383559895e-05,6919,,,,,,,,,,,,,,,,,,,,,,,,,,,,,,
9,,6919,0.034711163491010666,0.01360664889216423,0.1375371813774109,0.0009538402664475143,0.01845083385705948,0.004428541753441095,0.09575489163398743,0.005759816616773605,0.06510203331708908,0.044922180473804474,0.09801196306943893,0.20631566643714905,0.0006279301014728844,2.1519455909729004,0.042354170233011246,,,,,,,,,,,,,,,
,5.301626533627548e-05,6929,,,,,,,,,,,,,,,,,,,,,,,,,,,,,,
9,,6929,0.0682939812541008,0.025277480483055115,0.19514200091362,0.0023878379724919796,0.03994257375597954,0.013615037314593792,0.1494312882423401,0.00798160582780838,0.1745564192533493,0.020634442567825317,0.09915448725223541,0.3907306492328644,0.008666841313242912,2.1526730060577393,0.057534392923116684,,,,,,,,,,,,,,,
,5.2742184963752963e-05,6939,,,,,,,,,,,,,,,,,,,,,,,,,,,,,,
9,,6939,0.030707387253642082,0.034227218478918076,0.26798585057258606,0.0010250743944197893,0.0336228646337986,0.0049241879023611546,0.17371609807014465,0.006500335410237312,0.04496002942323685,0.05082591995596886,0.13948766887187958,0.2804752290248871,0.001368871540762484,2.102482318878174,0.0912078469991684,,,,,,,,,,,,,,,
,5.246856091251132e-05,6949,,,,,,,,,,,,,,,,,,,,,,,,,,,,,,
9,,6949,0.04053385183215141,0.022837147116661072,0.21338972449302673,0.003976173233240843,0.028253333643078804,0.005738663952797651,0.13220182061195374,0.004082789178937674,0.06755468994379044,0.041402291506528854,0.12072104215621948,0.2627270221710205,0.0008532592328265309,2.1545159816741943,0.06501241773366928,,,,,,,,,,,,,,,
9,,6949,,,,,,,,,,,,,,,,0.1710289865732193,0.044436659663915634,0.29997798800468445,0.00858602300286293,0.08062487095594406,0.0015822846908122301,0.19369950890541077,0.016493847593665123,0.1867986023426056,0.0796821266412735,0.21405170857906342,0.5881232023239136,0.010610557161271572,2.1107096672058105,0.16072222590446472
,5.2195395824663374e-05,6959,,,,,,,,,,,,,,,,,,,,,,,,,,,,,,
10,,6959,0.04168079420924187,0.01592664048075676,0.17819954454898834,0.00027970047085545957,0.037487853318452835,0.011463722214102745,0.10109394788742065,0.005727425217628479,0.06356290727853775,0.03558073565363884,0.14915962517261505,0.2570406496524811,0.003094965824857354,2.1425015926361084,0.09386137127876282,,,,,,,,,,,,,,,
,5.192269233789016e-05,6969,,,,,,,,,,,,,,,,,,,,,,,,,,,,,,
10,,6969,0.03286827355623245,0.015466760843992233,0.21020397543907166,0.00034067107480950654,0.028765631839632988,0.00427375128492713,0.11070870608091354,0.003544760402292013,0.04051149636507034,0.04008309915661812,0.136130228638649,0.22871187329292297,0.0007096219342201948,2.099578619003296,0.09226439893245697,,,,,,,,,,,,,,,
,5.1650453085415495e-05,6979,,,,,,,,,,,,,,,,,,,,,,,,,,,,,,
10,,6979,0.036414094269275665,0.019659889861941338,0.20867814123630524,0.002456103451550007,0.026874279603362083,0.007103109732270241,0.12304890900850296,0.005392741411924362,0.050986308604478836,0.0348469540476799,0.10814491659402847,0.23763710260391235,0.001449401257559657,2.1173975467681885,0.06929911673069,,,,,,,,,,,,,,,
,5.137868069598061e-05,6989,,,,,,,,,,,,,,,,,,,,,,,,,,,,,,
10,,6989,0.0593397431075573,0.015171651728451252,0.1647571623325348,0.0014894426567479968,0.0387231670320034,0.014356640167534351,0.10069138556718826,0.0059210555627942085,0.11068442463874817,0.0460551492869854,0.13890081644058228,0.30136582255363464,0.0003746769216377288,2.1569902896881104,0.07003384083509445,,,,,,,,,,,,,,,
,5.110737779381858e-05,6999,,,,,,,,,,,,,,,,,,,,,,,,,,,,,,
10,,6999,0.035654712468385696,0.007627077866345644,0.10538280010223389,0.0013091948349028826,0.021125778555870056,0.003960603382438421,0.09467747807502747,0.007535827811807394,0.07611925899982452,0.04042689874768257,0.10136155784130096,0.2115083634853363,0.0006703489343635738,2.1182308197021484,0.05371074005961418,,,,,,,,,,,,,,,
,5.083654699862921e-05,7009,,,,,,,,,,,,,,,,,,,,,,,,,,,,,,
10,,7009,0.027241330593824387,0.02104482799768448,0.19512107968330383,0.0012832460924983025,0.03968210145831108,0.00627670343965292,0.09794019907712936,0.0054582818411290646,0.04634936898946762,0.019247716292738914,0.12822312116622925,0.22169078886508942,0.0003361879207659513,2.108952045440674,0.07204364985227585,,,,,,,,,,,,,,,
,5.056619092555368e-05,7019,,,,,,,,,,,,,,,,,,,,,,,,,,,,,,
10,,7019,0.034765876829624176,0.030496319755911827,0.18468821048736572,0.0007263583829626441,0.017884613946080208,0.011334232985973358,0.14070884883403778,0.008238798007369041,0.05924788862466812,0.03827904164791107,0.11915607750415802,0.24239090085029602,0.0003089328820351511,2.134615898132324,0.04664149880409241,,,,,,,,,,,,,,,
,5.029631218514911e-05,7029,,,,,,,,,,,,,,,,,,,,,,,,,,,,,,
10,,7029,0.05625041574239731,0.01609533093869686,0.16785892844200134,0.002244360512122512,0.02949981577694416,0.010560072958469391,0.10738946497440338,0.008209152147173882,0.07757052034139633,0.04749486222863197,0.13822096586227417,0.2677777409553528,0.0018627425888553262,2.119035243988037,0.062330618500709534,,,,,,,,,,,,,,,
,5.002691338336365e-05,7039,,,,,,,,,,,,,,,,,,,,,,,,,,,,,,
10,,7039,0.04079948365688324,0.01220540702342987,0.14721865952014923,0.0011789508862420917,0.02800474502146244,0.008135616779327393,0.09545248001813889,0.005303127225488424,0.053878117352724075,0.047406602650880814,0.11730622500181198,0.21798384189605713,0.0015714627224951982,2.1539053916931152,0.07033438980579376,,,,,,,,,,,,,,,
,4.975799712151105e-05,7049,,,,,,,,,,,,,,,,,,,,,,,,,,,,,,
10,,7049,0.04602029174566269,0.014367734082043171,0.1536712348461151,0.0011091260239481926,0.027431264519691467,0.01854189671576023,0.09107819944620132,0.011591829359531403,0.07389280945062637,0.034193940460681915,0.14589975774288177,0.2560548186302185,0.00015838358376640826,2.12497615814209,0.07078893482685089,,,,,,,,,,,,,,,
,4.9489565996245714e-05,7059,,,,,,,,,,,,,,,,,,,,,,,,,,,,,,
10,,7059,0.03491456061601639,0.0158121045678854,0.21084396541118622,0.0022412806283682585,0.0400901660323143,0.013404090888798237,0.14112260937690735,0.009783577173948288,0.09873045235872269,0.03435259312391281,0.15081509947776794,0.32007071375846863,0.005821591708809137,2.1333093643188477,0.09712450206279755,,,,,,,,,,,,,,,
,4.92216225995376e-05,7069,,,,,,,,,,,,,,,,,,,,,,,,,,,,,,
10,,7069,0.016248950734734535,0.014776737429201603,0.20074521005153656,0.0005336413159966469,0.028031032532453537,0.005820107646286488,0.10627781599760056,0.0017486494034528732,0.019088909029960632,0.03102109767496586,0.12709876894950867,0.17798005044460297,0.000310366100165993,2.1327075958251953,0.051598478108644485,,,,,,,,,,,,,,,
,4.895416951864705e-05,7079,,,,,,,,,,,,,,,,,,,,,,,,,,,,,,
10,,7079,0.042626362293958664,0.009447653777897358,0.14364446699619293,0.0017815639730542898,0.02801981195807457,0.0027719391509890556,0.08834666013717651,0.00859435647726059,0.04240258038043976,0.05641799047589302,0.1258019506931305,0.20357751846313477,0.0004206565208733082,2.1078412532806396,0.060307037085294724,,,,,,,,,,,,,,,
,4.8687209336100026e-05,7089,,,,,,,,,,,,,,,,,,,,,,,,,,,,,,
10,,7089,0.0466669425368309,0.00970348808914423,0.11660533398389816,0.0010334370890632272,0.018659932538866997,0.010002232156693935,0.07518098503351212,0.009255456738173962,0.05470174551010132,0.045848552137613297,0.1033189669251442,0.20062239468097687,0.001432423247024417,2.134265422821045,0.05333477631211281,,,,,,,,,,,,,,,
,4.842074462966307e-05,7099,,,,,,,,,,,,,,,,,,,,,,,,,,,,,,
10,,7099,0.04059918597340584,0.014965069480240345,0.13832780718803406,0.0005958498804830015,0.01749322935938835,0.0030022026039659977,0.0948832780122757,0.009312419220805168,0.05760596692562103,0.02482261136174202,0.08714329451322556,0.19800442457199097,0.0014147430192679167,2.1207644939422607,0.03514733165502548,,,,,,,,,,,,,,,
,4.815477797231829e-05,7109,,,,,,,,,,,,,,,,,,,,,,,,,,,,,,
10,,7109,0.045305706560611725,0.016163930296897888,0.15938407182693481,0.0004772583779413253,0.020082563161849976,0.004472112748771906,0.09009461104869843,0.004783393815159798,0.04367922246456146,0.045739129185676575,0.1301271915435791,0.2023514211177826,0.00019009607785847038,2.1281964778900146,0.04540388286113739,,,,,,,,,,,,,,,
,4.788931193223875e-05,7119,,,,,,,,,,,,,,,,,,,,,,,,,,,,,,
10,,7119,0.03997402265667915,0.013952141627669334,0.1467975229024887,0.0013365665217861533,0.02168203704059124,0.007661540526896715,0.0882234275341034,0.003146454459056258,0.027376413345336914,0.02916664443910122,0.10955578833818436,0.1789208948612213,0.0012008041376248002,2.1621835231781006,0.062200818210840225,,,,,,,,,,,,,,,
,4.762434907276353e-05,7129,,,,,,,,,,,,,,,,,,,,,,,,,,,,,,
10,,7129,0.029203297570347786,0.014954742975533009,0.16068577766418457,0.0014291505794972181,0.029254592955112457,0.008339835330843925,0.08606285601854324,0.00568605400621891,0.03393121063709259,0.03813271224498749,0.12527108192443848,0.19457653164863586,0.0008736290037631989,2.1307411193847656,0.06697937846183777,,,,,,,,,,,,,,,
,4.7359891952372935e-05,7139,,,,,,,,,,,,,,,,,,,,,,,,,,,,,,
10,,7139,0.02785590849816799,0.035936325788497925,0.1587495058774948,0.0014313642168417573,0.03940553963184357,0.007394945248961449,0.13421621918678284,0.011224810034036636,0.08129767328500748,0.0387413389980793,0.12364698201417923,0.26948532462120056,0.00106884038541466,2.1546380519866943,0.06963929533958435,,,,,,,,,,,,,,,
,4.709594312466393e-05,7149,,,,,,,,,,,,,,,,,,,,,,,,,,,,,,
10,,7149,0.031480006873607635,0.01953365094959736,0.1665220707654953,0.0038540249224752188,0.029557757079601288,0.006126622203737497,0.09514415264129639,0.00762594398111105,0.05036883056163788,0.043728768825531006,0.12013121694326401,0.21964552998542786,0.0006592129939235747,2.126150369644165,0.06267695128917694,,,,,,,,,,,,,,,
,4.6832505138325444e-05,7159,,,,,,,,,,,,,,,,,,,,,,,,,,,,,,
10,,7159,0.02746150828897953,0.010183116421103477,0.12886178493499756,0.0019109882414340973,0.01913972571492195,0.004831950180232525,0.08108148723840714,0.004463182762265205,0.042528532445430756,0.03556875139474869,0.09767923504114151,0.17435680329799652,0.000924163032323122,2.1161999702453613,0.05241656303405762,,,,,,,,,,,,,,,
,4.656958053711357e-05,7169,,,,,,,,,,,,,,,,,,,,,,,,,,,,,,
10,,7169,0.03668259084224701,0.01218005083501339,0.18339528143405914,0.0006758643430657685,0.03668690472841263,0.004452193155884743,0.09964267909526825,0.004271625075489283,0.06331530213356018,0.0220025684684515,0.12944121658802032,0.23665590584278107,0.0006803045980632305,2.1515133380889893,0.07994603365659714,,,,,,,,,,,,,,,
,4.630717185982728e-05,7179,,,,,,,,,,,,,,,,,,,,,,,,,,,,,,
10,,7179,0.032579511404037476,0.031141012907028198,0.20221398770809174,0.002375801093876362,0.028308534994721413,0.008301029913127422,0.11599685996770859,0.0016894368454813957,0.0546141117811203,0.026927312836050987,0.12841422855854034,0.24104595184326172,0.0005340760108083487,2.1372034549713135,0.07491124421358109,,,,,,,,,,,,,,,
,4.604528164028381e-05,7189,,,,,,,,,,,,,,,,,,,,,,,,,,,,,,
10,,7189,0.03132431209087372,0.018230015411973,0.1480531543493271,0.0011350333224982023,0.020470835268497467,0.005903218872845173,0.09898432344198227,0.005406446289271116,0.04539227485656738,0.0232256930321455,0.09379560500383377,0.1896471530199051,0.0014248986262828112,2.1191065311431885,0.04620005562901497,,,,,,,,,,,,,,,
,4.5783912407294024e-05,7199,,,,,,,,,,,,,,,,,,,,,,,,,,,,,,
10,,7199,0.016250351443886757,0.013132733292877674,0.19022014737129211,0.001354091102257371,0.03691691905260086,0.003455705940723419,0.1279931217432022,0.00416044844314456,0.10761277377605438,0.03690783679485321,0.14757223427295685,0.2889453172683716,0.0006765754078514874,2.124589443206787,0.08897047489881516,,,,,,,,,,,,,,,
,4.5523066684638305e-05,7209,,,,,,,,,,,,,,,,,,,,,,,,,,,,,,
10,,7209,0.05515643209218979,0.016549859195947647,0.1099938154220581,0.0011015931377187371,0.01648731529712677,0.005487273912876844,0.10074018687009811,0.006116485223174095,0.04603250324726105,0.03672783076763153,0.0887608751654625,0.1867893934249878,0.0006303973495960236,2.1217691898345947,0.034667570143938065,,,,,,,,,,,,,,,
,4.526274699104195e-05,7219,,,,,,,,,,,,,,,,,,,,,,,,,,,,,,
10,,7219,0.04337810352444649,0.011484880931675434,0.13173337280750275,0.0013196332147344947,0.025214917957782745,0.005173663608729839,0.0989537164568901,0.009886791929602623,0.0597410574555397,0.04073215276002884,0.10405124723911285,0.21651582419872284,0.002628268441185355,2.149099349975586,0.055293355137109756,,,,,,,,,,,,,,,
,4.500295584015087e-05,7229,,,,,,,,,,,,,,,,,,,,,,,,,,,,,,
10,,7229,0.029516475275158882,0.015084647573530674,0.14725269377231598,0.0005055388319306076,0.030520211905241013,0.008569230325520039,0.0893874540925026,0.004996267147362232,0.03726103529334068,0.033170878887176514,0.13308104872703552,0.19743601977825165,0.000812178710475564,2.14536714553833,0.07679905742406845,,,,,,,,,,,,,,,
,4.4743695740507464e-05,7239,,,,,,,,,,,,,,,,,,,,,,,,,,,,,,
10,,7239,0.05956501141190529,0.009949058294296265,0.10906846821308136,0.0006404740852303803,0.032350894063711166,0.007829403504729271,0.08417931944131851,0.004610699601471424,0.06469868123531342,0.03620331361889839,0.10561671853065491,0.21614012122154236,0.0017106226878240705,2.1298789978027344,0.06131955608725548,,,,,,,,,,,,,,,
,4.448496919552628e-05,7249,,,,,,,,,,,,,,,,,,,,,,,,,,,,,,
10,,7249,0.04490713030099869,0.01975620910525322,0.18220755457878113,0.00136559980455786,0.03924218937754631,0.002801820868626237,0.11189642548561096,0.007014058530330658,0.09616084396839142,0.03668505325913429,0.14918158948421478,0.29068896174430847,0.0012545071076601744,2.1203155517578125,0.08450331538915634,,,,,,,,,,,,,,,
,4.4226778703469775e-05,7259,,,,,,,,,,,,,,,,,,,,,,,,,,,,,,
10,,7259,0.0640246719121933,0.016664773225784302,0.17126712203025818,0.0005156210390850902,0.041287168860435486,0.004012328572571278,0.11634078621864319,0.010052574798464775,0.10357662290334702,0.05628979951143265,0.12235697358846664,0.30447885394096375,0.0017778531182557344,2.1106834411621094,0.08056584745645523,,,,,,,,,,,,,,,
,4.396912675742444e-05,7269,,,,,,,,,,,,,,,,,,,,,,,,,,,,,,
10,,7269,0.042756013572216034,0.013088456355035305,0.23562224209308624,0.001394040184095502,0.040265265852212906,0.01180946920067072,0.11492839455604553,0.008734133094549179,0.06946814060211182,0.04198610410094261,0.16743451356887817,0.29059499502182007,0.0008772881701588631,2.1193273067474365,0.09444451332092285,,,,,,,,,,,,,,,
,4.371201584527639e-05,7279,,,,,,,,,,,,,,,,,,,,,,,,,,,,,,
10,,7279,0.045960694551467896,0.021097028627991676,0.18154558539390564,0.0021570941898971796,0.0402270071208477,0.004589633084833622,0.12098722904920578,0.0042289672419428825,0.03301002457737923,0.04144090786576271,0.14129875600337982,0.23929019272327423,0.007988099940121174,2.1171340942382812,0.0964963436126709,,,,,,,,,,,,,,,
,4.345544844968764e-05,7289,,,,,,,,,,,,,,,,,,,,,,,,,,,,,,
10,,7289,0.009872594848275185,0.016837570816278458,0.18508848547935486,0.002327462425455451,0.03314553573727608,0.0040757604874670506,0.0949525535106659,0.004106693435460329,0.07545563578605652,0.014857552014291286,0.11919308453798294,0.23359394073486328,0.002286779461428523,2.160245656967163,0.07363288104534149,,,,,,,,,,,,,,,
,4.319942704807204e-05,7299,,,,,,,,,,,,,,,,,,,,,,,,,,,,,,
10,,7299,0.02443375438451767,0.039740778505802155,0.24627894163131714,0.0005505381268449128,0.028439326211810112,0.0043818275444209576,0.15573737025260925,0.005574831739068031,0.036492910236120224,0.023474184796214104,0.14946326613426208,0.24911600351333618,0.0010726744076237082,2.156440496444702,0.07259760797023773,,,,,,,,,,,,,,,
,4.294395411257116e-05,7309,,,,,,,,,,,,,,,,,,,,,,,,,,,,,,
10,,7309,0.020729443058371544,0.03933991119265556,0.2434011995792389,0.00017859702347777784,0.020380796864628792,0.01908213086426258,0.15392272174358368,0.003407481824979186,0.03795725479722023,0.027772502973675728,0.14092454314231873,0.24390524625778198,0.0029841656796634197,2.141756057739258,0.04929663613438606,,,,,,,,,,,,,,,
,4.2689032110030744e-05,7319,,,,,,,,,,,,,,,,,,,,,,,,,,,,,,
10,,7319,0.03448433429002762,0.019097574055194855,0.24594169855117798,0.0009720497764647007,0.019082816317677498,0.011008149944245815,0.15083107352256775,0.00720876595005393,0.03901427611708641,0.05066956579685211,0.12524372339248657,0.2506669759750366,0.0060699633322656155,2.1609251499176025,0.06035497412085533,,,,,,,,,,,,,,,
,4.24346635019767e-05,7329,,,,,,,,,,,,,,,,,,,,,,,,,,,,,,
10,,7329,0.02548789791762829,0.0156323853880167,0.12836244702339172,0.0010509801795706153,0.0175378005951643,0.0029551610350608826,0.06999410688877106,0.004106767941266298,0.03582092747092247,0.029720919206738472,0.09587796777486801,0.16146516799926758,0.003521694801747799,2.1640753746032715,0.04154956340789795,,,,,,,,,,,,,,,
,4.218085074459123e-05,7339,,,,,,,,,,,,,,,,,,,,,,,,,,,,,,
10,,7339,0.023912763223052025,0.008796856738626957,0.13915091753005981,0.0020187089685350657,0.026576079428195953,0.006782641634345055,0.07795156538486481,0.0038644643500447273,0.024252867326140404,0.016923701390624046,0.10510392487049103,0.16341903805732727,0.001464323722757399,2.1003808975219727,0.07171900570392609,,,,,,,,,,,,,,,
,4.192759628868947e-05,7349,,,,,,,,,,,,,,,,,,,,,,,,,,,,,,
10,,7349,0.04305065795779228,0.03031134605407715,0.15578249096870422,0.001221371814608574,0.027313005179166794,0.015583998523652554,0.12410309910774231,0.009113997220993042,0.09032618254423141,0.01629009284079075,0.11327017098665237,0.2695237398147583,0.00026716990396380424,2.1250526905059814,0.05822279676795006,,,,,,,,,,,,,,,
,4.16749025796954e-05,7359,,,,,,,,,,,,,,,,,,,,,,,,,,,,,,
10,,7359,0.01859120838344097,0.01236642524600029,0.12578001618385315,0.0010684377048164606,0.02185956761240959,0.00325282895937562,0.08243221044540405,0.00502025755122304,0.035956643521785736,0.036150820553302765,0.09289990365505219,0.1607070118188858,0.00024749597650952637,2.1530656814575195,0.04912009462714195,,,,,,,,,,,,,,,
,4.142277205761852e-05,7369,,,,,,,,,,,,,,,,,,,,,,,,,,,,,,
10,,7369,0.03260635957121849,0.03615545853972435,0.19387401640415192,0.0011666736099869013,0.02241387777030468,0.007457059808075428,0.13288281857967377,0.004639540798962116,0.04811553657054901,0.02318342961370945,0.13740447163581848,0.23325245082378387,0.00039206683868542314,2.113131284713745,0.05499983951449394,,,,,,,,,,,,,,,
,4.117120715703022e-05,7379,,,,,,,,,,,,,,,,,,,,,,,,,,,,,,
10,,7379,0.016102898865938187,0.046044014394283295,0.1834314912557602,0.0011338485637679696,0.021425878629088402,0.008084530010819435,0.13795718550682068,0.007775403559207916,0.04262086749076843,0.047916509211063385,0.13006936013698578,0.2270076870918274,0.0009647086844779551,2.135704755783081,0.05308324471116066,,,,,,,,,,,,,,,
,4.092021030704016e-05,7389,,,,,,,,,,,,,,,,,,,,,,,,,,,,,,
10,,7389,0.036104749888181686,0.017722412943840027,0.20612242817878723,0.0005650002276524901,0.03249705210328102,0.010474701412022114,0.11676271259784698,0.007740489207208157,0.04639080911874771,0.04788625240325928,0.14853282272815704,0.2525789439678192,0.000587170768994838,2.1227262020111084,0.10291865468025208,,,,,,,,,,,,,,,
,4.0669783931272984e-05,7399,,,,,,,,,,,,,,,,,,,,,,,,,,,,,,
10,,7399,0.0220877043902874,0.010498188436031342,0.16222108900547028,0.0006369618349708617,0.01408520806580782,0.007869417779147625,0.06739684194326401,0.00561973312869668,0.03440078720450401,0.04521435126662254,0.1261715292930603,0.18122100830078125,0.00032961354008875787,2.163835287094116,0.06667584925889969,,,,,,,,,,,,,,,
,4.041993044784486e-05,7409,,,,,,,,,,,,,,,,,,,,,,,,,,,,,,
10,,7409,0.02574094571173191,0.01074216514825821,0.11777754127979279,0.0002820788649842143,0.025235462933778763,0.005042097065597773,0.07373154908418655,0.0029452736489474773,0.038249120116233826,0.029065022245049477,0.10041734576225281,0.16371357440948486,0.0008424670086242259,2.1644446849823,0.057293329387903214,,,,,,,,,,,,,,,
,4.0170652269339984e-05,7419,,,,,,,,,,,,,,,,,,,,,,,,,,,,,,
10,,7419,0.08533692359924316,0.01626773178577423,0.19769033789634705,0.005244526546448469,0.044426485896110535,0.006751065608114004,0.1745426505804062,0.00554033275693655,0.1549450308084488,0.04210016503930092,0.12337430566549301,0.38964393734931946,0.0017815519822761416,2.121584415435791,0.08180715143680573,,,,,,,,,,,,,,,
,3.992195180278754e-05,7429,,,,,,,,,,,,,,,,,,,,,,,,,,,,,,
10,,7429,0.07935723662376404,0.042758066207170486,0.24896639585494995,0.0010615659411996603,0.04807335138320923,0.017549816519021988,0.2157045155763626,0.007652604021131992,0.22787100076675415,0.03769635036587715,0.11662475764751434,0.5016735196113586,0.0006042069871909916,2.1398813724517822,0.09771205484867096,,,,,,,,,,,,,,,
,3.967383144963831e-05,7439,,,,,,,,,,,,,,,,,,,,,,,,,,,,,,
10,,7439,0.04134547710418701,0.015840476378798485,0.23230133950710297,0.0012815046356990933,0.026454707607626915,0.0058698710054159164,0.1335056722164154,0.006251763552427292,0.06248755380511284,0.03769836947321892,0.13491322100162506,0.263849675655365,0.00015416978567373008,2.1385743618011475,0.07137640565633774,,,,,,,,,,,,,,,
,3.94262936057414e-05,7449,,,,,,,,,,,,,,,,,,,,,,,,,,,,,,
10,,7449,0.04693559557199478,0.017170896753668785,0.16429318487644196,0.0024333747569471598,0.029890893027186394,0.003465835237875581,0.10030540823936462,0.008991789072751999,0.09545206278562546,0.04695044830441475,0.12595269083976746,0.2781679332256317,0.0011139947455376387,2.129688262939453,0.08012504875659943,,,,,,,,,,,,,,,
,3.917934066132133e-05,7459,,,,,,,,,,,,,,,,,,,,,,,,,,,,,,
10,,7459,0.04306209832429886,0.01574970781803131,0.13846255838871002,0.0005365983233787119,0.017058808356523514,0.009468436241149902,0.1031026765704155,0.006262380629777908,0.050508201122283936,0.037255726754665375,0.11051966995000839,0.20443770289421082,0.0009268530993722379,2.1100101470947266,0.04789033904671669,,,,,,,,,,,,,,,
,3.893297500095481e-05,7469,,,,,,,,,,,,,,,,,,,,,,,,,,,,,,
10,,7469,0.024101749062538147,0.011090627871453762,0.1751832664012909,0.0014646691270172596,0.018165869638323784,0.004101812373846769,0.09369830042123795,0.006196233909577131,0.043214861303567886,0.047724202275276184,0.12811154127120972,0.19930431246757507,0.0017022021347656846,2.1069979667663574,0.04962115362286568,,,,,,,,,,,,,,,
,3.868719900354765e-05,7479,,,,,,,,,,,,,,,,,,,,,,,,,,,,,,
10,,7479,0.02560015209019184,0.018506793305277824,0.19062449038028717,0.001476058503612876,0.021833622828125954,0.005880376324057579,0.11362969875335693,0.004376509226858616,0.03910296782851219,0.035309258848428726,0.10829764604568481,0.2042110711336136,0.0004457976610865444,2.1276116371154785,0.05885881930589676,,,,,,,,,,,,,,,
,3.844201504231195e-05,7489,,,,,,,,,,,,,,,,,,,,,,,,,,,,,,
10,,7489,0.02473406121134758,0.04313785210251808,0.22648151218891144,0.000637199729681015,0.022482020780444145,0.007544098421931267,0.15699723362922668,0.00547382328659296,0.04719718173146248,0.03653580695390701,0.12529632449150085,0.24757228791713715,0.003506449284031987,2.140387535095215,0.046698324382305145,,,,,,,,,,,,,,,
,3.819742548474316e-05,7499,,,,,,,,,,,,,,,,,,,,,,,,,,,,,,
10,,7499,0.043237365782260895,0.016190238296985626,0.22164766490459442,0.002489354694262147,0.041152894496917725,0.010613028891384602,0.15529166162014008,0.0052173384465277195,0.12289643287658691,0.03323810175061226,0.15092648565769196,0.34096449613571167,0.0005089470651000738,2.154816150665283,0.08558226376771927,,,,,,,,,,,,,,,
,3.7953432692597044e-05,7509,,,,,,,,,,,,,,,,,,,,,,,,,,,,,,
10,,7509,0.030271979048848152,0.03834120184183121,0.13576588034629822,0.001040922594256699,0.018480202183127403,0.010599762201309204,0.10909914970397949,0.007248690351843834,0.057766418904066086,0.029297739267349243,0.09606055915355682,0.21360303461551666,0.0012006702600046992,2.14512300491333,0.0478086918592453,,,,,,,,,,,,,,,
,3.771003902186708e-05,7519,,,,,,,,,,,,,,,,,,,,,,,,,,,,,,
10,,7519,0.0328916572034359,0.01540493406355381,0.2068827599287033,0.0010788780637085438,0.029267435893416405,0.007956987246870995,0.09848212450742722,0.0037257138174027205,0.0379706509411335,0.026643997058272362,0.1273849755525589,0.21252812445163727,0.0019815433770418167,2.1014742851257324,0.05903081223368645,,,,,,,,,,,,,,,
,3.7467246822761684e-05,7529,,,,,,,,,,,,,,,,,,,,,,,,,,,,,,
10,,7529,0.03558137267827988,0.015915166586637497,0.192143514752388,0.00023896159837022424,0.022484397515654564,0.006842812057584524,0.10664782673120499,0.003702359739691019,0.041673608124256134,0.034586746245622635,0.11019226908683777,0.20264267921447754,0.0006920997402630746,2.115713119506836,0.03868298977613449,,,,,,,,,,,,,,,
,3.722505843968129e-05,7539,,,,,,,,,,,,,,,,,,,,,,,,,,,,,,
10,,7539,0.023038523271679878,0.027097634971141815,0.15645380318164825,0.0003147712559439242,0.02210383303463459,0.019860764965415,0.0963161513209343,0.007141151465475559,0.04573152959346771,0.03260752186179161,0.11983335763216019,0.20949672162532806,0.0006601783679798245,2.161129951477051,0.05987147241830826,,,,,,,,,,,,,,,
,3.6983476211196075e-05,7549,,,,,,,,,,,,,,,,,,,,,,,,,,,,,,
10,,7549,0.07545629143714905,0.026796000078320503,0.20643895864486694,0.004374067764729261,0.025084614753723145,0.01296573132276535,0.13271431624889374,0.009481752291321754,0.09940185397863388,0.045389220118522644,0.13187073171138763,0.3244185745716095,0.006150441709905863,2.1482584476470947,0.051723696291446686,,,,,,,,,,,,,,,
,3.6742502470023124e-05,7559,,,,,,,,,,,,,,,,,,,,,,,,,,,,,,
10,,7559,0.022516435012221336,0.010650292970240116,0.1264771670103073,0.000565303722396493,0.027512865141034126,0.007518875412642956,0.07493604719638824,0.007689316291362047,0.04800793156027794,0.036552298814058304,0.10536151379346848,0.182063490152359,0.000512012280523777,2.1296913623809814,0.05300208553671837,,,,,,,,,,,,,,,
,3.6502139543003885e-05,7569,,,,,,,,,,,,,,,,,,,,,,,,,,,,,,
10,,7569,0.026261083781719208,0.014671786688268185,0.17771105468273163,0.0013902743812650442,0.025455785915255547,0.010318385437130928,0.09183164685964584,0.006061594933271408,0.04675135388970375,0.038614168763160706,0.1257907748222351,0.20964288711547852,0.00017041248793248087,2.133492946624756,0.05841783806681633,,,,,,,,,,,,,,,
,3.626238975108194e-05,7579,,,,,,,,,,,,,,,,,,,,,,,,,,,,,,
10,,7579,0.03629652410745621,0.013314863666892052,0.1634158492088318,0.0010018381290137768,0.03391749784350395,0.00819038413465023,0.11002051085233688,0.0077165099792182446,0.07734992355108261,0.041613779962062836,0.13001351058483124,0.26042404770851135,0.00022351261577568948,2.1582329273223877,0.09769605845212936,,,,,,,,,,,,,,,
,3.602325540928029e-05,7589,,,,,,,,,,,,,,,,,,,,,,,,,,,,,,
10,,7589,0.025430303066968918,0.014692394994199276,0.16445650160312653,0.002267264761030674,0.039027635008096695,0.0045556602999567986,0.09987960755825043,0.004620054736733437,0.057161301374435425,0.05203753709793091,0.11850212514400482,0.22315818071365356,0.0001252077636308968,2.1199240684509277,0.07514861226081848,,,,,,,,,,,,,,,
,3.5784738826679254e-05,7599,,,,,,,,,,,,,,,,,,,,,,,,,,,,,,
10,,7599,0.03570197522640228,0.021982230246067047,0.15300944447517395,0.0007314161048270762,0.022664649412035942,0.013092536479234695,0.11583097279071808,0.006022172048687935,0.055517178028821945,0.03210218995809555,0.10731888562440872,0.2231287807226181,0.0007056230097077787,2.111884355545044,0.06718792766332626,,,,,,,,,,,,,,,
,3.554684230639408e-05,7609,,,,,,,,,,,,,,,,,,,,,,,,,,,,,,
10,,7609,0.03450218588113785,0.01885087415575981,0.18129266798496246,0.003527456196025014,0.03213668242096901,0.007518697530031204,0.0974285826086998,0.005884012673050165,0.062352970242500305,0.04758177697658539,0.13329286873340607,0.24305541813373566,0.0020216151606291533,2.1270976066589355,0.06714531779289246,,,,,,,,,,,,,,,
,3.530956814555259e-05,7619,,,,,,,,,,,,,,,,,,,,,,,,,,,,,,
10,,7619,0.043453969061374664,0.019119584932923317,0.17430870234966278,0.00020862494420725852,0.04597543179988861,0.00474481051787734,0.14612123370170593,0.004613179247826338,0.06735406070947647,0.04721355810761452,0.13972581923007965,0.2707040309906006,0.0004353396943770349,2.1439578533172607,0.1033388003706932,,,,,,,,,,,,,,,
,3.507291863527319e-05,7629,,,,,,,,,,,,,,,,,,,,,,,,,,,,,,
10,,7629,0.04631980508565903,0.012701728381216526,0.09158649295568466,0.0009434633539058268,0.021944385021924973,0.0052970219403505325,0.07134666293859482,0.00401377584785223,0.06491521745920181,0.02904648892581463,0.09307856112718582,0.1891544610261917,0.0009476068080402911,2.1346144676208496,0.04557955265045166,,,,,,,,,,,,,,,
,3.483689606064269e-05,7639,,,,,,,,,,,,,,,,,,,,,,,,,,,,,,
10,,7639,0.05144977197051048,0.014077910222113132,0.15717801451683044,0.0005710142431780696,0.025357777252793312,0.00676683196797967,0.09032554179430008,0.005022117868065834,0.06282204389572144,0.045070234686136246,0.11408661305904388,0.22987785935401917,0.00017365549865644425,2.129009246826172,0.06965822726488113,,,,,,,,,,,,,,,
10,,7644,,,,,,,,,,,,,,,,0.1689300388097763,0.04579992964863777,0.29978278279304504,0.008767514489591122,0.08238983899354935,0.0015469178324565291,0.18540674448013306,0.01861664280295372,0.195590078830719,0.07974927127361298,0.21285465359687805,0.596856415271759,0.011054295115172863,2.1087706089019775,0.15950694680213928
,3.460150270069409e-05,7649,,,,,,,,,,,,,,,,,,,,,,,,,,,,,,
11,,7649,0.027369847521185875,0.011986483819782734,0.1329973340034485,0.000650727772153914,0.020486224442720413,0.006884097587317228,0.0831993967294693,0.004275203216820955,0.03767913579940796,0.017636924982070923,0.1083604022860527,0.17380483448505402,0.00027946248883381486,2.1144583225250244,0.0628683939576149,,,,,,,,,,,,,,,
,3.4366740828384826e-05,7659,,,,,,,,,,,,,,,,,,,,,,,,,,,,,,
11,,7659,0.02413313277065754,0.021329686045646667,0.2151389867067337,0.0001877901959232986,0.02684197761118412,0.0031941886991262436,0.11411397904157639,0.0030785042326897383,0.03336226940155029,0.03687236085534096,0.12017364054918289,0.208943173289299,0.0006847312324680388,2.1477813720703125,0.06696024537086487,,,,,,,,,,,,,,,
,3.413261271057465e-05,7669,,,,,,,,,,,,,,,,,,,,,,,,,,,,,,
11,,7669,0.02141641452908516,0.019793516024947166,0.15268132090568542,0.0003124516806565225,0.015203067101538181,0.005965099669992924,0.09135037660598755,0.005471100565046072,0.025429004803299904,0.018458273261785507,0.08863303810358047,0.1584388166666031,0.0004908242262899876,2.1158175468444824,0.04063056409358978,,,,,,,,,,,,,,,
,3.389912060800371e-05,7679,,,,,,,,,,,,,,,,,,,,,,,,,,,,,,
11,,7679,0.021658502519130707,0.012787465937435627,0.2175389975309372,0.0001756626006681472,0.0156797394156456,0.003072603140026331,0.09690406173467636,0.004339765757322311,0.028898293152451515,0.017663855105638504,0.11218483000993729,0.1858518272638321,0.0005021269898861647,2.1031506061553955,0.053204186260700226,,,,,,,,,,,,,,,
,3.366626677527089e-05,7689,,,,,,,,,,,,,,,,,,,,,,,,,,,,,,
11,,7689,0.031246330589056015,0.013742249459028244,0.17395702004432678,0.000953459704760462,0.03377893939614296,0.009815176017582417,0.10490290820598602,0.005411385092884302,0.06012823060154915,0.04122855141758919,0.1188049390912056,0.23255841434001923,0.0038568570744246244,2.1208667755126953,0.06459326297044754,,,,,,,,,,,,,,,
,3.343405346081194e-05,7699,,,,,,,,,,,,,,,,,,,,,,,,,,,,,,
11,,7699,0.0334482342004776,0.016037752851843834,0.13745705783367157,0.0035474260803312063,0.025736557319760323,0.007489313837140799,0.09171310812234879,0.006684554740786552,0.05427619442343712,0.02132655307650566,0.09601734578609467,0.19897322356700897,0.0006706357235088944,2.1472065448760986,0.046361807733774185,,,,,,,,,,,,,,,
,3.3202482906877665e-05,7709,,,,,,,,,,,,,,,,,,,,,,,,,,,,,,
11,,7709,0.04776650667190552,0.017489025369286537,0.14122682809829712,0.0014886322896927595,0.042594291269779205,0.008301371708512306,0.11848516017198563,0.006729843560606241,0.10314808040857315,0.03853022679686546,0.12640175223350525,0.2850686311721802,0.0019119069911539555,2.0857412815093994,0.07687605917453766,,,,,,,,,,,,,,,
,3.297155734951248e-05,7719,,,,,,,,,,,,,,,,,,,,,,,,,,,,,,
11,,7719,0.05233736336231232,0.009124837815761566,0.12245666235685349,0.0006787472520954907,0.030100544914603233,0.00570135610178113,0.0851547047495842,0.010126857087016106,0.07151347398757935,0.03438502922654152,0.10586494207382202,0.22431421279907227,0.0030189407989382744,2.135071039199829,0.04808449745178223,,,,,,,,,,,,,,,
,3.2741279018532675e-05,7729,,,,,,,,,,,,,,,,,,,,,,,,,,,,,,
11,,7729,0.06344825774431229,0.009197886101901531,0.10980469733476639,0.0008367126574739814,0.025191713124513626,0.011397006921470165,0.07207996398210526,0.003340197494253516,0.05495066195726395,0.0422014445066452,0.09614555537700653,0.19833078980445862,0.00043134685256518424,2.1695029735565186,0.04950474575161934,,,,,,,,,,,,,,,
,3.2511650137504956e-05,7739,,,,,,,,,,,,,,,,,,,,,,,,,,,,,,
11,,7739,0.05239666625857353,0.019977256655693054,0.1885329782962799,0.004342906177043915,0.01995769701898098,0.0065378849394619465,0.13586024940013885,0.005827062297612429,0.09632829576730728,0.013223636895418167,0.09520795196294785,0.27819621562957764,0.004043766763061285,2.134716510772705,0.045521628111600876,,,,,,,,,,,,,,,
,3.228267292372492e-05,7749,,,,,,,,,,,,,,,,,,,,,,,,,,,,,,
11,,7749,0.038948461413383484,0.010087818838655949,0.1123686283826828,0.00038970637251622975,0.020596390590071678,0.004736147355288267,0.08705490082502365,0.008092069998383522,0.08513738960027695,0.021826624870300293,0.09506116807460785,0.21712224185466766,0.0004465689999051392,2.1193413734436035,0.04756474122405052,,,,,,,,,,,,,,,
,3.205434958819562e-05,7759,,,,,,,,,,,,,,,,,,,,,,,,,,,,,,
11,,7759,0.01667625457048416,0.03729895129799843,0.22469298541545868,0.00018206800450570881,0.02831088751554489,0.005608525592833757,0.1487453430891037,0.004803551360964775,0.031471844762563705,0.02748686447739601,0.13927815854549408,0.22817203402519226,0.0007566327694803476,2.155571460723877,0.07081779837608337,,,,,,,,,,,,,,,
,3.182668233560634e-05,7769,,,,,,,,,,,,,,,,,,,,,,,,,,,,,,
11,,7769,0.04328896105289459,0.01065262034535408,0.12709908187389374,0.0021136722061783075,0.023786598816514015,0.012826803140342236,0.09872641414403915,0.006230022292584181,0.06976717710494995,0.04726475104689598,0.13453347980976105,0.2364024966955185,0.005219753365963697,2.147845506668091,0.05999509617686272,,,,,,,,,,,,,,,
,3.159967336431122e-05,7779,,,,,,,,,,,,,,,,,,,,,,,,,,,,,,
11,,7779,0.029782764613628387,0.011363237164914608,0.15933102369308472,0.0005862934049218893,0.03073955327272415,0.005823781713843346,0.09185058623552322,0.007258693687617779,0.059011220932006836,0.03537062555551529,0.11291103065013885,0.216725692152977,0.0005215044366195798,2.1350598335266113,0.06888258457183838,,,,,,,,,,,,,,,
,3.137332486630796e-05,7789,,,,,,,,,,,,,,,,,,,,,,,,,,,,,,
11,,7789,0.030289357528090477,0.018360305577516556,0.18254636228084564,0.0040603093802928925,0.049238260835409164,0.011335967108607292,0.10822495073080063,0.009270330891013145,0.10139553248882294,0.03398280590772629,0.14090053737163544,0.2993054986000061,0.0025535845197737217,2.130157709121704,0.08820587396621704,,,,,,,,,,,,,,,
,3.114763902721682e-05,7799,,,,,,,,,,,,,,,,,,,,,,,,,,,,,,
11,,7799,0.03040904365479946,0.027714569121599197,0.20542725920677185,0.0063725546933710575,0.024529822170734406,0.009887950494885445,0.13094624876976013,0.001968869473785162,0.036842238157987595,0.0440334752202034,0.09892278909683228,0.2227686643600464,0.002078239107504487,2.123082399368286,0.05795225128531456,,,,,,,,,,,,,,,
,3.092261802625944e-05,7809,,,,,,,,,,,,,,,,,,,,,,,,,,,,,,
11,,7809,0.06264469772577286,0.011452204547822475,0.13255847990512848,0.0019763712771236897,0.02902139537036419,0.004657097160816193,0.11159723252058029,0.009863832965493202,0.10987123847007751,0.028996186330914497,0.1143028512597084,0.27722272276878357,0.0009396914974786341,2.1457486152648926,0.04735878109931946,,,,,,,,,,,,,,,
,3.069826403623767e-05,7819,,,,,,,,,,,,,,,,,,,,,,,,,,,,,,
11,,7819,0.024999864399433136,0.01934279501438141,0.15446098148822784,0.002178148366510868,0.04463453218340874,0.004035435616970062,0.10286649316549301,0.005643249023705721,0.038877103477716446,0.03420040383934975,0.12405747175216675,0.20865194499492645,0.0003862643789034337,2.1206493377685547,0.08719100058078766,,,,,,,,,,,,,,,
,3.04745792235128e-05,7829,,,,,,,,,,,,,,,,,,,,,,,,,,,,,,
11,,7829,0.07560782134532928,0.023332975804805756,0.18626835942268372,0.0015225778333842754,0.04547150805592537,0.011757529340684414,0.15151873230934143,0.006415755487978458,0.19432693719863892,0.03277330845594406,0.13036367297172546,0.4154604375362396,0.0011053902562707663,2.1376898288726807,0.07652366906404495,,,,,,,,,,,,,,,
,3.0251565747984568e-05,7839,,,,,,,,,,,,,,,,,,,,,,,,,,,,,,
11,,7839,0.05379139259457588,0.013844996690750122,0.12175597995519638,0.0021673431620001793,0.028390908613801003,0.00734076788648963,0.09470123052597046,0.007741413079202175,0.06527093052864075,0.026232998818159103,0.11166032403707504,0.22378435730934143,0.0025308551266789436,2.137089729309082,0.05467626452445984,,,,,,,,,,,,,,,
,3.0029225763070168e-05,7849,,,,,,,,,,,,,,,,,,,,,,,,,,,,,,
11,,7849,0.04562875255942345,0.025903504341840744,0.24518537521362305,0.0012906845659017563,0.04998846352100372,0.012827245518565178,0.13777987658977509,0.006634239573031664,0.0821613222360611,0.040379270911216736,0.14607903361320496,0.31147027015686035,0.00023318195599131286,2.1191110610961914,0.08597011119127274,,,,,,,,,,,,,,,
,2.9807561415683695e-05,7859,,,,,,,,,,,,,,,,,,,,,,,,,,,,,,
11,,7859,0.025361772626638412,0.026743482798337936,0.20532014966011047,0.0004385349457152188,0.03444461151957512,0.004271325189620256,0.1219642385840416,0.006071089766919613,0.03211718797683716,0.02712184563279152,0.11261598765850067,0.21062569320201874,0.0003924923075828701,2.1494805812835693,0.06267566978931427,,,,,,,,,,,,,,,
,2.9586574846215243e-05,7869,,,,,,,,,,,,,,,,,,,,,,,,,,,,,,
11,,7869,0.06621299684047699,0.021821703761816025,0.1873556673526764,0.006444853264838457,0.026766417548060417,0.00901847705245018,0.12944185733795166,0.005103824194520712,0.09920734167098999,0.02849738299846649,0.12073809653520584,0.30024394392967224,0.0011982658179476857,2.1343233585357666,0.06088067591190338,,,,,,,,,,,,,,,
,2.9366268188510228e-05,7879,,,,,,,,,,,,,,,,,,,,,,,,,,,,,,
11,,7879,0.026881523430347443,0.060991525650024414,0.23469576239585876,0.0008951383642852306,0.02001025900244713,0.008947838097810745,0.19308193027973175,0.0037549708504229784,0.030255498364567757,0.0315130315721035,0.1452403962612152,0.2511482238769531,0.00042253261199221015,2.1406779289245605,0.05350649729371071,,,,,,,,,,,,,,,
,2.914664356984893e-05,7889,,,,,,,,,,,,,,,,,,,,,,,,,,,,,,
11,,7889,0.017837796360254288,0.016403667628765106,0.18875697255134583,0.0008219939190894365,0.0192014928907156,0.0067271823063492775,0.10238520801067352,0.005521618761122227,0.024596529081463814,0.03732927888631821,0.103452168405056,0.1752147078514099,0.00040968923713080585,2.154967784881592,0.039024341851472855,,,,,,,,,,,,,,,
,2.892770311092585e-05,7899,,,,,,,,,,,,,,,,,,,,,,,,,,,,,,
11,,7899,0.03617606684565544,0.020113050937652588,0.15390735864639282,0.0015311792958527803,0.029196100309491158,0.009434383362531662,0.10480795800685883,0.0053659044206142426,0.06067391857504845,0.03525441139936447,0.09406125545501709,0.22245368361473083,0.00043357841786928475,2.1278226375579834,0.06608341634273529,,,,,,,,,,,,,,,
,2.870944892582915e-05,7909,,,,,,,,,,,,,,,,,,,,,,,,,,,,,,
11,,7909,0.03514730930328369,0.020845212042331696,0.16739873588085175,0.00010779359581647441,0.03100375458598137,0.006435398943722248,0.11197860538959503,0.0056688422337174416,0.06411785632371902,0.02154599316418171,0.12368328124284744,0.23695330321788788,0.0011903883423656225,2.133202075958252,0.07601738721132278,,,,,,,,,,,,,,,
,2.849188312202049e-05,7919,,,,,,,,,,,,,,,,,,,,,,,,,,,,,,
11,,7919,0.02389615960419178,0.037532731890678406,0.16670791804790497,0.00012086900824215263,0.026935672387480736,0.010099313221871853,0.12183674424886703,0.008410194888710976,0.058894265443086624,0.028255818411707878,0.13010872900485992,0.23841693997383118,0.00031229524756781757,2.151991367340088,0.0706762969493866,,,,,,,,,,,,,,,
,2.8275007800314356e-05,7929,,,,,,,,,,,,,,,,,,,,,,,,,,,,,,
11,,7929,0.03163755685091019,0.012304353527724743,0.10452613979578018,0.0003583506913855672,0.01824849843978882,0.004823410417884588,0.08737444877624512,0.0071910894475877285,0.049875177443027496,0.018876582384109497,0.08789937943220139,0.17041538655757904,0.00012209758278913796,2.125605344772339,0.03847162052989006,,,,,,,,,,,,,,,
,2.805882505485805e-05,7939,,,,,,,,,,,,,,,,,,,,,,,,,,,,,,
11,,7939,0.01613077148795128,0.020131925120949745,0.15127846598625183,0.000701814831700176,0.029731253162026405,0.008295315317809582,0.11027099192142487,0.0013025092193856835,0.017178690060973167,0.03311038762331009,0.11422397941350937,0.16669899225234985,0.0011774798622354865,2.1324729919433594,0.05959073454141617,,,,,,,,,,,,,,,
,2.784333697311139e-05,7949,,,,,,,,,,,,,,,,,,,,,,,,,,,,,,
11,,7949,0.03623194992542267,0.022442204877734184,0.18594606220722198,0.005211809184402227,0.034436002373695374,0.008563312701880932,0.13628682494163513,0.0076704565435647964,0.08319282531738281,0.018466923385858536,0.1259184181690216,0.27741739153862,0.00154431804548949,2.137521505355835,0.07335083931684494,,,,,,,,,,,,,,,
,2.7628545635826388e-05,7959,,,,,,,,,,,,,,,,,,,,,,,,,,,,,,
11,,7959,0.03322960063815117,0.01778731308877468,0.12155751883983612,0.0008523309952579439,0.02332087978720665,0.009713931940495968,0.08198047429323196,0.005834451876580715,0.055867891758680344,0.03043518029153347,0.11701411753892899,0.19915208220481873,0.00042753099114634097,2.1397790908813477,0.05607501417398453,,,,,,,,,,,,,,,
,2.7414453117027395e-05,7969,,,,,,,,,,,,,,,,,,,,,,,,,,,,,,
11,,7969,0.045698367059230804,0.007752942852675915,0.12985311448574066,0.0014121814165264368,0.022822657600045204,0.007270499598234892,0.06477875262498856,0.005453001242130995,0.05527326464653015,0.040086571127176285,0.09639011323451996,0.19548162817955017,0.0010447653476148844,2.125433921813965,0.055218324065208435,,,,,,,,,,,,,,,
,2.7201061483991007e-05,7979,,,,,,,,,,,,,,,,,,,,,,,,,,,,,,
11,,7979,0.03243006020784378,0.009101418778300285,0.10159659385681152,0.0012769608292728662,0.0246816985309124,0.009100306779146194,0.09427191317081451,0.00758977560326457,0.0711217150092125,0.02357078343629837,0.08785133808851242,0.20089130103588104,0.000764468393754214,2.119614362716675,0.04803121089935303,,,,,,,,,,,,,,,
,2.6988372797225937e-05,7989,,,,,,,,,,,,,,,,,,,,,,,,,,,,,,
11,,7989,0.033060651272535324,0.027646999806165695,0.239897221326828,0.0003694956540130079,0.03509092330932617,0.005003613885492086,0.14223602414131165,0.006449016276746988,0.04456689953804016,0.04768418148159981,0.14545859396457672,0.2613677680492401,0.00042558659333735704,2.1323647499084473,0.08973530679941177,,,,,,,,,,,,,,,
,2.677638911045336e-05,7999,,,,,,,,,,,,,,,,,,,,,,,,,,,,,,
11,,7999,0.05610806494951248,0.017392463982105255,0.18606500327587128,0.0028092411812394857,0.03208322077989578,0.006489865947514772,0.13425655663013458,0.012881012633442879,0.10709068179130554,0.04526699706912041,0.12237389385700226,0.3154906928539276,0.0011655590496957302,2.1509034633636475,0.08206332474946976,,,,,,,,,,,,,,,
,2.6565112470586983e-05,8009,,,,,,,,,,,,,,,,,,,,,,,,,,,,,,
11,,8009,0.03016967512667179,0.017567461356520653,0.14168629050254822,0.0002481265109963715,0.023945525288581848,0.010594605468213558,0.10426633059978485,0.0029739830642938614,0.05686825513839722,0.03216036036610603,0.11313795298337936,0.21028995513916016,0.0003589288971852511,2.1241884231567383,0.0680701732635498,,,,,,,,,,,,,,,
,2.6354544917713165e-05,8019,,,,,,,,,,,,,,,,,,,,,,,,,,,,,,
11,,8019,0.024594323709607124,0.016692424193024635,0.2001139372587204,0.0006794424261897802,0.03443591669201851,0.01201365701854229,0.11545451730489731,0.003469561692327261,0.05017365142703056,0.049247048795223236,0.12567809224128723,0.2446243017911911,0.002830049954354763,2.1306166648864746,0.10820386558771133,,,,,,,,,,,,,,,
,2.6144688485071423e-05,8029,,,,,,,,,,,,,,,,,,,,,,,,,,,,,,
11,,8029,0.041076112538576126,0.015408026054501534,0.1449504792690277,0.0012521182652562857,0.027831532061100006,0.0062302276492118835,0.10571400821208954,0.004626174457371235,0.06208193302154541,0.04085364565253258,0.11152943223714828,0.22002440690994263,0.0011838108766824007,2.1447880268096924,0.05252838879823685,,,,,,,,,,,,,,,
,2.5935545199034693e-05,8039,,,,,,,,,,,,,,,,,,,,,,,,,,,,,,
11,,8039,0.02103388123214245,0.01097055897116661,0.11571129411458969,0.00020293143461458385,0.024834245443344116,0.0038431233260780573,0.06872718781232834,0.003094647079706192,0.03127593547105789,0.0197460800409317,0.10955484956502914,0.15211820602416992,0.0003007416380569339,2.126729965209961,0.058135323226451874,,,,,,,,,,,,,,,
,2.5727117079089678e-05,8049,,,,,,,,,,,,,,,,,,,,,,,,,,,,,,
11,,8049,0.032501786947250366,0.02183672785758972,0.2223363220691681,0.0005730628035962582,0.028494039550423622,0.007359492126852274,0.1260574907064438,0.004465194419026375,0.036428049206733704,0.036879558116197586,0.1286076009273529,0.22873805463314056,0.00015624570369254798,2.1187431812286377,0.07285971939563751,,,,,,,,,,,,,,,
,2.5519406137817547e-05,8059,,,,,,,,,,,,,,,,,,,,,,,,,,,,,,
11,,8059,0.027052856981754303,0.015414373949170113,0.20192661881446838,0.0006856087129563093,0.027402540668845177,0.006098367739468813,0.09891372919082642,0.0018341302638873458,0.03434381261467934,0.03454357013106346,0.14732834696769714,0.21161460876464844,0.0001698243577266112,2.139815092086792,0.08345204591751099,,,,,,,,,,,,,,,
,2.5312414380874382e-05,8069,,,,,,,,,,,,,,,,,,,,,,,,,,,,,,
11,,8069,0.03228754550218582,0.04520916938781738,0.20921458303928375,0.0015620258636772633,0.019273076206445694,0.006589939817786217,0.1274743229150772,0.005174119025468826,0.03574318066239357,0.028782647103071213,0.1263294219970703,0.2273290604352951,0.001184270833618939,2.129357099533081,0.05702844262123108,,,,,,,,,,,,,,,
,2.5106143806971725e-05,8079,,,,,,,,,,,,,,,,,,,,,,,,,,,,,,
11,,8079,0.024254344403743744,0.03308713808655739,0.19691689312458038,0.0012546482030302286,0.022299874573946,0.010065658949315548,0.14305254817008972,0.002916616853326559,0.039203494787216187,0.03624582290649414,0.12397260218858719,0.2261274755001068,9.75890361587517e-05,2.1626102924346924,0.07205237448215485,,,,,,,,,,,,,,,
,2.490059640785749e-05,8089,,,,,,,,,,,,,,,,,,,,,,,,,,,,,,
11,,8089,0.05576522648334503,0.010172851383686066,0.10610402375459671,0.0004659049736801535,0.021252164617180824,0.007224163040518761,0.06638102233409882,0.00613274984061718,0.04684057459235191,0.021689027547836304,0.10015565156936646,0.18587221205234528,0.0013584441039711237,2.122495174407959,0.06162241846323013,,,,,,,,,,,,,,,
,2.4695774168296594e-05,8099,,,,,,,,,,,,,,,,,,,,,,,,,,,,,,
11,,8099,0.0354214645922184,0.02038060687482357,0.15611672401428223,0.0009908691281452775,0.02009466104209423,0.009020868688821793,0.11295496672391891,0.004343092907220125,0.0556567907333374,0.03331311419606209,0.1078495979309082,0.21796396374702454,0.0009413601364940405,2.1259055137634277,0.06331375241279602,,,,,,,,,,,,,,,
,2.449167906605174e-05,8109,,,,,,,,,,,,,,,,,,,,,,,,,,,,,,
11,,8109,0.021676959469914436,0.01495026983320713,0.1856570690870285,0.0003539591853041202,0.020732508972287178,0.00937028881162405,0.10169008374214172,0.00413904245942831,0.04205458611249924,0.013403709046542645,0.12264945358037949,0.19697320461273193,0.0009008697816170752,2.1411502361297607,0.05059262737631798,,,,,,,,,,,,,,,
,2.428831307186449e-05,8119,,,,,,,,,,,,,,,,,,,,,,,,,,,,,,
11,,8119,0.026931222528219223,0.037338193506002426,0.13884301483631134,0.0005791311268694699,0.016665253788232803,0.006222258787602186,0.12098994106054306,0.003328817430883646,0.03488871455192566,0.03347469121217728,0.09935829788446426,0.18315176665782928,0.000686412735376507,2.129286289215088,0.037323664873838425,,,,,,,,,,,,,,,
,2.4085678149436085e-05,8129,,,,,,,,,,,,,,,,,,,,,,,,,,,,,,
11,,8129,0.027188202366232872,0.01796790026128292,0.13964979350566864,0.0009814907098188996,0.022886456921696663,0.007766068447381258,0.08142369240522385,0.004993741866201162,0.04823217913508415,0.03843758627772331,0.11957672983407974,0.1925988644361496,0.0004379308666102588,2.110996723175049,0.05211920291185379,,,,,,,,,,,,,,,
,2.3883776255408587e-05,8139,,,,,,,,,,,,,,,,,,,,,,,,,,,,,,
11,,8139,0.021197082474827766,0.01829579845070839,0.12507474422454834,0.00043135182932019234,0.022016184404492378,0.005457952618598938,0.09036782383918762,0.006535869091749191,0.0636056661605835,0.035243596881628036,0.09363453835248947,0.19534718990325928,0.00042422887054271996,2.1546998023986816,0.046907905489206314,,,,,,,,,,,,,,,
,2.368260933934593e-05,8149,,,,,,,,,,,,,,,,,,,,,,,,,,,,,,
11,,8149,0.019547753036022186,0.029825877398252487,0.1644635945558548,0.00020581162243615836,0.03628081828355789,0.005851819179952145,0.1146276593208313,0.005723287351429462,0.04795243591070175,0.06098227947950363,0.1393599808216095,0.2282179892063141,0.0005916734808124602,2.1449177265167236,0.08343030512332916,,,,,,,,,,,,,,,
,2.3482179343715016e-05,8159,,,,,,,,,,,,,,,,,,,,,,,,,,,,,,
11,,8159,0.029101788997650146,0.01371441874653101,0.12019383162260056,0.0018725083209574223,0.018251221626996994,0.004298489540815353,0.07557667046785355,0.0053984010592103004,0.05290486291050911,0.016712335869669914,0.09070288389921188,0.17840586602687836,0.00012707692803815007,2.138489246368408,0.05251521244645119,,,,,,,,,,,,,,,
,2.328248820386715e-05,8169,,,,,,,,,,,,,,,,,,,,,,,,,,,,,,
11,,8169,0.033686019480228424,0.01695328950881958,0.18468725681304932,0.001391741679981351,0.02202344499528408,0.005736806895583868,0.10722658038139343,0.005140767432749271,0.047613125294446945,0.01863466389477253,0.11991371214389801,0.20968681573867798,0.000651313632261008,2.1288115978240967,0.04633501544594765,,,,,,,,,,,,,,,
,2.3083537848019244e-05,8179,,,,,,,,,,,,,,,,,,,,,,,,,,,,,,
11,,8179,0.0374750941991806,0.022492682561278343,0.15286076068878174,0.0005628143553622067,0.027902035042643547,0.013464587740600109,0.10799235105514526,0.007812191266566515,0.08235686272382736,0.03187711164355278,0.12516307830810547,0.254837304353714,0.0005085061420686543,2.1589622497558594,0.06494664400815964,,,,,,,,,,,,,,,
,2.2885330197235123e-05,8189,,,,,,,,,,,,,,,,,,,,,,,,,,,,,,
11,,8189,0.04559455066919327,0.022541938349604607,0.1998061090707779,0.0003907381324097514,0.024773523211479187,0.014828940853476524,0.13892361521720886,0.013573592528700829,0.10129609704017639,0.027610311284661293,0.15067820250988007,0.3097277879714966,0.0010801699245348573,2.145112991333008,0.06338464468717575,,,,,,,,,,,,,,,
,2.2687867165407117e-05,8199,,,,,,,,,,,,,,,,,,,,,,,,,,,,,,
11,,8199,0.04041818901896477,0.007155010011047125,0.13605047762393951,0.001204160158522427,0.026632310822606087,0.008396953344345093,0.11098788678646088,0.007495863828808069,0.07082533091306686,0.05418960005044937,0.11048176139593124,0.23131826519966125,0.0017256068531423807,2.149512529373169,0.05784248933196068,,,,,,,,,,,,,,,
,2.2491150659237536e-05,8209,,,,,,,,,,,,,,,,,,,,,,,,,,,,,,
11,,8209,0.02887647971510887,0.010970530100166798,0.17490731179714203,0.0016198360826820135,0.02422221377491951,0.008555889129638672,0.09971465170383453,0.006871499121189117,0.06596553325653076,0.048752639442682266,0.12020393460988998,0.2449112832546234,0.0038908987771719694,2.146145820617676,0.09549678862094879,,,,,,,,,,,,,,,
,2.2295182578220154e-05,8219,,,,,,,,,,,,,,,,,,,,,,,,,,,,,,
11,,8219,0.02594495192170143,0.02251133695244789,0.1726970672607422,0.0005289695109240711,0.025340884923934937,0.005431169643998146,0.12528248131275177,0.005848489701747894,0.05466391518712044,0.03295554965734482,0.10708282887935638,0.21826153993606567,0.002922833664342761,2.126866579055786,0.04593297466635704,,,,,,,,,,,,,,,
,2.2099964814622075e-05,8229,,,,,,,,,,,,,,,,,,,,,,,,,,,,,,
11,,8229,0.03914932906627655,0.010880268178880215,0.0939471498131752,0.00024600414326414466,0.017520377412438393,0.006548113189637661,0.08069103211164474,0.006138525903224945,0.052414461970329285,0.02423161081969738,0.09001293778419495,0.17557986080646515,0.0009207272087223828,2.1447625160217285,0.04761664569377899,,,,,,,,,,,,,,,
,2.190549925346521e-05,8239,,,,,,,,,,,,,,,,,,,,,,,,,,,,,,
11,,8239,0.05331951752305031,0.01672271080315113,0.10543709993362427,0.0008358625927940011,0.01871289126574993,0.010473240166902542,0.0809599906206131,0.009535353630781174,0.058548614382743835,0.02060546725988388,0.08663550764322281,0.198618084192276,7.417209417326376e-05,2.1179590225219727,0.04690450057387352,,,,,,,,,,,,,,,
,2.1711787772508307e-05,8249,,,,,,,,,,,,,,,,,,,,,,,,,,,,,,
11,,8249,0.024715889245271683,0.012262950651347637,0.17336316406726837,0.00034438137663528323,0.033754073083400726,0.004212571773678064,0.09003770351409912,0.00413349037989974,0.045194111764431,0.027123624458909035,0.10770855844020844,0.1975146383047104,0.0006100792088545859,2.1386184692382812,0.06432006508111954,,,,,,,,,,,,,,,
,2.1518832242228704e-05,8259,,,,,,,,,,,,,,,,,,,,,,,,,,,,,,
11,,8259,0.02464229054749012,0.008914955891668797,0.09081954509019852,0.0008216533460654318,0.01673906482756138,0.002708283020183444,0.04870300740003586,0.0022631664760410786,0.030958814546465874,0.034934885799884796,0.09435298293828964,0.135896235704422,0.001135030877776444,2.098968029022217,0.05253029614686966,,,,,,,,,,,,,,,
,2.1326634525804213e-05,8269,,,,,,,,,,,,,,,,,,,,,,,,,,,,,,
11,,8269,0.03732549771666527,0.03420322388410568,0.17925436794757843,0.003259969875216484,0.02938273549079895,0.011079352349042892,0.1386631727218628,0.004773600958287716,0.05153612047433853,0.030582904815673828,0.12151899188756943,0.24728095531463623,0.0008338605402968824,2.09311842918396,0.08104891330003738,,,,,,,,,,,,,,,
,2.1135196479095275e-05,8279,,,,,,,,,,,,,,,,,,,,,,,,,,,,,,
11,,8279,0.021965041756629944,0.01832045428454876,0.13999970257282257,0.002242143964394927,0.015101397410035133,0.0026839885395020247,0.08097915351390839,0.002384023042395711,0.02102562040090561,0.011865193955600262,0.07319551706314087,0.14258019626140594,0.0033336791675537825,2.1243298053741455,0.03834368288516998,,,,,,,,,,,,,,,
,2.094451995062696e-05,8289,,,,,,,,,,,,,,,,,,,,,,,,,,,,,,
11,,8289,0.02147134207189083,0.014673330821096897,0.16864097118377686,0.0006278614164330065,0.019966289401054382,0.007594172842800617,0.1113157868385315,0.004267667420208454,0.036172520369291306,0.02997259423136711,0.11976473033428192,0.19221439957618713,0.002202131785452366,2.1156153678894043,0.05560154840350151,,,,,,,,,,,,,,,
,2.0754606781571052e-05,8299,,,,,,,,,,,,,,,,,,,,,,,,,,,,,,
11,,8299,0.017674520611763,0.013146044686436653,0.1448884904384613,0.00014069020107854158,0.021526116877794266,0.003162096254527569,0.07582861185073853,0.003702732967212796,0.03544408455491066,0.022446192800998688,0.09801702201366425,0.16294384002685547,0.0010626213625073433,2.1430790424346924,0.05380469560623169,,,,,,,,,,,,,,,
,2.056545880572839e-05,8309,,,,,,,,,,,,,,,,,,,,,,,,,,,,,,
11,,8309,0.03338558226823807,0.01487725879997015,0.16453294456005096,0.000418992800405249,0.02123354561626911,0.006103610619902611,0.08399119228124619,0.004862089175730944,0.043694429099559784,0.02096153236925602,0.12110035866498947,0.19434642791748047,0.00042243109783157706,2.1329331398010254,0.05407531186938286,,,,,,,,,,,,,,,
,2.037707784951115e-05,8319,,,,,,,,,,,,,,,,,,,,,,,,,,,,,,
11,,8319,0.025307202711701393,0.016810541972517967,0.17784525454044342,0.0009135751752182841,0.02100755274295807,0.006581386551260948,0.11172053217887878,0.006140706595033407,0.04799959808588028,0.03197220340371132,0.10290879011154175,0.20412074029445648,0.0022569731809198856,2.161498546600342,0.04076065495610237,,,,,,,,,,,,,,,
,2.018946573192505e-05,8329,,,,,,,,,,,,,,,,,,,,,,,,,,,,,,
11,,8329,0.04452207684516907,0.022078407928347588,0.1668839007616043,0.002635213080793619,0.04202179238200188,0.006393828894942999,0.12800203263759613,0.005775040946900845,0.06298237293958664,0.04192794859409332,0.14025360345840454,0.27079206705093384,0.007346804719418287,2.1396708488464355,0.10284089297056198,,,,,,,,,,,,,,,
,2.0002624264552028e-05,8339,,,,,,,,,,,,,,,,,,,,,,,,,,,,,,
11,,8339,0.030976951122283936,0.015442842617630959,0.20269839465618134,0.0009995151776820421,0.028540585190057755,0.004774085711687803,0.11430592089891434,0.006741018500179052,0.06991028785705566,0.037455908954143524,0.14337067306041718,0.258976012468338,0.006685413885861635,2.126133918762207,0.06591147184371948,,,,,,,,,,,,,,,
11,,8339,,,,,,,,,,,,,,,,0.17351925373077393,0.043450977653265,0.2968120872974396,0.008916915394365788,0.08478006720542908,0.00138275814242661,0.18769501149654388,0.018539123237133026,0.1964716613292694,0.08114969730377197,0.21371905505657196,0.5995280742645264,0.010800194926559925,2.1143932342529297,0.15963369607925415
,1.98165552515326e-05,8349,,,,,,,,,,,,,,,,,,,,,,,,,,,,,,
12,,8349,0.04214322566986084,0.02040206454694271,0.1658695936203003,0.00033903654548339546,0.02953420579433441,0.008061964996159077,0.10979658365249634,0.009930809959769249,0.06961788237094879,0.0361538901925087,0.1225338876247406,0.2447381168603897,0.0002061029226751998,2.1081199645996094,0.056191395968198776,,,,,,,,,,,,,,,
,1.9631260489548364e-05,8359,,,,,,,,,,,,,,,,,,,,,,,,,,,,,,
12,,8359,0.03708271682262421,0.022215327247977257,0.14453689754009247,0.0018498736899346113,0.019478192552924156,0.0078510083258152,0.10486330837011337,0.006016430910676718,0.07673435658216476,0.018114648759365082,0.08034037798643112,0.22974735498428345,0.00048787068226374686,2.136138677597046,0.06691373139619827,,,,,,,,,,,,,,,
,1.9446741767804887e-05,8369,,,,,,,,,,,,,,,,,,,,,,,,,,,,,,
12,,8369,0.04862464591860771,0.02869691699743271,0.15877485275268555,0.0008741553174331784,0.053868718445301056,0.008694279007613659,0.12059734761714935,0.009668057784438133,0.10708817094564438,0.04637164995074272,0.14022602140903473,0.3129662871360779,0.0005166472401469946,2.1216509342193604,0.09477032721042633,,,,,,,,,,,,,,,
,1.9263000868014257e-05,8379,,,,,,,,,,,,,,,,,,,,,,,,,,,,,,
12,,8379,0.029802408069372177,0.03237532079219818,0.21862448751926422,0.0030156797729432583,0.03414025157690048,0.006987975910305977,0.13159015774726868,0.002141386503353715,0.04504374414682388,0.04160834848880768,0.12364154309034348,0.2427757978439331,0.0006423017475754023,2.131380558013916,0.07532614469528198,,,,,,,,,,,,,,,
,1.908003956437784e-05,8389,,,,,,,,,,,,,,,,,,,,,,,,,,,,,,
12,,8389,0.034382164478302,0.01505387295037508,0.1649031639099121,0.0006939547602087259,0.02313857153058052,0.007432384882122278,0.1142490804195404,0.002341697458177805,0.07982418686151505,0.02186344377696514,0.10522202402353287,0.23899678885936737,0.0003950490499846637,2.1346590518951416,0.06890425086021423,,,,,,,,,,,,,,,
,1.8897859623569313e-05,8399,,,,,,,,,,,,,,,,,,,,,,,,,,,,,,
12,,8399,0.04997261241078377,0.01283255498856306,0.14539699256420135,0.0011911836918443441,0.026983195915818214,0.004340438172221184,0.09989728778600693,0.010437669232487679,0.090763159096241,0.033741291612386703,0.1055619940161705,0.2581358551979065,0.00118608633056283,2.1278347969055176,0.06918466091156006,,,,,,,,,,,,,,,
,1.8716462804717514e-05,8409,,,,,,,,,,,,,,,,,,,,,,,,,,,,,,
12,,8409,0.035085078328847885,0.007922373712062836,0.07870221883058548,0.0008317942265421152,0.02077357843518257,0.004092651419341564,0.06604961305856705,0.007754862774163485,0.050640352070331573,0.024275969713926315,0.07827400416135788,0.15841059386730194,0.00044245438766665757,2.1250715255737305,0.037902165204286575,,,,,,,,,,,,,,,
,1.8535850859389382e-05,8419,,,,,,,,,,,,,,,,,,,,,,,,,,,,,,
12,,8419,0.03067700006067753,0.013506250455975533,0.16710123419761658,0.00038317902362905443,0.022612236440181732,0.007768755313009024,0.09689071774482727,0.004558619111776352,0.03426627069711685,0.031367260962724686,0.12463433295488358,0.1937347799539566,0.00011662088945740834,2.123612403869629,0.06715551763772964,,,,,,,,,,,,,,,
,1.8356025531573185e-05,8429,,,,,,,,,,,,,,,,,,,,,,,,,,,,,,
12,,8429,0.03726727142930031,0.02840329520404339,0.29346826672554016,0.002977431286126375,0.051782604306936264,0.006844883784651756,0.13939154148101807,0.00628321710973978,0.04510677605867386,0.03613666072487831,0.17008647322654724,0.29819199442863464,0.0004075458855368197,2.1372430324554443,0.11575941741466522,,,,,,,,,,,,,,,
,1.8176988557661633e-05,8439,,,,,,,,,,,,,,,,,,,,,,,,,,,,,,
12,,8439,0.03545651584863663,0.03982308879494667,0.2081415057182312,0.0017127023311331868,0.024790048599243164,0.0045923893339931965,0.1508796215057373,0.004527389537543058,0.048132650554180145,0.029229024425148964,0.14426469802856445,0.2581503987312317,0.0026477358769625425,2.1492362022399902,0.08526352792978287,,,,,,,,,,,,,,,
,1.7998741666435003e-05,8449,,,,,,,,,,,,,,,,,,,,,,,,,,,,,,
12,,8449,0.034920379519462585,0.017022905871272087,0.15249435603618622,0.0015270966105163097,0.025702139362692833,0.0057150558568537235,0.10127229243516922,0.0076149627566337585,0.05944579094648361,0.030990956351161003,0.13559779524803162,0.22657419741153717,0.0004572313337121159,2.1455111503601074,0.07047376781702042,,,,,,,,,,,,,,,
,1.782128657904465e-05,8459,,,,,,,,,,,,,,,,,,,,,,,,,,,,,,
12,,8459,0.07683227956295013,0.010854032821953297,0.1576486974954605,0.002082561142742634,0.050945889204740524,0.005819542333483696,0.13985575735569,0.011243660002946854,0.17133530974388123,0.047755636274814606,0.14049726724624634,0.3939146101474762,0.001812873175367713,2.097949504852295,0.1050494909286499,,,,,,,,,,,,,,,
,1.7644625008996163e-05,8469,,,,,,,,,,,,,,,,,,,,,,,,,,,,,,
12,,8469,0.03722919523715973,0.026201987639069557,0.14421744644641876,0.00029231913504190743,0.0187930129468441,0.006152557209134102,0.11724723875522614,0.004531749524176121,0.04263497143983841,0.017908424139022827,0.10292667895555496,0.19581565260887146,8.61475127749145e-05,2.1157543659210205,0.05183976888656616,,,,,,,,,,,,,,,
,1.746875866213301e-05,8479,,,,,,,,,,,,,,,,,,,,,,,,,,,,,,
12,,8479,0.02228441834449768,0.019793443381786346,0.16461853682994843,0.0009686683188192546,0.037434931844472885,0.0082679633051157,0.12640248239040375,0.006201714277267456,0.09119284898042679,0.06403994560241699,0.1229272112250328,0.26853787899017334,0.00015725806588307023,2.1275203227996826,0.07429151237010956,,,,,,,,,,,,,,,
,1.7293689236620002e-05,8489,,,,,,,,,,,,,,,,,,,,,,,,,,,,,,
12,,8489,0.06366240233182907,0.016157282516360283,0.19705002009868622,0.0017650376539677382,0.0508965365588665,0.012848484329879284,0.14666834473609924,0.005385422147810459,0.20460842549800873,0.03855040296912193,0.12769348919391632,0.4268508851528168,0.0015304473927244544,2.1620395183563232,0.0967189148068428,,,,,,,,,,,,,,,
,1.711941842292677e-05,8499,,,,,,,,,,,,,,,,,,,,,,,,,,,,,,
12,,8499,0.04089296981692314,0.02111715078353882,0.15453220903873444,0.004787090700119734,0.024608837440609932,0.006112470291554928,0.10879463702440262,0.004756917245686054,0.07284722477197647,0.03451158478856087,0.11385742574930191,0.23801091313362122,0.0020765019580721855,2.154890537261963,0.046449534595012665,,,,,,,,,,,,,,,
,1.694594790381163e-05,8509,,,,,,,,,,,,,,,,,,,,,,,,,,,,,,
12,,8509,0.02192053385078907,0.01383898314088583,0.13210830092430115,0.000551197212189436,0.020037544891238213,0.005844821222126484,0.06727312505245209,0.0020361763890832663,0.030985573306679726,0.03743188455700874,0.10758901387453079,0.1534557193517685,0.0005993153899908066,2.1527321338653564,0.0375748910009861,,,,,,,,,,,,,,,
,1.6773279354305327e-05,8519,,,,,,,,,,,,,,,,,,,,,,,,,,,,,,
12,,8519,0.03203854337334633,0.015484281815588474,0.17630547285079956,0.0032023494131863117,0.032883916050195694,0.003809157991781831,0.1062808707356453,0.004453948698937893,0.07444074749946594,0.03247035667300224,0.1257326900959015,0.24861416220664978,0.002592019271105528,2.163961410522461,0.07369199395179749,,,,,,,,,,,,,,,
,1.660141444169464e-05,8529,,,,,,,,,,,,,,,,,,,,,,,,,,,,,,
12,,8529,0.04299575090408325,0.012596968561410904,0.1177627295255661,0.0006387201719917357,0.02842594124376774,0.012518194504082203,0.07180842012166977,0.004158067051321268,0.04911831021308899,0.027738777920603752,0.09632888436317444,0.1884775608778,0.00013597648649010807,2.1263246536254883,0.05938908830285072,,,,,,,,,,,,,,,
,1.6430354825506556e-05,8539,,,,,,,,,,,,,,,,,,,,,,,,,,,,,,
12,,8539,0.025952642783522606,0.011083602905273438,0.13120019435882568,0.0013873028801754117,0.0213478934019804,0.006925515364855528,0.08347535133361816,0.0031232701148837805,0.029495052993297577,0.01633230224251747,0.09556780755519867,0.158497616648674,0.00023541232803836465,2.111706018447876,0.05418259650468826,,,,,,,,,,,,,,,
,1.626010215749203e-05,8549,,,,,,,,,,,,,,,,,,,,,,,,,,,,,,
12,,8549,0.05000048503279686,0.01893480494618416,0.22632461786270142,0.00039710322744213045,0.0504392646253109,0.00790140125900507,0.15658681094646454,0.01050143875181675,0.09843409806489944,0.042850807309150696,0.14070463180541992,0.3249253034591675,0.0007836734293960035,2.112718105316162,0.08020547032356262,,,,,,,,,,,,,,,
,1.6090658081610178e-05,8559,,,,,,,,,,,,,,,,,,,,,,,,,,,,,,
12,,8559,0.07624450325965881,0.05080949142575264,0.17577195167541504,0.003131643170490861,0.04319668188691139,0.005413493607193232,0.17555734515190125,0.00855167768895626,0.19854822754859924,0.020411184057593346,0.11829931288957596,0.4287865459918976,0.0009226925321854651,2.1255874633789062,0.07445963472127914,,,,,,,,,,,,,,,
,1.5922024234012388e-05,8569,,,,,,,,,,,,,,,,,,,,,,,,,,,,,,
12,,8569,0.03207700699567795,0.020449116826057434,0.21261334419250488,0.002316403202712536,0.03135460615158081,0.00795834045857191,0.1133548840880394,0.006922908127307892,0.08225108683109283,0.0299802478402853,0.14008118212223053,0.28353506326675415,0.004401105921715498,2.139343738555908,0.08990532159805298,,,,,,,,,,,,,,,
,1.5754202243026395e-05,8579,,,,,,,,,,,,,,,,,,,,,,,,,,,,,,
12,,8579,0.02049897611141205,0.025064507499337196,0.1827651560306549,0.0025380768347531557,0.02520066127181053,0.0038951111491769552,0.11068078875541687,0.004950234666466713,0.046629853546619415,0.050217002630233765,0.1291763037443161,0.21929392218589783,0.0007093416643328965,2.131014823913574,0.0669194906949997,,,,,,,,,,,,,,,
,1.5587193729140716e-05,8589,,,,,,,,,,,,,,,,,,,,,,,,,,,,,,
12,,8589,0.03504733741283417,0.012403130531311035,0.14881965517997742,0.00031026816577650607,0.02440633997321129,0.01008567400276661,0.08564464002847672,0.005453059915453196,0.04994680732488632,0.029859930276870728,0.12063345313072205,0.20185114443302155,0.00045190996024757624,2.1201276779174805,0.05799003317952156,,,,,,,,,,,,,,,
,1.542100030498895e-05,8599,,,,,,,,,,,,,,,,,,,,,,,,,,,,,,
12,,8599,0.03567745164036751,0.011149482801556587,0.1023387610912323,0.0007652739295735955,0.017608173191547394,0.013746034353971481,0.06589314341545105,0.006825141608715057,0.03834519535303116,0.02924979105591774,0.07779914885759354,0.1587584912776947,0.0010030800476670265,2.143662452697754,0.03708001971244812,,,,,,,,,,,,,,,
,1.5255623575334132e-05,8609,,,,,,,,,,,,,,,,,,,,,,,,,,,,,,
12,,8609,0.07060303539037704,0.010754403658211231,0.15334680676460266,0.0017944350838661194,0.04246241971850395,0.008871486410498619,0.11768871545791626,0.0056304954923689365,0.16880585253238678,0.04156123474240303,0.10501332581043243,0.36030957102775574,0.0020072939805686474,2.14329195022583,0.0825125053524971,,,,,,,,,,,,,,,
,1.5091065137053329e-05,8619,,,,,,,,,,,,,,,,,,,,,,,,,,,,,,
12,,8619,0.030657200142741203,0.015741944313049316,0.1555652618408203,0.0004973558243364096,0.025417551398277283,0.014411683194339275,0.0901278480887413,0.0057561686262488365,0.05962030962109566,0.020501038059592247,0.11327335983514786,0.22036825120449066,0.0027292363811284304,2.118563652038574,0.07216072827577591,,,,,,,,,,,,,,,
,1.4927326579122224e-05,8629,,,,,,,,,,,,,,,,,,,,,,,,,,,,,,
12,,8629,0.0488029383122921,0.014757460914552212,0.11560621857643127,0.0010732682421803474,0.04573440179228783,0.009391955099999905,0.11609587073326111,0.005220000632107258,0.15737637877464294,0.03728066384792328,0.11988185346126556,0.32851171493530273,0.0019952822476625443,2.1168899536132812,0.07712804526090622,,,,,,,,,,,,,,,
,1.4764409482599661e-05,8639,,,,,,,,,,,,,,,,,,,,,,,,,,,,,,
12,,8639,0.058893751353025436,0.009637506678700447,0.12972185015678406,0.0008351349388249218,0.0308817308396101,0.00692920945584774,0.11043790727853775,0.006671961396932602,0.12608753144741058,0.03182904049754143,0.11371976137161255,0.28755098581314087,0.0009416552493348718,2.1286258697509766,0.04827818274497986,,,,,,,,,,,,,,,
,1.4602315420612523e-05,8649,,,,,,,,,,,,,,,,,,,,,,,,,,,,,,
12,,8649,0.023735594004392624,0.02116129919886589,0.21141432225704193,0.0008913117926567793,0.03291294723749161,0.0032004304230213165,0.11574498564004898,0.003044836688786745,0.02697857841849327,0.02061389945447445,0.10380928963422775,0.1965862661600113,0.0003233441966585815,2.135972261428833,0.0632430911064148,,,,,,,,,,,,,,,
,1.444104595834047e-05,8659,,,,,,,,,,,,,,,,,,,,,,,,,,,,,,
12,,8659,0.02672257088124752,0.009452931582927704,0.11815045028924942,0.0003308978630229831,0.027343403548002243,0.011452144011855125,0.07468623667955399,0.0017090373439714313,0.02448194846510887,0.018901843577623367,0.10071894526481628,0.15523800253868103,0.0006079897284507751,2.164578676223755,0.07102666050195694,,,,,,,,,,,,,,,
,1.4280602653000775e-05,8669,,,,,,,,,,,,,,,,,,,,,,,,,,,,,,
12,,8669,0.037640705704689026,0.062104348093271255,0.2381119579076767,0.0033947834745049477,0.027718480676412582,0.005743641406297684,0.16087161004543304,0.011478849686682224,0.07509861886501312,0.0391511395573616,0.12574364244937897,0.3081302344799042,0.002347970614209771,2.1207101345062256,0.06557867676019669,,,,,,,,,,,,,,,
,1.412098705383339e-05,8679,,,,,,,,,,,,,,,,,,,,,,,,,,,,,,
12,,8679,0.0304117314517498,0.010523566976189613,0.12351936846971512,0.0009393047075718641,0.023941928520798683,0.015394547022879124,0.0719921663403511,0.007991069927811623,0.0618956983089447,0.03432641550898552,0.10133139044046402,0.20414020121097565,0.0031369824428111315,2.150568723678589,0.05536671355366707,,,,,,,,,,,,,,,
,1.3962200702085959e-05,8689,,,,,,,,,,,,,,,,,,,,,,,,,,,,,,
12,,8689,0.021036794409155846,0.01878485456109047,0.23004141449928284,0.0008448121952824295,0.03299880400300026,0.008540754206478596,0.11418795585632324,0.0023909825831651688,0.0317089818418026,0.04589448869228363,0.14913615584373474,0.2242213934659958,0.0021420845296233892,2.114396810531616,0.07437094300985336,,,,,,,,,,,,,,,
,1.3804245130998828e-05,8699,,,,,,,,,,,,,,,,,,,,,,,,,,,,,,
12,,8699,0.02167985588312149,0.01165018230676651,0.13486714661121368,0.00032216805266216397,0.02275184541940689,0.005997049156576395,0.07370069622993469,0.004826614633202553,0.03896183520555496,0.0140054477378726,0.10761222243309021,0.16810369491577148,0.0002812782768160105,2.140144109725952,0.05672236904501915,,,,,,,,,,,,,,,
,1.3647121865790435e-05,8709,,,,,,,,,,,,,,,,,,,,,,,,,,,,,,
12,,8709,0.018399367108941078,0.01830814965069294,0.16340984404087067,0.000537526560947299,0.01964026689529419,0.003975176718086004,0.09278339147567749,0.002166246995329857,0.028746236115694046,0.024387391284108162,0.09664960205554962,0.16888932883739471,0.0003589455154724419,2.175917387008667,0.06150975823402405,,,,,,,,,,,,,,,
,1.349083242364242e-05,8719,,,,,,,,,,,,,,,,,,,,,,,,,,,,,,
12,,8719,0.03529753535985947,0.011872818693518639,0.14423337578773499,0.00053931784350425,0.022311987355351448,0.004985177889466286,0.08412183821201324,0.003395610023289919,0.04315124452114105,0.032700683921575546,0.09791789948940277,0.18354159593582153,0.0002278009196743369,2.1293399333953857,0.05656661465764046,,,,,,,,,,,,,,,
,1.333537831368502e-05,8729,,,,,,,,,,,,,,,,,,,,,,,,,,,,,,
12,,8729,0.04130422696471214,0.028805745765566826,0.1452719122171402,0.0008673395495861769,0.027008311823010445,0.004359756130725145,0.11810754239559174,0.002895867917686701,0.05461515486240387,0.03382115811109543,0.11535937339067459,0.2213251143693924,0.0003971148980781436,2.1696743965148926,0.06729921698570251,,,,,,,,,,,,,,,
,1.3180761036982525e-05,8739,,,,,,,,,,,,,,,,,,,,,,,,,,,,,,
12,,8739,0.025892648845911026,0.015073375776410103,0.12676005065441132,0.00015823767171241343,0.019075512886047363,0.008226772770285606,0.1078728511929512,0.006951458752155304,0.030635615810751915,0.039481669664382935,0.11266541481018066,0.17692483961582184,0.00024011635105125606,2.099069833755493,0.05876634269952774,,,,,,,,,,,,,,,
,1.3026982086518801e-05,8749,,,,,,,,,,,,,,,,,,,,,,,,,,,,,,
12,,8749,0.05120748281478882,0.015414760448038578,0.1623118817806244,0.0034945025108754635,0.029456917196512222,0.006787552498281002,0.10275878757238388,0.007276593241840601,0.08706749230623245,0.06816057860851288,0.1260390281677246,0.27402448654174805,0.0008762446232140064,2.134281873703003,0.07655610144138336,,,,,,,,,,,,,,,
,1.2874042947182752e-05,8759,,,,,,,,,,,,,,,,,,,,,,,,,,,,,,
12,,8759,0.031524982303380966,0.0102749178186059,0.13157816231250763,0.001142866094596684,0.016740180552005768,0.008954577147960663,0.08187724649906158,0.002315328922122717,0.030496377497911453,0.0177935641258955,0.0944424644112587,0.16323544085025787,0.004588693380355835,2.1387939453125,0.048857007175683975,,,,,,,,,,,,,,,
,1.2721945095754173e-05,8769,,,,,,,,,,,,,,,,,,,,,,,,,,,,,,
12,,8769,0.03774133324623108,0.01820426620543003,0.2207886278629303,0.00110566895455122,0.021303245797753334,0.006208139006048441,0.12183690071105957,0.003941675182431936,0.052237167954444885,0.01881982944905758,0.11621975898742676,0.23610687255859375,0.0017878710059449077,2.139147996902466,0.06563161313533783,,,,,,,,,,,,,,,
,1.2570690000889285e-05,8779,,,,,,,,,,,,,,,,,,,,,,,,,,,,,,
12,,8779,0.0237895455211401,0.01424375455826521,0.1499362289905548,0.0002723294892348349,0.024663396179676056,0.004963856656104326,0.09212222695350647,0.0036584199406206608,0.04451809450984001,0.03382296487689018,0.09908950328826904,0.18600937724113464,0.00029843254014849663,2.1308577060699463,0.060397569090127945,,,,,,,,,,,,,,,
,1.2420279123106736e-05,8789,,,,,,,,,,,,,,,,,,,,,,,,,,,,,,
12,,8789,0.04909821227192879,0.01171205285936594,0.1427905410528183,0.0001455454039387405,0.020593898370862007,0.009123040363192558,0.10053340345621109,0.004749177023768425,0.06819751858711243,0.02148529142141342,0.10511034727096558,0.21715883910655975,0.00037309728213585913,2.1160776615142822,0.04178069904446602,,,,,,,,,,,,,,,
,1.2270713914773402e-05,8799,,,,,,,,,,,,,,,,,,,,,,,,,,,,,,
12,,8799,0.032508160918951035,0.022453945130109787,0.1932508796453476,0.0014899760717526078,0.02197098173201084,0.006033017300069332,0.12532448768615723,0.005619227886199951,0.050906721502542496,0.033539626747369766,0.12845487892627716,0.23301087319850922,0.001622381736524403,2.115107774734497,0.06533114612102509,,,,,,,,,,,,,,,
,1.2121995820090305e-05,8809,,,,,,,,,,,,,,,,,,,,,,,,,,,,,,
12,,8809,0.019686896353960037,0.05960411950945854,0.20463886857032776,0.002684142207726836,0.01631077192723751,0.007442669477313757,0.1493981033563614,0.0037357527762651443,0.030749494209885597,0.025114236399531364,0.11280766874551773,0.2201768159866333,0.00023511647304985672,2.1539764404296875,0.05406106263399124,,,,,,,,,,,,,,,
,1.1974126275078834e-05,8819,,,,,,,,,,,,,,,,,,,,,,,,,,,,,,
12,,8819,0.029728302732110023,0.013207521289587021,0.12914890050888062,0.0005971752689220011,0.027944106608629227,0.004633547272533178,0.09816104918718338,0.007588515989482403,0.08940009772777557,0.027798574417829514,0.10973025858402252,0.23632918298244476,0.00019676826195791364,2.1061513423919678,0.065652996301651,,,,,,,,,,,,,,,
,1.182710670756677e-05,8829,,,,,,,,,,,,,,,,,,,,,,,,,,,,,,
12,,8829,0.02714049629867077,0.015305261127650738,0.1583511382341385,0.00018593401182442904,0.03066382370889187,0.010197539813816547,0.07311156392097473,0.002908951137214899,0.03667456656694412,0.01848614402115345,0.12177655100822449,0.19416378438472748,0.00012314780906308442,2.145017385482788,0.09634209424257278,,,,,,,,,,,,,,,
,1.1680938537174445e-05,8839,,,,,,,,,,,,,,,,,,,,,,,,,,,,,,
12,,8839,0.048220567405223846,0.03338063135743141,0.2007569968700409,0.0005538149271160364,0.036358486860990524,0.007219742517918348,0.16150528192520142,0.007047668099403381,0.11083333939313889,0.030014490708708763,0.126217782497406,0.32567352056503296,0.0012691010488197207,2.125729560852051,0.08486141264438629,,,,,,,,,,,,,,,
,1.153562317530118e-05,8849,,,,,,,,,,,,,,,,,,,,,,,,,,,,,,
12,,8849,0.022333946079015732,0.04896494746208191,0.24880118668079376,0.0032457388006150723,0.03379863128066063,0.00446762191131711,0.18123535811901093,0.008207899518311024,0.08951354026794434,0.042824842035770416,0.12947987020015717,0.3261164724826813,0.0038206882309168577,2.108330011367798,0.0920775756239891,,,,,,,,,,,,,,,
,1.1391162025111569e-05,8859,,,,,,,,,,,,,,,,,,,,,,,,,,,,,,
12,,8859,0.04892012104392052,0.011638559401035309,0.14411456882953644,0.0003245528496336192,0.018441591411828995,0.005197893362492323,0.08283835649490356,0.0050323642790317535,0.06131583824753761,0.025648895651102066,0.10381422936916351,0.20345041155815125,0.00011347978579578921,2.1339011192321777,0.039284102618694305,,,,,,,,,,,,,,,
,1.1247556481521893e-05,8869,,,,,,,,,,,,,,,,,,,,,,,,,,,,,,
12,,8869,0.02385287545621395,0.03986600413918495,0.2608613967895508,0.0019171827007085085,0.03420452028512955,0.005300960503518581,0.17007271945476532,0.005539700388908386,0.050648391246795654,0.042858775705099106,0.1622309386730194,0.28351855278015137,0.0031813543755561113,2.1419289112091064,0.07835295051336288,,,,,,,,,,,,,,,
,1.1104807931186723e-05,8879,,,,,,,,,,,,,,,,,,,,,,,,,,,,,,
12,,8879,0.027106493711471558,0.011361285112798214,0.11351296305656433,0.00015594770957250148,0.014180422760546207,0.006961229257285595,0.08184831589460373,0.003478272818028927,0.02034882642328739,0.017163453623652458,0.08743781596422195,0.13606497645378113,0.002318546874448657,2.1138081550598145,0.0335395447909832,,,,,,,,,,,,,,,
,1.0962917752485569e-05,8889,,,,,,,,,,,,,,,,,,,,,,,,,,,,,,
12,,8889,0.023705296218395233,0.04600141942501068,0.20878028869628906,0.002684718230739236,0.023195724934339523,0.003957163076847792,0.14515084028244019,0.007257269229739904,0.06503137201070786,0.03359314426779747,0.11167716234922409,0.2560301721096039,0.0008457622607238591,2.160330057144165,0.0529470257461071,,,,,,,,,,,,,,,
,1.0821887315509371e-05,8899,,,,,,,,,,,,,,,,,,,,,,,,,,,,,,
12,,8899,0.06164122745394707,0.012304898351430893,0.21635369956493378,0.0012932358076795936,0.045580629259347916,0.007913799956440926,0.11803213506937027,0.011950092390179634,0.12082868069410324,0.037435028702020645,0.1498909592628479,0.3488437831401825,0.00035216956166550517,2.1052184104919434,0.11105785518884659,,,,,,,,,,,,,,,
,1.0681717982047568e-05,8909,,,,,,,,,,,,,,,,,,,,,,,,,,,,,,
12,,8909,0.03459606319665909,0.03385975956916809,0.19278615713119507,0.0026167535688728094,0.022807639092206955,0.005076384171843529,0.13552437722682953,0.007145370822399855,0.05727356672286987,0.022895148023962975,0.1468232423067093,0.25271445512771606,0.0012655791360884905,2.127164602279663,0.06938427686691284,,,,,,,,,,,,,,,
,1.0542411105574657e-05,8919,,,,,,,,,,,,,,,,,,,,,,,,,,,,,,
12,,8919,0.034120798110961914,0.01679360494017601,0.12210714817047119,0.0011143250158056617,0.017968561500310898,0.006714306306093931,0.09554534405469894,0.009370767511427402,0.051695287227630615,0.02693971060216427,0.09535475820302963,0.19065502285957336,0.0004957891651429236,2.1404714584350586,0.042404454201459885,,,,,,,,,,,,,,,
,1.0403968031237321e-05,8929,,,,,,,,,,,,,,,,,,,,,,,,,,,,,,
12,,8929,0.04337764531373978,0.016323426738381386,0.14953520894050598,0.001328387763351202,0.02724764123558998,0.01037965901196003,0.13043969869613647,0.005992621183395386,0.0628558099269867,0.046793315559625626,0.11585400998592377,0.23684532940387726,0.000661454105284065,2.1392531394958496,0.060422755777835846,,,,,,,,,,,,,,,
,1.0266390095841371e-05,8939,,,,,,,,,,,,,,,,,,,,,,,,,,,,,,
12,,8939,0.07730119675397873,0.01818307861685753,0.23905235528945923,0.000974365568254143,0.06105254590511322,0.004388461820781231,0.16147886216640472,0.010090893134474754,0.21515236794948578,0.05775357037782669,0.16454574465751648,0.47733667492866516,0.0006599052576348186,2.149099826812744,0.11140105873346329,,,,,,,,,,,,,,,
,1.012967862783879e-05,8949,,,,,,,,,,,,,,,,,,,,,,,,,,,,,,
12,,8949,0.04480154812335968,0.019693845883011818,0.1759936809539795,0.0005906312726438046,0.030321823433041573,0.005011401604861021,0.12892618775367737,0.01307328324764967,0.07883970439434052,0.024540912359952927,0.11342769116163254,0.2673337757587433,0.0028205779381096363,2.177114963531494,0.0674959346652031,,,,,,,,,,,,,,,
,9.993834947315006e-06,8959,,,,,,,,,,,,,,,,,,,,,,,,,,,,,,
12,,8959,0.010180201381444931,0.012997598387300968,0.15216554701328278,0.00036772966268472373,0.016631020233035088,0.016485361382365227,0.0841333195567131,0.004835343919694424,0.022754449397325516,0.022274073213338852,0.09829143434762955,0.15623289346694946,0.002393418923020363,2.1574788093566895,0.04503330588340759,,,,,,,,,,,,,,,
,9.858860365976098e-06,8969,,,,,,,,,,,,,,,,,,,,,,,,,,,,,,
12,,8969,0.02515445090830326,0.020120756700634956,0.15845611691474915,0.00029126383014954627,0.023883534595370293,0.005554912146180868,0.10740289092063904,0.0021081040613353252,0.03857077658176422,0.025118669494986534,0.11758677661418915,0.1879146844148636,0.00022105897369328886,2.143413782119751,0.05225634574890137,,,,,,,,,,,,,,,
,9.724756187136053e-06,8979,,,,,,,,,,,,,,,,,,,,,,,,,,,,,,
12,,8979,0.03466181829571724,0.0343158058822155,0.12598401308059692,0.0008943655993789434,0.027229350060224533,0.003051459789276123,0.10810492187738419,0.004252265207469463,0.03858529403805733,0.04120127111673355,0.10232029855251312,0.19499240815639496,0.00032934226328507066,2.1264073848724365,0.0669170692563057,,,,,,,,,,,,,,,
,9.591523705704352e-06,8989,,,,,,,,,,,,,,,,,,,,,,,,,,,,,,
12,,8989,0.07279818505048752,0.011595292948186398,0.13518530130386353,0.0003271640744060278,0.03340057656168938,0.015286474488675594,0.10691235959529877,0.012792195193469524,0.11078359931707382,0.02848474495112896,0.1124204471707344,0.29378625750541687,0.000603366584982723,2.1336982250213623,0.060696158558130264,,,,,,,,,,,,,,,
,9.459164208173331e-06,8999,,,,,,,,,,,,,,,,,,,,,,,,,,,,,,
12,,8999,0.05034568905830383,0.030004099011421204,0.17228618264198303,0.0003079540329053998,0.018206724897027016,0.009395824745297432,0.10823074728250504,0.006560301873832941,0.05292000621557236,0.02435116469860077,0.1079455316066742,0.22340892255306244,0.00018207151151727885,2.1043386459350586,0.043430622667074203,,,,,,,,,,,,,,,
,9.327678972605758e-06,9009,,,,,,,,,,,,,,,,,,,,,,,,,,,,,,
12,,9009,0.05448475480079651,0.01367701031267643,0.15151233971118927,0.0008259679889306426,0.03520113229751587,0.012722058221697807,0.11993998289108276,0.007486891467124224,0.10769551992416382,0.03322025388479233,0.13094863295555115,0.29824745655059814,0.00028156471671536565,2.1246705055236816,0.09157190471887589,,,,,,,,,,,,,,,
,9.197069268622571e-06,9019,,,,,,,,,,,,,,,,,,,,,,,,,,,,,,
12,,9019,0.026668142527341843,0.04387326538562775,0.2283141165971756,0.0013876332668587565,0.017106112092733383,0.008297673426568508,0.13414135575294495,0.0038213571533560753,0.03669029846787453,0.02561650425195694,0.11085040122270584,0.23206904530525208,0.005259886384010315,2.147479772567749,0.05853000283241272,,,,,,,,,,,,,,,
,9.06733635739061e-06,9029,,,,,,,,,,,,,,,,,,,,,,,,,,,,,,
12,,9029,0.028358034789562225,0.006555827334523201,0.07881868630647659,0.00032331442344002426,0.02606683224439621,0.012643414549529552,0.06484249979257584,0.006248083431273699,0.0532476082444191,0.029715875163674355,0.10057961940765381,0.17120544612407684,9.369105100631714e-05,2.1482982635498047,0.057411473244428635,,,,,,,,,,,,,,,
12,,9034,,,,,,,,,,,,,,,,0.17211827635765076,0.042714834213256836,0.29744523763656616,0.009482610039412975,0.08277764171361923,0.0013743393355980515,0.18369533121585846,0.018841855227947235,0.19454807043075562,0.08004333823919296,0.21551944315433502,0.5961692333221436,0.010829577222466469,2.114421844482422,0.1589088886976242
,8.938481491610307e-06,9039,,,,,,,,,,,,,,,,,,,,,,,,,,,,,,
13,,9039,0.020296772941946983,0.015673521906137466,0.19383689761161804,0.0027344173286110163,0.027145417407155037,0.0035365435760468245,0.08576406538486481,0.0030100271105766296,0.029104921966791153,0.024272413924336433,0.1421523243188858,0.1927095204591751,0.0006257716449908912,2.1195545196533203,0.06866175681352615,,,,,,,,,,,,,,,
,8.810505915503786e-06,9049,,,,,,,,,,,,,,,,,,,,,,,,,,,,,,
13,,9049,0.02574523165822029,0.009935317561030388,0.09786777198314667,0.0009450193610973656,0.01838822290301323,0.009925905615091324,0.06673993170261383,0.0047868285328149796,0.03173993527889252,0.038306936621665955,0.08153272420167923,0.14574210345745087,0.002266324358060956,2.1297900676727295,0.03833118453621864,,,,,,,,,,,,,,,
,8.683410864802743e-06,9059,,,,,,,,,,,,,,,,,,,,,,,,,,,,,,
13,,9059,0.03458089753985405,0.020382767543196678,0.1805364340543747,0.000611914205364883,0.03133275732398033,0.0027328175492584705,0.10166028887033463,0.005443487782031298,0.051607146859169006,0.026166098192334175,0.12630175054073334,0.2287292331457138,0.0005286146188154817,2.1373987197875977,0.09044554829597473,,,,,,,,,,,,,,,
,8.557197566736452e-06,9069,,,,,,,,,,,,,,,,,,,,,,,,,,,,,,
13,,9069,0.02657061256468296,0.016494791954755783,0.16924509406089783,0.0012457085540518165,0.02406288869678974,0.006095683202147484,0.08700228482484818,0.004542364738881588,0.040591005235910416,0.041376568377017975,0.10065186768770218,0.19224166870117188,0.0005338927730917931,2.1693451404571533,0.05840316414833069,,,,,,,,,,,,,,,
,8.431867240020075e-06,9079,,,,,,,,,,,,,,,,,,,,,,,,,,,,,,
13,,9079,0.026288991793990135,0.012993963435292244,0.14494773745536804,0.0015448490157723427,0.023717518895864487,0.004328618291765451,0.08103072643280029,0.006055631674826145,0.053251318633556366,0.033862609416246414,0.11037034541368484,0.19783350825309753,0.001980540109798312,2.128065347671509,0.058899763971567154,,,,,,,,,,,,,,,
,8.307421094842727e-06,9089,,,,,,,,,,,,,,,,,,,,,,,,,,,,,,
13,,9089,0.04085151478648186,0.011892394162714481,0.12323761731386185,0.0014577474212273955,0.01891409046947956,0.009280640631914139,0.10842648148536682,0.004758546128869057,0.06103726848959923,0.023659437894821167,0.09574098885059357,0.20288759469985962,0.0007349814404733479,2.1229419708251953,0.04524151235818863,,,,,,,,,,,,,,,
,8.183860332855942e-06,9099,,,,,,,,,,,,,,,,,,,,,,,,,,,,,,
13,,9099,0.02272181771695614,0.03445391729474068,0.2640097737312317,0.002372060902416706,0.027861330658197403,0.006364666856825352,0.1476883739233017,0.002047721529379487,0.03128863498568535,0.054251521825790405,0.144214928150177,0.24803392589092255,0.0026806907262653112,2.1294565200805664,0.07082973420619965,,,,,,,,,,,,,,,
,8.06118614716196e-06,9109,,,,,,,,,,,,,,,,,,,,,,,,,,,,,,
13,,9109,0.03167307749390602,0.007264855317771435,0.09178394824266434,0.0005960133858025074,0.027448149397969246,0.011923505924642086,0.07628951221704483,0.006526055745780468,0.07476001977920532,0.028640925884246826,0.10566279292106628,0.20010283589363098,0.0003771727788262069,2.1344947814941406,0.04747014120221138,,,,,,,,,,,,,,,
,7.939399722302233e-06,9119,,,,,,,,,,,,,,,,,,,,,,,,,,,,,,
13,,9119,0.03750166669487953,0.009403022937476635,0.1074526309967041,0.00037726148730143905,0.01900271698832512,0.008315079845488071,0.07320517301559448,0.004281085915863514,0.0414501391351223,0.023974768817424774,0.1014314591884613,0.16660171747207642,0.001490664086304605,2.127528667449951,0.043875716626644135,,,,,,,,,,,,,,,
,7.818502234246017e-06,9129,,,,,,,,,,,,,,,,,,,,,,,,,,,,,,
13,,9129,0.03688976541161537,0.022708268836140633,0.16739478707313538,0.0008139297715388238,0.031095243990421295,0.00398024870082736,0.0959773138165474,0.0036285817623138428,0.08469446003437042,0.0313342921435833,0.11534644663333893,0.24778306484222412,0.0008709951653145254,2.1380040645599365,0.06166926026344299,,,,,,,,,,,,,,,
,7.698494850379023e-06,9139,,,,,,,,,,,,,,,,,,,,,,,,,,,,,,
13,,9139,0.03125355392694473,0.009057202376425266,0.09874749183654785,0.0006247825222089887,0.021978754550218582,0.007044621743261814,0.0737118050456047,0.008227081969380379,0.04048040881752968,0.029047269374132156,0.09398822486400604,0.1613539308309555,0.0005833766772411764,2.136793851852417,0.03988230973482132,,,,,,,,,,,,,,,
,7.579378729492037e-06,9149,,,,,,,,,,,,,,,,,,,,,,,,,,,,,,
13,,9149,0.020328572019934654,0.017860809341073036,0.17401069402694702,0.0004488900594878942,0.01819058693945408,0.007364738266915083,0.1077306717634201,0.004272359889000654,0.0357338972389698,0.017198894172906876,0.11320057511329651,0.18829314410686493,0.0002329955605091527,2.150205612182617,0.05903510004281998,,,,,,,,,,,,,,,
,7.4611550217699055e-06,9159,,,,,,,,,,,,,,,,,,,,,,,,,,,,,,
13,,9159,0.049886554479599,0.019303850829601288,0.17069248855113983,0.002675663912668824,0.02022492326796055,0.009531307965517044,0.12079412490129471,0.004657403565943241,0.08095802366733551,0.034537240862846375,0.1183025911450386,0.2598077654838562,0.0007279278361238539,2.1048038005828857,0.060182224959135056,,,,,,,,,,,,,,,
,7.343824868780292e-06,9169,,,,,,,,,,,,,,,,,,,,,,,,,,,,,,
13,,9169,0.02869023010134697,0.009227448143064976,0.09696780890226364,0.0008253830019384623,0.024146998301148415,0.0060326592065393925,0.07183904200792313,0.006697623059153557,0.0617591068148613,0.02335604839026928,0.07812603563070297,0.17966453731060028,0.00032292245305143297,2.1310086250305176,0.05597204715013504,,,,,,,,,,,,,,,
,7.227389403462681e-06,9179,,,,,,,,,,,,,,,,,,,,,,,,,,,,,,
13,,9179,0.032834526151418686,0.010267708450555801,0.12306911498308182,0.0006335902726277709,0.024344997480511665,0.004322218708693981,0.06582134962081909,0.006645927205681801,0.051228102296590805,0.019887125119566917,0.10328684747219086,0.18573924899101257,0.0005738924373872578,2.1143574714660645,0.06956502795219421,,,,,,,,,,,,,,,
,7.111849750117494e-06,9189,,,,,,,,,,,,,,,,,,,,,,,,,,,,,,
13,,9189,0.05423430725932121,0.011037099175155163,0.11766555905342102,0.0012498325668275356,0.02080509066581726,0.008680274710059166,0.09597907960414886,0.0083681121468544,0.09368767589330673,0.025136824697256088,0.10108485817909241,0.2415507435798645,0.0007234669174067676,2.1597087383270264,0.0438876636326313,,,,,,,,,,,,,,,
,6.9972070243952135e-06,9199,,,,,,,,,,,,,,,,,,,,,,,,,,,,,,
13,,9199,0.04097865894436836,0.006894328631460667,0.08216851949691772,0.0002682764607015997,0.014196676202118397,0.004023359157145023,0.0632355660200119,0.0037175805773586035,0.02880759909749031,0.024407874792814255,0.07515841722488403,0.13434675335884094,0.001510272384621203,2.1208319664001465,0.04027603194117546,,,,,,,,,,,,,,,
,6.883462333285495e-06,9209,,,,,,,,,,,,,,,,,,,,,,,,,,,,,,
13,,9209,0.03397037833929062,0.020599622279405594,0.1960717886686325,0.00020953470084350556,0.03316075727343559,0.014048193581402302,0.1265980452299118,0.00695290882140398,0.07601973414421082,0.04729475453495979,0.13444823026657104,0.27291634678840637,0.00018175809236709028,2.1245837211608887,0.08186053484678268,,,,,,,,,,,,,,,
,6.770616775106686e-06,9219,,,,,,,,,,,,,,,,,,,,,,,,,,,,,,
13,,9219,0.05188114568591118,0.016252979636192322,0.19858527183532715,0.001520925317890942,0.03526562452316284,0.01629415713250637,0.11473538726568222,0.012940183281898499,0.0650658905506134,0.06049346178770065,0.14832788705825806,0.28263556957244873,0.001181656727567315,2.1109182834625244,0.08507537096738815,,,,,,,,,,,,,,,
,6.658671439495068e-06,9229,,,,,,,,,,,,,,,,,,,,,,,,,,,,,,
13,,9229,0.04357590526342392,0.01429202500730753,0.1376657485961914,0.0024500403087586164,0.025519587099552155,0.007854089140892029,0.07575640082359314,0.0043687415309250355,0.04144218564033508,0.02805362083017826,0.11895240098237991,0.1936495006084442,0.00014639880100730807,2.1281285285949707,0.06397686898708344,,,,,,,,,,,,,,,
,6.54762740739433e-06,9239,,,,,,,,,,,,,,,,,,,,,,,,,,,,,,
13,,9239,0.03399580717086792,0.014397827908396721,0.1183195412158966,0.0006749873864464462,0.02055359072983265,0.006412431597709656,0.08110539615154266,0.004973822273313999,0.058180131018161774,0.044748704880476,0.09078720957040787,0.18929176032543182,0.00019677272939588875,2.1450023651123047,0.045074835419654846,,,,,,,,,,,,,,,
,6.437485751045258e-06,9249,,,,,,,,,,,,,,,,,,,,,,,,,,,,,,
13,,9249,0.04860304296016693,0.03955401852726936,0.21267665922641754,0.0062139565125107765,0.026037635281682014,0.005667880643159151,0.14804312586784363,0.0037937427405267954,0.07566329091787338,0.03455935791134834,0.13222527503967285,0.28757399320602417,0.000556172919459641,2.1450297832489014,0.06479191035032272,,,,,,,,,,,,,,,
,6.328247533975262e-06,9259,,,,,,,,,,,,,,,,,,,,,,,,,,,,,,
13,,9259,0.02868838794529438,0.036833178251981735,0.1640327423810959,0.001342677976936102,0.029792586341500282,0.006624594796448946,0.13174881041049957,0.004230765625834465,0.07414685934782028,0.03522902727127075,0.09120970219373703,0.24488107860088348,0.0007009176188148558,2.1161816120147705,0.06316199898719788,,,,,,,,,,,,,,,
,6.219913810988132e-06,9269,,,,,,,,,,,,,,,,,,,,,,,,,,,,,,
13,,9269,0.01772446371614933,0.016419457271695137,0.13963399827480316,0.0015019039856269956,0.017257817089557648,0.004888085648417473,0.08790425211191177,0.0029028235003352165,0.036814119666814804,0.03617328032851219,0.10738646239042282,0.16850151121616364,0.00011974967492278665,2.142500400543213,0.0473494678735733,,,,,,,,,,,,,,,
,6.112485628153886e-06,9279,,,,,,,,,,,,,,,,,,,,,,,,,,,,,,
13,,9279,0.03890150785446167,0.03977283090353012,0.2237992137670517,0.0007716080290265381,0.02519592083990574,0.006319392006844282,0.1473693549633026,0.008139767684042454,0.0661725252866745,0.02663983404636383,0.14493930339813232,0.27582231163978577,0.0015649307752028108,2.1239256858825684,0.05796317756175995,,,,,,,,,,,,,,,
,6.005964022798638e-06,9289,,,,,,,,,,,,,,,,,,,,,,,,,,,,,,
13,,9289,0.03574180230498314,0.016318079084157944,0.10387743264436722,0.0031322010327130556,0.018662508577108383,0.0128151411190629,0.08029122650623322,0.008969208225607872,0.06480128318071365,0.020738910883665085,0.09501761943101883,0.20261210203170776,0.0008495101355947554,2.1421055793762207,0.05346048250794411,,,,,,,,,,,,,,,
,5.900350023494616e-06,9299,,,,,,,,,,,,,,,,,,,,,,,,,,,,,,
13,,9299,0.0398264080286026,0.008631336502730846,0.15560704469680786,0.00016514734306838363,0.03164686635136604,0.009944073855876923,0.09250769019126892,0.008239522576332092,0.07249604910612106,0.03362517058849335,0.1282569169998169,0.23416264355182648,0.0005310345441102982,2.116330623626709,0.05325734615325928,,,,,,,,,,,,,,,
,5.795644650050203e-06,9309,,,,,,,,,,,,,,,,,,,,,,,,,,,,,,
13,,9309,0.048926085233688354,0.014945141039788723,0.15055987238883972,0.00044049887219443917,0.02341763861477375,0.009149315766990185,0.09025812149047852,0.0030837885569781065,0.0416485071182251,0.0261131152510643,0.11165871471166611,0.20103150606155396,0.0007183589041233063,2.157708168029785,0.06762994825839996,,,,,,,,,,,,,,,
,5.691848913500064e-06,9319,,,,,,,,,,,,,,,,,,,,,,,,,,,,,,
13,,9319,0.026060212403535843,0.024956947192549706,0.14423197507858276,0.0021646192763000727,0.02311616763472557,0.013139544986188412,0.09808298945426941,0.0033474499359726906,0.03594186529517174,0.01668279618024826,0.09487175941467285,0.1826184242963791,0.00014518731040880084,2.168442726135254,0.054634977132081985,,,,,,,,,,,,,,,
,5.588963816095427e-06,9329,,,,,,,,,,,,,,,,,,,,,,,,,,,,,,
13,,9329,0.03146610036492348,0.009100208058953285,0.14135953783988953,0.0005860972451046109,0.01891409233212471,0.007011428941041231,0.0727066919207573,0.004230544902384281,0.040486834943294525,0.017201445996761322,0.10297484695911407,0.17118129134178162,0.0001388315431540832,2.163449764251709,0.0479063056409359,,,,,,,,,,,,,,,
,5.48699035129443e-06,9339,,,,,,,,,,,,,,,,,,,,,,,,,,,,,,
13,,9339,0.034385308623313904,0.020086171105504036,0.17515726387500763,0.0009183217771351337,0.023779818788170815,0.0038935900665819645,0.11419854313135147,0.006664121523499489,0.0645357295870781,0.02743265964090824,0.11294504255056381,0.2305237054824829,0.00047909608110785484,2.125593900680542,0.05668942257761955,,,,,,,,,,,,,,,
,5.385929503752418e-06,9349,,,,,,,,,,,,,,,,,,,,,,,,,,,,,,
13,,9349,0.02143213152885437,0.03460928052663803,0.18173949420452118,0.0006921683088876307,0.021418588235974312,0.007930025458335876,0.1194683164358139,0.001673488412052393,0.024798443540930748,0.022855889052152634,0.11660824716091156,0.19002993404865265,0.0017505147261545062,2.168975353240967,0.05365636199712753,,,,,,,,,,,,,,,
,5.285782249312565e-06,9359,,,,,,,,,,,,,,,,,,,,,,,,,,,,,,
13,,9359,0.024685082957148552,0.0064616333693265915,0.10544086247682571,0.0012681620428338647,0.013411578722298145,0.004509149584919214,0.06749667972326279,0.0044846851378679276,0.031266987323760986,0.013256339356303215,0.07922474294900894,0.14125998318195343,8.204578625736758e-05,2.162184476852417,0.05761202424764633,,,,,,,,,,,,,,,
,5.186549554996401e-06,9369,,,,,,,,,,,,,,,,,,,,,,,,,,,,,,
13,,9369,0.03376218304038048,0.010216837748885155,0.1718972623348236,0.0009572712006047368,0.022011427208781242,0.005659646820276976,0.07794319838285446,0.004620606545358896,0.050392355769872665,0.03343229368329048,0.11793876439332962,0.20228725671768188,8.129738125717267e-05,2.1038501262664795,0.057592153549194336,,,,,,,,,,,,,,,
,5.088232378994396e-06,9379,,,,,,,,,,,,,,,,,,,,,,,,,,,,,,
13,,9379,0.02196906879544258,0.011849377304315567,0.09954898059368134,9.929437510436401e-05,0.025439206510782242,0.003978744149208069,0.060414887964725494,0.0017354644369333982,0.018273495137691498,0.02348880097270012,0.08617721498012543,0.12249477207660675,0.00019591419550124556,2.1207056045532227,0.041299909353256226,,,,,,,,,,,,,,,
,4.990831670656848e-06,9389,,,,,,,,,,,,,,,,,,,,,,,,,,,,,,
13,,9389,0.027889559045433998,0.02558721788227558,0.18297085165977478,0.0009392391075380147,0.023257341235876083,0.004387303255498409,0.11558327078819275,0.006903086788952351,0.051580265164375305,0.035568371415138245,0.13126598298549652,0.2314445823431015,0.001009890460409224,2.0989654064178467,0.07816315442323685,,,,,,,,,,,,,,,
,4.8943483704846475e-06,9399,,,,,,,,,,,,,,,,,,,,,,,,,,,,,,
13,,9399,0.021825533360242844,0.008643100038170815,0.13174062967300415,0.0014744384679943323,0.017762189731001854,0.002972285496070981,0.061120592057704926,0.004194657783955336,0.037522800266742706,0.021938752382993698,0.10141237080097198,0.15606200695037842,0.0004410006513353437,2.1328940391540527,0.04585595428943634,,,,,,,,,,,,,,,
,4.798783410120122e-06,9409,,,,,,,,,,,,,,,,,,,,,,,,,,,,,,
13,,9409,0.028456462547183037,0.01062687672674656,0.11140243709087372,0.0016381529858335853,0.01748771034181118,0.005036485381424427,0.06613840162754059,0.003646999364718795,0.03239242732524872,0.028876053169369698,0.09730488061904907,0.15023142099380493,0.00010832327097887173,2.126476764678955,0.04442879557609558,,,,,,,,,,,,,,,
,4.704137712338208e-06,9419,,,,,,,,,,,,,,,,,,,,,,,,,,,,,,
13,,9419,0.0457569919526577,0.015739979222416878,0.14173950254917145,0.0013288039481267333,0.041771065443754196,0.0069916886277496815,0.0893709734082222,0.010372798889875412,0.06825793534517288,0.05187379941344261,0.11750362813472748,0.24697698652744293,0.003453497774899006,2.1578176021575928,0.08101482689380646,,,,,,,,,,,,,,,
,4.610412191037372e-06,9429,,,,,,,,,,,,,,,,,,,,,,,,,,,,,,
13,,9429,0.05178380757570267,0.021588731557130814,0.19024993479251862,0.00355111388489604,0.022374890744686127,0.010397001169621944,0.10665624588727951,0.005752008408308029,0.04425906017422676,0.029291704297065735,0.09387484192848206,0.2239176481962204,0.00030345722916536033,2.1548960208892822,0.05941544473171234,,,,,,,,,,,,,,,
,4.51760775123089e-06,9439,,,,,,,,,,,,,,,,,,,,,,,,,,,,,,
13,,9439,0.017298832535743713,0.010400498285889626,0.1245427280664444,0.00011196251580258831,0.01724899560213089,0.0053932019509375095,0.058765050023794174,0.0007595366332679987,0.010645941831171513,0.01934819482266903,0.08954433351755142,0.11871498823165894,0.0004290018114261329,2.1382789611816406,0.046949662268161774,,,,,,,,,,,,,,,
,4.4257252890381076e-06,9449,,,,,,,,,,,,,,,,,,,,,,,,,,,,,,
13,,9449,0.03860308229923248,0.017404897138476372,0.20299352705478668,0.0006375149241648614,0.018596729263663292,0.008721505291759968,0.11080458760261536,0.0019496475579217076,0.022654876112937927,0.027707617729902267,0.1172531470656395,0.1897452175617218,0.00027730176225304604,2.114126205444336,0.042488228529691696,,,,,,,,,,,,,,,
,4.33476569167568e-06,9459,,,,,,,,,,,,,,,,,,,,,,,,,,,,,,
13,,9459,0.0214843712747097,0.05515875667333603,0.24411168694496155,0.0009711356251500547,0.024050913751125336,0.007307772990316153,0.1589810848236084,0.0025364637840539217,0.0318535678088665,0.025980254635214806,0.11680317670106888,0.2415996938943863,0.0007785572670400143,2.1391639709472656,0.07583732157945633,,,,,,,,,,,,,,,
,4.244729837449157e-06,9469,,,,,,,,,,,,,,,,,,,,,,,,,,,,,,
13,,9469,0.02556806430220604,0.010893575847148895,0.15791893005371094,0.0002708239189814776,0.027028024196624756,0.002901590894907713,0.08666455000638962,0.00524479616433382,0.04110405594110489,0.05091547220945358,0.14884884655475616,0.20384299755096436,0.00029168062610551715,2.1524009704589844,0.08377823233604431,,,,,,,,,,,,,,,
,4.155618595744415e-06,9479,,,,,,,,,,,,,,,,,,,,,,,,,,,,,,
13,,9479,0.045111820101737976,0.00978048238903284,0.1404096782207489,0.0025619419757276773,0.022427620366215706,0.008560102432966232,0.09182864427566528,0.008014419116079807,0.06356097757816315,0.03255274519324303,0.10167013853788376,0.21810849010944366,0.002913775620982051,2.1182589530944824,0.04801762476563454,,,,,,,,,,,,,,,
,4.067432827019235e-06,9489,,,,,,,,,,,,,,,,,,,,,,,,,,,,,,
13,,9489,0.02160578779876232,0.012003794312477112,0.1559048891067505,0.006069481838494539,0.035575684159994125,0.009924063459038734,0.10011938214302063,0.004297832027077675,0.040293626487255096,0.03096640482544899,0.12782621383666992,0.2036413699388504,0.00019652428454719484,2.1292901039123535,0.071040078997612,,,,,,,,,,,,,,,
,3.9801733827950715e-06,9499,,,,,,,,,,,,,,,,,,,,,,,,,,,,,,
13,,9499,0.03928275778889656,0.022755227982997894,0.18851132690906525,0.00045561030856333673,0.024280311539769173,0.0020056022331118584,0.13670894503593445,0.0054897586815059185,0.04780599847435951,0.026033548638224602,0.11402431130409241,0.2247113287448883,0.0005315489834174514,2.159000873565674,0.057238418608903885,,,,,,,,,,,,,,,
,3.893841105648799e-06,9509,,,,,,,,,,,,,,,,,,,,,,,,,,,,,,
13,,9509,0.021921660751104355,0.031113140285015106,0.1773224174976349,0.000743979646358639,0.021424267441034317,0.012205368839204311,0.11800627410411835,0.006803140975534916,0.04185320809483528,0.03193705156445503,0.11925633996725082,0.21101266145706177,0.0002782387600746006,2.124810218811035,0.050430409610271454,,,,,,,,,,,,,,,
,3.8084368292045313e-06,9519,,,,,,,,,,,,,,,,,,,,,,,,,,,,,,
13,,9519,0.02996283583343029,0.008651808835566044,0.1304585337638855,0.0006796777015551925,0.01966814324259758,0.0035213311202824116,0.07310181111097336,0.0031407144851982594,0.030546480789780617,0.02210940793156624,0.1245175376534462,0.1609695553779602,0.0006728427251800895,2.136401653289795,0.050590209662914276,,,,,,,,,,,,,,,
,3.723961378125651e-06,9529,,,,,,,,,,,,,,,,,,,,,,,,,,,,,,
13,,9529,0.05286378413438797,0.018916549161076546,0.130270317196846,0.0006340867839753628,0.03289610892534256,0.010839242488145828,0.08420058339834213,0.005460046231746674,0.09937966614961624,0.03403737023472786,0.11246629804372787,0.2618876099586487,0.00016377739666495472,2.1349661350250244,0.06959254294633865,,,,,,,,,,,,,,,
,3.640415568106792e-06,9539,,,,,,,,,,,,,,,,,,,,,,,,,,,,,,
13,,9539,0.0205989982932806,0.017834298312664032,0.12719197571277618,0.0019537555053830147,0.014368504285812378,0.004418408032506704,0.08991269767284393,0.004393929149955511,0.021550947800278664,0.015252193436026573,0.06461074948310852,0.1424475908279419,0.005265896208584309,2.1586360931396484,0.034009240567684174,,,,,,,,,,,,,,,
,3.5578002058659576e-06,9549,,,,,,,,,,,,,,,,,,,,,,,,,,,,,,
13,,9549,0.03418462350964546,0.038829222321510315,0.1347019076347351,0.003700467525050044,0.016521399840712547,0.003295630682259798,0.10943354666233063,0.0038819112814962864,0.03985954076051712,0.035004861652851105,0.0964960977435112,0.19308897852897644,0.0030134462285786867,2.1227915287017822,0.03970842808485031,,,,,,,,,,,,,,,
,3.4761160891367826e-06,9559,,,,,,,,,,,,,,,,,,,,,,,,,,,,,,
13,,9559,0.028876977041363716,0.02855590358376503,0.24835653603076935,0.0008207149221561849,0.02775762975215912,0.010014202445745468,0.13198892772197723,0.0036677541211247444,0.05024551972746849,0.02495417557656765,0.12620382010936737,0.2498667985200882,0.0011582752922549844,2.1531155109405518,0.06559692323207855,,,,,,,,,,,,,,,
,3.3953640066607838e-06,9569,,,,,,,,,,,,,,,,,,,,,,,,,,,,,,
13,,9569,0.03031427040696144,0.020530737936496735,0.1780274212360382,0.0007629413157701492,0.02204301953315735,0.0171817597001791,0.09641440957784653,0.006325247697532177,0.035149190574884415,0.031124040484428406,0.12404868751764297,0.21213370561599731,0.0020142006687819958,2.149848222732544,0.07806961238384247,,,,,,,,,,,,,,,
,3.3155447381797545e-06,9579,,,,,,,,,,,,,,,,,,,,,,,,,,,,,,
13,,9579,0.04306310787796974,0.01225421205163002,0.09675678610801697,0.002741944044828415,0.02170979417860508,0.010729817673563957,0.10394325852394104,0.00657447287812829,0.10932255536317825,0.03877866640686989,0.102170929312706,0.25491103529930115,0.0016407824587076902,2.1189582347869873,0.053806181997060776,,,,,,,,,,,,,,,
,3.236659054428248e-06,9589,,,,,,,,,,,,,,,,,,,,,,,,,,,,,,
13,,9589,0.020448746159672737,0.02578985132277012,0.15067028999328613,0.0004990006564185023,0.019878385588526726,0.004941650200635195,0.11034201085567474,0.00843697227537632,0.0822230875492096,0.032419923692941666,0.11923018097877502,0.2366040199995041,0.0010035407030954957,2.1463537216186523,0.04988360404968262,,,,,,,,,,,,,,,
,3.1587077171261413e-06,9599,,,,,,,,,,,,,,,,,,,,,,,,,,,,,,
13,,9599,0.03669722378253937,0.022553330287337303,0.16143842041492462,0.0004376471333671361,0.018455887213349342,0.004352130927145481,0.10960166901350021,0.005505682900547981,0.041371338069438934,0.03020501509308815,0.09972403198480606,0.19389291107654572,0.00020481020328588784,2.1226582527160645,0.03968656435608864,,,,,,,,,,,,,,,
,3.081691478971216e-06,9609,,,,,,,,,,,,,,,,,,,,,,,,,,,,,,
13,,9609,0.027684373781085014,0.01673792488873005,0.19492222368717194,0.0003556941810529679,0.04009014368057251,0.0045109898783266544,0.11550847440958023,0.007073840592056513,0.10515601933002472,0.037409115582704544,0.13555118441581726,0.2962103486061096,0.00035510314046405256,2.124765634536743,0.10126296430826187,,,,,,,,,,,,,,,
,3.005611083631987e-06,9619,,,,,,,,,,,,,,,,,,,,,,,,,,,,,,
13,,9619,0.02573593519628048,0.03497248515486717,0.18052086234092712,0.0003640582144726068,0.027631506323814392,0.00588484201580286,0.12467136234045029,0.0039281295612454414,0.04477979242801666,0.023765966296195984,0.11900549381971359,0.21653293073177338,0.0003463301109150052,2.138901472091675,0.05905746668577194,,,,,,,,,,,,,,,
,2.9304672657404774e-06,9629,,,,,,,,,,,,,,,,,,,,,,,,,,,,,,
13,,9629,0.01804201677441597,0.01451520062983036,0.1829599142074585,0.0007025440572760999,0.026676898822188377,0.0065230256877839565,0.10599717497825623,0.006695929449051619,0.02898831106722355,0.037982597947120667,0.10811801999807358,0.1871989667415619,0.0012357613304629922,2.1497015953063965,0.05370115116238594,,,,,,,,,,,,,,,
,2.856260750885087e-06,9639,,,,,,,,,,,,,,,,,,,,,,,,,,,,,,
13,,9639,0.0370023213326931,0.010507326573133469,0.12130200862884521,0.0023649141658097506,0.017275946214795113,0.006096899509429932,0.06864767521619797,0.005998079665005207,0.05745565518736839,0.038195010274648666,0.1012234166264534,0.1865987479686737,0.0011649983935058117,2.0945119857788086,0.03339033201336861,,,,,,,,,,,,,,,
,2.7829922556036446e-06,9649,,,,,,,,,,,,,,,,,,,,,,,,,,,,,,
13,,9649,0.03617659956216812,0.01584463194012642,0.17355358600616455,0.0013493846636265516,0.0318189337849617,0.0073754447512328625,0.11969836801290512,0.005078770220279694,0.07083504647016525,0.031335823237895966,0.117751844227314,0.25024035573005676,0.00450738612562418,2.1438097953796387,0.07386578619480133,,,,,,,,,,,,,,,
,2.7106624873764474e-06,9659,,,,,,,,,,,,,,,,,,,,,,,,,,,,,,
13,,9659,0.018653899431228638,0.02357144095003605,0.1930234730243683,0.0018610312836244702,0.025445887818932533,0.006201741751283407,0.08728216588497162,0.001287612714804709,0.02309415489435196,0.027858946472406387,0.11377190053462982,0.18241292238235474,0.000327055313391611,2.1022040843963623,0.06988131999969482,,,,,,,,,,,,,,,
,2.6392721446194645e-06,9669,,,,,,,,,,,,,,,,,,,,,,,,,,,,,,
13,,9669,0.02996952086687088,0.014422746375203133,0.17128349840641022,0.0014899872476235032,0.02476411499083042,0.011768627911806107,0.0889010801911354,0.005908201914280653,0.06278684735298157,0.019216449931263924,0.12893721461296082,0.22309626638889313,0.0020147289615124464,2.1282777786254883,0.052623555064201355,,,,,,,,,,,,,,,
,2.5688219166775884e-06,9679,,,,,,,,,,,,,,,,,,,,,,,,,,,,,,
13,,9679,0.0650215893983841,0.014985422603785992,0.13301758468151093,0.0003194113669451326,0.03182695433497429,0.007856596261262894,0.08205830305814743,0.00501546636223793,0.11891540139913559,0.042196229100227356,0.1097857877612114,0.2862095236778259,0.0002338912890991196,2.1198477745056152,0.07542967796325684,,,,,,,,,,,,,,,
,2.499312483817928e-06,9689,,,,,,,,,,,,,,,,,,,,,,,,,,,,,,
13,,9689,0.0227174274623394,0.019035890698432922,0.1788964569568634,0.001271979883313179,0.025065885856747627,0.0037719907704740763,0.12905669212341309,0.007184693589806557,0.06792429089546204,0.02346034348011017,0.12139955908060074,0.23364661633968353,0.0012118971208110452,2.1399412155151367,0.050653815269470215,,,,,,,,,,,,,,,
,2.430744517223327e-06,9699,,,,,,,,,,,,,,,,,,,,,,,,,,,,,,
13,,9699,0.02279732935130596,0.032846659421920776,0.15935473144054413,0.0009832939831539989,0.01517095323652029,0.01380398590117693,0.11312083899974823,0.0046165576204657555,0.028549455106258392,0.025477837771177292,0.10038940608501434,0.18248634040355682,0.0016679050168022513,2.141709804534912,0.038169629871845245,,,,,,,,,,,,,,,
,2.3631186789857986e-06,9709,,,,,,,,,,,,,,,,,,,,,,,,,,,,,,
13,,9709,0.023744316771626472,0.01912720687687397,0.17542797327041626,0.0011414350010454655,0.027912599965929985,0.005520499777048826,0.1115386039018631,0.0066601186990737915,0.03722909092903137,0.0490742102265358,0.12419625371694565,0.20803751051425934,0.0017808658303692937,2.1521565914154053,0.0641704648733139,,,,,,,,,,,,,,,
,2.296435622100157e-06,9719,,,,,,,,,,,,,,,,,,,,,,,,,,,,,,
13,,9719,0.04812784492969513,0.014268528670072556,0.1515229195356369,0.0048835608176887035,0.02482452429831028,0.009410246275365353,0.12082608044147491,0.0033143158070743084,0.058781836181879044,0.027249474078416824,0.10461144894361496,0.22697429358959198,0.001200694008730352,2.155742645263672,0.058127328753471375,,,,,,,,,,,,,,,
,2.230695990457765e-06,9729,,,,,,,,,,,,,,,,,,,,,,,,,,,,,,
13,,9729,0.041608650237321854,0.011920957826077938,0.17212262749671936,0.00032652588561177254,0.024096425622701645,0.012871054001152515,0.09567078202962875,0.006578304339200258,0.03468543291091919,0.024402962997555733,0.08820850402116776,0.19153548777103424,0.0010893148137256503,2.1509461402893066,0.04655637592077255,,,,,,,,,,,,,,,
13,,9729,,,,,,,,,,,,,,,,0.17386971414089203,0.04340347647666931,0.3019644618034363,0.009810931980609894,0.0841156616806984,0.00138812605291605,0.185244619846344,0.018549825996160507,0.1956523358821869,0.0816158726811409,0.21769404411315918,0.6021811962127686,0.011120779439806938,2.1150317192077637,0.16115449368953705
,2.16590041884025e-06,9739,,,,,,,,,,,,,,,,,,,,,,,,,,,,,,
14,,9739,0.03669015318155289,0.035899799317121506,0.16834880411624908,0.0002864145499188453,0.021788882091641426,0.012604138813912868,0.12850593030452728,0.005583877209573984,0.07828165590763092,0.02052248828113079,0.10749100893735886,0.25695374608039856,0.0028655417263507843,2.135234832763672,0.06091424450278282,,,,,,,,,,,,,,,
,2.102049532913397e-06,9749,,,,,,,,,,,,,,,,,,,,,,,,,,,,,,
14,,9749,0.05541294813156128,0.02044643834233284,0.15954430401325226,0.0013477046741172671,0.026795051991939545,0.005252043250948191,0.10473673045635223,0.003350759157910943,0.05647585541009903,0.047220852226018906,0.1196729764342308,0.2298886477947235,0.0003425465547479689,2.1081440448760986,0.06032249704003334,,,,,,,,,,,,,,,
,2.039143949221134e-06,9759,,,,,,,,,,,,,,,,,,,,,,,,,,,,,,
14,,9759,0.03937660530209541,0.03457968682050705,0.1520414799451828,0.0013416123110800982,0.016541382297873497,0.00457060057669878,0.12876713275909424,0.010449440218508244,0.058979958295822144,0.039323873817920685,0.11336545646190643,0.23381559550762177,0.0013510562712326646,2.1477255821228027,0.051256030797958374,,,,,,,,,,,,,,,
,1.9771842751795e-06,9769,,,,,,,,,,,,,,,,,,,,,,,,,,,,,,
14,,9769,0.04602199047803879,0.013003918342292309,0.17373700439929962,0.0009792217751964927,0.02420465461909771,0.006714056711643934,0.07617094367742538,0.00251602241769433,0.03462405875325203,0.022916032001376152,0.12263725697994232,0.1984492838382721,0.00021359988022595644,2.1298611164093018,0.07788987457752228,,,,,,,,,,,,,,,
,1.9161711090709078e-06,9779,,,,,,,,,,,,,,,,,,,,,,,,,,,,,,
14,,9779,0.016935748979449272,0.025936273857951164,0.18350952863693237,0.0006388415349647403,0.02033783681690693,0.012274397537112236,0.11436145752668381,0.003407662734389305,0.031481899321079254,0.03134459629654884,0.11435215175151825,0.19369922578334808,0.0011115709785372019,2.1193132400512695,0.05259960517287254,,,,,,,,,,,,,,,
,1.8561050400382363e-06,9789,,,,,,,,,,,,,,,,,,,,,,,,,,,,,,
14,,9789,0.052576590329408646,0.010733801871538162,0.10866672545671463,0.0009682256495580077,0.02308620698750019,0.007773812394589186,0.07866966724395752,0.0071895914152264595,0.07821964472532272,0.04113765060901642,0.0966726541519165,0.22100645303726196,0.0004123230173718184,2.136713743209839,0.054012563079595566,,,,,,,,,,,,,,,
,1.7969866480792242e-06,9799,,,,,,,,,,,,,,,,,,,,,,,,,,,,,,
14,,9799,0.026056401431560516,0.016253912821412086,0.16371816396713257,0.0006619667401537299,0.019360780715942383,0.009815786965191364,0.09206008911132812,0.003242070320993662,0.027776774019002914,0.028231624513864517,0.10529831051826477,0.17739450931549072,0.0012040614383295178,2.1334993839263916,0.05935634672641754,,,,,,,,,,,,,,,
,1.7388165040408299e-06,9809,,,,,,,,,,,,,,,,,,,,,,,,,,,,,,
14,,9809,0.03064837120473385,0.020960798487067223,0.1592068374156952,0.0005778881022706628,0.019649703055620193,0.01283961534500122,0.10120074450969696,0.007472408469766378,0.05056758597493172,0.02151395007967949,0.1156233549118042,0.21084176003932953,0.00023776388843543828,2.1027112007141113,0.058437906205654144,,,,,,,,,,,,,,,
,1.6815951696137477e-06,9819,,,,,,,,,,,,,,,,,,,,,,,,,,,,,,
14,,9819,0.03925217688083649,0.008791574276983738,0.11732937395572662,0.0003532123228069395,0.02697564661502838,0.013311623595654964,0.08354561775922775,0.008327307179570198,0.07916958630084991,0.022487517446279526,0.09775503724813461,0.22127407789230347,0.0024837679229676723,2.1186811923980713,0.05129467323422432,,,,,,,,,,,,,,,
,1.6253231973269667e-06,9829,,,,,,,,,,,,,,,,,,,,,,,,,,,,,,
14,,9829,0.022092139348387718,0.023785660043358803,0.20788897573947906,0.0007065795944072306,0.021833116188645363,0.006547428667545319,0.09476477652788162,0.007461595349013805,0.04732305184006691,0.022450122982263565,0.11144648492336273,0.2137109935283661,0.0017935418291017413,2.1353330612182617,0.05139734596014023,,,,,,,,,,,,,,,
,1.57000113054242e-06,9839,,,,,,,,,,,,,,,,,,,,,,,,,,,,,,
14,,9839,0.04250752925872803,0.013076426461338997,0.2018587738275528,0.0006217412301339209,0.027700070291757584,0.013188578188419342,0.1205686703324318,0.004784741904586554,0.07309722155332565,0.028643351048231125,0.15346312522888184,0.27047157287597656,0.0014015644555911422,2.1128714084625244,0.08291252702474594,,,,,,,,,,,,,,,
,1.5156295034498002e-06,9849,,,,,,,,,,,,,,,,,,,,,,,,,,,,,,
14,,9849,0.05568181723356247,0.01769326440989971,0.16772595047950745,0.000583976274356246,0.026171332225203514,0.005530910566449165,0.08337077498435974,0.0019432151457294822,0.042101647704839706,0.0382273904979229,0.11172892153263092,0.21345454454421997,0.00031211492023430765,2.1321403980255127,0.08348896354436874,,,,,,,,,,,,,,,
,1.4622088410613078e-06,9859,,,,,,,,,,,,,,,,,,,,,,,,,,,,,,
14,,9859,0.028121577575802803,0.03341881185770035,0.15993940830230713,0.0004908321425318718,0.02807525172829628,0.009208031930029392,0.10985241085290909,0.006573275662958622,0.07502023875713348,0.04289696365594864,0.11527325212955475,0.24780133366584778,0.0012359579559415579,2.154270648956299,0.0683191791176796,,,,,,,,,,,,,,,
,1.4097396592066547e-06,9869,,,,,,,,,,,,,,,,,,,,,,,,,,,,,,
14,,9869,0.019402777776122093,0.023651139810681343,0.15904037654399872,0.0004004437942057848,0.017299922183156013,0.007833755575120449,0.09362576901912689,0.0040156040340662,0.03512658551335335,0.02033647708594799,0.11547086387872696,0.17950421571731567,0.0006875044200569391,2.1426334381103516,0.04869052395224571,,,,,,,,,,,,,,,
,1.3582224645280805e-06,9879,,,,,,,,,,,,,,,,,,,,,,,,,,,,,,
14,,9879,0.03369343653321266,0.03149786219000816,0.12340883165597916,0.0002143665769835934,0.012324620969593525,0.010453559458255768,0.1162446141242981,0.006835693959146738,0.0521588958799839,0.022152427583932877,0.10309319943189621,0.20009513199329376,0.0013208872405812144,2.1322062015533447,0.0392872579395771,,,,,,,,,,,,,,,
,1.3076577544753888e-06,9889,,,,,,,,,,,,,,,,,,,,,,,,,,,,,,
14,,9889,0.04197605326771736,0.012858903035521507,0.18144525587558746,0.000798532972112298,0.03104940988123417,0.007916157133877277,0.11595282703638077,0.006695431657135487,0.08731333166360855,0.01918102614581585,0.11726368963718414,0.267487108707428,0.00083106046076864,2.1119067668914795,0.08081677556037903,,,,,,,,,,,,,,,
,1.2580460173012509e-06,9899,,,,,,,,,,,,,,,,,,,,,,,,,,,,,,
14,,9899,0.03730660676956177,0.01872071996331215,0.18220198154449463,0.0006809632177464664,0.027911759912967682,0.007819239050149918,0.0956011638045311,0.004144757054746151,0.07496377825737,0.040659382939338684,0.1381097137928009,0.249005988240242,0.00018616618763189763,2.13851261138916,0.06573144346475601,,,,,,,,,,,,,,,
,1.2093877320563995e-06,9909,,,,,,,,,,,,,,,,,,,,,,,,,,,,,,
14,,9909,0.06738708913326263,0.014210673049092293,0.16601401567459106,0.0010713966330513358,0.04087400063872337,0.014544078148901463,0.10963691025972366,0.007404795847833157,0.10240315645933151,0.042617905884981155,0.11048464477062225,0.29737621545791626,0.0016496567986905575,2.140890598297119,0.07425261288881302,,,,,,,,,,,,,,,
,1.1616833685850538e-06,9919,,,,,,,,,,,,,,,,,,,,,,,,,,,,,,
14,,9919,0.030226288363337517,0.011406458914279938,0.09011711180210114,0.000436983274994418,0.013236835598945618,0.005209269002079964,0.0669269785284996,0.0037947569508105516,0.041562050580978394,0.03218166530132294,0.07514546811580658,0.14764392375946045,0.0034678704105317593,2.126546621322632,0.0305649284273386,,,,,,,,,,,,,,,
,1.114933387520356e-06,9929,,,,,,,,,,,,,,,,,,,,,,,,,,,,,,
14,,9929,0.012774335220456123,0.015007229521870613,0.1563040316104889,0.0006352121126838028,0.01786048710346222,0.002139237942174077,0.0983668640255928,0.0028456058353185654,0.04535211622714996,0.02119627222418785,0.10760194063186646,0.1751372069120407,0.00012948759831488132,2.175692081451416,0.04022403433918953,,,,,,,,,,,,,,,
,1.0691382402799654e-06,9939,,,,,,,,,,,,,,,,,,,,,,,,,,,,,,
14,,9939,0.011468012817203999,0.022723237052559853,0.20584599673748016,0.0011916825314983726,0.024589255452156067,0.005569423083215952,0.11580124497413635,0.005008294712752104,0.022509369999170303,0.03326046094298363,0.11476846784353256,0.20089983940124512,0.01146561186760664,2.120535135269165,0.06107565388083458,,,,,,,,,,,,,,,
,1.024298369061616e-06,9949,,,,,,,,,,,,,,,,,,,,,,,,,,,,,,
14,,9949,0.073232501745224,0.015024080872535706,0.18304087221622467,0.00021631851268466562,0.042935967445373535,0.010987312532961369,0.12659676373004913,0.004920353181660175,0.16219069063663483,0.042180873453617096,0.11520698666572571,0.36632809042930603,0.0004963172832503915,2.1218209266662598,0.079069584608078,,,,,,,,,,,,,,,
,9.804142068389754e-07,9959,,,,,,,,,,,,,,,,,,,,,,,,,,,,,,
14,,9959,0.053206562995910645,0.011935476213693619,0.11140594631433487,0.0010708366753533483,0.028973065316677094,0.009248536080121994,0.10651857405900955,0.008670954965054989,0.11608430743217468,0.04383043572306633,0.09685983508825302,0.2741979658603668,0.0003700487723108381,2.139575958251953,0.06252942979335785,,,,,,,,,,,,,,,
,9.374861773573051e-07,9969,,,,,,,,,,,,,,,,,,,,,,,,,,,,,,
14,,9969,0.02646835520863533,0.019344665110111237,0.15580593049526215,0.000701918441336602,0.03171064332127571,0.006301595829427242,0.0916653573513031,0.006198174320161343,0.027800610288977623,0.039910756051540375,0.12601187825202942,0.19183149933815002,0.00020810113346669823,2.134122610092163,0.08008364588022232,,,,,,,,,,,,,,,
,8.955146951295068e-07,9979,,,,,,,,,,,,,,,,,,,,,,,,,,,,,,
14,,9979,0.030953144654631615,0.06905500590801239,0.2809523940086365,0.002730431966483593,0.033115554600954056,0.009747659787535667,0.17713747918605804,0.002833818318322301,0.037171509116888046,0.027817411348223686,0.16644982993602753,0.29030102491378784,0.0005552225629799068,2.131641149520874,0.08242034167051315,,,,,,,,,,,,,,,
,8.545001654320706e-07,9989,,,,,,,,,,,,,,,,,,,,,,,,,,,,,,
14,,9989,0.016746865585446358,0.00846080482006073,0.11056919395923615,0.00027692175353877246,0.022008517757058144,0.0033194771967828274,0.06367123872041702,0.0052800350822508335,0.05176903307437897,0.026074813678860664,0.10799574106931686,0.16807547211647034,9.155558655038476e-05,2.142977714538574,0.05713126063346863,,,,,,,,,,,,,,,
,8.144429843011115e-07,9999,,,,,,,,,,,,,,,,,,,,,,,,,,,,,,
14,,9999,0.02757955901324749,0.014062571339309216,0.15201102197170258,0.0016218156088143587,0.02364114485681057,0.010133661329746246,0.10279563814401627,0.007372758351266384,0.042289383709430695,0.04441402480006218,0.13238702714443207,0.20988141000270844,0.001461475738324225,2.1199443340301514,0.07434108108282089,,,,,,,,,,,,,,,
,7.753435385286278e-07,10009,,,,,,,,,,,,,,,,,,,,,,,,,,,,,,
14,,10009,0.03475155308842659,0.01373607013374567,0.17023658752441406,0.003743457840755582,0.03199346363544464,0.006168745458126068,0.14224857091903687,0.0045399414375424385,0.06676920503377914,0.040877990424633026,0.12214721739292145,0.2478989064693451,0.0018717336934059858,2.1260218620300293,0.06609126925468445,,,,,,,,,,,,,,,
,7.372022056587158e-07,10019,,,,,,,,,,,,,,,,,,,,,,,,,,,,,,
14,,10019,0.03024238720536232,0.012146998196840286,0.11650076508522034,0.0007007347303442657,0.014706957153975964,0.010804916732013226,0.08057277649641037,0.006291180849075317,0.044813044369220734,0.03598985821008682,0.08097191900014877,0.16864421963691711,0.0011994714150205255,2.1324379444122314,0.03298092633485794,,,,,,,,,,,,,,,
,7.000193539839494e-07,10029,,,,,,,,,,,,,,,,,,,,,,,,,,,,,,
14,,10029,0.02346811257302761,0.009810171090066433,0.15134286880493164,0.0005277932505123317,0.019630594179034233,0.005291396286338568,0.07181408256292343,0.004882719833403826,0.0316273458302021,0.03046434558928013,0.11986064165830612,0.16815774142742157,0.0008278669556602836,2.136418342590332,0.05060792341828346,,,,,,,,,,,,,,,
,6.637953425417842e-07,10039,,,,,,,,,,,,,,,,,,,,,,,,,,,,,,
14,,10039,0.022870419546961784,0.020861513912677765,0.17765088379383087,0.003519383491948247,0.017658323049545288,0.008764069527387619,0.10896224528551102,0.0043355124071240425,0.027669990435242653,0.049751415848731995,0.1254347264766693,0.19273313879966736,0.0006554253050126135,2.127049207687378,0.04963640496134758,,,,,,,,,,,,,,,
,6.285305211111592e-07,10049,,,,,,,,,,,,,,,,,,,,,,,,,,,,,,
14,,10049,0.04302696883678436,0.010671325959265232,0.12395846098661423,0.000905862427316606,0.03238646686077118,0.010050524957478046,0.096670001745224,0.009593088179826736,0.0995694249868393,0.037298042327165604,0.11551541090011597,0.2596433162689209,0.00013642289559356868,2.105548143386841,0.06827271729707718,,,,,,,,,,,,,,,
,5.942252302090334e-07,10059,,,,,,,,,,,,,,,,,,,,,,,,,,,,,,
14,,10059,0.0271914005279541,0.011956756934523582,0.15989187359809875,0.0003206328547094017,0.021779701113700867,0.007761927787214518,0.06701362878084183,0.0032167432364076376,0.03888890892267227,0.03997877985239029,0.11831826716661453,0.18160806596279144,0.0005972999497316778,2.150508165359497,0.054995812475681305,,,,,,,,,,,,,,,
,5.608798010871774e-07,10069,,,,,,,,,,,,,,,,,,,,,,,,,,,,,,
14,,10069,0.03171922266483307,0.021881544962525368,0.16533075273036957,0.0006941392784938216,0.017300091683864594,0.0047691622748970985,0.10695454478263855,0.0048712436109781265,0.04527007043361664,0.04062860086560249,0.10381339490413666,0.20525021851062775,0.0025127888657152653,2.158973455429077,0.05795108526945114,,,,,,,,,,,,,,,
,5.284945557289201e-07,10079,,,,,,,,,,,,,,,,,,,,,,,,,,,,,,
14,,10079,0.05665989965200424,0.010393775999546051,0.13836120069026947,5.553972005145624e-05,0.035133492201566696,0.00538972532376647,0.1021820455789566,0.001573875779286027,0.1582535356283188,0.027887167409062386,0.11532197147607803,0.3237900733947754,0.0034810660872608423,2.0913379192352295,0.07386328279972076,,,,,,,,,,,,,,,
,4.970698068460733e-07,10089,,,,,,,,,,,,,,,,,,,,,,,,,,,,,,
14,,10089,0.027068719267845154,0.04327389970421791,0.22374333441257477,0.0011842652456834912,0.03103874810039997,0.0033629268873482943,0.14131957292556763,0.0037081039045006037,0.031991686671972275,0.03919881954789162,0.1281244307756424,0.23611418902873993,0.00038824844523333013,2.1425440311431885,0.081997349858284,,,,,,,,,,,,,,,
,4.6660585787587916e-07,10099,,,,,,,,,,,,,,,,,,,,,,,,,,,,,,
14,,10099,0.06555598229169846,0.00615214416757226,0.11709622293710709,0.0003066460485570133,0.020816614851355553,0.016483671963214874,0.11198063939809799,0.0069130221381783485,0.07983754575252533,0.02066914364695549,0.0950126051902771,0.23511406779289246,0.00032415628083981574,2.113426923751831,0.04606978967785835,,,,,,,,,,,,,,,
,4.371030029781342e-07,10109,,,,,,,,,,,,,,,,,,,,,,,,,,,,,,
14,,10109,0.02302289381623268,0.020222758874297142,0.13783499598503113,0.004499318543821573,0.01896015554666519,0.00819316040724516,0.1165979877114296,0.003784077474847436,0.025830818340182304,0.04237119480967522,0.09625478833913803,0.17720799148082733,0.004846400581300259,2.120530128479004,0.04567861557006836,,,,,,,,,,,,,,,
,4.085615270322585e-07,10119,,,,,,,,,,,,,,,,,,,,,,,,,,,,,,
14,,10119,0.02283991314470768,0.008491713553667068,0.1307186335325241,0.0036059373524039984,0.028368156403303146,0.006033078767359257,0.07554499804973602,0.006962697021663189,0.06438751518726349,0.03572562709450722,0.11703291535377502,0.21143122017383575,0.005200726445764303,2.1292128562927246,0.06493952125310898,,,,,,,,,,,,,,,
,3.809817056346754e-07,10129,,,,,,,,,,,,,,,,,,,,,,,,,,,,,,
14,,10129,0.02081281505525112,0.01699252799153328,0.14766232669353485,0.0014658048748970032,0.011510387994349003,0.006421612109988928,0.09422946721315384,0.0026432275772094727,0.025685397908091545,0.034622374922037125,0.09364665299654007,0.16060173511505127,0.001421139924786985,2.148893356323242,0.047718700021505356,,,,,,,,,,,,,,,
,3.5436380509600297e-07,10139,,,,,,,,,,,,,,,,,,,,,,,,,,,,,,
14,,10139,0.024093065410852432,0.01049345638602972,0.10330164432525635,0.0005813691532239318,0.015067318454384804,0.004017937462776899,0.06335590779781342,0.007557589560747147,0.05361860617995262,0.0098813995718956,0.09166805446147919,0.16043050587177277,0.00024481333093717694,2.105055809020996,0.03254374489188194,,,,,,,,,,,,,,,
,3.287080824386002e-07,10149,,,,,,,,,,,,,,,,,,,,,,,,,,,,,,
14,,10149,0.032882802188396454,0.011151665821671486,0.1233343556523323,0.0003173770383000374,0.029418639838695526,0.010947574861347675,0.08028038591146469,0.003070737700909376,0.052767571061849594,0.035599566996097565,0.11333680897951126,0.1949390470981598,0.000829739379696548,2.1301069259643555,0.06381792575120926,,,,,,,,,,,,,,,
,3.040147853940245e-07,10159,,,,,,,,,,,,,,,,,,,,,,,,,,,,,,
14,,10159,0.06285018473863602,0.016328519210219383,0.16384418308734894,0.0008166204788722098,0.02900460548698902,0.01017946656793356,0.13746829330921173,0.007409847341477871,0.07662798464298248,0.03329559043049812,0.12287630140781403,0.26810023188591003,0.0003913203254342079,2.129547119140625,0.064890556037426,,,,,,,,,,,,,,,
,2.802841524006561e-07,10169,,,,,,,,,,,,,,,,,,,,,,,,,,,,,,
14,,10169,0.030557014048099518,0.024229833856225014,0.18083781003952026,0.0009266426786780357,0.01985027827322483,0.009289374575018883,0.12947095930576324,0.0023871799930930138,0.022901766002178192,0.028013790026307106,0.12044928967952728,0.19528348743915558,0.000177709327545017,2.1458256244659424,0.0646715983748436,,,,,,,,,,,,,,,
,2.575164126013996e-07,10179,,,,,,,,,,,,,,,,,,,,,,,,,,,,,,
14,,10179,0.09166447818279266,0.023859331384301186,0.21514804661273956,0.002982753561809659,0.06861432641744614,0.00559605285525322,0.17116062343120575,0.006251907907426357,0.33739128708839417,0.07180836796760559,0.14764271676540375,0.6170300841331482,0.009574905969202518,2.1508724689483643,0.12622426450252533,,,,,,,,,,,,,,,
,2.357117858414526e-07,10189,,,,,,,,,,,,,,,,,,,,,,,,,,,,,,
14,,10189,0.05073631554841995,0.02016042359173298,0.16351573169231415,0.0023420173674821854,0.029933147132396698,0.007115254644304514,0.10113988071680069,0.003868070663884282,0.08628886193037033,0.03671286627650261,0.10345519334077835,0.263013631105423,0.0014419227372854948,2.162771701812744,0.0802062600851059,,,,,,,,,,,,,,,
,2.1487048266622955e-07,10199,,,,,,,,,,,,,,,,,,,,,,,,,,,,,,
14,,10199,0.04339131712913513,0.01525660790503025,0.17693637311458588,0.0006161038763821125,0.02307766303420067,0.008931515738368034,0.11127271503210068,0.009189754724502563,0.052269596606492996,0.018880855292081833,0.10804377496242523,0.22371329367160797,0.00047651896602474153,2.1495494842529297,0.05929285287857056,,,,,,,,,,,,,,,
,1.9499270431924123e-07,10209,,,,,,,,,,,,,,,,,,,,,,,,,,,,,,
14,,10209,0.02906837686896324,0.013263785280287266,0.15869739651679993,0.0022091814316809177,0.01673254370689392,0.004586910828948021,0.08008871227502823,0.0066757844761013985,0.049005843698978424,0.018841249868273735,0.09573108702898026,0.18881142139434814,0.0009485729387961328,2.1084258556365967,0.04683983325958252,,,,,,,,,,,,,,,
,1.7607864274027386e-07,10219,,,,,,,,,,,,,,,,,,,,,,,,,,,,,,
14,,10219,0.03881711885333061,0.008659208193421364,0.08484602719545364,0.0005221401806920767,0.019935360178351402,0.009198274463415146,0.08058738708496094,0.00592399574816227,0.04391279071569443,0.03017050214111805,0.09049900621175766,0.16250109672546387,0.0007808908121660352,2.1340737342834473,0.035600122064352036,,,,,,,,,,,,,,,
,1.5812848056341312e-07,10229,,,,,,,,,,,,,,,,,,,,,,,,,,,,,,
14,,10229,0.037954069674015045,0.02232123538851738,0.13310471177101135,0.0010995413176715374,0.027366792783141136,0.005406633019447327,0.0929008424282074,0.008190243504941463,0.07040884345769882,0.05219046771526337,0.114768385887146,0.2273484170436859,0.00036107568303123116,2.145597457885742,0.05299766734242439,,,,,,,,,,,,,,,
,1.4114239111536752e-07,10239,,,,,,,,,,,,,,,,,,,,,,,,,,,,,,
14,,10239,0.02704089879989624,0.009455408900976181,0.1516377329826355,0.0008421834791079164,0.027966178953647614,0.006260224152356386,0.08482664078474045,0.008900579065084457,0.04111908748745918,0.033156175166368484,0.09336967766284943,0.18635423481464386,0.00144658621866256,2.1109230518341064,0.054253943264484406,,,,,,,,,,,,,,,
,1.2512053841373662e-07,10249,,,,,,,,,,,,,,,,,,,,,,,,,,,,,,
14,,10249,0.03248352184891701,0.017815779894590378,0.1772572547197342,0.002229653997346759,0.03574022278189659,0.006589312572032213,0.10732163488864899,0.007379827089607716,0.06364951282739639,0.043813955038785934,0.13351720571517944,0.24815362691879272,0.00029620493296533823,2.1462454795837402,0.08572496473789215,,,,,,,,,,,,,,,
,1.100630771654787e-07,10259,,,,,,,,,,,,,,,,,,,,,,,,,,,,,,
14,,10259,0.04101170226931572,0.012018557637929916,0.1261005401611328,0.002769757527858019,0.02681346796452999,0.010468981228768826,0.1061398908495903,0.009936058893799782,0.06740155816078186,0.027939699590206146,0.09732207655906677,0.22035644948482513,0.00027275612228550017,2.1461737155914307,0.04901564121246338,,,,,,,,,,,,,,,
,9.597015276539001e-08,10269,,,,,,,,,,,,,,,,,,,,,,,,,,,,,,
14,,10269,0.036465324461460114,0.01676245965063572,0.15513314306735992,0.002239203779026866,0.023437755182385445,0.008236158639192581,0.08623910695314407,0.006324692629277706,0.05261528491973877,0.04443972557783127,0.11142358183860779,0.21020157635211945,0.0005292235873639584,2.127673625946045,0.05509201064705849,,,,,,,,,,,,,,,
,8.284190129467239e-08,10279,,,,,,,,,,,,,,,,,,,,,,,,,,,,,,
14,,10279,0.06824887543916702,0.031814657151699066,0.2133287638425827,0.001668806653469801,0.046257879585027695,0.010270178318023682,0.1974262148141861,0.010683214291930199,0.1970878690481186,0.054425135254859924,0.12837232649326324,0.4428284466266632,0.0005247766966931522,2.1562440395355225,0.07373502850532532,,,,,,,,,,,,,,,
,7.067844951968994e-08,10289,,,,,,,,,,,,,,,,,,,,,,,,,,,,,,
14,,10289,0.03849172219634056,0.01231328584253788,0.20531809329986572,0.0016845690552145243,0.013533128425478935,0.008315927349030972,0.09939299523830414,0.005883429199457169,0.04006853699684143,0.04712546616792679,0.12092196941375732,0.21498991549015045,0.002805679338052869,2.1351282596588135,0.0504612997174263,,,,,,,,,,,,,,,
,5.9479914890692155e-08,10299,,,,,,,,,,,,,,,,,,,,,,,,,,,,,,
14,,10299,0.02975614368915558,0.016136299818754196,0.16407202184200287,0.0005672326078638434,0.029191287234425545,0.003959497902542353,0.09131035208702087,0.005542691797018051,0.04622679576277733,0.028809772804379463,0.1106702983379364,0.19804216921329498,0.00045075241359882057,2.125910758972168,0.05379929393529892,,,,,,,,,,,,,,,
,4.92464055406594e-08,10309,,,,,,,,,,,,,,,,,,,,,,,,,,,,,,
14,,10309,0.04701190069317818,0.030316419899463654,0.1530139297246933,0.00080556032480672,0.02907142974436283,0.007048662286251783,0.12489087134599686,0.011416448280215263,0.07422657310962677,0.03216875344514847,0.13377390801906586,0.26647594571113586,0.004159033298492432,2.138570785522461,0.06912199407815933,,,,,,,,,,,,,,,
,3.9978020284336945e-08,10319,,,,,,,,,,,,,,,,,,,,,,,,,,,,,,
14,,10319,0.018784044310450554,0.02711987867951393,0.2104726880788803,0.0006430130451917648,0.022612035274505615,0.004102140199393034,0.13214831054210663,0.002384912222623825,0.01952122524380684,0.02198769338428974,0.12919758260250092,0.20169062912464142,0.004514892119914293,2.1679837703704834,0.07121996581554413,,,,,,,,,,,,,,,
,3.167484861722469e-08,10329,,,,,,,,,,,,,,,,,,,,,,,,,,,,,,
14,,10329,0.02564859949052334,0.006316377781331539,0.11308787763118744,0.0007137494394555688,0.020011169835925102,0.009387443773448467,0.05617045238614082,0.004434262402355671,0.04084279388189316,0.018110837787389755,0.09942230582237244,0.15848077833652496,0.0003233888419345021,2.1275243759155273,0.05516378954052925,,,,,,,,,,,,,,,
,2.4336970714700092e-08,10339,,,,,,,,,,,,,,,,,,,,,,,,,,,,,,
14,,10339,0.021417029201984406,0.017388425767421722,0.14790703356266022,0.001403279835358262,0.021094322204589844,0.005257437005639076,0.09194242209196091,0.0059224627912044525,0.052663229405879974,0.04174521937966347,0.09853526949882507,0.1970909982919693,0.004358278587460518,2.1233267784118652,0.046170033514499664,,,,,,,,,,,,,,,
,1.7964457431285385e-08,10349,,,,,,,,,,,,,,,,,,,,,,,,,,,,,,
14,,10349,0.01701636053621769,0.02662275917828083,0.22930476069450378,0.0037428063806146383,0.028016360476613045,0.0034358955454081297,0.13693128526210785,0.0037019914016127586,0.04515697807073593,0.05836115777492523,0.13156788051128387,0.24522501230239868,0.002036662306636572,2.146016836166382,0.08205080777406693,,,,,,,,,,,,,,,
,1.2557370299959293e-08,10359,,,,,,,,,,,,,,,,,,,,,,,,,,,,,,
14,,10359,0.02263585850596428,0.016860097646713257,0.19485080242156982,0.0010997805511578918,0.027582261711359024,0.004373982548713684,0.09171999245882034,0.003183340188115835,0.023600030690431595,0.02459544688463211,0.1229901984333992,0.18154731392860413,0.0007409483077935874,2.126197576522827,0.05368698015809059,,,,,,,,,,,,,,,
,8.115761531524157e-09,10369,,,,,,,,,,,,,,,,,,,,,,,,,,,,,,
14,,10369,0.03544379398226738,0.011092904023826122,0.11830256134271622,0.0009096897556446493,0.017095299437642097,0.004222921095788479,0.0657067596912384,0.003071757033467293,0.03974040225148201,0.03158038854598999,0.08963390439748764,0.16313546895980835,0.002256641862913966,2.162275552749634,0.046771109104156494,,,,,,,,,,,,,,,
,4.63967401412857e-09,10379,,,,,,,,,,,,,,,,,,,,,,,,,,,,,,
14,,10379,0.03518161177635193,0.00917623471468687,0.14372307062149048,0.0003746293077711016,0.02680421806871891,0.0029749830719083548,0.08740028738975525,0.006174977403134108,0.06240900605916977,0.022738605737686157,0.10842747986316681,0.20750631392002106,0.0021731059532612562,2.098506212234497,0.056204862892627716,,,,,,,,,,,,,,,
,2.1291413128787794e-09,10389,,,,,,,,,,,,,,,,,,,,,,,,,,,,,,
14,,10389,0.023600997403264046,0.01301873754709959,0.17565912008285522,0.0016413400880992413,0.017239052802324295,0.003342162352055311,0.09771786630153656,0.0026701693423092365,0.022067470476031303,0.02233929932117462,0.09208248555660248,0.16458016633987427,0.0006855530082248151,2.1174988746643066,0.05210736021399498,,,,,,,,,,,,,,,
,5.841876694501203e-10,10399,,,,,,,,,,,,,,,,,,,,,,,,,,,,,,
14,,10399,0.015167810022830963,0.015493890270590782,0.11889176815748215,0.0015401211567223072,0.022697489708662033,0.002496422966942191,0.07753651589155197,0.0062505947425961494,0.03864447399973869,0.028821725398302078,0.08888902515172958,0.16047804057598114,0.0004225430602673441,2.1392858028411865,0.05254506692290306,,,,,,,,,,,,,,,
,4.828001931578285e-12,10409,,,,,,,,,,,,,,,,,,,,,,,,,,,,,,
14,,10409,0.02553182654082775,0.012783560901880264,0.13069330155849457,0.000684607308357954,0.015964053571224213,0.005930534563958645,0.07289542257785797,0.0044038379564881325,0.019920317456126213,0.02072516828775406,0.09896944463253021,0.14585572481155396,0.00029469162109307945,2.1255834102630615,0.05127381905913353,,,,,,,,,,,,,,,
,0.0,10419,,,,,,,,,,,,,,,,,,,,,,,,,,,,,,
14,,10419,0.03421458974480629,0.011936032213270664,0.1520709991455078,0.00028600680525414646,0.026831697672605515,0.007164071314036846,0.09365680068731308,0.007937014102935791,0.09560099989175797,0.03597385436296463,0.11812817305326462,0.2505977153778076,0.001149111776612699,2.1178088188171387,0.05131895840167999,,,,,,,,,,,,,,,
14,,10424,,,,,,,,,,,,,,,,0.17380937933921814,0.042830273509025574,0.3003648817539215,0.009664471261203289,0.08346568048000336,0.001423338078893721,0.183400958776474,0.01851368509232998,0.19548948109149933,0.0815543383359909,0.2167084515094757,0.6000564098358154,0.01118069514632225,2.115513563156128,0.16019552946090698
