epoch,lr-AdamW,step,train/accidental,train/downbeat,train/duration,train/grace,train/hand,train/keysignature,train/offset,train/pad,train/pitch,train/staccato,train/stem,train/total,train/trill,train/velocity,train/voice,val/accidental,val/downbeat,val/duration,val/grace,val/hand,val/keysignature,val/offset,val/pad,val/pitch,val/staccato,val/stem,val/total,val/trill,val/velocity,val/voice
,5.9171597633136086e-06,9,,,,,,,,,,,,,,,,,,,,,,,,,,,,,,
0,,9,1.900493860244751,4.708757400512695,4.721308708190918,0.2647385001182556,1.109256625175476,2.9016072750091553,5.2457170486450195,0.4889862537384033,4.887461185455322,0.4945085644721985,1.3445286750793457,14.34672737121582,0.3000901937484741,1.9573856592178345,2.5756032466888428,,,,,,,,,,,,,,,
,1.1834319526627217e-05,19,,,,,,,,,,,,,,,,,,,,,,,,,,,,,,
0,,19,1.3902075290679932,3.0062012672424316,4.390893936157227,0.059864338487386703,0.9078384041786194,2.8002543449401855,5.123086929321289,0.37055373191833496,4.787830352783203,0.3717914819717407,1.1651862859725952,12.340317726135254,0.05629677698016167,1.8862444162368774,2.1808557510375977,,,,,,,,,,,,,,,
,1.7751479289940825e-05,29,,,,,,,,,,,,,,,,,,,,,,,,,,,,,,
0,,29,1.1184998750686646,0.941106379032135,3.7725439071655273,0.04327593371272087,0.7832492589950562,2.892397403717041,4.921977996826172,0.37864062190055847,4.63683557510376,0.33960598707199097,1.0186429023742676,10.785226821899414,0.035103026777505875,1.93413245677948,1.6558037996292114,,,,,,,,,,,,,,,
,2.3668639053254434e-05,39,,,,,,,,,,,,,,,,,,,,,,,,,,,,,,
0,,39,1.1752851009368896,0.6644071340560913,3.0774333477020264,0.0524723045527935,0.7582070231437683,2.8168129920959473,4.494250774383545,0.2804332375526428,4.538791179656982,0.3294592499732971,0.8563265800476074,10.069445610046387,0.04515310004353523,1.8691924810409546,1.4458540678024292,,,,,,,,,,,,,,,
,2.9585798816568047e-05,49,,,,,,,,,,,,,,,,,,,,,,,,,,,,,,
0,,49,1.1254490613937378,0.6245765089988708,2.5983638763427734,0.028906844556331635,0.7467990517616272,2.596475124359131,4.0550537109375,0.2733335793018341,4.3890461921691895,0.2824328541755676,0.7971020936965942,9.39321517944336,0.03315189480781555,1.9365370273590088,1.2540875673294067,,,,,,,,,,,,,,,
,3.550295857988165e-05,59,,,,,,,,,,,,,,,,,,,,,,,,,,,,,,
0,,59,1.1376641988754272,0.5696290731430054,2.440904140472412,0.03140005096793175,0.7599034309387207,2.7063353061676025,3.7070348262786865,0.20168474316596985,4.24456262588501,0.1926126480102539,0.7964221835136414,9.123810768127441,0.02542940340936184,1.8469443321228027,1.445669412612915,,,,,,,,,,,,,,,
,4.142011834319527e-05,69,,,,,,,,,,,,,,,,,,,,,,,,,,,,,,
0,,69,1.1490533351898193,0.5517091155052185,2.4092695713043213,0.041610173881053925,0.7278047204017639,2.7365684509277344,3.442885637283325,0.11508671939373016,4.165730953216553,0.21508395671844482,0.7458710670471191,8.825857162475586,0.028685908764600754,1.8628671169281006,1.214526891708374,,,,,,,,,,,,,,,
,4.733727810650887e-05,79,,,,,,,,,,,,,,,,,,,,,,,,,,,,,,
0,,79,1.162601113319397,0.48989203572273254,2.282426595687866,0.039237141609191895,0.7203375697135925,2.6105308532714844,3.3160860538482666,0.08924882858991623,4.119396209716797,0.13981978595256805,0.7338042855262756,8.542462348937988,0.017834840342402458,1.7916179895401,1.1088513135910034,,,,,,,,,,,,,,,
,5.3254437869822475e-05,89,,,,,,,,,,,,,,,,,,,,,,,,,,,,,,
0,,89,1.0981214046478271,0.4675520360469818,2.0303115844726562,0.045170627534389496,0.7140307426452637,2.724471092224121,3.212862491607666,0.09082596004009247,4.031880855560303,0.22977423667907715,0.7381896376609802,8.418288230895996,0.01488600205630064,1.8115153312683105,1.2142860889434814,,,,,,,,,,,,,,,
,5.9171597633136094e-05,99,,,,,,,,,,,,,,,,,,,,,,,,,,,,,,
0,,99,1.1130127906799316,0.4628393054008484,2.0804171562194824,0.020435985177755356,0.7015613913536072,2.6154239177703857,3.0031049251556396,0.09001565724611282,4.075191497802734,0.22550083696842194,0.7083842754364014,8.341036796569824,0.012106948532164097,1.8783851861953735,1.2271311283111572,,,,,,,,,,,,,,,
,6.50887573964497e-05,109,,,,,,,,,,,,,,,,,,,,,,,,,,,,,,
0,,109,1.1004018783569336,0.3748522996902466,1.9726247787475586,0.01261233352124691,0.6978354454040527,2.538724184036255,2.9421679973602295,0.09746115654706955,3.990292549133301,0.2111881673336029,0.6906687021255493,8.114106178283691,0.014802900142967701,1.7464748620986938,1.1927754878997803,,,,,,,,,,,,,,,
,7.10059171597633e-05,119,,,,,,,,,,,,,,,,,,,,,,,,,,,,,,
0,,119,1.033644199371338,0.33498910069465637,2.035930871963501,0.07510659098625183,0.6869608759880066,2.409820079803467,3.067580223083496,0.07053077220916748,4.06881856918335,0.32777565717697144,0.6720697283744812,8.192361831665039,0.019738035276532173,1.7770804166793823,1.2314844131469727,,,,,,,,,,,,,,,
,7.692307692307691e-05,129,,,,,,,,,,,,,,,,,,,,,,,,,,,,,,
0,,129,0.9652425646781921,0.4114125967025757,1.887536883354187,0.0399978831410408,0.6702776551246643,2.5106849670410156,2.867863893508911,0.08744268864393234,3.958568811416626,0.24080674350261688,0.6568586826324463,7.92149019241333,0.013145114295184612,1.8280601501464844,1.005059003829956,,,,,,,,,,,,,,,
,8.284023668639054e-05,139,,,,,,,,,,,,,,,,,,,,,,,,,,,,,,
0,,139,0.7277317643165588,0.38709983229637146,1.9866036176681519,0.04274904355406761,0.6922398805618286,1.9003403186798096,3.02551531791687,0.07201065123081207,3.9134788513183594,0.21199071407318115,0.6455948352813721,7.492882251739502,0.018713507801294327,1.8026200532913208,0.9690563082695007,,,,,,,,,,,,,,,
,8.875739644970414e-05,149,,,,,,,,,,,,,,,,,,,,,,,,,,,,,,
0,,149,0.8225073218345642,0.4349049925804138,1.93064284324646,0.03874571993947029,0.692930281162262,1.5803333520889282,2.976529836654663,0.08627767115831375,3.968653440475464,0.21195191144943237,0.5983754992485046,7.515244007110596,0.029904551804065704,1.913657784461975,1.2275148630142212,,,,,,,,,,,,,,,
,9.467455621301774e-05,159,,,,,,,,,,,,,,,,,,,,,,,,,,,,,,
0,,159,0.7261893153190613,0.3713010847568512,1.891107201576233,0.06766486912965775,0.686752200126648,1.2464426755905151,2.835216999053955,0.07018038630485535,3.8960893154144287,0.2367033213376999,0.6368783712387085,7.108692169189453,0.014004464261233807,1.8656206130981445,1.050703525543213,,,,,,,,,,,,,,,
,0.00010059171597633135,169,,,,,,,,,,,,,,,,,,,,,,,,,,,,,,
0,,169,0.7365171909332275,0.35571521520614624,1.9757715463638306,0.02616216614842415,0.703802764415741,0.9996259212493896,3.096200942993164,0.08432307839393616,3.933168888092041,0.28970611095428467,0.6367093920707703,7.092764854431152,0.020146798342466354,1.9430248737335205,1.0169198513031006,,,,,,,,,,,,,,,
,0.00010650887573964495,179,,,,,,,,,,,,,,,,,,,,,,,,,,,,,,
0,,179,0.7390670776367188,0.3808123767375946,2.039232015609741,0.026737265288829803,0.7039676904678345,0.45667219161987305,3.1199917793273926,0.06165742874145508,3.8823740482330322,0.20149342715740204,0.608218252658844,6.753808498382568,0.011871770955622196,2.023019552230835,1.00448739528656,,,,,,,,,,,,,,,
,0.00011242603550295858,189,,,,,,,,,,,,,,,,,,,,,,,,,,,,,,
0,,189,0.7481799125671387,0.4374008774757385,1.9610787630081177,0.017851075157523155,0.6870973110198975,0.3598893880844116,2.910588264465332,0.08137277513742447,3.820746660232544,0.21213290095329285,0.6368821263313293,6.645684719085693,0.018625207245349884,1.764917254447937,1.103843331336975,,,,,,,,,,,,,,,
,0.00011834319526627219,199,,,,,,,,,,,,,,,,,,,,,,,,,,,,,,
0,,199,0.7427197098731995,0.3333572447299957,1.776202917098999,0.02594032883644104,0.6801446080207825,0.3399571180343628,2.989917039871216,0.08918808400630951,3.8004353046417236,0.1836204081773758,0.628603458404541,6.533243656158447,0.017246948555111885,1.8688390254974365,1.0737056732177734,,,,,,,,,,,,,,,
,0.0001242603550295858,209,,,,,,,,,,,,,,,,,,,,,,,,,,,,,,
0,,209,0.7354157567024231,0.36727404594421387,1.7775416374206543,0.05175590142607689,0.7077932357788086,0.37132662534713745,2.7820000648498535,0.06594395637512207,3.775679588317871,0.12778666615486145,0.6257719993591309,6.533262252807617,0.02428472973406315,1.8243883848190308,1.2176151275634766,,,,,,,,,,,,,,,
,0.0001301775147928994,219,,,,,,,,,,,,,,,,,,,,,,,,,,,,,,
0,,219,0.6979772448539734,0.36545678973197937,1.976907730102539,0.021227065473794937,0.6850106120109558,0.23067811131477356,2.918527841567993,0.07634029537439346,3.7458736896514893,0.14407019317150116,0.6251537799835205,6.418748378753662,0.014517785981297493,1.9176433086395264,1.0322703123092651,,,,,,,,,,,,,,,
,0.000136094674556213,229,,,,,,,,,,,,,,,,,,,,,,,,,,,,,,
0,,229,0.7274534702301025,0.32482197880744934,1.8323979377746582,0.017747798934578896,0.6969383358955383,0.2171524614095688,3.0284390449523926,0.05409293621778488,3.7934460639953613,0.19287383556365967,0.5941563248634338,6.375936031341553,0.005829361733049154,1.9084407091140747,0.9125405550003052,,,,,,,,,,,,,,,
,0.0001420118343195266,239,,,,,,,,,,,,,,,,,,,,,,,,,,,,,,
0,,239,0.750555694103241,0.2917918562889099,1.6123464107513428,0.06604629009962082,0.6782603859901428,0.11281811445951462,2.8925347328186035,0.07672454416751862,3.781078815460205,0.1648646742105484,0.6084570288658142,6.306410789489746,0.0066584451124072075,1.8920825719833374,1.0155832767486572,,,,,,,,,,,,,,,
,0.00014792899408284024,249,,,,,,,,,,,,,,,,,,,,,,,,,,,,,,
0,,249,0.7136490345001221,0.33189857006073,1.7451387643814087,0.06384657323360443,0.6884245276451111,0.19357506930828094,2.829535961151123,0.05866219848394394,3.6612319946289062,0.17963333427906036,0.680014431476593,6.225529193878174,0.020349541679024696,1.8788714408874512,0.896959125995636,,,,,,,,,,,,,,,
,0.00015384615384615382,259,,,,,,,,,,,,,,,,,,,,,,,,,,,,,,
0,,259,0.6804537773132324,0.3150239884853363,1.7171214818954468,0.1168321967124939,0.6632081866264343,0.25912559032440186,2.908151865005493,0.06248079240322113,3.4419095516204834,0.1497359275817871,0.6488935351371765,6.111188888549805,0.011256960220634937,1.8460091352462769,1.0756480693817139,,,,,,,,,,,,,,,
,0.00015976331360946746,269,,,,,,,,,,,,,,,,,,,,,,,,,,,,,,
0,,269,0.46416378021240234,0.39234229922294617,1.905350923538208,0.03186624124646187,0.6486390233039856,0.10275669395923615,2.780789375305176,0.05833457410335541,2.9320225715637207,0.13504686951637268,0.6009472012519836,5.359357833862305,0.012234261259436607,1.9480617046356201,1.050312876701355,,,,,,,,,,,,,,,
,0.00016568047337278108,279,,,,,,,,,,,,,,,,,,,,,,,,,,,,,,
0,,279,0.5123686790466309,0.5099532604217529,1.859553337097168,0.055024437606334686,0.6814380884170532,0.1783691793680191,2.8564035892486572,0.08710363507270813,2.718355655670166,0.2090606689453125,0.6401458978652954,5.395044326782227,0.021560657769441605,1.904038667678833,1.206446647644043,,,,,,,,,,,,,,,
,0.00017159763313609466,289,,,,,,,,,,,,,,,,,,,,,,,,,,,,,,
0,,289,0.43916788697242737,0.401175320148468,1.733553409576416,0.03439540043473244,0.630047082901001,0.17095284163951874,2.867784261703491,0.06570852547883987,1.9825503826141357,0.13743358850479126,0.5931305885314941,4.367955207824707,0.019291644915938377,1.9987884759902954,0.8890460133552551,,,,,,,,,,,,,,,
,0.00017751479289940828,299,,,,,,,,,,,,,,,,,,,,,,,,,,,,,,
0,,299,0.4981803297996521,0.30642613768577576,1.6494673490524292,0.01416944433003664,0.586860179901123,0.17000342905521393,3.205714225769043,0.06970639526844025,1.8805514574050903,0.16986197233200073,0.6003625988960266,4.279582977294922,0.0076632085256278515,1.931787133216858,0.874314546585083,,,,,,,,,,,,,,,
,0.0001834319526627219,309,,,,,,,,,,,,,,,,,,,,,,,,,,,,,,
0,,309,0.3549703061580658,0.32088589668273926,1.5028679370880127,0.027103323489427567,0.5350629687309265,0.12119792401790619,2.769686698913574,0.05643235146999359,1.2553092241287231,0.13115234673023224,0.6215866208076477,3.386052370071411,0.011087799444794655,1.9138269424438477,0.8288100957870483,,,,,,,,,,,,,,,
,0.00018934911242603547,319,,,,,,,,,,,,,,,,,,,,,,,,,,,,,,
0,,319,0.48217856884002686,0.3535352945327759,1.7289124727249146,0.03588699549436569,0.534948468208313,0.1447077840566635,3.0588905811309814,0.06927758455276489,1.5365694761276245,0.27675819396972656,0.578791618347168,3.9773621559143066,0.01158978883177042,2.0802409648895264,0.9825844764709473,,,,,,,,,,,,,,,
,0.0001952662721893491,329,,,,,,,,,,,,,,,,,,,,,,,,,,,,,,
0,,329,0.3135450482368469,0.3696806728839874,1.5415427684783936,0.045956749469041824,0.5052704215049744,0.10613217204809189,2.7926478385925293,0.08359827101230621,1.1276249885559082,0.1673583686351776,0.6338390111923218,3.3274075984954834,0.012056793086230755,2.1152586936950684,0.8721523880958557,,,,,,,,,,,,,,,
,0.0002011834319526627,339,,,,,,,,,,,,,,,,,,,,,,,,,,,,,,
0,,339,0.2685641348361969,0.3271901607513428,1.6814420223236084,0.03308221325278282,0.47198542952537537,0.09521486610174179,2.799785614013672,0.06445568799972534,0.8819493055343628,0.20075787603855133,0.6114940047264099,3.0149779319763184,0.02522006444633007,2.060976028442383,0.7423900365829468,,,,,,,,,,,,,,,
,0.0002071005917159763,349,,,,,,,,,,,,,,,,,,,,,,,,,,,,,,
0,,349,0.34319841861724854,0.424458771944046,1.6267353296279907,0.017884070053696632,0.41921550035476685,0.10644359141588211,2.8118021488189697,0.06503567099571228,0.9794233441352844,0.14601334929466248,0.5827080607414246,3.154989242553711,0.013333036564290524,2.1446890830993652,0.8349676132202148,,,,,,,,,,,,,,,
,0.0002130177514792899,359,,,,,,,,,,,,,,,,,,,,,,,,,,,,,,
0,,359,0.3654997944831848,0.3128437101840973,1.434622883796692,0.034327954053878784,0.41971954703330994,0.10966655611991882,2.754648447036743,0.057114485651254654,0.9999911785125732,0.16898539662361145,0.5419460535049438,3.043733835220337,0.01425060536712408,2.167173147201538,0.725377082824707,,,,,,,,,,,,,,,
,0.0002189349112426035,369,,,,,,,,,,,,,,,,,,,,,,,,,,,,,,
0,,369,0.26934513449668884,0.3625973165035248,1.4143757820129395,0.028208447620272636,0.4707005023956299,0.09056941419839859,2.518796443939209,0.05919427424669266,0.9755090475082397,0.1471368819475174,0.5399553775787354,2.9138004779815674,0.008089490234851837,2.083014965057373,0.7201809883117676,,,,,,,,,,,,,,,
,0.00022485207100591715,379,,,,,,,,,,,,,,,,,,,,,,,,,,,,,,
0,,379,0.35228705406188965,0.27852189540863037,1.564697504043579,0.03478848189115524,0.393310546875,0.07144167274236679,2.5631983280181885,0.0712616890668869,0.9805594682693481,0.09994082897901535,0.5521502494812012,2.9983534812927246,0.019629111513495445,1.9649776220321655,0.7829464077949524,,,,,,,,,,,,,,,
,0.00023076923076923076,389,,,,,,,,,,,,,,,,,,,,,,,,,,,,,,
0,,389,0.35494107007980347,0.31331950426101685,1.252463936805725,0.037013836205005646,0.40126872062683105,0.0833892971277237,2.5443637371063232,0.06787879019975662,0.8113843202590942,0.13128231465816498,0.5547338724136353,2.7476375102996826,0.011423892341554165,1.939605712890625,0.7755242586135864,,,,,,,,,,,,,,,
,0.00023668639053254438,399,,,,,,,,,,,,,,,,,,,,,,,,,,,,,,
0,,399,0.2928408980369568,0.29957225918769836,1.5490339994430542,0.030412334948778152,0.40722379088401794,0.08621599525213242,2.7620651721954346,0.056934013962745667,0.7875240445137024,0.13287943601608276,0.5379326343536377,2.8100290298461914,0.015049775131046772,2.0500121116638184,0.7540011405944824,,,,,,,,,,,,,,,
,0.00024260355029585796,409,,,,,,,,,,,,,,,,,,,,,,,,,,,,,,
0,,409,0.3017295002937317,0.30404144525527954,1.4570327997207642,0.032170768827199936,0.40699902176856995,0.06705886870622635,2.6875667572021484,0.058632198721170425,0.8234981298446655,0.20846989750862122,0.5223708748817444,2.8046133518218994,0.018814653158187866,2.0315604209899902,0.7299690246582031,,,,,,,,,,,,,,,
,0.0002485207100591716,419,,,,,,,,,,,,,,,,,,,,,,,,,,,,,,
0,,419,0.34024909138679504,0.32092490792274475,1.4491583108901978,0.03854309767484665,0.38755369186401367,0.0820268839597702,2.6302528381347656,0.061422497034072876,1.0129594802856445,0.15626411139965057,0.5716856718063354,3.0221047401428223,0.016469810158014297,1.9997674226760864,0.7540872693061829,,,,,,,,,,,,,,,
,0.0002544378698224852,429,,,,,,,,,,,,,,,,,,,,,,,,,,,,,,
0,,429,0.35512086749076843,0.311977356672287,1.2612534761428833,0.026078293099999428,0.4124298691749573,0.09162531793117523,2.6833901405334473,0.07220283150672913,0.9981129169464111,0.18019722402095795,0.5247254371643066,2.9427812099456787,0.008840613067150116,2.064157485961914,0.683589518070221,,,,,,,,,,,,,,,
,0.0002603550295857988,439,,,,,,,,,,,,,,,,,,,,,,,,,,,,,,
0,,439,0.32407402992248535,0.26587414741516113,1.2289046049118042,0.03308555483818054,0.3863220810890198,0.05671865493059158,2.724458932876587,0.07575251162052155,0.9331433176994324,0.14024806022644043,0.5371403098106384,2.8224542140960693,0.00922987051308155,2.0439534187316895,0.6655495762825012,,,,,,,,,,,,,,,
,0.0002662721893491124,449,,,,,,,,,,,,,,,,,,,,,,,,,,,,,,
0,,449,0.16513188183307648,0.26883602142333984,1.4217888116836548,0.020976394414901733,0.343225359916687,0.07003932446241379,2.6188085079193115,0.060183823108673096,0.5583322644233704,0.11014360189437866,0.5341362357139587,2.424437999725342,0.008169632405042648,2.0357725620269775,0.8708727955818176,,,,,,,,,,,,,,,
,0.000272189349112426,459,,,,,,,,,,,,,,,,,,,,,,,,,,,,,,
0,,459,0.2268497347831726,0.3410318195819855,1.0461974143981934,0.04760229215025902,0.3291395604610443,0.09123045951128006,2.4448118209838867,0.0466587096452713,0.6215415596961975,0.17444688081741333,0.4837101995944977,2.329472541809082,0.013198073953390121,2.078058958053589,0.5825428366661072,,,,,,,,,,,,,,,
,0.0002781065088757396,469,,,,,,,,,,,,,,,,,,,,,,,,,,,,,,
0,,469,0.26744458079338074,0.2578425705432892,1.0679042339324951,0.01817464455962181,0.3536528944969177,0.0648512914776802,2.4573440551757812,0.05945610627532005,0.9944418668746948,0.18225856125354767,0.4863433837890625,2.6710691452026367,0.008499138988554478,2.0771713256835938,0.578281581401825,,,,,,,,,,,,,,,
,0.0002840236686390532,479,,,,,,,,,,,,,,,,,,,,,,,,,,,,,,
0,,479,0.35995760560035706,0.23599271476268768,1.2867441177368164,0.04295148327946663,0.40796858072280884,0.09086315333843231,2.72953462600708,0.08955417573451996,1.147289514541626,0.13539598882198334,0.538794994354248,3.0883383750915527,0.007931721396744251,2.1239593029022217,0.6077879667282104,,,,,,,,,,,,,,,
,0.00028994082840236686,489,,,,,,,,,,,,,,,,,,,,,,,,,,,,,,
0,,489,0.2461918741464615,0.2701355814933777,1.1798133850097656,0.02897179313004017,0.34434327483177185,0.08676616847515106,2.2022693157196045,0.05188566446304321,0.5943937301635742,0.11004873365163803,0.5099499225616455,2.277376890182495,0.01354171708226204,2.0436458587646484,0.6831873655319214,,,,,,,,,,,,,,,
,0.0002958579881656805,499,,,,,,,,,,,,,,,,,,,,,,,,,,,,,,
0,,499,0.26486194133758545,0.2640361487865448,1.0626522302627563,0.03375064209103584,0.3732375502586365,0.05660117790102959,2.3180298805236816,0.05859493836760521,0.6492975950241089,0.10923325270414352,0.5214000940322876,2.312368154525757,0.007322835270315409,1.9656481742858887,0.6159282922744751,,,,,,,,,,,,,,,
,0.00029999999521408856,509,,,,,,,,,,,,,,,,,,,,,,,,,,,,,,
0,,509,0.19907477498054504,0.28525760769844055,1.003221869468689,0.021000836044549942,0.30726486444473267,0.06783692538738251,2.326059103012085,0.037804633378982544,0.42348504066467285,0.11324460804462433,0.5354252457618713,1.9906331300735474,0.008565163239836693,1.8626185655593872,0.5628307461738586,,,,,,,,,,,,,,,
,0.0002999998277072202,519,,,,,,,,,,,,,,,,,,,,,,,,,,,,,,
0,,519,0.1913672238588333,0.2983628511428833,1.1104484796524048,0.026449937373399734,0.3077072501182556,0.05597834289073944,2.2822177410125732,0.04676226153969765,0.5100252628326416,0.09431968629360199,0.4670737683773041,2.081861972808838,0.004528681747615337,2.1342270374298096,0.542998731136322,,,,,,,,,,,,,,,
,0.0002999994209050852,529,,,,,,,,,,,,,,,,,,,,,,,,,,,,,,
0,,529,0.28254443407058716,0.24587255716323853,1.2313034534454346,0.045459214597940445,0.2803654670715332,0.08653422445058823,2.289653778076172,0.04886758327484131,0.48595213890075684,0.1268373429775238,0.5279732346534729,2.167050838470459,0.022525398060679436,2.0288281440734863,0.48280584812164307,,,,,,,,,,,,,,,
,0.00029999877480833256,539,,,,,,,,,,,,,,,,,,,,,,,,,,,,,,
0,,539,0.18907275795936584,0.2785029411315918,1.212705135345459,0.04093701392412186,0.3285854160785675,0.06546840816736221,2.131457567214966,0.05191735178232193,0.5943003296852112,0.10293443500995636,0.5263222455978394,2.2063486576080322,0.00893804058432579,2.1044375896453857,0.5735236406326294,,,,,,,,,,,,,,,
,0.00029999788941799307,549,,,,,,,,,,,,,,,,,,,,,,,,,,,,,,
0,,549,0.19393381476402283,0.2660202085971832,1.0935957431793213,0.04360693693161011,0.3268459439277649,0.04468071833252907,2.0288875102996826,0.032149508595466614,0.4533115327358246,0.13588282465934753,0.49310365319252014,1.9910866022109985,0.014748475514352322,2.0238404273986816,0.6184654831886292,,,,,,,,,,,,,,,
,0.000299996764735479,559,,,,,,,,,,,,,,,,,,,,,,,,,,,,,,
0,,559,0.19454777240753174,0.2610916495323181,1.0311241149902344,0.01676010712981224,0.27547723054885864,0.06356710940599442,2.0844156742095947,0.03594527766108513,0.3959614336490631,0.11392837762832642,0.47208964824676514,1.88084077835083,0.006920643150806427,2.1591687202453613,0.6031380891799927,,,,,,,,,,,,,,,
,0.0002999954007625848,569,,,,,,,,,,,,,,,,,,,,,,,,,,,,,,
0,,569,0.21913215517997742,0.21452969312667847,0.9930789470672607,0.01783674769103527,0.2974000573158264,0.06099352240562439,1.9486840963363647,0.059997111558914185,0.5726773142814636,0.1442910134792328,0.4744301736354828,2.0412847995758057,0.01965613104403019,2.141829490661621,0.5642279386520386,,,,,,,,,,,,,,,
,0.00029999379750148626,579,,,,,,,,,,,,,,,,,,,,,,,,,,,,,,
0,,579,0.20252227783203125,0.21007780730724335,1.0409057140350342,0.016676923260092735,0.2923918068408966,0.05472962558269501,1.867029070854187,0.07460837066173553,0.5987579822540283,0.10348094999790192,0.5256010890007019,2.0416932106018066,0.0065622166730463505,2.148483991622925,0.5322046875953674,,,,,,,,,,,,,,,
,0.0002999919549547411,589,,,,,,,,,,,,,,,,,,,,,,,,,,,,,,
0,,589,0.2281918078660965,0.2071915566921234,0.9486789703369141,0.02761542983353138,0.28395769000053406,0.05489768832921982,1.625245213508606,0.03496776521205902,0.4662962555885315,0.12393898516893387,0.4648694694042206,1.7821073532104492,0.010512951761484146,1.9981343746185303,0.4827481210231781,,,,,,,,,,,,,,,
,0.00029998987312528867,599,,,,,,,,,,,,,,,,,,,,,,,,,,,,,,
0,,599,0.22434867918491364,0.21020719408988953,1.2074217796325684,0.03892091289162636,0.3248478174209595,0.052603837102651596,1.6718297004699707,0.04509443789720535,0.7348071932792664,0.1556207835674286,0.4715646505355835,2.1913599967956543,0.011517632752656937,2.1903610229492188,0.5313621759414673,,,,,,,,,,,,,,,
,0.0002999875520164503,609,,,,,,,,,,,,,,,,,,,,,,,,,,,,,,
0,,609,0.2277788370847702,0.20888657867908478,1.0764141082763672,0.03167182207107544,0.28960350155830383,0.05398226156830788,1.803529143333435,0.04627678543329239,0.5555543303489685,0.13977737724781036,0.4693421721458435,1.972802758216858,0.010902847163379192,2.1348092555999756,0.47639724612236023,,,,,,,,,,,,,,,
,0.0002999849916319287,619,,,,,,,,,,,,,,,,,,,,,,,,,,,,,,
0,,619,0.19945426285266876,0.2010621875524521,1.0895650386810303,0.05230991542339325,0.3252466917037964,0.047521110624074936,1.6827324628829956,0.026518821716308594,0.6856727600097656,0.07377143204212189,0.4899834394454956,2.091331720352173,0.005470186937600374,2.0014827251434326,0.5984026193618774,,,,,,,,,,,,,,,
,0.00029998219197580853,629,,,,,,,,,,,,,,,,,,,,,,,,,,,,,,
0,,629,0.29800334572792053,0.21392196416854858,1.0092988014221191,0.026017313823103905,0.34011581540107727,0.05564567819237709,1.6781342029571533,0.04503121227025986,0.7117841243743896,0.1372080147266388,0.483897864818573,2.1792285442352295,0.02227383479475975,2.07597017288208,0.6233858466148376,,,,,,,,,,,,,,,
,0.0002999791530525561,639,,,,,,,,,,,,,,,,,,,,,,,,,,,,,,
0,,639,0.20011073350906372,0.1530773788690567,0.8961164951324463,0.02108180709183216,0.319696307182312,0.04196977987885475,1.5373008251190186,0.04252175986766815,0.5418981909751892,0.17845875024795532,0.4624321162700653,1.8131828308105469,0.013910963200032711,2.0263633728027344,0.5305312275886536,,,,,,,,,,,,,,,
,0.00029997587486701945,649,,,,,,,,,,,,,,,,,,,,,,,,,,,,,,
0,,649,0.19906362891197205,0.17666615545749664,1.0276752710342407,0.02169456146657467,0.3031342625617981,0.0447552427649498,1.4651517868041992,0.043725356459617615,0.5276127457618713,0.13296209275722504,0.4878824055194855,1.8332117795944214,0.012464978732168674,2.1100380420684814,0.5574777126312256,,,,,,,,,,,,,,,
,0.00029997235742442813,659,,,,,,,,,,,,,,,,,,,,,,,,,,,,,,
0,,659,0.2647562325000763,0.14804866909980774,0.9902256727218628,0.037122271955013275,0.2724135220050812,0.07454406470060349,1.3875348567962646,0.04853498190641403,0.5256412625312805,0.14563825726509094,0.442137748003006,1.8176616430282593,0.01210598275065422,2.113245725631714,0.4768654704093933,,,,,,,,,,,,,,,
,0.0002999686007303937,669,,,,,,,,,,,,,,,,,,,,,,,,,,,,,,
0,,669,0.2948578894138336,0.17235296964645386,0.8885464668273926,0.019813857972621918,0.32046768069267273,0.0408264584839344,1.4361214637756348,0.06874801218509674,0.7639943361282349,0.1638576090335846,0.48389431834220886,2.085167407989502,0.012046804651618004,2.078561305999756,0.5223736763000488,,,,,,,,,,,,,,,
,0.00029996460479090914,679,,,,,,,,,,,,,,,,,,,,,,,,,,,,,,
0,,679,0.21841420233249664,0.16480399668216705,0.9630427360534668,0.03092809207737446,0.3020794987678528,0.05287487432360649,1.4531371593475342,0.0613153874874115,0.6446967124938965,0.153326153755188,0.4884450137615204,1.9930025339126587,0.014784089289605618,2.0515522956848145,0.6376901865005493,,,,,,,,,,,,,,,
,0.0002999603696123492,689,,,,,,,,,,,,,,,,,,,,,,,,,,,,,,
0,,689,0.18626414239406586,0.20026057958602905,0.9607802033424377,0.04636264592409134,0.30587267875671387,0.03200285881757736,1.3536570072174072,0.05821974575519562,0.7491000294685364,0.10378555953502655,0.47028762102127075,2.017899513244629,0.012267622165381908,2.0819051265716553,0.49989980459213257,,,,,,,,,,,,,,,
,0.0002999558952014703,699,,,,,,,,,,,,,,,,,,,,,,,,,,,,,,
0,,699,0.19406892359256744,0.20283886790275574,0.9627150297164917,0.011365587823092937,0.3096701502799988,0.03730836138129234,1.4117904901504517,0.061960384249687195,0.7084962725639343,0.08995106816291809,0.4716310501098633,1.9906784296035767,0.006084561347961426,2.031681537628174,0.5964964032173157,,,,,,,,,,,,,,,
,0.0002999511815654104,709,,,,,,,,,,,,,,,,,,,,,,,,,,,,,,
0,,709,0.24443067610263824,0.24305208027362823,1.0599948167800903,0.022819019854068756,0.2696148455142975,0.03704220429062843,1.379005789756775,0.047453779727220535,0.4798232913017273,0.17215868830680847,0.4720957279205322,1.8190799951553345,0.01743168942630291,2.094792127609253,0.5439941883087158,,,,,,,,,,,,,,,
,0.0002999462287116893,719,,,,,,,,,,,,,,,,,,,,,,,,,,,,,,
0,,719,0.21665449440479279,0.17531004548072815,0.906423032283783,0.04070026054978371,0.30862903594970703,0.027215667068958282,1.277855634689331,0.040574900805950165,0.5689712762832642,0.1455184370279312,0.43306398391723633,1.7845876216888428,0.011802303604781628,2.0650064945220947,0.5116364359855652,,,,,,,,,,,,,,,
,0.00029994103664820825,729,,,,,,,,,,,,,,,,,,,,,,,,,,,,,,
0,,729,0.1886051446199417,0.16154171526432037,0.8655568957328796,0.018253974616527557,0.28557178378105164,0.02768402174115181,1.1493700742721558,0.03576533496379852,0.5042626261711121,0.12937438488006592,0.44557806849479675,1.6356219053268433,0.013955270871520042,2.1426804065704346,0.5456643104553223,,,,,,,,,,,,,,,
,0.00029993560538325013,739,,,,,,,,,,,,,,,,,,,,,,,,,,,,,,
0,,739,0.18610753118991852,0.14283393323421478,0.8856843113899231,0.016414523124694824,0.2676144540309906,0.03390434756875038,1.3280128240585327,0.04310394078493118,0.4870550036430359,0.11031074821949005,0.46978268027305603,1.651587963104248,0.02367497980594635,2.042026996612549,0.4636152982711792,,,,,,,,,,,,,,,
,0.00029992993492547953,749,,,,,,,,,,,,,,,,,,,,,,,,,,,,,,
0,,749,0.14960063993930817,0.16116231679916382,0.8267681002616882,0.013133615255355835,0.23695425689220428,0.04439227655529976,1.2102738618850708,0.05638573318719864,0.4529608488082886,0.07033318281173706,0.41363781690597534,1.5252498388290405,0.02072351798415184,2.0223357677459717,0.3915655314922333,,,,,,,,,,,,,,,
,0.0002999240252839425,759,,,,,,,,,,,,,,,,,,,,,,,,,,,,,,
0,,759,0.2644129991531372,0.12477263808250427,0.7867465615272522,0.022549638524651527,0.2969799339771271,0.03817935660481453,1.3195350170135498,0.05025063455104828,0.6374625563621521,0.13019369542598724,0.43093156814575195,1.8151156902313232,0.009021473117172718,2.068359851837158,0.4958600103855133,,,,,,,,,,,,,,,
,0.00029991787646806677,769,,,,,,,,,,,,,,,,,,,,,,,,,,,,,,
0,,769,0.18368515372276306,0.13004636764526367,0.9546381831169128,0.021026691421866417,0.21996334195137024,0.03197792172431946,1.0827878713607788,0.04958871752023697,0.45384836196899414,0.1794382631778717,0.45622488856315613,1.5593130588531494,0.012756340205669403,2.1534550189971924,0.44000956416130066,,,,,,,,,,,,,,,
,0.00029991148848766144,779,,,,,,,,,,,,,,,,,,,,,,,,,,,,,,
0,,779,0.19240641593933105,0.13092313706874847,0.9519994854927063,0.035447947680950165,0.29639214277267456,0.03593874350190163,1.118865728378296,0.034167662262916565,0.46803316473960876,0.18481017649173737,0.46223878860473633,1.6236783266067505,0.013313785195350647,2.1850779056549072,0.4886346757411957,,,,,,,,,,,,,,,
,0.0002999048613529174,789,,,,,,,,,,,,,,,,,,,,,,,,,,,,,,
0,,789,0.2945219576358795,0.10502196848392487,0.8314269185066223,0.02997761219739914,0.2633334696292877,0.031030848622322083,1.1271239519119263,0.04616434872150421,0.5971769094467163,0.11202041059732437,0.4511375427246094,1.7398408651351929,0.02174249477684498,2.180697441101074,0.45307114720344543,,,,,,,,,,,,,,,
,0.00029989799507440697,799,,,,,,,,,,,,,,,,,,,,,,,,,,,,,,
0,,799,0.16965143382549286,0.11753501743078232,0.9432499408721924,0.018780769780278206,0.2916773855686188,0.03672836348414421,1.2759971618652344,0.03540804237127304,0.5132939219474792,0.1405893713235855,0.4325616955757141,1.6415308713912964,0.009487888775765896,2.130356550216675,0.4395398497581482,,,,,,,,,,,,,,,
,0.0002998908896630838,809,,,,,,,,,,,,,,,,,,,,,,,,,,,,,,
0,,809,0.1585736870765686,0.15790106356143951,0.9660243391990662,0.011006342247128487,0.2182513326406479,0.036444392055273056,1.1992729902267456,0.03251359611749649,0.42694106698036194,0.15606239438056946,0.4115491807460785,1.5133885145187378,0.01880842074751854,2.0958433151245117,0.37847378849983215,,,,,,,,,,,,,,,
,0.00029988354513028334,819,,,,,,,,,,,,,,,,,,,,,,,,,,,,,,
0,,819,0.20871932804584503,0.11668715626001358,0.9187421798706055,0.008994274772703648,0.3001382052898407,0.03399468585848808,1.0460668802261353,0.053706277161836624,0.6818036437034607,0.07293927669525146,0.454453706741333,1.8220247030258179,0.007485329173505306,2.0341427326202393,0.6266592144966125,,,,,,,,,,,,,,,
,0.0002998759614877222,829,,,,,,,,,,,,,,,,,,,,,,,,,,,,,,
0,,829,0.16574519872665405,0.12770698964595795,1.2060818672180176,0.026747766882181168,0.26884812116622925,0.037085674703121185,1.1187715530395508,0.028304774314165115,0.39521026611328125,0.13730312883853912,0.4208923578262329,1.5852141380310059,0.010112646967172623,2.1650400161743164,0.5294565558433533,,,,,,,,,,,,,,,
,0.0002998681387474987,839,,,,,,,,,,,,,,,,,,,,,,,,,,,,,,
0,,839,0.2491391897201538,0.13855738937854767,0.9766523241996765,0.04534395784139633,0.3030332326889038,0.0420292466878891,1.05919349193573,0.06838078796863556,0.7785613536834717,0.16175472736358643,0.4575641453266144,2.019913911819458,0.018707212060689926,2.1314780712127686,0.5286174416542053,,,,,,,,,,,,,,,
0,,846,,,,,,,,,,,,,,,,0.317348450422287,0.07373825460672379,0.49297332763671875,0.014196532778441906,0.17066225409507751,0.007277267519384623,0.846997082233429,0.04836077615618706,0.4593106210231781,0.10508766025304794,0.2861948609352112,1.2898694276809692,0.016389941796660423,1.9938130378723145,0.28164806962013245
,0.00029986007692209244,849,,,,,,,,,,,,,,,,,,,,,,,,,,,,,,
1,,849,0.24223852157592773,0.07975547015666962,0.7626846432685852,0.02296159416437149,0.272599458694458,0.05855922773480415,1.0427007675170898,0.04389427602291107,0.5916620492935181,0.14045701920986176,0.4122811555862427,1.6425371170043945,0.007538446690887213,2.1631534099578857,0.44341498613357544,,,,,,,,,,,,,,,
,0.0002998517760243645,859,,,,,,,,,,,,,,,,,,,,,,,,,,,,,,
1,,859,0.17296186089515686,0.1490618884563446,0.91724693775177,0.026880985125899315,0.2547629773616791,0.03422359749674797,1.1061800718307495,0.05978620797395706,0.5074807405471802,0.08903652429580688,0.4215187430381775,1.6226657629013062,0.007709274999797344,1.9707082509994507,0.48173975944519043,,,,,,,,,,,,,,,
,0.0002998432360675573,869,,,,,,,,,,,,,,,,,,,,,,,,,,,,,,
1,,869,0.19128639996051788,0.119477778673172,0.8390312790870667,0.020003855228424072,0.25428932905197144,0.033331263810396194,1.1579258441925049,0.03607695922255516,0.5273659825325012,0.1424996554851532,0.39957451820373535,1.5858170986175537,0.011298295110464096,2.0496816635131836,0.416396826505661,,,,,,,,,,,,,,,
,0.0002998344570652947,879,,,,,,,,,,,,,,,,,,,,,,,,,,,,,,
1,,879,0.17014695703983307,0.15864026546478271,0.9565423727035522,0.013932800851762295,0.2888818383216858,0.04834245145320892,1.114453911781311,0.04051777720451355,0.5101914405822754,0.10656628757715225,0.42754894495010376,1.6217111349105835,0.0072493767365813255,2.2221624851226807,0.4594253897666931,,,,,,,,,,,,,,,
,0.00029982543903158185,889,,,,,,,,,,,,,,,,,,,,,,,,,,,,,,
1,,889,0.19287090003490448,0.10275156795978546,0.8045815825462341,0.019760647788643837,0.24797764420509338,0.03392463177442551,0.9596611261367798,0.04546346887946129,0.48692503571510315,0.10501585900783539,0.4432086944580078,1.4926643371582031,0.006798285059630871,2.0849077701568604,0.438467413187027,,,,,,,,,,,,,,,
,0.00029981618198080527,899,,,,,,,,,,,,,,,,,,,,,,,,,,,,,,
1,,899,0.17842750251293182,0.1857450306415558,0.8959826231002808,0.020574389025568962,0.24725207686424255,0.030085479840636253,1.0384877920150757,0.041464898735284805,0.5065099596977234,0.1595582365989685,0.4378248155117035,1.6167423725128174,0.01611737534403801,2.1188948154449463,0.5059762597084045,,,,,,,,,,,,,,,
,0.0002998066859277328,909,,,,,,,,,,,,,,,,,,,,,,,,,,,,,,
1,,909,0.1512637734413147,0.144496887922287,0.7805941104888916,0.00927066896110773,0.22276894748210907,0.019569452852010727,0.8654405474662781,0.034490227699279785,0.4502928853034973,0.11399850994348526,0.4156392514705658,1.4071701765060425,0.002722117817029357,2.0881505012512207,0.5357354879379272,,,,,,,,,,,,,,,
,0.00029979695088751344,919,,,,,,,,,,,,,,,,,,,,,,,,,,,,,,
1,,919,0.1499805897474289,0.09574802964925766,0.9213210940361023,0.015779657289385796,0.22789332270622253,0.034169163554906845,0.9677779674530029,0.019835805520415306,0.3637746274471283,0.12368417531251907,0.41927558183670044,1.3587154150009155,0.008145248517394066,2.1176555156707764,0.4769468307495117,,,,,,,,,,,,,,,
,0.0002997869768756776,929,,,,,,,,,,,,,,,,,,,,,,,,,,,,,,
1,,929,0.21337798237800598,0.11054511368274689,0.7738994359970093,0.016533011570572853,0.2503020167350769,0.04105144366621971,0.9499297142028809,0.039798930287361145,0.6028810143470764,0.08903777599334717,0.43057021498680115,1.6045528650283813,0.008718322962522507,1.9935194253921509,0.4449716806411743,,,,,,,,,,,,,,,
,0.0002997767639081368,939,,,,,,,,,,,,,,,,,,,,,,,,,,,,,,
1,,939,0.1875784695148468,0.19217747449874878,0.9260294437408447,0.04245983436703682,0.2592543363571167,0.03680732101202011,1.063833475112915,0.04207451641559601,0.4282315671443939,0.09281062334775925,0.41308724880218506,1.5785764455795288,0.021052232012152672,1.968158483505249,0.5019153952598572,,,,,,,,,,,,,,,
,0.0002997663120011839,949,,,,,,,,,,,,,,,,,,,,,,,,,,,,,,
1,,949,0.140121191740036,0.09905865788459778,0.7630921006202698,0.02481427788734436,0.21542246639728546,0.03617595508694649,0.8048952221870422,0.03813813626766205,0.38338327407836914,0.12443356215953827,0.42992061376571655,1.2789630889892578,0.010498628951609135,2.0347740650177,0.352334588766098,,,,,,,,,,,,,,,
,0.0002997556211714928,959,,,,,,,,,,,,,,,,,,,,,,,,,,,,,,
1,,959,0.18105041980743408,0.1452140212059021,0.8267430067062378,0.0354776605963707,0.2496005743741989,0.03705901652574539,0.9540868401527405,0.04055170714855194,0.4813333749771118,0.14362134039402008,0.3921130895614624,1.5044673681259155,0.005391133017838001,2.1266791820526123,0.41887539625167847,,,,,,,,,,,,,,,
,0.0002997446914361187,969,,,,,,,,,,,,,,,,,,,,,,,,,,,,,,
1,,969,0.17028610408306122,0.12052406370639801,0.9037874341011047,0.01735469326376915,0.2801380157470703,0.03757859393954277,0.927485466003418,0.04027896374464035,0.602493166923523,0.12240538001060486,0.4325713813304901,1.6447070837020874,0.011129670776426792,2.0671136379241943,0.4779713451862335,,,,,,,,,,,,,,,
,0.0002997335228124978,979,,,,,,,,,,,,,,,,,,,,,,,,,,,,,,
1,,979,0.17178212106227875,0.12373068183660507,0.7608366012573242,0.017267368733882904,0.21264231204986572,0.023517483845353127,0.8539760708808899,0.028037231415510178,0.3435114324092865,0.09580294787883759,0.400907963514328,1.2689599990844727,0.011059454642236233,2.028247833251953,0.4416159689426422,,,,,,,,,,,,,,,
,0.0002997221153184473,989,,,,,,,,,,,,,,,,,,,,,,,,,,,,,,
1,,989,0.16187787055969238,0.12825319170951843,0.6462917923927307,0.020442795008420944,0.22708934545516968,0.03400327265262604,0.7993080019950867,0.03355890139937401,0.40756678581237793,0.09023261070251465,0.3778097331523895,1.2682347297668457,0.006614354904741049,2.122638463973999,0.37075409293174744,,,,,,,,,,,,,,,
,0.0002997104689721659,999,,,,,,,,,,,,,,,,,,,,,,,,,,,,,,
1,,999,0.13027596473693848,0.10908240079879761,0.7742845416069031,0.010219186544418335,0.2067665457725525,0.04063071310520172,0.8037019968032837,0.032817620784044266,0.3350074291229248,0.10578911751508713,0.40093597769737244,1.2161102294921875,0.005789858754724264,2.106130599975586,0.40743932127952576,,,,,,,,,,,,,,,
,0.00029969858379223286,1009,,,,,,,,,,,,,,,,,,,,,,,,,,,,,,
1,,1009,0.14425194263458252,0.09059703350067139,0.8252509236335754,0.01801835186779499,0.19763155281543732,0.02910383976995945,0.8509692549705505,0.030181359499692917,0.33677005767822266,0.12989000976085663,0.4055708348751068,1.2493231296539307,0.014546033926308155,2.147916555404663,0.3885582387447357,,,,,,,,,,,,,,,
,0.0002996864597976087,1019,,,,,,,,,,,,,,,,,,,,,,,,,,,,,,
1,,1019,0.15540048480033875,0.10892103612422943,0.7838290333747864,0.02887721173465252,0.20043568313121796,0.019622378051280975,0.797571063041687,0.02997041493654251,0.31891295313835144,0.10071729123592377,0.386917382478714,1.1989412307739258,0.008966461755335331,2.0621416568756104,0.3466431796550751,,,,,,,,,,,,,,,
,0.0002996740970076349,1029,,,,,,,,,,,,,,,,,,,,,,,,,,,,,,
1,,1029,0.11882895976305008,0.12647058069705963,0.8406102657318115,0.023545848205685616,0.22907587885856628,0.018764007836580276,0.8420287370681763,0.02666439116001129,0.33764368295669556,0.151958629488945,0.34998464584350586,1.2578825950622559,0.008259207010269165,2.1483306884765625,0.4321157932281494,,,,,,,,,,,,,,,
,0.0002996614954420338,1039,,,,,,,,,,,,,,,,,,,,,,,,,,,,,,
1,,1039,0.20080655813217163,0.11681923270225525,0.8001455068588257,0.018051449209451675,0.24834848940372467,0.034451354295015335,0.9145580530166626,0.06222706288099289,0.6327137351036072,0.16515392065048218,0.4196835458278656,1.6788934469223022,0.011000958271324635,2.1622157096862793,0.503544270992279,,,,,,,,,,,,,,,
,0.00029964865512090876,1049,,,,,,,,,,,,,,,,,,,,,,,,,,,,,,
1,,1049,0.20631176233291626,0.09761160612106323,0.822982132434845,0.017119141295552254,0.2546030879020691,0.02660837024450302,0.9194056391716003,0.05565626174211502,0.5601146817207336,0.11835089325904846,0.4050540328025818,1.5947299003601074,0.01669178158044815,2.1610629558563232,0.5016099214553833,,,,,,,,,,,,,,,
,0.000299635576064744,1059,,,,,,,,,,,,,,,,,,,,,,,,,,,,,,
1,,1059,0.1841009259223938,0.13348442316055298,0.7982379198074341,0.02457532286643982,0.238362655043602,0.018707113340497017,0.8314417004585266,0.029341723769903183,0.4567739963531494,0.13746970891952515,0.42496296763420105,1.4179264307022095,0.006879563909024,2.023207664489746,0.44340798258781433,,,,,,,,,,,,,,,
,0.0002996222582944046,1069,,,,,,,,,,,,,,,,,,,,,,,,,,,,,,
1,,1069,0.10331568121910095,0.11083624511957169,0.8205361366271973,0.015458584763109684,0.1719808727502823,0.041058458387851715,0.8127744197845459,0.01495180930942297,0.19364874064922333,0.10226479172706604,0.419112890958786,1.056872010231018,0.008298472501337528,1.9744374752044678,0.38826942443847656,,,,,,,,,,,,,,,
,0.00029960870183113643,1079,,,,,,,,,,,,,,,,,,,,,,,,,,,,,,
1,,1079,0.1463087946176529,0.1313220113515854,0.7246845960617065,0.016388537362217903,0.22292913496494293,0.02115044556558132,0.8506646752357483,0.0291947852820158,0.3873306214809418,0.10860827565193176,0.4182353615760803,1.2869477272033691,0.0037418585270643234,2.0626416206359863,0.42763805389404297,,,,,,,,,,,,,,,
,0.00029959490669656617,1089,,,,,,,,,,,,,,,,,,,,,,,,,,,,,,
1,,1089,0.14297443628311157,0.09384720772504807,0.7982776165008545,0.01652742736041546,0.22364170849323273,0.032529883086681366,0.7628130912780762,0.026268793269991875,0.35448241233825684,0.06713620573282242,0.3840767443180084,1.2243010997772217,0.0056810141541063786,2.0486598014831543,0.4102255403995514,,,,,,,,,,,,,,,
,0.0002995808729127012,1099,,,,,,,,,,,,,,,,,,,,,,,,,,,,,,
1,,1099,0.18366774916648865,0.10552312433719635,0.8177598118782043,0.016346104443073273,0.22212789952754974,0.021988479420542717,0.7458630204200745,0.03988245502114296,0.4049573242664337,0.07058458775281906,0.38570061326026917,1.325973629951477,0.018021663650870323,2.088285207748413,0.42225122451782227,,,,,,,,,,,,,,,
,0.00029956660050192973,1109,,,,,,,,,,,,,,,,,,,,,,,,,,,,,,
1,,1109,0.1375989019870758,0.09485019743442535,0.7598400712013245,0.01997026801109314,0.26510539650917053,0.04110800474882126,0.7616813778877258,0.03334257751703262,0.5062701106071472,0.1074838638305664,0.4197407066822052,1.4236003160476685,0.006627666298300028,1.9552738666534424,0.4845889210700989,,,,,,,,,,,,,,,
,0.00029955208948702057,1119,,,,,,,,,,,,,,,,,,,,,,,,,,,,,,
1,,1119,0.25350186228752136,0.08752197027206421,0.7292389869689941,0.018077321350574493,0.22773630917072296,0.02866935543715954,0.8394088745117188,0.0424039289355278,0.48813921213150024,0.09088526666164398,0.37912774085998535,1.4313277006149292,0.0061466568149626255,2.0310299396514893,0.418165922164917,,,,,,,,,,,,,,,
,0.00029953733989112317,1129,,,,,,,,,,,,,,,,,,,,,,,,,,,,,,
1,,1129,0.1574670970439911,0.06620261818170547,0.6267165541648865,0.010129868984222412,0.18631000816822052,0.015345213934779167,0.6858339905738831,0.02486669085919857,0.3756667971611023,0.05963001772761345,0.35384872555732727,1.1183340549468994,0.0051961359567940235,2.1273295879364014,0.3460737466812134,,,,,,,,,,,,,,,
,0.00029952235173776764,1139,,,,,,,,,,,,,,,,,,,,,,,,,,,,,,
1,,1139,0.19837580621242523,0.07528683543205261,0.7649524807929993,0.01278703287243843,0.2240310162305832,0.03696552291512489,0.6663063764572144,0.05810587853193283,0.5300936698913574,0.06472672522068024,0.41996297240257263,1.440744400024414,0.0056081912480294704,2.064183473587036,0.46864184737205505,,,,,,,,,,,,,,,
,0.0002995071250508646,1149,,,,,,,,,,,,,,,,,,,,,,,,,,,,,,
1,,1149,0.24896208941936493,0.06545008718967438,0.6752001047134399,0.02355336770415306,0.24951450526714325,0.035398028790950775,0.7581319212913513,0.049189865589141846,0.7016283273696899,0.09620662778615952,0.40088894963264465,1.6272231340408325,0.005033329129219055,2.0379068851470947,0.4345920979976654,,,,,,,,,,,,,,,
,0.00029949165985470526,1159,,,,,,,,,,,,,,,,,,,,,,,,,,,,,,
1,,1159,0.22859321534633636,0.06751468777656555,0.71141517162323,0.011585974134504795,0.24782538414001465,0.02888002246618271,0.7989770770072937,0.04425442963838577,0.5043976902961731,0.13882039487361908,0.39256417751312256,1.4256870746612549,0.004541302565485239,2.127197027206421,0.4356805980205536,,,,,,,,,,,,,,,
,0.00029947595617396135,1169,,,,,,,,,,,,,,,,,,,,,,,,,,,,,,
1,,1169,0.12624312937259674,0.1600879430770874,0.7535987496376038,0.027010662481188774,0.18887467682361603,0.0326017290353775,0.7082087397575378,0.02419516257941723,0.29626747965812683,0.107329823076725,0.3707975745201111,1.1505955457687378,0.005825005006045103,2.062800407409668,0.3774339258670807,,,,,,,,,,,,,,,
,0.00029946001403368495,1179,,,,,,,,,,,,,,,,,,,,,,,,,,,,,,
1,,1179,0.12300136685371399,0.09457475692033768,0.7716618776321411,0.027445776388049126,0.14773450791835785,0.019652005285024643,0.7564863562583923,0.021926235407590866,0.2542613446712494,0.0865439847111702,0.3518683612346649,1.077932357788086,0.011129530146718025,2.0666589736938477,0.3770127296447754,,,,,,,,,,,,,,,
,0.0002994438334593086,1189,,,,,,,,,,,,,,,,,,,,,,,,,,,,,,
1,,1189,0.14072443544864655,0.08785519003868103,0.7010751962661743,0.014569445513188839,0.2049163281917572,0.024333886802196503,0.631865918636322,0.03573756664991379,0.3910858929157257,0.10099560022354126,0.4211878776550293,1.21849524974823,0.009803243912756443,2.0248703956604004,0.4357427954673767,,,,,,,,,,,,,,,
,0.0002994274144766453,1199,,,,,,,,,,,,,,,,,,,,,,,,,,,,,,
1,,1199,0.17978781461715698,0.08338184654712677,0.7249879240989685,0.022226277738809586,0.25482478737831116,0.03407398611307144,0.742231011390686,0.05306466668844223,0.6052820086479187,0.0877058357000351,0.4007396996021271,1.5158876180648804,0.008822106756269932,2.096712827682495,0.4204823672771454,,,,,,,,,,,,,,,
,0.0002994107571118883,1209,,,,,,,,,,,,,,,,,,,,,,,,,,,,,,
1,,1209,0.1563158482313156,0.09122855216264725,0.7591505646705627,0.013605122454464436,0.18787534534931183,0.035562995821237564,0.7241552472114563,0.028084881603717804,0.37620845437049866,0.10837618261575699,0.3879910707473755,1.2308255434036255,0.008733423426747322,1.987375259399414,0.40718451142311096,,,,,,,,,,,,,,,
,0.00029939386139161105,1219,,,,,,,,,,,,,,,,,,,,,,,,,,,,,,
1,,1219,0.20953114330768585,0.06891528517007828,0.6151741147041321,0.041174259036779404,0.24122406542301178,0.012992272153496742,0.6582716703414917,0.036245062947273254,0.5150014162063599,0.1431327909231186,0.4087764322757721,1.369702935218811,0.007216758094727993,2.140730857849121,0.3952868580818176,,,,,,,,,,,,,,,
,0.00029937672734276746,1229,,,,,,,,,,,,,,,,,,,,,,,,,,,,,,
1,,1229,0.16052627563476562,0.08486388623714447,0.6141605973243713,0.01471807062625885,0.19298648834228516,0.018851911649107933,0.698882520198822,0.032507143914699554,0.4375082552433014,0.1277945339679718,0.3489391803741455,1.2265435457229614,0.012558597140014172,2.1377787590026855,0.36481478810310364,,,,,,,,,,,,,,,
,0.0002993593549926915,1239,,,,,,,,,,,,,,,,,,,,,,,,,,,,,,
1,,1239,0.15284980833530426,0.07995253801345825,0.6404945850372314,0.01744871586561203,0.24598467350006104,0.029728198423981667,0.6428549885749817,0.04167449474334717,0.4790985882282257,0.12759344279766083,0.4203982651233673,1.3143590688705444,0.006402965635061264,2.1569247245788574,0.4296242892742157,,,,,,,,,,,,,,,
,0.0002993417443690974,1249,,,,,,,,,,,,,,,,,,,,,,,,,,,,,,
1,,1249,0.15545903146266937,0.1290617436170578,0.7062429785728455,0.030773185193538666,0.2118476778268814,0.023828014731407166,0.668764591217041,0.027270346879959106,0.4029960632324219,0.0633966252207756,0.3939550817012787,1.24658203125,0.004641267936676741,2.0850632190704346,0.3976878821849823,,,,,,,,,,,,,,,
,0.00029932389550007936,1259,,,,,,,,,,,,,,,,,,,,,,,,,,,,,,
1,,1259,0.14006562530994415,0.08315466344356537,0.7099032402038574,0.02125566266477108,0.18557119369506836,0.03529099375009537,0.6514385342597961,0.020961448550224304,0.2685517370700836,0.09439855813980103,0.36493074893951416,1.0646034479141235,0.006907376926392317,1.9730457067489624,0.38872531056404114,,,,,,,,,,,,,,,
,0.0002993058084141118,1269,,,,,,,,,,,,,,,,,,,,,,,,,,,,,,
1,,1269,0.1800859123468399,0.11121295392513275,0.7585604786872864,0.028802262619137764,0.23024486005306244,0.02040073089301586,0.6653658747673035,0.047219447791576385,0.4566979706287384,0.11161577701568604,0.3983238935470581,1.3639780282974243,0.007403396535664797,2.0268497467041016,0.43749508261680603,,,,,,,,,,,,,,,
,0.00029928748314004904,1279,,,,,,,,,,,,,,,,,,,,,,,,,,,,,,
1,,1279,0.1725447177886963,0.10082575678825378,0.7999882102012634,0.028744760900735855,0.24858415126800537,0.021737175062298775,0.8076460957527161,0.03595166653394699,0.5185726284980774,0.11322583258152008,0.398114413022995,1.4539562463760376,0.00919135008007288,2.104426860809326,0.4112124741077423,,,,,,,,,,,,,,,
,0.0002992689197071256,1289,,,,,,,,,,,,,,,,,,,,,,,,,,,,,,
1,,1289,0.09603251516819,0.09191708266735077,0.7722381949424744,0.02272668108344078,0.20228101313114166,0.021975936368107796,0.7265962958335876,0.020783744752407074,0.2816387414932251,0.0814402624964714,0.39433422684669495,1.1018643379211426,0.013525212183594704,2.040285587310791,0.3748175799846649,,,,,,,,,,,,,,,
,0.00029925011814495566,1299,,,,,,,,,,,,,,,,,,,,,,,,,,,,,,
1,,1299,0.135782390832901,0.07810565829277039,0.6849749088287354,0.01005581859499216,0.19145922362804413,0.02636716142296791,0.6863705515861511,0.021295322105288506,0.3404962122440338,0.0906684473156929,0.375645250082016,1.1155730485916138,0.01365609560161829,2.0640358924865723,0.3469108045101166,,,,,,,,,,,,,,,
,0.00029923107848353354,1309,,,,,,,,,,,,,,,,,,,,,,,,,,,,,,
1,,1309,0.18005260825157166,0.09169365465641022,0.7624799013137817,0.009143996983766556,0.20031054317951202,0.022525759413838387,0.7169259190559387,0.027453254908323288,0.3497621417045593,0.0969792902469635,0.36813271045684814,1.205280065536499,0.015130951069295406,2.1203203201293945,0.3986549973487854,,,,,,,,,,,,,,,
,0.0002992118007532331,1319,,,,,,,,,,,,,,,,,,,,,,,,,,,,,,
1,,1319,0.16971057653427124,0.0836782231926918,0.581946611404419,0.03406159207224846,0.17564943432807922,0.03562907129526138,0.5937616229057312,0.034560613334178925,0.409817636013031,0.11470314860343933,0.3468071520328522,1.1815294027328491,0.008148719556629658,2.088218927383423,0.3509867489337921,,,,,,,,,,,,,,,
,0.00029919228498480837,1329,,,,,,,,,,,,,,,,,,,,,,,,,,,,,,
1,,1329,0.18210554122924805,0.059064943343400955,0.7258033156394958,0.028926875442266464,0.24361398816108704,0.028376052156090736,0.7539044618606567,0.040827687829732895,0.493448406457901,0.14037854969501495,0.39473310112953186,1.3978872299194336,0.009486444294452667,2.1713294982910156,0.43069005012512207,,,,,,,,,,,,,,,
,0.0002991725312093928,1339,,,,,,,,,,,,,,,,,,,,,,,,,,,,,,
1,,1339,0.16812065243721008,0.08108188956975937,0.6666620373725891,0.013484266586601734,0.215300515294075,0.034531641751527786,0.6816741228103638,0.029338493943214417,0.39143821597099304,0.10715317726135254,0.38592442870140076,1.1935508251190186,0.0035752018447965384,2.1445815563201904,0.34818512201309204,,,,,,,,,,,,,,,
,0.00029915253945849975,1349,,,,,,,,,,,,,,,,,,,,,,,,,,,,,,
1,,1349,0.1604485958814621,0.08914199471473694,0.6851407885551453,0.030621401965618134,0.20365825295448303,0.019062472507357597,0.6726667881011963,0.027302473783493042,0.39041101932525635,0.10561589151620865,0.3720642626285553,1.2152845859527588,0.015268214978277683,2.149106502532959,0.3713016211986542,,,,,,,,,,,,,,,
,0.000299132309764022,1359,,,,,,,,,,,,,,,,,,,,,,,,,,,,,,
1,,1359,0.13773056864738464,0.0801946371793747,0.7195401787757874,0.036669712513685226,0.18955127894878387,0.01410494651645422,0.6123715043067932,0.030930295586586,0.3766239285469055,0.09703779220581055,0.39536651968955994,1.1797757148742676,0.009851019829511642,2.071183443069458,0.3591110110282898,,,,,,,,,,,,,,,
,0.0002991118421582322,1369,,,,,,,,,,,,,,,,,,,,,,,,,,,,,,
1,,1369,0.2120037078857422,0.11216675490140915,0.7726637125015259,0.02557474933564663,0.23468522727489471,0.03576894849538803,0.8418880105018616,0.03753293678164482,0.5259522795677185,0.10820986330509186,0.40609386563301086,1.487884759902954,0.010372514836490154,2.159471035003662,0.40435490012168884,,,,,,,,,,,,,,,
,0.0002990911366737823,1379,,,,,,,,,,,,,,,,,,,,,,,,,,,,,,
1,,1379,0.08895225077867508,0.07838175445795059,0.7116403579711914,0.016956031322479248,0.18354685604572296,0.03090517409145832,0.6360805034637451,0.012876308523118496,0.190077543258667,0.09445968270301819,0.35158494114875793,0.9263165593147278,0.005360094364732504,2.0474331378936768,0.35626766085624695,,,,,,,,,,,,,,,
,0.00029907019334370386,1389,,,,,,,,,,,,,,,,,,,,,,,,,,,,,,
1,,1389,0.10218994319438934,0.06462796777486801,0.6162129044532776,0.020652780309319496,0.2153453677892685,0.016555529087781906,0.5951948165893555,0.03637487441301346,0.4189165234565735,0.10390730202198029,0.35353922843933105,1.1468394994735718,0.01383193302899599,1.9681090116500854,0.326822429895401,,,,,,,,,,,,,,,
,0.00029904901220140787,1399,,,,,,,,,,,,,,,,,,,,,,,,,,,,,,
1,,1399,0.10704604536294937,0.10265088081359863,0.7517722249031067,0.014549782499670982,0.23023906350135803,0.012429888360202312,0.7173416614532471,0.034323982894420624,0.46203869581222534,0.10825120657682419,0.3822704255580902,1.3191062211990356,0.024308327585458755,2.0702621936798096,0.4265616536140442,,,,,,,,,,,,,,,
,0.00029902759328068467,1409,,,,,,,,,,,,,,,,,,,,,,,,,,,,,,
1,,1409,0.166728675365448,0.10110785067081451,0.6569204330444336,0.01105305552482605,0.1582760363817215,0.01844075135886669,0.6788579821586609,0.02055726759135723,0.31289058923721313,0.09423896670341492,0.35805270075798035,1.0750728845596313,0.007561979815363884,2.159311532974243,0.32625341415405273,,,,,,,,,,,,,,,
,0.0002990059366157039,1419,,,,,,,,,,,,,,,,,,,,,,,,,,,,,,
1,,1419,0.15511949360370636,0.10192093253135681,0.6983627080917358,0.02590748853981495,0.17415226995944977,0.02997092716395855,0.6722838878631592,0.026742203161120415,0.32249200344085693,0.07833202183246613,0.37540194392204285,1.1253459453582764,0.004333972930908203,2.051145315170288,0.348695307970047,,,,,,,,,,,,,,,
,0.0002989840422410146,1429,,,,,,,,,,,,,,,,,,,,,,,,,,,,,,
1,,1429,0.1286701261997223,0.0798814445734024,0.6929522156715393,0.018654869869351387,0.20548096299171448,0.018154531717300415,0.6046155691146851,0.02959289215505123,0.3386728763580322,0.11988160759210587,0.37283095717430115,1.1083632707595825,0.005903248209506273,2.0567288398742676,0.35738733410835266,,,,,,,,,,,,,,,
,0.0002989619101915449,1439,,,,,,,,,,,,,,,,,,,,,,,,,,,,,,
1,,1439,0.12549367547035217,0.06420807540416718,0.5983153581619263,0.022454122081398964,0.2257169932126999,0.017958924174308777,0.5296192169189453,0.03162657096982002,0.3921729326248169,0.10554873943328857,0.3700960874557495,1.1400506496429443,0.009827110916376114,1.9929912090301514,0.42793405055999756,,,,,,,,,,,,,,,
,0.0002989395405026021,1449,,,,,,,,,,,,,,,,,,,,,,,,,,,,,,
1,,1449,0.2006678432226181,0.07426156103610992,0.6264951825141907,0.024028711020946503,0.21006114780902863,0.031604066491127014,0.6257383823394775,0.04411318898200989,0.5307771563529968,0.07611675560474396,0.3756442666053772,1.3643925189971924,0.00720206368714571,2.167120933532715,0.42995360493659973,,,,,,,,,,,,,,,
,0.0002989169332098727,1459,,,,,,,,,,,,,,,,,,,,,,,,,,,,,,
1,,1459,0.18009495735168457,0.06641633063554764,0.6285008788108826,0.02599644660949707,0.2068808525800705,0.02539665438234806,0.5388118028640747,0.038630858063697815,0.3777945637702942,0.06782429665327072,0.37793391942977905,1.1523734331130981,0.008826583623886108,2.127126455307007,0.3702622354030609,,,,,,,,,,,,,,,
,0.00029889408834942214,1469,,,,,,,,,,,,,,,,,,,,,,,,,,,,,,
1,,1469,0.12965255975723267,0.07198785990476608,0.6750993728637695,0.015989303588867188,0.17089460790157318,0.024736884981393814,0.5575193166732788,0.02049652673304081,0.25614476203918457,0.09435637295246124,0.38665279746055603,0.9972554445266724,0.004458585288375616,2.0776021480560303,0.39352989196777344,,,,,,,,,,,,,,,
,0.00029887100595769504,1479,,,,,,,,,,,,,,,,,,,,,,,,,,,,,,
1,,1479,0.11082557588815689,0.07648155093193054,0.6638193726539612,0.019352832809090614,0.24310068786144257,0.02161574177443981,0.5313315391540527,0.031037740409374237,0.4035564363002777,0.11526129394769669,0.4356952905654907,1.1871553659439087,0.006929509807378054,2.021265745162964,0.440944641828537,,,,,,,,,,,,,,,
,0.0002988476860715147,1489,,,,,,,,,,,,,,,,,,,,,,,,,,,,,,
1,,1489,0.1374834179878235,0.07459764927625656,0.6878522038459778,0.021024629473686218,0.19152581691741943,0.022850042209029198,0.611112654209137,0.03133711591362953,0.36417335271835327,0.0964576005935669,0.3695421516895294,1.1321990489959717,0.010572102852165699,2.124685287475586,0.33231213688850403,,,,,,,,,,,,,,,
,0.00029882412872808337,1499,,,,,,,,,,,,,,,,,,,,,,,,,,,,,,
1,,1499,0.12169884145259857,0.061484165489673615,0.5684309601783752,0.02132057584822178,0.19662272930145264,0.03402676060795784,0.511386513710022,0.01921144872903824,0.2319979965686798,0.091179259121418,0.3968963325023651,0.937142014503479,0.00928956177085638,2.0819990634918213,0.3742607831954956,,,,,,,,,,,,,,,
,0.0002988003339649823,1509,,,,,,,,,,,,,,,,,,,,,,,,,,,,,,
1,,1509,0.13520991802215576,0.07031207531690598,0.678597629070282,0.021437527611851692,0.20763933658599854,0.030390799045562744,0.5955553650856018,0.036177925765514374,0.3882688581943512,0.07600472867488861,0.412972629070282,1.178501009941101,0.012252166867256165,2.0743021965026855,0.37022069096565247,,,,,,,,,,,,,,,
,0.00029877630182017134,1519,,,,,,,,,,,,,,,,,,,,,,,,,,,,,,
1,,1519,0.1986694037914276,0.10795829445123672,0.6488734483718872,0.020622825250029564,0.22075554728507996,0.030284857377409935,0.6552594304084778,0.040950216352939606,0.4544309973716736,0.1427493691444397,0.38573193550109863,1.3040478229522705,0.003545720363035798,2.114629030227661,0.3820430338382721,,,,,,,,,,,,,,,
,0.00029875203233198903,1529,,,,,,,,,,,,,,,,,,,,,,,,,,,,,,
1,,1529,0.13018521666526794,0.0807914063334465,0.746509313583374,0.016625981777906418,0.20838303864002228,0.025803936645388603,0.5793046355247498,0.03368081524968147,0.38395896553993225,0.07319789379835129,0.3839731812477112,1.1716620922088623,0.008880238980054855,2.062148094177246,0.3651861846446991,,,,,,,,,,,,,,,
,0.0002987275255391525,1539,,,,,,,,,,,,,,,,,,,,,,,,,,,,,,
1,,1539,0.11099784821271896,0.0762983039021492,0.6598465442657471,0.02287433296442032,0.19479136168956757,0.026439448818564415,0.5475068688392639,0.02502365969121456,0.2664773762226105,0.13189342617988586,0.3577188551425934,1.007929801940918,0.0074489526450634,2.0351927280426025,0.3733707070350647,,,,,,,,,,,,,,,
,0.0002987027814807576,1549,,,,,,,,,,,,,,,,,,,,,,,,,,,,,,
1,,1549,0.08666516840457916,0.08647559583187103,0.6243136525154114,0.010487101972103119,0.15766187012195587,0.017871614545583725,0.5183240175247192,0.029851190745830536,0.19054915010929108,0.10578878223896027,0.34167489409446716,0.8642588257789612,0.005701280198991299,2.0464134216308594,0.33439207077026367,,,,,,,,,,,,,,,
,0.0002986778001962786,1559,,,,,,,,,,,,,,,,,,,,,,,,,,,,,,
1,,1559,0.16125506162643433,0.06618184596300125,0.6199057698249817,0.019274204969406128,0.19433969259262085,0.05338441953063011,0.5776978731155396,0.03298775851726532,0.4729517996311188,0.10367283225059509,0.3182484209537506,1.2260690927505493,0.005443413741886616,2.1192500591278076,0.34479257464408875,,,,,,,,,,,,,,,
,0.00029865258172556827,1569,,,,,,,,,,,,,,,,,,,,,,,,,,,,,,
1,,1569,0.21642054617404938,0.09485645592212677,0.5668120384216309,0.015558243729174137,0.20011073350906372,0.04186244308948517,0.6607534885406494,0.049238309264183044,0.500912606716156,0.10359440743923187,0.3766421377658844,1.3350800275802612,0.009536081925034523,2.0863568782806396,0.388744592666626,,,,,,,,,,,,,,,
,0.00029862712610885766,1579,,,,,,,,,,,,,,,,,,,,,,,,,,,,,,
1,,1579,0.1638096123933792,0.1557815670967102,0.7101815938949585,0.01754266396164894,0.20017161965370178,0.025719240307807922,0.625295102596283,0.03624572604894638,0.38014939427375793,0.10450972616672516,0.40171313285827637,1.2276662588119507,0.003628343576565385,2.086232900619507,0.3919427692890167,,,,,,,,,,,,,,,
,0.0002986014333867563,1589,,,,,,,,,,,,,,,,,,,,,,,,,,,,,,
1,,1589,0.15934140980243683,0.12043941766023636,0.6434358358383179,0.013922409154474735,0.19382572174072266,0.02380736544728279,0.687771737575531,0.04128774255514145,0.4228663742542267,0.0907166600227356,0.382161945104599,1.2252426147460938,0.008269278332591057,1.9850636720657349,0.31892216205596924,,,,,,,,,,,,,,,
,0.0002985755036002518,1599,,,,,,,,,,,,,,,,,,,,,,,,,,,,,,
1,,1599,0.1904209554195404,0.08277399092912674,0.639744222164154,0.01975179836153984,0.20369388163089752,0.02410408854484558,0.604716956615448,0.03521573916077614,0.4145406484603882,0.10655154287815094,0.37835416197776794,1.2235801219940186,0.011276652105152607,2.1140873432159424,0.389145165681839,,,,,,,,,,,,,,,
,0.00029854933679071007,1609,,,,,,,,,,,,,,,,,,,,,,,,,,,,,,
1,,1609,0.17700085043907166,0.050690725445747375,0.48029518127441406,0.009515758603811264,0.1898871213197708,0.03328591585159302,0.5020930171012878,0.043572962284088135,0.5184203386306763,0.11348680406808853,0.35692164301872253,1.1990134716033936,0.008382812142372131,2.1960129737854004,0.29403677582740784,,,,,,,,,,,,,,,
,0.00029852293299987507,1619,,,,,,,,,,,,,,,,,,,,,,,,,,,,,,
1,,1619,0.11934615671634674,0.06389430165290833,0.5086200833320618,0.013647672720253468,0.171871155500412,0.02079695649445057,0.48622792959213257,0.035448722541332245,0.3372648358345032,0.07619717717170715,0.3386859595775604,0.9673200845718384,0.0020273386035114527,2.1319806575775146,0.290082186460495,,,,,,,,,,,,,,,
,0.00029849629226986893,1629,,,,,,,,,,,,,,,,,,,,,,,,,,,,,,
1,,1629,0.12465229630470276,0.07284720987081528,0.5669968724250793,0.014530757442116737,0.1979125291109085,0.027804942801594734,0.5129643082618713,0.021342504769563675,0.3662427067756653,0.14740148186683655,0.3848523199558258,1.0636773109436035,0.005841599311679602,2.153228521347046,0.34484386444091797,,,,,,,,,,,,,,,
,0.00029846941464319173,1639,,,,,,,,,,,,,,,,,,,,,,,,,,,,,,
1,,1639,0.16576209664344788,0.05155682936310768,0.5715235471725464,0.034471847116947174,0.18806539475917816,0.01683582179248333,0.6313191652297974,0.02379375323653221,0.4252772331237793,0.07897428423166275,0.34595805406570435,1.1569058895111084,0.009704525582492352,2.142176866531372,0.3146529793739319,,,,,,,,,,,,,,,
,0.00029844230016272134,1649,,,,,,,,,,,,,,,,,,,,,,,,,,,,,,
1,,1649,0.15145739912986755,0.13086695969104767,0.6186118125915527,0.020669249817728996,0.17814360558986664,0.032191939651966095,0.5376798510551453,0.025604374706745148,0.2841246426105499,0.06892798095941544,0.337870329618454,1.0234971046447754,0.009690598584711552,2.0239319801330566,0.32261356711387634,,,,,,,,,,,,,,,
,0.00029841494887171367,1659,,,,,,,,,,,,,,,,,,,,,,,,,,,,,,
1,,1659,0.14085271954536438,0.06985118240118027,0.5163148641586304,0.011591047048568726,0.18926525115966797,0.026554834097623825,0.5328552722930908,0.04086633026599884,0.3623882532119751,0.07667232304811478,0.34451615810394287,1.0543376207351685,0.01596219278872013,2.0360653400421143,0.32018932700157166,,,,,,,,,,,,,,,
,0.0002983873608138023,1669,,,,,,,,,,,,,,,,,,,,,,,,,,,,,,
1,,1669,0.12582513689994812,0.06544545292854309,0.5973985195159912,0.017493797466158867,0.1810070127248764,0.022843603044748306,0.5254296064376831,0.02077598124742508,0.3329198956489563,0.11722169071435928,0.33541011810302734,1.014788269996643,0.014792601577937603,2.0641884803771973,0.29266470670700073,,,,,,,,,,,,,,,
,0.0002983595360329985,1679,,,,,,,,,,,,,,,,,,,,,,,,,,,,,,
1,,1679,0.16257594525814056,0.06270872801542282,0.7024489641189575,0.016233913600444794,0.19726811349391937,0.022411517798900604,0.5580998063087463,0.03916002810001373,0.4270848333835602,0.08563295006752014,0.38807421922683716,1.2068556547164917,0.005844566971063614,2.0610413551330566,0.3697291612625122,,,,,,,,,,,,,,,
,0.00029833147457369137,1689,,,,,,,,,,,,,,,,,,,,,,,,,,,,,,
1,,1689,0.09320347011089325,0.055160488933324814,0.5390497446060181,0.012837938033044338,0.18349827826023102,0.015504872426390648,0.43474873900413513,0.025743184611201286,0.2725682258605957,0.09562176465988159,0.3821803033351898,0.9074922204017639,0.0021949587389826775,2.096654176712036,0.3689120411872864,,,,,,,,,,,,,,,
1,,1693,,,,,,,,,,,,,,,,0.21396596729755402,0.040208958089351654,0.3367864489555359,0.01003742404282093,0.09864064306020737,0.005063643213361502,0.3179852366447449,0.03372454270720482,0.2959141433238983,0.08000598102807999,0.21367287635803223,0.7935169339179993,0.010640067048370838,2.0305540561676025,0.1922481209039688
,0.0002983031764806474,1699,,,,,,,,,,,,,,,,,,,,,,,,,,,,,,
2,,1699,0.19089968502521515,0.06824719905853271,0.6529923677444458,0.013525180518627167,0.1648980975151062,0.021917659789323807,0.5791248679161072,0.02954741194844246,0.39836737513542175,0.12930475175380707,0.3453991413116455,1.1619828939437866,0.008084746077656746,2.1197800636291504,0.3612385392189026,,,,,,,,,,,,,,,
,0.00029827464179901065,1709,,,,,,,,,,,,,,,,,,,,,,,,,,,,,,
2,,1709,0.1323452591896057,0.07030027359724045,0.6703627109527588,0.01920301280915737,0.2069738507270813,0.020962581038475037,0.5093286037445068,0.032953791320323944,0.2946849763393402,0.0638505220413208,0.3624576926231384,1.0654858350753784,0.008963655680418015,1.9648178815841675,0.47550898790359497,,,,,,,,,,,,,,,
,0.0002982458705743025,1719,,,,,,,,,,,,,,,,,,,,,,,,,,,,,,
2,,1719,0.10563775151968002,0.05763106048107147,0.5043522715568542,0.011023166589438915,0.18294543027877808,0.009192774072289467,0.49326154589653015,0.010471596382558346,0.2439931333065033,0.06885849684476852,0.3140715956687927,0.8317663073539734,0.004795080982148647,2.062592029571533,0.2917171120643616,,,,,,,,,,,,,,,
,0.00029821686285242196,1729,,,,,,,,,,,,,,,,,,,,,,,,,,,,,,
2,,1729,0.17590387165546417,0.0752960592508316,0.6413817405700684,0.019211603328585625,0.20263038575649261,0.020270483568310738,0.5624699592590332,0.030305935069918633,0.44503581523895264,0.08868405967950821,0.36038413643836975,1.2213859558105469,0.00899263471364975,2.0817313194274902,0.4018843173980713,,,,,,,,,,,,,,,
,0.00029818761867964505,1739,,,,,,,,,,,,,,,,,,,,,,,,,,,,,,
2,,1739,0.14329645037651062,0.06682433933019638,0.6042397618293762,0.02606559917330742,0.1801929771900177,0.03171179071068764,0.519077479839325,0.03310956060886383,0.365648090839386,0.08954757452011108,0.37028688192367554,1.1085082292556763,0.017338797450065613,2.076922655105591,0.3617773950099945,,,,,,,,,,,,,,,
,0.0002981581381026251,1749,,,,,,,,,,,,,,,,,,,,,,,,,,,,,,
2,,1749,0.1434725672006607,0.054831307381391525,0.5494539737701416,0.01217553112655878,0.18482354283332825,0.043332818895578384,0.504446804523468,0.043351687490940094,0.3649002015590668,0.12941023707389832,0.3280392587184906,1.0676146745681763,0.006971772760152817,2.181891679763794,0.34235671162605286,,,,,,,,,,,,,,,
,0.0002981284211683926,1759,,,,,,,,,,,,,,,,,,,,,,,,,,,,,,
2,,1759,0.1777675747871399,0.048957742750644684,0.5148690342903137,0.015321603044867516,0.16334660351276398,0.029636360704898834,0.3867742419242859,0.030240390449762344,0.31242045760154724,0.13045799732208252,0.3612197935581207,0.9739014506340027,0.007366260048002005,2.1557507514953613,0.3382139503955841,,,,,,,,,,,,,,,
,0.0002980984679243551,1769,,,,,,,,,,,,,,,,,,,,,,,,,,,,,,
2,,1769,0.1520746499300003,0.11405258625745773,0.5920817255973816,0.01112445443868637,0.15845784544944763,0.016391152516007423,0.6464880108833313,0.03392939269542694,0.3824549913406372,0.0628473311662674,0.36010533571243286,1.122438669204712,0.005902743898332119,2.0773603916168213,0.3295469582080841,,,,,,,,,,,,,,,
,0.0002980682784182971,1779,,,,,,,,,,,,,,,,,,,,,,,,,,,,,,
2,,1779,0.19340963661670685,0.06884641200304031,0.5984522700309753,0.01300845667719841,0.21164891123771667,0.02477564662694931,0.5813106894493103,0.04532681405544281,0.6196195483207703,0.10307979583740234,0.3486556112766266,1.3866350650787354,0.004174483474344015,2.1535067558288574,0.3496859669685364,,,,,,,,,,,,,,,
,0.00029803785269838,1789,,,,,,,,,,,,,,,,,,,,,,,,,,,,,,
2,,1789,0.11395455151796341,0.06895057111978531,0.5808312296867371,0.027666272595524788,0.16472934186458588,0.027653299272060394,0.5107421875,0.03441503643989563,0.3607173264026642,0.07986565679311752,0.3304784893989563,1.036333441734314,0.0056845624931156635,2.1246860027313232,0.2942442297935486,,,,,,,,,,,,,,,
,0.0002980071908131422,1799,,,,,,,,,,,,,,,,,,,,,,,,,,,,,,
2,,1799,0.09102578461170197,0.07474231719970703,0.6779286861419678,0.015516788698732853,0.1560813933610916,0.01910337246954441,0.5244176983833313,0.014566509053111076,0.19238421320915222,0.0722351148724556,0.3647206425666809,0.8770982027053833,0.005005312617868185,2.0877768993377686,0.35793671011924744,,,,,,,,,,,,,,,
,0.0002979762928114985,1809,,,,,,,,,,,,,,,,,,,,,,,,,,,,,,
2,,1809,0.16420787572860718,0.05819355323910713,0.6111522316932678,0.01601090468466282,0.205428346991539,0.0157935731112957,0.5955396890640259,0.029600543901324272,0.5895318984985352,0.11670952290296555,0.4015800356864929,1.3480768203735352,0.007101438473910093,2.1106762886047363,0.3704788088798523,,,,,,,,,,,,,,,
,0.0002979451587427407,1819,,,,,,,,,,,,,,,,,,,,,,,,,,,,,,
2,,1819,0.09837817400693893,0.05286436155438423,0.5903856754302979,0.01992921344935894,0.16170848906040192,0.024802636355161667,0.4868774712085724,0.020236916840076447,0.22854472696781158,0.052027229219675064,0.34567582607269287,0.8714281320571899,0.001599099487066269,2.0279855728149414,0.3406015932559967,,,,,,,,,,,,,,,
,0.0002979137886565372,1829,,,,,,,,,,,,,,,,,,,,,,,,,,,,,,
2,,1829,0.16108916699886322,0.08004201948642731,0.6084087491035461,0.01694764941930771,0.20092247426509857,0.023724013939499855,0.5799488425254822,0.04723494127392769,0.4838840961456299,0.11916027963161469,0.349304735660553,1.2592693567276,0.013241754844784737,2.1541287899017334,0.36020714044570923,,,,,,,,,,,,,,,
,0.0002978821826029326,1839,,,,,,,,,,,,,,,,,,,,,,,,,,,,,,
2,,1839,0.1306162327528,0.08170628547668457,0.656853199005127,0.011230600997805595,0.1913825422525406,0.030478356406092644,0.5358684062957764,0.03107764571905136,0.32845214009284973,0.07472497224807739,0.37286004424095154,1.0707157850265503,0.00929934624582529,2.1724963188171387,0.3759228587150574,,,,,,,,,,,,,,,
,0.0002978503406323483,1849,,,,,,,,,,,,,,,,,,,,,,,,,,,,,,
2,,1849,0.14386789500713348,0.12487314641475677,0.5507081151008606,0.01669272594153881,0.19375523924827576,0.019340526312589645,0.45863115787506104,0.029820576310157776,0.3110419511795044,0.10723172128200531,0.3539702594280243,1.026331901550293,0.010453702881932259,2.098400592803955,0.37193912267684937,,,,,,,,,,,,,,,
,0.0002978182627955819,1859,,,,,,,,,,,,,,,,,,,,,,,,,,,,,,
2,,1859,0.16933362185955048,0.08071446418762207,0.581031858921051,0.016972741112113,0.19417674839496613,0.03129623457789421,0.5941923260688782,0.02924773469567299,0.6646153926849365,0.0913112685084343,0.3589448630809784,1.419127106666565,0.006770073436200619,2.0835442543029785,0.3734429180622101,,,,,,,,,,,,,,,
,0.0002977859491438072,1869,,,,,,,,,,,,,,,,,,,,,,,,,,,,,,
2,,1869,0.13848699629306793,0.05749799311161041,0.5108622312545776,0.011860993690788746,0.17195607721805573,0.033709995448589325,0.49765586853027344,0.027678679674863815,0.3073042035102844,0.08159732073545456,0.34583285450935364,0.9639973640441895,0.008316188119351864,2.1007368564605713,0.3255726993083954,,,,,,,,,,,,,,,
,0.00029775339972857434,1879,,,,,,,,,,,,,,,,,,,,,,,,,,,,,,
2,,1879,0.1132228821516037,0.06555540859699249,0.674111008644104,0.020416757091879845,0.1739322990179062,0.014678338542580605,0.5601262450218201,0.023012977093458176,0.3827532231807709,0.0885014757514,0.30477410554885864,1.068542242050171,0.00580163998529315,2.0849692821502686,0.2880231440067291,,,,,,,,,,,,,,,
,0.0002977206146018095,1889,,,,,,,,,,,,,,,,,,,,,,,,,,,,,,
2,,1889,0.17251235246658325,0.0533396378159523,0.5479141473770142,0.022085469216108322,0.22181673347949982,0.020270563662052155,0.5097521543502808,0.033540029078722,0.43945038318634033,0.11046870052814484,0.33521127700805664,1.1506800651550293,0.00991194136440754,2.0207910537719727,0.3236198127269745,,,,,,,,,,,,,,,
,0.00029768759381581497,1899,,,,,,,,,,,,,,,,,,,,,,,,,,,,,,
2,,1899,0.18444587290287018,0.049538448452949524,0.5399448871612549,0.01795980893075466,0.18037542700767517,0.013560508377850056,0.47678861021995544,0.03707224130630493,0.35607340931892395,0.11733561754226685,0.3438574969768524,1.0424137115478516,0.011937656439840794,2.0850720405578613,0.2930189073085785,,,,,,,,,,,,,,,
,0.00029765433742326897,1909,,,,,,,,,,,,,,,,,,,,,,,,,,,,,,
2,,1909,0.09378493577241898,0.058881502598524094,0.5535992383956909,0.013449116609990597,0.1656428575515747,0.022658536210656166,0.48569154739379883,0.018518051132559776,0.19646018743515015,0.05923716351389885,0.3299286365509033,0.8070815801620483,0.007900388911366463,1.9767435789108276,0.2839823067188263,,,,,,,,,,,,,,,
,0.00029762084547722535,1919,,,,,,,,,,,,,,,,,,,,,,,,,,,,,,
2,,1919,0.13920839130878448,0.05590672791004181,0.5464150309562683,0.011169539764523506,0.14286836981773376,0.025496678426861763,0.5220645666122437,0.032935820519924164,0.34337639808654785,0.1106201708316803,0.3340839147567749,1.000462293624878,0.009529507718980312,2.1335675716400146,0.28389373421669006,,,,,,,,,,,,,,,
,0.0002975871180311141,1929,,,,,,,,,,,,,,,,,,,,,,,,,,,,,,
2,,1929,0.14243756234645844,0.06330227106809616,0.5908000469207764,0.023921510204672813,0.16930228471755981,0.024884691461920738,0.4762989580631256,0.03209259361028671,0.2804418206214905,0.08372478187084198,0.33427637815475464,0.9782992601394653,0.010432379320263863,2.1263585090637207,0.3479156494140625,,,,,,,,,,,,,,,
,0.0002975531551387407,1939,,,,,,,,,,,,,,,,,,,,,,,,,,,,,,
2,,1939,0.13210466504096985,0.09128966927528381,0.5966855883598328,0.013976341113448143,0.19954359531402588,0.013647421263158321,0.6311296224594116,0.03307952359318733,0.3458048105239868,0.10321716964244843,0.333103209733963,1.0924774408340454,0.012947401031851768,2.057208299636841,0.3616676926612854,,,,,,,,,,,,,,,
,0.0002975189568542862,1949,,,,,,,,,,,,,,,,,,,,,,,,,,,,,,
2,,1949,0.1523032784461975,0.05751948431134224,0.5461477637290955,0.022086655721068382,0.14741605520248413,0.02469068020582199,0.4926935136318207,0.023671207949519157,0.28783875703811646,0.11807134747505188,0.3281615972518921,0.9554668068885803,0.01777961105108261,2.0988221168518066,0.28457000851631165,,,,,,,,,,,,,,,
,0.00029748452323230735,1959,,,,,,,,,,,,,,,,,,,,,,,,,,,,,,
2,,1959,0.10902491211891174,0.11874617636203766,0.6599553227424622,0.018821896985173225,0.1750870645046234,0.01889922097325325,0.6172250509262085,0.019608289003372192,0.2058945596218109,0.1024618074297905,0.3755093216896057,0.9324196577072144,0.009982378222048283,2.0484821796417236,0.26705402135849,,,,,,,,,,,,,,,
,0.0002974498543277362,1969,,,,,,,,,,,,,,,,,,,,,,,,,,,,,,
2,,1969,0.08480528742074966,0.053803589195013046,0.5206037163734436,0.010790156200528145,0.1509997844696045,0.018176481127738953,0.47163355350494385,0.021830115467309952,0.2082713395357132,0.10292316228151321,0.3238586485385895,0.803442656993866,0.005247964058071375,2.1352736949920654,0.30747050046920776,,,,,,,,,,,,,,,
,0.0002974149501958801,1979,,,,,,,,,,,,,,,,,,,,,,,,,,,,,,
2,,1979,0.1522132009267807,0.06930231302976608,0.645794689655304,0.010035362094640732,0.1734125167131424,0.015552653931081295,0.5672950148582458,0.03257521241903305,0.3394955098628998,0.11118940263986588,0.36295148730278015,1.0695323944091797,0.013349546119570732,2.0643138885498047,0.31429657340049744,,,,,,,,,,,,,,,
,0.00029737981089242185,1989,,,,,,,,,,,,,,,,,,,,,,,,,,,,,,
2,,1989,0.07898037135601044,0.0563008151948452,0.586519718170166,0.00983491726219654,0.12036203593015671,0.015349788591265678,0.4429771900177002,0.024348054081201553,0.18921396136283875,0.07536013424396515,0.32290104031562805,0.7693479061126709,0.008994942530989647,2.0745961666107178,0.24865227937698364,,,,,,,,,,,,,,,
,0.00029734443647341926,1999,,,,,,,,,,,,,,,,,,,,,,,,,,,,,,
2,,1999,0.14673538506031036,0.05553027242422104,0.5059042572975159,0.012407951056957245,0.1662915199995041,0.0170973502099514,0.41978976130485535,0.034349314868450165,0.3355425298213959,0.11858974397182465,0.3194601237773895,0.9677548408508301,0.0021595358848571777,2.1020352840423584,0.330649733543396,,,,,,,,,,,,,,,
,0.0002973088269953053,2009,,,,,,,,,,,,,,,,,,,,,,,,,,,,,,
2,,2009,0.108421191573143,0.062426384538412094,0.48438480496406555,0.019569486379623413,0.16515855491161346,0.022282518446445465,0.44350549578666687,0.016549769788980484,0.2550349831581116,0.11174844205379486,0.3100665509700775,0.8449086546897888,0.005706735420972109,2.095499038696289,0.27156075835227966,,,,,,,,,,,,,,,
,0.0002972729825148878,2019,,,,,,,,,,,,,,,,,,,,,,,,,,,,,,
2,,2019,0.10734724998474121,0.12645037472248077,0.6454463601112366,0.023052701726555824,0.18069249391555786,0.013743171468377113,0.6205936670303345,0.032692305743694305,0.38333970308303833,0.10391614586114883,0.36700573563575745,1.1474357843399048,0.0062355175614356995,2.145418643951416,0.3601534962654114,,,,,,,,,,,,,,,
,0.0002972369030893497,2029,,,,,,,,,,,,,,,,,,,,,,,,,,,,,,
2,,2029,0.15346390008926392,0.09943131357431412,0.6113880276679993,0.021620607003569603,0.18322311341762543,0.023069901391863823,0.5555413961410522,0.0354359894990921,0.38149166107177734,0.08410480618476868,0.32446974515914917,1.122130274772644,0.008879256434738636,2.0009100437164307,0.33682045340538025,,,,,,,,,,,,,,,
,0.0002972005887762486,2039,,,,,,,,,,,,,,,,,,,,,,,,,,,,,,
2,,2039,0.12585243582725525,0.04369943216443062,0.5131494998931885,0.011434875428676605,0.15734080970287323,0.02391565777361393,0.3857099413871765,0.022416725754737854,0.2926660180091858,0.08692795038223267,0.3562536835670471,0.8988455533981323,0.0040966663509607315,2.0272388458251953,0.33956658840179443,,,,,,,,,,,,,,,
,0.00029716403963351684,2049,,,,,,,,,,,,,,,,,,,,,,,,,,,,,,
2,,2049,0.18153956532478333,0.046880558133125305,0.5025403499603271,0.011881191283464432,0.19517160952091217,0.015659358352422714,0.40234577655792236,0.044423509389162064,0.5528401732444763,0.11179286241531372,0.3458016514778137,1.2225390672683716,0.0040517449378967285,2.1485435962677,0.35306674242019653,,,,,,,,,,,,,,,
,0.0002971272557194614,2059,,,,,,,,,,,,,,,,,,,,,,,,,,,,,,
2,,2059,0.12417180091142654,0.08814813941717148,0.4997776448726654,0.02008657157421112,0.16337309777736664,0.01354950200766325,0.4644579291343689,0.031737376004457474,0.31449204683303833,0.09546244144439697,0.34699746966362,0.9564852118492126,0.004645614884793758,2.076369524002075,0.30264610052108765,,,,,,,,,,,,,,,
,0.0002970902370927638,2069,,,,,,,,,,,,,,,,,,,,,,,,,,,,,,
2,,2069,0.1457015722990036,0.04448390379548073,0.6109147667884827,0.01665234938263893,0.18477992713451385,0.03294691815972328,0.485720157623291,0.033482782542705536,0.3551197946071625,0.08364351093769073,0.35203927755355835,1.0464688539505005,0.005701947025954723,2.0622124671936035,0.3151342570781708,,,,,,,,,,,,,,,
,0.00029705298381248,2079,,,,,,,,,,,,,,,,,,,,,,,,,,,,,,
2,,2079,0.057993486523628235,0.07593759149312973,0.6288003921508789,0.020739702507853508,0.15592040121555328,0.036039844155311584,0.4958595037460327,0.026068584993481636,0.23789198696613312,0.08358103781938553,0.3575300872325897,0.9047591686248779,0.006183149758726358,2.052936315536499,0.33618566393852234,,,,,,,,,,,,,,,
,0.00029701549593804023,2089,,,,,,,,,,,,,,,,,,,,,,,,,,,,,,
2,,2089,0.08289512246847153,0.07435257732868195,0.580818235874176,0.006634858902543783,0.18037952482700348,0.008374211378395557,0.3744765818119049,0.02224108949303627,0.19662076234817505,0.06817324459552765,0.3613528907299042,0.8238032460212708,0.00968299899250269,2.070685386657715,0.3926389515399933,,,,,,,,,,,,,,,
,0.00029697777352924914,2099,,,,,,,,,,,,,,,,,,,,,,,,,,,,,,
2,,2099,0.1416722685098648,0.05752833932638168,0.6069521903991699,0.022040093317627907,0.1914399117231369,0.027751676738262177,0.56100994348526,0.022474858909845352,0.27009668946266174,0.11051206290721893,0.3534788489341736,0.9962287545204163,0.00618749437853694,2.066025972366333,0.3674521744251251,,,,,,,,,,,,,,,
,0.00029693981664628534,2109,,,,,,,,,,,,,,,,,,,,,,,,,,,,,,
2,,2109,0.1527571976184845,0.061516210436820984,0.5998169779777527,0.011403541080653667,0.2194475382566452,0.017744431272149086,0.5549949407577515,0.030146915465593338,0.4664079546928406,0.09095288813114166,0.3460932672023773,1.1830672025680542,0.0035102644469588995,2.1289777755737305,0.3510797321796417,,,,,,,,,,,,,,,
,0.0002969016253497016,2119,,,,,,,,,,,,,,,,,,,,,,,,,,,,,,
2,,2119,0.14038118720054626,0.07199398428201675,0.5829275250434875,0.017294248566031456,0.1505252718925476,0.022186685353517532,0.4185495376586914,0.01860717684030533,0.2343069165945053,0.046086911112070084,0.34964504837989807,0.877221405506134,0.01255508977919817,1.9863990545272827,0.30129164457321167,,,,,,,,,,,,,,,
,0.00029686319970042473,2129,,,,,,,,,,,,,,,,,,,,,,,,,,,,,,
2,,2129,0.11400306224822998,0.05012990161776543,0.5326542258262634,0.014757617376744747,0.17447923123836517,0.011272056959569454,0.388071745634079,0.02804107964038849,0.22911155223846436,0.08243222534656525,0.34243300557136536,0.8348873257637024,0.0039655594155192375,1.9964916706085205,0.3167884647846222,,,,,,,,,,,,,,,
,0.0002968245397597551,2139,,,,,,,,,,,,,,,,,,,,,,,,,,,,,,
2,,2139,0.15613166987895966,0.045564256608486176,0.504928469657898,0.01126637402921915,0.16475825011730194,0.02284451760351658,0.3877723813056946,0.025616565719246864,0.2869875729084015,0.039139144122600555,0.32040858268737793,0.8922458291053772,0.004709536209702492,2.05261492729187,0.3212939202785492,,,,,,,,,,,,,,,
,0.00029678564558936727,2149,,,,,,,,,,,,,,,,,,,,,,,,,,,,,,
2,,2149,0.1463548094034195,0.06246098503470421,0.5831345319747925,0.022897405549883842,0.19249193370342255,0.024479473009705544,0.47579365968704224,0.0260787196457386,0.28756001591682434,0.09864655137062073,0.37401172518730164,1.004847764968872,0.009197383187711239,2.1205694675445557,0.3903389871120453,,,,,,,,,,,,,,,
,0.0002967465172513091,2159,,,,,,,,,,,,,,,,,,,,,,,,,,,,,,
2,,2159,0.11986702680587769,0.05867082253098488,0.5148234963417053,0.008413661271333694,0.1435304582118988,0.012905457057058811,0.4005555808544159,0.0167788565158844,0.2957950532436371,0.07472193986177444,0.32931938767433167,0.8721678256988525,0.0018780460814014077,2.0968148708343506,0.30635637044906616,,,,,,,,,,,,,,,
,0.00029670715480800225,2169,,,,,,,,,,,,,,,,,,,,,,,,,,,,,,
2,,2169,0.1202056035399437,0.06210661679506302,0.5509089231491089,0.021279480308294296,0.17118291556835175,0.019263239577412605,0.487006813287735,0.026843968778848648,0.2958582639694214,0.06988615542650223,0.3753525912761688,0.9592680335044861,0.0028034490533173084,2.0428354740142822,0.34177419543266296,,,,,,,,,,,,,,,
,0.0002966675583222417,2179,,,,,,,,,,,,,,,,,,,,,,,,,,,,,,
2,,2179,0.1410728245973587,0.05255407840013504,0.5299879908561707,0.012813499197363853,0.1522597074508667,0.01810789480805397,0.44265326857566833,0.024933943524956703,0.24999307096004486,0.1030057892203331,0.3348337411880493,0.8675061464309692,0.007981941103935242,2.0164453983306885,0.2700977623462677,,,,,,,,,,,,,,,
,0.00029662772785719595,2189,,,,,,,,,,,,,,,,,,,,,,,,,,,,,,
2,,2189,0.21106016635894775,0.05642318353056908,0.5722469091415405,0.01769406907260418,0.17302951216697693,0.025291718542575836,0.6062031984329224,0.034147970378398895,0.45662447810173035,0.09026261419057846,0.34421318769454956,1.212533950805664,0.012922297231853008,2.09932804107666,0.3384525179862976,,,,,,,,,,,,,,,
,0.0002965876634764066,2199,,,,,,,,,,,,,,,,,,,,,,,,,,,,,,
2,,2199,0.147618368268013,0.06859414279460907,0.5884148478507996,0.014025784097611904,0.15482759475708008,0.02228696458041668,0.46353501081466675,0.025458762422204018,0.3254554867744446,0.08395697921514511,0.32528579235076904,0.9889649152755737,0.00932845938950777,2.013624668121338,0.31180042028427124,,,,,,,,,,,,,,,
,0.0002965473652437886,2209,,,,,,,,,,,,,,,,,,,,,,,,,,,,,,
2,,2209,0.13263645768165588,0.041796207427978516,0.5443601608276367,0.02570112608373165,0.12314610183238983,0.008898086845874786,0.40258410573005676,0.011250670999288559,0.21112249791622162,0.12699975073337555,0.31975844502449036,0.7963183522224426,0.004821303766220808,2.0484368801116943,0.26064935326576233,,,,,,,,,,,,,,,
,0.0002965068332236298,2219,,,,,,,,,,,,,,,,,,,,,,,,,,,,,,
2,,2219,0.13973116874694824,0.0817369669675827,0.5720644593238831,0.01998170278966427,0.18133370578289032,0.02442343533039093,0.48787105083465576,0.026912253350019455,0.3107761740684509,0.07895620167255402,0.3338192403316498,0.9908179640769958,0.010603812523186207,2.0001542568206787,0.3008134663105011,,,,,,,,,,,,,,,
,0.00029646606748059105,2229,,,,,,,,,,,,,,,,,,,,,,,,,,,,,,
2,,2229,0.14282995462417603,0.11369901150465012,0.5749139189720154,0.016469046473503113,0.1912439465522766,0.02344575524330139,0.48640111088752747,0.03273386508226395,0.3418521583080292,0.07411247491836548,0.35986390709877014,1.054209589958191,0.0056526982225477695,2.0504701137542725,0.3463641405105591,,,,,,,,,,,,,,,
,0.00029642506807970616,2239,,,,,,,,,,,,,,,,,,,,,,,,,,,,,,
2,,2239,0.08423882722854614,0.08805190026760101,0.597584068775177,0.015088425017893314,0.13365881145000458,0.014811250381171703,0.41526350378990173,0.013790844939649105,0.16381797194480896,0.07191458344459534,0.3227962553501129,0.7586935758590698,0.005498763173818588,2.041886568069458,0.2796647548675537,,,,,,,,,,,,,,,
,0.0002963838350863815,2249,,,,,,,,,,,,,,,,,,,,,,,,,,,,,,
2,,2249,0.1252678483724594,0.06975449621677399,0.49887019395828247,0.008413679897785187,0.157905712723732,0.016168400645256042,0.409867525100708,0.02553665079176426,0.3041076064109802,0.11975251138210297,0.32353535294532776,0.9063416123390198,0.004712626338005066,2.048280715942383,0.30225613713264465,,,,,,,,,,,,,,,
,0.00029634236856639637,2259,,,,,,,,,,,,,,,,,,,,,,,,,,,,,,
2,,2259,0.128407821059227,0.04928359389305115,0.5417066216468811,0.009647006168961525,0.15502455830574036,0.02349928766489029,0.4269658029079437,0.030848462134599686,0.31971487402915955,0.07940758764743805,0.37029173970222473,0.9427048563957214,0.0025742962025105953,2.089078664779663,0.30091381072998047,,,,,,,,,,,,,,,
,0.0002963006685859024,2269,,,,,,,,,,,,,,,,,,,,,,,,,,,,,,
2,,2269,0.12409397214651108,0.1193813905119896,0.5704473853111267,0.01985146664083004,0.16318972408771515,0.02936670370399952,0.49606242775917053,0.01913713850080967,0.3026160001754761,0.0706300362944603,0.32050129771232605,0.9474373459815979,0.0033653071150183678,2.073532819747925,0.22447533905506134,,,,,,,,,,,,,,,
,0.00029625873521142373,2279,,,,,,,,,,,,,,,,,,,,,,,,,,,,,,
2,,2279,0.12224212288856506,0.040238186717033386,0.5012571811676025,0.018162868916988373,0.1483900249004364,0.013104015961289406,0.33542007207870483,0.014812638983130455,0.23030434548854828,0.09321654587984085,0.31737032532691956,0.7862396240234375,0.0021041773725301027,2.050898313522339,0.29433706402778625,,,,,,,,,,,,,,,
,0.00029621656850985673,2289,,,,,,,,,,,,,,,,,,,,,,,,,,,,,,
2,,2289,0.14470376074314117,0.04274545609951019,0.526450514793396,0.01845865696668625,0.132907897233963,0.021910186856985092,0.3884058892726898,0.02592333033680916,0.2649633586406708,0.08491440117359161,0.2898205518722534,0.8516413569450378,0.005868016742169857,2.0779316425323486,0.2568598687648773,,,,,,,,,,,,,,,
,0.0002961741685484702,2299,,,,,,,,,,,,,,,,,,,,,,,,,,,,,,
2,,2299,0.11853718757629395,0.06270483136177063,0.5940371155738831,0.021205177530646324,0.16153042018413544,0.019317680969834328,0.463960200548172,0.026265673339366913,0.24015727639198303,0.10002786666154861,0.36250224709510803,0.9239456057548523,0.007897044532001019,2.0902187824249268,0.37440866231918335,,,,,,,,,,,,,,,
,0.0002961315353949049,2309,,,,,,,,,,,,,,,,,,,,,,,,,,,,,,
2,,2309,0.13029959797859192,0.12735559046268463,0.5538917183876038,0.03311188519001007,0.24907763302326202,0.014177951030433178,0.5405124425888062,0.0436214879155159,0.6864463686943054,0.08675522357225418,0.35190483927726746,1.4584612846374512,0.01018113736063242,2.0337634086608887,0.3832002580165863,,,,,,,,,,,,,,,
,0.0002960886691171737,2319,,,,,,,,,,,,,,,,,,,,,,,,,,,,,,
2,,2319,0.10283061116933823,0.05549986660480499,0.45517295598983765,0.009690597653388977,0.12709130346775055,0.012196026742458344,0.33332502841949463,0.019199348986148834,0.21190443634986877,0.06964246928691864,0.29295289516448975,0.7174987196922302,0.003056140849366784,2.0890605449676514,0.24413983523845673,,,,,,,,,,,,,,,
,0.0002960455697836612,2329,,,,,,,,,,,,,,,,,,,,,,,,,,,,,,
2,,2329,0.1333063244819641,0.0636032223701477,0.6080852150917053,0.014946972019970417,0.15803468227386475,0.0096916314214468,0.3905585706233978,0.037240203469991684,0.34780213236808777,0.1034509614109993,0.37557756900787354,1.0102816820144653,0.0020663656760007143,2.0698635578155518,0.33692866563796997,,,,,,,,,,,,,,,
,0.0002960022374631241,2339,,,,,,,,,,,,,,,,,,,,,,,,,,,,,,
2,,2339,0.14530597627162933,0.04571067914366722,0.4896848797798157,0.015957387164235115,0.13578152656555176,0.013013185933232307,0.4441260099411011,0.012478766962885857,0.23742598295211792,0.058052562177181244,0.2990383505821228,0.8105835318565369,0.008658181875944138,2.1039586067199707,0.26073795557022095,,,,,,,,,,,,,,,
,0.0002959586722246906,2349,,,,,,,,,,,,,,,,,,,,,,,,,,,,,,
2,,2349,0.20205840468406677,0.08378441631793976,0.5307585597038269,0.028131425380706787,0.1702508181333542,0.030939355492591858,0.43729719519615173,0.027451496571302414,0.38815683126449585,0.07494340091943741,0.3539523184299469,1.1033481359481812,0.00947450753301382,2.095885753631592,0.35658249258995056,,,,,,,,,,,,,,,
,0.0002959148741378603,2359,,,,,,,,,,,,,,,,,,,,,,,,,,,,,,
2,,2359,0.1096840500831604,0.055357590317726135,0.626558244228363,0.016714731231331825,0.1710985153913498,0.0186922624707222,0.43431544303894043,0.023136425763368607,0.2909298241138458,0.11222440004348755,0.369118869304657,0.964199960231781,0.0045149619691073895,2.0590505599975586,0.37531498074531555,,,,,,,,,,,,,,,
,0.0002958708432725046,2369,,,,,,,,,,,,,,,,,,,,,,,,,,,,,,
2,,2369,0.14179247617721558,0.05548842251300812,0.501790463924408,0.011868922039866447,0.1558069884777069,0.034906912595033646,0.41748711466789246,0.03514369577169418,0.3936053514480591,0.08327119052410126,0.3120187222957611,1.0101109743118286,0.005644164048135281,2.0956528186798096,0.28182896971702576,,,,,,,,,,,,,,,
,0.00029582657969886596,2379,,,,,,,,,,,,,,,,,,,,,,,,,,,,,,
2,,2379,0.09226907044649124,0.05383424833416939,0.5242958068847656,0.01805175468325615,0.14827285706996918,0.02248997427523136,0.4329850673675537,0.012145892716944218,0.1729421317577362,0.09072044491767883,0.3096347749233246,0.7371309399604797,0.0054263523779809475,2.075261354446411,0.2383779138326645,,,,,,,,,,,,,,,
,0.0002957820834875584,2389,,,,,,,,,,,,,,,,,,,,,,,,,,,,,,
2,,2389,0.0967099517583847,0.044355832040309906,0.4716470539569855,0.013230659998953342,0.09466861933469772,0.026755623519420624,0.30633729696273804,0.016527442261576653,0.1843101680278778,0.08859669417142868,0.28438907861709595,0.6839152574539185,0.00479714572429657,2.072202205657959,0.24553923308849335,,,,,,,,,,,,,,,
,0.0002957373547095668,2399,,,,,,,,,,,,,,,,,,,,,,,,,,,,,,
2,,2399,0.08791350573301315,0.07538251578807831,0.6230354309082031,0.008509347215294838,0.14131110906600952,0.014526968821883202,0.419951856136322,0.014454653486609459,0.1718059629201889,0.08716464042663574,0.2957061231136322,0.7658575773239136,0.008795512840151787,2.080115795135498,0.2715885639190674,,,,,,,,,,,,,,,
,0.00029569239343624714,2409,,,,,,,,,,,,,,,,,,,,,,,,,,,,,,
2,,2409,0.1333746761083603,0.056565310806035995,0.4839344322681427,0.018560366705060005,0.15053117275238037,0.017859097570180893,0.393736332654953,0.019247116521000862,0.26537567377090454,0.0953013077378273,0.3401484787464142,0.8654894828796387,0.00655011273920536,2.086392879486084,0.3131366968154907,,,,,,,,,,,,,,,
,0.00029564719973932627,2419,,,,,,,,,,,,,,,,,,,,,,,,,,,,,,
2,,2419,0.12607964873313904,0.04541146382689476,0.5315297842025757,0.01880514807999134,0.17102369666099548,0.014228839427232742,0.4308713376522064,0.04273302108049393,0.3182591199874878,0.10380182415246964,0.3492181897163391,0.9676288366317749,0.00549382995814085,2.0759737491607666,0.32890748977661133,,,,,,,,,,,,,,,
,0.00029560177369090186,2429,,,,,,,,,,,,,,,,,,,,,,,,,,,,,,
2,,2429,0.07568366825580597,0.05156238004565239,0.5756266117095947,0.010203651152551174,0.14753340184688568,0.019353438168764114,0.44329527020454407,0.01963745430111885,0.19085532426834106,0.05513881891965866,0.3199116587638855,0.7720184326171875,0.0028024849016219378,2.0638551712036133,0.2924257516860962,,,,,,,,,,,,,,,
,0.0002955561153634423,2439,,,,,,,,,,,,,,,,,,,,,,,,,,,,,,
2,,2439,0.16215339303016663,0.09458518773317337,0.48585498332977295,0.010654306039214134,0.17313455045223236,0.01506192609667778,0.4736509323120117,0.029170988127589226,0.3573414385318756,0.09130893647670746,0.31141018867492676,0.992216944694519,0.006426391191780567,2.0630240440368652,0.26250267028808594,,,,,,,,,,,,,,,
,0.0002955102248297865,2449,,,,,,,,,,,,,,,,,,,,,,,,,,,,,,
2,,2449,0.12548033893108368,0.0609518364071846,0.5400792956352234,0.01004837080836296,0.15097753703594208,0.018360210582613945,0.45443832874298096,0.025949716567993164,0.2791353464126587,0.06050727516412735,0.3287689983844757,0.8989410400390625,0.0026413225568830967,2.0584356784820557,0.3221918046474457,,,,,,,,,,,,,,,
,0.0002954641021631437,2459,,,,,,,,,,,,,,,,,,,,,,,,,,,,,,
2,,2459,0.10421501100063324,0.052891265600919724,0.46534138917922974,0.005806628614664078,0.13745327293872833,0.030531661584973335,0.39811429381370544,0.014411662705242634,0.2408619076013565,0.10166443139314651,0.3000567853450775,0.7962786555290222,0.007748683914542198,2.0428216457366943,0.30054885149002075,,,,,,,,,,,,,,,
,0.0002954177474370937,2469,,,,,,,,,,,,,,,,,,,,,,,,,,,,,,
2,,2469,0.11753004789352417,0.0559588260948658,0.4648107588291168,0.014497039839625359,0.15620532631874084,0.016209956258535385,0.4010859429836273,0.01745503768324852,0.23191343247890472,0.06497806310653687,0.31716373562812805,0.7936547994613647,0.009718874469399452,2.0768635272979736,0.2629040777683258,,,,,,,,,,,,,,,
,0.0002953711607255862,2479,,,,,,,,,,,,,,,,,,,,,,,,,,,,,,
2,,2479,0.061014533042907715,0.1045440286397934,0.6019923686981201,0.014043277129530907,0.1417684406042099,0.010650410316884518,0.4478267431259155,0.00723308976739645,0.10151401162147522,0.0524841770529747,0.3337254822254181,0.6959101557731628,0.003589385189116001,2.0778651237487793,0.2975536286830902,,,,,,,,,,,,,,,
,0.0002953243421029412,2489,,,,,,,,,,,,,,,,,,,,,,,,,,,,,,
2,,2489,0.0739346519112587,0.054108645766973495,0.5612353086471558,0.008749841712415218,0.12113253772258759,0.022371239960193634,0.42759379744529724,0.01689891889691353,0.18798232078552246,0.09349725395441055,0.31479978561401367,0.7596232295036316,0.007628464139997959,2.119100570678711,0.28676825761795044,,,,,,,,,,,,,,,
,0.0002952772916438487,2499,,,,,,,,,,,,,,,,,,,,,,,,,,,,,,
2,,2499,0.11037489771842957,0.05046495422720909,0.5339284539222717,0.009556213393807411,0.14671501517295837,0.008532979525625706,0.3679566979408264,0.021836817264556885,0.2155025452375412,0.08440955728292465,0.3271782696247101,0.788446843624115,0.0058998535387218,2.196282148361206,0.29689282178878784,,,,,,,,,,,,,,,
,0.0002952300094233684,2509,,,,,,,,,,,,,,,,,,,,,,,,,,,,,,
2,,2509,0.11250791698694229,0.10333401709794998,0.5379184484481812,0.00954174529761076,0.1634007692337036,0.021639764308929443,0.43174391984939575,0.027727261185646057,0.2402259111404419,0.0992516353726387,0.32712987065315247,0.8807762861251831,0.005751783959567547,2.057124614715576,0.32882222533226013,,,,,,,,,,,,,,,
,0.0002951824955169298,2519,,,,,,,,,,,,,,,,,,,,,,,,,,,,,,
2,,2519,0.1094057634472847,0.04606788977980614,0.540744423866272,0.016944680362939835,0.154390349984169,0.013517473824322224,0.4284880757331848,0.014645013026893139,0.20498669147491455,0.06077508255839348,0.30959343910217285,0.7940566539764404,0.010959086939692497,2.0368740558624268,0.2921816408634186,,,,,,,,,,,,,,,
,0.000295134750000332,2529,,,,,,,,,,,,,,,,,,,,,,,,,,,,,,
2,,2529,0.1225501298904419,0.04337107390165329,0.4937603771686554,0.02099469304084778,0.14337840676307678,0.012102157808840275,0.3752910792827606,0.017883064225316048,0.31656500697135925,0.09223100543022156,0.2974937856197357,0.8908926844596863,0.008438206277787685,2.1856496334075928,0.30402734875679016,,,,,,,,,,,,,,,
,0.00029508677294974356,2539,,,,,,,,,,,,,,,,,,,,,,,,,,,,,,
2,,2539,0.08822005987167358,0.045412514358758926,0.46232011914253235,0.014222115278244019,0.13159485161304474,0.01544095017015934,0.3290671110153198,0.01676524057984352,0.19687606394290924,0.07699919492006302,0.2768726944923401,0.6969887018203735,0.010608998127281666,2.2139856815338135,0.2257828414440155,,,,,,,,,,,,,,,
2,,2540,,,,,,,,,,,,,,,,0.18071064352989197,0.032902877777814865,0.2827789783477783,0.008523882366716862,0.08327621966600418,0.00503532076254487,0.2246389240026474,0.026461929082870483,0.23450931906700134,0.06921370327472687,0.1870497167110443,0.6414433121681213,0.009018105454742908,1.9881788492202759,0.15763825178146362
,0.00029503856444170254,2549,,,,,,,,,,,,,,,,,,,,,,,,,,,,,,
3,,2549,0.10922964662313461,0.06720954924821854,0.5169077515602112,0.008859104476869106,0.15277661383152008,0.021322278305888176,0.3990824222564697,0.023831486701965332,0.25811147689819336,0.06800901144742966,0.3387860059738159,0.8520215749740601,0.013247278518974781,2.0568997859954834,0.2827226519584656,,,,,,,,,,,,,,,
,0.0002949901245531161,2559,,,,,,,,,,,,,,,,,,,,,,,,,,,,,,
3,,2559,0.1253725290298462,0.08344483375549316,0.4970703125,0.01753276027739048,0.18540054559707642,0.011594705283641815,0.43340975046157837,0.02255171351134777,0.29801779985427856,0.06876017898321152,0.35675638914108276,0.9219088554382324,0.005678175017237663,2.0999090671539307,0.302592933177948,,,,,,,,,,,,,,,
,0.00029494145336126054,2569,,,,,,,,,,,,,,,,,,,,,,,,,,,,,,
3,,2569,0.10313285142183304,0.05556662380695343,0.5297016501426697,0.010247400030493736,0.14455458521842957,0.012708871625363827,0.43377071619033813,0.021026313304901123,0.24215218424797058,0.11124811321496964,0.33725857734680176,0.8221184611320496,0.006776982452720404,1.9986814260482788,0.24712422490119934,,,,,,,,,,,,,,,
,0.00029489255094378126,2579,,,,,,,,,,,,,,,,,,,,,,,,,,,,,,
3,,2579,0.17704270780086517,0.07795459032058716,0.6416882872581482,0.015620352700352669,0.1737707406282425,0.017554353922605515,0.4846290349960327,0.03625787794589996,0.387764573097229,0.09771370142698288,0.3347141444683075,1.1063733100891113,0.006003015208989382,2.0837433338165283,0.311802476644516,,,,,,,,,,,,,,,
,0.00029484341737869235,2589,,,,,,,,,,,,,,,,,,,,,,,,,,,,,,
3,,2589,0.16165569424629211,0.04674247279763222,0.4827587306499481,0.011828692629933357,0.13242046535015106,0.024591201916337013,0.363524854183197,0.02597793936729431,0.3152598440647125,0.08687123656272888,0.3299442529678345,0.897319495677948,0.005155469756573439,2.097527265548706,0.26481199264526367,,,,,,,,,,,,,,,
,0.00029479405274437687,2599,,,,,,,,,,,,,,,,,,,,,,,,,,,,,,
3,,2599,0.09855425357818604,0.07518564909696579,0.592212975025177,0.017206871882081032,0.15477389097213745,0.017570117488503456,0.4865134656429291,0.022032780572772026,0.25578004121780396,0.0882885530591011,0.3070392310619354,0.871990978717804,0.009035132825374603,2.0462677478790283,0.2238762378692627,,,,,,,,,,,,,,,
,0.0002947444571195864,2609,,,,,,,,,,,,,,,,,,,,,,,,,,,,,,
3,,2609,0.08785612136125565,0.03288375586271286,0.47587671875953674,0.009315455332398415,0.12976613640785217,0.00902598723769188,0.3109126389026642,0.016424039378762245,0.18089886009693146,0.08878576010465622,0.3331952393054962,0.705400824546814,0.006384268403053284,1.9939182996749878,0.32631322741508484,,,,,,,,,,,,,,,
,0.0002946946305834409,2619,,,,,,,,,,,,,,,,,,,,,,,,,,,,,,
3,,2619,0.130503848195076,0.0519212931394577,0.43489980697631836,0.013454009778797626,0.13995639979839325,0.01850106008350849,0.3475516140460968,0.013467423617839813,0.2359182983636856,0.13766494393348694,0.3184383511543274,0.7845556735992432,0.005695135332643986,2.069739818572998,0.2802180051803589,,,,,,,,,,,,,,,
,0.0002946445732154289,2629,,,,,,,,,,,,,,,,,,,,,,,,,,,,,,
3,,2629,0.13212242722511292,0.04983603209257126,0.44945865869522095,0.014073722995817661,0.10447084158658981,0.01795235648751259,0.31386756896972656,0.008177840150892735,0.14556555449962616,0.09565248340368271,0.2842348515987396,0.6472408175468445,0.002332886680960655,2.032996654510498,0.23833976686000824,,,,,,,,,,,,,,,
,0.00029459428509540715,2639,,,,,,,,,,,,,,,,,,,,,,,,,,,,,,
3,,2639,0.11249832808971405,0.04226120933890343,0.4340972900390625,0.020956289023160934,0.13501660525798798,0.01003646943718195,0.29911139607429504,0.023527584969997406,0.20697686076164246,0.11440329253673553,0.303975909948349,0.7285786867141724,0.0052507491782307625,2.0401294231414795,0.25659483671188354,,,,,,,,,,,,,,,
,0.0002945437663036004,2649,,,,,,,,,,,,,,,,,,,,,,,,,,,,,,
3,,2649,0.08514387905597687,0.05028626695275307,0.5078589916229248,0.011611420661211014,0.1590462028980255,0.012919379398226738,0.35933274030685425,0.028949972242116928,0.23641183972358704,0.07234223186969757,0.3272112011909485,0.8062222599983215,0.01050908025354147,2.1014130115509033,0.30449265241622925,,,,,,,,,,,,,,,
,0.0002944930169206015,2659,,,,,,,,,,,,,,,,,,,,,,,,,,,,,,
3,,2659,0.08490721136331558,0.06612712889909744,0.5637025237083435,0.012258180417120457,0.10161662846803665,0.015631115064024925,0.3676409125328064,0.01363973505795002,0.1423512101173401,0.07194633781909943,0.3234357535839081,0.7030903697013855,0.011475584469735622,2.125797748565674,0.2824714183807373,,,,,,,,,,,,,,,
,0.0002944420370273711,2669,,,,,,,,,,,,,,,,,,,,,,,,,,,,,,
3,,2669,0.16782525181770325,0.09283895045518875,0.5672128200531006,0.01199220959097147,0.17215324938297272,0.028334109112620354,0.4907718002796173,0.03551431745290756,0.37182706594467163,0.09738996624946594,0.324504554271698,1.0697412490844727,0.0074442969635128975,2.120680332183838,0.3078117072582245,,,,,,,,,,,,,,,
,0.0002943908267052376,2679,,,,,,,,,,,,,,,,,,,,,,,,,,,,,,
3,,2679,0.1774677187204361,0.05597123131155968,0.4864780902862549,0.02337423712015152,0.20170575380325317,0.015090081840753555,0.45622554421424866,0.033217500895261765,0.43253293633461,0.11868956685066223,0.33047547936439514,1.109885334968567,0.012415485456585884,2.1560120582580566,0.317842960357666,,,,,,,,,,,,,,,
,0.000294339386035897,2689,,,,,,,,,,,,,,,,,,,,,,,,,,,,,,
3,,2689,0.14113974571228027,0.05634661391377449,0.4638623595237732,0.017551153898239136,0.1452587991952896,0.024768022820353508,0.36417970061302185,0.024939246475696564,0.2650855779647827,0.061408691108226776,0.30148959159851074,0.8366842269897461,0.00655768858268857,2.0472264289855957,0.270101398229599,,,,,,,,,,,,,,,
,0.00029428771510141283,2699,,,,,,,,,,,,,,,,,,,,,,,,,,,,,,
3,,2699,0.09785290062427521,0.05662721022963524,0.549780011177063,0.01118371170014143,0.14406518638134003,0.015826161950826645,0.3549101948738098,0.017164036631584167,0.18143132328987122,0.08577996492385864,0.2870490550994873,0.7427943348884583,0.006634091958403587,2.0814599990844727,0.2897869646549225,,,,,,,,,,,,,,,
,0.0002942358139842159,2709,,,,,,,,,,,,,,,,,,,,,,,,,,,,,,
3,,2709,0.11210428923368454,0.0503927581012249,0.5123500227928162,0.013892053626477718,0.14634881913661957,0.02244819886982441,0.3794114589691162,0.02395470440387726,0.287627249956131,0.08851191401481628,0.3575744330883026,0.8720214366912842,0.0037688198499381542,2.0957179069519043,0.2846951186656952,,,,,,,,,,,,,,,
,0.00029418368276710425,2719,,,,,,,,,,,,,,,,,,,,,,,,,,,,,,
3,,2719,0.12108945101499557,0.04380739480257034,0.5596714615821838,0.013682570308446884,0.14719700813293457,0.012566317804157734,0.38832998275756836,0.023242060095071793,0.30858314037323,0.08823361992835999,0.3250869810581207,0.9129846692085266,0.001893839449621737,2.1102852821350098,0.3373221755027771,,,,,,,,,,,,,,,
,0.000294131321533243,2729,,,,,,,,,,,,,,,,,,,,,,,,,,,,,,
3,,2729,0.15069763362407684,0.03515559807419777,0.44251325726509094,0.005803865380585194,0.15209709107875824,0.0221727155148983,0.33994150161743164,0.024155743420124054,0.2769087553024292,0.05564988777041435,0.31079092621803284,0.818543016910553,0.002316854428499937,2.077383279800415,0.2753036916255951,,,,,,,,,,,,,,,
,0.0002940787303661642,2739,,,,,,,,,,,,,,,,,,,,,,,,,,,,,,
3,,2739,0.09331768751144409,0.053885262459516525,0.6107008457183838,0.01136709377169609,0.12033940106630325,0.013383811339735985,0.46322160959243774,0.02479308843612671,0.21617917716503143,0.09015125781297684,0.31690579652786255,0.8331979513168335,0.007535852957516909,2.0701613426208496,0.3080449104309082,,,,,,,,,,,,,,,
,0.00029402590934976677,2749,,,,,,,,,,,,,,,,,,,,,,,,,,,,,,
3,,2749,0.121622234582901,0.04584065452218056,0.4977652132511139,0.015907498076558113,0.1578717976808548,0.01957695558667183,0.405044287443161,0.03313587233424187,0.33492282032966614,0.06906894594430923,0.3223989009857178,0.927669107913971,0.010176519863307476,2.122154474258423,0.2656393051147461,,,,,,,,,,,,,,,
,0.00029397285856831625,2759,,,,,,,,,,,,,,,,,,,,,,,,,,,,,,
3,,2759,0.14294308423995972,0.03197447583079338,0.39045560359954834,0.006816131994128227,0.12555931508541107,0.014040917158126831,0.325255811214447,0.030723752453923225,0.2873000204563141,0.09998752176761627,0.2950807511806488,0.8076356649398804,0.010045789182186127,2.118624687194824,0.2587111294269562,,,,,,,,,,,,,,,
,0.0002939195781064447,2769,,,,,,,,,,,,,,,,,,,,,,,,,,,,,,
3,,2769,0.11144722253084183,0.06131308153271675,0.5012757182121277,0.013550554402172565,0.14171740412712097,0.019101087003946304,0.3890896141529083,0.016643382608890533,0.26076748967170715,0.0905715823173523,0.3203320801258087,0.8279039263725281,0.006924660410732031,2.07029128074646,0.26493901014328003,,,,,,,,,,,,,,,
,0.0002938660680491506,2779,,,,,,,,,,,,,,,,,,,,,,,,,,,,,,
3,,2779,0.11354891210794449,0.07120054215192795,0.5604278445243835,0.014000304043293,0.16879373788833618,0.015362665057182312,0.42970481514930725,0.016992617398500443,0.20186607539653778,0.07736746221780777,0.3356536626815796,0.8156273365020752,0.014240934513509274,2.06884765625,0.2636752426624298,,,,,,,,,,,,,,,
,0.0002938123284817989,2789,,,,,,,,,,,,,,,,,,,,,,,,,,,,,,
3,,2789,0.13696762919425964,0.047142788767814636,0.4446122348308563,0.013847998343408108,0.14207473397254944,0.01367969624698162,0.359760582447052,0.024473287165164948,0.3273875415325165,0.08231925964355469,0.33108291029930115,0.8883707523345947,0.003849401604384184,2.066159248352051,0.2907490134239197,,,,,,,,,,,,,,,
,0.00029375835949012037,2799,,,,,,,,,,,,,,,,,,,,,,,,,,,,,,
3,,2799,0.08410811424255371,0.05084682255983353,0.5424468517303467,0.014115660451352596,0.14283260703086853,0.015007098205387592,0.33923622965812683,0.014664893969893456,0.17090527713298798,0.08115576952695847,0.3264593183994293,0.7307550311088562,0.003939210902899504,2.051910161972046,0.32172372937202454,,,,,,,,,,,,,,,
,0.00029370416116021207,2809,,,,,,,,,,,,,,,,,,,,,,,,,,,,,,
3,,2809,0.0891924574971199,0.055925872176885605,0.40861403942108154,0.01382139790803194,0.1770971715450287,0.031249860301613808,0.3125826418399811,0.02049189992249012,0.28843942284584045,0.08366455137729645,0.3423047661781311,0.8251054286956787,0.0067485724575817585,2.0967907905578613,0.28999263048171997,,,,,,,,,,,,,,,
,0.00029364973357853667,2819,,,,,,,,,,,,,,,,,,,,,,,,,,,,,,
3,,2819,0.10011428594589233,0.09889479726552963,0.528140664100647,0.01872430555522442,0.15306183695793152,0.014926205389201641,0.40027710795402527,0.018425535410642624,0.2539285719394684,0.03353765606880188,0.3077140152454376,0.8526578545570374,0.007838566787540913,2.0581231117248535,0.31104111671447754,,,,,,,,,,,,,,,
,0.0002935950768319227,2829,,,,,,,,,,,,,,,,,,,,,,,,,,,,,,
3,,2829,0.08509128540754318,0.04993873089551926,0.5319529175758362,0.020735837519168854,0.15844988822937012,0.01082336250692606,0.4044840335845947,0.029203487560153008,0.2831708490848541,0.05743340775370598,0.3002983033657074,0.8658756613731384,0.017184052616357803,2.1272165775299072,0.26218196749687195,,,,,,,,,,,,,,,
,0.0002935401910075644,2839,,,,,,,,,,,,,,,,,,,,,,,,,,,,,,
3,,2839,0.12291215360164642,0.04987039044499397,0.5735357999801636,0.013450956903398037,0.13811388611793518,0.02428860403597355,0.37795931100845337,0.01776859164237976,0.22837308049201965,0.06757695972919464,0.31585466861724854,0.8209429383277893,0.012835516594350338,2.018369436264038,0.26859891414642334,,,,,,,,,,,,,,,
,0.00029348507619302114,2849,,,,,,,,,,,,,,,,,,,,,,,,,,,,,,
3,,2849,0.09055428206920624,0.08085831999778748,0.5266044735908508,0.013696877285838127,0.17073610424995422,0.009476106613874435,0.3931003510951996,0.019534626975655556,0.16543357074260712,0.11693436652421951,0.32277414202690125,0.7591226100921631,0.004866695497184992,2.0666396617889404,0.3073230981826782,,,,,,,,,,,,,,,
,0.00029342973247621786,2859,,,,,,,,,,,,,,,,,,,,,,,,,,,,,,
3,,2859,0.13423313200473785,0.047256793826818466,0.449758917093277,0.019450774416327477,0.12601132690906525,0.02958039939403534,0.39050495624542236,0.022194668650627136,0.30633676052093506,0.09914318472146988,0.2884211540222168,0.8636384010314941,0.003636786248534918,2.0570895671844482,0.24865829944610596,,,,,,,,,,,,,,,
,0.00029337415994544464,2869,,,,,,,,,,,,,,,,,,,,,,,,,,,,,,
3,,2869,0.08731644600629807,0.07508188486099243,0.4740563631057739,0.011408613063395023,0.13202816247940063,0.01250942051410675,0.3788674771785736,0.015301217325031757,0.18630319833755493,0.09701743721961975,0.3129185140132904,0.7264597415924072,0.006991582922637463,2.146028757095337,0.2647745609283447,,,,,,,,,,,,,,,
,0.00029331835868935647,2879,,,,,,,,,,,,,,,,,,,,,,,,,,,,,,
3,,2879,0.14643317461013794,0.05900009348988533,0.4260435700416565,0.017077390104532242,0.15503698587417603,0.018861843273043633,0.38620972633361816,0.020377587527036667,0.3237822353839874,0.10032985359430313,0.33023571968078613,0.904448926448822,0.007242114283144474,2.1896519660949707,0.28500211238861084,,,,,,,,,,,,,,,
,0.0002932623287969733,2889,,,,,,,,,,,,,,,,,,,,,,,,,,,,,,
3,,2889,0.1145748496055603,0.04434361308813095,0.48606690764427185,0.018669741228222847,0.15729063749313354,0.014930455945432186,0.312045156955719,0.017176933586597443,0.24505475163459778,0.08701284229755402,0.2831433415412903,0.7951081991195679,0.007091093808412552,2.0628111362457275,0.30596980452537537,,,,,,,,,,,,,,,
,0.0002932060703576799,2899,,,,,,,,,,,,,,,,,,,,,,,,,,,,,,
3,,2899,0.11887969821691513,0.03855779021978378,0.4501597285270691,0.01516126748174429,0.12298418581485748,0.01732693240046501,0.3453386127948761,0.015242133289575577,0.19519156217575073,0.1107659786939621,0.2982707619667053,0.731823205947876,0.005766935180872679,2.115088939666748,0.2951238751411438,,,,,,,,,,,,,,,
,0.00029314958346122544,2909,,,,,,,,,,,,,,,,,,,,,,,,,,,,,,
3,,2909,0.09849593043327332,0.058470066636800766,0.5873288512229919,0.017126716673374176,0.16088302433490753,0.014625970274209976,0.39466118812561035,0.01968514919281006,0.18550847470760345,0.10344642400741577,0.3385580778121948,0.8092300891876221,0.010739121586084366,2.074816942214966,0.3263610899448395,,,,,,,,,,,,,,,
,0.0002930928681977238,2919,,,,,,,,,,,,,,,,,,,,,,,,,,,,,,
3,,2919,0.17659524083137512,0.046147480607032776,0.5104345679283142,0.021321464329957962,0.18200376629829407,0.02764035202562809,0.4176117479801178,0.045371249318122864,0.43927201628685,0.11826716363430023,0.3627818822860718,1.1206116676330566,0.004247685894370079,2.1330134868621826,0.3216388523578644,,,,,,,,,,,,,,,
,0.00029303592465765294,2929,,,,,,,,,,,,,,,,,,,,,,,,,,,,,,
3,,2929,0.11228374391794205,0.057422880083322525,0.485838919878006,0.01227059680968523,0.14641055464744568,0.018085233867168427,0.34385016560554504,0.022432412952184677,0.2343825399875641,0.0952896699309349,0.2836681306362152,0.773764431476593,0.0052428278140723705,2.0225119590759277,0.23979529738426208,,,,,,,,,,,,,,,
,0.00029297875293185515,2939,,,,,,,,,,,,,,,,,,,,,,,,,,,,,,
3,,2939,0.09411562234163284,0.05020492896437645,0.4290315806865692,0.005845727398991585,0.10852114111185074,0.010002595372498035,0.31910133361816406,0.013857446610927582,0.17930252850055695,0.07749319076538086,0.3091491460800171,0.657490611076355,0.010108515620231628,2.0372726917266846,0.22388793528079987,,,,,,,,,,,,,,,
,0.0002929213531115366,2949,,,,,,,,,,,,,,,,,,,,,,,,,,,,,,
3,,2949,0.08842131495475769,0.04452050104737282,0.4425480365753174,0.007001267280429602,0.08978454768657684,0.015437087044119835,0.3569653332233429,0.016762200742959976,0.2068386971950531,0.06511775404214859,0.2536284327507019,0.6585417985916138,0.0036476387176662683,2.174751043319702,0.16536429524421692,,,,,,,,,,,,,,,
,0.00029286372528826763,2959,,,,,,,,,,,,,,,,,,,,,,,,,,,,,,
3,,2959,0.10029975324869156,0.044979412108659744,0.4413704574108124,0.010116656310856342,0.17068591713905334,0.008054830133914948,0.38828030228614807,0.024504076689481735,0.31945738196372986,0.1209803894162178,0.29836878180503845,0.8699845671653748,0.010400217026472092,2.1002488136291504,0.2778788208961487,,,,,,,,,,,,,,,
,0.00029280586955398187,2969,,,,,,,,,,,,,,,,,,,,,,,,,,,,,,
3,,2969,0.1274004578590393,0.0510372593998909,0.4969395101070404,0.0062550450675189495,0.13026033341884613,0.019505949690937996,0.40576040744781494,0.029435783624649048,0.27545225620269775,0.11392835527658463,0.3226916790008545,0.8525237441062927,0.0035357996821403503,2.1506316661834717,0.2642069160938263,,,,,,,,,,,,,,,
,0.00029274778600097697,2979,,,,,,,,,,,,,,,,,,,,,,,,,,,,,,
3,,2979,0.13426795601844788,0.043726980686187744,0.5207328796386719,0.020163122564554214,0.15449485182762146,0.010585611686110497,0.43793538212776184,0.022334329783916473,0.3918291926383972,0.08141045272350311,0.30899959802627563,1.0010995864868164,0.0061154295690357685,2.093607187271118,0.30800342559814453,,,,,,,,,,,,,,,
,0.00029268947472191375,2989,,,,,,,,,,,,,,,,,,,,,,,,,,,,,,
3,,2989,0.07818052172660828,0.10095123946666718,0.44924309849739075,0.014908880926668644,0.12379848212003708,0.01332014612853527,0.3881506323814392,0.014339599758386612,0.1492631882429123,0.07000672817230225,0.28585711121559143,0.6779037714004517,0.0036530697252601385,2.1062285900115967,0.26391857862472534,,,,,,,,,,,,,,,
,0.0002926309358098164,2999,,,,,,,,,,,,,,,,,,,,,,,,,,,,,,
3,,2999,0.0879880040884018,0.059484273195266724,0.4907872676849365,0.005059744697064161,0.129264697432518,0.025277093052864075,0.34487566351890564,0.024940498173236847,0.22847296297550201,0.08517385274171829,0.32548168301582336,0.7469690442085266,0.0014284872449934483,2.0768535137176514,0.20999149978160858,,,,,,,,,,,,,,,
,0.0002925721693580723,3009,,,,,,,,,,,,,,,,,,,,,,,,,,,,,,
3,,3009,0.19224828481674194,0.04156236723065376,0.43580734729766846,0.007865703664720058,0.18656761944293976,0.011489213444292545,0.36799073219299316,0.030784232541918755,0.5556762218475342,0.097772017121315,0.3116283714771271,1.1508677005767822,0.002048020949587226,2.168149471282959,0.2987549602985382,,,,,,,,,,,,,,,
,0.0002925131754604317,3019,,,,,,,,,,,,,,,,,,,,,,,,,,,,,,
3,,3019,0.1369028389453888,0.028118550777435303,0.3839702606201172,0.011402339674532413,0.11829762160778046,0.009727369993925095,0.2665652930736542,0.018680114299058914,0.2523266077041626,0.05506529659032822,0.2699702978134155,0.7107405662536621,0.005483060609549284,2.1437506675720215,0.21541763842105865,,,,,,,,,,,,,,,
,0.00029245395421100787,3029,,,,,,,,,,,,,,,,,,,,,,,,,,,,,,
3,,3029,0.15111640095710754,0.03528276085853577,0.4642391800880432,0.006196117494255304,0.1297096163034439,0.027889616787433624,0.34228336811065674,0.02379443123936653,0.31051915884017944,0.08635234832763672,0.30156344175338745,0.8606920838356018,0.002461387310177088,2.087388277053833,0.2785642147064209,,,,,,,,,,,,,,,
,0.00029239450570427665,3039,,,,,,,,,,,,,,,,,,,,,,,,,,,,,,
3,,3039,0.08761242777109146,0.03938731178641319,0.4294103682041168,0.016672007739543915,0.11167892813682556,0.014255974441766739,0.32331040501594543,0.010836362838745117,0.14492036402225494,0.06452618539333344,0.28852006793022156,0.6241613626480103,0.008499661460518837,2.078218460083008,0.23863492906093597,,,,,,,,,,,,,,,
,0.0002923348300350765,3049,,,,,,,,,,,,,,,,,,,,,,,,,,,,,,
3,,3049,0.10083041340112686,0.07300203293561935,0.45024582743644714,0.014643615111708641,0.12095185369253159,0.009699026122689247,0.36361783742904663,0.017355162650346756,0.1973651945590973,0.08668219298124313,0.27958977222442627,0.7190038561820984,0.011616160161793232,2.1216092109680176,0.2280723750591278,,,,,,,,,,,,,,,
,0.0002922749272986081,3059,,,,,,,,,,,,,,,,,,,,,,,,,,,,,,
3,,3059,0.11591502279043198,0.040654506534338,0.502159833908081,0.0034368697088211775,0.1373767852783203,0.01762731559574604,0.3476426899433136,0.020356792956590652,0.2576054036617279,0.09086278080940247,0.29966628551483154,0.8113141655921936,0.0038158120587468147,2.1845712661743164,0.32533594965934753,,,,,,,,,,,,,,,
,0.00029221479759043457,3069,,,,,,,,,,,,,,,,,,,,,,,,,,,,,,
3,,3069,0.09475792199373245,0.08055193722248077,0.5309109687805176,0.014273167587816715,0.11971049755811691,0.01857174187898636,0.3399311900138855,0.014193731360137463,0.19853752851486206,0.03875673562288284,0.3011167347431183,0.7457799911499023,0.0038059637881815434,2.0358896255493164,0.2862113118171692,,,,,,,,,,,,,,,
,0.00029215444100648115,3079,,,,,,,,,,,,,,,,,,,,,,,,,,,,,,
3,,3079,0.06819894909858704,0.05388139188289642,0.5179117918014526,0.01369652058929205,0.09633690863847733,0.009595366194844246,0.3446143567562103,0.011875046417117119,0.13369187712669373,0.05568386986851692,0.2809804677963257,0.6286656260490417,0.004506448283791542,1.9837497472763062,0.24761997163295746,,,,,,,,,,,,,,,
,0.00029209385764303477,3089,,,,,,,,,,,,,,,,,,,,,,,,,,,,,,
3,,3089,0.12572546303272247,0.05230329558253288,0.4045361578464508,0.008410833775997162,0.11741980165243149,0.02472696080803871,0.34883108735084534,0.02391309291124344,0.2222931832075119,0.07116162031888962,0.2836208641529083,0.7338650822639465,0.0050687287002801895,2.0942556858062744,0.24236570298671722,,,,,,,,,,,,,,,
,0.0002920330475967444,3099,,,,,,,,,,,,,,,,,,,,,,,,,,,,,,
3,,3099,0.13646195828914642,0.03495870903134346,0.49158135056495667,0.01834394596517086,0.16023868322372437,0.02330704592168331,0.35129955410957336,0.02557561919093132,0.3541547656059265,0.08567692339420319,0.3348359167575836,0.9483141303062439,0.010173331014811993,2.0511913299560547,0.3034024238586426,,,,,,,,,,,,,,,
,0.0002919720109646204,3109,,,,,,,,,,,,,,,,,,,,,,,,,,,,,,
3,,3109,0.13523882627487183,0.039709605276584625,0.5515122413635254,0.01214685756713152,0.13821256160736084,0.019467668607831,0.3449132740497589,0.024773182347416878,0.28123196959495544,0.059071850031614304,0.32242491841316223,0.8684433698654175,0.0053493063896894455,2.00921368598938,0.30708035826683044,,,,,,,,,,,,,,,
,0.0002919107478440349,3119,,,,,,,,,,,,,,,,,,,,,,,,,,,,,,
3,,3119,0.12486418336629868,0.07831280678510666,0.5020694732666016,0.011758650653064251,0.15856510400772095,0.024427717551589012,0.44566625356674194,0.03198038041591644,0.2870771884918213,0.1059022843837738,0.3266022503376007,0.8984699845314026,0.0053072040900588036,1.964296579360962,0.24497008323669434,,,,,,,,,,,,,,,
,0.00029184925833272105,3129,,,,,,,,,,,,,,,,,,,,,,,,,,,,,,
3,,3129,0.11730193346738815,0.044403593987226486,0.4200352728366852,0.011076241731643677,0.12887316942214966,0.01881662756204605,0.3428374230861664,0.02827661857008934,0.3613435924053192,0.1311299353837967,0.30046889185905457,0.8904567956924438,0.005183084402233362,2.1191611289978027,0.25018367171287537,,,,,,,,,,,,,,,
,0.0002917875425287733,3139,,,,,,,,,,,,,,,,,,,,,,,,,,,,,,
3,,3139,0.15436425805091858,0.07539477944374084,0.6186485290527344,0.006890837103128433,0.18694348633289337,0.025491712614893913,0.42825767397880554,0.026259785518050194,0.360691100358963,0.06918150186538696,0.35583171248435974,1.0572071075439453,0.011040475219488144,2.104344606399536,0.371001660823822,,,,,,,,,,,,,,,
,0.0002917256005306472,3149,,,,,,,,,,,,,,,,,,,,,,,,,,,,,,
3,,3149,0.08724794536828995,0.048412155359983444,0.4936091899871826,0.009826160967350006,0.1130053922533989,0.01954602263867855,0.35638391971588135,0.016271458938717842,0.19657504558563232,0.0815042033791542,0.27718132734298706,0.70500248670578,0.0042559197172522545,2.074652910232544,0.24073371291160583,,,,,,,,,,,,,,,
,0.00029166343243715884,3159,,,,,,,,,,,,,,,,,,,,,,,,,,,,,,
3,,3159,0.09305825084447861,0.036547284573316574,0.4499746263027191,0.010781392455101013,0.13454808294773102,0.013163695111870766,0.29244136810302734,0.019471704959869385,0.23452143371105194,0.057943765074014664,0.3200400769710541,0.7422542572021484,0.011206581257283688,1.984979510307312,0.2803463935852051,,,,,,,,,,,,,,,
,0.0002916010383474854,3169,,,,,,,,,,,,,,,,,,,,,,,,,,,,,,
3,,3169,0.10678934305906296,0.06248243898153305,0.4942615330219269,0.01188921183347702,0.13260295987129211,0.015231690369546413,0.3960421085357666,0.01732049137353897,0.1977691799402237,0.10133183002471924,0.29594722390174866,0.754610002040863,0.005041754338890314,2.158048629760742,0.2725229263305664,,,,,,,,,,,,,,,
,0.00029153841836116433,3179,,,,,,,,,,,,,,,,,,,,,,,,,,,,,,
3,,3179,0.07667180895805359,0.03990698233246803,0.42457595467567444,0.012553293257951736,0.08893775939941406,0.00930960662662983,0.28997060656547546,0.013946576975286007,0.16961129009723663,0.06945513933897018,0.2578343152999878,0.6050756573677063,0.007691376376897097,2.03558611869812,0.19411538541316986,,,,,,,,,,,,,,,
,0.00029147557257809347,3189,,,,,,,,,,,,,,,,,,,,,,,,,,,,,,
3,,3189,0.11139976233243942,0.04811383783817291,0.5123496651649475,0.01097311545163393,0.1651969701051712,0.008269657380878925,0.35892462730407715,0.018672602251172066,0.26875796914100647,0.0688510611653328,0.34766310453414917,0.8368050456047058,0.00334811769425869,2.074087142944336,0.30459165573120117,,,,,,,,,,,,,,,
,0.000291412501098531,3199,,,,,,,,,,,,,,,,,,,,,,,,,,,,,,
3,,3199,0.06784544140100479,0.04729049652814865,0.47861871123313904,0.01576738804578781,0.16092990338802338,0.020581338554620743,0.349057137966156,0.029327232390642166,0.3075058162212372,0.07643814384937286,0.31339359283447266,0.857462465763092,0.006261158734560013,2.0935611724853516,0.30081480741500854,,,,,,,,,,,,,,,
,0.000291349204023095,3209,,,,,,,,,,,,,,,,,,,,,,,,,,,,,,
3,,3209,0.0633193626999855,0.10700508207082748,0.5413331389427185,0.021708959713578224,0.13817590475082397,0.011514264158904552,0.4703785479068756,0.023461762815713882,0.3432406485080719,0.07892131060361862,0.32213518023490906,0.9528363347053528,0.00559916440397501,2.103339433670044,0.29267728328704834,,,,,,,,,,,,,,,
,0.00029128568145276364,3219,,,,,,,,,,,,,,,,,,,,,,,,,,,,,,
3,,3219,0.09152238070964813,0.034769028425216675,0.41006898880004883,0.010609832592308521,0.12309988588094711,0.009869026020169258,0.28257718682289124,0.03290814161300659,0.27764394879341125,0.08345472812652588,0.30442339181900024,0.7667987942695618,0.003785391105338931,2.1073546409606934,0.26468464732170105,,,,,,,,,,,,,,,
,0.00029122193348887456,3229,,,,,,,,,,,,,,,,,,,,,,,,,,,,,,
3,,3229,0.12148988246917725,0.06572715938091278,0.5259265899658203,0.013414881192147732,0.15255557000637054,0.02175316773355007,0.39095601439476013,0.019046055153012276,0.35298049449920654,0.11683650314807892,0.3005519509315491,0.9504169821739197,0.008715545758605003,2.0938162803649902,0.29018616676330566,,,,,,,,,,,,,,,
,0.0002911579602331253,3239,,,,,,,,,,,,,,,,,,,,,,,,,,,,,,
3,,3239,0.1053285226225853,0.06320842355489731,0.5434322953224182,0.019722819328308105,0.13580642640590668,0.02061096765100956,0.448177695274353,0.02971849963068962,0.24870364367961884,0.10003624856472015,0.3093574345111847,0.8604970574378967,0.010506507009267807,2.065413475036621,0.25896623730659485,,,,,,,,,,,,,,,
,0.0002910937617875724,3249,,,,,,,,,,,,,,,,,,,,,,,,,,,,,,
3,,3249,0.10775469988584518,0.07233036309480667,0.5231513381004333,0.01005456130951643,0.14103510975837708,0.006593391299247742,0.35492298007011414,0.029751278460025787,0.24695433676242828,0.11087178438901901,0.3180024027824402,0.830987811088562,0.009801692329347134,2.116161346435547,0.2905120849609375,,,,,,,,,,,,,,,
,0.00029102933825463204,3259,,,,,,,,,,,,,,,,,,,,,,,,,,,,,,
3,,3259,0.11794935166835785,0.05449473112821579,0.47233709692955017,0.01170188095420599,0.13447028398513794,0.007512193638831377,0.3378365933895111,0.01644293963909149,0.2735503613948822,0.12035492062568665,0.31265291571617126,0.8294004201889038,0.009051516652107239,2.1373422145843506,0.31254473328590393,,,,,,,,,,,,,,,
,0.00029096468973707925,3269,,,,,,,,,,,,,,,,,,,,,,,,,,,,,,
3,,3269,0.15617486834526062,0.055916424840688705,0.49777883291244507,0.00994222890585661,0.14252831041812897,0.03246081992983818,0.3805809020996094,0.013137615285813808,0.3558100163936615,0.07161575555801392,0.3108968436717987,0.9547832012176514,0.014668425545096397,1.9954278469085693,0.30502596497535706,,,,,,,,,,,,,,,
,0.00029089981633804806,3279,,,,,,,,,,,,,,,,,,,,,,,,,,,,,,
3,,3279,0.07582011818885803,0.08234309405088425,0.431853711605072,0.01386325154453516,0.10658077150583267,0.02938237600028515,0.32826554775238037,0.016127316281199455,0.15952767431735992,0.0637064278125763,0.2796797454357147,0.6675022840499878,0.019897254183888435,2.069139003753662,0.22929581999778748,,,,,,,,,,,,,,,
,0.00029083471816103125,3289,,,,,,,,,,,,,,,,,,,,,,,,,,,,,,
3,,3289,0.11748373508453369,0.04371684417128563,0.41864442825317383,0.013173560611903667,0.1274479329586029,0.013077834621071815,0.33854424953460693,0.017761223018169403,0.28066620230674744,0.08378414064645767,0.2811066508293152,0.786952793598175,0.009088150225579739,2.0950043201446533,0.24205273389816284,,,,,,,,,,,,,,,
,0.0002907693953098802,3299,,,,,,,,,,,,,,,,,,,,,,,,,,,,,,
3,,3299,0.07811353355646133,0.09240864217281342,0.4871293604373932,0.009020265191793442,0.09362611174583435,0.010909206233918667,0.34553855657577515,0.017431780695915222,0.12754081189632416,0.05530408024787903,0.3010372817516327,0.6328394412994385,0.005662068258970976,2.136115550994873,0.22425544261932373,,,,,,,,,,,,,,,
,0.0002907038478888046,3309,,,,,,,,,,,,,,,,,,,,,,,,,,,,,,
3,,3309,0.09391506761312485,0.05138641223311424,0.47743135690689087,0.006445177365094423,0.12342148274183273,0.008400356397032738,0.3074105978012085,0.017932243645191193,0.17734543979167938,0.11851125955581665,0.28945019841194153,0.6823451519012451,0.017151184380054474,2.065028190612793,0.21718214452266693,,,,,,,,,,,,,,,
,0.00029063807600237255,3319,,,,,,,,,,,,,,,,,,,,,,,,,,,,,,
3,,3319,0.09885619580745697,0.08726563304662704,0.5095382332801819,0.01050223782658577,0.10947071015834808,0.009542038664221764,0.3348308503627777,0.013752302154898643,0.16754858195781708,0.05446701869368553,0.2806299328804016,0.69036465883255,0.001969729783013463,1.961593747138977,0.26417839527130127,,,,,,,,,,,,,,,
,0.00029057207975551015,3329,,,,,,,,,,,,,,,,,,,,,,,,,,,,,,
3,,3329,0.07458537071943283,0.07670073956251144,0.4898551106452942,0.009310530498623848,0.13640154898166656,0.009881173260509968,0.3828948438167572,0.017092470079660416,0.20455840229988098,0.0824936032295227,0.2735355496406555,0.7350647449493408,0.006338437553495169,2.0260868072509766,0.26996511220932007,,,,,,,,,,,,,,,
,0.00029050585925350145,3339,,,,,,,,,,,,,,,,,,,,,,,,,,,,,,
3,,3339,0.12855301797389984,0.039808135479688644,0.39554446935653687,0.012272924184799194,0.1316232532262802,0.030446484684944153,0.28056028485298157,0.03374737128615379,0.3321557343006134,0.07955703884363174,0.30516722798347473,0.8400564789772034,0.005167799536138773,2.223886013031006,0.22204448282718658,,,,,,,,,,,,,,,
,0.00029043941460198835,3349,,,,,,,,,,,,,,,,,,,,,,,,,,,,,,
3,,3349,0.14060944318771362,0.046845193952322006,0.5127133131027222,0.01058040652424097,0.14745308458805084,0.011270948685705662,0.3668597936630249,0.017348475754261017,0.33782270550727844,0.08610526472330093,0.2883186340332031,0.8934376835823059,0.006748808082193136,2.0403122901916504,0.24429087340831757,,,,,,,,,,,,,,,
,0.0002903727459069701,3359,,,,,,,,,,,,,,,,,,,,,,,,,,,,,,
3,,3359,0.10197624564170837,0.040461521595716476,0.45439252257347107,0.013713601045310497,0.1319502592086792,0.028977705165743828,0.33333200216293335,0.02211076207458973,0.2653442323207855,0.09161654114723206,0.2808432877063751,0.7911758422851562,0.008744293823838234,2.02901291847229,0.2568393051624298,,,,,,,,,,,,,,,
,0.0002903058532748036,3369,,,,,,,,,,,,,,,,,,,,,,,,,,,,,,
3,,3369,0.11260393261909485,0.05049343407154083,0.47314950823783875,0.007992750033736229,0.13189023733139038,0.03214501962065697,0.33872532844543457,0.02087026834487915,0.2779427766799927,0.08625679463148117,0.28720131516456604,0.8069292306900024,0.004427778534591198,2.1132454872131348,0.243820920586586,,,,,,,,,,,,,,,
,0.00029023873681220295,3379,,,,,,,,,,,,,,,,,,,,,,,,,,,,,,
3,,3379,0.1724720597267151,0.05668935924768448,0.5058029890060425,0.031562983989715576,0.15737038850784302,0.01172791700810194,0.3630070984363556,0.018570752814412117,0.29873988032341003,0.10712622106075287,0.33774518966674805,0.929302453994751,0.010436906479299068,2.087320327758789,0.29920974373817444,,,,,,,,,,,,,,,
3,,3387,,,,,,,,,,,,,,,,0.17331981658935547,0.03540271893143654,0.2664923369884491,0.005886413156986237,0.07460968941450119,0.002302211243659258,0.22856992483139038,0.027484051883220673,0.22264602780342102,0.06962982565164566,0.17621830105781555,0.613224983215332,0.008565325289964676,1.963032603263855,0.15080112218856812
,0.0002901713966262391,3389,,,,,,,,,,,,,,,,,,,,,,,,,,,,,,
4,,3389,0.15034155547618866,0.05186821520328522,0.46732988953590393,0.019203195348381996,0.15560224652290344,0.022213419899344444,0.3145056366920471,0.02389892376959324,0.4133598506450653,0.08302213251590729,0.35336822271347046,1.0067675113677979,0.0035447559785097837,2.0607216358184814,0.32961007952690125,,,,,,,,,,,,,,,
,0.0002901038328243403,3399,,,,,,,,,,,,,,,,,,,,,,,,,,,,,,
4,,3399,0.10119050741195679,0.06430444121360779,0.5403158664703369,0.015184599906206131,0.1096024364233017,0.01854190044105053,0.37850138545036316,0.012360699474811554,0.19753286242485046,0.02844826504588127,0.3092228174209595,0.7476425170898438,0.0017381020588800311,2.1071395874023438,0.28335222601890564,,,,,,,,,,,,,,,
,0.0002900360455142912,3409,,,,,,,,,,,,,,,,,,,,,,,,,,,,,,
4,,3409,0.11201069504022598,0.05290882661938667,0.44863155484199524,0.010710500180721283,0.17355918884277344,0.008918792940676212,0.3559783101081848,0.019892394542694092,0.2874789535999298,0.10813116282224655,0.30171874165534973,0.8256572484970093,0.003397412830963731,2.113732099533081,0.26337510347366333,,,,,,,,,,,,,,,
,0.00028996803480423316,3419,,,,,,,,,,,,,,,,,,,,,,,,,,,,,,
4,,3419,0.10385099798440933,0.07424849271774292,0.49808469414711,0.01934227906167507,0.12048663198947906,0.01845100335776806,0.37068986892700195,0.018525082617998123,0.20156802237033844,0.0917644202709198,0.2878912389278412,0.7581031322479248,0.007832253351807594,2.126746654510498,0.2547420263290405,,,,,,,,,,,,,,,
,0.000289899800802664,3429,,,,,,,,,,,,,,,,,,,,,,,,,,,,,,
4,,3429,0.08697953075170517,0.06587544083595276,0.49864447116851807,0.010928202420473099,0.11024878174066544,0.01850283518433571,0.37380877137184143,0.019061919301748276,0.19953599572181702,0.07161286473274231,0.2861350476741791,0.716087818145752,0.004057056736201048,2.0404229164123535,0.21612194180488586,,,,,,,,,,,,,,,
,0.0002898313436184375,3439,,,,,,,,,,,,,,,,,,,,,,,,,,,,,,
4,,3439,0.08552195131778717,0.04853259027004242,0.4857403337955475,0.013913596048951149,0.12347160279750824,0.016643045470118523,0.29719480872154236,0.01685398444533348,0.19471757113933563,0.08024519681930542,0.30008089542388916,0.7007595896720886,0.0025084668304771185,2.0363848209381104,0.26442933082580566,,,,,,,,,,,,,,,
,0.00028976266336076383,3449,,,,,,,,,,,,,,,,,,,,,,,,,,,,,,
4,,3449,0.09762038290500641,0.03780292347073555,0.3899095058441162,0.009726058691740036,0.08677899837493896,0.009975049644708633,0.2723642587661743,0.008243761956691742,0.1851191371679306,0.11480949819087982,0.24660590291023254,0.6135135889053345,0.004706684499979019,2.06742525100708,0.21165911853313446,,,,,,,,,,,,,,,
,0.0002896937601392088,3459,,,,,,,,,,,,,,,,,,,,,,,,,,,,,,
4,,3459,0.09370126575231552,0.04167184233665466,0.4289817810058594,0.008123891428112984,0.10701208561658859,0.012697836384177208,0.3383001685142517,0.016476411372423172,0.24283958971500397,0.05736607313156128,0.27798718214035034,0.7146711945533752,0.002611970528960228,2.1016852855682373,0.2350873500108719,,,,,,,,,,,,,,,
,0.00028962463406369385,3469,,,,,,,,,,,,,,,,,,,,,,,,,,,,,,
4,,3469,0.07509308308362961,0.06758438050746918,0.5234496593475342,0.008951201103627682,0.11491740494966507,0.02107948437333107,0.2919977307319641,0.012834841385483742,0.1378156542778015,0.03789635747671127,0.3041451871395111,0.642594039440155,0.0028025461360812187,2.0002150535583496,0.2659749984741211,,,,,,,,,,,,,,,
,0.0002895552852444962,3479,,,,,,,,,,,,,,,,,,,,,,,,,,,,,,
4,,3479,0.10258598625659943,0.032375868409872055,0.3782093822956085,0.009272038005292416,0.11819944530725479,0.016011817380785942,0.2639985680580139,0.02031821943819523,0.23119516670703888,0.07986605912446976,0.30740734934806824,0.6909319758415222,0.0024295568000525236,2.067898988723755,0.24331358075141907,,,,,,,,,,,,,,,
,0.0002894857137922482,3489,,,,,,,,,,,,,,,,,,,,,,,,,,,,,,
4,,3489,0.13787616789340973,0.05643273890018463,0.5733274817466736,0.01125351618975401,0.22193406522274017,0.01308323536068201,0.46085166931152344,0.015206225216388702,0.5041614174842834,0.10617445409297943,0.30931907892227173,1.1720584630966187,0.00995030626654625,2.0376243591308594,0.3764989376068115,,,,,,,,,,,,,,,
,0.0002894159198179375,3499,,,,,,,,,,,,,,,,,,,,,,,,,,,,,,
4,,3499,0.15364119410514832,0.03669526427984238,0.43684160709381104,0.007105702068656683,0.13220970332622528,0.024895431473851204,0.33438581228256226,0.03569591045379639,0.31693801283836365,0.07413976639509201,0.2954675555229187,0.8707498908042908,0.007382769603282213,2.017745018005371,0.2725505530834198,,,,,,,,,,,,,,,
,0.0002893459034329066,3509,,,,,,,,,,,,,,,,,,,,,,,,,,,,,,
4,,3509,0.14576448500156403,0.04042490944266319,0.333477646112442,0.008425471372902393,0.11481157690286636,0.01536998525261879,0.2844011187553406,0.024194221943616867,0.3202891945838928,0.06818048655986786,0.28216007351875305,0.7777724862098694,0.001736978767439723,2.0755648612976074,0.19961287081241608,,,,,,,,,,,,,,,
,0.00028927566474885294,3519,,,,,,,,,,,,,,,,,,,,,,,,,,,,,,
4,,3519,0.10919263958930969,0.042134661227464676,0.4400384724140167,0.02259286865592003,0.12506923079490662,0.01288104709237814,0.29208436608314514,0.030027588829398155,0.29131048917770386,0.07485920935869217,0.2798156440258026,0.8082016706466675,0.005091903265565634,2.0578725337982178,0.25932085514068604,,,,,,,,,,,,,,,
,0.0002892052038778285,3529,,,,,,,,,,,,,,,,,,,,,,,,,,,,,,
4,,3529,0.08031699061393738,0.037540607154369354,0.4274355471134186,0.007935556583106518,0.11649797111749649,0.011823447421193123,0.3398329019546509,0.012663504108786583,0.24805736541748047,0.06824036687612534,0.30677491426467896,0.7175397872924805,0.0012124029453843832,2.0441501140594482,0.24226656556129456,,,,,,,,,,,,,,,
,0.0002891345209322399,3539,,,,,,,,,,,,,,,,,,,,,,,,,,,,,,
4,,3539,0.11812508851289749,0.07641012221574783,0.41979116201400757,0.014003613963723183,0.14087426662445068,0.011416296474635601,0.3750511705875397,0.015537489205598831,0.2617438733577728,0.09258221834897995,0.2935298979282379,0.7963970899581909,0.008228289894759655,2.085038661956787,0.2467901110649109,,,,,,,,,,,,,,,
,0.00028906361602484777,3549,,,,,,,,,,,,,,,,,,,,,,,,,,,,,,
4,,3549,0.1421869695186615,0.0956694483757019,0.48903384804725647,0.018921762704849243,0.14274227619171143,0.018552903085947037,0.4111196994781494,0.030501239001750946,0.3136046528816223,0.08785983920097351,0.33210647106170654,0.9428660869598389,0.006778940558433533,2.1022887229919434,0.2988192141056061,,,,,,,,,,,,,,,
,0.00028899248926876695,3559,,,,,,,,,,,,,,,,,,,,,,,,,,,,,,
4,,3559,0.1429114043712616,0.09645985811948776,0.5241666436195374,0.01039724051952362,0.166539266705513,0.022013051435351372,0.41020360589027405,0.02819579467177391,0.26125529408454895,0.060819536447525024,0.31563571095466614,0.9023429155349731,0.007822662591934204,1.9670860767364502,0.3331332802772522,,,,,,,,,,,,,,,
,0.00028892114077746627,3569,,,,,,,,,,,,,,,,,,,,,,,,,,,,,,
4,,3569,0.11430095136165619,0.037187401205301285,0.38954854011535645,0.008317803964018822,0.16177374124526978,0.012921368703246117,0.3006726801395416,0.019392527639865875,0.31153637170791626,0.07681511342525482,0.3330630362033844,0.8314082026481628,0.002995977643877268,2.0732533931732178,0.3335610330104828,,,,,,,,,,,,,,,
,0.00028884957066476825,3579,,,,,,,,,,,,,,,,,,,,,,,,,,,,,,
4,,3579,0.12636533379554749,0.043306197971105576,0.4456680417060852,0.014174960553646088,0.14181135594844818,0.017678430303931236,0.3761988580226898,0.024906618520617485,0.2594347894191742,0.0791412740945816,0.26968812942504883,0.793745219707489,0.006897746119648218,2.077568769454956,0.23324978351593018,,,,,,,,,,,,,,,
,0.0002887777790448489,3589,,,,,,,,,,,,,,,,,,,,,,,,,,,,,,
4,,3589,0.0778907835483551,0.03898921608924866,0.4383268356323242,0.01241639070212841,0.10450801253318787,0.01877686008810997,0.2860492467880249,0.013843543827533722,0.17099858820438385,0.044380947947502136,0.2763776481151581,0.6151454448699951,0.0032845772802829742,2.0022780895233154,0.19867610931396484,,,,,,,,,,,,,,,
,0.00028870576603223764,3599,,,,,,,,,,,,,,,,,,,,,,,,,,,,,,
4,,3599,0.10386310517787933,0.1013002023100853,0.45130306482315063,0.017989179119467735,0.13495893776416779,0.019786091521382332,0.3850015103816986,0.02181132882833481,0.2655109167098999,0.05153897777199745,0.30485737323760986,0.8451737761497498,0.01702539250254631,2.0513217449188232,0.2880295217037201,,,,,,,,,,,,,,,
,0.00028863353174181714,3609,,,,,,,,,,,,,,,,,,,,,,,,,,,,,,
4,,3609,0.07524995505809784,0.07355346530675888,0.5142636299133301,0.007277552504092455,0.1116812601685524,0.02221001498401165,0.373333215713501,0.007274845615029335,0.10502885282039642,0.06835652142763138,0.2689029276371002,0.6186698079109192,0.007205076981335878,2.0174946784973145,0.24721762537956238,,,,,,,,,,,,,,,
,0.00028856107628882303,3619,,,,,,,,,,,,,,,,,,,,,,,,,,,,,,
4,,3619,0.08370448648929596,0.03622905910015106,0.3955692648887634,0.014371233992278576,0.18255150318145752,0.017823360860347748,0.25080692768096924,0.011275275610387325,0.20171062648296356,0.09291736036539078,0.3035793602466583,0.7090041637420654,0.007901395671069622,2.047963857650757,0.35608747601509094,,,,,,,,,,,,,,,
,0.00028848839978884373,3629,,,,,,,,,,,,,,,,,,,,,,,,,,,,,,
4,,3629,0.10313234478235245,0.03642715886235237,0.43022409081459045,0.016040470451116562,0.12703722715377808,0.021779479458928108,0.3102129399776459,0.01956278085708618,0.24879124760627747,0.07120249420404434,0.29960134625434875,0.7562912702560425,0.00521160289645195,2.0836870670318604,0.2689267098903656,,,,,,,,,,,,,,,
,0.0002884155023578203,3639,,,,,,,,,,,,,,,,,,,,,,,,,,,,,,
4,,3639,0.14314135909080505,0.08408667892217636,0.42540204524993896,0.011663796380162239,0.1396273672580719,0.01133166067302227,0.35301047563552856,0.017649702727794647,0.2576029300689697,0.05105776712298393,0.30494722723960876,0.8029488921165466,0.00627485616132617,2.1125359535217285,0.2648605406284332,,,,,,,,,,,,,,,
,0.0002883423841120463,3649,,,,,,,,,,,,,,,,,,,,,,,,,,,,,,
4,,3649,0.11969971656799316,0.049193497747182846,0.48672938346862793,0.02233523316681385,0.11515416204929352,0.014508133754134178,0.368917852640152,0.02302347496151924,0.24517519772052765,0.08710040152072906,0.29141536355018616,0.7953036427497864,0.007582823280245066,2.0508620738983154,0.24006855487823486,,,,,,,,,,,,,,,
,0.00028826904516816745,3659,,,,,,,,,,,,,,,,,,,,,,,,,,,,,,
4,,3659,0.07412561029195786,0.0910988375544548,0.5188459157943726,0.014907429926097393,0.11672481149435043,0.011442690156400204,0.3389694392681122,0.019863534718751907,0.1920281946659088,0.06040622666478157,0.3031407594680786,0.7154144048690796,0.005316426977515221,2.0264341831207275,0.216029092669487,,,,,,,,,,,,,,,
,0.0002881954856431818,3669,,,,,,,,,,,,,,,,,,,,,,,,,,,,,,
4,,3669,0.12064363807439804,0.03677883371710777,0.44617319107055664,0.008290079422295094,0.12984760105609894,0.013459213078022003,0.31532835960388184,0.020404811948537827,0.2233870029449463,0.06847228854894638,0.28885015845298767,0.7241467237472534,0.004161795135587454,2.0451135635375977,0.2431778460741043,,,,,,,,,,,,,,,
,0.00028812170565443903,3679,,,,,,,,,,,,,,,,,,,,,,,,,,,,,,
4,,3679,0.07826721668243408,0.039056673645973206,0.4010069966316223,0.006977214012295008,0.09449686855077744,0.01103179156780243,0.26242443919181824,0.007405352778732777,0.152785062789917,0.073583222925663,0.2789210081100464,0.5832773447036743,0.007342144846916199,2.0106639862060547,0.24047069251537323,,,,,,,,,,,,,,,
,0.0002880477053196406,3689,,,,,,,,,,,,,,,,,,,,,,,,,,,,,,
4,,3689,0.11643168330192566,0.05358382314443588,0.4666120111942291,0.014337603002786636,0.11012998223304749,0.013385027647018433,0.32151100039482117,0.02004939503967762,0.18447761237621307,0.10156512260437012,0.2985658049583435,0.7117986679077148,0.009445744566619396,2.122584104537964,0.24768197536468506,,,,,,,,,,,,,,,
,0.00028797348475683956,3699,,,,,,,,,,,,,,,,,,,,,,,,,,,,,,
4,,3699,0.11136806011199951,0.048099856823682785,0.5163853764533997,0.0041235280223190784,0.12372314929962158,0.02079608291387558,0.3469683825969696,0.017990510910749435,0.2245127260684967,0.06318309903144836,0.28401488065719604,0.7398765087127686,0.005369084887206554,2.0101265907287598,0.21229901909828186,,,,,,,,,,,,,,,
,0.0002878990440844402,3709,,,,,,,,,,,,,,,,,,,,,,,,,,,,,,
4,,3709,0.12098804116249084,0.041141327470541,0.4972703158855438,0.010220331139862537,0.12267202883958817,0.015112576074898243,0.30638712644577026,0.014776218682527542,0.19170191884040833,0.08734682947397232,0.3132885992527008,0.7219370007514954,0.006672171875834465,2.052241802215576,0.27284643054008484,,,,,,,,,,,,,,,
,0.00028782438342119806,3719,,,,,,,,,,,,,,,,,,,,,,,,,,,,,,
4,,3719,0.06925507634878159,0.04608268290758133,0.4443944990634918,0.008846570737659931,0.09847644716501236,0.009768184274435043,0.3300861120223999,0.016119467094540596,0.23117944598197937,0.10322023183107376,0.25189143419265747,0.6887673735618591,0.005220603663474321,2.080305576324463,0.21045435965061188,,,,,,,,,,,,,,,
,0.00028774950288621944,3729,,,,,,,,,,,,,,,,,,,,,,,,,,,,,,
4,,3729,0.08146972209215164,0.033567365258932114,0.4342779517173767,0.004866971168667078,0.09645148366689682,0.02407446689903736,0.2305593639612198,0.015009843744337559,0.15452030301094055,0.058571118861436844,0.2780779302120209,0.5980527997016907,0.005931478459388018,2.0468926429748535,0.25029274821281433,,,,,,,,,,,,,,,
,0.0002876744025989617,3739,,,,,,,,,,,,,,,,,,,,,,,,,,,,,,
4,,3739,0.09943138062953949,0.03561793267726898,0.42642849683761597,0.008871442638337612,0.11364901810884476,0.018606936559081078,0.25027406215667725,0.018230514600872993,0.2021535187959671,0.07057581841945648,0.29376739263534546,0.6721670627593994,0.002592752454802394,2.0280256271362305,0.2626776695251465,,,,,,,,,,,,,,,
,0.0002875990826792324,3749,,,,,,,,,,,,,,,,,,,,,,,,,,,,,,
4,,3749,0.09364733844995499,0.03383569419384003,0.5640542507171631,0.01186446100473404,0.13140162825584412,0.005272349342703819,0.29174867272377014,0.010341135784983635,0.18833884596824646,0.04747360572218895,0.3282885253429413,0.7141628265380859,0.00562996044754982,1.9537044763565063,0.29070547223091125,,,,,,,,,,,,,,,
,0.0002875235432471899,3759,,,,,,,,,,,,,,,,,,,,,,,,,,,,,,
4,,3759,0.0664118304848671,0.04910389333963394,0.49006950855255127,0.013788009993731976,0.1101614460349083,0.022221069782972336,0.34813612699508667,0.016652023419737816,0.21542324125766754,0.07913310080766678,0.27683520317077637,0.7211868166923523,0.02569624036550522,2.0664942264556885,0.1894567757844925,,,,,,,,,,,,,,,
,0.00028744778442334234,3769,,,,,,,,,,,,,,,,,,,,,,,,,,,,,,
4,,3769,0.10424446314573288,0.03654606640338898,0.45622387528419495,0.00562274968251586,0.11902827769517899,0.023935943841934204,0.3101540803909302,0.01633085124194622,0.25179362297058105,0.08234615623950958,0.2797701060771942,0.7544132471084595,0.010826696641743183,2.103057384490967,0.26220667362213135,,,,,,,,,,,,,,,
,0.0002873718063285481,3779,,,,,,,,,,,,,,,,,,,,,,,,,,,,,,
4,,3779,0.10886356979608536,0.07559596747159958,0.5202228426933289,0.010799708776175976,0.10478831827640533,0.020725438371300697,0.3742901682853699,0.009740584529936314,0.16310623288154602,0.07799845188856125,0.2942601442337036,0.7213491201400757,0.0180550217628479,2.036743402481079,0.26075464487075806,,,,,,,,,,,,,,,
,0.0002872956090840154,3789,,,,,,,,,,,,,,,,,,,,,,,,,,,,,,
4,,3789,0.07491014897823334,0.02688515931367874,0.35579541325569153,0.01054538507014513,0.09431315958499908,0.018912099301815033,0.2730392515659332,0.011125114746391773,0.18088777363300323,0.10318389534950256,0.2776883840560913,0.6039109230041504,0.005537727847695351,2.027738332748413,0.22852565348148346,,,,,,,,,,,,,,,
,0.0002872191928113019,3799,,,,,,,,,,,,,,,,,,,,,,,,,,,,,,
4,,3799,0.10472819209098816,0.08373670279979706,0.48705095052719116,0.018434997648000717,0.12439844012260437,0.030219484120607376,0.4299619793891907,0.017725937068462372,0.26700276136398315,0.06972356885671616,0.3030923008918762,0.8312897682189941,0.007938691414892673,1.999462604522705,0.2114550769329071,,,,,,,,,,,,,,,
,0.0002871425576323147,3809,,,,,,,,,,,,,,,,,,,,,,,,,,,,,,
4,,3809,0.13483791053295135,0.038979459553956985,0.3980564475059509,0.007149264682084322,0.12661875784397125,0.010002673603594303,0.31000104546546936,0.027921568602323532,0.2954547107219696,0.09128299355506897,0.29557210206985474,0.7926202416419983,0.0031111477874219418,2.0258710384368896,0.23197564482688904,,,,,,,,,,,,,,,
,0.0002870657036693103,3819,,,,,,,,,,,,,,,,,,,,,,,,,,,,,,
4,,3819,0.11705276370048523,0.03874445706605911,0.40421435236930847,0.012395404279232025,0.11458975821733475,0.024827774614095688,0.31269121170043945,0.021888401359319687,0.2713187634944916,0.07449863106012344,0.2858752906322479,0.7637826204299927,0.007993746548891068,2.0680105686187744,0.22437967360019684,,,,,,,,,,,,,,,
,0.00028698863104489403,3829,,,,,,,,,,,,,,,,,,,,,,,,,,,,,,
4,,3829,0.11403585225343704,0.05630281940102577,0.5373983383178711,0.013303721323609352,0.11264387518167496,0.019276369363069534,0.39259064197540283,0.022882621735334396,0.17933854460716248,0.11102864146232605,0.2935173809528351,0.7499313354492188,0.008655731566250324,2.1044514179229736,0.24562516808509827,,,,,,,,,,,,,,,
,0.00028691133988202014,3839,,,,,,,,,,,,,,,,,,,,,,,,,,,,,,
4,,3839,0.11977417021989822,0.05563114210963249,0.4057539403438568,0.011941199190914631,0.09277042746543884,0.01825960911810398,0.294464647769928,0.015834897756576538,0.14504900574684143,0.06784433126449585,0.27501630783081055,0.6215224862098694,0.007266535889357328,2.0762405395507812,0.22148875892162323,,,,,,,,,,,,,,,
,0.00028683383030399153,3849,,,,,,,,,,,,,,,,,,,,,,,,,,,,,,
4,,3849,0.0747649073600769,0.03070901148021221,0.4322836995124817,0.01065823808312416,0.0848848968744278,0.006660775747150183,0.245870441198349,0.011817213147878647,0.13494855165481567,0.04864708334207535,0.2539013624191284,0.547684907913208,0.00936115812510252,2.0601329803466797,0.1915067881345749,,,,,,,,,,,,,,,
,0.00028675610243445945,3859,,,,,,,,,,,,,,,,,,,,,,,,,,,,,,
4,,3859,0.15250198543071747,0.03265070170164108,0.371101975440979,0.007231802213937044,0.11623641848564148,0.019447365775704384,0.28589925169944763,0.02198319137096405,0.3269748091697693,0.06697194278240204,0.28431639075279236,0.80495685338974,0.0010196565417572856,2.110697031021118,0.2331295907497406,,,,,,,,,,,,,,,
,0.0002866781563974235,3869,,,,,,,,,,,,,,,,,,,,,,,,,,,,,,
4,,3869,0.12217377126216888,0.03638753294944763,0.4365632236003876,0.016995368525385857,0.11305150389671326,0.01707562431693077,0.3784662187099457,0.01811349391937256,0.2431248426437378,0.09021613746881485,0.261545330286026,0.7542001008987427,0.010563473217189312,1.9990500211715698,0.2051110863685608,,,,,,,,,,,,,,,
,0.0002865999923172312,3879,,,,,,,,,,,,,,,,,,,,,,,,,,,,,,
4,,3879,0.06410018354654312,0.10628966242074966,0.4263377785682678,0.014049772173166275,0.11973099410533905,0.018577532842755318,0.33900025486946106,0.01212022453546524,0.13441723585128784,0.06927686184644699,0.2618962228298187,0.6238580346107483,0.004801671952009201,2.0127675533294678,0.2308650016784668,,,,,,,,,,,,,,,
,0.00028652161031857815,3889,,,,,,,,,,,,,,,,,,,,,,,,,,,,,,
4,,3889,0.09645649790763855,0.09073184430599213,0.4313766062259674,0.008364468812942505,0.10229313373565674,0.018800079822540283,0.3592164218425751,0.021572254598140717,0.2363138198852539,0.06577442586421967,0.2762930691242218,0.747418999671936,0.0047834282740950584,2.0432496070861816,0.24182933568954468,,,,,,,,,,,,,,,
,0.0002864430105265073,3899,,,,,,,,,,,,,,,,,,,,,,,,,,,,,,
4,,3899,0.1216285228729248,0.05507315322756767,0.42453518509864807,0.026271935552358627,0.11873786151409149,0.023451628163456917,0.32997798919677734,0.019747290760278702,0.28488171100616455,0.07219479233026505,0.25667017698287964,0.7997211813926697,0.007960587739944458,2.0401244163513184,0.21529167890548706,,,,,,,,,,,,,,,
,0.00028636419306640916,3909,,,,,,,,,,,,,,,,,,,,,,,,,,,,,,
4,,3909,0.06802069395780563,0.03337814658880234,0.4368862211704254,0.0060555823147296906,0.12363486737012863,0.01093379408121109,0.2944817543029785,0.017620855942368507,0.23926421999931335,0.07926731556653976,0.2942110300064087,0.6940029263496399,0.006341400556266308,2.055619955062866,0.2185501605272293,,,,,,,,,,,,,,,
,0.0002862851580640216,3919,,,,,,,,,,,,,,,,,,,,,,,,,,,,,,
4,,3919,0.08117067813873291,0.0661129280924797,0.4709954857826233,0.0088799512013793,0.10242524743080139,0.010248907841742039,0.3234783411026001,0.016686566174030304,0.15138520300388336,0.04881412535905838,0.24953524768352509,0.6263250112533569,0.007560404483228922,2.081449031829834,0.21551397442817688,,,,,,,,,,,,,,,
,0.0002862059056454294,3929,,,,,,,,,,,,,,,,,,,,,,,,,,,,,,
4,,3929,0.0878075361251831,0.04608508571982384,0.44080057740211487,0.008510131388902664,0.10648243129253387,0.016271917149424553,0.281917542219162,0.018194500356912613,0.17890867590904236,0.05438825488090515,0.28570255637168884,0.6491462588310242,0.0037580779753625393,1.9586987495422363,0.24887394905090332,,,,,,,,,,,,,,,
,0.00028612643593706427,3939,,,,,,,,,,,,,,,,,,,,,,,,,,,,,,
4,,3939,0.13810235261917114,0.05635708197951317,0.4570635259151459,0.013625492341816425,0.16484226286411285,0.029522454366087914,0.38491344451904297,0.030337078496813774,0.4381621181964874,0.10319512337446213,0.29421254992485046,1.038158893585205,0.008327174931764603,2.1093904972076416,0.3082403242588043,,,,,,,,,,,,,,,
,0.00028604674906570446,3949,,,,,,,,,,,,,,,,,,,,,,,,,,,,,,
4,,3949,0.12935462594032288,0.04169871285557747,0.4555734395980835,0.013576033525168896,0.12720873951911926,0.01794164627790451,0.36614832282066345,0.018730349838733673,0.3099946677684784,0.0738852471113205,0.27256637811660767,0.8413349986076355,0.008176564238965511,1.9803575277328491,0.24974149465560913,,,,,,,,,,,,,,,
,0.00028596684515847475,3959,,,,,,,,,,,,,,,,,,,,,,,,,,,,,,
4,,3959,0.0856294333934784,0.04888433963060379,0.42674678564071655,0.007923271507024765,0.12016626447439194,0.0134665472432971,0.299821138381958,0.01992616057395935,0.16306349635124207,0.06463344395160675,0.29184287786483765,0.6386634111404419,0.001513058552518487,2.0230515003204346,0.2535039186477661,,,,,,,,,,,,,,,
,0.0002858867243428461,3969,,,,,,,,,,,,,,,,,,,,,,,,,,,,,,
4,,3969,0.12680551409721375,0.07016783952713013,0.4551595151424408,0.014783289283514023,0.10910569876432419,0.01928221434354782,0.3196217715740204,0.02071976661682129,0.17523495852947235,0.07032959908246994,0.2895923852920532,0.7059559226036072,0.00747777009382844,2.0711421966552734,0.24810507893562317,,,,,,,,,,,,,,,
,0.0002858063867466357,3979,,,,,,,,,,,,,,,,,,,,,,,,,,,,,,
4,,3979,0.060558438301086426,0.050139158964157104,0.46553707122802734,0.006274573039263487,0.10461921989917755,0.010130085982382298,0.24193410575389862,0.020999841392040253,0.1370970904827118,0.041597701609134674,0.28498145937919617,0.6018276810646057,0.005273627582937479,1.9872158765792847,0.29082390666007996,,,,,,,,,,,,,,,
,0.0002857258324980062,3989,,,,,,,,,,,,,,,,,,,,,,,,,,,,,,
4,,3989,0.11087615042924881,0.04476534575223923,0.44640234112739563,0.01991453394293785,0.11263316124677658,0.018128929659724236,0.33047112822532654,0.017211761325597763,0.2199370265007019,0.06559321284294128,0.24655777215957642,0.7251775860786438,0.011793399229645729,2.0342764854431152,0.23354962468147278,,,,,,,,,,,,,,,
,0.0002856450617254661,3999,,,,,,,,,,,,,,,,,,,,,,,,,,,,,,
4,,3999,0.11725032329559326,0.03633909672498703,0.4763936996459961,0.009773122146725655,0.14135652780532837,0.014022544026374817,0.3865348994731903,0.018515560775995255,0.3209434747695923,0.09089894592761993,0.3251591920852661,0.8868786096572876,0.0064297025091946125,2.037947654724121,0.3249565660953522,,,,,,,,,,,,,,,
,0.00028556407455786946,4009,,,,,,,,,,,,,,,,,,,,,,,,,,,,,,
4,,4009,0.11901147663593292,0.027207884937524796,0.34533601999282837,0.004557172767817974,0.10133165121078491,0.011517146602272987,0.25049495697021484,0.02150847762823105,0.18746031820774078,0.08102975785732269,0.25644728541374207,0.6068661212921143,0.0035359470639377832,2.1209969520568848,0.19551776349544525,,,,,,,,,,,,,,,
,0.00028548287112441527,4019,,,,,,,,,,,,,,,,,,,,,,,,,,,,,,
4,,4019,0.093024842441082,0.04116501659154892,0.42976340651512146,0.005465485155582428,0.09941989928483963,0.013345920480787754,0.2549956738948822,0.014650385826826096,0.13867850601673126,0.07209974527359009,0.2817661166191101,0.5905523896217346,0.005504000000655651,2.0668389797210693,0.2396719604730606,,,,,,,,,,,,,,,
,0.0002854014515546477,4029,,,,,,,,,,,,,,,,,,,,,,,,,,,,,,
4,,4029,0.11005833745002747,0.08614465594291687,0.5039677619934082,0.012103869579732418,0.11738546937704086,0.015738967806100845,0.45132115483283997,0.00848844088613987,0.17347171902656555,0.06596758216619492,0.27467232942581177,0.7175604104995728,0.01065916009247303,1.9948087930679321,0.19094732403755188,,,,,,,,,,,,,,,
,0.00028531981597845567,4039,,,,,,,,,,,,,,,,,,,,,,,,,,,,,,
4,,4039,0.09079984575510025,0.03113485686480999,0.40678671002388,0.009030591696500778,0.09543097019195557,0.01721566915512085,0.26658034324645996,0.010971946641802788,0.15499871969223022,0.06400035321712494,0.23741020262241364,0.571216344833374,0.004775445442646742,2.0014796257019043,0.18452344834804535,,,,,,,,,,,,,,,
,0.00028523796452607276,4049,,,,,,,,,,,,,,,,,,,,,,,,,,,,,,
4,,4049,0.10478997975587845,0.07124898582696915,0.4380582869052887,0.009536447934806347,0.09830076992511749,0.01196229550987482,0.33812519907951355,0.019587647169828415,0.26273906230926514,0.10191968083381653,0.2601558566093445,0.7526844143867493,0.019409604370594025,2.129882335662842,0.15564286708831787,,,,,,,,,,,,,,,
,0.0002851558973280768,4059,,,,,,,,,,,,,,,,,,,,,,,,,,,,,,
4,,4059,0.05034775659441948,0.03984054923057556,0.4778583347797394,0.007106223609298468,0.07036372274160385,0.006095437332987785,0.2622131407260895,0.008285223506391048,0.08481872826814651,0.05513354390859604,0.26351961493492126,0.485190212726593,0.0029264558106660843,2.028461217880249,0.16806702315807343,,,,,,,,,,,,,,,
,0.00028507361451539,4069,,,,,,,,,,,,,,,,,,,,,,,,,,,,,,
4,,4069,0.10508131235837936,0.06870052963495255,0.40934303402900696,0.008181342855095863,0.1248827576637268,0.017591239884495735,0.2881307005882263,0.012567881494760513,0.19211411476135254,0.08549101650714874,0.2845446467399597,0.674053430557251,0.002913943026214838,2.0839860439300537,0.24556946754455566,,,,,,,,,,,,,,,
,0.0002849911162192783,4079,,,,,,,,,,,,,,,,,,,,,,,,,,,,,,
4,,4079,0.07977022975683212,0.03348326310515404,0.4343734681606293,0.012787257321178913,0.11966448277235031,0.011796676553785801,0.25290000438690186,0.019738517701625824,0.23018164932727814,0.07147205621004105,0.2699805796146393,0.6860367655754089,0.005564630962908268,2.1513595581054688,0.23472627997398376,,,,,,,,,,,,,,,
,0.0002849084025713517,4089,,,,,,,,,,,,,,,,,,,,,,,,,,,,,,
4,,4089,0.12522420287132263,0.034135639667510986,0.37386178970336914,0.004575289785861969,0.1134534627199173,0.009327135980129242,0.2611013352870941,0.011050587520003319,0.20827743411064148,0.06761790812015533,0.2925732135772705,0.6578835844993591,0.0015338236698880792,2.114530563354492,0.25687330961227417,,,,,,,,,,,,,,,
,0.00028482547370356335,4099,,,,,,,,,,,,,,,,,,,,,,,,,,,,,,
4,,4099,0.09914172440767288,0.034466058015823364,0.359850138425827,0.005883506964892149,0.08544695377349854,0.017938045784831047,0.24527546763420105,0.01452360674738884,0.13155487179756165,0.06381916254758835,0.2638235092163086,0.5458047389984131,0.0025559791829437017,2.059551477432251,0.21995750069618225,,,,,,,,,,,,,,,
,0.0002847423297482101,4109,,,,,,,,,,,,,,,,,,,,,,,,,,,,,,
4,,4109,0.1295882761478424,0.054815199226140976,0.49878981709480286,0.011975778266787529,0.1406642198562622,0.020999522879719734,0.35417139530181885,0.020862046629190445,0.2853386104106903,0.04399747774004936,0.2761080265045166,0.842788815498352,0.004244721960276365,2.0590407848358154,0.2932688295841217,,,,,,,,,,,,,,,
,0.0002846589708379319,4119,,,,,,,,,,,,,,,,,,,,,,,,,,,,,,
4,,4119,0.12448027729988098,0.0373816080391407,0.4310634434223175,0.006697170902043581,0.15043501555919647,0.014548007398843765,0.24455194175243378,0.01947624795138836,0.26104289293289185,0.10085137188434601,0.2959270179271698,0.7610808610916138,0.0012179361656308174,2.0352563858032227,0.2860029339790344,,,,,,,,,,,,,,,
,0.00028457539710571134,4129,,,,,,,,,,,,,,,,,,,,,,,,,,,,,,
4,,4129,0.10342324525117874,0.04765179008245468,0.48093104362487793,0.014413460157811642,0.09468019753694534,0.008695142343640327,0.3068818747997284,0.01276431418955326,0.12323877960443497,0.06968291848897934,0.26081958413124084,0.610697865486145,0.005541921593248844,2.0065042972564697,0.24111096560955048,,,,,,,,,,,,,,,
,0.00028449160868487404,4139,,,,,,,,,,,,,,,,,,,,,,,,,,,,,,
4,,4139,0.08787691593170166,0.03915049135684967,0.4939368963241577,0.010813439264893532,0.09462540596723557,0.006413543131202459,0.2976618707180023,0.009439610876142979,0.14844165742397308,0.06823932379484177,0.2848264276981354,0.620866596698761,0.005686881486326456,2.009395122528076,0.23408488929271698,,,,,,,,,,,,,,,
,0.0002844076057090879,4149,,,,,,,,,,,,,,,,,,,,,,,,,,,,,,
4,,4149,0.11238240450620651,0.02973085828125477,0.37370529770851135,0.018521461635828018,0.11346028000116348,0.02356211468577385,0.27274635434150696,0.017339613288640976,0.22968131303787231,0.10866009443998337,0.273443341255188,0.687845766544342,0.005311987828463316,2.0954737663269043,0.19158613681793213,,,,,,,,,,,,,,,
,0.0002843233883123631,4159,,,,,,,,,,,,,,,,,,,,,,,,,,,,,,
4,,4159,0.1366584151983261,0.04043076932430267,0.35217711329460144,0.004328498616814613,0.12334199249744415,0.01157755684107542,0.3222688138484955,0.019518356770277023,0.32012736797332764,0.07982508093118668,0.2669545114040375,0.7876690626144409,0.004096968099474907,2.0736591815948486,0.22295668721199036,,,,,,,,,,,,,,,
,0.0002842389566290521,4169,,,,,,,,,,,,,,,,,,,,,,,,,,,,,,
4,,4169,0.0789656862616539,0.09069326519966125,0.5843666195869446,0.01323618646711111,0.09037783741950989,0.014962784014642239,0.4452565610408783,0.015351694077253342,0.16044175624847412,0.07280696928501129,0.28310900926589966,0.7188525199890137,0.0044706761837005615,2.067434310913086,0.21783100068569183,,,,,,,,,,,,,,,
,0.000284154310793849,4179,,,,,,,,,,,,,,,,,,,,,,,,,,,,,,
4,,4179,0.0954069048166275,0.056381624191999435,0.4361642897129059,0.011877580545842648,0.09306889027357101,0.013546496629714966,0.2503545880317688,0.006274190731346607,0.12566502392292023,0.06700700521469116,0.2793506383895874,0.5699740052223206,0.004108295310288668,2.0530004501342773,0.20797739923000336,,,,,,,,,,,,,,,
,0.0002840694509417896,4189,,,,,,,,,,,,,,,,,,,,,,,,,,,,,,
4,,4189,0.09908638894557953,0.056528061628341675,0.4147086441516876,0.01029601227492094,0.0888986885547638,0.009828809648752213,0.28614288568496704,0.016570545732975006,0.17818483710289001,0.05514760687947273,0.2747797667980194,0.6188346147537231,0.004998365882784128,2.0514769554138184,0.16771642863750458,,,,,,,,,,,,,,,
,0.0002839843772082511,4199,,,,,,,,,,,,,,,,,,,,,,,,,,,,,,
4,,4199,0.0979815348982811,0.03844635933637619,0.4885384440422058,0.015068539418280125,0.10628771781921387,0.010263847187161446,0.34287625551223755,0.014962812885642052,0.15395277738571167,0.06730888783931732,0.2914736866950989,0.6613550186157227,0.004855804145336151,2.058943748474121,0.2525676190853119,,,,,,,,,,,,,,,
,0.000283899089728952,4209,,,,,,,,,,,,,,,,,,,,,,,,,,,,,,
4,,4209,0.13558927178382874,0.03925830125808716,0.44925132393836975,0.008245600387454033,0.09585025161504745,0.024828575551509857,0.2849114239215851,0.014835167676210403,0.1877683848142624,0.06882131844758987,0.2945137917995453,0.6819559335708618,0.004249400459229946,2.0269579887390137,0.23917797207832336,,,,,,,,,,,,,,,
,0.0002838135886399518,4219,,,,,,,,,,,,,,,,,,,,,,,,,,,,,,
4,,4219,0.09366993606090546,0.035679981112480164,0.42179155349731445,0.007847964763641357,0.11580685526132584,0.05176415666937828,0.3116225600242615,0.017854508012533188,0.21769030392169952,0.1105472669005394,0.3011612892150879,0.7106266021728516,0.003531926777213812,2.1291933059692383,0.22167900204658508,,,,,,,,,,,,,,,
,0.0002837278740776505,4229,,,,,,,,,,,,,,,,,,,,,,,,,,,,,,
4,,4229,0.10552778840065002,0.06938374787569046,0.44725024700164795,0.009647022001445293,0.11831044405698776,0.018893852829933167,0.31391116976737976,0.009875106625258923,0.16896581649780273,0.04466414451599121,0.30758970975875854,0.6801823377609253,0.006084037479013205,2.0482606887817383,0.28399333357810974,,,,,,,,,,,,,,,
4,,4234,,,,,,,,,,,,,,,,0.1642175316810608,0.028639793395996094,0.24920468032360077,0.006359877996146679,0.06651965528726578,0.0030696350149810314,0.18565405905246735,0.028511028736829758,0.2125910371541977,0.06705213338136673,0.1627456545829773,0.5730594396591187,0.010980374179780483,1.9987164735794067,0.1303526610136032
,0.0002836419461787889,4239,,,,,,,,,,,,,,,,,,,,,,,,,,,,,,
5,,4239,0.07386290282011032,0.05299677699804306,0.4564800262451172,0.004092520102858543,0.11161651462316513,0.017005566507577896,0.2946639060974121,0.02202312834560871,0.1602308601140976,0.056646838784217834,0.2618807256221771,0.6320447325706482,0.0026702142786234617,2.0528042316436768,0.2566925287246704,,,,,,,,,,,,,,,
,0.0002835558050804482,4249,,,,,,,,,,,,,,,,,,,,,,,,,,,,,,
5,,4249,0.11103958636522293,0.024176567792892456,0.3120705783367157,0.00774025684222579,0.07716787606477737,0.030517904087901115,0.22436408698558807,0.013641426339745522,0.17448677122592926,0.07099775224924088,0.2307681441307068,0.5625806450843811,0.004422340542078018,2.1295881271362305,0.18677671253681183,,,,,,,,,,,,,,,
,0.0002834694509200495,4259,,,,,,,,,,,,,,,,,,,,,,,,,,,,,,
5,,4259,0.05764193832874298,0.032674308866262436,0.4187847971916199,0.011612660251557827,0.10950865596532822,0.00690996740013361,0.25429582595825195,0.011540167033672333,0.1319313943386078,0.06841602176427841,0.29549339413642883,0.5610248446464539,0.006019459571689367,1.9944674968719482,0.228759303689003,,,,,,,,,,,,,,,
,0.0002833828838353539,4269,,,,,,,,,,,,,,,,,,,,,,,,,,,,,,
5,,4269,0.0861995741724968,0.052697207778692245,0.4855099618434906,0.013865002430975437,0.09338226169347763,0.02353198453783989,0.3398093581199646,0.014812796376645565,0.1494731307029724,0.11913379281759262,0.29246771335601807,0.661584734916687,0.005575723946094513,2.0729281902313232,0.23866288363933563,,,,,,,,,,,,,,,
,0.0002832961039644623,4279,,,,,,,,,,,,,,,,,,,,,,,,,,,,,,
5,,4279,0.07896340638399124,0.03331081196665764,0.4266519546508789,0.01100152637809515,0.10469900816679001,0.010849169455468655,0.255013108253479,0.01888924092054367,0.19098521769046783,0.04515425115823746,0.2666054964065552,0.6322762370109558,0.00427987240254879,2.1096603870391846,0.23623952269554138,,,,,,,,,,,,,,,
,0.00028320911144581485,4289,,,,,,,,,,,,,,,,,,,,,,,,,,,,,,
5,,4289,0.10829741507768631,0.04291277751326561,0.468608021736145,0.011663921177387238,0.11875691264867783,0.013948014006018639,0.2956034243106842,0.025167934596538544,0.2276628315448761,0.08263364434242249,0.26794761419296265,0.7354660034179688,0.006669470574706793,2.054868221282959,0.25285661220550537,,,,,,,,,,,,,,,
,0.000283121906418191,4299,,,,,,,,,,,,,,,,,,,,,,,,,,,,,,
5,,4299,0.08197373896837234,0.04046173021197319,0.4443475008010864,0.008763816207647324,0.09909071028232574,0.02445257268846035,0.263806015253067,0.009171132929623127,0.1790425032377243,0.060777697712183,0.30355003476142883,0.6540296673774719,0.018196921795606613,1.971079707145691,0.25200778245925903,,,,,,,,,,,,,,,
,0.00028303448902070933,4309,,,,,,,,,,,,,,,,,,,,,,,,,,,,,,
5,,4309,0.10874976217746735,0.04558169096708298,0.44148725271224976,0.01666773483157158,0.12496047466993332,0.0170795526355505,0.29924777150154114,0.01971692591905594,0.2199767827987671,0.07594141364097595,0.2585316598415375,0.7155733108520508,0.003850790439173579,1.9970186948776245,0.2420598864555359,,,,,,,,,,,,,,,
,0.00028294685939282704,4319,,,,,,,,,,,,,,,,,,,,,,,,,,,,,,
5,,4319,0.07557691633701324,0.036473918706178665,0.3879036605358124,0.010431202128529549,0.09107886254787445,0.012123480439186096,0.2942650616168976,0.017000868916511536,0.19794346392154694,0.05582766607403755,0.25536859035491943,0.6164274215698242,0.005387121345847845,2.0069570541381836,0.1835668981075287,,,,,,,,,,,,,,,
,0.0002828590176743401,4329,,,,,,,,,,,,,,,,,,,,,,,,,,,,,,
5,,4329,0.08505403995513916,0.06341619044542313,0.3533496856689453,0.006558056455105543,0.0825783982872963,0.015285460278391838,0.285814493894577,0.009230474941432476,0.1753775179386139,0.06383145600557327,0.23439356684684753,0.5834501385688782,0.0059744250029325485,2.050522804260254,0.18738971650600433,,,,,,,,,,,,,,,
,0.0002827709640053827,4339,,,,,,,,,,,,,,,,,,,,,,,,,,,,,,
5,,4339,0.08655543625354767,0.02738645114004612,0.40985414385795593,0.008612276054918766,0.1085750162601471,0.01612337864935398,0.2366286665201187,0.02922005020081997,0.23103231191635132,0.0543963648378849,0.2683543562889099,0.6746453642845154,0.004635502118617296,2.0493323802948,0.22587904334068298,,,,,,,,,,,,,,,
,0.000282682698526427,4349,,,,,,,,,,,,,,,,,,,,,,,,,,,,,,
5,,4349,0.09277339279651642,0.0403226800262928,0.4511464834213257,0.007121572270989418,0.10764420032501221,0.020146511495113373,0.2566629648208618,0.011610185727477074,0.143203467130661,0.06410498172044754,0.2886423170566559,0.6105556488037109,0.0023615597747266293,2.0129599571228027,0.26634955406188965,,,,,,,,,,,,,,,
,0.00028259422137828343,4359,,,,,,,,,,,,,,,,,,,,,,,,,,,,,,
5,,4359,0.1155422180891037,0.0438971221446991,0.4459753930568695,0.010851875878870487,0.10120007395744324,0.024215469136834145,0.31236615777015686,0.01778629794716835,0.15936866402626038,0.09344689548015594,0.2910347580909729,0.6713041663169861,0.011327248997986317,2.0780653953552246,0.2504138946533203,,,,,,,,,,,,,,,
,0.0002825055327020999,4369,,,,,,,,,,,,,,,,,,,,,,,,,,,,,,
5,,4369,0.10458154231309891,0.04787576571106911,0.3938688337802887,0.01449612993746996,0.13012364506721497,0.016093691810965538,0.30716344714164734,0.018958255648612976,0.24118663370609283,0.08953028172254562,0.26849251985549927,0.7258287668228149,0.008949676528573036,2.1230759620666504,0.22713205218315125,,,,,,,,,,,,,,,
,0.00028241663263936165,4379,,,,,,,,,,,,,,,,,,,,,,,,,,,,,,
5,,4379,0.1242893785238266,0.07663926482200623,0.44503578543663025,0.007648821920156479,0.11096339672803879,0.0159562136977911,0.32250669598579407,0.018953122198581696,0.20196521282196045,0.05509238690137863,0.30227699875831604,0.7060379981994629,0.005879505537450314,2.0914759635925293,0.20071755349636078,,,,,,,,,,,,,,,
,0.00028232752133189136,4389,,,,,,,,,,,,,,,,,,,,,,,,,,,,,,
5,,4389,0.11316417157649994,0.03579430654644966,0.3320639431476593,0.007766790222376585,0.11050739139318466,0.010855619795620441,0.23026928305625916,0.017438488081097603,0.22035101056098938,0.0648648738861084,0.270296573638916,0.6411621570587158,0.008382102474570274,2.09043025970459,0.20764560997486115,,,,,,,,,,,,,,,
,0.00028223819892184864,4399,,,,,,,,,,,,,,,,,,,,,,,,,,,,,,
5,,4399,0.10322511196136475,0.041595470160245895,0.3952285647392273,0.011117939837276936,0.11158394813537598,0.015812302008271217,0.30897411704063416,0.026631440967321396,0.26472604274749756,0.06691346317529678,0.28627440333366394,0.7535427212715149,0.004701533354818821,2.079280138015747,0.26402953267097473,,,,,,,,,,,,,,,
,0.0002821486655517298,4409,,,,,,,,,,,,,,,,,,,,,,,,,,,,,,
5,,4409,0.0970340296626091,0.06657078117132187,0.4104280173778534,0.009213271550834179,0.07860162854194641,0.047318194061517715,0.2928304076194763,0.008936958387494087,0.11379878968000412,0.05957663804292679,0.2412063628435135,0.575525164604187,0.009539599530398846,2.088601589202881,0.20689311623573303,,,,,,,,,,,,,,,
,0.00028205892136436774,4419,,,,,,,,,,,,,,,,,,,,,,,,,,,,,,
5,,4419,0.10279811173677444,0.06791581958532333,0.49074485898017883,0.009986518882215023,0.11216355860233307,0.018521327525377274,0.3565932512283325,0.017418814823031425,0.2089405059814453,0.08224289119243622,0.2573995292186737,0.7246865034103394,0.009968317113816738,2.058047294616699,0.20772433280944824,,,,,,,,,,,,,,,
,0.00028196896650293173,4429,,,,,,,,,,,,,,,,,,,,,,,,,,,,,,
5,,4429,0.045588571578264236,0.044747717678546906,0.4955648183822632,0.00614237692207098,0.11823864281177521,0.01779162883758545,0.2816336452960968,0.013308709487318993,0.07759368419647217,0.04974433407187462,0.3115532100200653,0.5361483097076416,0.005353352054953575,2.0349888801574707,0.2191706895828247,,,,,,,,,,,,,,,
,0.0002818788011109271,4439,,,,,,,,,,,,,,,,,,,,,,,,,,,,,,
5,,4439,0.07573126256465912,0.061206888407468796,0.419720321893692,0.015907861292362213,0.11978734284639359,0.012135042808949947,0.3196987807750702,0.013050545938313007,0.2409103810787201,0.05977712944149971,0.26171213388442993,0.7069997787475586,0.004033681470900774,2.002218008041382,0.22528250515460968,,,,,,,,,,,,,,,
,0.0002817884253321949,4449,,,,,,,,,,,,,,,,,,,,,,,,,,,,,,
5,,4449,0.13152870535850525,0.03447604924440384,0.4191504418849945,0.006618823856115341,0.13198167085647583,0.030778679996728897,0.3532693088054657,0.027865083888173103,0.2874138653278351,0.0726664662361145,0.2945730686187744,0.8246755003929138,0.004689777735620737,2.0570733547210693,0.28757160902023315,,,,,,,,,,,,,,,
,0.00028169783931091214,4459,,,,,,,,,,,,,,,,,,,,,,,,,,,,,,
5,,4459,0.16289103031158447,0.045194461941719055,0.44284921884536743,0.012065649963915348,0.17229428887367249,0.02206750586628914,0.34830784797668457,0.018265441060066223,0.3605157434940338,0.08904962241649628,0.27794888615608215,0.9122965931892395,0.00664881756529212,2.022810220718384,0.24097077548503876,,,,,,,,,,,,,,,
,0.00028160704319159084,4469,,,,,,,,,,,,,,,,,,,,,,,,,,,,,,
5,,4469,0.12828359007835388,0.048660758882761,0.3886635899543762,0.009364346973598003,0.10100890696048737,0.013842245563864708,0.2779221832752228,0.02309379354119301,0.24788519740104675,0.09039054811000824,0.2612486481666565,0.7126573920249939,0.003935355227440596,2.0674662590026855,0.20237113535404205,,,,,,,,,,,,,,,
,0.0002815160371190785,4479,,,,,,,,,,,,,,,,,,,,,,,,,,,,,,
5,,4479,0.08289921283721924,0.04944835230708122,0.43300744891166687,0.012256975285708904,0.09992625564336777,0.01348306704312563,0.28304576873779297,0.022564079612493515,0.19788098335266113,0.06436660140752792,0.2732987403869629,0.6692206859588623,0.007261426653712988,2.0962061882019043,0.23775584995746613,,,,,,,,,,,,,,,
,0.00028142482123855736,4489,,,,,,,,,,,,,,,,,,,,,,,,,,,,,,
5,,4489,0.1428156942129135,0.03957805037498474,0.4536416530609131,0.01100949663668871,0.13290844857692719,0.028262905776500702,0.30768537521362305,0.015189344063401222,0.21978884935379028,0.09162208437919617,0.29614579677581787,0.7567198872566223,0.005453916732221842,2.0696263313293457,0.2823144197463989,,,,,,,,,,,,,,,
,0.00028133339569554446,4499,,,,,,,,,,,,,,,,,,,,,,,,,,,,,,
5,,4499,0.13839289546012878,0.036556221544742584,0.3822951018810272,0.004358974285423756,0.1324959397315979,0.013227302581071854,0.29065394401550293,0.015773504972457886,0.3973749279975891,0.06286203861236572,0.27236664295196533,0.8617410063743591,0.005237404257059097,2.0155715942382812,0.21395011246204376,,,,,,,,,,,,,,,
,0.0002812417606358913,4509,,,,,,,,,,,,,,,,,,,,,,,,,,,,,,
5,,4509,0.13743305206298828,0.030745871365070343,0.39363428950309753,0.014169920235872269,0.12377973645925522,0.016717223450541496,0.2724873423576355,0.016904961317777634,0.27130016684532166,0.09644530713558197,0.28588664531707764,0.7594647407531738,0.002918912097811699,2.0761523246765137,0.25332021713256836,,,,,,,,,,,,,,,
,0.0002811499162057837,4519,,,,,,,,,,,,,,,,,,,,,,,,,,,,,,
5,,4519,0.10388284921646118,0.03661651164293289,0.4060112237930298,0.005241856444627047,0.10271332412958145,0.015953458845615387,0.24109068512916565,0.01933348923921585,0.1464587152004242,0.06441637128591537,0.2862952649593353,0.5953449606895447,0.0038919560611248016,2.022749185562134,0.23726077377796173,,,,,,,,,,,,,,,
,0.0002810578625517412,4529,,,,,,,,,,,,,,,,,,,,,,,,,,,,,,
5,,4529,0.10427458584308624,0.03830016404390335,0.4552505612373352,0.01909533143043518,0.10385408252477646,0.027834229171276093,0.3138345777988434,0.0214344784617424,0.20560067892074585,0.10151323676109314,0.2858927845954895,0.7129628658294678,0.0071356999687850475,2.0763754844665527,0.21639776229858398,,,,,,,,,,,,,,,
,0.0002809655998206176,4539,,,,,,,,,,,,,,,,,,,,,,,,,,,,,,
5,,4539,0.12318725138902664,0.046094223856925964,0.4166080355644226,0.0061311544850468636,0.12489943951368332,0.010972345247864723,0.322483092546463,0.0181831456720829,0.2376318722963333,0.07628036290407181,0.2877967953681946,0.7291241884231567,0.00766941299661994,2.089890480041504,0.22720524668693542,,,,,,,,,,,,,,,
,0.0002808731281595998,4549,,,,,,,,,,,,,,,,,,,,,,,,,,,,,,
5,,4549,0.09882917255163193,0.024970926344394684,0.34114745259284973,0.006744864862412214,0.10083562880754471,0.013812392950057983,0.28875038027763367,0.02426404133439064,0.25153252482414246,0.07681632786989212,0.23733916878700256,0.6639516353607178,0.005179839674383402,1.9593571424484253,0.17063407599925995,,,,,,,,,,,,,,,
,0.0002807804477162082,4559,,,,,,,,,,,,,,,,,,,,,,,,,,,,,,
5,,4559,0.06119168922305107,0.04972357675433159,0.42528682947158813,0.007715250365436077,0.09239931404590607,0.015366795472800732,0.28626924753189087,0.017166640609502792,0.1587294340133667,0.079603411257267,0.27485862374305725,0.5945698618888855,0.003180090105161071,1.9908044338226318,0.2014809101819992,,,,,,,,,,,,,,,
,0.0002806875586382963,4569,,,,,,,,,,,,,,,,,,,,,,,,,,,,,,
5,,4569,0.07802172005176544,0.049948059022426605,0.40970104932785034,0.016938811168074608,0.108551025390625,0.021519923582673073,0.2751367390155792,0.013247589580714703,0.17837324738502502,0.0854901596903801,0.2804223895072937,0.6525903344154358,0.010958964005112648,2.0367178916931152,0.2519381642341614,,,,,,,,,,,,,,,
,0.00028059446107405025,4579,,,,,,,,,,,,,,,,,,,,,,,,,,,,,,
5,,4579,0.06280200928449631,0.038932204246520996,0.3992352783679962,0.01278794277459383,0.08777407556772232,0.034710951149463654,0.24677355587482452,0.009919755160808563,0.11700606346130371,0.08302349597215652,0.2447669804096222,0.5288859009742737,0.0037766657769680023,2.0490100383758545,0.18750563263893127,,,,,,,,,,,,,,,
,0.00028050115517198914,4589,,,,,,,,,,,,,,,,,,,,,,,,,,,,,,
5,,4589,0.12399162352085114,0.02873934619128704,0.3656255006790161,0.007949013262987137,0.08762901276350021,0.014810847118496895,0.23061677813529968,0.01752874068915844,0.2043265849351883,0.04011928290128708,0.2575077712535858,0.6078891158103943,0.0032231879886239767,2.0318663120269775,0.15731997787952423,,,,,,,,,,,,,,,
,0.000280407641080964,4599,,,,,,,,,,,,,,,,,,,,,,,,,,,,,,
5,,4599,0.06469213217496872,0.039724599570035934,0.45338931679725647,0.007052561268210411,0.08187104016542435,0.006999287288635969,0.2492029368877411,0.00966518186032772,0.1238744780421257,0.04299241304397583,0.2408825159072876,0.5290641784667969,0.002943270141258836,1.952909231185913,0.20127488672733307,,,,,,,,,,,,,,,
,0.00028031391895015834,4609,,,,,,,,,,,,,,,,,,,,,,,,,,,,,,
5,,4609,0.1382431983947754,0.026658201590180397,0.4022791087627411,0.007375895511358976,0.11236853152513504,0.01392984576523304,0.28522226214408875,0.024524662643671036,0.3134578466415405,0.0666842833161354,0.2830442190170288,0.7926080226898193,0.008168618194758892,2.1168057918548584,0.2187940627336502,,,,,,,,,,,,,,,
,0.0002802199889290873,4619,,,,,,,,,,,,,,,,,,,,,,,,,,,,,,
5,,4619,0.10775528848171234,0.030100101605057716,0.39306557178497314,0.011237421073019505,0.15600310266017914,0.01242191530764103,0.250103235244751,0.03040561079978943,0.26804330945014954,0.055040143430233,0.2746369242668152,0.7419614791870117,0.003110416466370225,1.988710880279541,0.24802125990390778,,,,,,,,,,,,,,,
,0.00028012585116759793,4629,,,,,,,,,,,,,,,,,,,,,,,,,,,,,,
5,,4629,0.08462381362915039,0.041656821966171265,0.4587843716144562,0.010338563472032547,0.12421803176403046,0.020214682444930077,0.3304098844528198,0.01624651998281479,0.22144578397274017,0.056577377021312714,0.25951775908470154,0.7060925364494324,0.012149722315371037,2.005657434463501,0.21715842187404633,,,,,,,,,,,,,,,
,0.0002800315058158684,4639,,,,,,,,,,,,,,,,,,,,,,,,,,,,,,
5,,4639,0.10287867486476898,0.05354802682995796,0.29292502999305725,0.004435816314071417,0.10101459920406342,0.020278001204133034,0.2646629512310028,0.02045828104019165,0.21279078722000122,0.07387987524271011,0.2728683054447174,0.6272389888763428,0.00574924610555172,2.075838565826416,0.1861826330423355,,,,,,,,,,,,,,,
,0.0002799369530244082,4649,,,,,,,,,,,,,,,,,,,,,,,,,,,,,,
5,,4649,0.1230093315243721,0.03873090073466301,0.4489883482456207,0.027293087914586067,0.12368768453598022,0.014474582858383656,0.28931817412376404,0.017776358872652054,0.26752790808677673,0.061712704598903656,0.28970953822135925,0.778536319732666,0.009704235941171646,2.0483450889587402,0.22284533083438873,,,,,,,,,,,,,,,
,0.0002798421929440579,4659,,,,,,,,,,,,,,,,,,,,,,,,,,,,,,
5,,4659,0.14827285706996918,0.02512585185468197,0.33587825298309326,0.007448478136211634,0.11441298574209213,0.009536025114357471,0.2199677973985672,0.017512571066617966,0.29417794942855835,0.10441963374614716,0.2746540904045105,0.7310570478439331,0.0032839730847626925,2.0505151748657227,0.21575604379177094,,,,,,,,,,,,,,,
,0.00027974722572598836,4669,,,,,,,,,,,,,,,,,,,,,,,,,,,,,,
5,,4669,0.08939153701066971,0.03282979503273964,0.38341227173805237,0.009131643921136856,0.08354927599430084,0.016408251598477364,0.24481604993343353,0.01556534506380558,0.19527487456798553,0.07891996204853058,0.2628956437110901,0.6116639375686646,0.0030996876303106546,2.007657289505005,0.2034282386302948,,,,,,,,,,,,,,,
,0.0002796520515217013,4679,,,,,,,,,,,,,,,,,,,,,,,,,,,,,,
5,,4679,0.07827766239643097,0.03952397033572197,0.3052179515361786,0.004614764358848333,0.09038438647985458,0.011229750700294971,0.2641705870628357,0.016706500202417374,0.20434190332889557,0.055654726922512054,0.2574641704559326,0.5790191888809204,0.004758884664624929,2.0473673343658447,0.1599622219800949,,,,,,,,,,,,,,,
,0.00027955667048302845,4689,,,,,,,,,,,,,,,,,,,,,,,,,,,,,,
5,,4689,0.07908382266759872,0.05666320025920868,0.5162681341171265,0.01256253570318222,0.09252016991376877,0.016009049490094185,0.30117106437683105,0.006480589509010315,0.08592920005321503,0.1093154028058052,0.2693406641483307,0.5843318700790405,0.016578031703829765,2.0300686359405518,0.2300037294626236,,,,,,,,,,,,,,,
,0.00027946108276213146,4699,,,,,,,,,,,,,,,,,,,,,,,,,,,,,,
5,,4699,0.11025603860616684,0.03969835862517357,0.3587304353713989,0.004050424322485924,0.1180284395813942,0.014560641720890999,0.28667882084846497,0.024340691044926643,0.2774975895881653,0.08193102478981018,0.2675611972808838,0.7399212121963501,0.0030111870728433132,2.0737738609313965,0.2604525685310364,,,,,,,,,,,,,,,
,0.00027936528851150186,4709,,,,,,,,,,,,,,,,,,,,,,,,,,,,,,
5,,4709,0.1575787216424942,0.03133820742368698,0.4153960943222046,0.016218233853578568,0.08116981387138367,0.021938864141702652,0.2454564869403839,0.011749104596674442,0.15412403643131256,0.06702394038438797,0.26261311769485474,0.6245445609092712,0.0017113951034843922,2.0487077236175537,0.231986865401268,,,,,,,,,,,,,,,
,0.00027926928788396044,4719,,,,,,,,,,,,,,,,,,,,,,,,,,,,,,
5,,4719,0.03397252783179283,0.04246603697538376,0.42945125699043274,0.009323349222540855,0.05865136533975601,0.007169479038566351,0.24251486361026764,0.008892550133168697,0.05681247264146805,0.056625448167324066,0.2588635981082916,0.4390691816806793,0.00818035937845707,1.9300193786621094,0.1796986311674118,,,,,,,,,,,,,,,
,0.0002791730810326574,4729,,,,,,,,,,,,,,,,,,,,,,,,,,,,,,
5,,4729,0.12809449434280396,0.03376759588718414,0.3666169345378876,0.012615861371159554,0.13949769735336304,0.020230093970894814,0.26774361729621887,0.023952553048729897,0.30168962478637695,0.09920176863670349,0.2736330032348633,0.7936360836029053,0.006108524743467569,2.124627113342285,0.2673264741897583,,,,,,,,,,,,,,,
,0.0002790766681110719,4739,,,,,,,,,,,,,,,,,,,,,,,,,,,,,,
5,,4739,0.07529932260513306,0.039063651114702225,0.3524116277694702,0.00673542870208621,0.09296374022960663,0.009743152186274529,0.24525368213653564,0.016883090138435364,0.18474867939949036,0.05461273714900017,0.26711317896842957,0.5758605003356934,0.003947051241993904,1.9746116399765015,0.17835719883441925,,,,,,,,,,,,,,,
,0.00027898004927301185,4749,,,,,,,,,,,,,,,,,,,,,,,,,,,,,,
5,,4749,0.06484443694353104,0.04800838232040405,0.4108750820159912,0.0071779475547373295,0.1006598249077797,0.0216627586632967,0.28047648072242737,0.017199162393808365,0.1775939017534256,0.0718265101313591,0.24928905069828033,0.6077753305435181,0.002090809401124716,2.0912210941314697,0.20692722499370575,,,,,,,,,,,,,,,
,0.0002788832246726136,4759,,,,,,,,,,,,,,,,,,,,,,,,,,,,,,
5,,4759,0.11680030822753906,0.06286455690860748,0.4092859923839569,0.008938870392739773,0.12000556290149689,0.032923515886068344,0.3005320429801941,0.02447555959224701,0.24801026284694672,0.09867043793201447,0.27605757117271423,0.7577004432678223,0.009223206900060177,2.0735161304473877,0.23037521541118622,,,,,,,,,,,,,,,
,0.00027878619446434176,4769,,,,,,,,,,,,,,,,,,,,,,,,,,,,,,
5,,4769,0.1675889492034912,0.03547084331512451,0.46700605750083923,0.008499644696712494,0.1115591824054718,0.02041286788880825,0.31986483931541443,0.020474886521697044,0.265620619058609,0.09752314537763596,0.30473923683166504,0.8142768740653992,0.002981114899739623,2.074528932571411,0.283257395029068,,,,,,,,,,,,,,,
,0.00027868895880298896,4779,,,,,,,,,,,,,,,,,,,,,,,,,,,,,,
5,,4779,0.08472134172916412,0.03344611078500748,0.39459553360939026,0.007981563918292522,0.11856652051210403,0.01901567354798317,0.2996014952659607,0.019877173006534576,0.2579643130302429,0.0849270224571228,0.2843543589115143,0.7229771018028259,0.004501667805016041,2.0438003540039062,0.24958285689353943,,,,,,,,,,,,,,,
,0.00027859151784367567,4789,,,,,,,,,,,,,,,,,,,,,,,,,,,,,,
5,,4789,0.09217429161071777,0.043884556740522385,0.46988290548324585,0.011776446364820004,0.11703817546367645,0.025789959356188774,0.3160421848297119,0.031840287148952484,0.25016725063323975,0.07100345939397812,0.2659606635570526,0.7899035215377808,0.03631243482232094,2.038280487060547,0.23397815227508545,,,,,,,,,,,,,,,
,0.00027849387174184976,4799,,,,,,,,,,,,,,,,,,,,,,,,,,,,,,
5,,4799,0.07121753692626953,0.08252999186515808,0.46121883392333984,0.011098663322627544,0.12157145887613297,0.02042478136718273,0.30162081122398376,0.014460636302828789,0.1842958629131317,0.07364729791879654,0.25833451747894287,0.676959216594696,0.004118797369301319,2.0087509155273438,0.2575809955596924,,,,,,,,,,,,,,,
,0.00027839602065328635,4809,,,,,,,,,,,,,,,,,,,,,,,,,,,,,,
5,,4809,0.1235504150390625,0.045109208673238754,0.400950163602829,0.006029611919075251,0.13004788756370544,0.009884978644549847,0.3292900621891022,0.02178071439266205,0.28453031182289124,0.08983547240495682,0.2994484305381775,0.7750018239021301,0.0024152835831046104,2.034686803817749,0.22333334386348724,,,,,,,,,,,,,,,
,0.00027829796473408775,4819,,,,,,,,,,,,,,,,,,,,,,,,,,,,,,
5,,4819,0.11190935969352722,0.0711163654923439,0.47659990191459656,0.023174066096544266,0.09871916472911835,0.01779761165380478,0.36139464378356934,0.009659628383815289,0.19432376325130463,0.06613962352275848,0.2834395170211792,0.7224511504173279,0.01116328313946724,2.129142999649048,0.22071042656898499,,,,,,,,,,,,,,,
,0.0002781997041406829,4829,,,,,,,,,,,,,,,,,,,,,,,,,,,,,,
5,,4829,0.12166522443294525,0.04197689890861511,0.3747618794441223,0.004648119211196899,0.07843635976314545,0.01075065415352583,0.2505549490451813,0.013433847576379776,0.1837223917245865,0.057811006903648376,0.235909104347229,0.5924378037452698,0.004846889991313219,1.9892628192901611,0.17419318854808807,,,,,,,,,,,,,,,
,0.0002781012390298272,4839,,,,,,,,,,,,,,,,,,,,,,,,,,,,,,
5,,4839,0.08532813936471939,0.03827042505145073,0.39898714423179626,0.01195543073117733,0.13270817697048187,0.011539201252162457,0.2689848244190216,0.01690233126282692,0.19503475725650787,0.07586845010519028,0.24252085387706757,0.6308704018592834,0.002948473207652569,2.0585176944732666,0.20094580948352814,,,,,,,,,,,,,,,
,0.0002780025695586025,4849,,,,,,,,,,,,,,,,,,,,,,,,,,,,,,
5,,4849,0.06762141734361649,0.052954938262701035,0.4640280306339264,0.0059120263904333115,0.11619878560304642,0.012222647666931152,0.35350286960601807,0.019900746643543243,0.17699335515499115,0.04975152015686035,0.2590532600879669,0.6455559134483337,0.00657194759696722,2.016648054122925,0.1972218155860901,,,,,,,,,,,,,,,
,0.00027790369588441647,4859,,,,,,,,,,,,,,,,,,,,,,,,,,,,,,
5,,4859,0.08880117535591125,0.05291988328099251,0.4654986262321472,0.01097758300602436,0.1014057993888855,0.009981615468859673,0.3018152713775635,0.012006614357233047,0.1419968605041504,0.09487420320510864,0.2871495187282562,0.6288759708404541,0.01441509835422039,2.019374132156372,0.2226817011833191,,,,,,,,,,,,,,,
,0.0002778046181650027,4869,,,,,,,,,,,,,,,,,,,,,,,,,,,,,,
5,,4869,0.08454609662294388,0.03697466477751732,0.37967920303344727,0.00843518041074276,0.11624368280172348,0.012896639294922352,0.23776453733444214,0.012101330794394016,0.1542264223098755,0.07614839822053909,0.26805707812309265,0.5745694637298584,0.0031218607909977436,2.0816495418548584,0.219113290309906,,,,,,,,,,,,,,,
,0.0002777053365584202,4879,,,,,,,,,,,,,,,,,,,,,,,,,,,,,,
5,,4879,0.08435982465744019,0.04936527833342552,0.44490930438041687,0.010215078480541706,0.10678403824567795,0.006955277174711227,0.2923777103424072,0.014059308916330338,0.16841816902160645,0.07020172476768494,0.25594890117645264,0.6221713423728943,0.009164695627987385,2.009429693222046,0.19975720345973969,,,,,,,,,,,,,,,
,0.00027760585122305325,4889,,,,,,,,,,,,,,,,,,,,,,,,,,,,,,
5,,4889,0.07751166075468063,0.032616451382637024,0.401012659072876,0.0058737690560519695,0.099755197763443,0.010181172750890255,0.2946455478668213,0.02378007210791111,0.2542729675769806,0.07656323164701462,0.2681433856487274,0.6893882155418396,0.006460921838879585,2.024125337600708,0.19363436102867126,,,,,,,,,,,,,,,
,0.00027750616231761124,4899,,,,,,,,,,,,,,,,,,,,,,,,,,,,,,
5,,4899,0.10469433665275574,0.03166532889008522,0.361948698759079,0.005697542801499367,0.09209242463111877,0.017666082829236984,0.2383602261543274,0.022037476301193237,0.17218028008937836,0.06385854631662369,0.2606388032436371,0.5895183682441711,0.007241770159453154,2.039350748062134,0.18536855280399323,,,,,,,,,,,,,,,
,0.0002774062700011282,4909,,,,,,,,,,,,,,,,,,,,,,,,,,,,,,
5,,4909,0.09109531342983246,0.0715348869562149,0.4361226260662079,0.007142081391066313,0.11585181951522827,0.02091277576982975,0.3495519459247589,0.019404307007789612,0.1848815530538559,0.0820971131324768,0.3096003234386444,0.6893435120582581,0.005205544177442789,2.099445104598999,0.22223205864429474,,,,,,,,,,,,,,,
,0.0002773061744329627,4919,,,,,,,,,,,,,,,,,,,,,,,,,,,,,,
5,,4919,0.13786421716213226,0.033129870891571045,0.3658827841281891,0.013107500970363617,0.11995978653430939,0.02466222643852234,0.33996468782424927,0.03147659823298454,0.39975401759147644,0.09733691811561584,0.2748987674713135,0.9052910208702087,0.004905767738819122,2.0654799938201904,0.22401900589466095,,,,,,,,,,,,,,,
,0.0002772058757727976,4929,,,,,,,,,,,,,,,,,,,,,,,,,,,,,,
5,,4929,0.08668019622564316,0.07570137083530426,0.5260270237922668,0.010194184258580208,0.10142920166254044,0.015356933698058128,0.36302176117897034,0.012086071074008942,0.19947734475135803,0.044333528727293015,0.3175746500492096,0.7205560207366943,0.003465323941782117,2.0140044689178467,0.23316070437431335,,,,,,,,,,,,,,,
,0.00027710537418063964,4939,,,,,,,,,,,,,,,,,,,,,,,,,,,,,,
5,,4939,0.09693824499845505,0.03739018738269806,0.3406221866607666,0.008614406920969486,0.10348571836948395,0.04167717322707176,0.23607632517814636,0.01945982314646244,0.1900642067193985,0.0864301547408104,0.2888173460960388,0.6343050003051758,0.005617763847112656,2.0295119285583496,0.22826604545116425,,,,,,,,,,,,,,,
,0.00027700466981681943,4949,,,,,,,,,,,,,,,,,,,,,,,,,,,,,,
5,,4949,0.12055172026157379,0.04608345776796341,0.43804335594177246,0.016159605234861374,0.1239512488245964,0.030847785994410515,0.2979580760002136,0.013555798679590225,0.2248314619064331,0.10733286291360855,0.303073525428772,0.7567186951637268,0.004977643024176359,2.033216953277588,0.2981869876384735,,,,,,,,,,,,,,,
,0.00027690376284199097,4959,,,,,,,,,,,,,,,,,,,,,,,,,,,,,,
5,,4959,0.09131620079278946,0.029823992401361465,0.42555463314056396,0.0160906333476305,0.11475791037082672,0.006329828407615423,0.3322642743587494,0.011955758556723595,0.23170332610607147,0.10145831108093262,0.2651214897632599,0.7097870111465454,0.002699204720556736,2.0130536556243896,0.263068288564682,,,,,,,,,,,,,,,
,0.00027680265341713164,4969,,,,,,,,,,,,,,,,,,,,,,,,,,,,,,
5,,4969,0.12999534606933594,0.056330397725105286,0.49356794357299805,0.011687484569847584,0.1640789806842804,0.009992179460823536,0.320902556180954,0.013935822993516922,0.22633907198905945,0.09149008989334106,0.3272058367729187,0.7927960753440857,0.002490617334842682,2.0666377544403076,0.32445594668388367,,,,,,,,,,,,,,,
,0.00027670134170354146,4979,,,,,,,,,,,,,,,,,,,,,,,,,,,,,,
5,,4979,0.12616181373596191,0.0520579069852829,0.42810767889022827,0.009388224221765995,0.09314419329166412,0.03103291057050228,0.30032357573509216,0.01425173506140709,0.18483705818653107,0.08518111705780029,0.2573610842227936,0.6648808121681213,0.004426759667694569,2.0905251502990723,0.2050265371799469,,,,,,,,,,,,,,,
,0.00027659982786284353,4989,,,,,,,,,,,,,,,,,,,,,,,,,,,,,,
5,,4989,0.12972478568553925,0.04777826741337776,0.41162025928497314,0.011775724589824677,0.11419274657964706,0.0109108230099082,0.35278162360191345,0.01474861241877079,0.2262541800737381,0.08183971792459488,0.28785955905914307,0.7386032938957214,0.009501615539193153,2.112907886505127,0.25605523586273193,,,,,,,,,,,,,,,
,0.0002764981120569832,4999,,,,,,,,,,,,,,,,,,,,,,,,,,,,,,
5,,4999,0.08185335993766785,0.03789811581373215,0.3844589293003082,0.010398004204034805,0.07824548333883286,0.02377939224243164,0.29274433851242065,0.013373296707868576,0.20619609951972961,0.11172151565551758,0.24193637073040009,0.6320003271102905,0.007205865811556578,2.122422695159912,0.17873606085777283,,,,,,,,,,,,,,,
,0.00027639619444822807,5009,,,,,,,,,,,,,,,,,,,,,,,,,,,,,,
5,,5009,0.05798494815826416,0.03182701766490936,0.3663634657859802,0.010894951410591602,0.08490187674760818,0.013003852218389511,0.21651966869831085,0.01570245623588562,0.16171486675739288,0.05676769092679024,0.2313239574432373,0.5439661145210266,0.008356202393770218,2.0363364219665527,0.19676034152507782,,,,,,,,,,,,,,,
,0.00027629407519916765,5019,,,,,,,,,,,,,,,,,,,,,,,,,,,,,,
5,,5019,0.08379540592432022,0.03221409022808075,0.46768975257873535,0.019541166722774506,0.11203787475824356,0.02420453540980816,0.33287182450294495,0.014373421669006348,0.18915368616580963,0.0887545645236969,0.29031893610954285,0.6829144954681396,0.004699950572103262,2.055551052093506,0.21783098578453064,,,,,,,,,,,,,,,
,0.0002761917544727131,5029,,,,,,,,,,,,,,,,,,,,,,,,,,,,,,
5,,5029,0.06930583715438843,0.06238270178437233,0.4516679346561432,0.009466128423810005,0.08780260384082794,0.007946331985294819,0.3216928541660309,0.015660982578992844,0.18851083517074585,0.06924844533205032,0.23465371131896973,0.6353695392608643,0.004137217532843351,2.099562883377075,0.19607651233673096,,,,,,,,,,,,,,,
,0.00027608923243209715,5039,,,,,,,,,,,,,,,,,,,,,,,,,,,,,,
5,,5039,0.06498342752456665,0.03680449351668358,0.34623628854751587,0.006630253046751022,0.09386870265007019,0.015162598341703415,0.27274221181869507,0.014317300170660019,0.18688195943832397,0.07392328232526779,0.24950602650642395,0.590136706829071,0.0069079031236469746,2.0911412239074707,0.2136373370885849,,,,,,,,,,,,,,,
,0.0002759865092408736,5049,,,,,,,,,,,,,,,,,,,,,,,,,,,,,,
5,,5049,0.12900298833847046,0.02546861581504345,0.3564591407775879,0.0047454433515667915,0.11091695725917816,0.019306380301713943,0.2380494922399521,0.018698811531066895,0.2389887273311615,0.07564333826303482,0.2893637716770172,0.6824108958244324,0.005995926447212696,2.070470094680786,0.2208041250705719,,,,,,,,,,,,,,,
,0.000275883585062917,5059,,,,,,,,,,,,,,,,,,,,,,,,,,,,,,
5,,5059,0.04593672975897789,0.05050947517156601,0.38933783769607544,0.005620674230158329,0.07479195296764374,0.006481149233877659,0.24102379381656647,0.012525686994194984,0.09297214448451996,0.06988772004842758,0.2279537320137024,0.47262293100357056,0.010878108441829681,2.0714271068573,0.1746145784854889,,,,,,,,,,,,,,,
,0.0002757804600624227,5069,,,,,,,,,,,,,,,,,,,,,,,,,,,,,,
5,,5069,0.0872347429394722,0.04741334915161133,0.4396034777164459,0.01140038762241602,0.09837200492620468,0.016902999952435493,0.2557898759841919,0.018732314929366112,0.1566338688135147,0.07046196609735489,0.26950711011886597,0.6165609359741211,0.006765581667423248,2.0045583248138428,0.2236744463443756,,,,,,,,,,,,,,,
,0.00027567713440390646,5079,,,,,,,,,,,,,,,,,,,,,,,,,,,,,,
5,,5079,0.0835144892334938,0.030593374744057655,0.4097175598144531,0.009883622638881207,0.10423483699560165,0.015850502997636795,0.269648015499115,0.014074761420488358,0.20476695895195007,0.05882122740149498,0.252860963344574,0.6298984885215759,0.004456758964806795,2.0734903812408447,0.19671720266342163,,,,,,,,,,,,,,,
5,,5081,,,,,,,,,,,,,,,,0.15800803899765015,0.032632797956466675,0.25208133459091187,0.00449535995721817,0.06200512498617172,0.002201613737270236,0.14667139947414398,0.019106287509202957,0.18894831836223602,0.06766939908266068,0.16980522871017456,0.5243107676506042,0.008538816124200821,2.020465612411499,0.12719692289829254
,0.000275573608252204,5089,,,,,,,,,,,,,,,,,,,,,,,,,,,,,,
6,,5089,0.06408344209194183,0.03223224729299545,0.3374391198158264,0.005345117766410112,0.07451314479112625,0.009270763024687767,0.20738188922405243,0.007272662594914436,0.09618792682886124,0.05890557914972305,0.2325027883052826,0.4454919993877411,0.003813383402302861,1.9818065166473389,0.18753661215305328,,,,,,,,,,,,,,,
,0.00027546988177247104,5099,,,,,,,,,,,,,,,,,,,,,,,,,,,,,,
6,,5099,0.08420141041278839,0.039603881537914276,0.39278095960617065,0.005066022742539644,0.10850303620100021,0.037427064031362534,0.2774810194969177,0.0231233611702919,0.1471085548400879,0.1069900393486023,0.25529709458351135,0.6041649580001831,0.004897937644273043,2.074490785598755,0.21958321332931519,,,,,,,,,,,,,,,
,0.00027536595513018275,5109,,,,,,,,,,,,,,,,,,,,,,,,,,,,,,
6,,5109,0.10241977870464325,0.06982733309268951,0.4361197352409363,0.013294150121510029,0.11969660967588425,0.018140433356165886,0.3179992735385895,0.016040602698922157,0.207824245095253,0.10821417719125748,0.2991158962249756,0.7253345847129822,0.01120398286730051,1.9990146160125732,0.2414846122264862,,,,,,,,,,,,,,,
,0.0002752618284911336,5119,,,,,,,,,,,,,,,,,,,,,,,,,,,,,,
6,,5119,0.09978438168764114,0.04476315900683403,0.44762009382247925,0.008833899162709713,0.06855311244726181,0.013583449646830559,0.3078928291797638,0.01416599377989769,0.1368689090013504,0.07305291295051575,0.24026714265346527,0.5791048407554626,0.00206821970641613,2.020205020904541,0.1838991791009903,,,,,,,,,,,,,,,
,0.00027515750202143733,5129,,,,,,,,,,,,,,,,,,,,,,,,,,,,,,
6,,5129,0.1089269369840622,0.023220926523208618,0.3494250774383545,0.010562998242676258,0.08300532400608063,0.020693432539701462,0.23466768860816956,0.013908778317272663,0.22886577248573303,0.0715160071849823,0.261426717042923,0.6415300369262695,0.0034352527000010014,2.0976383686065674,0.21133391559123993,,,,,,,,,,,,,,,
,0.0002750529758875263,5139,,,,,,,,,,,,,,,,,,,,,,,,,,,,,,
6,,5139,0.08514063060283661,0.022259505465626717,0.31516581773757935,0.0022308831103146076,0.08594115078449249,0.022602243348956108,0.21362487971782684,0.011078594252467155,0.13964803516864777,0.04564439877867699,0.23552748560905457,0.49345535039901733,0.003803043393418193,2.015258312225342,0.16842040419578552,,,,,,,,,,,,,,,
,0.00027494825025615137,5149,,,,,,,,,,,,,,,,,,,,,,,,,,,,,,
6,,5149,0.11150973290205002,0.11488648504018784,0.43274107575416565,0.013688895851373672,0.1285032331943512,0.008722326718270779,0.3752603232860565,0.013448718935251236,0.22477410733699799,0.10521834343671799,0.26909589767456055,0.7619526386260986,0.009300991892814636,2.0718958377838135,0.23101362586021423,,,,,,,,,,,,,,,
,0.0002748433252943818,5159,,,,,,,,,,,,,,,,,,,,,,,,,,,,,,
6,,5159,0.08544855564832687,0.05169089138507843,0.448639452457428,0.010650957934558392,0.09316904097795486,0.01854926533997059,0.2914448380470276,0.013502512127161026,0.1707286536693573,0.0812155157327652,0.2724142074584961,0.6458932757377625,0.006472510751336813,1.9442499876022339,0.24817635118961334,,,,,,,,,,,,,,,
,0.0002747382011696047,5169,,,,,,,,,,,,,,,,,,,,,,,,,,,,,,
6,,5169,0.13805192708969116,0.031704116612672806,0.33464136719703674,0.01305432990193367,0.1034940779209137,0.025464804843068123,0.25904926657676697,0.019548097625374794,0.2523476779460907,0.07270927727222443,0.23666487634181976,0.6965125799179077,0.002500282833352685,2.1161258220672607,0.21784842014312744,,,,,,,,,,,,,,,
,0.000274632878049525,5179,,,,,,,,,,,,,,,,,,,,,,,,,,,,,,
6,,5179,0.12432221323251724,0.06612415611743927,0.43638715147972107,0.005564918275922537,0.14113439619541168,0.013357594609260559,0.3258516192436218,0.018162023276090622,0.20549698173999786,0.05663609132170677,0.2615117132663727,0.6974324584007263,0.0024708362761884928,2.0481362342834473,0.2066255509853363,,,,,,,,,,,,,,,
,0.00027452735610216506,5189,,,,,,,,,,,,,,,,,,,,,,,,,,,,,,
6,,5189,0.109298475086689,0.02990761026740074,0.4174332916736603,0.008062241598963737,0.08388219773769379,0.0221114382147789,0.2897455394268036,0.020867127925157547,0.24786874651908875,0.06520101428031921,0.25705352425575256,0.6872519850730896,0.0025153413880616426,2.095688819885254,0.1681426465511322,,,,,,,,,,,,,,,
,0.0002744216354958644,5199,,,,,,,,,,,,,,,,,,,,,,,,,,,,,,
6,,5199,0.11654935032129288,0.03621170297265053,0.44710490107536316,0.015985948964953423,0.09587844461202621,0.011074095033109188,0.2939101457595825,0.02054879069328308,0.22856327891349792,0.08215958625078201,0.23766443133354187,0.7001345753669739,0.004481396172195673,2.0803110599517822,0.20274458825588226,,,,,,,,,,,,,,,
,0.0002743157163992794,5209,,,,,,,,,,,,,,,,,,,,,,,,,,,,,,
6,,5209,0.06911149621009827,0.03609916940331459,0.37055766582489014,0.0038286568596959114,0.0867803543806076,0.02326805144548416,0.24779655039310455,0.014953132718801498,0.1601143628358841,0.07656460255384445,0.24907690286636353,0.5479701161384583,0.0035749974194914103,2.0816032886505127,0.16252657771110535,,,,,,,,,,,,,,,
,0.00027420959898138335,5219,,,,,,,,,,,,,,,,,,,,,,,,,,,,,,
6,,5219,0.14635546505451202,0.023332569748163223,0.28567495942115784,0.003424419090151787,0.09869591146707535,0.014063676819205284,0.2699580788612366,0.02567477524280548,0.3263573944568634,0.08429975807666779,0.2653895914554596,0.7561307549476624,0.005295165348798037,2.0349152088165283,0.2074914425611496,,,,,,,,,,,,,,,
,0.0002741032834114656,5229,,,,,,,,,,,,,,,,,,,,,,,,,,,,,,
6,,5229,0.08298992365598679,0.027646934613585472,0.30590739846229553,0.006720621604472399,0.07586123049259186,0.011843583546578884,0.18678736686706543,0.014176628552377224,0.1645098626613617,0.0759955644607544,0.22023604810237885,0.5074821710586548,0.007446881849318743,2.1025800704956055,0.14423918724060059,,,,,,,,,,,,,,,
,0.0002739967698591319,5239,,,,,,,,,,,,,,,,,,,,,,,,,,,,,,
6,,5239,0.09927308559417725,0.037186771631240845,0.4418756067752838,0.008710039779543877,0.10943862050771713,0.011862048879265785,0.27624472975730896,0.019820068031549454,0.201461061835289,0.06961604952812195,0.2888457775115967,0.6899588108062744,0.0032340893521904945,2.0324976444244385,0.2969870865345001,,,,,,,,,,,,,,,
,0.0002738900584943036,5249,,,,,,,,,,,,,,,,,,,,,,,,,,,,,,
6,,5249,0.10757619887590408,0.02771024964749813,0.40133097767829895,0.004478076938539743,0.11604519933462143,0.018907813355326653,0.23902638256549835,0.019724620506167412,0.2198561578989029,0.05056564137339592,0.2797698676586151,0.6659898161888123,0.0031828738283365965,1.9947454929351807,0.23905305564403534,,,,,,,,,,,,,,,
,0.00027378314948721773,5259,,,,,,,,,,,,,,,,,,,,,,,,,,,,,,
6,,5259,0.1032174602150917,0.039509210735559464,0.40975818037986755,0.006005335599184036,0.09017744660377502,0.022264257073402405,0.2703665494918823,0.014645551331341267,0.16854004561901093,0.0599026195704937,0.2600780725479126,0.6044030785560608,0.0017941873520612717,2.0962631702423096,0.20269642770290375,,,,,,,,,,,,,,,
,0.00027367604300842667,5269,,,,,,,,,,,,,,,,,,,,,,,,,,,,,,
6,,5269,0.10459964722394943,0.04066852107644081,0.41126158833503723,0.0071383253671228886,0.10040095448493958,0.019047873094677925,0.26924648880958557,0.016552802175283432,0.18417133390903473,0.05047154054045677,0.25075918436050415,0.623915433883667,0.003306695958599448,2.03317928314209,0.203807532787323,,,,,,,,,,,,,,,
,0.0002735687392287977,5279,,,,,,,,,,,,,,,,,,,,,,,,,,,,,,
6,,5279,0.05242794379591942,0.03975267335772514,0.421924352645874,0.00908728875219822,0.08543258160352707,0.0074554006569087505,0.2551557719707489,0.010224049910902977,0.13899439573287964,0.07017423212528229,0.2855149507522583,0.5545281171798706,0.0034976121969521046,2.0682997703552246,0.2250949889421463,,,,,,,,,,,,,,,
,0.000273461238319513,5289,,,,,,,,,,,,,,,,,,,,,,,,,,,,,,
6,,5289,0.10248471796512604,0.024717211723327637,0.3584619462490082,0.004611690063029528,0.094364695250988,0.009090250357985497,0.23072509467601776,0.023272380232810974,0.22616709768772125,0.06548512727022171,0.26900219917297363,0.6307037472724915,0.0013620329555124044,2.0813114643096924,0.19060643017292023,,,,,,,,,,,,,,,
,0.00027335354045206916,5299,,,,,,,,,,,,,,,,,,,,,,,,,,,,,,
6,,5299,0.10143453627824783,0.02915230579674244,0.399453729391098,0.007699491921812296,0.09177622944116592,0.020112531259655952,0.21501511335372925,0.014705898240208626,0.17813138663768768,0.07117924094200134,0.2550879716873169,0.6030391454696655,0.0020890654996037483,2.073348045349121,0.23250159621238708,,,,,,,,,,,,,,,
,0.000273245645798277,5309,,,,,,,,,,,,,,,,,,,,,,,,,,,,,,
6,,5309,0.1133427768945694,0.04426819831132889,0.4505106508731842,0.013155655935406685,0.11026592552661896,0.028145935386419296,0.3404589295387268,0.0317479632794857,0.2534734606742859,0.07312041521072388,0.29341962933540344,0.7859305143356323,0.006576299201697111,2.019744873046875,0.250130295753479,,,,,,,,,,,,,,,
,0.0002731375545302611,5319,,,,,,,,,,,,,,,,,,,,,,,,,,,,,,
6,,5319,0.0863301083445549,0.03705887496471405,0.3697391748428345,0.011077028699219227,0.08047256618738174,0.013616513460874557,0.20941968262195587,0.013114901259541512,0.15287907421588898,0.07794789224863052,0.256534606218338,0.5613505840301514,0.006634598597884178,2.051328659057617,0.22151413559913635,,,,,,,,,,,,,,,
,0.0002730292668204599,5329,,,,,,,,,,,,,,,,,,,,,,,,,,,,,,
6,,5329,0.11155218631029129,0.026671258732676506,0.35569286346435547,0.009153776802122593,0.11832589656114578,0.017097191885113716,0.2483866959810257,0.024609312415122986,0.330991268157959,0.07506079226732254,0.2745535969734192,0.7728443145751953,0.006525966804474592,1.9877678155899048,0.20671598613262177,,,,,,,,,,,,,,,
,0.0002729207828416253,5339,,,,,,,,,,,,,,,,,,,,,,,,,,,,,,
6,,5339,0.06874562799930573,0.04424034804105759,0.4631531536579132,0.006966783199459314,0.09476587176322937,0.020794177427887917,0.2935056984424591,0.014730986207723618,0.15478111803531647,0.0851297378540039,0.27108877897262573,0.6016573905944824,0.0030543773900717497,2.1133949756622314,0.18885691463947296,,,,,,,,,,,,,,,
,0.0002728121027668221,5349,,,,,,,,,,,,,,,,,,,,,,,,,,,,,,
6,,5349,0.07696709781885147,0.02676241286098957,0.4205377697944641,0.00484246714040637,0.07797661423683167,0.021792368963360786,0.30774641036987305,0.01350229699164629,0.16081590950489044,0.09112807363271713,0.2649584710597992,0.5846647024154663,0.0011280725011602044,2.090486526489258,0.18346072733402252,,,,,,,,,,,,,,,
,0.00027270322676942806,5359,,,,,,,,,,,,,,,,,,,,,,,,,,,,,,
6,,5359,0.05123720318078995,0.04697698354721069,0.4294072091579437,0.010881396010518074,0.07678509503602982,0.011880649253726006,0.23707550764083862,0.009647319093346596,0.1428283452987671,0.05999366194009781,0.2704801559448242,0.5380240678787231,0.0070616696029901505,2.052809238433838,0.15624408423900604,,,,,,,,,,,,,,,
,0.0002725941550231333,5369,,,,,,,,,,,,,,,,,,,,,,,,,,,,,,
6,,5369,0.08157771080732346,0.04453180730342865,0.39457377791404724,0.005501965060830116,0.08852504193782806,0.010690676048398018,0.30952566862106323,0.013446001335978508,0.17288550734519958,0.07540418952703476,0.23646706342697144,0.5889917612075806,0.004718656186014414,1.9819625616073608,0.173346146941185,,,,,,,,,,,,,,,
,0.0002724848877019406,5379,,,,,,,,,,,,,,,,,,,,,,,,,,,,,,
6,,5379,0.09168189764022827,0.03942646086215973,0.4080427289009094,0.012878134846687317,0.1113082617521286,0.014025554992258549,0.33450400829315186,0.01576349511742592,0.22166742384433746,0.06560450792312622,0.2518218457698822,0.6865692734718323,0.009012850932776928,1.9674326181411743,0.21517354249954224,,,,,,,,,,,,,,,
,0.00027237542498016433,5389,,,,,,,,,,,,,,,,,,,,,,,,,,,,,,
6,,5389,0.09111227840185165,0.046055734157562256,0.4096524119377136,0.007088521029800177,0.10699240863323212,0.009681198745965958,0.24443398416042328,0.0056275874376297,0.1029433161020279,0.10146000236272812,0.27328184247016907,0.5276604890823364,0.0071281869895756245,2.0956099033355713,0.1847536861896515,,,,,,,,,,,,,,,
,0.00027226576703243084,5399,,,,,,,,,,,,,,,,,,,,,,,,,,,,,,
6,,5399,0.07967153191566467,0.036988433450460434,0.3533303737640381,0.004877844359725714,0.08982016891241074,0.012928469106554985,0.23598329722881317,0.020657945424318314,0.18168272078037262,0.06142238527536392,0.24963106215000153,0.5876888632774353,0.01185354683548212,2.036856174468994,0.2031063735485077,,,,,,,,,,,,,,,
,0.00027215591403367785,5409,,,,,,,,,,,,,,,,,,,,,,,,,,,,,,
6,,5409,0.0910756066441536,0.03165474906563759,0.39266830682754517,0.00668012909591198,0.10307252407073975,0.018776627257466316,0.25989750027656555,0.01530243456363678,0.1840692013502121,0.05194023624062538,0.2572081685066223,0.6242729425430298,0.018421100452542305,2.03806471824646,0.21478796005249023,,,,,,,,,,,,,,,
,0.00027204586615915417,5419,,,,,,,,,,,,,,,,,,,,,,,,,,,,,,
6,,5419,0.06449020653963089,0.028398603200912476,0.30301105976104736,0.007972067221999168,0.08777865022420883,0.008459079079329967,0.23292972147464752,0.016113614663481712,0.19908837974071503,0.0915522575378418,0.23080070316791534,0.5680906772613525,0.00777460029348731,2.053987741470337,0.19444848597049713,,,,,,,,,,,,,,,
,0.00027193562358441973,5429,,,,,,,,,,,,,,,,,,,,,,,,,,,,,,
6,,5429,0.07558958232402802,0.0527908019721508,0.35555151104927063,0.0029018381610512733,0.08113236725330353,0.01770045980811119,0.24503086507320404,0.011438990943133831,0.10833375155925751,0.0729890912771225,0.2335398942232132,0.48911309242248535,0.0021740873344242573,2.0806350708007812,0.16880139708518982,,,,,,,,,,,,,,,
,0.00027182518648534475,5439,,,,,,,,,,,,,,,,,,,,,,,,,,,,,,
6,,5439,0.09384430944919586,0.034930117428302765,0.3965732455253601,0.00957559421658516,0.11919228732585907,0.015176817774772644,0.26884520053863525,0.017903536558151245,0.21031178534030914,0.0814078226685524,0.2640305757522583,0.6630056500434875,0.003520061494782567,2.0060007572174072,0.24071116745471954,,,,,,,,,,,,,,,
,0.00027171455503811,5449,,,,,,,,,,,,,,,,,,,,,,,,,,,,,,
6,,5449,0.06110069155693054,0.036997612565755844,0.38403260707855225,0.009748511016368866,0.081423819065094,0.031267713755369186,0.2881168723106384,0.008832044899463654,0.1091986745595932,0.08658062666654587,0.2658322751522064,0.530933141708374,0.0056697470135986805,2.0671422481536865,0.20917455852031708,,,,,,,,,,,,,,,
,0.0002716037294192063,5459,,,,,,,,,,,,,,,,,,,,,,,,,,,,,,
6,,5459,0.09158657491207123,0.08880814164876938,0.40290597081184387,0.007639310788363218,0.08537688106298447,0.012125027365982533,0.2932274341583252,0.01129220612347126,0.20519158244132996,0.05162418261170387,0.24616709351539612,0.6355146169662476,0.002857848070561886,1.9459586143493652,0.16218201816082,,,,,,,,,,,,,,,
,0.00027149270980543396,5469,,,,,,,,,,,,,,,,,,,,,,,,,,,,,,
6,,5469,0.11609993875026703,0.04750032722949982,0.43364375829696655,0.005193632561713457,0.10931407660245895,0.031091006472706795,0.29844793677330017,0.025773275643587112,0.22739189863204956,0.07086697965860367,0.2832256257534027,0.7286555767059326,0.00461475970223546,2.1158525943756104,0.24592506885528564,,,,,,,,,,,,,,,
,0.0002713814963739032,5479,,,,,,,,,,,,,,,,,,,,,,,,,,,,,,
6,,5479,0.09111054986715317,0.023209616541862488,0.32249587774276733,0.00669479463249445,0.08818387240171432,0.006970060057938099,0.2252800315618515,0.019976835697889328,0.16301357746124268,0.056932080537080765,0.231497123837471,0.5361118316650391,0.00669840257614851,2.0377066135406494,0.17150038480758667,,,,,,,,,,,,,,,
,0.00027127008930203305,5489,,,,,,,,,,,,,,,,,,,,,,,,,,,,,,
6,,5489,0.12049218267202377,0.03623226657509804,0.43132147192955017,0.004580223932862282,0.13391141593456268,0.01832526922225952,0.29572734236717224,0.023324843496084213,0.3270637094974518,0.07585307210683823,0.27933597564697266,0.8181772232055664,0.004322103690356016,2.07938289642334,0.23644442856311798,,,,,,,,,,,,,,,
,0.0002711584887675517,5499,,,,,,,,,,,,,,,,,,,,,,,,,,,,,,
6,,5499,0.11287306249141693,0.028873365372419357,0.3725447952747345,0.011550749652087688,0.1058475524187088,0.02078206092119217,0.2524375915527344,0.0160207636654377,0.189578577876091,0.07972697913646698,0.24287863075733185,0.6226383447647095,0.0023926107678562403,2.0772178173065186,0.20949746668338776,,,,,,,,,,,,,,,
,0.0002710466949484958,5509,,,,,,,,,,,,,,,,,,,,,,,,,,,,,,
6,,5509,0.06442742794752121,0.030443301424384117,0.39970406889915466,0.005019618663936853,0.05385208502411842,0.017718343064188957,0.22615429759025574,0.007613391149789095,0.10823109745979309,0.04609248414635658,0.23078306019306183,0.4680493474006653,0.002309210132807493,2.0345964431762695,0.16214177012443542,,,,,,,,,,,,,,,
,0.00027093470802321055,5519,,,,,,,,,,,,,,,,,,,,,,,,,,,,,,
6,,5519,0.07856900990009308,0.03942707180976868,0.38656777143478394,0.007039377000182867,0.07079558819532394,0.007624675519764423,0.22273990511894226,0.01260355208069086,0.11817790567874908,0.07079063355922699,0.2393418252468109,0.5074638724327087,0.006137713324278593,2.1329758167266846,0.1893216222524643,,,,,,,,,,,,,,,
,0.00027082252817034897,5529,,,,,,,,,,,,,,,,,,,,,,,,,,,,,,
6,,5529,0.08424916863441467,0.04658102989196777,0.41585642099380493,0.005694246385246515,0.13518665730953217,0.020783578976988792,0.31997838616371155,0.019747409969568253,0.2879832088947296,0.08852960169315338,0.28036096692085266,0.7712730765342712,0.002197578316554427,2.0378003120422363,0.255340039730072,,,,,,,,,,,,,,,
,0.00027071015556887204,5539,,,,,,,,,,,,,,,,,,,,,,,,,,,,,,
6,,5539,0.04398256912827492,0.04666930064558983,0.41182324290275574,0.004085457883775234,0.07803039997816086,0.04227733612060547,0.23185519874095917,0.013212457299232483,0.11655325442552567,0.0695924311876297,0.248896986246109,0.5180996656417847,0.0025849509984254837,2.01538348197937,0.1954306960105896,,,,,,,,,,,,,,,
,0.00027059759039804824,5549,,,,,,,,,,,,,,,,,,,,,,,,,,,,,,
6,,5549,0.11435449868440628,0.03766455873847008,0.3812524974346161,0.006770383566617966,0.0947430282831192,0.011134708300232887,0.2655658721923828,0.019601475447416306,0.29654884338378906,0.04476335644721985,0.25343799591064453,0.7265726327896118,0.0039681000635027885,2.062666893005371,0.20006079971790314,,,,,,,,,,,,,,,
,0.0002704848328374531,5559,,,,,,,,,,,,,,,,,,,,,,,,,,,,,,
6,,5559,0.05695374310016632,0.026397258043289185,0.30488383769989014,0.004677273333072662,0.06904412060976028,0.013368151150643826,0.18757380545139313,0.006096147000789642,0.09357645362615585,0.07622720301151276,0.22860482335090637,0.41292789578437805,0.00592902721837163,2.023857831954956,0.1471816897392273,,,,,,,,,,,,,,,
,0.00027037188306696926,5569,,,,,,,,,,,,,,,,,,,,,,,,,,,,,,
6,,5569,0.07261303067207336,0.04597749188542366,0.39715343713760376,0.00373728945851326,0.09380366653203964,0.011004207655787468,0.246339812874794,0.011586728505790234,0.15015625953674316,0.05739293247461319,0.2580266296863556,0.568991482257843,0.0035505290143191814,2.093233823776245,0.25121620297431946,,,,,,,,,,,,,,,
,0.00027025874126678575,5579,,,,,,,,,,,,,,,,,,,,,,,,,,,,,,
6,,5579,0.09860643744468689,0.06142124533653259,0.40628939867019653,0.008417811244726181,0.12586931884288788,0.017305836081504822,0.3818376660346985,0.027958542108535767,0.21697987616062164,0.07044582068920135,0.3119038939476013,0.7235676646232605,0.0054338849149644375,2.0242342948913574,0.20163889229297638,,,,,,,,,,,,,,,
,0.0002701454076173982,5589,,,,,,,,,,,,,,,,,,,,,,,,,,,,,,
6,,5589,0.061212290078401566,0.030655181035399437,0.42884141206741333,0.006033118814229965,0.09837015718221664,0.004757997579872608,0.23918956518173218,0.007809465751051903,0.1294453889131546,0.06833010166883469,0.27315443754196167,0.537220299243927,0.0028548710979521275,2.052729606628418,0.22635819017887115,,,,,,,,,,,,,,,
,0.0002700318822996082,5599,,,,,,,,,,,,,,,,,,,,,,,,,,,,,,
6,,5599,0.09239036589860916,0.05222936347126961,0.4062861502170563,0.006320193409919739,0.10121071338653564,0.01787601411342621,0.2690999507904053,0.016003670170903206,0.16118265688419342,0.06863279640674591,0.27999699115753174,0.6067900657653809,0.002176521113142371,2.0812389850616455,0.21441403031349182,,,,,,,,,,,,,,,
,0.00026991816549452305,5609,,,,,,,,,,,,,,,,,,,,,,,,,,,,,,
6,,5609,0.12162197381258011,0.05571329966187477,0.3719485402107239,0.004930323455482721,0.09438098967075348,0.02088169939815998,0.29530075192451477,0.01224914938211441,0.1955738365650177,0.06084567308425903,0.25800368189811707,0.6370006799697876,0.0033755891490727663,2.1122701168060303,0.19200663268566132,,,,,,,,,,,,,,,
,0.0002698042573835556,5619,,,,,,,,,,,,,,,,,,,,,,,,,,,,,,
6,,5619,0.07280411571264267,0.03249664604663849,0.4034591317176819,0.011314291507005692,0.07549090683460236,0.018819576129317284,0.24931780993938446,0.01524442806839943,0.14005912840366364,0.06873321533203125,0.27314329147338867,0.5695159435272217,0.006269548088312149,2.0835070610046387,0.23546482622623444,,,,,,,,,,,,,,,
,0.0002696901581484239,5629,,,,,,,,,,,,,,,,,,,,,,,,,,,,,,
6,,5629,0.08948199450969696,0.060569457709789276,0.38897520303726196,0.011220586486160755,0.10466641932725906,0.030796097591519356,0.3216170370578766,0.019480857998132706,0.26973244547843933,0.06569398939609528,0.24874986708164215,0.7414654493331909,0.014346844516694546,2.0885887145996094,0.19816815853118896,,,,,,,,,,,,,,,
,0.00026957586797115077,5639,,,,,,,,,,,,,,,,,,,,,,,,,,,,,,
6,,5639,0.09519399702548981,0.04018520936369896,0.3786492347717285,0.004843324422836304,0.11435367166996002,0.015924951061606407,0.27961716055870056,0.011801643297076225,0.19677090644836426,0.11030449718236923,0.2420760691165924,0.6273772716522217,0.007709999103099108,2.0039961338043213,0.19189810752868652,,,,,,,,,,,,,,,
,0.0002694613870340639,5649,,,,,,,,,,,,,,,,,,,,,,,,,,,,,,
6,,5649,0.13524092733860016,0.033767640590667725,0.3615422546863556,0.008636359125375748,0.11466193944215775,0.01929379440844059,0.258014440536499,0.020650265738368034,0.302620530128479,0.07548844069242477,0.2681777775287628,0.7563429474830627,0.003292382461950183,2.0391433238983154,0.21259458363056183,,,,,,,,,,,,,,,
,0.00026934671551979495,5659,,,,,,,,,,,,,,,,,,,,,,,,,,,,,,
6,,5659,0.10061521828174591,0.026493798941373825,0.3387983441352844,0.002617959398776293,0.09652429819107056,0.014143213629722595,0.270449697971344,0.019908558577299118,0.21735863387584686,0.03999266400933266,0.23419222235679626,0.6171608567237854,0.0019833657424896955,1.983640193939209,0.20365068316459656,,,,,,,,,,,,,,,
,0.00026923185361127995,5669,,,,,,,,,,,,,,,,,,,,,,,,,,,,,,
6,,5669,0.09467736631631851,0.059011612087488174,0.4388679265975952,0.011696168221533298,0.10070566833019257,0.01979832910001278,0.30043134093284607,0.011319318786263466,0.21755728125572205,0.05982304364442825,0.3036684989929199,0.7050506472587585,0.00503888726234436,2.0227510929107666,0.25648248195648193,,,,,,,,,,,,,,,
,0.0002691168014917585,5679,,,,,,,,,,,,,,,,,,,,,,,,,,,,,,
6,,5679,0.07592498511075974,0.0543571338057518,0.4180762767791748,0.008786631748080254,0.09802504628896713,0.0180665273219347,0.3000947833061218,0.024031594395637512,0.19352465867996216,0.07382004708051682,0.2481529712677002,0.6421661376953125,0.002013944089412689,2.009770631790161,0.19804765284061432,,,,,,,,,,,,,,,
,0.0002690015593447736,5689,,,,,,,,,,,,,,,,,,,,,,,,,,,,,,
6,,5689,0.06267450004816055,0.06536930054426193,0.39816245436668396,0.007131514139473438,0.06934843957424164,0.011795741505920887,0.2732459604740143,0.010229790583252907,0.11590558290481567,0.05759863182902336,0.22265096008777618,0.5083640813827515,0.0027319593355059624,2.1046502590179443,0.1690501868724823,,,,,,,,,,,,,,,
,0.0002688861273541715,5699,,,,,,,,,,,,,,,,,,,,,,,,,,,,,,
6,,5699,0.07393117249011993,0.03641975671052933,0.3138545751571655,0.010724779218435287,0.061661817133426666,0.016103064641356468,0.22111448645591736,0.010973066091537476,0.15326768159866333,0.07115904241800308,0.2104564756155014,0.49872979521751404,0.006352459546178579,2.0430660247802734,0.13403736054897308,,,,,,,,,,,,,,,
,0.0002687705057041013,5709,,,,,,,,,,,,,,,,,,,,,,,,,,,,,,
6,,5709,0.07108934223651886,0.03916890546679497,0.32909271121025085,0.008915564976632595,0.06714837998151779,0.02094333805143833,0.2310478240251541,0.013912712223827839,0.13415361940860748,0.053017981350421906,0.22477735579013824,0.4923950135707855,0.004586553201079369,2.0730574131011963,0.1431921422481537,,,,,,,,,,,,,,,
,0.00026865469457901454,5719,,,,,,,,,,,,,,,,,,,,,,,,,,,,,,
6,,5719,0.09464593231678009,0.040739890187978745,0.42741549015045166,0.005286976229399443,0.08959672600030899,0.019543923437595367,0.2922038733959198,0.016546372324228287,0.2272139936685562,0.053075727075338364,0.2641476094722748,0.6699109673500061,0.0027376932557672262,1.9681191444396973,0.20089784264564514,,,,,,,,,,,,,,,
,0.00026853869416366527,5729,,,,,,,,,,,,,,,,,,,,,,,,,,,,,,
6,,5729,0.06649861484766006,0.03394271805882454,0.414365291595459,0.003383725183084607,0.11507551372051239,0.013207076117396355,0.25691771507263184,0.011390660889446735,0.24986335635185242,0.09546507894992828,0.2763075828552246,0.6698872447013855,0.00462532602250576,1.9902892112731934,0.20101690292358398,,,,,,,,,,,,,,,
,0.00026842250464310924,5739,,,,,,,,,,,,,,,,,,,,,,,,,,,,,,
6,,5739,0.08382558822631836,0.026820354163646698,0.30600300431251526,0.008383332751691341,0.0748317688703537,0.00841043796390295,0.2621445059776306,0.02379380539059639,0.21448270976543427,0.05186734348535538,0.2424703687429428,0.5865329504013062,0.0027139857411384583,2.0238285064697266,0.15997929871082306,,,,,,,,,,,,,,,
,0.00026830612620270405,5749,,,,,,,,,,,,,,,,,,,,,,,,,,,,,,
6,,5749,0.07351940125226974,0.020038623362779617,0.279012531042099,0.003605971811339259,0.07069851458072662,0.0057179429568350315,0.20427033305168152,0.011769428849220276,0.22201518714427948,0.07013402134180069,0.23165884613990784,0.5447941422462463,0.003995892591774464,2.0680789947509766,0.15491902828216553,,,,,,,,,,,,,,,
,0.0002681895590281087,5759,,,,,,,,,,,,,,,,,,,,,,,,,,,,,,
6,,5759,0.059384070336818695,0.033301085233688354,0.46198785305023193,0.0022844411432743073,0.08283612132072449,0.005055434536188841,0.26773887872695923,0.009825880639255047,0.09047868102788925,0.04567832127213478,0.27049410343170166,0.5178233981132507,0.011803925968706608,2.0506019592285156,0.23566532135009766,,,,,,,,,,,,,,,
,0.0002680728033052832,5769,,,,,,,,,,,,,,,,,,,,,,,,,,,,,,
6,,5769,0.07887034118175507,0.04207681491971016,0.48882460594177246,0.003864300437271595,0.09756084531545639,0.016860105097293854,0.26691997051239014,0.01338376384228468,0.1474262773990631,0.06862469017505646,0.2720276415348053,0.6138784885406494,0.0014323930954560637,2.0926947593688965,0.2686966061592102,,,,,,,,,,,,,,,
,0.0002679558592204883,5779,,,,,,,,,,,,,,,,,,,,,,,,,,,,,,
6,,5779,0.07140301167964935,0.029985232278704643,0.3420862555503845,0.005094719119369984,0.08436772227287292,0.00832430087029934,0.22420336306095123,0.011045675724744797,0.13529129326343536,0.054690778255462646,0.20725616812705994,0.49152252078056335,0.01121328305453062,2.0659306049346924,0.15865422785282135,,,,,,,,,,,,,,,
,0.00026783872696028543,5789,,,,,,,,,,,,,,,,,,,,,,,,,,,,,,
6,,5789,0.08032503724098206,0.06910430639982224,0.3715069591999054,0.002573420060798526,0.10108071565628052,0.01271463930606842,0.2530023455619812,0.012813601642847061,0.16301985085010529,0.06284669786691666,0.2446637600660324,0.57967609167099,0.004165474325418472,2.0902175903320312,0.2153652012348175,,,,,,,,,,,,,,,
,0.000267721406711536,5799,,,,,,,,,,,,,,,,,,,,,,,,,,,,,,
6,,5799,0.06285425275564194,0.053947750478982925,0.3700591027736664,0.006785266101360321,0.07862310111522675,0.023805132135748863,0.2609127163887024,0.012328197248280048,0.15785297751426697,0.059492215514183044,0.25178810954093933,0.5652792453765869,0.007319600787013769,2.0153608322143555,0.20300425589084625,,,,,,,,,,,,,,,
,0.0002676038986614015,5809,,,,,,,,,,,,,,,,,,,,,,,,,,,,,,
6,,5809,0.08958377689123154,0.034992001950740814,0.3551914393901825,0.009210923686623573,0.0878201350569725,0.01010606437921524,0.24054886400699615,0.014905828051269054,0.1954408586025238,0.06756705045700073,0.24213334918022156,0.5889131426811218,0.006613223813474178,2.1054792404174805,0.1722971796989441,,,,,,,,,,,,,,,
,0.00026748620299734294,5819,,,,,,,,,,,,,,,,,,,,,,,,,,,,,,
6,,5819,0.04011271893978119,0.039635688066482544,0.38380709290504456,0.011126955971121788,0.0641036257147789,0.006362963933497667,0.2368904948234558,0.008668393827974796,0.0969378724694252,0.06200908496975899,0.2457491010427475,0.46692490577697754,0.006731381174176931,1.9544730186462402,0.1850876808166504,,,,,,,,,,,,,,,
,0.00026736831990712063,5829,,,,,,,,,,,,,,,,,,,,,,,,,,,,,,
6,,5829,0.04451100155711174,0.03960750624537468,0.4117618501186371,0.01289503462612629,0.09453533589839935,0.005313119851052761,0.28609514236450195,0.00783905852586031,0.12772956490516663,0.0699102059006691,0.2801409661769867,0.5444779396057129,0.005421987269073725,2.025824785232544,0.21545416116714478,,,,,,,,,,,,,,,
,0.0002672502495787939,5839,,,,,,,,,,,,,,,,,,,,,,,,,,,,,,
6,,5839,0.09255683422088623,0.03287448734045029,0.3210979700088501,0.009123262017965317,0.10553035140037537,0.015685642138123512,0.2525113523006439,0.0254027359187603,0.255399227142334,0.0817706286907196,0.24405397474765778,0.6678155064582825,0.0039293053559958935,2.1147003173828125,0.19924578070640564,,,,,,,,,,,,,,,
,0.0002671319922007207,5849,,,,,,,,,,,,,,,,,,,,,,,,,,,,,,
6,,5849,0.10353865474462509,0.05371414124965668,0.4149569272994995,0.0072746193036437035,0.08928900957107544,0.011046170257031918,0.29705506563186646,0.010226545855402946,0.15388308465480804,0.07562649995088577,0.24512216448783875,0.5907534956932068,0.002790027065202594,1.9466224908828735,0.1878654807806015,,,,,,,,,,,,,,,
,0.0002670135479615576,5859,,,,,,,,,,,,,,,,,,,,,,,,,,,,,,
6,,5859,0.09165655076503754,0.09217852354049683,0.4634786546230316,0.007506487425416708,0.09599166363477707,0.009718049317598343,0.33756160736083984,0.01737104170024395,0.17047052085399628,0.0834490954875946,0.26160305738449097,0.6618269085884094,0.00935877300798893,2.0467565059661865,0.19097153842449188,,,,,,,,,,,,,,,
,0.00026689491705025897,5869,,,,,,,,,,,,,,,,,,,,,,,,,,,,,,
6,,5869,0.07205262035131454,0.03464052081108093,0.3548681139945984,0.0070260087959468365,0.0877872034907341,0.007000565528869629,0.28944510221481323,0.016909737139940262,0.17562717199325562,0.0641954094171524,0.22141675651073456,0.5610219836235046,0.008634161204099655,1.975231647491455,0.14920322597026825,,,,,,,,,,,,,,,
,0.0002667760996560772,5879,,,,,,,,,,,,,,,,,,,,,,,,,,,,,,
6,,5879,0.07048602402210236,0.03525036945939064,0.2763408124446869,0.005058799870312214,0.06837635487318039,0.011097509413957596,0.23099969327449799,0.012276500463485718,0.27017033100128174,0.065333291888237,0.19606173038482666,0.6150181889533997,0.015086007304489613,2.0334692001342773,0.1692536175251007,,,,,,,,,,,,,,,
,0.00026665709596856215,5889,,,,,,,,,,,,,,,,,,,,,,,,,,,,,,
6,,5889,0.10602229088544846,0.028666779398918152,0.2960004508495331,0.005101331043988466,0.08031633496284485,0.011518141254782677,0.21945694088935852,0.023495379835367203,0.15062494575977325,0.052608102560043335,0.2280755639076233,0.5192810893058777,0.0026939245872199535,2.100649118423462,0.1662626713514328,,,,,,,,,,,,,,,
,0.0002665379061775608,5899,,,,,,,,,,,,,,,,,,,,,,,,,,,,,,
6,,5899,0.08834389597177505,0.03103068470954895,0.4025067090988159,0.005571810994297266,0.09272310137748718,0.031342603266239166,0.21972301602363586,0.019846105948090553,0.174881249666214,0.054421715438365936,0.2511826753616333,0.5982796549797058,0.002872656099498272,1.9921026229858398,0.21862997114658356,,,,,,,,,,,,,,,
,0.00026641853047321693,5909,,,,,,,,,,,,,,,,,,,,,,,,,,,,,,
6,,5909,0.10922608524560928,0.06867959350347519,0.443757027387619,0.00748569006100297,0.08910021930932999,0.022469837218523026,0.3182847499847412,0.018260005861520767,0.16254772245883942,0.057216063141822815,0.25778016448020935,0.6425907015800476,0.003257785690948367,2.078806161880493,0.20869305729866028,,,,,,,,,,,,,,,
,0.0002662989690459712,5919,,,,,,,,,,,,,,,,,,,,,,,,,,,,,,
6,,5919,0.062306080013513565,0.05194295570254326,0.435094952583313,0.010402248241007328,0.058496564626693726,0.009966839104890823,0.27199283242225647,0.004963171202689409,0.09247396886348724,0.05773603171110153,0.23555393517017365,0.48607563972473145,0.006137898191809654,1.9656952619552612,0.15420866012573242,,,,,,,,,,,,,,,
6,,5928,,,,,,,,,,,,,,,,0.15700939297676086,0.027686551213264465,0.24554267525672913,0.00643256725743413,0.057409562170505524,0.0031977014150470495,0.16024361550807953,0.019860779866576195,0.19137133657932281,0.06279944628477097,0.1726638823747635,0.5284765362739563,0.008684069849550724,2.008171319961548,0.12973615527153015
,0.00026617922208656036,5929,,,,,,,,,,,,,,,,,,,,,,,,,,,,,,
7,,5929,0.08524871617555618,0.034943703562021255,0.3339695930480957,0.0059989639557898045,0.08517970889806747,0.01809574104845524,0.2646516263484955,0.011230941861867905,0.19475670158863068,0.06092411279678345,0.230177104473114,0.577455461025238,0.004979355726391077,2.077033758163452,0.17339006066322327,,,,,,,,,,,,,,,
,0.0002660592897860171,5939,,,,,,,,,,,,,,,,,,,,,,,,,,,,,,
7,,5939,0.08669731765985489,0.03134148195385933,0.41867902874946594,0.007824961096048355,0.11815913766622543,0.017447711899876595,0.2512746751308441,0.01838158816099167,0.20373855531215668,0.08378246426582336,0.2739437222480774,0.6565711498260498,0.004618731793016195,2.0525147914886475,0.2402663677930832,,,,,,,,,,,,,,,
,0.00026593917233566985,5949,,,,,,,,,,,,,,,,,,,,,,,,,,,,,,
7,,5949,0.07734593003988266,0.025413544848561287,0.36254194378852844,0.007760792504996061,0.08104818314313889,0.013285481370985508,0.219173401594162,0.013912614434957504,0.1891944706439972,0.04678947851061821,0.2381017655134201,0.5755721926689148,0.012790227308869362,2.1126792430877686,0.19325397908687592,,,,,,,,,,,,,,,
,0.0002658188699271425,5959,,,,,,,,,,,,,,,,,,,,,,,,,,,,,,
7,,5959,0.07927889376878738,0.050157248973846436,0.3767065405845642,0.0035163729917258024,0.09051313996315002,0.009593958966434002,0.24126216769218445,0.01228483859449625,0.19987359642982483,0.05481630563735962,0.25028106570243835,0.5897411704063416,0.0012885112082585692,2.0469226837158203,0.18014688789844513,,,,,,,,,,,,,,,
,0.0002656983827523538,5969,,,,,,,,,,,,,,,,,,,,,,,,,,,,,,
7,,5969,0.05905690789222717,0.042765263468027115,0.42326802015304565,0.01580647937953472,0.11943933367729187,0.010531283915042877,0.25146910548210144,0.009016826748847961,0.13393013179302216,0.0681261345744133,0.2673381268978119,0.5737098455429077,0.004642966669052839,2.032700777053833,0.25006380677223206,,,,,,,,,,,,,,,
,0.00026557771100351753,5979,,,,,,,,,,,,,,,,,,,,,,,,,,,,,,
7,,5979,0.09421543776988983,0.04859783500432968,0.4290506839752197,0.006777163594961166,0.11126261949539185,0.023874664679169655,0.2806771397590637,0.01629922166466713,0.18908633291721344,0.047943808138370514,0.2717529833316803,0.6473751068115234,0.0016013209242373705,1.9610307216644287,0.2229485660791397,,,,,,,,,,,,,,,
,0.0002654568548731416,5989,,,,,,,,,,,,,,,,,,,,,,,,,,,,,,
7,,5989,0.10102792084217072,0.02454032562673092,0.3123951852321625,0.004469015169888735,0.0822170227766037,0.018063165247440338,0.1856795698404312,0.013826807029545307,0.16012249886989594,0.048479750752449036,0.20006904006004333,0.514089822769165,0.0038846335373818874,2.0265488624572754,0.18148891627788544,,,,,,,,,,,,,,,
,0.00026533581455402835,5999,,,,,,,,,,,,,,,,,,,,,,,,,,,,,,
7,,5999,0.10316738486289978,0.03480810672044754,0.3991011679172516,0.010140585713088512,0.08325925469398499,0.012973974458873272,0.27560654282569885,0.019943328574299812,0.20180228352546692,0.07798904180526733,0.28393280506134033,0.6416657567024231,0.007096584886312485,2.017091751098633,0.17585767805576324,,,,,,,,,,,,,,,
,0.00026521459023927374,6009,,,,,,,,,,,,,,,,,,,,,,,,,,,,,,
7,,6009,0.07134559005498886,0.029728742316365242,0.34543392062187195,0.004978051874786615,0.08032937347888947,0.017313912510871887,0.20086665451526642,0.009409029968082905,0.12336226552724838,0.10046491771936417,0.25554564595222473,0.48797881603240967,0.004505346063524485,2.0695090293884277,0.16464945673942566,,,,,,,,,,,,,,,
,0.0002650931821222675,6019,,,,,,,,,,,,,,,,,,,,,,,,,,,,,,
7,,6019,0.08998732268810272,0.029145369306206703,0.3384872078895569,0.005931970197707415,0.08529536426067352,0.006780456751585007,0.20285889506340027,0.012188744731247425,0.16425395011901855,0.05515327304601669,0.22896169126033783,0.5335840582847595,0.0032522580586373806,2.0362956523895264,0.20088326930999756,,,,,,,,,,,,,,,
,0.0002649715903966923,6029,,,,,,,,,,,,,,,,,,,,,,,,,,,,,,
7,,6029,0.0506504662334919,0.03187957778573036,0.3766741454601288,0.008182257413864136,0.05803770199418068,0.013724422082304955,0.24626772105693817,0.010708409361541271,0.10619915276765823,0.06397350877523422,0.19781529903411865,0.4765562117099762,0.015940705314278603,1.9742168188095093,0.17449571192264557,,,,,,,,,,,,,,,
,0.00026484981525652385,6039,,,,,,,,,,,,,,,,,,,,,,,,,,,,,,
7,,6039,0.08578438311815262,0.04741187393665314,0.35934537649154663,0.009602361358702183,0.07923422008752823,0.019059887155890465,0.2648249566555023,0.014389301650226116,0.1845702826976776,0.07166854292154312,0.27929478883743286,0.5995984077453613,0.00360389007255435,2.0496885776519775,0.1853935867547989,,,,,,,,,,,,,,,
,0.00026472785689603067,6049,,,,,,,,,,,,,,,,,,,,,,,,,,,,,,
7,,6049,0.10740923881530762,0.06484415382146835,0.3886200189590454,0.007772631943225861,0.09317374229431152,0.022831937298178673,0.28646141290664673,0.019966114312410355,0.20193137228488922,0.08561518788337708,0.24540868401527405,0.6583245396614075,0.0042327651754021645,2.092562198638916,0.19981521368026733,,,,,,,,,,,,,,,
,0.00026460571550977307,6059,,,,,,,,,,,,,,,,,,,,,,,,,,,,,,
7,,6059,0.08430172502994537,0.026386715471744537,0.30931487679481506,0.0037202248349785805,0.0682339072227478,0.015028019435703754,0.1664646714925766,0.014683116227388382,0.15466926991939545,0.0625617578625679,0.22819089889526367,0.49605298042297363,0.0050246561877429485,2.058450222015381,0.17081549763679504,,,,,,,,,,,,,,,
,0.0002644833912926039,6069,,,,,,,,,,,,,,,,,,,,,,,,,,,,,,
7,,6069,0.08545776456594467,0.08917433768510818,0.34427592158317566,0.012352689169347286,0.0762009248137474,0.0061655244790017605,0.29754120111465454,0.010333150625228882,0.13147634267807007,0.09012036770582199,0.23404331505298615,0.5428723096847534,0.0015469691716134548,2.033932685852051,0.16212253272533417,,,,,,,,,,,,,,,
,0.0002643608844396673,6079,,,,,,,,,,,,,,,,,,,,,,,,,,,,,,
7,,6079,0.08438477665185928,0.03841594606637955,0.41291606426239014,0.0076555414125323296,0.10294075310230255,0.01342683658003807,0.25989097356796265,0.010867278091609478,0.21136516332626343,0.06526847183704376,0.2845330834388733,0.6498545408248901,0.0068334476090967655,1.9962023496627808,0.22527077794075012,,,,,,,,,,,,,,,
,0.00026423819514639896,6089,,,,,,,,,,,,,,,,,,,,,,,,,,,,,,
7,,6089,0.10593121498823166,0.06469684839248657,0.42999106645584106,0.007845129817724228,0.08891350775957108,0.012466605752706528,0.29680532217025757,0.013908201828598976,0.1616475135087967,0.07295368611812592,0.26082882285118103,0.625660240650177,0.001304596895352006,2.0502521991729736,0.22447115182876587,,,,,,,,,,,,,,,
,0.0002641153236085255,6099,,,,,,,,,,,,,,,,,,,,,,,,,,,,,,
7,,6099,0.08143413811922073,0.03921809419989586,0.4138210117816925,0.003687286516651511,0.09568025171756744,0.013799083419144154,0.25401195883750916,0.02053191512823105,0.1785922646522522,0.048276517540216446,0.2628959119319916,0.604506254196167,0.0022248271852731705,2.019808530807495,0.2159203588962555,,,,,,,,,,,,,,,
,0.00026399227002206434,6109,,,,,,,,,,,,,,,,,,,,,,,,,,,,,,
7,,6109,0.07189106941223145,0.039459459483623505,0.37168195843696594,0.01204945519566536,0.07455574721097946,0.010199918411672115,0.22872459888458252,0.014799525961279869,0.13178399205207825,0.0779222920536995,0.23926237225532532,0.5147379636764526,0.0031973591540008783,2.0690877437591553,0.16404284536838531,,,,,,,,,,,,,,,
,0.0002638690345833233,6119,,,,,,,,,,,,,,,,,,,,,,,,,,,,,,
7,,6119,0.052751872688531876,0.07628606259822845,0.367748886346817,0.00650191493332386,0.051387157291173935,0.012626541778445244,0.30198952555656433,0.010073181241750717,0.1015588566660881,0.04499022662639618,0.2221992462873459,0.4811471998691559,0.002321325708180666,2.01257586479187,0.15877021849155426,,,,,,,,,,,,,,,
,0.0002637456174889003,6129,,,,,,,,,,,,,,,,,,,,,,,,,,,,,,
7,,6129,0.07005001604557037,0.0623103529214859,0.4123843014240265,0.015533447265625,0.07992377877235413,0.013335957191884518,0.26937970519065857,0.015184864401817322,0.15366780757904053,0.07086237519979477,0.25593098998069763,0.5862562656402588,0.007712604012340307,1.9885542392730713,0.18227893114089966,,,,,,,,,,,,,,,
,0.0002636220189356832,6139,,,,,,,,,,,,,,,,,,,,,,,,,,,,,,
7,,6139,0.1150088757276535,0.0647345706820488,0.40486201643943787,0.016388418152928352,0.09550955146551132,0.007866591215133667,0.28790050745010376,0.02004571631550789,0.28131556510925293,0.06139054149389267,0.23475342988967896,0.7409106492996216,0.004792722407728434,2.1061148643493652,0.19188767671585083,,,,,,,,,,,,,,,
,0.0002634982391208491,6149,,,,,,,,,,,,,,,,,,,,,,,,,,,,,,
7,,6149,0.10097211599349976,0.03502245992422104,0.38024258613586426,0.008288310840725899,0.08776850253343582,0.009957357309758663,0.2563437223434448,0.014138028025627136,0.1559249311685562,0.06278353929519653,0.2747305631637573,0.5757826566696167,0.005131879821419716,1.9644217491149902,0.19453763961791992,,,,,,,,,,,,,,,
,0.00026337427824186437,6159,,,,,,,,,,,,,,,,,,,,,,,,,,,,,,
7,,6159,0.09332279115915298,0.03639499843120575,0.3583250045776367,0.014643843285739422,0.09178198873996735,0.009293071925640106,0.2854767143726349,0.015326401218771935,0.17935404181480408,0.06455835700035095,0.24958419799804688,0.6043753027915955,0.019407810643315315,2.0778825283050537,0.1612147092819214,,,,,,,,,,,,,,,
,0.00026325013649648434,6169,,,,,,,,,,,,,,,,,,,,,,,,,,,,,,
7,,6169,0.11054501682519913,0.03658449649810791,0.4111436605453491,0.011925477534532547,0.09618326276540756,0.009662932716310024,0.27879199385643005,0.02437927946448326,0.20739857852458954,0.049814969301223755,0.25297367572784424,0.6617080569267273,0.004617288243025541,2.065723419189453,0.21165256202220917,,,,,,,,,,,,,,,
,0.0002631258140827528,6179,,,,,,,,,,,,,,,,,,,,,,,,,,,,,,
7,,6179,0.10130581259727478,0.030347641557455063,0.3710893988609314,0.010350305587053299,0.09221556037664413,0.019516421481966972,0.25115084648132324,0.027801278978586197,0.20298996567726135,0.045314665883779526,0.2644028067588806,0.6301334500312805,0.007007674314081669,2.0365729331970215,0.17529277503490448,,,,,,,,,,,,,,,
,0.0002630013111990016,6189,,,,,,,,,,,,,,,,,,,,,,,,,,,,,,
7,,6189,0.053855400532484055,0.03055550530552864,0.33132582902908325,0.006198448594659567,0.07941114157438278,0.013962131924927235,0.20662295818328857,0.01430243905633688,0.0977630764245987,0.06598296761512756,0.2409777194261551,0.4558768570423126,0.005670056212693453,2.0460567474365234,0.18937523663043976,,,,,,,,,,,,,,,
,0.0002628766280438507,6199,,,,,,,,,,,,,,,,,,,,,,,,,,,,,,
7,,6199,0.08731891214847565,0.04873473197221756,0.37593919038772583,0.00361854350194335,0.08202752470970154,0.010807345621287823,0.28420576453208923,0.016868887469172478,0.23110300302505493,0.09659739583730698,0.2532989978790283,0.6421316862106323,0.0025574949104338884,2.0219485759735107,0.16645759344100952,,,,,,,,,,,,,,,
,0.00026275176481620763,6209,,,,,,,,,,,,,,,,,,,,,,,,,,,,,,
7,,6209,0.08789797872304916,0.07564815133810043,0.4212897717952728,0.005062866490334272,0.11700186133384705,0.02636183798313141,0.33541443943977356,0.014309469610452652,0.26439884305000305,0.06775996088981628,0.2500879764556885,0.7436702847480774,0.004875839222222567,2.0482449531555176,0.22653809189796448,,,,,,,,,,,,,,,
,0.00026262672171526716,6219,,,,,,,,,,,,,,,,,,,,,,,,,,,,,,
7,,6219,0.10601835697889328,0.03754691034555435,0.3892455995082855,0.009512399323284626,0.09025691449642181,0.017156239598989487,0.24233250319957733,0.012096203863620758,0.1596141755580902,0.057652413845062256,0.2615450322628021,0.5803659558296204,0.008527473546564579,2.0181283950805664,0.17710593342781067,,,,,,,,,,,,,,,
,0.000262501498940511,6229,,,,,,,,,,,,,,,,,,,,,,,,,,,,,,
7,,6229,0.11418434232473373,0.026790190488100052,0.3438183665275574,0.007053903769701719,0.08208261430263519,0.01003391481935978,0.1992301642894745,0.0131427813321352,0.14853419363498688,0.05256232991814613,0.23228760063648224,0.5257907509803772,0.002966490341350436,2.018674850463867,0.17817547917366028,,,,,,,,,,,,,,,
,0.0002623760966917074,6239,,,,,,,,,,,,,,,,,,,,,,,,,,,,,,
7,,6239,0.07377427071332932,0.07642684131860733,0.4293456971645355,0.009116299450397491,0.0535208098590374,0.006330723874270916,0.3262093663215637,0.006675143726170063,0.09280607104301453,0.05729050189256668,0.22523972392082214,0.5045758485794067,0.004661175888031721,2.0761425495147705,0.14438699185848236,,,,,,,,,,,,,,,
,0.00026225051516891106,6249,,,,,,,,,,,,,,,,,,,,,,,,,,,,,,
7,,6249,0.1544373780488968,0.034618575125932693,0.3617576062679291,0.002707667415961623,0.10535478591918945,0.017073221504688263,0.2986035645008087,0.018635746091604233,0.2963443398475647,0.049548737704753876,0.23349428176879883,0.7474058866500854,0.0028779753483831882,1.9975714683532715,0.2119646817445755,,,,,,,,,,,,,,,
,0.0002621247545724627,6259,,,,,,,,,,,,,,,,,,,,,,,,,,,,,,
7,,6259,0.10863842070102692,0.036725305020809174,0.40130332112312317,0.008349540643393993,0.12332827597856522,0.007667928468436003,0.282279908657074,0.014929288066923618,0.2519995868206024,0.08474280685186386,0.2360457181930542,0.6997158527374268,0.003920788411051035,2.0015153884887695,0.21986572444438934,,,,,,,,,,,,,,,
,0.0002619988151029887,6269,,,,,,,,,,,,,,,,,,,,,,,,,,,,,,
7,,6269,0.10683584958314896,0.031530361622571945,0.32750260829925537,0.00832467619329691,0.09851781278848648,0.01093884278088808,0.2316301167011261,0.021369289606809616,0.2732538878917694,0.10960607975721359,0.2582888603210449,0.6882671117782593,0.002707637846469879,2.150660276412964,0.20741860568523407,,,,,,,,,,,,,,,
,0.0002618726969614005,6279,,,,,,,,,,,,,,,,,,,,,,,,,,,,,,
7,,6279,0.04780757054686546,0.04762434959411621,0.39996498823165894,0.0032322299666702747,0.10143743455410004,0.009058564901351929,0.23062634468078613,0.007418613415211439,0.07882183790206909,0.0741313099861145,0.2523901164531708,0.47791558504104614,0.004994030110538006,2.0536177158355713,0.237876296043396,,,,,,,,,,,,,,,
,0.0002617464003488951,6289,,,,,,,,,,,,,,,,,,,,,,,,,,,,,,
7,,6289,0.08638737350702286,0.02574341744184494,0.31587257981300354,0.002925324719399214,0.08267481625080109,0.013317983597517014,0.1776094287633896,0.014455328695476055,0.1587565690279007,0.08644910901784897,0.23579736053943634,0.5217062830924988,0.006589042488485575,2.050889492034912,0.19623413681983948,,,,,,,,,,,,,,,
,0.0002616199254669538,6299,,,,,,,,,,,,,,,,,,,,,,,,,,,,,,
7,,6299,0.09286203235387802,0.03851790726184845,0.3558184504508972,0.0059885382652282715,0.09507010132074356,0.02119799517095089,0.24399423599243164,0.015567480586469173,0.19667816162109375,0.053152475506067276,0.24683164060115814,0.5986204743385315,0.004939974285662174,1.9838436841964722,0.18052765727043152,,,,,,,,,,,,,,,
,0.0002614932725173425,6309,,,,,,,,,,,,,,,,,,,,,,,,,,,,,,
7,,6309,0.09965701401233673,0.0785658210515976,0.37443849444389343,0.00538921682164073,0.08309884369373322,0.011508865281939507,0.2927536964416504,0.013171966187655926,0.17756251990795135,0.10499198734760284,0.262876033782959,0.6132010221481323,0.0022823151666671038,2.0660593509674072,0.17722319066524506,,,,,,,,,,,,,,,
,0.00026136644170211105,6319,,,,,,,,,,,,,,,,,,,,,,,,,,,,,,
7,,6319,0.10304799675941467,0.0410415343940258,0.4201154112815857,0.017749624326825142,0.09810979664325714,0.02221078798174858,0.3061297535896301,0.0160718634724617,0.2376900464296341,0.07301030308008194,0.2200605273246765,0.6962757110595703,0.005168817937374115,2.0654168128967285,0.1949707567691803,,,,,,,,,,,,,,,
,0.00026123943322359315,6329,,,,,,,,,,,,,,,,,,,,,,,,,,,,,,
7,,6329,0.06522165238857269,0.02977161295711994,0.4051331579685211,0.008249043487012386,0.10040677338838577,0.017342012375593185,0.2503020763397217,0.02018912509083748,0.1696336567401886,0.06566999852657318,0.2689586579799652,0.5917336344718933,0.00188970856834203,2.0161192417144775,0.21907389163970947,,,,,,,,,,,,,,,
,0.0002611122472844058,6339,,,,,,,,,,,,,,,,,,,,,,,,,,,,,,
7,,6339,0.06105513870716095,0.07598825544118881,0.39469876885414124,0.006854411214590073,0.08557336032390594,0.008889161981642246,0.278198778629303,0.014719163998961449,0.13765181601047516,0.04139716550707817,0.23645639419555664,0.5445268750190735,0.004626701585948467,2.0242156982421875,0.17484594881534576,,,,,,,,,,,,,,,
,0.0002609848840874494,6349,,,,,,,,,,,,,,,,,,,,,,,,,,,,,,
7,,6349,0.0941811054944992,0.03617304563522339,0.36382049322128296,0.007746349088847637,0.07358714938163757,0.024007346481084824,0.23015323281288147,0.011664435267448425,0.1599588543176651,0.059367258101701736,0.2401638627052307,0.5428138971328735,0.001767799025401473,2.028092861175537,0.15364649891853333,,,,,,,,,,,,,,,
,0.00026085734383590666,6359,,,,,,,,,,,,,,,,,,,,,,,,,,,,,,
7,,6359,0.10943450033664703,0.04736495390534401,0.34656161069869995,0.0034369579516351223,0.07919298112392426,0.01207017619162798,0.21028445661067963,0.01458510011434555,0.20308580994606018,0.062145743519067764,0.2497994601726532,0.5838543176651001,0.0006400109850801528,2.026055097579956,0.15596172213554382,,,,,,,,,,,,,,,
,0.0002607296267332431,6369,,,,,,,,,,,,,,,,,,,,,,,,,,,,,,
7,,6369,0.08571334183216095,0.06131899729371071,0.39457303285598755,0.003623910713940859,0.09175149351358414,0.011278357356786728,0.27246102690696716,0.01272030733525753,0.19458679854869843,0.05039307102560997,0.22613070905208588,0.6093837022781372,0.002053450793027878,1.9465605020523071,0.20388539135456085,,,,,,,,,,,,,,,
,0.00026060173298320636,6379,,,,,,,,,,,,,,,,,,,,,,,,,,,,,,
7,,6379,0.08487477153539658,0.024713201448321342,0.2916296124458313,0.0076704020611941814,0.06716951727867126,0.014558693394064903,0.19549670815467834,0.01949441432952881,0.16590331494808197,0.07971740514039993,0.21450720727443695,0.5162066221237183,0.006214136723428965,2.0823264122009277,0.16435955464839935,,,,,,,,,,,,,,,
,0.00026047366278982573,6389,,,,,,,,,,,,,,,,,,,,,,,,,,,,,,
7,,6389,0.0687580332159996,0.032294485718011856,0.3781084418296814,0.013051263988018036,0.08297383785247803,0.010694566182792187,0.2121213674545288,0.010267723351716995,0.10996994376182556,0.04538873955607414,0.2723161578178406,0.5087355375289917,0.006650831084698439,2.00626540184021,0.22557945549488068,,,,,,,,,,,,,,,
,0.000260345416357412,6399,,,,,,,,,,,,,,,,,,,,,,,,,,,,,,
7,,6399,0.08265199512243271,0.04919593781232834,0.3713681101799011,0.007885822094976902,0.06880629807710648,0.024918735027313232,0.26780664920806885,0.010874869301915169,0.11483296006917953,0.08404210209846497,0.23612363636493683,0.5160707235336304,0.006753689143806696,1.9805793762207031,0.15621647238731384,,,,,,,,,,,,,,,
,0.0002602169938905573,6409,,,,,,,,,,,,,,,,,,,,,,,,,,,,,,
7,,6409,0.09716209024190903,0.022134803235530853,0.26726073026657104,0.00588332349434495,0.06527005881071091,0.01895526982843876,0.18097244203090668,0.010063360445201397,0.12962107360363007,0.05294644087553024,0.22346121072769165,0.4527432918548584,0.0019319480052217841,2.0845158100128174,0.14652638137340546,,,,,,,,,,,,,,,
,0.00026008839559413434,6419,,,,,,,,,,,,,,,,,,,,,,,,,,,,,,
7,,6419,0.08867619931697845,0.024937590584158897,0.30891185998916626,0.006593764293938875,0.06938839703798294,0.012372417375445366,0.2071438878774643,0.017463449388742447,0.1740696281194687,0.055137503892183304,0.21135182678699493,0.5177102088928223,0.0053391242399811745,2.0711464881896973,0.13799087703227997,,,,,,,,,,,,,,,
,0.0002599596216732965,6429,,,,,,,,,,,,,,,,,,,,,,,,,,,,,,
7,,6429,0.08597897738218307,0.06292257457971573,0.48149704933166504,0.012930914759635925,0.08593082427978516,0.013678256422281265,0.356168270111084,0.017802944406867027,0.14686502516269684,0.06517840921878815,0.2470841258764267,0.6373288631439209,0.006671234034001827,1.9930363893508911,0.21297883987426758,,,,,,,,,,,,,,,
,0.0002598306723334772,6439,,,,,,,,,,,,,,,,,,,,,,,,,,,,,,
7,,6439,0.1195201426744461,0.02486887201666832,0.3384685516357422,0.010427705012261868,0.08012962341308594,0.03742280974984169,0.1838012933731079,0.015403631143271923,0.18905338644981384,0.054577894508838654,0.21843288838863373,0.5780956745147705,0.0010795133421197534,2.028892993927002,0.18105268478393555,,,,,,,,,,,,,,,
,0.0002597015477803899,6449,,,,,,,,,,,,,,,,,,,,,,,,,,,,,,
7,,6449,0.09229704737663269,0.047314126044511795,0.39096811413764954,0.003177773440256715,0.10907237231731415,0.028605476021766663,0.27456361055374146,0.019373290240764618,0.1742965281009674,0.09813393652439117,0.2783842384815216,0.6296764016151428,0.009119145572185516,2.0129311084747314,0.20245477557182312,,,,,,,,,,,,,,,
,0.0002595722482200274,6459,,,,,,,,,,,,,,,,,,,,,,,,,,,,,,
7,,6459,0.09969567507505417,0.039314012974500656,0.3730522096157074,0.009750830009579659,0.10614848136901855,0.00949786975979805,0.23790469765663147,0.013512879610061646,0.21744892001152039,0.06201639771461487,0.26536795496940613,0.6328481435775757,0.002283193403854966,2.0520992279052734,0.19741635024547577,,,,,,,,,,,,,,,
,0.0002594427738586618,6469,,,,,,,,,,,,,,,,,,,,,,,,,,,,,,
7,,6469,0.05968783423304558,0.0540858693420887,0.45914554595947266,0.005856157746165991,0.10697819292545319,0.013610951602458954,0.2833552360534668,0.01167498528957367,0.13375909626483917,0.053106725215911865,0.25992414355278015,0.573819100856781,0.0031232875771820545,1.98106050491333,0.2194799780845642,,,,,,,,,,,,,,,
,0.00025931312490284393,6479,,,,,,,,,,,,,,,,,,,,,,,,,,,,,,
7,,6479,0.14688238501548767,0.04004323482513428,0.43795961141586304,0.0055019790306687355,0.08892831206321716,0.011820458807051182,0.23418787121772766,0.014929496683180332,0.14410576224327087,0.06839333474636078,0.24171209335327148,0.5971289277076721,0.001217559794895351,2.0133848190307617,0.21745705604553223,,,,,,,,,,,,,,,
,0.00025918330155940333,6489,,,,,,,,,,,,,,,,,,,,,,,,,,,,,,
7,,6489,0.08000120520591736,0.03977778181433678,0.33823511004447937,0.007077184040099382,0.09087301045656204,0.027973195537924767,0.23716378211975098,0.018468836322426796,0.18047970533370972,0.059695202857255936,0.22699220478534698,0.5743612051010132,0.0050929090939462185,1.9450629949569702,0.18503929674625397,,,,,,,,,,,,,,,
,0.00025905330403544767,6499,,,,,,,,,,,,,,,,,,,,,,,,,,,,,,
7,,6499,0.12255554646253586,0.05305490642786026,0.3836798071861267,0.01755567267537117,0.13385780155658722,0.026769479736685753,0.3532032370567322,0.015989918261766434,0.27358412742614746,0.06655913591384888,0.23878386616706848,0.7650618553161621,0.0026791116688400507,2.0299947261810303,0.2158624231815338,,,,,,,,,,,,,,,
,0.0002589231325383623,6509,,,,,,,,,,,,,,,,,,,,,,,,,,,,,,
7,,6509,0.07988660782575607,0.05001433938741684,0.3768327236175537,0.004050110001116991,0.08597922325134277,0.014234432950615883,0.26373693346977234,0.013294536620378494,0.14110174775123596,0.09307162463665009,0.224107027053833,0.538983941078186,0.005176938604563475,2.08622670173645,0.16344459354877472,,,,,,,,,,,,,,,
,0.0002587927872758105,6519,,,,,,,,,,,,,,,,,,,,,,,,,,,,,,
7,,6519,0.04969741776585579,0.03128444030880928,0.3854924738407135,0.014742586761713028,0.09805893152952194,0.01415572315454483,0.23642288148403168,0.014058798551559448,0.13711680471897125,0.0799373909831047,0.2417803555727005,0.5354187488555908,0.007588653359562159,2.0464255809783936,0.1928555965423584,,,,,,,,,,,,,,,
,0.0002586622684557324,6529,,,,,,,,,,,,,,,,,,,,,,,,,,,,,,
7,,6529,0.08956670761108398,0.03034946881234646,0.2929333448410034,0.007035841699689627,0.08689931780099869,0.018261365592479706,0.23589357733726501,0.016513705253601074,0.24898870289325714,0.05906829610466957,0.21424046158790588,0.6142345666885376,0.005164625588804483,2.0750136375427246,0.16730427742004395,,,,,,,,,,,,,,,
,0.0002585315762863452,6539,,,,,,,,,,,,,,,,,,,,,,,,,,,,,,
7,,6539,0.09200360625982285,0.030460825189948082,0.3380924165248871,0.0074188061989843845,0.08982338011264801,0.013958964496850967,0.23538105189800262,0.014748824760317802,0.1985141634941101,0.0701831504702568,0.20967455208301544,0.5753754377365112,0.0022287010215222836,2.0256147384643555,0.17369365692138672,,,,,,,,,,,,,,,
,0.0002584007109761425,6549,,,,,,,,,,,,,,,,,,,,,,,,,,,,,,
7,,6549,0.0670686811208725,0.03796427324414253,0.40443772077560425,0.008748142048716545,0.09462440758943558,0.01444182638078928,0.28145501017570496,0.013004358857870102,0.17939017713069916,0.047982726246118546,0.23639337718486786,0.5902114510536194,0.0069068484008312225,1.9845242500305176,0.1879788041114807,,,,,,,,,,,,,,,
,0.0002582696727338943,6559,,,,,,,,,,,,,,,,,,,,,,,,,,,,,,
7,,6559,0.10864712297916412,0.028585752472281456,0.3577980101108551,0.0066689918749034405,0.06558024883270264,0.01016230508685112,0.22011911869049072,0.014911621809005737,0.1778629571199417,0.06414124369621277,0.2080954760313034,0.5484607219696045,0.004143854137510061,2.0598957538604736,0.14676614105701447,,,,,,,,,,,,,,,
,0.0002581384617686463,6569,,,,,,,,,,,,,,,,,,,,,,,,,,,,,,
7,,6569,0.15278993546962738,0.03188995644450188,0.3157768249511719,0.013827355578541756,0.07752353698015213,0.019478531554341316,0.21326801180839539,0.02249538153409958,0.3044023811817169,0.06683774292469025,0.2092704325914383,0.715520441532135,0.009883729740977287,2.028465747833252,0.1557021588087082,,,,,,,,,,,,,,,
,0.00025800707828971996,6579,,,,,,,,,,,,,,,,,,,,,,,,,,,,,,
7,,6579,0.094898521900177,0.040393341332674026,0.3901597261428833,0.003967221826314926,0.06924153119325638,0.02535349130630493,0.2891405522823334,0.011539734899997711,0.16938528418540955,0.06087019294500351,0.21619297564029694,0.5635468363761902,0.0038034662138670683,2.062074661254883,0.13185065984725952,,,,,,,,,,,,,,,
,0.0002578755225067117,6589,,,,,,,,,,,,,,,,,,,,,,,,,,,,,,
7,,6589,0.0633312314748764,0.031805988401174545,0.31382399797439575,0.007748091127723455,0.07816151529550552,0.03060421720147133,0.2052043080329895,0.012490039691329002,0.1535576432943344,0.06170136481523514,0.23006510734558105,0.5069982409477234,0.005276297219097614,2.050976037979126,0.15993037819862366,,,,,,,,,,,,,,,
,0.0002577437946294929,6599,,,,,,,,,,,,,,,,,,,,,,,,,,,,,,
7,,6599,0.11092281341552734,0.023527977988123894,0.3223203718662262,0.00701784435659647,0.07438408583402634,0.009251285344362259,0.22916057705879211,0.018164318054914474,0.20700305700302124,0.08069337904453278,0.24505619704723358,0.5923084616661072,0.0014456278877332807,2.071838617324829,0.18493963778018951,,,,,,,,,,,,,,,
,0.0002576118948682097,6609,,,,,,,,,,,,,,,,,,,,,,,,,,,,,,
7,,6609,0.096304751932621,0.028968386352062225,0.37540867924690247,0.004117137286812067,0.0933036357164383,0.00923545379191637,0.24852171540260315,0.010247161611914635,0.1380949467420578,0.03707877919077873,0.2532712519168854,0.5431497693061829,0.005716211162507534,2.0138349533081055,0.22107264399528503,,,,,,,,,,,,,,,
,0.0002574798234332821,6619,,,,,,,,,,,,,,,,,,,,,,,,,,,,,,
7,,6619,0.08880729973316193,0.026497283950448036,0.34009718894958496,0.002798557048663497,0.072123222053051,0.015396609902381897,0.1934865117073059,0.006448833271861076,0.12624068558216095,0.08677837997674942,0.22535419464111328,0.479530394077301,0.0029010213911533356,2.1048121452331543,0.17307087779045105,,,,,,,,,,,,,,,
,0.00025734758053540415,6629,,,,,,,,,,,,,,,,,,,,,,,,,,,,,,
7,,6629,0.04673248901963234,0.04696464538574219,0.40480056405067444,0.015149768441915512,0.0641978532075882,0.021092038601636887,0.21261730790138245,0.009371530264616013,0.08776748180389404,0.05458347499370575,0.2462141215801239,0.4707348048686981,0.004879082553088665,2.0688798427581787,0.17598164081573486,,,,,,,,,,,,,,,
,0.0002572151663855435,6639,,,,,,,,,,,,,,,,,,,,,,,,,,,,,,
7,,6639,0.0758730098605156,0.02408226765692234,0.3351035416126251,0.0034730408806353807,0.07006930559873581,0.014546109363436699,0.21269266307353973,0.014304695650935173,0.1512504518032074,0.05540209636092186,0.22266195714473724,0.5040810108184814,0.0058507127687335014,2.0342979431152344,0.16765139997005463,,,,,,,,,,,,,,,
,0.0002570825811949409,6649,,,,,,,,,,,,,,,,,,,,,,,,,,,,,,
7,,6649,0.08924321830272675,0.03783624619245529,0.3789949119091034,0.008109120652079582,0.09089803695678711,0.008385010063648224,0.23969393968582153,0.01287958025932312,0.14338472485542297,0.08954767882823944,0.27606871724128723,0.5677273273468018,0.005550272297114134,2.0972304344177246,0.22954222559928894,,,,,,,,,,,,,,,
,0.0002569498251751099,6659,,,,,,,,,,,,,,,,,,,,,,,,,,,,,,
7,,6659,0.14411227405071259,0.04879934340715408,0.36800312995910645,0.008621755987405777,0.11825329810380936,0.013163063675165176,0.2516517639160156,0.018759336322546005,0.24321827292442322,0.08556611835956573,0.24485796689987183,0.6994165778160095,0.0029919652733951807,2.042783737182617,0.20994706451892853,,,,,,,,,,,,,,,
,0.0002568168985378368,6669,,,,,,,,,,,,,,,,,,,,,,,,,,,,,,
7,,6669,0.08243560791015625,0.03790757432579994,0.3704082667827606,0.004971363116055727,0.0728306844830513,0.014582245610654354,0.25668683648109436,0.00828905776143074,0.1276870220899582,0.050227511674165726,0.224197119474411,0.5095692873001099,0.008328964933753014,1.9762852191925049,0.16915170848369598,,,,,,,,,,,,,,,
,0.0002566838014951798,6679,,,,,,,,,,,,,,,,,,,,,,,,,,,,,,
7,,6679,0.06555908918380737,0.042229197919368744,0.31631919741630554,0.009985185228288174,0.08056315034627914,0.01158056315034628,0.21340245008468628,0.013828584924340248,0.11792811006307602,0.0625729188323021,0.2352866679430008,0.4649040699005127,0.0023974617943167686,1.9953728914260864,0.1349092721939087,,,,,,,,,,,,,,,
,0.0002565505342594692,6689,,,,,,,,,,,,,,,,,,,,,,,,,,,,,,
7,,6689,0.09119169414043427,0.03384622931480408,0.4025978446006775,0.006500354968011379,0.09880293905735016,0.0207349956035614,0.3278007507324219,0.025401556864380836,0.3094286620616913,0.09167083352804184,0.22567227482795715,0.7649056911468506,0.004448654130101204,2.0156729221343994,0.2110309898853302,,,,,,,,,,,,,,,
,0.0002564170970433067,6699,,,,,,,,,,,,,,,,,,,,,,,,,,,,,,
7,,6699,0.08388546854257584,0.04936257377266884,0.38171207904815674,0.007434414234012365,0.10865127295255661,0.00818762555718422,0.26480016112327576,0.011602937243878841,0.1999211609363556,0.07670339196920395,0.24920886754989624,0.6211822628974915,0.004818144720047712,2.05903959274292,0.20800083875656128,,,,,,,,,,,,,,,
,0.0002562834900595651,6709,,,,,,,,,,,,,,,,,,,,,,,,,,,,,,
7,,6709,0.09089458733797073,0.023999394848942757,0.2911297380924225,0.009558402001857758,0.06487983465194702,0.04117482900619507,0.166839137673378,0.016580823808908463,0.1250418871641159,0.05734039098024368,0.2068888247013092,0.4716472625732422,0.00606588926166296,2.0573079586029053,0.14506101608276367,,,,,,,,,,,,,,,
,0.0002561497135213881,6719,,,,,,,,,,,,,,,,,,,,,,,,,,,,,,
7,,6719,0.09875410050153732,0.039433352649211884,0.37658601999282837,0.00231818575412035,0.06557953357696533,0.0149695985019207,0.239998459815979,0.013343334197998047,0.13861814141273499,0.04121778905391693,0.2246282547712326,0.5193140506744385,0.0029377988539636135,2.0777852535247803,0.1632760763168335,,,,,,,,,,,,,,,
,0.00025601576764218995,6729,,,,,,,,,,,,,,,,,,,,,,,,,,,,,,
7,,6729,0.0610884428024292,0.027912383899092674,0.3846919536590576,0.0026732205878943205,0.0939442589879036,0.01157914288341999,0.20180805027484894,0.012436622753739357,0.11791480332612991,0.08547171950340271,0.296051561832428,0.5100137591362,0.0026543682906776667,2.0091845989227295,0.2181975394487381,,,,,,,,,,,,,,,
,0.00025588165263565495,6739,,,,,,,,,,,,,,,,,,,,,,,,,,,,,,
7,,6739,0.0685533806681633,0.039306968450546265,0.46046149730682373,0.009317684918642044,0.11557625234127045,0.02261899597942829,0.2518441677093506,0.021102942526340485,0.12856221199035645,0.04560869559645653,0.2632693648338318,0.6002351641654968,0.007599324453622103,2.059213638305664,0.2761842608451843,,,,,,,,,,,,,,,
,0.0002557473687157373,6749,,,,,,,,,,,,,,,,,,,,,,,,,,,,,,
7,,6749,0.112859345972538,0.043907392770051956,0.25628426671028137,0.002564176917076111,0.07298817485570908,0.027786238119006157,0.22033031284809113,0.028249671682715416,0.22527281939983368,0.06226866692304611,0.2068563997745514,0.6047691702842712,0.0015011164359748363,2.029716730117798,0.19456374645233154,,,,,,,,,,,,,,,
,0.00025561291609666067,6759,,,,,,,,,,,,,,,,,,,,,,,,,,,,,,
7,,6759,0.0768626481294632,0.03059634193778038,0.31889912486076355,0.0037497240118682384,0.05958796665072441,0.025710247457027435,0.1653328239917755,0.009516936726868153,0.08697040379047394,0.04962309077382088,0.23968464136123657,0.42549338936805725,0.002340142847970128,2.011953353881836,0.17370298504829407,,,,,,,,,,,,,,,
,0.0002554782949929177,6769,,,,,,,,,,,,,,,,,,,,,,,,,,,,,,
7,,6769,0.0674731656908989,0.036698341369628906,0.33908945322036743,0.009532925672829151,0.08693575114011765,0.01220844965428114,0.20631766319274902,0.015602562576532364,0.18508194386959076,0.04140345752239227,0.22561492025852203,0.5503304600715637,0.004725201521068811,2.0631520748138428,0.18164664506912231,,,,,,,,,,,,,,,
7,,6775,,,,,,,,,,,,,,,,0.15411671996116638,0.031519804149866104,0.23768901824951172,0.0048882788978517056,0.05817631632089615,0.003148522460833192,0.14546044170856476,0.02224021963775158,0.18533505499362946,0.07080764323472977,0.16454793512821198,0.5171619057655334,0.00911131501197815,2.0005855560302734,0.12866638600826263
,0.0002553435056192699,6779,,,,,,,,,,,,,,,,,,,,,,,,,,,,,,
8,,6779,0.13087688386440277,0.03004474751651287,0.28843384981155396,0.001548886182717979,0.08521672338247299,0.0159644465893507,0.20826338231563568,0.014915743842720985,0.2911413013935089,0.08102662861347198,0.23781122267246246,0.6746026873588562,0.001956750638782978,2.0453004837036133,0.1999502182006836,,,,,,,,,,,,,,,
,0.0002552085481907474,6789,,,,,,,,,,,,,,,,,,,,,,,,,,,,,,
8,,6789,0.08124276995658875,0.052517205476760864,0.33770906925201416,0.02376275137066841,0.0930255800485611,0.03710617125034332,0.2738509178161621,0.013954490423202515,0.19463910162448883,0.06515073776245117,0.238808274269104,0.6202930212020874,0.004609036259353161,2.071052312850952,0.1752670705318451,,,,,,,,,,,,,,,
,0.00025507342292264816,6799,,,,,,,,,,,,,,,,,,,,,,,,,,,,,,
8,,6799,0.10332532227039337,0.04284945875406265,0.35846152901649475,0.012306059710681438,0.08023884892463684,0.011310839094221592,0.23446476459503174,0.01140500046312809,0.1577923744916916,0.06507209688425064,0.24452215433120728,0.5607244372367859,0.006543376017361879,2.0437569618225098,0.17780058085918427,,,,,,,,,,,,,,,
,0.000254938130030538,6809,,,,,,,,,,,,,,,,,,,,,,,,,,,,,,
8,,6809,0.08388856798410416,0.03785554692149162,0.3820829689502716,0.00833444856107235,0.07639751583337784,0.007885778322815895,0.22304822504520416,0.022819863632321358,0.20032791793346405,0.09223475307226181,0.2210303395986557,0.6082209944725037,0.010395660996437073,2.087033987045288,0.19262023270130157,,,,,,,,,,,,,,,
,0.00025480266973025025,6819,,,,,,,,,,,,,,,,,,,,,,,,,,,,,,
8,,6819,0.09763526916503906,0.019348103553056717,0.2842133641242981,0.004090840462595224,0.0755927637219429,0.013762244023382664,0.1777516007423401,0.02123149484395981,0.177946537733078,0.06356031447649002,0.22180955111980438,0.5168354511260986,0.0013836256694048643,2.0975258350372314,0.15416274964809418,,,,,,,,,,,,,,,
,0.0002546670422378851,6829,,,,,,,,,,,,,,,,,,,,,,,,,,,,,,
8,,6829,0.07175001502037048,0.033780500292778015,0.3869694471359253,0.005928744561970234,0.08157357573509216,0.012012221850454807,0.22199097275733948,0.015769504010677338,0.15029661357402802,0.09651704132556915,0.26034456491470337,0.5573732256889343,0.0030319762881845236,1.954157829284668,0.228082075715065,,,,,,,,,,,,,,,
,0.0002545312477698096,6839,,,,,,,,,,,,,,,,,,,,,,,,,,,,,,
8,,6839,0.09053366631269455,0.0404653362929821,0.3806515038013458,0.012723986059427261,0.08565287292003632,0.011100005358457565,0.23696330189704895,0.01966276951134205,0.1933133453130722,0.06900875270366669,0.25338664650917053,0.6122032403945923,0.0036150088999420404,2.077265501022339,0.2000233381986618,,,,,,,,,,,,,,,
,0.00025439528654265726,6849,,,,,,,,,,,,,,,,,,,,,,,,,,,,,,
8,,6849,0.10519757121801376,0.027509059756994247,0.3867965638637543,0.010620642453432083,0.13997198641300201,0.007471650838851929,0.25172749161720276,0.01406126469373703,0.1918736696243286,0.09325205534696579,0.28833603858947754,0.6471357345581055,0.009468895383179188,1.9777297973632812,0.2271806299686432,,,,,,,,,,,,,,,
,0.0002542591587733274,6859,,,,,,,,,,,,,,,,,,,,,,,,,,,,,,
8,,6859,0.04321681708097458,0.02548856846988201,0.29863351583480835,0.0046408395282924175,0.04158720746636391,0.011553140357136726,0.1722983568906784,0.003463190048933029,0.09516577422618866,0.04633888602256775,0.19733378291130066,0.38105711340904236,0.009141807444393635,2.0254969596862793,0.13862009346485138,,,,,,,,,,,,,,,
,0.00025412286467898517,6869,,,,,,,,,,,,,,,,,,,,,,,,,,,,,,
8,,6869,0.09389575570821762,0.03369951248168945,0.36982595920562744,0.00595642626285553,0.07323745638132095,0.02157634310424328,0.22601349651813507,0.014484692364931107,0.17006781697273254,0.048940107226371765,0.22780150175094604,0.5541857481002808,0.005195786710828543,2.014986038208008,0.16201098263263702,,,,,,,,,,,,,,,
,0.0002539864044770611,6879,,,,,,,,,,,,,,,,,,,,,,,,,,,,,,
8,,6879,0.06593978404998779,0.04004297032952309,0.38038572669029236,0.007600607816129923,0.0681479200720787,0.00710652582347393,0.25930699706077576,0.009299035184085369,0.15127593278884888,0.05169181898236275,0.22793999314308167,0.5244736075401306,0.005378759000450373,1.972389817237854,0.16352583467960358,,,,,,,,,,,,,,,
,0.00025384977838525057,6889,,,,,,,,,,,,,,,,,,,,,,,,,,,,,,
8,,6889,0.09297924488782883,0.0306498222053051,0.3960467278957367,0.010178920812904835,0.09973560273647308,0.007613006979227066,0.24686895310878754,0.016995932906866074,0.18010365962982178,0.0480874739587307,0.2636973559856415,0.6136322617530823,0.021526282653212547,1.9896522760391235,0.18951213359832764,,,,,,,,,,,,,,,
,0.0002537129866215137,6899,,,,,,,,,,,,,,,,,,,,,,,,,,,,,,
8,,6899,0.05007457360625267,0.027812959626317024,0.3195106089115143,0.004529312718659639,0.0704265907406807,0.017706528306007385,0.1917881965637207,0.007858134806156158,0.0743553638458252,0.07803371548652649,0.22888994216918945,0.40375787019729614,0.0023878873325884342,2.038785219192505,0.16907168924808502,,,,,,,,,,,,,,,
,0.00025357602940407486,6909,,,,,,,,,,,,,,,,,,,,,,,,,,,,,,
8,,6909,0.0706135481595993,0.042856015264987946,0.34090718626976013,0.00818770844489336,0.07528657466173172,0.020541684702038765,0.18825598061084747,0.009440189227461815,0.14592701196670532,0.04847990721464157,0.22034452855587006,0.49417147040367126,0.0013114798348397017,1.9845890998840332,0.15695451200008392,,,,,,,,,,,,,,,
,0.0002534389069514225,6919,,,,,,,,,,,,,,,,,,,,,,,,,,,,,,
8,,6919,0.07067294418811798,0.035428937524557114,0.3516593277454376,0.011527550406754017,0.08480072766542435,0.013371910899877548,0.21729744970798492,0.017446570098400116,0.14779862761497498,0.06707274168729782,0.2539852559566498,0.5332916378974915,0.002998927142471075,1.9605728387832642,0.18481886386871338,,,,,,,,,,,,,,,
,0.0002533016194823084,6929,,,,,,,,,,,,,,,,,,,,,,,,,,,,,,
8,,6929,0.10594382137060165,0.024670248851180077,0.3694222867488861,0.010070987977087498,0.08225057274103165,0.02094922959804535,0.2508732080459595,0.015539190731942654,0.16650673747062683,0.0448034293949604,0.2367844432592392,0.572539746761322,0.0046838875859975815,2.035843849182129,0.1807975471019745,,,,,,,,,,,,,,,
,0.0002531641672157478,6939,,,,,,,,,,,,,,,,,,,,,,,,,,,,,,
8,,6939,0.06606261432170868,0.032138943672180176,0.3457123637199402,0.005971958395093679,0.07003868371248245,0.006625237874686718,0.1962362378835678,0.012799565680325031,0.13069097697734833,0.04560726881027222,0.24154414236545563,0.46947377920150757,0.0013245452428236604,2.0121512413024902,0.14684966206550598,,,,,,,,,,,,,,,
,0.0002530265503710189,6949,,,,,,,,,,,,,,,,,,,,,,,,,,,,,,
8,,6949,0.10137663781642914,0.02179669961333275,0.3157736361026764,0.004862587433308363,0.07541819661855698,0.017502442002296448,0.18567876517772675,0.009430564939975739,0.1268952190876007,0.06603213399648666,0.23024484515190125,0.4808185398578644,0.004812979605048895,2.0851612091064453,0.16899600625038147,,,,,,,,,,,,,,,
,0.00025288876916766223,6959,,,,,,,,,,,,,,,,,,,,,,,,,,,,,,
8,,6959,0.06128578633069992,0.0445098951458931,0.3444456160068512,0.00870359968394041,0.06399673968553543,0.019897285848855972,0.2129496932029724,0.008375391364097595,0.08963625878095627,0.05651326850056648,0.19438467919826508,0.4384879469871521,0.008247794583439827,2.088904857635498,0.1506839543581009,,,,,,,,,,,,,,,
,0.00025275082382548075,6969,,,,,,,,,,,,,,,,,,,,,,,,,,,,,,
8,,6969,0.10211717337369919,0.027779683470726013,0.29027894139289856,0.007285557687282562,0.0769813135266304,0.03223448246717453,0.19110292196273804,0.02615969255566597,0.20502619445323944,0.0415494479238987,0.22110874950885773,0.5795741081237793,0.002804963616654277,2.053361415863037,0.1848369985818863,,,,,,,,,,,,,,,
,0.00025261271456453904,6979,,,,,,,,,,,,,,,,,,,,,,,,,,,,,,
8,,6979,0.06948311626911163,0.02521636337041855,0.3286997973918915,0.004908537492156029,0.06956546753644943,0.009488112293183804,0.17290188372135162,0.01474286150187254,0.1404356062412262,0.06986971199512482,0.20768173038959503,0.4794500768184662,0.005480867810547352,2.1024293899536133,0.17688825726509094,,,,,,,,,,,,,,,
,0.0002524744416051634,6989,,,,,,,,,,,,,,,,,,,,,,,,,,,,,,
8,,6989,0.07857493311166763,0.022866789251565933,0.297577828168869,0.0034735691733658314,0.08044573664665222,0.02015204355120659,0.2002774327993393,0.015159111469984055,0.18139921128749847,0.08839591592550278,0.218977153301239,0.5294255614280701,0.004790201783180237,2.047070264816284,0.1652810275554657,,,,,,,,,,,,,,,
,0.00025233600516794114,6999,,,,,,,,,,,,,,,,,,,,,,,,,,,,,,
8,,6999,0.08480923622846603,0.02750936523079872,0.37720969319343567,0.005284659098833799,0.12147579342126846,0.012252169661223888,0.1939363330602646,0.007818968966603279,0.10454706102609634,0.07102293521165848,0.2762405276298523,0.5112594366073608,0.004066105931997299,2.0139687061309814,0.2403022199869156,,,,,,,,,,,,,,,
,0.0002521974054737204,7009,,,,,,,,,,,,,,,,,,,,,,,,,,,,,,
8,,7009,0.08228479325771332,0.05222747102379799,0.3991840183734894,0.00528833968564868,0.06969726085662842,0.011487779207527637,0.257842481136322,0.014347577467560768,0.14678122103214264,0.047935497015714645,0.23536184430122375,0.5388054847717285,0.0029113118071109056,2.0242090225219727,0.15265658497810364,,,,,,,,,,,,,,,
,0.00025205864274360985,7019,,,,,,,,,,,,,,,,,,,,,,,,,,,,,,
8,,7019,0.0939253568649292,0.06812412291765213,0.3989599347114563,0.0095358332619071,0.08726324886083603,0.012266428209841251,0.28838399052619934,0.015158358961343765,0.16534067690372467,0.05298973247408867,0.2450105994939804,0.5989905595779419,0.0023929723538458347,2.017368793487549,0.18555592000484467,,,,,,,,,,,,,,,
,0.0002519197171989781,7029,,,,,,,,,,,,,,,,,,,,,,,,,,,,,,
8,,7029,0.0916862040758133,0.040674369782209396,0.3971233069896698,0.006226032041013241,0.08569987118244171,0.016489436849951744,0.2564026713371277,0.01716344617307186,0.185615673661232,0.06019793078303337,0.25792351365089417,0.5995689034461975,0.0060448613949120045,2.0672926902770996,0.16294758021831512,,,,,,,,,,,,,,,
,0.00025178062906145354,7039,,,,,,,,,,,,,,,,,,,,,,,,,,,,,,
8,,7039,0.059484295547008514,0.03195526823401451,0.36080875992774963,0.0068677435629069805,0.07532696425914764,0.013144266791641712,0.24101904034614563,0.011045543476939201,0.13249745965003967,0.07675611227750778,0.2238297164440155,0.48776620626449585,0.004950677510350943,2.0312516689300537,0.1323331892490387,,,,,,,,,,,,,,,
,0.00025164137855292407,7049,,,,,,,,,,,,,,,,,,,,,,,,,,,,,,
8,,7049,0.11178159713745117,0.03367920592427254,0.3106459379196167,0.0038435955066233873,0.07146341353654861,0.017204273492097855,0.23967881500720978,0.011230602860450745,0.1704379916191101,0.037851933389902115,0.20270073413848877,0.5228827595710754,0.0014272823464125395,2.0307674407958984,0.13593800365924835,,,,,,,,,,,,,,,
,0.0002515019658955364,7059,,,,,,,,,,,,,,,,,,,,,,,,,,,,,,
8,,7059,0.060672540217638016,0.037433475255966187,0.2944678068161011,0.009278891608119011,0.0479748398065567,0.013027030974626541,0.18510177731513977,0.007052156142890453,0.11639871448278427,0.0360400415956974,0.18728330731391907,0.4108801782131195,0.004685437772423029,2.056485891342163,0.1072322279214859,,,,,,,,,,,,,,,
,0.0002513623913116962,7069,,,,,,,,,,,,,,,,,,,,,,,,,,,,,,
8,,7069,0.08313176780939102,0.039038050919771194,0.33040106296539307,0.008753200992941856,0.09073508530855179,0.021388113498687744,0.22548232972621918,0.014294588938355446,0.15959927439689636,0.055570609867572784,0.2295117825269699,0.5412923097610474,0.003435833379626274,2.0178637504577637,0.18307197093963623,,,,,,,,,,,,,,,
,0.0002512226550240672,7079,,,,,,,,,,,,,,,,,,,,,,,,,,,,,,
8,,7079,0.04875512793660164,0.036925677210092545,0.34155574440956116,0.004393310286104679,0.06541965901851654,0.008843825198709965,0.2004605531692505,0.009199265390634537,0.08160743862390518,0.062225181609392166,0.25095123052597046,0.41903528571128845,0.008316302672028542,1.999833106994629,0.1449613869190216,,,,,,,,,,,,,,,
,0.00025108275725557126,7089,,,,,,,,,,,,,,,,,,,,,,,,,,,,,,
8,,7089,0.08279416710138321,0.029479384422302246,0.3167295753955841,0.003244612831622362,0.10311871021986008,0.015467965044081211,0.254127562046051,0.009096119552850723,0.13321231305599213,0.1030077263712883,0.23371508717536926,0.5139260292053223,0.002456763992086053,2.0316567420959473,0.19489601254463196,,,,,,,,,,,,,,,
,0.00025094269822938776,7099,,,,,,,,,,,,,,,,,,,,,,,,,,,,,,
8,,7099,0.06294845044612885,0.03679204359650612,0.31188446283340454,0.008258451707661152,0.07072022557258606,0.014061223715543747,0.21158111095428467,0.009079599753022194,0.12144910544157028,0.08187021315097809,0.22080200910568237,0.4616714119911194,0.006982181686908007,2.0598199367523193,0.14032942056655884,,,,,,,,,,,,,,,
,0.0002508024781689534,7109,,,,,,,,,,,,,,,,,,,,,,,,,,,,,,
8,,7109,0.07221097499132156,0.02414790540933609,0.3218623995780945,0.003003386314958334,0.10013372451066971,0.014654622413218021,0.20832209289073944,0.021718829870224,0.22745324671268463,0.08051278442144394,0.23357339203357697,0.5998637676239014,0.0061434064991772175,2.0604143142700195,0.18662889301776886,,,,,,,,,,,,,,,
,0.0002506620972979617,7119,,,,,,,,,,,,,,,,,,,,,,,,,,,,,,
8,,7119,0.07784267514944077,0.025224344804883003,0.2959124743938446,0.007431733421981335,0.0674448236823082,0.007134228013455868,0.16674686968326569,0.006715013179928064,0.2267003357410431,0.06591318547725677,0.2144431173801422,0.533668041229248,0.0009115056600421667,2.027453660964966,0.13078002631664276,,,,,,,,,,,,,,,
,0.00025052155584036285,7129,,,,,,,,,,,,,,,,,,,,,,,,,,,,,,
8,,7129,0.07415460050106049,0.0682682991027832,0.3953409492969513,0.004267716780304909,0.0907614603638649,0.009039676748216152,0.2649468779563904,0.01019478403031826,0.10794815421104431,0.06594206392765045,0.2112448513507843,0.5078299641609192,0.0016614563064649701,2.0191383361816406,0.18394583463668823,,,,,,,,,,,,,,,
,0.0002503808540203631,7139,,,,,,,,,,,,,,,,,,,,,,,,,,,,,,
8,,7139,0.0729372650384903,0.03085249848663807,0.34176820516586304,0.004003807436674833,0.06516006588935852,0.02447006106376648,0.1933041512966156,0.00988968089222908,0.0757310539484024,0.054242197424173355,0.23569008708000183,0.43238720297813416,0.007564010098576546,1.9552392959594727,0.17244389653205872,,,,,,,,,,,,,,,
,0.00025023999206242453,7149,,,,,,,,,,,,,,,,,,,,,,,,,,,,,,
8,,7149,0.07332876324653625,0.02548685297369957,0.2737116515636444,0.0010833836859092116,0.048991717398166656,0.04305572807788849,0.16480416059494019,0.010026361793279648,0.11262261867523193,0.03882504254579544,0.21434643864631653,0.4158388674259186,0.0002924878499470651,2.016066074371338,0.13057173788547516,,,,,,,,,,,,,,,
,0.0002500989701912648,7159,,,,,,,,,,,,,,,,,,,,,,,,,,,,,,
8,,7159,0.06943920254707336,0.033361680805683136,0.35443684458732605,0.0058685229159891605,0.07589440047740936,0.009923613630235195,0.23404273390769958,0.011701914481818676,0.1478891223669052,0.049250662326812744,0.22599123418331146,0.5149431824684143,0.011672762222588062,2.0417091846466064,0.16127872467041016,,,,,,,,,,,,,,,
,0.0002499577886318566,7169,,,,,,,,,,,,,,,,,,,,,,,,,,,,,,
8,,7169,0.0756663903594017,0.04159677401185036,0.33388495445251465,0.006566714961081743,0.08046092838048935,0.015258155763149261,0.250376433134079,0.013247691094875336,0.168977752327919,0.0951453223824501,0.2446703314781189,0.5623164772987366,0.007597649935632944,2.063174247741699,0.1924833208322525,,,,,,,,,,,,,,,
,0.00024981644760942726,7179,,,,,,,,,,,,,,,,,,,,,,,,,,,,,,
8,,7179,0.08412622660398483,0.041999850422143936,0.38469889760017395,0.008305522613227367,0.09640853852033615,0.02105584181845188,0.2578924000263214,0.010655021294951439,0.20758694410324097,0.06751712411642075,0.24530689418315887,0.6184651851654053,0.010994450189173222,2.0544815063476562,0.16119475662708282,,,,,,,,,,,,,,,
,0.0002496749473494588,7189,,,,,,,,,,,,,,,,,,,,,,,,,,,,,,
8,,7189,0.09796874970197678,0.03608160838484764,0.35610994696617126,0.009228221140801907,0.09143521636724472,0.017115341499447823,0.24400494992733002,0.016105134040117264,0.18476660549640656,0.07482007145881653,0.19409678876399994,0.5714789628982544,0.003977633081376553,2.000800609588623,0.1489708125591278,,,,,,,,,,,,,,,
,0.000249533288077687,7199,,,,,,,,,,,,,,,,,,,,,,,,,,,,,,
8,,7199,0.09080683439970016,0.05544690042734146,0.35618606209754944,0.0022377977147698402,0.08220865577459335,0.01799934357404709,0.22758620977401733,0.01373985968530178,0.15054388344287872,0.03792247548699379,0.22818203270435333,0.5279896259307861,0.0009969681268557906,2.0226526260375977,0.1608663648366928,,,,,,,,,,,,,,,
,0.0002493914700201014,7209,,,,,,,,,,,,,,,,,,,,,,,,,,,,,,
8,,7209,0.07441232353448868,0.0463218055665493,0.28979429602622986,0.008279363624751568,0.08759047091007233,0.01582990027964115,0.21081195771694183,0.01577795296907425,0.11892246454954147,0.060063764452934265,0.20874959230422974,0.481294184923172,0.007845643907785416,2.045459270477295,0.1817350834608078,,,,,,,,,,,,,,,
,0.0002492494934029449,7219,,,,,,,,,,,,,,,,,,,,,,,,,,,,,,
8,,7219,0.06666447967290878,0.030425038188695908,0.2675681412220001,0.0023289420641958714,0.06210990995168686,0.026186473667621613,0.18460561335086823,0.01014946773648262,0.1260351538658142,0.07739188522100449,0.21708407998085022,0.4365657866001129,0.005368229933083057,2.054434299468994,0.12371190637350082,,,,,,,,,,,,,,,
,0.0002491073584527134,7229,,,,,,,,,,,,,,,,,,,,,,,,,,,,,,
8,,7229,0.10199511796236038,0.036191947758197784,0.3650187849998474,0.010952449403703213,0.07781153172254562,0.02096128836274147,0.2699059545993805,0.01984415203332901,0.2547893524169922,0.07316020876169205,0.25650373101234436,0.6831153035163879,0.0030673309229314327,2.057237148284912,0.19932399690151215,,,,,,,,,,,,,,,
,0.0002489650653961551,7239,,,,,,,,,,,,,,,,,,,,,,,,,,,,,,
8,,7239,0.07566603273153305,0.047725554555654526,0.30077850818634033,0.010735603980720043,0.07258313149213791,0.02150629833340645,0.22651828825473785,0.01768641360104084,0.17207354307174683,0.06606947630643845,0.21573936939239502,0.5416632890701294,0.004876189399510622,2.0531601905822754,0.16849294304847717,,,,,,,,,,,,,,,
,0.00024882261446027075,7249,,,,,,,,,,,,,,,,,,,,,,,,,,,,,,
8,,7249,0.07939145714044571,0.03597981855273247,0.3233417868614197,0.0060914964415133,0.08233049511909485,0.01693595200777054,0.22494396567344666,0.00739204091951251,0.19669120013713837,0.06939384341239929,0.21339921653270721,0.555610716342926,0.0014825668185949326,1.9945381879806519,0.18162553012371063,,,,,,,,,,,,,,,
,0.00024868000587231277,7259,,,,,,,,,,,,,,,,,,,,,,,,,,,,,,
8,,7259,0.0444011315703392,0.04763869196176529,0.3369179666042328,0.005255356431007385,0.08164653927087784,0.012726708315312862,0.2032807320356369,0.010731685906648636,0.1195979118347168,0.05864737927913666,0.241627037525177,0.4704778492450714,0.003593177068978548,2.099078416824341,0.18083517253398895,,,,,,,,,,,,,,,
,0.0002485372398597852,7269,,,,,,,,,,,,,,,,,,,,,,,,,,,,,,
8,,7269,0.08009222894906998,0.0342872180044651,0.3636525273323059,0.00628834730014205,0.07074196636676788,0.0074134101159870625,0.19856037199497223,0.016475040465593338,0.11779195070266724,0.07426716387271881,0.24483227729797363,0.47949913144111633,0.002236729022115469,2.0946717262268066,0.14237159490585327,,,,,,,,,,,,,,,
,0.0002483943166504432,7279,,,,,,,,,,,,,,,,,,,,,,,,,,,,,,
8,,7279,0.08354932069778442,0.03184693306684494,0.2879411280155182,0.007998501881957054,0.08320820331573486,0.013376336544752121,0.2056436538696289,0.017087116837501526,0.15503428876399994,0.07202628254890442,0.2286033183336258,0.5167019367218018,0.0009768923046067357,2.0426032543182373,0.19761201739311218,,,,,,,,,,,,,,,
,0.0002482512364722927,7289,,,,,,,,,,,,,,,,,,,,,,,,,,,,,,
8,,7289,0.06192596256732941,0.02092379704117775,0.2343960851430893,0.0037434729747474194,0.06177227199077606,0.015709199011325836,0.14115099608898163,0.01061999797821045,0.130096435546875,0.08471332490444183,0.20360486209392548,0.4080788791179657,0.005282664205878973,2.022921562194824,0.12223871052265167,,,,,,,,,,,,,,,
,0.0002481079995535899,7299,,,,,,,,,,,,,,,,,,,,,,,,,,,,,,
8,,7299,0.06608400493860245,0.022348642349243164,0.2859022319316864,0.007355039473623037,0.04963786154985428,0.011962324380874634,0.17132194340229034,0.011789972893893719,0.08901743590831757,0.0503937304019928,0.1961929053068161,0.3895993232727051,0.00522121787071228,2.048269033432007,0.134815976023674,,,,,,,,,,,,,,,
,0.0002479646061228413,7309,,,,,,,,,,,,,,,,,,,,,,,,,,,,,,
8,,7309,0.07103618234395981,0.04410289600491524,0.35377037525177,0.003725543851032853,0.07330683618783951,0.008549596183001995,0.2406834363937378,0.01019168458878994,0.13766750693321228,0.06427560746669769,0.24085503816604614,0.5050481557846069,0.004161964636296034,1.9873745441436768,0.1647547036409378,,,,,,,,,,,,,,,
,0.000247821056408803,7319,,,,,,,,,,,,,,,,,,,,,,,,,,,,,,
8,,7319,0.08899024873971939,0.05005298927426338,0.3354865610599518,0.005822854582220316,0.09582646191120148,0.013613554649055004,0.2598426043987274,0.022328531369566917,0.18409690260887146,0.06994792819023132,0.22267967462539673,0.5805825591087341,0.002094080438837409,2.077471971511841,0.16775238513946533,,,,,,,,,,,,,,,
,0.00024767735064048016,7329,,,,,,,,,,,,,,,,,,,,,,,,,,,,,,
8,,7329,0.07799455523490906,0.027456291019916534,0.2806764841079712,0.005033574067056179,0.07195986062288284,0.00993844773620367,0.1936245560646057,0.010474310256540775,0.15476493537425995,0.03822724521160126,0.22043918073177338,0.472383052110672,0.004426284693181515,2.029078722000122,0.14104649424552917,,,,,,,,,,,,,,,
,0.00024753348904712726,7339,,,,,,,,,,,,,,,,,,,,,,,,,,,,,,
8,,7339,0.07177456468343735,0.03416896611452103,0.3363817036151886,0.0073813642375171185,0.0895349532365799,0.006981565151363611,0.20896203815937042,0.016802534461021423,0.15193584561347961,0.08129589259624481,0.2274313122034073,0.5260525941848755,0.005121555645018816,2.1076393127441406,0.19515427947044373,,,,,,,,,,,,,,,
,0.0002473894718582472,7349,,,,,,,,,,,,,,,,,,,,,,,,,,,,,,
8,,7349,0.0614212341606617,0.04748966917395592,0.33746811747550964,0.005365695338696241,0.07790841162204742,0.025566931813955307,0.21409662067890167,0.011755982413887978,0.09874516725540161,0.05925509333610535,0.2496953159570694,0.4682697057723999,0.002414035378023982,1.9992096424102783,0.18143275380134583,,,,,,,,,,,,,,,
,0.00024724529930359113,7359,,,,,,,,,,,,,,,,,,,,,,,,,,,,,,
8,,7359,0.07639748603105545,0.028213024139404297,0.267917662858963,0.005470908246934414,0.06667228043079376,0.012382629327476025,0.15661616623401642,0.008762448094785213,0.12348848581314087,0.05693681538105011,0.20938612520694733,0.43112999200820923,0.00629422627389431,2.0565974712371826,0.1494116336107254,,,,,,,,,,,,,,,
,0.0002471009716131581,7369,,,,,,,,,,,,,,,,,,,,,,,,,,,,,,
8,,7369,0.11180272698402405,0.03337937593460083,0.2716466784477234,0.008048317395150661,0.08936925232410431,0.010957352817058563,0.21512043476104736,0.012453706935048103,0.18535830080509186,0.07143698632717133,0.2296234369277954,0.5481157302856445,0.0029080749955028296,2.036543369293213,0.1678629070520401,,,,,,,,,,,,,,,
,0.0002469564890171944,7379,,,,,,,,,,,,,,,,,,,,,,,,,,,,,,
8,,7379,0.08881952613592148,0.019747160375118256,0.28953197598457336,0.0075675020925700665,0.04947979003190994,0.01584625244140625,0.16285116970539093,0.010566078126430511,0.10541481524705887,0.05578497797250748,0.2267993539571762,0.42707622051239014,0.004325676243752241,2.0508995056152344,0.15100142359733582,,,,,,,,,,,,,,,
,0.0002468118517461939,7389,,,,,,,,,,,,,,,,,,,,,,,,,,,,,,
8,,7389,0.07788445055484772,0.022364746779203415,0.2601477801799774,0.002822248497977853,0.06549489498138428,0.008145095780491829,0.17774881422519684,0.010426592081785202,0.14487266540527344,0.049126747995615005,0.2188376635313034,0.44050443172454834,0.0016415482386946678,1.9983261823654175,0.1292962282896042,,,,,,,,,,,,,,,
,0.00024666706003089676,7399,,,,,,,,,,,,,,,,,,,,,,,,,,,,,,
8,,7399,0.0629831925034523,0.03527766466140747,0.3686608672142029,0.005336820613592863,0.08070657402276993,0.010707424953579903,0.2163756787776947,0.01047124806791544,0.10484544932842255,0.07572401314973831,0.23829393088817596,0.4736577868461609,0.0012947885552421212,2.045222520828247,0.18955616652965546,,,,,,,,,,,,,,,
,0.0002465221141022898,7409,,,,,,,,,,,,,,,,,,,,,,,,,,,,,,
8,,7409,0.10196497291326523,0.018188053742051125,0.24437065422534943,0.00505313603207469,0.06825294345617294,0.020748639479279518,0.16235479712486267,0.012058179825544357,0.15314021706581116,0.06460903584957123,0.19569829106330872,0.45873525738716125,0.0007453522412106395,2.0664517879486084,0.13104072213172913,,,,,,,,,,,,,,,
,0.00024637701419160583,7419,,,,,,,,,,,,,,,,,,,,,,,,,,,,,,
8,,7419,0.07929930835962296,0.024866733700037003,0.30126696825027466,0.007040184922516346,0.06889908015727997,0.015264634974300861,0.19135788083076477,0.01005694642663002,0.1202680841088295,0.0764261931180954,0.1691111922264099,0.4384813606739044,0.004373861476778984,2.044727325439453,0.12927715480327606,,,,,,,,,,,,,,,
,0.00024623176053032315,7429,,,,,,,,,,,,,,,,,,,,,,,,,,,,,,
8,,7429,0.1085362508893013,0.039297930896282196,0.31581732630729675,0.006806235760450363,0.08173818141222,0.010729905217885971,0.21489225327968597,0.028086427599191666,0.22913749516010284,0.0650242418050766,0.20963500440120697,0.6153576970100403,0.005880238022655249,2.037564516067505,0.16503861546516418,,,,,,,,,,,,,,,
,0.00024608635335016555,7439,,,,,,,,,,,,,,,,,,,,,,,,,,,,,,
8,,7439,0.07192781567573547,0.03745097294449806,0.3271726071834564,0.006815651431679726,0.06791310757398605,0.020304791629314423,0.23326697945594788,0.011490837670862675,0.10786563903093338,0.07609006017446518,0.2334040254354477,0.47753986716270447,0.00603607390075922,2.0866620540618896,0.17564623057842255,,,,,,,,,,,,,,,
,0.00024594079288310156,7449,,,,,,,,,,,,,,,,,,,,,,,,,,,,,,
8,,7449,0.06703989207744598,0.03302856162190437,0.3179302513599396,0.008337290957570076,0.06071321293711662,0.008373811841011047,0.19017520546913147,0.012970509938895702,0.11000323295593262,0.08058320730924606,0.20448614656925201,0.4429095387458801,0.007066222373396158,2.0662925243377686,0.1417604386806488,,,,,,,,,,,,,,,
,0.00024579507936134436,7459,,,,,,,,,,,,,,,,,,,,,,,,,,,,,,
8,,7459,0.04719407856464386,0.04035452380776405,0.3958806097507477,0.007616845425218344,0.06981877982616425,0.010372105054557323,0.21612535417079926,0.0056969947181642056,0.06553248316049576,0.060975898057222366,0.2437608242034912,0.4404677450656891,0.0027186283841729164,2.0397799015045166,0.2194305658340454,,,,,,,,,,,,,,,
,0.0002456492130173513,7469,,,,,,,,,,,,,,,,,,,,,,,,,,,,,,
8,,7469,0.07496778666973114,0.029726844280958176,0.3098219931125641,0.00450397003442049,0.06597103178501129,0.009327957406640053,0.21626943349838257,0.007075282745063305,0.12832528352737427,0.05946055427193642,0.22710970044136047,0.4565955102443695,0.0025879410095512867,2.0645182132720947,0.14072227478027344,,,,,,,,,,,,,,,
,0.00024550319408382334,7479,,,,,,,,,,,,,,,,,,,,,,,,,,,,,,
8,,7479,0.08270685374736786,0.032002102583646774,0.32182714343070984,0.012264003045856953,0.08120176196098328,0.018376603722572327,0.20579993724822998,0.01289723627269268,0.18689660727977753,0.04604851081967354,0.21989956498146057,0.5525725483894348,0.0017338045872747898,2.0653610229492188,0.18750829994678497,,,,,,,,,,,,,,,
,0.00024535702279370516,7489,,,,,,,,,,,,,,,,,,,,,,,,,,,,,,
8,,7489,0.0862576887011528,0.03931843861937523,0.3204670548439026,0.010993617586791515,0.06856705248355865,0.02809049002826214,0.2114194929599762,0.009322578087449074,0.15043333172798157,0.04962432011961937,0.20445813238620758,0.5162263512611389,0.01508396677672863,2.0224452018737793,0.14339789748191833,,,,,,,,,,,,,,,
,0.0002452106993801843,7499,,,,,,,,,,,,,,,,,,,,,,,,,,,,,,
8,,7499,0.07580186426639557,0.040175098925828934,0.25244206190109253,0.0070986575447022915,0.05560147389769554,0.022293124347925186,0.1921602040529251,0.011002765968441963,0.14955954253673553,0.07117072492837906,0.1980348825454712,0.4544583857059479,0.0034258486703038216,2.0471975803375244,0.10099467635154724,,,,,,,,,,,,,,,
,0.000245064224076691,7509,,,,,,,,,,,,,,,,,,,,,,,,,,,,,,
8,,7509,0.05289303883910179,0.03257362172007561,0.3120475113391876,0.0037883769255131483,0.06867183744907379,0.0090209124609828,0.2039095014333725,0.010370530188083649,0.09929432719945908,0.06288575381040573,0.24061399698257446,0.42471790313720703,0.004232346545904875,2.0240206718444824,0.14576886594295502,,,,,,,,,,,,,,,
,0.0002449175971168979,7519,,,,,,,,,,,,,,,,,,,,,,,,,,,,,,
8,,7519,0.07492688298225403,0.031722959131002426,0.2879980802536011,0.00403061555698514,0.06931901723146439,0.012355063110589981,0.18395358324050903,0.007019007112830877,0.1385539323091507,0.05119253695011139,0.18456393480300903,0.45007285475730896,0.006924552842974663,1.9875571727752686,0.14301785826683044,,,,,,,,,,,,,,,
,0.0002447708187347194,7529,,,,,,,,,,,,,,,,,,,,,,,,,,,,,,
8,,7529,0.07203351706266403,0.04334553703665733,0.35572198033332825,0.006111193913966417,0.0629308894276619,0.010813583619892597,0.2447752207517624,0.012560488656163216,0.15534068644046783,0.04897161200642586,0.19737176597118378,0.5100014209747314,0.005814229603856802,2.0226054191589355,0.1364995390176773,,,,,,,,,,,,,,,
,0.0002446238891643117,7539,,,,,,,,,,,,,,,,,,,,,,,,,,,,,,
8,,7539,0.04994520545005798,0.06839065998792648,0.37509799003601074,0.01338600181043148,0.06323004513978958,0.013614230789244175,0.2789648771286011,0.008745517581701279,0.09042437374591827,0.06994659453630447,0.19607289135456085,0.46918225288391113,0.008336571045219898,2.052762031555176,0.13789691030979156,,,,,,,,,,,,,,,
,0.00024447680864007204,7549,,,,,,,,,,,,,,,,,,,,,,,,,,,,,,
8,,7549,0.07848019897937775,0.03793669864535332,0.33559826016426086,0.0074797747656702995,0.07734739035367966,0.010708020068705082,0.23946046829223633,0.012850876897573471,0.13105595111846924,0.06669126451015472,0.21794353425502777,0.49527284502983093,0.004022809676826,2.0854690074920654,0.15540270507335663,,,,,,,,,,,,,,,
,0.00024432957739663853,7559,,,,,,,,,,,,,,,,,,,,,,,,,,,,,,
8,,7559,0.07899332046508789,0.04183095693588257,0.3981987237930298,0.0076535590924322605,0.08627551048994064,0.01838250644505024,0.26389479637145996,0.007819176651537418,0.20374689996242523,0.05322279408574104,0.22335682809352875,0.6145275235176086,0.01543242298066616,2.0553431510925293,0.1826607584953308,,,,,,,,,,,,,,,
,0.00024418219566888963,7569,,,,,,,,,,,,,,,,,,,,,,,,,,,,,,
8,,7569,0.06737936288118362,0.032678309828042984,0.2586098313331604,0.0053707449696958065,0.06395935267210007,0.022729109972715378,0.18166765570640564,0.016519412398338318,0.13579505681991577,0.060505930334329605,0.20192493498325348,0.4512806236743927,0.002737706061452627,2.083881139755249,0.14760534465312958,,,,,,,,,,,,,,,
,0.000244034663691944,7579,,,,,,,,,,,,,,,,,,,,,,,,,,,,,,
8,,7579,0.052080463618040085,0.01949031464755535,0.21096740663051605,0.0036771674640476704,0.05756589397788048,0.013169647194445133,0.15608616173267365,0.00935229379683733,0.11875198781490326,0.04988088458776474,0.19323115050792694,0.3713609576225281,0.003287592437118292,2.0083563327789307,0.11013048142194748,,,,,,,,,,,,,,,
,0.00024388698170115997,7589,,,,,,,,,,,,,,,,,,,,,,,,,,,,,,
8,,7589,0.10389427840709686,0.029750902205705643,0.2823496162891388,0.0027084657922387123,0.056837547570466995,0.02136809565126896,0.1913573294878006,0.00902385450899601,0.1451817899942398,0.061178792268037796,0.1903030127286911,0.4728262722492218,0.0011594038223847747,1.9718916416168213,0.15410062670707703,,,,,,,,,,,,,,,
,0.00024373914993213507,7599,,,,,,,,,,,,,,,,,,,,,,,,,,,,,,
8,,7599,0.08306138217449188,0.024936633184552193,0.3217166066169739,0.0027901344001293182,0.058255020529031754,0.020383398979902267,0.18048161268234253,0.012352915480732918,0.11527960002422333,0.06306175887584686,0.2413150668144226,0.45157232880592346,0.0011240856256335974,1.9848947525024414,0.14802366495132446,,,,,,,,,,,,,,,
,0.00024359116862070595,7609,,,,,,,,,,,,,,,,,,,,,,,,,,,,,,
8,,7609,0.049984004348516464,0.02896871231496334,0.2933345437049866,0.0027637765742838383,0.04267873242497444,0.00756361149251461,0.18235957622528076,0.01688428781926632,0.11649832874536514,0.05061043053865433,0.20372475683689117,0.41233131289482117,0.0035059312358498573,1.9964841604232788,0.13240405917167664,,,,,,,,,,,,,,,
,0.0002434430380029476,7619,,,,,,,,,,,,,,,,,,,,,,,,,,,,,,
8,,7619,0.06812921166419983,0.05474742501974106,0.30346280336380005,0.004356031306087971,0.055970195680856705,0.020857684314250946,0.22646094858646393,0.0073332395404577255,0.10368043929338455,0.034593284130096436,0.18780580163002014,0.42782333493232727,0.006077021826058626,2.0152041912078857,0.11862461268901825,,,,,,,,,,,,,,,
8,,7622,,,,,,,,,,,,,,,,0.1520606130361557,0.02625129371881485,0.22996492683887482,0.004011543467640877,0.0548117533326149,0.0018709792057052255,0.14310692250728607,0.0198376327753067,0.18069347739219666,0.06682934612035751,0.17780932784080505,0.5048428177833557,0.009110487066209316,1.9719855785369873,0.13222652673721313
,0.0002432947583151735,7629,,,,,,,,,,,,,,,,,,,,,,,,,,,,,,
9,,7629,0.09632795304059982,0.02711200714111328,0.24855339527130127,0.002199518261477351,0.07103897631168365,0.02109977975487709,0.21179267764091492,0.019277134910225868,0.1872415542602539,0.05572209134697914,0.19699400663375854,0.5144336819648743,0.004842975176870823,2.043414354324341,0.1276092231273651,,,,,,,,,,,,,,,
,0.0002431463297939346,7639,,,,,,,,,,,,,,,,,,,,,,,,,,,,,,
9,,7639,0.08090054988861084,0.0370728000998497,0.41741055250167847,0.014055158011615276,0.09928622096776962,0.0260677020996809,0.2497962862253189,0.015588569454848766,0.17473310232162476,0.06546777486801147,0.23719896376132965,0.6051409244537354,0.006238915026187897,2.0698132514953613,0.1881939023733139,,,,,,,,,,,,,,,
,0.0002429977526760196,7649,,,,,,,,,,,,,,,,,,,,,,,,,,,,,,
9,,7649,0.048077527433633804,0.060624051839113235,0.32044848799705505,0.004013581667095423,0.07896072417497635,0.008586786687374115,0.2007591426372528,0.011167548596858978,0.10702506452798843,0.07819510996341705,0.20579023659229279,0.4510246515274048,0.009931952692568302,2.0388150215148926,0.15784302353858948,,,,,,,,,,,,,,,
,0.000242849027198454,7659,,,,,,,,,,,,,,,,,,,,,,,,,,,,,,
9,,7659,0.1283305287361145,0.025435796007514,0.34784430265426636,0.008730880916118622,0.0861601009964943,0.028421103954315186,0.22253631055355072,0.01914820447564125,0.21478332579135895,0.05953169986605644,0.24619731307029724,0.6498039960861206,0.017334148287773132,2.046525478363037,0.20520234107971191,,,,,,,,,,,,,,,
,0.00024270015359850015,7669,,,,,,,,,,,,,,,,,,,,,,,,,,,,,,
9,,7669,0.07461162656545639,0.05387863516807556,0.37884044647216797,0.010350720956921577,0.08353744447231293,0.013568677939474583,0.263274610042572,0.015748534351587296,0.15341611206531525,0.06397215276956558,0.23023946583271027,0.5617693066596985,0.006010153330862522,1.9301109313964844,0.18201127648353577,,,,,,,,,,,,,,,
,0.0002425511321136566,7679,,,,,,,,,,,,,,,,,,,,,,,,,,,,,,
9,,7679,0.11811187863349915,0.03384232521057129,0.3890954852104187,0.009451142512261868,0.09887246787548065,0.02292102947831154,0.26870816946029663,0.022130340337753296,0.23473131656646729,0.08138439804315567,0.2445453405380249,0.7026676535606384,0.019043633714318275,2.034011125564575,0.21172413229942322,,,,,,,,,,,,,,,
,0.00024240196298165787,7689,,,,,,,,,,,,,,,,,,,,,,,,,,,,,,
9,,7689,0.05790424346923828,0.03453304246068001,0.3246545195579529,0.0063683888874948025,0.05290183424949646,0.0075310273095965385,0.20080417394638062,0.006261422298848629,0.0947781354188919,0.0780530646443367,0.20006470382213593,0.4244631230831146,0.007665729615837336,2.0173914432525635,0.1677161604166031,,,,,,,,,,,,,,,
,0.00024225264644047413,7699,,,,,,,,,,,,,,,,,,,,,,,,,,,,,,
9,,7699,0.045109886676073074,0.062418896704912186,0.3977587819099426,0.0032444028183817863,0.0678335502743721,0.020860353484749794,0.2825239598751068,0.01228479202836752,0.06108364835381508,0.06752687692642212,0.2286006063222885,0.44928237795829773,0.0015566383954137564,1.9960453510284424,0.16798008978366852,,,,,,,,,,,,,,,
,0.00024210318272831045,7709,,,,,,,,,,,,,,,,,,,,,,,,,,,,,,
9,,7709,0.06487659364938736,0.03075416013598442,0.3319953978061676,0.01070571132004261,0.07894428074359894,0.005678729619830847,0.24134960770606995,0.015153419226408005,0.16158631443977356,0.04803067445755005,0.22257688641548157,0.5246995687484741,0.004201114643365145,2.0674798488616943,0.18027208745479584,,,,,,,,,,,,,,,
,0.00024195357208360688,7719,,,,,,,,,,,,,,,,,,,,,,,,,,,,,,
9,,7719,0.06706696003675461,0.03224371001124382,0.33891817927360535,0.007266981992870569,0.06945695728063583,0.011301129125058651,0.1977921575307846,0.008353427052497864,0.13089443743228912,0.07010886818170547,0.24686788022518158,0.49477043747901917,0.006941280793398619,2.0487558841705322,0.20285046100616455,,,,,,,,,,,,,,,
,0.00024180381474503784,7729,,,,,,,,,,,,,,,,,,,,,,,,,,,,,,
9,,7729,0.03320841118693352,0.05368466675281525,0.31447461247444153,0.007069578394293785,0.06423647701740265,0.02211967669427395,0.2233361303806305,0.013065313920378685,0.15768620371818542,0.07445082813501358,0.22165147960186005,0.5048720240592957,0.004052247852087021,2.075263500213623,0.1737576425075531,,,,,,,,,,,,,,,
,0.00024165391095151172,7739,,,,,,,,,,,,,,,,,,,,,,,,,,,,,,
9,,7739,0.08183687180280685,0.032092902809381485,0.3111408054828644,0.005043191835284233,0.0664345994591713,0.012232482433319092,0.20544321835041046,0.015813574194908142,0.16111810505390167,0.057612333446741104,0.19952520728111267,0.5055809617042542,0.0037864043843001127,2.0510036945343018,0.16696421802043915,,,,,,,,,,,,,,,
,0.00024150386094217065,7749,,,,,,,,,,,,,,,,,,,,,,,,,,,,,,
9,,7749,0.07825616002082825,0.03125785291194916,0.3724059462547302,0.007504619657993317,0.08151453733444214,0.01091707218438387,0.25156736373901367,0.014773187227547169,0.20159165561199188,0.06741692870855331,0.24348628520965576,0.5910701155662537,0.004462444689124823,2.046738624572754,0.17282135784626007,,,,,,,,,,,,,,,
,0.00024135366495638981,7759,,,,,,,,,,,,,,,,,,,,,,,,,,,,,,
9,,7759,0.09740332514047623,0.025624187663197517,0.28058624267578125,0.0032419380731880665,0.09554722160100937,0.016165966168045998,0.16477733850479126,0.012732546776533127,0.16637879610061646,0.05125108361244202,0.21021150052547455,0.5119938254356384,0.006230294704437256,2.009775161743164,0.19129647314548492,,,,,,,,,,,,,,,
,0.00024120332323377755,7769,,,,,,,,,,,,,,,,,,,,,,,,,,,,,,
9,,7769,0.06865176558494568,0.07898653298616409,0.34722205996513367,0.005778703838586807,0.0673827975988388,0.021919872611761093,0.24218732118606567,0.010447142645716667,0.10969463735818863,0.03986316919326782,0.19041313230991364,0.47795385122299194,0.002728814259171486,2.0347137451171875,0.15600961446762085,,,,,,,,,,,,,,,
,0.00024105283601417448,7779,,,,,,,,,,,,,,,,,,,,,,,,,,,,,,
9,,7779,0.06227419525384903,0.018471525982022285,0.2642936110496521,0.006885641720145941,0.06410311907529831,0.012233472429215908,0.17274941504001617,0.010553358122706413,0.13703881204128265,0.04546383023262024,0.21454991400241852,0.4387301802635193,0.004943814128637314,2.0836143493652344,0.15478430688381195,,,,,,,,,,,,,,,
,0.00024090220353765348,7789,,,,,,,,,,,,,,,,,,,,,,,,,,,,,,
9,,7789,0.09629584103822708,0.03127793222665787,0.36728885769844055,0.010746197775006294,0.10023855417966843,0.019433408975601196,0.2160278707742691,0.018794666975736618,0.2296132594347,0.06724526733160019,0.24400398135185242,0.6385840773582458,0.004136026371270418,2.097984552383423,0.18925757706165314,,,,,,,,,,,,,,,
,0.00024075142604451899,7799,,,,,,,,,,,,,,,,,,,,,,,,,,,,,,
9,,7799,0.09615924209356308,0.026943976059556007,0.39832547307014465,0.01314935740083456,0.08514803647994995,0.010200921446084976,0.24158601462841034,0.012659048661589622,0.15880578756332397,0.0524514801800251,0.254071980714798,0.5767658948898315,0.006766961887478828,2.0310373306274414,0.2052125632762909,,,,,,,,,,,,,,,
,0.0002406005037753069,7809,,,,,,,,,,,,,,,,,,,,,,,,,,,,,,
9,,7809,0.09352722018957138,0.029065927490592003,0.32945477962493896,0.012533304281532764,0.06875483691692352,0.012642680667340755,0.2146429866552353,0.011749720200896263,0.1973172426223755,0.051780715584754944,0.19875657558441162,0.5534636974334717,0.0037444336339831352,2.068420171737671,0.15401121973991394,,,,,,,,,,,,,,,
,0.0002404494369707841,7819,,,,,,,,,,,,,,,,,,,,,,,,,,,,,,
9,,7819,0.08758580684661865,0.023371342569589615,0.3250950872898102,0.004115379881113768,0.09593462198972702,0.02789674885571003,0.21238067746162415,0.016728954389691353,0.15680542588233948,0.06574956327676773,0.2549440562725067,0.5429906249046326,0.0032624974846839905,2.0701990127563477,0.19843332469463348,,,,,,,,,,,,,,,
,0.00024029822587194803,7829,,,,,,,,,,,,,,,,,,,,,,,,,,,,,,
9,,7829,0.050939202308654785,0.03341427817940712,0.3827231228351593,0.006576279178261757,0.0688127800822258,0.006953635718673468,0.2266341596841812,0.013471949845552444,0.11341158300638199,0.04137638583779335,0.2253783643245697,0.46558767557144165,0.0030183109920471907,2.0452494621276855,0.15612199902534485,,,,,,,,,,,,,,,
,0.00024014687072002622,7839,,,,,,,,,,,,,,,,,,,,,,,,,,,,,,
9,,7839,0.07371179014444351,0.03596050664782524,0.3812251091003418,0.008185566402971745,0.07682808488607407,0.014253774657845497,0.24142423272132874,0.016097111627459526,0.16196870803833008,0.05094537138938904,0.2209067940711975,0.5369800925254822,0.004210662096738815,1.9799524545669556,0.14132441580295563,,,,,,,,,,,,,,,
,0.00023999537175647617,7849,,,,,,,,,,,,,,,,,,,,,,,,,,,,,,
9,,7849,0.08172175288200378,0.02663927897810936,0.3078407943248749,0.0033339031506329775,0.07225900888442993,0.015096872113645077,0.22306182980537415,0.016950469464063644,0.1698022186756134,0.059647418558597565,0.23853114247322083,0.522845983505249,0.00193252123426646,2.079789400100708,0.1630869358778,,,,,,,,,,,,,,,
,0.00023984372922298462,7859,,,,,,,,,,,,,,,,,,,,,,,,,,,,,,
9,,7859,0.08213160187005997,0.023971328511834145,0.22007015347480774,0.008492662571370602,0.07141390442848206,0.007958699949085712,0.16081300377845764,0.010520143434405327,0.18382258713245392,0.054370153695344925,0.22884897887706757,0.4814658463001251,0.005321043077856302,2.054241418838501,0.1355752795934677,,,,,,,,,,,,,,,
,0.00023969194336146758,7869,,,,,,,,,,,,,,,,,,,,,,,,,,,,,,
9,,7869,0.0665362998843193,0.02573160082101822,0.3337405025959015,0.004288684111088514,0.07410432398319244,0.031526364386081696,0.2408047914505005,0.014170199632644653,0.1080842986702919,0.0810059979557991,0.2494169920682907,0.47990962862968445,0.0038673856761306524,2.0450689792633057,0.1643044650554657,,,,,,,,,,,,,,,
,0.00023954001441406944,7879,,,,,,,,,,,,,,,,,,,,,,,,,,,,,,
9,,7879,0.06593392044305801,0.06558440625667572,0.3141075670719147,0.00788415502756834,0.07018447667360306,0.01041523739695549,0.21989642083644867,0.009535536170005798,0.10251335054636002,0.05941103398799896,0.22290313243865967,0.4659169912338257,0.011008167639374733,2.0402512550354004,0.1677420437335968,,,,,,,,,,,,,,,
,0.00023938794262316318,7889,,,,,,,,,,,,,,,,,,,,,,,,,,,,,,
9,,7889,0.14467602968215942,0.028569934889674187,0.34036311507225037,0.003313767723739147,0.1014692634344101,0.012231486849486828,0.2173253893852234,0.013674737885594368,0.2679682672023773,0.05960250273346901,0.21898281574249268,0.669735848903656,0.004894287791103125,2.006579637527466,0.18486157059669495,,,,,,,,,,,,,,,
,0.0002392357282313493,7899,,,,,,,,,,,,,,,,,,,,,,,,,,,,,,
9,,7899,0.0712292268872261,0.02422178164124489,0.29421737790107727,0.005922294687479734,0.05458512157201767,0.010911918245255947,0.19433733820915222,0.011433396488428116,0.14971064031124115,0.04387333616614342,0.17637509107589722,0.45659586787223816,0.0042712814174592495,2.050043821334839,0.14049048721790314,,,,,,,,,,,,,,,
,0.00023908337148145604,7909,,,,,,,,,,,,,,,,,,,,,,,,,,,,,,
9,,7909,0.07627946138381958,0.04734380915760994,0.2488023340702057,0.006138255354017019,0.06253999471664429,0.0213484987616539,0.19649216532707214,0.015892304480075836,0.1847853660583496,0.0705132707953453,0.21184620261192322,0.512650728225708,0.0015267846174538136,2.0470666885375977,0.1473718136548996,,,,,,,,,,,,,,,
,0.00023893087261653872,7919,,,,,,,,,,,,,,,,,,,,,,,,,,,,,,
9,,7919,0.08622262626886368,0.03174424543976784,0.29607853293418884,0.008656350895762444,0.09087121486663818,0.027251943945884705,0.22108833491802216,0.01419087965041399,0.16006037592887878,0.06361889094114304,0.2233113795518875,0.5318847894668579,0.0027403878048062325,2.0738987922668457,0.18594399094581604,,,,,,,,,,,,,,,
,0.00023877823187987927,7929,,,,,,,,,,,,,,,,,,,,,,,,,,,,,,
9,,7929,0.059189509600400925,0.052794795483350754,0.30041369795799255,0.004399120341986418,0.06492456048727036,0.009448884986341,0.18321530520915985,0.016728555783629417,0.10738431662321091,0.051116712391376495,0.21649478375911713,0.4331876337528229,0.003594400826841593,2.0634026527404785,0.1417285054922104,,,,,,,,,,,,,,,
,0.00023862544951498604,7939,,,,,,,,,,,,,,,,,,,,,,,,,,,,,,
9,,7939,0.07877695560455322,0.032470859587192535,0.304718017578125,0.005072695203125477,0.06683266907930374,0.02201656438410282,0.17637741565704346,0.010921231471002102,0.14773467183113098,0.08207431435585022,0.22734153270721436,0.48540064692497253,0.006273449864238501,2.032167434692383,0.14005374908447266,,,,,,,,,,,,,,,
,0.00023847252576559324,7949,,,,,,,,,,,,,,,,,,,,,,,,,,,,,,
9,,7949,0.10591679066419601,0.03375311568379402,0.28324565291404724,0.005215363577008247,0.08793511241674423,0.012748967856168747,0.20690293610095978,0.028040803968906403,0.3123951554298401,0.048217955976724625,0.2216041386127472,0.6764199733734131,0.00396675756201148,2.0363264083862305,0.1457703709602356,,,,,,,,,,,,,,,
,0.00023831946087566073,7959,,,,,,,,,,,,,,,,,,,,,,,,,,,,,,
9,,7959,0.07791393250226974,0.02118632011115551,0.2741762399673462,0.005092397332191467,0.06435602903366089,0.012683921493589878,0.14583554863929749,0.011635067872703075,0.12278338521718979,0.048875339329242706,0.20721790194511414,0.4332619905471802,0.008429148234426975,2.0904862880706787,0.15990954637527466,,,,,,,,,,,,,,,
,0.00023816625508937345,7969,,,,,,,,,,,,,,,,,,,,,,,,,,,,,,
9,,7969,0.07302263379096985,0.03471484035253525,0.2881735563278198,0.007488347589969635,0.0885811448097229,0.007718158885836601,0.16641061007976532,0.01266838051378727,0.13769078254699707,0.07231836020946503,0.21350878477096558,0.4666332006454468,0.0023966378066688776,2.0417704582214355,0.1612774133682251,,,,,,,,,,,,,,,
,0.00023801290865114118,7979,,,,,,,,,,,,,,,,,,,,,,,,,,,,,,
9,,7979,0.055853668600320816,0.028597038239240646,0.3187136948108673,0.006524798460304737,0.06973990052938461,0.006837452296167612,0.17823293805122375,0.005552907940000296,0.07249998301267624,0.0544336661696434,0.23710128664970398,0.4153748154640198,0.01922301948070526,1.9607906341552734,0.18532362580299377,,,,,,,,,,,,,,,
,0.000237859421805598,7989,,,,,,,,,,,,,,,,,,,,,,,,,,,,,,
9,,7989,0.101673424243927,0.01845306158065796,0.24316111207008362,0.005342394113540649,0.0804004892706871,0.017119282856583595,0.16002953052520752,0.01639166846871376,0.20469853281974792,0.04495136812329292,0.19555117189884186,0.5228530764579773,0.002764684846624732,2.0439770221710205,0.15989819169044495,,,,,,,,,,,,,,,
,0.00023770579479760208,7999,,,,,,,,,,,,,,,,,,,,,,,,,,,,,,
9,,7999,0.05003698915243149,0.029827669262886047,0.34171178936958313,0.0035131198819726706,0.08111832290887833,0.021768545731902122,0.192648783326149,0.011466655880212784,0.17973041534423828,0.07487884163856506,0.25492292642593384,0.5324223041534424,0.0015834721270948648,2.1045398712158203,0.18374358117580414,,,,,,,,,,,,,,,
,0.00023755202787223507,8009,,,,,,,,,,,,,,,,,,,,,,,,,,,,,,
9,,8009,0.12328968197107315,0.02089330181479454,0.26583731174468994,0.008375353179872036,0.07220201194286346,0.016483565792441368,0.19251786172389984,0.013647327199578285,0.18234510719776154,0.08755584061145782,0.1781095266342163,0.5284858345985413,0.003123005386441946,2.0653326511383057,0.1602155864238739,,,,,,,,,,,,,,,
,0.00023739812127480196,8019,,,,,,,,,,,,,,,,,,,,,,,,,,,,,,
9,,8019,0.09633250534534454,0.056775011122226715,0.3816536068916321,0.00361893093213439,0.11339323967695236,0.018463294953107834,0.26935404539108276,0.017991110682487488,0.2616449296474457,0.056570060551166534,0.26062700152397156,0.7081941366195679,0.002219140762463212,2.035311222076416,0.23939427733421326,,,,,,,,,,,,,,,
,0.00023724407525083053,8029,,,,,,,,,,,,,,,,,,,,,,,,,,,,,,
9,,8029,0.0594448484480381,0.021434331312775612,0.3247092068195343,0.004122237674891949,0.06834731996059418,0.012285248376429081,0.1675967276096344,0.005411573685705662,0.08062976598739624,0.03134831041097641,0.23531930148601532,0.4037574827671051,0.0027226456440985203,2.053922176361084,0.19422537088394165,,,,,,,,,,,,,,,
,0.00023708989004607084,8039,,,,,,,,,,,,,,,,,,,,,,,,,,,,,,
9,,8039,0.07762123644351959,0.0193029697984457,0.2928699553012848,0.001954159000888467,0.06218655779957771,0.026444029062986374,0.16172485053539276,0.012891222722828388,0.15169262886047363,0.03176364675164223,0.22038044035434723,0.4556019902229309,0.0013342666206881404,2.041233539581299,0.11765457689762115,,,,,,,,,,,,,,,
,0.00023693556590649522,8049,,,,,,,,,,,,,,,,,,,,,,,,,,,,,,
9,,8049,0.0920892059803009,0.030897019430994987,0.3662894368171692,0.012637805193662643,0.0751044973731041,0.021151619032025337,0.2225373089313507,0.009541808627545834,0.1599753350019455,0.06059611216187477,0.2559470534324646,0.56001216173172,0.005832723807543516,2.047529697418213,0.1948973387479782,,,,,,,,,,,,,,,
,0.00023678110307829745,8059,,,,,,,,,,,,,,,,,,,,,,,,,,,,,,
9,,8059,0.04134344309568405,0.08453761786222458,0.37692686915397644,0.005391998216509819,0.07570445537567139,0.009550483897328377,0.2587720453739166,0.0073163751512765884,0.06687717884778976,0.039273764938116074,0.20766369998455048,0.4370885193347931,0.003973218146711588,1.9775822162628174,0.16715572774410248,,,,,,,,,,,,,,,
,0.00023662650180789272,8069,,,,,,,,,,,,,,,,,,,,,,,,,,,,,,
9,,8069,0.059086356312036514,0.030823776498436928,0.38755643367767334,0.009860345162451267,0.04892934858798981,0.02436583861708641,0.20058830082416534,0.005820329301059246,0.07457879930734634,0.053821880370378494,0.22347910702228546,0.42490896582603455,0.00668809749186039,2.0725619792938232,0.14163455367088318,,,,,,,,,,,,,,,
,0.00023647176234191692,8079,,,,,,,,,,,,,,,,,,,,,,,,,,,,,,
9,,8079,0.08260972052812576,0.023295393213629723,0.295346200466156,0.0027681582141667604,0.07185517251491547,0.009349879808723927,0.1848050206899643,0.012710599228739738,0.11003685742616653,0.06654135137796402,0.20951256155967712,0.44135889410972595,0.001998798456043005,2.0503716468811035,0.17964622378349304,,,,,,,,,,,,,,,
,0.00023631688492722647,8089,,,,,,,,,,,,,,,,,,,,,,,,,,,,,,
9,,8089,0.06835848093032837,0.04009537026286125,0.396058589220047,0.004357181489467621,0.07748959958553314,0.009835595265030861,0.21806198358535767,0.012549955397844315,0.08814451843500137,0.056550826877355576,0.22250930964946747,0.46303120255470276,0.0028334585949778557,2.0630249977111816,0.18106971681118011,,,,,,,,,,,,,,,
,0.00023616186981089793,8099,,,,,,,,,,,,,,,,,,,,,,,,,,,,,,
9,,8099,0.07642104476690292,0.039061374962329865,0.30400407314300537,0.0036799609661102295,0.07781941443681717,0.014682509005069733,0.22822429239749908,0.016634009778499603,0.28041088581085205,0.08008973300457001,0.25786644220352173,0.6542216539382935,0.003779201302677393,2.046975612640381,0.19080829620361328,,,,,,,,,,,,,,,
,0.00023600671724022747,8109,,,,,,,,,,,,,,,,,,,,,,,,,,,,,,
9,,8109,0.08608534187078476,0.06823376566171646,0.36113905906677246,0.0032511793542653322,0.10528932511806488,0.020026467740535736,0.24511243402957916,0.012340592220425606,0.1441279947757721,0.07330289483070374,0.24169889092445374,0.558198094367981,0.0023247958160936832,2.0458638668060303,0.2017560452222824,,,,,,,,,,,,,,,
,0.00023585142746273052,8119,,,,,,,,,,,,,,,,,,,,,,,,,,,,,,
9,,8119,0.06665592640638351,0.06401753425598145,0.28766509890556335,0.0032469001598656178,0.0716991275548935,0.01838456466794014,0.2684797942638397,0.018417779356241226,0.24654991924762726,0.05052455514669418,0.2033132165670395,0.5977319478988647,0.00016297146794386208,2.046489715576172,0.13880515098571777,,,,,,,,,,,,,,,
,0.0002356960007261414,8129,,,,,,,,,,,,,,,,,,,,,,,,,,,,,,
9,,8129,0.0791577398777008,0.023937875404953957,0.3021993339061737,0.0043184030801057816,0.060421545058488846,0.006704827770590782,0.1582232266664505,0.013762952759861946,0.1240260973572731,0.06733749061822891,0.2178339958190918,0.4497334957122803,0.005149542354047298,1.9939980506896973,0.16993871331214905,,,,,,,,,,,,,,,
,0.00023554043727841295,8139,,,,,,,,,,,,,,,,,,,,,,,,,,,,,,
9,,8139,0.041545845568180084,0.06189533323049545,0.33899956941604614,0.009319392964243889,0.05096466839313507,0.009213220328092575,0.2274421751499176,0.005139822140336037,0.05667740851640701,0.06533293426036835,0.2109302282333374,0.40052855014801025,0.006880168337374926,2.0228662490844727,0.16362173855304718,,,,,,,,,,,,,,,
,0.00023538473736771617,8149,,,,,,,,,,,,,,,,,,,,,,,,,,,,,,
9,,8149,0.05292946845293045,0.03223291039466858,0.2907601296901703,0.006660833954811096,0.06119026243686676,0.008469268679618835,0.19199179112911224,0.0055106207728385925,0.060608427971601486,0.07852587848901749,0.19992747902870178,0.361127108335495,0.0039762696251273155,2.057603597640991,0.12830159068107605,,,,,,,,,,,,,,,
,0.00023522890124243962,8159,,,,,,,,,,,,,,,,,,,,,,,,,,,,,,
9,,8159,0.09450843185186386,0.02149963565170765,0.284259170293808,0.004999516531825066,0.0650612935423851,0.014052847400307655,0.1634124219417572,0.014972180128097534,0.1210927665233612,0.060354169458150864,0.19330362975597382,0.4455845057964325,0.006220667622983456,2.1111254692077637,0.15102946758270264,,,,,,,,,,,,,,,
,0.00023507292915118927,8169,,,,,,,,,,,,,,,,,,,,,,,,,,,,,,
9,,8169,0.04789251834154129,0.032047148793935776,0.27832886576652527,0.006438401062041521,0.04823273420333862,0.008526118472218513,0.15666966140270233,0.007902851328253746,0.09706743061542511,0.047878652811050415,0.2064555585384369,0.39053642749786377,0.014199026860296726,1.9593108892440796,0.13567784428596497,,,,,,,,,,,,,,,
,0.00023491682134278792,8179,,,,,,,,,,,,,,,,,,,,,,,,,,,,,,
9,,8179,0.07444752752780914,0.029391340911388397,0.28897354006767273,0.0026016661431640387,0.08264565467834473,0.010959998704493046,0.18288041651248932,0.008666166104376316,0.1321398913860321,0.076726034283638,0.22220030426979065,0.4588998556137085,0.003217841498553753,1.9878122806549072,0.16263823211193085,,,,,,,,,,,,,,,
,0.00023476057806627495,8189,,,,,,,,,,,,,,,,,,,,,,,,,,,,,,
9,,8189,0.0813763290643692,0.0307207852602005,0.3558691740036011,0.005967908073216677,0.09287656843662262,0.01933518424630165,0.2448691576719284,0.019097985699772835,0.20344194769859314,0.0721510648727417,0.2199501246213913,0.598210334777832,0.010701794177293777,1.9888827800750732,0.16782240569591522,,,,,,,,,,,,,,,
,0.00023460419957090577,8199,,,,,,,,,,,,,,,,,,,,,,,,,,,,,,
9,,8199,0.1095026507973671,0.04005555808544159,0.3041686415672302,0.006832160521298647,0.0706818550825119,0.0232707429677248,0.19049564003944397,0.022526074200868607,0.18039605021476746,0.0710119754076004,0.23494884371757507,0.559663712978363,0.00482805073261261,2.0894994735717773,0.1616199016571045,,,,,,,,,,,,,,,
,0.00023444768610615167,8209,,,,,,,,,,,,,,,,,,,,,,,,,,,,,,
9,,8209,0.03360312804579735,0.03340901806950569,0.34747639298439026,0.003742200555279851,0.07693195343017578,0.008977399207651615,0.18339784443378448,0.008428648114204407,0.09880195558071136,0.04809132218360901,0.24167244136333466,0.42852577567100525,0.004304666072130203,2.0322558879852295,0.17906953394412994,,,,,,,,,,,,,,,
,0.0002342910379216991,8219,,,,,,,,,,,,,,,,,,,,,,,,,,,,,,
9,,8219,0.09969775378704071,0.04396071285009384,0.30738765001296997,0.009291119873523712,0.08274519443511963,0.021182401105761528,0.2166558802127838,0.013676145114004612,0.17943596839904785,0.05963397026062012,0.23277027904987335,0.5608172416687012,0.003192321630194783,2.0235066413879395,0.18210531771183014,,,,,,,,,,,,,,,
,0.00023413425526744937,8229,,,,,,,,,,,,,,,,,,,,,,,,,,,,,,
9,,8229,0.06948533654212952,0.06438660621643066,0.3661035895347595,0.002988790860399604,0.10739690810441971,0.012922069057822227,0.28100305795669556,0.01691117323935032,0.13731159269809723,0.060210127383470535,0.23053640127182007,0.5534915924072266,0.0017918453086167574,2.0054163932800293,0.21820013225078583,,,,,,,,,,,,,,,
,0.00023397733839351851,8239,,,,,,,,,,,,,,,,,,,,,,,,,,,,,,
9,,8239,0.09061330556869507,0.05478130653500557,0.360322505235672,0.010114996694028378,0.09390754997730255,0.004465398378670216,0.27157706022262573,0.01568743959069252,0.21329155564308167,0.058675579726696014,0.22329643368721008,0.6199796795845032,0.004155097063630819,1.9815398454666138,0.18116740882396698,,,,,,,,,,,,,,,
,0.00023382028755023664,8249,,,,,,,,,,,,,,,,,,,,,,,,,,,,,,
9,,8249,0.06617877632379532,0.02867673709988594,0.2890339493751526,0.003934259992092848,0.05567590892314911,0.012480477802455425,0.19505755603313446,0.010947546921670437,0.10017025470733643,0.051959164440631866,0.21822954714298248,0.40748441219329834,0.0017521235859021544,1.9794427156448364,0.1301550418138504,,,,,,,,,,,,,,,
,0.0002336631029881474,8259,,,,,,,,,,,,,,,,,,,,,,,,,,,,,,
9,,8259,0.0853109061717987,0.019551565870642662,0.2408178597688675,0.005397246219217777,0.052383940666913986,0.02155652642250061,0.13788512349128723,0.016466662287712097,0.1121981218457222,0.05130146071314812,0.1753382682800293,0.3919459879398346,0.0026865769177675247,2.083259344100952,0.10455845296382904,,,,,,,,,,,,,,,
,0.00023350578495800794,8269,,,,,,,,,,,,,,,,,,,,,,,,,,,,,,
9,,8269,0.06741850078105927,0.02458871901035309,0.2706170082092285,0.003469420364126563,0.05029493197798729,0.016603974625468254,0.1520705670118332,0.010285867378115654,0.1125141978263855,0.039099618792533875,0.1947978436946869,0.39329734444618225,0.0014634295366704464,2.082193374633789,0.12372242659330368,,,,,,,,,,,,,,,
,0.0002333483337107883,8279,,,,,,,,,,,,,,,,,,,,,,,,,,,,,,
9,,8279,0.0731695145368576,0.0494668148458004,0.3717268109321594,0.00995719712227583,0.0598764643073082,0.012417611666023731,0.22788134217262268,0.004483824595808983,0.08439750969409943,0.057604335248470306,0.20242753624916077,0.4378708004951477,0.006004606373608112,1.950411319732666,0.12621232867240906,,,,,,,,,,,,,,,
,0.00023319074949767105,8289,,,,,,,,,,,,,,,,,,,,,,,,,,,,,,
9,,8289,0.09107977896928787,0.034660693258047104,0.2708628177642822,0.002097559627145529,0.07490652799606323,0.017988214269280434,0.19625426828861237,0.011511260643601418,0.18672117590904236,0.09578200429677963,0.21580757200717926,0.5181559920310974,0.0015897153643891215,2.145435333251953,0.13753370940685272,,,,,,,,,,,,,,,
,0.00023303303257005077,8299,,,,,,,,,,,,,,,,,,,,,,,,,,,,,,
9,,8299,0.06232084333896637,0.031686197966337204,0.3710736036300659,0.0031188023276627064,0.06322178244590759,0.015921207144856453,0.21617579460144043,0.01404813677072525,0.1331740766763687,0.04885457828640938,0.22550199925899506,0.485285222530365,0.001720656524412334,2.0386641025543213,0.15942655503749847,,,,,,,,,,,,,,,
,0.00023287518317953394,8309,,,,,,,,,,,,,,,,,,,,,,,,,,,,,,
9,,8309,0.08688675612211227,0.03633112832903862,0.30096641182899475,0.0036245016381144524,0.06699971854686737,0.022447049617767334,0.2157725989818573,0.01490773819386959,0.20489048957824707,0.0451907217502594,0.20656928420066833,0.5543662905693054,0.0020979605615139008,2.0522289276123047,0.16856937110424042,,,,,,,,,,,,,,,
,0.0002327172015779382,8319,,,,,,,,,,,,,,,,,,,,,,,,,,,,,,
9,,8319,0.08145641535520554,0.023343084380030632,0.24562564492225647,0.007561749313026667,0.05703936889767647,0.01123216561973095,0.16410589218139648,0.008875652216374874,0.14144974946975708,0.04817226901650429,0.21100066602230072,0.43430617451667786,0.00391845079138875,2.0790789127349854,0.1280636042356491,,,,,,,,,,,,,,,
,0.00023255908801729215,8329,,,,,,,,,,,,,,,,,,,,,,,,,,,,,,
9,,8329,0.058729350566864014,0.029340878129005432,0.31638920307159424,0.005446723662316799,0.06037159264087677,0.010190961882472038,0.18035919964313507,0.008970607072114944,0.12435363233089447,0.05026884377002716,0.17928242683410645,0.42450252175331116,0.0012511347886174917,2.022631883621216,0.1326255202293396,,,,,,,,,,,,,,,
,0.000232400842749835,8339,,,,,,,,,,,,,,,,,,,,,,,,,,,,,,
9,,8339,0.05808781832456589,0.025817018002271652,0.26487571001052856,0.0048965951427817345,0.055136267095804214,0.015392279252409935,0.17312057316303253,0.010235834866762161,0.09841307997703552,0.057983800768852234,0.19656901061534882,0.39162638783454895,0.0029619657434523106,2.0448157787323,0.14504578709602356,,,,,,,,,,,,,,,
,0.00023224246602801592,8349,,,,,,,,,,,,,,,,,,,,,,,,,,,,,,
9,,8349,0.05045389384031296,0.05246135964989662,0.37133684754371643,0.007926082238554955,0.07650847733020782,0.012267306447029114,0.23051826655864716,0.006663050502538681,0.12339681386947632,0.0381445437669754,0.2435554414987564,0.4919480085372925,0.0006596144521608949,2.0440077781677246,0.19455593824386597,,,,,,,,,,,,,,,
,0.00023208395810449392,8359,,,,,,,,,,,,,,,,,,,,,,,,,,,,,,
9,,8359,0.05089642480015755,0.046182241290807724,0.3651842772960663,0.0049437773413956165,0.08013267815113068,0.013991943560540676,0.22933019697666168,0.007371510844677687,0.08363775163888931,0.05526528134942055,0.24523809552192688,0.45356544852256775,0.007305083330720663,2.0215089321136475,0.18377269804477692,,,,,,,,,,,,,,,
,0.00023192531923213724,8369,,,,,,,,,,,,,,,,,,,,,,,,,,,,,,
9,,8369,0.07511789351701736,0.02609155885875225,0.3130229115486145,0.0048658642917871475,0.0646245926618576,0.006972618866711855,0.16735504567623138,0.011309522204101086,0.1253221184015274,0.04910974204540253,0.2049640268087387,0.44417059421539307,0.004754988476634026,2.0663163661956787,0.1539173722267151,,,,,,,,,,,,,,,
,0.00023176654966402304,8379,,,,,,,,,,,,,,,,,,,,,,,,,,,,,,
9,,8379,0.06461800634860992,0.0286638792604208,0.2614881992340088,0.0052981022745370865,0.077154241502285,0.012416901998221874,0.2006930112838745,0.01634136773645878,0.17608022689819336,0.07358778268098831,0.20361773669719696,0.49124017357826233,0.002894216449931264,2.0509862899780273,0.13657744228839874,,,,,,,,,,,,,,,
,0.00023160764965343702,8389,,,,,,,,,,,,,,,,,,,,,,,,,,,,,,
9,,8389,0.08006782829761505,0.03174670413136482,0.30114275217056274,0.003123743459582329,0.07726766169071198,0.022060200572013855,0.2457956224679947,0.01266290619969368,0.16763605177402496,0.03262179717421532,0.20802147686481476,0.5095990300178528,0.002473182277753949,2.05509614944458,0.1411142349243164,,,,,,,,,,,,,,,
,0.00023144861945387286,8399,,,,,,,,,,,,,,,,,,,,,,,,,,,,,,
9,,8399,0.07796625792980194,0.036234050989151,0.34041035175323486,0.014525359496474266,0.07159936428070068,0.012901932932436466,0.24098743498325348,0.015148820355534554,0.14095927774906158,0.04425011947751045,0.236318901181221,0.5111105442047119,0.0036857076920568943,2.0181169509887695,0.1423085629940033,,,,,,,,,,,,,,,
,0.00023128945931903216,8409,,,,,,,,,,,,,,,,,,,,,,,,,,,,,,
9,,8409,0.061975378543138504,0.024385159835219383,0.264753520488739,0.004439293406903744,0.0656479224562645,0.017714988440275192,0.1511067897081375,0.009367112070322037,0.09299956262111664,0.05273585394024849,0.1903340369462967,0.38361939787864685,0.0006940682069398463,2.0202009677886963,0.156427264213562,,,,,,,,,,,,,,,
,0.00023113016950282347,8419,,,,,,,,,,,,,,,,,,,,,,,,,,,,,,
9,,8419,0.06841254234313965,0.027015579864382744,0.33216941356658936,0.0027416551019996405,0.06015748903155327,0.010174081660807133,0.1867271065711975,0.011633386835455894,0.10960245132446289,0.08278973400592804,0.2121635228395462,0.435673326253891,0.0009018214768730104,2.0247983932495117,0.14823776483535767,,,,,,,,,,,,,,,
,0.00023097075025936255,8429,,,,,,,,,,,,,,,,,,,,,,,,,,,,,,
9,,8429,0.0672033354640007,0.032341118901968,0.3579293191432953,0.004525965079665184,0.07614836096763611,0.015265654772520065,0.19138698279857635,0.019558902829885483,0.11050987988710403,0.04718465358018875,0.24473662674427032,0.46641457080841064,0.0013223306741565466,1.9909896850585938,0.15346300601959229,,,,,,,,,,,,,,,
,0.0002308112018429714,8439,,,,,,,,,,,,,,,,,,,,,,,,,,,,,,
9,,8439,0.07185881584882736,0.020395459607243538,0.27814429998397827,0.0035171369090676308,0.06408006697893143,0.01209894847124815,0.15482383966445923,0.011777233332395554,0.11995543539524078,0.05028804391622543,0.19267816841602325,0.4165603518486023,0.006187526509165764,2.028745174407959,0.13579268753528595,,,,,,,,,,,,,,,
,0.00023065152450817833,8449,,,,,,,,,,,,,,,,,,,,,,,,,,,,,,
9,,8449,0.06491248309612274,0.024856897071003914,0.28500059247016907,0.005219621118158102,0.07324528694152832,0.015419051051139832,0.1794377714395523,0.012378382496535778,0.15772610902786255,0.07477106899023056,0.2066127508878708,0.48153483867645264,0.0039062220603227615,2.0516061782836914,0.1699560582637787,,,,,,,,,,,,,,,
,0.00023049171850971701,8459,,,,,,,,,,,,,,,,,,,,,,,,,,,,,,
9,,8459,0.056705307215452194,0.020349744707345963,0.25456467270851135,0.00740132387727499,0.055442001670598984,0.005271436180919409,0.15843787789344788,0.01989535242319107,0.15641267597675323,0.08434154093265533,0.19203627109527588,0.4423114061355591,0.002175485249608755,2.0268056392669678,0.12133490294218063,,,,,,,,,,,,,,,
,0.00023033178410252657,8469,,,,,,,,,,,,,,,,,,,,,,,,,,,,,,
9,,8469,0.05442483350634575,0.04762588441371918,0.4397227466106415,0.004797584842890501,0.070488341152668,0.003309778869152069,0.2926182448863983,0.01255260594189167,0.07000052183866501,0.07142924517393112,0.2879684567451477,0.4939368963241577,0.0034206686541438103,2.11002779006958,0.21415433287620544,,,,,,,,,,,,,,,
9,,8469,,,,,,,,,,,,,,,,0.1456609070301056,0.03315705433487892,0.24743038415908813,0.00630912184715271,0.054417919367551804,0.0017433894099667668,0.14264048635959625,0.023434055969119072,0.17533737421035767,0.06393063068389893,0.17775629460811615,0.5089157223701477,0.00807985570281744,1.9770690202713013,0.13385263085365295
,0.00023017172154175095,8479,,,,,,,,,,,,,,,,,,,,,,,,,,,,,,
10,,8479,0.052137020975351334,0.032101888209581375,0.28525564074516296,0.0041620321571826935,0.05684603750705719,0.00825012568384409,0.18767164647579193,0.010241011157631874,0.1019827201962471,0.09005586057901382,0.20468218624591827,0.4054744839668274,0.004383974242955446,2.1079933643341064,0.135064959526062,,,,,,,,,,,,,,,
,0.00023001153108273862,8489,,,,,,,,,,,,,,,,,,,,,,,,,,,,,,
10,,8489,0.06780846416950226,0.02722115069627762,0.21961525082588196,0.002225952222943306,0.07260332256555557,0.013529605232179165,0.18650656938552856,0.008080783300101757,0.2694937586784363,0.06157224252820015,0.17738457024097443,0.5477912425994873,0.0019986547995358706,2.1242990493774414,0.13019946217536926,,,,,,,,,,,,,,,
,0.00022985121298104187,8499,,,,,,,,,,,,,,,,,,,,,,,,,,,,,,
10,,8499,0.05359417200088501,0.029129857197403908,0.3410590887069702,0.005139613524079323,0.05496557801961899,0.022418318316340446,0.1913565695285797,0.012959047220647335,0.12037401646375656,0.06048089265823364,0.21848028898239136,0.45186352729797363,0.008734717965126038,2.041729211807251,0.1277715563774109,,,,,,,,,,,,,,,
,0.0002296907674924168,8509,,,,,,,,,,,,,,,,,,,,,,,,,,,,,,
10,,8509,0.06371046602725983,0.014841776341199875,0.25850847363471985,0.004135494120419025,0.06525591760873795,0.01695287972688675,0.15669825673103333,0.011852707713842392,0.13248519599437714,0.04672326147556305,0.2113977074623108,0.42557647824287415,0.0020815799944102764,1.9883365631103516,0.15474672615528107,,,,,,,,,,,,,,,
,0.00022953019487282266,8519,,,,,,,,,,,,,,,,,,,,,,,,,,,,,,
10,,8519,0.05403319373726845,0.028590422123670578,0.23987732827663422,0.002653316827490926,0.0662471354007721,0.009876946918666363,0.13474731147289276,0.009375614114105701,0.10416610538959503,0.03717169910669327,0.18637385964393616,0.36724451184272766,0.0018278525676578283,2.0277938842773438,0.13589340448379517,,,,,,,,,,,,,,,
,0.00022936949537842157,8529,,,,,,,,,,,,,,,,,,,,,,,,,,,,,,
10,,8529,0.11991191655397415,0.030525537207722664,0.3733610510826111,0.006016669794917107,0.0817691832780838,0.01840902492403984,0.31995657086372375,0.016244614496827126,0.24064260721206665,0.05981525033712387,0.25138533115386963,0.6776843667030334,0.003005967242643237,2.048865795135498,0.19571553170681,,,,,,,,,,,,,,,
,0.000229208669265578,8539,,,,,,,,,,,,,,,,,,,,,,,,,,,,,,
10,,8539,0.05542202293872833,0.04556035250425339,0.3097790777683258,0.0032000611536204815,0.07005926966667175,0.012573974207043648,0.23014385998249054,0.01621837168931961,0.1690474897623062,0.041759032756090164,0.1996152251958847,0.5034897327423096,0.001937256078235805,2.022139072418213,0.1556435525417328,,,,,,,,,,,,,,,
,0.00022904771679085838,8549,,,,,,,,,,,,,,,,,,,,,,,,,,,,,,
10,,8549,0.047726478427648544,0.027656162157654762,0.37211909890174866,0.008169973269104958,0.10475783795118332,0.01154196634888649,0.2010287642478943,0.009317940101027489,0.10481606423854828,0.07316716015338898,0.24143186211585999,0.4850967824459076,0.01233556866645813,2.040100574493408,0.2080557495355606,,,,,,,,,,,,,,,
,0.00022888663821103085,8559,,,,,,,,,,,,,,,,,,,,,,,,,,,,,,
10,,8559,0.0726860836148262,0.01962750405073166,0.24386398494243622,0.0011979072587564588,0.04190686345100403,0.01692497730255127,0.12716051936149597,0.010444769635796547,0.10711689293384552,0.03698621317744255,0.19131192564964294,0.36378854513168335,0.0005126132164150476,2.0011589527130127,0.10874488949775696,,,,,,,,,,,,,,,
,0.0002287254337830646,8569,,,,,,,,,,,,,,,,,,,,,,,,,,,,,,
10,,8569,0.07907159626483917,0.04839480295777321,0.3583218455314636,0.005982221569865942,0.06199623644351959,0.013190409168601036,0.22348737716674805,0.01394200511276722,0.18384584784507751,0.06119672581553459,0.24007943272590637,0.558223307132721,0.0021097352728247643,2.032186985015869,0.16930578649044037,,,,,,,,,,,,,,,
,0.00022856410376412964,8579,,,,,,,,,,,,,,,,,,,,,,,,,,,,,,
10,,8579,0.08862043917179108,0.021187206730246544,0.2597057521343231,0.0013912441208958626,0.07406213134527206,0.012948384508490562,0.18128934502601624,0.008583415299654007,0.21105262637138367,0.0648910403251648,0.21628619730472565,0.5316437482833862,0.0038018510676920414,2.0844826698303223,0.17604942619800568,,,,,,,,,,,,,,,
,0.00022840264841159636,8589,,,,,,,,,,,,,,,,,,,,,,,,,,,,,,
10,,8589,0.050696682184934616,0.043776679784059525,0.37957191467285156,0.0011738658649846911,0.054429665207862854,0.012774080969393253,0.2069709450006485,0.009089737199246883,0.07653594762086868,0.03144611790776253,0.19066493213176727,0.4049701988697052,0.006422347854822874,1.9788110256195068,0.13476881384849548,,,,,,,,,,,,,,,
,0.00022824106798303504,8599,,,,,,,,,,,,,,,,,,,,,,,,,,,,,,
10,,8599,0.07010138779878616,0.03173549845814705,0.3345605432987213,0.009052284061908722,0.06931699067354202,0.007737238425761461,0.19474034011363983,0.01853514090180397,0.16970108449459076,0.043075453490018845,0.22781506180763245,0.5182848572731018,0.004670285619795322,1.970109462738037,0.15435241162776947,,,,,,,,,,,,,,,
,0.00022807936273621548,8609,,,,,,,,,,,,,,,,,,,,,,,,,,,,,,
10,,8609,0.07380931079387665,0.029387902468442917,0.24245645105838776,0.005479912739247084,0.06135052442550659,0.012754314579069614,0.18307597935199738,0.012029087170958519,0.11910863220691681,0.05289536342024803,0.221298947930336,0.4178803563117981,0.002210651058703661,2.058229684829712,0.1265915036201477,,,,,,,,,,,,,,,
,0.00022791753292910672,8619,,,,,,,,,,,,,,,,,,,,,,,,,,,,,,
10,,8619,0.043896742165088654,0.027905678376555443,0.31233683228492737,0.004684623330831528,0.06331221014261246,0.015385330654680729,0.1549970805644989,0.007591637317091227,0.06995359808206558,0.04455246403813362,0.20575886964797974,0.3628535568714142,0.008228168822824955,2.00580096244812,0.1182641088962555,,,,,,,,,,,,,,,
,0.00022775557881987642,8629,,,,,,,,,,,,,,,,,,,,,,,,,,,,,,
10,,8629,0.06187785416841507,0.03729798272252083,0.37521690130233765,0.005641201976686716,0.07139382511377335,0.008658991195261478,0.23104886710643768,0.01034132856875658,0.11750610917806625,0.05774170532822609,0.22041141986846924,0.4906187653541565,0.012422292493283749,1.9937350749969482,0.17866966128349304,,,,,,,,,,,,,,,
,0.00022759350066689052,8639,,,,,,,,,,,,,,,,,,,,,,,,,,,,,,
10,,8639,0.08228740841150284,0.02602892927825451,0.2968144118785858,0.0032453082967549562,0.09000373631715775,0.013455224223434925,0.23490406572818756,0.01572556234896183,0.18285101652145386,0.0387098528444767,0.2317545861005783,0.546858012676239,0.005201259162276983,2.0201029777526855,0.19707778096199036,,,,,,,,,,,,,,,
,0.0002274312987287129,8649,,,,,,,,,,,,,,,,,,,,,,,,,,,,,,
10,,8649,0.05620230734348297,0.07418595254421234,0.36002230644226074,0.00520161259919405,0.07614785432815552,0.019435737282037735,0.25292059779167175,0.006732158362865448,0.10325371474027634,0.04546532779932022,0.2517856955528259,0.48179876804351807,0.0028953892178833485,2.0079762935638428,0.16257244348526,,,,,,,,,,,,,,,
,0.00022726897326410492,8659,,,,,,,,,,,,,,,,,,,,,,,,,,,,,,
10,,8659,0.07238757610321045,0.050123535096645355,0.3270091712474823,0.0032096535433083773,0.07306262850761414,0.015284870751202106,0.2504168152809143,0.014285676181316376,0.17001470923423767,0.039780646562576294,0.22009751200675964,0.531933605670929,0.0037148534320294857,2.050017833709717,0.1595461368560791,,,,,,,,,,,,,,,
,0.00022710652453202494,8669,,,,,,,,,,,,,,,,,,,,,,,,,,,,,,
10,,8669,0.06979333609342575,0.021465396508574486,0.24749910831451416,0.002749880775809288,0.05567525327205658,0.010400455445051193,0.1558702141046524,0.009737786836922169,0.12391002476215363,0.0380970798432827,0.20092472434043884,0.39956894516944885,0.003920610062777996,2.063601493835449,0.12510649859905243,,,,,,,,,,,,,,,
,0.00022694395279162805,8679,,,,,,,,,,,,,,,,,,,,,,,,,,,,,,
10,,8679,0.05079451948404312,0.032798685133457184,0.35684144496917725,0.0023402210790663958,0.06777548789978027,0.006445525214076042,0.1773623377084732,0.0057035330682992935,0.05469541624188423,0.043378911912441254,0.22234852612018585,0.38477686047554016,0.0026231042575091124,2.036240816116333,0.19453881680965424,,,,,,,,,,,,,,,
,0.0002267812583022655,8689,,,,,,,,,,,,,,,,,,,,,,,,,,,,,,
10,,8689,0.05439884588122368,0.019974656403064728,0.2777857184410095,0.0055901650339365005,0.05043262243270874,0.012229783460497856,0.16869202256202698,0.011659923940896988,0.10215722769498825,0.06764592975378036,0.18291275203227997,0.38409173488616943,0.003735779784619808,1.9968864917755127,0.11599370092153549,,,,,,,,,,,,,,,
,0.00022661844132348442,8699,,,,,,,,,,,,,,,,,,,,,,,,,,,,,,
10,,8699,0.05115344002842903,0.04133002460002899,0.2539583444595337,0.007233490701764822,0.041390109807252884,0.007981685921549797,0.16047222912311554,0.004720552824437618,0.05668802559375763,0.04644163325428963,0.1791459023952484,0.32343190908432007,0.0031151974108070135,2.0334157943725586,0.12042184174060822,,,,,,,,,,,,,,,
,0.00022645550211502726,8709,,,,,,,,,,,,,,,,,,,,,,,,,,,,,,
10,,8709,0.06827587634325027,0.01727871410548687,0.2570725083351135,0.0039370013400912285,0.04423104599118233,0.0066924928687512875,0.1354445517063141,0.006724243983626366,0.08907666057348251,0.05793755128979683,0.2027912586927414,0.36117103695869446,0.005301093682646751,2.0611155033111572,0.134822815656662,,,,,,,,,,,,,,,
,0.00022629244093683165,8719,,,,,,,,,,,,,,,,,,,,,,,,,,,,,,
10,,8719,0.09927356988191605,0.02222565747797489,0.3806990087032318,0.011161618866026402,0.07874098420143127,0.00529441749677062,0.2490728199481964,0.012555547058582306,0.16181278228759766,0.0467381589114666,0.24620400369167328,0.5603189468383789,0.011480297893285751,2.0115184783935547,0.16573235392570496,,,,,,,,,,,,,,,
,0.0002261292580490296,8729,,,,,,,,,,,,,,,,,,,,,,,,,,,,,,
10,,8729,0.02791435457766056,0.02655160240828991,0.2884426414966583,0.004475674591958523,0.05162275955080986,0.0071363975293934345,0.17822548747062683,0.005453732330352068,0.07952196151018143,0.07869168370962143,0.195841982960701,0.3530842661857605,0.0025655387435108423,2.0127577781677246,0.12651456892490387,,,,,,,,,,,,,,,
,0.0002259659537119474,8739,,,,,,,,,,,,,,,,,,,,,,,,,,,,,,
10,,8739,0.0715106651186943,0.013872099108994007,0.2123766392469406,0.0017308479873463511,0.03584430739283562,0.012134595774114132,0.13131096959114075,0.011404762044548988,0.0982608050107956,0.04938836768269539,0.16719207167625427,0.3376111388206482,0.0013946958351880312,2.098947525024414,0.10366691648960114,,,,,,,,,,,,,,,
,0.00022580252818610495,8749,,,,,,,,,,,,,,,,,,,,,,,,,,,,,,
10,,8749,0.04629768058657646,0.05160417780280113,0.3295425772666931,0.0051034847274422646,0.04957948997616768,0.007817151956260204,0.2163635492324829,0.005143004935234785,0.07324638962745667,0.05199612304568291,0.1886134296655655,0.3913556933403015,0.011533509008586407,2.0457420349121094,0.12586529552936554,,,,,,,,,,,,,,,
,0.00022563898173221566,8759,,,,,,,,,,,,,,,,,,,,,,,,,,,,,,
10,,8759,0.08010087162256241,0.016932716593146324,0.22792549431324005,0.0015232227742671967,0.05222649872303009,0.007742112502455711,0.14217422902584076,0.006073956843465567,0.09892357885837555,0.0564853809773922,0.18751747906208038,0.35665255784988403,0.0031533590517938137,2.0219578742980957,0.11109903454780579,,,,,,,,,,,,,,,
,0.00022547531461118576,8769,,,,,,,,,,,,,,,,,,,,,,,,,,,,,,
10,,8769,0.08549714833498001,0.01696673221886158,0.20007909834384918,0.0023212300147861242,0.056508712470531464,0.013194619677960873,0.15482348203659058,0.01415908895432949,0.1484972983598709,0.06018947437405586,0.1961069256067276,0.42220282554626465,0.002949911169707775,2.0982744693756104,0.12345368415117264,,,,,,,,,,,,,,,
,0.00022531152708411405,8779,,,,,,,,,,,,,,,,,,,,,,,,,,,,,,
10,,8779,0.09797456115484238,0.043595392256975174,0.26979416608810425,0.008621315471827984,0.06939803063869476,0.02814490720629692,0.1982276737689972,0.009207876399159431,0.14963427186012268,0.08331698924303055,0.18665854632854462,0.49134883284568787,0.00033493738737888634,2.1199939250946045,0.1512620747089386,,,,,,,,,,,,,,,
,0.00022514761941229127,8789,,,,,,,,,,,,,,,,,,,,,,,,,,,,,,
10,,8789,0.0597018301486969,0.027062710374593735,0.31134575605392456,0.005821599159389734,0.0571148619055748,0.0104800034314394,0.2064250409603119,0.011289943009614944,0.10227619111537933,0.04479365795850754,0.19662442803382874,0.41400736570358276,0.001801361097022891,2.046895980834961,0.1385655701160431,,,,,,,,,,,,,,,
,0.0002249835918572,8799,,,,,,,,,,,,,,,,,,,,,,,,,,,,,,
10,,8799,0.030565019696950912,0.073947012424469,0.3574763238430023,0.003424799768254161,0.0643836110830307,0.005305953789502382,0.2627440392971039,0.008142567239701748,0.08997335284948349,0.02989293821156025,0.23246167600154877,0.4396911561489105,0.006151162087917328,1.9727929830551147,0.1482795923948288,,,,,,,,,,,,,,,
,0.00022481944468051395,8809,,,,,,,,,,,,,,,,,,,,,,,,,,,,,,
10,,8809,0.07283897697925568,0.030877865850925446,0.4000154137611389,0.0026590425986796618,0.11254269629716873,0.006996020209044218,0.2570502460002899,0.01302916556596756,0.18091492354869843,0.04545876383781433,0.21112336218357086,0.584522545337677,0.00658599566668272,2.032356023788452,0.22539491951465607,,,,,,,,,,,,,,,
,0.00022465517814409765,8819,,,,,,,,,,,,,,,,,,,,,,,,,,,,,,
10,,8819,0.07125828415155411,0.029898447915911674,0.2625519335269928,0.005022956989705563,0.0580473355948925,0.017457909882068634,0.18071670830249786,0.005703642964363098,0.08866764605045319,0.0999273881316185,0.21554915606975555,0.40359875559806824,0.004650747403502464,1.996838927268982,0.1556026190519333,,,,,,,,,,,,,,,
,0.00022449079251000626,8829,,,,,,,,,,,,,,,,,,,,,,,,,,,,,,
10,,8829,0.07841406762599945,0.04189450666308403,0.31164225935935974,0.007329876534640789,0.08183334767818451,0.014139870181679726,0.23498201370239258,0.010369472205638885,0.3063209652900696,0.07305572926998138,0.21641822159290314,0.6747627258300781,0.0057853348553180695,2.0620672702789307,0.18327903747558594,,,,,,,,,,,,,,,
,0.00022432628804048462,8839,,,,,,,,,,,,,,,,,,,,,,,,,,,,,,
10,,8839,0.08036340773105621,0.029851652681827545,0.3556723892688751,0.007544849067926407,0.06831055879592896,0.010574797168374062,0.22758637368679047,0.011150294914841652,0.13689954578876495,0.06744880974292755,0.20322701334953308,0.5069208741188049,0.005725095048546791,1.9910517930984497,0.18917548656463623,,,,,,,,,,,,,,,
,0.00022416166499796737,8849,,,,,,,,,,,,,,,,,,,,,,,,,,,,,,
10,,8849,0.05993688106536865,0.059018123894929886,0.2777678072452545,0.0015975490678101778,0.06737524271011353,0.020050641149282455,0.21357199549674988,0.013586889952421188,0.10721388459205627,0.04609674960374832,0.20341534912586212,0.43266820907592773,0.002994552254676819,2.0243067741394043,0.14169855415821075,,,,,,,,,,,,,,,
,0.00022399692364507824,8859,,,,,,,,,,,,,,,,,,,,,,,,,,,,,,
10,,8859,0.054107245057821274,0.06614303588867188,0.3176897466182709,0.0042915353551507,0.05483919382095337,0.010300063528120518,0.23352153599262238,0.0066386060789227486,0.09751914441585541,0.06027292460203171,0.20492663979530334,0.426608145236969,0.005460190121084452,2.0254452228546143,0.12204797565937042,,,,,,,,,,,,,,,
,0.0002238320642446297,8869,,,,,,,,,,,,,,,,,,,,,,,,,,,,,,
10,,8869,0.07939211279153824,0.026741862297058105,0.3402344286441803,0.0026788709219545126,0.07482101768255234,0.009923665784299374,0.19526396691799164,0.010006031021475792,0.10547006875276566,0.07596748322248459,0.20449581742286682,0.4485948085784912,0.001981183420866728,2.0807406902313232,0.17072723805904388,,,,,,,,,,,,,,,
,0.00022366708705962254,8879,,,,,,,,,,,,,,,,,,,,,,,,,,,,,,
10,,8879,0.060695089399814606,0.02686898596584797,0.32967409491539,0.00909341685473919,0.05762728303670883,0.011594697833061218,0.22185245156288147,0.009949866682291031,0.12895046174526215,0.0563679039478302,0.21398478746414185,0.4681483805179596,0.008113901130855083,2.0118508338928223,0.15041306614875793,,,,,,,,,,,,,,,
,0.00022350199235324548,8889,,,,,,,,,,,,,,,,,,,,,,,,,,,,,,
10,,8889,0.04014575481414795,0.048227615654468536,0.34646156430244446,0.0035685645416378975,0.0488666333258152,0.007005458232015371,0.2047610729932785,0.004341457039117813,0.08892103284597397,0.04193747788667679,0.19474734365940094,0.3902747333049774,0.0024919877760112286,2.028519868850708,0.11833188682794571,,,,,,,,,,,,,,,
,0.00022333678038887465,8899,,,,,,,,,,,,,,,,,,,,,,,,,,,,,,
10,,8899,0.0559878796339035,0.017810089513659477,0.29207709431648254,0.00217451062053442,0.0580180361866951,0.021657340228557587,0.16959981620311737,0.006996638141572475,0.0602697990834713,0.04149458184838295,0.18486948311328888,0.34173130989074707,0.0015054612886160612,1.9690227508544922,0.12370841205120087,,,,,,,,,,,,,,,
,0.00022317145143007334,8909,,,,,,,,,,,,,,,,,,,,,,,,,,,,,,
10,,8909,0.0717657282948494,0.019449744373559952,0.28153008222579956,0.007573823910206556,0.06448358297348022,0.009870486333966255,0.1553197056055069,0.009175775572657585,0.12941621243953705,0.0609070248901844,0.20659637451171875,0.4339563846588135,0.005701191257685423,2.088826894760132,0.1454208642244339,,,,,,,,,,,,,,,
,0.00022300600574059147,8919,,,,,,,,,,,,,,,,,,,,,,,,,,,,,,
10,,8919,0.04227454587817192,0.019252577796578407,0.24067941308021545,0.006645264569669962,0.044883035123348236,0.020462648943066597,0.1285066306591034,0.007215373683720827,0.08003874868154526,0.057467520236968994,0.2030140906572342,0.339044451713562,0.0006995571311563253,2.060870885848999,0.13533899188041687,,,,,,,,,,,,,,,
,0.00022284044358436507,8929,,,,,,,,,,,,,,,,,,,,,,,,,,,,,,
10,,8929,0.08126150071620941,0.0234844870865345,0.2588777542114258,0.0023836717009544373,0.06940091401338577,0.019179632887244225,0.1782246232032776,0.014211848378181458,0.14467814564704895,0.0623406283557415,0.19143907725811005,0.45821237564086914,0.003237980417907238,2.028233528137207,0.15625905990600586,,,,,,,,,,,,,,,
,0.00022267476522551605,8939,,,,,,,,,,,,,,,,,,,,,,,,,,,,,,
10,,8939,0.09305940568447113,0.028802186250686646,0.27119892835617065,0.0057014841586351395,0.08380001783370972,0.08063933998346329,0.1834653615951538,0.013869757764041424,0.20180268585681915,0.07332271337509155,0.2052048295736313,0.5682066679000854,0.004315509926527739,2.062725067138672,0.1464385688304901,,,,,,,,,,,,,,,
,0.00022250897092835172,8949,,,,,,,,,,,,,,,,,,,,,,,,,,,,,,
10,,8949,0.040709055960178375,0.025896595790982246,0.2945338189601898,0.0073716831393539906,0.0615374930202961,0.005000981502234936,0.20090481638908386,0.006821426097303629,0.13026581704616547,0.05937216430902481,0.21475301682949066,0.418666809797287,0.0015194413717836142,2.053340196609497,0.11215859651565552,,,,,,,,,,,,,,,
,0.00022234306095736436,8959,,,,,,,,,,,,,,,,,,,,,,,,,,,,,,
10,,8959,0.05587005242705345,0.028827324509620667,0.3451886475086212,0.0035612343344837427,0.07811027765274048,0.03267189860343933,0.2032269388437271,0.01380949653685093,0.16921241581439972,0.03281049802899361,0.24550911784172058,0.5331108570098877,0.004328457172960043,2.0306050777435303,0.19494345784187317,,,,,,,,,,,,,,,
,0.0002221770355772307,8969,,,,,,,,,,,,,,,,,,,,,,,,,,,,,,
10,,8969,0.0510687492787838,0.04101227968931198,0.3308497369289398,0.006910162512212992,0.09576699137687683,0.022958381101489067,0.21966135501861572,0.011823665350675583,0.09755221754312515,0.0735219269990921,0.2294427454471588,0.46736353635787964,0.002773325890302658,2.0326037406921387,0.1995227336883545,,,,,,,,,,,,,,,
,0.00022201089505281162,8979,,,,,,,,,,,,,,,,,,,,,,,,,,,,,,
10,,8979,0.03492673859000206,0.0317997932434082,0.3838215470314026,0.004114559851586819,0.043828561902046204,0.00861363299190998,0.2241346538066864,0.0042314124293625355,0.06709308922290802,0.036798834800720215,0.22097748517990112,0.3848685622215271,0.00675736041739583,2.0428926944732666,0.12109813839197159,,,,,,,,,,,,,,,
,0.0002218446396491517,8989,,,,,,,,,,,,,,,,,,,,,,,,,,,,,,
10,,8989,0.06733090430498123,0.024659378454089165,0.30614811182022095,0.0036961231380701065,0.07125486433506012,0.010723204351961613,0.21237029135227203,0.017125528305768967,0.18951138854026794,0.07290005683898926,0.190022274851799,0.5200527310371399,0.0014884494012221694,1.9917484521865845,0.15883401036262512,,,,,,,,,,,,,,,
,0.00022167826963147882,8999,,,,,,,,,,,,,,,,,,,,,,,,,,,,,,
10,,8999,0.08060482889413834,0.018913602456450462,0.2877959609031677,0.005266984459012747,0.055527571588754654,0.020030543208122253,0.16012386977672577,0.006278077140450478,0.10272399336099625,0.06231284886598587,0.18612535297870636,0.4036003053188324,0.003031505038961768,2.03938364982605,0.13864317536354065,,,,,,,,,,,,,,,
,0.00022151178526520364,9009,,,,,,,,,,,,,,,,,,,,,,,,,,,,,,
10,,9009,0.10257742553949356,0.028675626963377,0.2674775719642639,0.0024796549696475267,0.07119618356227875,0.03222918510437012,0.18763431906700134,0.016735082492232323,0.20031705498695374,0.0598318949341774,0.21224293112754822,0.5478858947753906,0.005787714850157499,2.0586254596710205,0.1577286720275879,,,,,,,,,,,,,,,
,0.00022134518681591928,9019,,,,,,,,,,,,,,,,,,,,,,,,,,,,,,
10,,9019,0.058609724044799805,0.022684279829263687,0.31147465109825134,0.004280760884284973,0.06298501789569855,0.01241385843604803,0.19073128700256348,0.010427411645650864,0.10527992248535156,0.04671464487910271,0.2071116417646408,0.4122125804424286,0.0019729274790734053,1.9955374002456665,0.13455013930797577,,,,,,,,,,,,,,,
,0.00022117847454940082,9029,,,,,,,,,,,,,,,,,,,,,,,,,,,,,,
10,,9029,0.0467098243534565,0.026604002341628075,0.3168795704841614,0.00363801303319633,0.05328020453453064,0.0065901498310267925,0.15045669674873352,0.005639584735035896,0.05784475803375244,0.048135630786418915,0.2190413773059845,0.3476829528808594,0.004219856113195419,2.0368356704711914,0.14007467031478882,,,,,,,,,,,,,,,
,0.000221011648731605,9039,,,,,,,,,,,,,,,,,,,,,,,,,,,,,,
10,,9039,0.060451485216617584,0.026995863765478134,0.31633612513542175,0.0077517530880868435,0.07299323379993439,0.009625136852264404,0.17169366776943207,0.00828692875802517,0.10166831314563751,0.0495423823595047,0.23372739553451538,0.43210434913635254,0.008771085180342197,2.035221815109253,0.16513396799564362,,,,,,,,,,,,,,,
,0.0002208447096286696,9049,,,,,,,,,,,,,,,,,,,,,,,,,,,,,,
10,,9049,0.08783014118671417,0.017797572538256645,0.2705073058605194,0.007489815354347229,0.05253788083791733,0.017093103379011154,0.1429544985294342,0.010722985491156578,0.11996304988861084,0.046709589660167694,0.19228844344615936,0.4217906594276428,0.0031644045375287533,2.049302101135254,0.15126773715019226,,,,,,,,,,,,,,,
,0.0002206776575069132,9059,,,,,,,,,,,,,,,,,,,,,,,,,,,,,,
10,,9059,0.07889773696660995,0.02299487218260765,0.3142487108707428,0.0029312963597476482,0.06909897923469543,0.010834703221917152,0.20502182841300964,0.012500779703259468,0.12176167219877243,0.05132318288087845,0.22381797432899475,0.4639832377433777,0.0008466198341920972,2.0850369930267334,0.18870607018470764,,,,,,,,,,,,,,,
,0.0002205104926328346,9069,,,,,,,,,,,,,,,,,,,,,,,,,,,,,,
10,,9069,0.030667712911963463,0.02434333972632885,0.33938702940940857,0.0015909274807199836,0.05226948484778404,0.009727670811116695,0.15934543311595917,0.006081616505980492,0.067836232483387,0.019168728962540627,0.2087119072675705,0.3568311035633087,0.005075473338365555,2.0375349521636963,0.1565810590982437,,,,,,,,,,,,,,,
,0.00022034321527311258,9079,,,,,,,,,,,,,,,,,,,,,,,,,,,,,,
10,,9079,0.07246077805757523,0.03312148153781891,0.30495715141296387,0.004377657547593117,0.07242768257856369,0.015395739115774632,0.18820388615131378,0.00836893543601036,0.07316379249095917,0.042983029037714005,0.21152213215827942,0.3940347731113434,0.004055732861161232,2.0108137130737305,0.13831613957881927,,,,,,,,,,,,,,,
,0.00022017582569460533,9089,,,,,,,,,,,,,,,,,,,,,,,,,,,,,,
10,,9089,0.08949175477027893,0.07162648439407349,0.336880624294281,0.006362095940858126,0.06776848435401917,0.011979219503700733,0.2761997580528259,0.013177871704101562,0.17022675275802612,0.06024280935525894,0.19415414333343506,0.5517292022705078,0.004590112715959549,2.010481834411621,0.1435423642396927,,,,,,,,,,,,,,,
,0.00022000832416435,9099,,,,,,,,,,,,,,,,,,,,,,,,,,,,,,
10,,9099,0.04167436063289642,0.053340036422014236,0.31759077310562134,0.003915386274456978,0.04852955788373947,0.008614730089902878,0.22472724318504333,0.0057771592400968075,0.053454115986824036,0.06163794919848442,0.18904797732830048,0.3679928481578827,0.0054421634413301945,2.0215904712677,0.14092233777046204,,,,,,,,,,,,,,,
,0.00021984071094956247,9109,,,,,,,,,,,,,,,,,,,,,,,,,,,,,,
10,,9109,0.043666280806064606,0.05617523565888405,0.2636532187461853,0.0009218949708156288,0.04978141561150551,0.006082808133214712,0.1632673144340515,0.0053559644147753716,0.06241836026310921,0.02960733324289322,0.18162773549556732,0.3314557671546936,0.008604773320257664,1.9811272621154785,0.11228452622890472,,,,,,,,,,,,,,,
,0.0002196729863176366,9119,,,,,,,,,,,,,,,,,,,,,,,,,,,,,,
10,,9119,0.04147660359740257,0.033614590764045715,0.3408626914024353,0.006590796634554863,0.06146898493170738,0.0045781382359564304,0.19482944905757904,0.006225943565368652,0.07944674044847488,0.05106445401906967,0.1937270611524582,0.3997390568256378,0.0068917362950742245,1.9843921661376953,0.17124052345752716,,,,,,,,,,,,,,,
,0.00021950515053614414,9129,,,,,,,,,,,,,,,,,,,,,,,,,,,,,,
10,,9129,0.06571874767541885,0.03392506390810013,0.35175052285194397,0.0064016301184892654,0.07990484684705734,0.010359861887991428,0.2319379597902298,0.016695687547326088,0.1575201451778412,0.03831321373581886,0.2238905429840088,0.5197776556015015,0.0017859757645055652,2.0356063842773438,0.17251309752464294,,,,,,,,,,,,,,,
,0.00021933720387283415,9139,,,,,,,,,,,,,,,,,,,,,,,,,,,,,,
10,,9139,0.08734403550624847,0.05564310401678085,0.3189975321292877,0.007299279794096947,0.06585961580276489,0.01520537119358778,0.2319909930229187,0.011053619906306267,0.15939071774482727,0.061756279319524765,0.22453077137470245,0.5225303173065186,0.0036518960259854794,2.116403818130493,0.14423781633377075,,,,,,,,,,,,,,,
,0.00021916914659563249,9149,,,,,,,,,,,,,,,,,,,,,,,,,,,,,,
10,,9149,0.08835545182228088,0.03590803220868111,0.3840833902359009,0.0074842763133347034,0.07028256356716156,0.005579548422247171,0.23482921719551086,0.012122007086873055,0.1319529414176941,0.05851899832487106,0.2434053272008896,0.5112080574035645,0.0030891532078385353,2.0184643268585205,0.15422353148460388,,,,,,,,,,,,,,,
,0.00021900097897264162,9159,,,,,,,,,,,,,,,,,,,,,,,,,,,,,,
10,,9159,0.0506933219730854,0.029177086427807808,0.4097459614276886,0.007078108377754688,0.0837176963686943,0.0147766238078475,0.19091537594795227,0.006704068277031183,0.060595642775297165,0.06305582821369171,0.2509863078594208,0.4355001747608185,0.0036892022471874952,2.03704833984375,0.20596547424793243,,,,,,,,,,,,,,,
,0.00021883270127213985,9169,,,,,,,,,,,,,,,,,,,,,,,,,,,,,,
10,,9169,0.045482613146305084,0.0487392395734787,0.3687107264995575,0.010724910534918308,0.04872696101665497,0.01202740240842104,0.25273653864860535,0.009545084089040756,0.11482027173042297,0.03674330562353134,0.20648333430290222,0.4534963369369507,0.0024721212685108185,2.0044243335723877,0.11632000654935837,,,,,,,,,,,,,,,
,0.00021866431376258132,9179,,,,,,,,,,,,,,,,,,,,,,,,,,,,,,
10,,9179,0.07955556362867355,0.020995130762457848,0.2357633411884308,0.0030564453918486834,0.05461880564689636,0.009864763356745243,0.13493427634239197,0.007276213727891445,0.11939413100481033,0.04520091786980629,0.19667671620845795,0.3837110102176666,0.0011918818345293403,1.9698532819747925,0.11817117035388947,,,,,,,,,,,,,,,
,0.00021849581671259515,9189,,,,,,,,,,,,,,,,,,,,,,,,,,,,,,
10,,9189,0.08384542912244797,0.019826073199510574,0.32654014229774475,0.007324852980673313,0.054649241268634796,0.01892044022679329,0.17867833375930786,0.020220253616571426,0.14144162833690643,0.08062423765659332,0.19632041454315186,0.49282675981521606,0.003155530197545886,2.0050981044769287,0.1790650635957718,,,,,,,,,,,,,,,
,0.0002183272103909853,9199,,,,,,,,,,,,,,,,,,,,,,,,,,,,,,
10,,9199,0.10106407105922699,0.030167847871780396,0.32194098830223083,0.010151387192308903,0.06320860981941223,0.022367611527442932,0.19297225773334503,0.019278906285762787,0.14781099557876587,0.06460659950971603,0.21332436800003052,0.5123990774154663,0.00552657525986433,2.0301411151885986,0.14288264513015747,,,,,,,,,,,,,,,
,0.00021815849506673013,9209,,,,,,,,,,,,,,,,,,,,,,,,,,,,,,
10,,9209,0.05937923863530159,0.027114316821098328,0.31173187494277954,0.008456210605800152,0.07123848050832748,0.02227075956761837,0.17626196146011353,0.008353525772690773,0.08641460537910461,0.05295947939157486,0.2170378416776657,0.4107932448387146,0.006351593416184187,2.039461135864258,0.14266811311244965,,,,,,,,,,,,,,,
,0.00021798967100898167,9219,,,,,,,,,,,,,,,,,,,,,,,,,,,,,,
10,,9219,0.08584867417812347,0.026379624381661415,0.3115934431552887,0.0033623373601585627,0.09215063601732254,0.013421712443232536,0.23914462327957153,0.016083061695098877,0.30098089575767517,0.0769304633140564,0.2180045247077942,0.6756410002708435,0.0062563298270106316,1.976162075996399,0.19109664857387543,,,,,,,,,,,,,,,
,0.0002178207384870656,9229,,,,,,,,,,,,,,,,,,,,,,,,,,,,,,
10,,9229,0.03657449781894684,0.019114790484309196,0.27719733119010925,0.004274379927664995,0.0561167374253273,0.010082902386784554,0.134736567735672,0.005422808695584536,0.08444993197917938,0.029145488515496254,0.17488476634025574,0.34392911195755005,0.003457567887380719,1.9827569723129272,0.1504284292459488,,,,,,,,,,,,,,,
,0.00021765169777048066,9239,,,,,,,,,,,,,,,,,,,,,,,,,,,,,,
10,,9239,0.0698358491063118,0.037721551954746246,0.3311622142791748,0.009819270111620426,0.06896892189979553,0.0204180795699358,0.21450631320476532,0.013552744872868061,0.13947045803070068,0.03444528207182884,0.21644334495067596,0.49432072043418884,0.0019196169450879097,2.072108030319214,0.1689002513885498,,,,,,,,,,,,,,,
,0.00021748254912889797,9249,,,,,,,,,,,,,,,,,,,,,,,,,,,,,,
10,,9249,0.07676812261343002,0.0356232188642025,0.27952489256858826,0.0031005041673779488,0.0529816560447216,0.011515181511640549,0.17324276268482208,0.010134682059288025,0.11414901912212372,0.029877373948693275,0.16479535400867462,0.3997969329357147,0.001240861602127552,2.0306992530822754,0.11642216891050339,,,,,,,,,,,,,,,
,0.00021731329283216115,9259,,,,,,,,,,,,,,,,,,,,,,,,,,,,,,
10,,9259,0.13081318140029907,0.024813225492835045,0.22755467891693115,0.0029423583764582872,0.09710247069597244,0.012749037705361843,0.2080463021993637,0.014631630852818489,0.33509373664855957,0.049208592623472214,0.19739562273025513,0.6749584674835205,0.0024946925695985556,2.0323688983917236,0.15558543801307678,,,,,,,,,,,,,,,
,0.0002171439291502852,9269,,,,,,,,,,,,,,,,,,,,,,,,,,,,,,
10,,9269,0.06131959334015846,0.020142629742622375,0.24659115076065063,0.002534422790631652,0.05041397362947464,0.011454382911324501,0.13389277458190918,0.007847797125577927,0.08033256977796555,0.05884426087141037,0.17369861900806427,0.33590301871299744,0.0040949382819235325,2.0523829460144043,0.11009612679481506,,,,,,,,,,,,,,,
,0.0002169744583534567,9279,,,,,,,,,,,,,,,,,,,,,,,,,,,,,,
10,,9279,0.09281861037015915,0.03956281766295433,0.3811902105808258,0.008042389526963234,0.0912446454167366,0.005378446076065302,0.2592083513736725,0.012238729745149612,0.16325943171977997,0.08931086212396622,0.19361469149589539,0.5661205649375916,0.007689811754971743,2.0912671089172363,0.1862555742263794,,,,,,,,,,,,,,,
,0.00021680488071203308,9289,,,,,,,,,,,,,,,,,,,,,,,,,,,,,,
10,,9289,0.06362781673669815,0.023537101224064827,0.2798156440258026,0.0028195977210998535,0.07897505164146423,0.01618918590247631,0.22268645465373993,0.01828763633966446,0.16031183302402496,0.05119497701525688,0.21158842742443085,0.48968377709388733,0.005209064576774836,1.9785457849502563,0.14791764318943024,,,,,,,,,,,,,,,
,0.00021663519649654212,9299,,,,,,,,,,,,,,,,,,,,,,,,,,,,,,
10,,9299,0.0633125901222229,0.027882665395736694,0.3830306828022003,0.0029616758693009615,0.0841611698269844,0.0061526112258434296,0.22232447564601898,0.009555792436003685,0.10663023591041565,0.07851670682430267,0.2461359053850174,0.48914986848831177,0.0019071002025157213,2.0008981227874756,0.23224693536758423,,,,,,,,,,,,,,,
,0.00021646540597768156,9309,,,,,,,,,,,,,,,,,,,,,,,,,,,,,,
10,,9309,0.04538304731249809,0.02277800813317299,0.271353542804718,0.003010946325957775,0.04701368883252144,0.009569156914949417,0.1370609998703003,0.005804888904094696,0.06641922146081924,0.051205962896347046,0.18438082933425903,0.32063549757003784,0.002446942962706089,1.9627403020858765,0.11461471766233444,,,,,,,,,,,,,,,
10,,9316,,,,,,,,,,,,,,,,0.15842615067958832,0.028220288455486298,0.2380337119102478,0.005469905212521553,0.05535280331969261,0.0021740561351180077,0.11485402286052704,0.020947037264704704,0.17496436834335327,0.06586408615112305,0.17471858859062195,0.4997732937335968,0.0089133745059371,1.9606640338897705,0.13035079836845398
,0.00021629550942631895,9319,,,,,,,,,,,,,,,,,,,,,,,,,,,,,,
11,,9319,0.06062842160463333,0.03907448798418045,0.2597868740558624,0.007311407942324877,0.06905871629714966,0.014895661734044552,0.1827542930841446,0.01710738241672516,0.1518010050058365,0.06861892342567444,0.2178206890821457,0.46999746561050415,0.002778058871626854,2.047987699508667,0.14287172257900238,,,,,,,,,,,,,,,
,0.00021612550711349083,9329,,,,,,,,,,,,,,,,,,,,,,,,,,,,,,
11,,9329,0.05012308061122894,0.02230936661362648,0.3489397168159485,0.006262476090341806,0.06392432004213333,0.009731682948768139,0.19147217273712158,0.006611124612390995,0.09371396899223328,0.048916928470134735,0.22230561077594757,0.4143293797969818,0.002259791363030672,2.0107250213623047,0.15433721244335175,,,,,,,,,,,,,,,
,0.0002159553993104025,9339,,,,,,,,,,,,,,,,,,,,,,,,,,,,,,
11,,9339,0.042994555085897446,0.051318757236003876,0.297934889793396,0.006077431607991457,0.06049853935837746,0.020527778193354607,0.22145378589630127,0.013970112428069115,0.10447898507118225,0.0567283071577549,0.19739539921283722,0.4289110004901886,0.0021376304794102907,2.0477139949798584,0.14033754169940948,,,,,,,,,,,,,,,
,0.00021578518628842758,9349,,,,,,,,,,,,,,,,,,,,,,,,,,,,,,
11,,9349,0.04838946834206581,0.0381435789167881,0.3683220446109772,0.005425885319709778,0.07645365595817566,0.011620915494859219,0.2245246171951294,0.010215496644377708,0.1037164032459259,0.0489366240799427,0.21469660103321075,0.4554041028022766,0.004090838134288788,2.040255308151245,0.1689060479402542,,,,,,,,,,,,,,,
,0.0002156148683191075,9359,,,,,,,,,,,,,,,,,,,,,,,,,,,,,,
11,,9359,0.03819466009736061,0.035060033202171326,0.3055421710014343,0.0038314363919198513,0.04739591106772423,0.00841625314205885,0.17304620146751404,0.004071349278092384,0.0683111697435379,0.0752653032541275,0.18894171714782715,0.3643615245819092,0.009340659715235233,2.0793352127075195,0.1520870178937912,,,,,,,,,,,,,,,
,0.00021544444567415111,9369,,,,,,,,,,,,,,,,,,,,,,,,,,,,,,
11,,9369,0.05401183292269707,0.012717900797724724,0.23089119791984558,0.0034580512437969446,0.03499617800116539,0.010385183617472649,0.1300687938928604,0.010719265788793564,0.09450294822454453,0.03730738162994385,0.19060221314430237,0.33722174167633057,0.002713666995987296,2.0315568447113037,0.11430658400058746,,,,,,,,,,,,,,,
,0.00021527391862543425,9379,,,,,,,,,,,,,,,,,,,,,,,,,,,,,,
11,,9379,0.11345460265874863,0.02225974202156067,0.30116328597068787,0.004006127826869488,0.09572841972112656,0.017038507387042046,0.17595571279525757,0.012430774047970772,0.21411947906017303,0.05229582637548447,0.2176830768585205,0.5780745148658752,0.0067712897434830666,2.039778232574463,0.18981808423995972,,,,,,,,,,,,,,,
,0.0002151032874449995,9389,,,,,,,,,,,,,,,,,,,,,,,,,,,,,,
11,,9389,0.06274881958961487,0.024850420653820038,0.29503965377807617,0.0022258369717746973,0.05825940892100334,0.009840774349868298,0.21609681844711304,0.012594160623848438,0.16023078560829163,0.05951099097728729,0.18531236052513123,0.4612465798854828,0.0018665832467377186,2.0274908542633057,0.1166805848479271,,,,,,,,,,,,,,,
,0.00021493255240505516,9399,,,,,,,,,,,,,,,,,,,,,,,,,,,,,,
11,,9399,0.06386630982160568,0.030626410618424416,0.3581331968307495,0.007129691541194916,0.06652966886758804,0.017936602234840393,0.20374855399131775,0.006755581591278315,0.08405590057373047,0.056274086236953735,0.20636388659477234,0.42194822430610657,0.006785200908780098,2.0215842723846436,0.1311546266078949,,,,,,,,,,,,,,,
,0.0002147617137779756,9409,,,,,,,,,,,,,,,,,,,,,,,,,,,,,,
11,,9409,0.08071108907461166,0.027834778651595116,0.3240886628627777,0.002681621117517352,0.08031979203224182,0.013296953402459621,0.19261059165000916,0.01397966593503952,0.11886636167764664,0.0516078844666481,0.2252901941537857,0.4707152247428894,0.00646843621507287,2.0340402126312256,0.1744093894958496,,,,,,,,,,,,,,,
,0.00021459077183630027,9419,,,,,,,,,,,,,,,,,,,,,,,,,,,,,,
11,,9419,0.08519415557384491,0.03585642948746681,0.29047173261642456,0.005465860944241285,0.05027155950665474,0.01456054113805294,0.16506439447402954,0.011840423569083214,0.16157223284244537,0.038773927837610245,0.1891406625509262,0.4602543115615845,0.001837176620028913,2.0128817558288574,0.10233008116483688,,,,,,,,,,,,,,,
,0.00021441972685273347,9429,,,,,,,,,,,,,,,,,,,,,,,,,,,,,,
11,,9429,0.05587974563241005,0.04431380331516266,0.2987046241760254,0.0050273374654352665,0.04975837841629982,0.00798614788800478,0.21380896866321564,0.009758069179952145,0.10632790625095367,0.04410157352685928,0.21553321182727814,0.41593068838119507,0.003538749646395445,2.1013567447662354,0.1213168129324913,,,,,,,,,,,,,,,
,0.00021424857910014387,9439,,,,,,,,,,,,,,,,,,,,,,,,,,,,,,
11,,9439,0.06053108721971512,0.034740425646305084,0.2636389434337616,0.0034157345071434975,0.05905916541814804,0.00948074646294117,0.20278944075107574,0.007782851345837116,0.1217845156788826,0.07137756794691086,0.1818150281906128,0.4127964377403259,0.002976821269840002,2.067617416381836,0.12103651463985443,,,,,,,,,,,,,,,
,0.0002140773288515641,9449,,,,,,,,,,,,,,,,,,,,,,,,,,,,,,
11,,9449,0.05110381916165352,0.030832543969154358,0.24415229260921478,0.004442756995558739,0.049427974969148636,0.023626577109098434,0.18054810166358948,0.009603282436728477,0.11870507895946503,0.041023313999176025,0.17129798233509064,0.3922733962535858,0.005557272583246231,1.9956262111663818,0.11038007587194443,,,,,,,,,,,,,,,
,0.00021390597638019031,9459,,,,,,,,,,,,,,,,,,,,,,,,,,,,,,
11,,9459,0.06401672959327698,0.020716749131679535,0.2371835708618164,0.002899988554418087,0.058549974113702774,0.015636470168828964,0.11873043328523636,0.012975539080798626,0.10785484313964844,0.05571926385164261,0.22044917941093445,0.3872644305229187,0.002378783654421568,2.0546231269836426,0.15039698779582977,,,,,,,,,,,,,,,
,0.0002137345219593817,9469,,,,,,,,,,,,,,,,,,,,,,,,,,,,,,
11,,9469,0.07856320589780807,0.025965435430407524,0.27673500776290894,0.005220592953264713,0.07024011015892029,0.011421505361795425,0.16874165832996368,0.015511112287640572,0.1621924191713333,0.05684709548950195,0.1766987144947052,0.46544528007507324,0.0038376024458557367,2.0251502990722656,0.12224075943231583,,,,,,,,,,,,,,,
,0.00021356296586266013,9479,,,,,,,,,,,,,,,,,,,,,,,,,,,,,,
11,,9479,0.05230320990085602,0.026021230965852737,0.26439589262008667,0.0039304886013269424,0.0427853949368,0.01216654572635889,0.2138195037841797,0.01211959682404995,0.11173998564481735,0.04238390922546387,0.18828245997428894,0.39557087421417236,0.0022770045325160027,2.088174343109131,0.11792121827602386,,,,,,,,,,,,,,,
,0.0002133913083637097,9489,,,,,,,,,,,,,,,,,,,,,,,,,,,,,,
11,,9489,0.08362963050603867,0.03154865279793739,0.2866029441356659,0.0033059166744351387,0.07150568813085556,0.014524943195283413,0.16278421878814697,0.011525060050189495,0.10715106874704361,0.05947158485651016,0.24190561473369598,0.441064715385437,0.0020164730958640575,2.0807251930236816,0.1783808320760727,,,,,,,,,,,,,,,
,0.00021321954973637616,9499,,,,,,,,,,,,,,,,,,,,,,,,,,,,,,
11,,9499,0.048013873398303986,0.021945295855402946,0.36406487226486206,0.008688800036907196,0.06681499630212784,0.011095254682004452,0.1804015338420868,0.009939579293131828,0.08858992159366608,0.07915282994508743,0.21448923647403717,0.4221160411834717,0.0016429298557341099,2.0433244705200195,0.1637590378522873,,,,,,,,,,,,,,,
,0.00021304769025466675,9509,,,,,,,,,,,,,,,,,,,,,,,,,,,,,,
11,,9509,0.06751393526792526,0.018974384292960167,0.3318353295326233,0.01048138178884983,0.07912331074476242,0.02166644111275673,0.17975060641765594,0.00835135392844677,0.11478384584188461,0.03611927479505539,0.21357202529907227,0.4602716863155365,0.0021937009878456593,2.0641138553619385,0.1996002495288849,,,,,,,,,,,,,,,
,0.00021287573019274946,9519,,,,,,,,,,,,,,,,,,,,,,,,,,,,,,
11,,9519,0.08642639964818954,0.04500464349985123,0.28110629320144653,0.005303173325955868,0.07745929807424545,0.03186225891113281,0.2523364722728729,0.024575933814048767,0.2180437594652176,0.055539410561323166,0.2092321664094925,0.5939140915870667,0.003416658379137516,2.0471816062927246,0.16156728565692902,,,,,,,,,,,,,,,
,0.00021270366982495281,9529,,,,,,,,,,,,,,,,,,,,,,,,,,,,,,
11,,9529,0.09348829090595245,0.029984308406710625,0.2701718211174011,0.008373497053980827,0.0576513297855854,0.020284412428736687,0.1764359176158905,0.013314292766153812,0.1450185775756836,0.07602638751268387,0.1765095591545105,0.4681771993637085,0.004718228708952665,2.0366709232330322,0.13864442706108093,,,,,,,,,,,,,,,
,0.00021253150942576537,9539,,,,,,,,,,,,,,,,,,,,,,,,,,,,,,
11,,9539,0.061640772968530655,0.016918562352657318,0.2727143466472626,0.004057641606777906,0.047800708562135696,0.013197069056332111,0.16420559585094452,0.012223254889249802,0.09873051196336746,0.04114891216158867,0.18887712061405182,0.3814929127693176,0.0025112321600317955,2.0816028118133545,0.13673429191112518,,,,,,,,,,,,,,,
,0.00021235924926983518,9549,,,,,,,,,,,,,,,,,,,,,,,,,,,,,,
11,,9549,0.08036401867866516,0.01611199602484703,0.17942969501018524,0.002331837546080351,0.05772878974676132,0.014301976189017296,0.10914323478937149,0.015850288793444633,0.15979169309139252,0.058250460773706436,0.17469771206378937,0.41420048475265503,0.003475892124697566,2.011307716369629,0.13249647617340088,,,,,,,,,,,,,,,
,0.00021218688963196952,9559,,,,,,,,,,,,,,,,,,,,,,,,,,,,,,
11,,9559,0.0684189423918724,0.02489500120282173,0.22065472602844238,0.001339125563390553,0.04639945924282074,0.006435358431190252,0.1410466581583023,0.011542461812496185,0.10900034755468369,0.08085139095783234,0.16967971622943878,0.3615398108959198,0.0004958448698744178,2.1203930377960205,0.10885095596313477,,,,,,,,,,,,,,,
,0.00021201443078713432,9569,,,,,,,,,,,,,,,,,,,,,,,,,,,,,,
11,,9569,0.04998527094721794,0.026222536340355873,0.31799545884132385,0.0030373255722224712,0.061886224895715714,0.011192688718438148,0.19209499657154083,0.011078277602791786,0.0993945449590683,0.047620050609111786,0.18983466923236847,0.40018609166145325,0.0038986073341220617,2.020308256149292,0.12565143406391144,,,,,,,,,,,,,,,
,0.0002118418730104539,9579,,,,,,,,,,,,,,,,,,,,,,,,,,,,,,
11,,9579,0.0555819533765316,0.03051546774804592,0.40781575441360474,0.00946012232452631,0.05810197815299034,0.01634308136999607,0.21789129078388214,0.009456668980419636,0.07067115604877472,0.03718423470854759,0.21398644149303436,0.44710618257522583,0.006627638824284077,1.9527740478515625,0.21001310646533966,,,,,,,,,,,,,,,
,0.0002116692165772102,9589,,,,,,,,,,,,,,,,,,,,,,,,,,,,,,
11,,9589,0.07299233973026276,0.0193168967962265,0.23080311715602875,0.0030882025603204966,0.05898053199052811,0.011855809018015862,0.1627357453107834,0.011935907416045666,0.1428806483745575,0.03159097209572792,0.1866530030965805,0.4165590703487396,0.0018039607675746083,2.07381272315979,0.13320088386535645,,,,,,,,,,,,,,,
,0.00021149646176284263,9599,,,,,,,,,,,,,,,,,,,,,,,,,,,,,,
11,,9599,0.07036980241537094,0.019587049260735512,0.210410013794899,0.0033028030302375555,0.070342056453228,0.009625902399420738,0.16911469399929047,0.01886892504990101,0.18197999894618988,0.06533239036798477,0.18215830624103546,0.46761468052864075,0.010618657805025578,2.020890235900879,0.11930958181619644,,,,,,,,,,,,,,,
,0.00021132360884294763,9609,,,,,,,,,,,,,,,,,,,,,,,,,,,,,,
11,,9609,0.09187384694814682,0.030441537499427795,0.28590282797813416,0.007506324909627438,0.06952559947967529,0.023422440513968468,0.20505653321743011,0.01727084070444107,0.16915205121040344,0.036601822823286057,0.2072569876909256,0.5107972621917725,0.004267790354788303,2.0393621921539307,0.13805818557739258,,,,,,,,,,,,,,,
,0.00021115065809327812,9619,,,,,,,,,,,,,,,,,,,,,,,,,,,,,,
11,,9619,0.06050233542919159,0.04557039588689804,0.3015497326850891,0.0028941610362380743,0.06671564280986786,0.004800640512257814,0.2423114776611328,0.013655055314302444,0.1903497874736786,0.036807335913181305,0.2164193093776703,0.5140032172203064,0.0008601180743426085,2.02193546295166,0.12945939600467682,,,,,,,,,,,,,,,
,0.00021097760978974295,9629,,,,,,,,,,,,,,,,,,,,,,,,,,,,,,
11,,9629,0.06751757860183716,0.019700558856129646,0.19733357429504395,0.004228025674819946,0.04175838455557823,0.012814972549676895,0.12565992772579193,0.009004376828670502,0.08178576827049255,0.035401470959186554,0.16225464642047882,0.32080355286598206,0.004002606496214867,2.051959991455078,0.11640159785747528,,,,,,,,,,,,,,,
,0.00021080446420840678,9639,,,,,,,,,,,,,,,,,,,,,,,,,,,,,,
11,,9639,0.0526910200715065,0.03654061630368233,0.27033817768096924,0.005480514373630285,0.07167436927556992,0.01440379861742258,0.20933547616004944,0.01474163867533207,0.16085343062877655,0.059739165008068085,0.19475242495536804,0.4685482382774353,0.0013016283046454191,2.008502721786499,0.12914030253887177,,,,,,,,,,,,,,,
,0.00021063122162548936,9649,,,,,,,,,,,,,,,,,,,,,,,,,,,,,,
11,,9649,0.07469626516103745,0.02043040655553341,0.34182870388031006,0.007148252800107002,0.06857086718082428,0.01226057019084692,0.20981810986995697,0.012973547913134098,0.15386280417442322,0.037616219371557236,0.20996356010437012,0.48700278997421265,0.0030384936835616827,2.0375914573669434,0.1284935474395752,,,,,,,,,,,,,,,
,0.00021045788231736521,9659,,,,,,,,,,,,,,,,,,,,,,,,,,,,,,
11,,9659,0.06784382462501526,0.04333678260445595,0.3411276340484619,0.006434293929487467,0.055933333933353424,0.01657550409436226,0.2001204937696457,0.00839924719184637,0.09360088407993317,0.06728199869394302,0.2095295488834381,0.4388587772846222,0.005070826970040798,2.0437495708465576,0.15819735825061798,,,,,,,,,,,,,,,
,0.00021028444656056317,9669,,,,,,,,,,,,,,,,,,,,,,,,,,,,,,
11,,9669,0.04407500848174095,0.02309553325176239,0.21341116726398468,0.004598545376211405,0.05087205395102501,0.011868240311741829,0.1474805474281311,0.00999278761446476,0.09873874485492706,0.062346410006284714,0.1727389097213745,0.3400900661945343,0.0008055479847826064,2.0227205753326416,0.10411109775304794,,,,,,,,,,,,,,,
,0.00021011091463176592,9679,,,,,,,,,,,,,,,,,,,,,,,,,,,,,,
11,,9679,0.03936528041958809,0.02243785746395588,0.2783221900463104,0.004879455082118511,0.055177364498376846,0.012260852381587029,0.1515301913022995,0.0038780786562711,0.05300400033593178,0.06309746950864792,0.17036616802215576,0.32190588116645813,0.008540845476090908,1.9629279375076294,0.1270129233598709,,,,,,,,,,,,,,,
,0.00020993728680780954,9689,,,,,,,,,,,,,,,,,,,,,,,,,,,,,,
11,,9689,0.07499776780605316,0.016258442774415016,0.26359352469444275,0.002502099145203829,0.04888775199651718,0.009570692665874958,0.15312081575393677,0.006224043667316437,0.12444808334112167,0.04931769520044327,0.19925618171691895,0.40180984139442444,0.0005504981381818652,2.085153579711914,0.14156123995780945,,,,,,,,,,,,,,,
,0.00020976356336568311,9699,,,,,,,,,,,,,,,,,,,,,,,,,,,,,,
11,,9699,0.08866195380687714,0.025092747062444687,0.23483438789844513,0.00480292085558176,0.05230100452899933,0.021268518641591072,0.1979125589132309,0.016482600942254066,0.2001752108335495,0.0730779692530632,0.17935512959957123,0.5037481784820557,0.0015349648892879486,2.0633015632629395,0.1197124496102333,,,,,,,,,,,,,,,
,0.00020958974458252838,9709,,,,,,,,,,,,,,,,,,,,,,,,,,,,,,
11,,9709,0.07298161089420319,0.01992887817323208,0.20371046662330627,0.003664914285764098,0.051707927137613297,0.013852295465767384,0.14539691805839539,0.014619092456996441,0.146170973777771,0.04253073409199715,0.17585882544517517,0.4029479920864105,0.0018969649681821465,2.0100557804107666,0.11088921874761581,,,,,,,,,,,,,,,
,0.00020941583073563898,9719,,,,,,,,,,,,,,,,,,,,,,,,,,,,,,
11,,9719,0.0499030239880085,0.025219671428203583,0.2473432868719101,0.006543327122926712,0.041273459792137146,0.007385425269603729,0.13189999759197235,0.00738588348031044,0.06977760046720505,0.06205163151025772,0.1817849725484848,0.3312126398086548,0.004662313498556614,2.0331740379333496,0.13650111854076385,,,,,,,,,,,,,,,
,0.00020924182210246034,9729,,,,,,,,,,,,,,,,,,,,,,,,,,,,,,
11,,9729,0.051423460245132446,0.017783628776669502,0.26191648840904236,0.0014151609502732754,0.047925081104040146,0.007821626961231232,0.14104102551937103,0.005939751863479614,0.06571245193481445,0.03945605084300041,0.20043765008449554,0.31431224942207336,0.0010631196200847626,2.008382797241211,0.10541116446256638,,,,,,,,,,,,,,,
,0.00020906771896058902,9739,,,,,,,,,,,,,,,,,,,,,,,,,,,,,,
11,,9739,0.03946516290307045,0.018650192767381668,0.3143210709095001,0.010079508647322655,0.06902771443128586,0.03852401301264763,0.19028083980083466,0.010127659887075424,0.09563440084457397,0.048277489840984344,0.2131553739309311,0.4179813265800476,0.0049205650575459,2.051931619644165,0.13922783732414246,,,,,,,,,,,,,,,
,0.0002088935215877724,9749,,,,,,,,,,,,,,,,,,,,,,,,,,,,,,
11,,9749,0.09388338029384613,0.028315700590610504,0.24226906895637512,0.006708478555083275,0.055932916700839996,0.006600222084671259,0.1849692165851593,0.01079154759645462,0.15199540555477142,0.08019436150789261,0.17413203418254852,0.4531901776790619,0.00439129862934351,2.0377144813537598,0.12657852470874786,,,,,,,,,,,,,,,
,0.0002087192302619082,9759,,,,,,,,,,,,,,,,,,,,,,,,,,,,,,
11,,9759,0.031495895236730576,0.02082299254834652,0.2713780403137207,0.0025901717599481344,0.04726512357592583,0.01172393374145031,0.12345637381076813,0.0067177279852330685,0.056464407593011856,0.03725544363260269,0.19312787055969238,0.3027598261833191,0.0013738846173509955,2.0019547939300537,0.12455616146326065,,,,,,,,,,,,,,,
,0.00020854484526104403,9769,,,,,,,,,,,,,,,,,,,,,,,,,,,,,,
11,,9769,0.056734491139650345,0.08262648433446884,0.3872704803943634,0.011194440536201,0.07749973982572556,0.009801900014281273,0.2884081304073334,0.011758381500840187,0.1218990683555603,0.06908737868070602,0.22145339846611023,0.5373132824897766,0.006718919612467289,2.038114070892334,0.19037260115146637,,,,,,,,,,,,,,,
,0.00020837036686337685,9779,,,,,,,,,,,,,,,,,,,,,,,,,,,,,,
11,,9779,0.09952673316001892,0.0326705127954483,0.29506728053092957,0.010016418993473053,0.07962988317012787,0.006413623690605164,0.19668954610824585,0.006751950364559889,0.2277224063873291,0.06181937828660011,0.19677719473838806,0.5724318027496338,0.005220286548137665,2.022495985031128,0.1681797057390213,,,,,,,,,,,,,,,
,0.00020819579534725268,9789,,,,,,,,,,,,,,,,,,,,,,,,,,,,,,
11,,9789,0.06059577688574791,0.02309585176408291,0.30556926131248474,0.0029343757778406143,0.06389520317316055,0.011529169045388699,0.18596206605434418,0.004237549379467964,0.08654610812664032,0.062099065631628036,0.20434615015983582,0.392424613237381,0.0007706450414843857,2.05633807182312,0.16105304658412933,,,,,,,,,,,,,,,
,0.00020802113099116615,9799,,,,,,,,,,,,,,,,,,,,,,,,,,,,,,
11,,9799,0.05540155619382858,0.045537445694208145,0.35104864835739136,0.005003373604267836,0.06521166861057281,0.008157754316926003,0.20780427753925323,0.007033570669591427,0.0948372483253479,0.03615656867623329,0.26252323389053345,0.45339491963386536,0.020317640155553818,2.0328707695007324,0.1490391045808792,,,,,,,,,,,,,,,
,0.00020784637407375987,9809,,,,,,,,,,,,,,,,,,,,,,,,,,,,,,
11,,9809,0.07912785559892654,0.020271169021725655,0.2755228579044342,0.002444327576085925,0.06084725260734558,0.010202834382653236,0.16366872191429138,0.017100995406508446,0.1413867473602295,0.06637254357337952,0.19022555649280548,0.4407186210155487,0.0015122940531000495,2.1195638179779053,0.12904536724090576,,,,,,,,,,,,,,,
,0.00020767152487382424,9819,,,,,,,,,,,,,,,,,,,,,,,,,,,,,,
11,,9819,0.0705287829041481,0.021003561094403267,0.25919413566589355,0.005845008883625269,0.05701909214258194,0.00753441546112299,0.1576564908027649,0.011875114403665066,0.12543849647045135,0.057075127959251404,0.17353425920009613,0.4054957628250122,0.002322797430679202,2.024197578430176,0.12628662586212158,,,,,,,,,,,,,,,
,0.00020749658367029677,9829,,,,,,,,,,,,,,,,,,,,,,,,,,,,,,
11,,9829,0.05500585958361626,0.025276146829128265,0.3201182782649994,0.005445235408842564,0.06810412555932999,0.019633924588561058,0.1899886578321457,0.018512483686208725,0.13039033114910126,0.05585489049553871,0.2034359574317932,0.46260517835617065,0.003958765417337418,2.0438640117645264,0.1574796438217163,,,,,,,,,,,,,,,
,0.00020732155074226183,9839,,,,,,,,,,,,,,,,,,,,,,,,,,,,,,
11,,9839,0.06537070125341415,0.019302964210510254,0.2881856858730316,0.008586176671087742,0.06249035894870758,0.021338090300559998,0.15378481149673462,0.011617408134043217,0.14381341636180878,0.07759913057088852,0.19900649785995483,0.4536999762058258,0.003930285573005676,2.063127040863037,0.1423715054988861,,,,,,,,,,,,,,,
,0.00020714642636895006,9849,,,,,,,,,,,,,,,,,,,,,,,,,,,,,,
11,,9849,0.0418226532638073,0.03116518072783947,0.2962895333766937,0.004515503533184528,0.06565357744693756,0.01486070454120636,0.19181667268276215,0.0095726503059268,0.07761954516172409,0.053246933966875076,0.22178997099399567,0.38067319989204407,0.0025604560505598783,2.0635251998901367,0.13332602381706238,,,,,,,,,,,,,,,
,0.00020697121082973805,9859,,,,,,,,,,,,,,,,,,,,,,,,,,,,,,
11,,9859,0.07194998115301132,0.014838873408734798,0.2609061598777771,0.003969142679125071,0.07434773445129395,0.012361494824290276,0.16824178397655487,0.009011829271912575,0.11512209475040436,0.04740331321954727,0.1934085488319397,0.41915571689605713,0.011888059787452221,2.0587034225463867,0.15453951060771942,,,,,,,,,,,,,,,
,0.0002067959044041477,9869,,,,,,,,,,,,,,,,,,,,,,,,,,,,,,
11,,9869,0.06531036645174026,0.029082687571644783,0.3080745041370392,0.002289863768965006,0.07326774299144745,0.008991791866719723,0.1797310709953308,0.007051324937492609,0.11052156239748001,0.05010569840669632,0.2411886304616928,0.4271518588066101,0.001412524958141148,1.9769490957260132,0.1522226780653,,,,,,,,,,,,,,,
,0.000206620507371846,9879,,,,,,,,,,,,,,,,,,,,,,,,,,,,,,
11,,9879,0.05949374660849571,0.016944188624620438,0.18242357671260834,0.0024899120908230543,0.034509118646383286,0.009634716436266899,0.1239972785115242,0.008092369884252548,0.07219099253416061,0.048505570739507675,0.14818109571933746,0.2803387939929962,0.0015699506038799882,2.0707900524139404,0.077959805727005,,,,,,,,,,,,,,,
,0.00020644502001264457,9889,,,,,,,,,,,,,,,,,,,,,,,,,,,,,,
11,,9889,0.040944818407297134,0.02209780551493168,0.2686255872249603,0.006041256245225668,0.05133307725191116,0.012016658671200275,0.16656076908111572,0.009414974600076675,0.08195726573467255,0.06261072307825089,0.18391942977905273,0.36150267720222473,0.003309448715299368,2.016213893890381,0.14741085469722748,,,,,,,,,,,,,,,
,0.0002062694426064989,9899,,,,,,,,,,,,,,,,,,,,,,,,,,,,,,
11,,9899,0.04523046314716339,0.04985596984624863,0.2968379557132721,0.002806218806654215,0.050512075424194336,0.004916070494800806,0.175603449344635,0.0084296315908432,0.09416195005178452,0.044466953724622726,0.21174101531505585,0.39735960960388184,0.0029370631091296673,2.0206961631774902,0.164701908826828,,,,,,,,,,,,,,,
,0.00020609377543350836,9909,,,,,,,,,,,,,,,,,,,,,,,,,,,,,,
11,,9909,0.05814237520098686,0.04850528761744499,0.2152187079191208,0.000528161705005914,0.04730374366044998,0.02098091132938862,0.19436028599739075,0.007838076911866665,0.09041853994131088,0.06616125255823135,0.17398867011070251,0.3631208539009094,0.004968088585883379,2.0408120155334473,0.10233566164970398,,,,,,,,,,,,,,,
,0.00020591801877391537,9919,,,,,,,,,,,,,,,,,,,,,,,,,,,,,,
11,,9919,0.0797325149178505,0.04137148708105087,0.3048693537712097,0.008071557618677616,0.06829005479812622,0.012101045809686184,0.1955624520778656,0.01341329701244831,0.1717490553855896,0.052616141736507416,0.2250809669494629,0.5183413624763489,0.01056541595607996,2.022855520248413,0.1391470730304718,,,,,,,,,,,,,,,
,0.00020574217290810515,9929,,,,,,,,,,,,,,,,,,,,,,,,,,,,,,
11,,9929,0.061546240001916885,0.042571697384119034,0.31016722321510315,0.003383507952094078,0.05756019428372383,0.010008526965975761,0.19939152896404266,0.010235297493636608,0.08654297143220901,0.05834800377488136,0.21631136536598206,0.4017224907875061,0.006533983629196882,1.998993158340454,0.10972695052623749,,,,,,,,,,,,,,,
,0.00020556623811660525,9939,,,,,,,,,,,,,,,,,,,,,,,,,,,,,,
11,,9939,0.07848387211561203,0.03823912516236305,0.3367609679698944,0.007879795506596565,0.055951762944459915,0.006855427753180265,0.24557459354400635,0.005646440200507641,0.08019692450761795,0.059613730758428574,0.19805431365966797,0.43092823028564453,0.00577696505934,2.0001227855682373,0.16166667640209198,,,,,,,,,,,,,,,
,0.0002053902146800851,9949,,,,,,,,,,,,,,,,,,,,,,,,,,,,,,
11,,9949,0.056473806500434875,0.013522250577807426,0.2032453417778015,0.0032965922728180885,0.03925978019833565,0.00996758509427309,0.12747855484485626,0.01142708957195282,0.1084146574139595,0.04265384003520012,0.17329567670822144,0.33931899070739746,0.0017102299025282264,2.028048276901245,0.10708466917276382,,,,,,,,,,,,,,,
,0.0002052141028793556,9959,,,,,,,,,,,,,,,,,,,,,,,,,,,,,,
11,,9959,0.055118072777986526,0.034799862653017044,0.3858635127544403,0.005521015729755163,0.06478096544742584,0.0074988724663853645,0.22487758100032806,0.009043013677001,0.09709064662456512,0.0533604770898819,0.20881174504756927,0.4495137631893158,0.0032777811866253614,2.0358641147613525,0.17137590050697327,,,,,,,,,,,,,,,
,0.00020503790299536838,9969,,,,,,,,,,,,,,,,,,,,,,,,,,,,,,
11,,9969,0.04854128882288933,0.06128799915313721,0.31820154190063477,0.003282213117927313,0.05621303245425224,0.005995131563395262,0.20906652510166168,0.013874009251594543,0.1316894292831421,0.07839320600032806,0.20219317078590393,0.4601459205150604,0.00403203908354044,2.086352586746216,0.13835608959197998,,,,,,,,,,,,,,,
,0.00020486161530921585,9979,,,,,,,,,,,,,,,,,,,,,,,,,,,,,,
11,,9979,0.08877599984407425,0.012464076280593872,0.19317717850208282,0.003395423525944352,0.048065993934869766,0.017544962465763092,0.1281813383102417,0.012222453020513058,0.17038005590438843,0.03909384086728096,0.16749228537082672,0.4209241569042206,0.0006536255241371691,2.0522971153259277,0.11582968384027481,,,,,,,,,,,,,,,
,0.00020468524010213037,9989,,,,,,,,,,,,,,,,,,,,,,,,,,,,,,
11,,9989,0.07012519240379333,0.03182101622223854,0.3210383355617523,0.002062060870230198,0.06873796135187149,0.005417465697973967,0.16320767998695374,0.005023212172091007,0.0674130916595459,0.04726782441139221,0.23595671355724335,0.39410948753356934,0.0017921116668730974,2.052668571472168,0.19579948484897614,,,,,,,,,,,,,,,
,0.00020450877765548398,9999,,,,,,,,,,,,,,,,,,,,,,,,,,,,,,
11,,9999,0.03642869368195534,0.06377782672643661,0.3001559376716614,0.004346087574958801,0.06488119810819626,0.015829192474484444,0.20822739601135254,0.004694649949669838,0.05244002491235733,0.07199463993310928,0.21449752151966095,0.3766115605831146,0.0011696361470967531,2.022728443145752,0.16766147315502167,,,,,,,,,,,,,,,
,0.00020433222825078779,10009,,,,,,,,,,,,,,,,,,,,,,,,,,,,,,
11,,10009,0.045345239341259,0.028491832315921783,0.30876293778419495,0.008727118372917175,0.05682620778679848,0.01317271962761879,0.17561112344264984,0.009927542880177498,0.06830216944217682,0.03378520533442497,0.18050406873226166,0.3728530704975128,0.009340045042335987,2.0448107719421387,0.14664539694786072,,,,,,,,,,,,,,,
,0.00020415559216969173,10019,,,,,,,,,,,,,,,,,,,,,,,,,,,,,,
11,,10019,0.0698952004313469,0.05232083052396774,0.2889315187931061,0.007479722145944834,0.04908140003681183,0.008326237089931965,0.2361309826374054,0.014404292218387127,0.14630058407783508,0.059044208377599716,0.19139699637889862,0.47335758805274963,0.005060103721916676,1.9930297136306763,0.11651743948459625,,,,,,,,,,,,,,,
,0.000203978869693984,10029,,,,,,,,,,,,,,,,,,,,,,,,,,,,,,
11,,10029,0.06105431541800499,0.03124941885471344,0.2901587188243866,0.004944699350744486,0.07372087985277176,0.01250773761421442,0.19422361254692078,0.015447495505213737,0.1525200754404068,0.05180678516626358,0.20547686517238617,0.47781768441200256,0.010877363383769989,2.037135601043701,0.13949036598205566,,,,,,,,,,,,,,,
,0.00020380206110559058,10039,,,,,,,,,,,,,,,,,,,,,,,,,,,,,,
11,,10039,0.0696115642786026,0.05428209528326988,0.27329906821250916,0.004582875408232212,0.049835238605737686,0.006648345850408077,0.18276992440223694,0.010542470961809158,0.08072014153003693,0.042033735662698746,0.19280296564102173,0.37695688009262085,0.002543008653447032,2.0006051063537598,0.11239634454250336,,,,,,,,,,,,,,,
,0.00020362516668657492,10049,,,,,,,,,,,,,,,,,,,,,,,,,,,,,,
11,,10049,0.07073993980884552,0.022402334958314896,0.2608676254749298,0.004539478104561567,0.05677136033773422,0.008221783675253391,0.17059241235256195,0.01749839261174202,0.1492641419172287,0.054810672998428345,0.22021985054016113,0.44847536087036133,0.0020260666497051716,2.0765366554260254,0.13112884759902954,,,,,,,,,,,,,,,
,0.0002034481867191372,10059,,,,,,,,,,,,,,,,,,,,,,,,,,,,,,
11,,10059,0.0792287066578865,0.026326555758714676,0.27207958698272705,0.007263199891895056,0.05285464972257614,0.010363546200096607,0.19850865006446838,0.014928393997251987,0.12789331376552582,0.07181484252214432,0.1820908933877945,0.43920594453811646,0.008540204726159573,2.0764975547790527,0.11199663579463959,,,,,,,,,,,,,,,
,0.00020327112148561428,10069,,,,,,,,,,,,,,,,,,,,,,,,,,,,,,
11,,10069,0.05869131535291672,0.023315975442528725,0.2483566254377365,0.0032816207967698574,0.058059170842170715,0.01820910908281803,0.15782959759235382,0.011734820902347565,0.10052885860204697,0.049815285950899124,0.19942758977413177,0.383516788482666,0.0019266973249614239,2.0159926414489746,0.14143723249435425,,,,,,,,,,,,,,,
,0.00020309397126847895,10079,,,,,,,,,,,,,,,,,,,,,,,,,,,,,,
11,,10079,0.08379649370908737,0.05982562527060509,0.3269411325454712,0.004166899248957634,0.06899849325418472,0.009113346226513386,0.22587600350379944,0.010664158500730991,0.10106111317873001,0.055645961314439774,0.2133427858352661,0.4735042154788971,0.010430347174406052,2.0562820434570312,0.17993378639221191,,,,,,,,,,,,,,,
,0.0002029167363503396,10089,,,,,,,,,,,,,,,,,,,,,,,,,,,,,,
11,,10089,0.0728515088558197,0.0321865975856781,0.28003445267677307,0.004626242909580469,0.08556562662124634,0.010032913647592068,0.15801309049129486,0.009011910296976566,0.13030166923999786,0.07926681637763977,0.20138463377952576,0.4427924156188965,0.0011662034085020423,2.0319020748138428,0.15432530641555786,,,,,,,,,,,,,,,
,0.00020273941701393975,10099,,,,,,,,,,,,,,,,,,,,,,,,,,,,,,
11,,10099,0.102582186460495,0.038825277239084244,0.33099666237831116,0.005895301233977079,0.08039262145757675,0.008110021241009235,0.2403203397989273,0.017257865518331528,0.19150984287261963,0.082036592066288,0.19987082481384277,0.582882285118103,0.0030187589582055807,2.0296528339385986,0.20855796337127686,,,,,,,,,,,,,,,
,0.00020256201354215754,10109,,,,,,,,,,,,,,,,,,,,,,,,,,,,,,
11,,10109,0.10554416477680206,0.026126354932785034,0.2260967195034027,0.003399950684979558,0.05996773764491081,0.017616072669625282,0.18483543395996094,0.014876757748425007,0.17684268951416016,0.0664219781756401,0.18753015995025635,0.48430967330932617,0.0015523395268246531,2.080955982208252,0.13036037981510162,,,,,,,,,,,,,,,
,0.00020238452621800537,10119,,,,,,,,,,,,,,,,,,,,,,,,,,,,,,
11,,10119,0.08403666317462921,0.0221916101872921,0.26146557927131653,0.0036905871238559484,0.07253503799438477,0.010604887269437313,0.1716059297323227,0.011083792895078659,0.1160123273730278,0.06480375677347183,0.21204912662506104,0.4252239167690277,0.001923770527355373,2.0048270225524902,0.14903564751148224,,,,,,,,,,,,,,,
,0.0002022069553246294,10129,,,,,,,,,,,,,,,,,,,,,,,,,,,,,,
11,,10129,0.027839940041303635,0.0285355132073164,0.33953532576560974,0.005252351518720388,0.04236622899770737,0.006661339662969112,0.1554267853498459,0.005543881095945835,0.03883521631360054,0.02730001136660576,0.2017296701669693,0.3128519058227539,0.0038314368575811386,1.94737708568573,0.11658134311437607,,,,,,,,,,,,,,,
,0.0002020293011453092,10139,,,,,,,,,,,,,,,,,,,,,,,,,,,,,,
11,,10139,0.07891970872879028,0.020447412505745888,0.20587275922298431,0.001840513083152473,0.04715157672762871,0.007918662391602993,0.10981592535972595,0.008221779949963093,0.0922379270195961,0.033330418169498444,0.16912776231765747,0.3368571996688843,0.0051214746199548244,2.0569753646850586,0.1266951560974121,,,,,,,,,,,,,,,
,0.00020185156396345703,10149,,,,,,,,,,,,,,,,,,,,,,,,,,,,,,
11,,10149,0.07328958064317703,0.01629144325852394,0.260097861289978,0.005844615399837494,0.06170444190502167,0.018204011023044586,0.17785069346427917,0.006394878029823303,0.17136436700820923,0.06505678594112396,0.18295763432979584,0.46310457587242126,0.0014386321417987347,2.071937084197998,0.1384350210428238,,,,,,,,,,,,,,,
,0.0002016737440626177,10159,,,,,,,,,,,,,,,,,,,,,,,,,,,,,,
11,,10159,0.05265388265252113,0.01900072768330574,0.3749191462993622,0.002315724501386285,0.09103429317474365,0.012939228676259518,0.17594653367996216,0.007765376474708319,0.07171894609928131,0.044365737587213516,0.2279498279094696,0.4156370759010315,0.002635918790474534,2.0291879177093506,0.19779497385025024,,,,,,,,,,,,,,,
11,,10163,,,,,,,,,,,,,,,,0.14689426124095917,0.029756586998701096,0.2393457293510437,0.006582267582416534,0.05444878339767456,0.0018200012855231762,0.1215321496129036,0.024222122505307198,0.1686704009771347,0.06802286207675934,0.1839362531900406,0.4995977580547333,0.009820074774324894,1.962539792060852,0.13751162588596344
,0.00020149584172646793,10169,,,,,,,,,,,,,,,,,,,,,,,,,,,,,,
12,,10169,0.06659433990716934,0.028759881854057312,0.2531718313694,0.001587052014656365,0.0686744824051857,0.009148327633738518,0.18770109117031097,0.01141236163675785,0.17177635431289673,0.07907271385192871,0.20253302156925201,0.46996188163757324,0.0013120918301865458,2.075357437133789,0.14028596878051758,,,,,,,,,,,,,,,
,0.00020131785723881594,10179,,,,,,,,,,,,,,,,,,,,,,,,,,,,,,
12,,10179,0.10009124875068665,0.030226416885852814,0.3192462921142578,0.00659265136346221,0.09243891388177872,0.010031944140791893,0.2137165665626526,0.016065139323472977,0.22034484148025513,0.08822479844093323,0.2501290738582611,0.5946927070617676,0.001112720463424921,2.0051074028015137,0.15950947999954224,,,,,,,,,,,,,,,
,0.0002011397908836011,10189,,,,,,,,,,,,,,,,,,,,,,,,,,,,,,
12,,10189,0.058398135006427765,0.06878145784139633,0.3577195703983307,0.0040235212072730064,0.07881464064121246,0.0211483221501112,0.25509023666381836,0.015134324319660664,0.137776717543602,0.05963287129998207,0.222553551197052,0.5244088768959045,0.009975271299481392,2.059377908706665,0.15321820974349976,,,,,,,,,,,,,,,
,0.00020096164294489317,10199,,,,,,,,,,,,,,,,,,,,,,,,,,,,,,
12,,10199,0.12766756117343903,0.02451462484896183,0.3019501268863678,0.005855358671396971,0.07727430015802383,0.01107692439109087,0.1879454404115677,0.01675625517964363,0.20432479679584503,0.07536255568265915,0.21448828279972076,0.5737060308456421,0.005840808153152466,2.0703060626983643,0.168862447142601,,,,,,,,,,,,,,,
,0.00020078341370689234,10209,,,,,,,,,,,,,,,,,,,,,,,,,,,,,,
12,,10209,0.1168721616268158,0.016557907685637474,0.2137618213891983,0.0045707072131335735,0.06829453259706497,0.009736182168126106,0.17140837013721466,0.009310910478234291,0.22981968522071838,0.05793554335832596,0.17921218276023865,0.5226835012435913,0.0026292819529771805,2.038360595703125,0.12612862884998322,,,,,,,,,,,,,,,
,0.0002006051034539283,10219,,,,,,,,,,,,,,,,,,,,,,,,,,,,,,
12,,10219,0.05378027632832527,0.07083417475223541,0.32826220989227295,0.0037498914171010256,0.06520446389913559,0.009788816794753075,0.24247297644615173,0.005588258616626263,0.08504001051187515,0.05134062096476555,0.2201417237520218,0.4307546019554138,0.0013834754936397076,2.0104310512542725,0.15915757417678833,,,,,,,,,,,,,,,
,0.00020042671247046004,10229,,,,,,,,,,,,,,,,,,,,,,,,,,,,,,
12,,10229,0.0678006112575531,0.014448855072259903,0.15106959640979767,0.0026532276533544064,0.03802637755870819,0.004665947984904051,0.08848737180233002,0.00849669799208641,0.08119196444749832,0.033601414412260056,0.13468946516513824,0.2750602066516876,0.0028076269663870335,2.0361790657043457,0.09656815230846405,,,,,,,,,,,,,,,
,0.00020024824104107532,10239,,,,,,,,,,,,,,,,,,,,,,,,,,,,,,
12,,10239,0.058533284813165665,0.028842097148299217,0.30756741762161255,0.006348043214529753,0.054381173104047775,0.011415856890380383,0.17566564679145813,0.009433086030185223,0.0805203840136528,0.06858572363853455,0.21027666330337524,0.3978187143802643,0.0035118726082146168,2.0428836345672607,0.16456268727779388,,,,,,,,,,,,,,,
,0.00020006968945049034,10249,,,,,,,,,,,,,,,,,,,,,,,,,,,,,,
12,,10249,0.06037474051117897,0.040832892060279846,0.3178115487098694,0.005307570565491915,0.05860748142004013,0.016831904649734497,0.1617971509695053,0.011908524669706821,0.14832313358783722,0.06288278102874756,0.17941761016845703,0.4634130597114563,0.005973367486149073,2.0475945472717285,0.13734474778175354,,,,,,,,,,,,,,,
,0.00019989105798354895,10259,,,,,,,,,,,,,,,,,,,,,,,,,,,,,,
12,,10259,0.07571502774953842,0.02103286422789097,0.23911170661449432,0.002478438662365079,0.042443931102752686,0.023650290444493294,0.13536731898784637,0.007937239482998848,0.10088060796260834,0.04702926427125931,0.19718404114246368,0.35912251472473145,0.0009791846387088299,1.9993722438812256,0.0869123637676239,,,,,,,,,,,,,,,
,0.0001997123469252227,10269,,,,,,,,,,,,,,,,,,,,,,,,,,,,,,
12,,10269,0.04945490136742592,0.02418077178299427,0.28718140721321106,0.005120778921991587,0.05798966437578201,0.008419142104685307,0.17197537422180176,0.015188034623861313,0.10931692272424698,0.06667838990688324,0.22349412739276886,0.4182681739330292,0.005519968923181295,2.0159802436828613,0.153889462351799,,,,,,,,,,,,,,,
,0.00019953355656060994,10279,,,,,,,,,,,,,,,,,,,,,,,,,,,,,,
12,,10279,0.06277038156986237,0.021095382049679756,0.30247461795806885,0.0028884466737508774,0.04714691638946533,0.008623907342553139,0.1571955680847168,0.0157031062990427,0.11595887690782547,0.062417078763246536,0.1846013069152832,0.409534752368927,0.006703793071210384,2.0358383655548096,0.1201147511601448,,,,,,,,,,,,,,,
,0.00019935468717493564,10289,,,,,,,,,,,,,,,,,,,,,,,,,,,,,,
12,,10289,0.040770914405584335,0.02419489063322544,0.22646468877792358,0.0022449037060141563,0.048170413821935654,0.006896039005368948,0.1378656029701233,0.007939623668789864,0.05323493480682373,0.04457588493824005,0.1941579431295395,0.30757224559783936,0.0025923021603375673,2.051542282104492,0.16027545928955078,,,,,,,,,,,,,,,
,0.00019917573905355065,10299,,,,,,,,,,,,,,,,,,,,,,,,,,,,,,
12,,10299,0.08484171330928802,0.04716278240084648,0.28331780433654785,0.0038568093441426754,0.05030858889222145,0.014076883904635906,0.2041839212179184,0.008406432345509529,0.11350394785404205,0.04113616794347763,0.20094440877437592,0.43504491448402405,0.004265091381967068,1.9796557426452637,0.139034703373909,,,,,,,,,,,,,,,
,0.00019899671248193167,10309,,,,,,,,,,,,,,,,,,,,,,,,,,,,,,
12,,10309,0.08038534969091415,0.03406493738293648,0.2933211326599121,0.00759153813123703,0.06428694725036621,0.030422331765294075,0.18709835410118103,0.011844011023640633,0.13529174029827118,0.03731240704655647,0.21887420117855072,0.46755117177963257,0.0009272856987081468,2.0590498447418213,0.14217479526996613,,,,,,,,,,,,,,,
,0.00019881760774568036,10319,,,,,,,,,,,,,,,,,,,,,,,,,,,,,,
12,,10319,0.07356801629066467,0.02410389482975006,0.23074764013290405,0.005722554866224527,0.06342415511608124,0.011062354780733585,0.14957395195960999,0.011925933882594109,0.14378568530082703,0.059307754039764404,0.1972520500421524,0.42858731746673584,0.003430160926654935,2.017932891845703,0.13648606836795807,,,,,,,,,,,,,,,
,0.00019863842513052326,10329,,,,,,,,,,,,,,,,,,,,,,,,,,,,,,
12,,10329,0.044156283140182495,0.025210635736584663,0.29463130235671997,0.0027287467382848263,0.05345367640256882,0.009412800893187523,0.16860553622245789,0.004025059752166271,0.05697429180145264,0.0502280592918396,0.20007330179214478,0.3346891701221466,0.004140384029597044,2.0155158042907715,0.12832942605018616,,,,,,,,,,,,,,,
,0.00019845916492231092,10339,,,,,,,,,,,,,,,,,,,,,,,,,,,,,,
12,,10339,0.04714570194482803,0.023960065096616745,0.2801078259944916,0.0029141909908503294,0.05223056301474571,0.005810859147459269,0.17431333661079407,0.008840111084282398,0.1130501925945282,0.03910093009471893,0.20012931525707245,0.38966068625450134,0.0030955993570387363,2.0706164836883545,0.13046324253082275,,,,,,,,,,,,,,,
,0.0001982798274070178,10349,,,,,,,,,,,,,,,,,,,,,,,,,,,,,,
12,,10349,0.0644114539027214,0.024919958785176277,0.3381428122520447,0.006388606503605843,0.0654807835817337,0.008137999102473259,0.18170495331287384,0.008597925305366516,0.09233575314283371,0.04843605309724808,0.22958792746067047,0.4163047969341278,0.0016033983556553721,2.0494163036346436,0.14904703199863434,,,,,,,,,,,,,,,
,0.00019810041287074182,10359,,,,,,,,,,,,,,,,,,,,,,,,,,,,,,
12,,10359,0.03777923062443733,0.02458636835217476,0.32170388102531433,0.00982087105512619,0.06848946958780289,0.009402388706803322,0.1815289705991745,0.004391569644212723,0.0738757997751236,0.04800611361861229,0.19492222368717194,0.37527433037757874,0.005855533294379711,2.0396170616149902,0.1423468142747879,,,,,,,,,,,,,,,
,0.00019792092159970348,10369,,,,,,,,,,,,,,,,,,,,,,,,,,,,,,
12,,10369,0.05586337670683861,0.05279431864619255,0.26514768600463867,0.0032068495638668537,0.05383264273405075,0.01658494584262371,0.1829342097043991,0.01571907289326191,0.12372676283121109,0.05049605667591095,0.17666614055633545,0.40903663635253906,0.0021480354480445385,2.0804619789123535,0.08416792750358582,,,,,,,,,,,,,,,
,0.00019774135388024596,10379,,,,,,,,,,,,,,,,,,,,,,,,,,,,,,
12,,10379,0.0774756371974945,0.01402642298489809,0.19222798943519592,0.004430735949426889,0.0459495447576046,0.016054416075348854,0.14725829660892487,0.008809220977127552,0.1092805564403534,0.05600845068693161,0.17747122049331665,0.35717394948005676,0.0015885332832112908,2.083732843399048,0.10274484008550644,,,,,,,,,,,,,,,
,0.00019756170999883424,10389,,,,,,,,,,,,,,,,,,,,,,,,,,,,,,
12,,10389,0.07472672313451767,0.027285141870379448,0.23749388754367828,0.007966688834130764,0.0662822499871254,0.01319142896682024,0.14442934095859528,0.012115756049752235,0.1667538583278656,0.0652506947517395,0.16916871070861816,0.4445175528526306,0.004785084631294012,2.072591781616211,0.10158542543649673,,,,,,,,,,,,,,,
,0.00019738199024205489,10399,,,,,,,,,,,,,,,,,,,,,,,,,,,,,,
12,,10399,0.05200614035129547,0.021914305165410042,0.23270881175994873,0.002081329468637705,0.05618275701999664,0.012244736775755882,0.18108601868152618,0.013428270816802979,0.09495849907398224,0.05201438069343567,0.17672765254974365,0.3626635670661926,0.0017248692456632853,2.0208640098571777,0.12433960288763046,,,,,,,,,,,,,,,
,0.00019720219489661545,10409,,,,,,,,,,,,,,,,,,,,,,,,,,,,,,
12,,10409,0.05405385047197342,0.019146621227264404,0.2602480351924896,0.004294706508517265,0.04195254296064377,0.02857084758579731,0.14905209839344025,0.011196328327059746,0.09532792121171951,0.05040103569626808,0.19241400063037872,0.368272989988327,0.001436064951121807,2.070160150527954,0.11726167798042297,,,,,,,,,,,,,,,
,0.00019702232424934408,10419,,,,,,,,,,,,,,,,,,,,,,,,,,,,,,
12,,10419,0.05672062933444977,0.026640521362423897,0.3061864972114563,0.010765895247459412,0.05213211104273796,0.0032987133599817753,0.15450377762317657,0.004709889180958271,0.056206151843070984,0.05707994103431702,0.1993870884180069,0.345272034406662,0.0015206239186227322,2.021254539489746,0.1314976066350937,,,,,,,,,,,,,,,
,0.00019684237858718916,10429,,,,,,,,,,,,,,,,,,,,,,,,,,,,,,
12,,10429,0.048097431659698486,0.023169033229351044,0.29673534631729126,0.0046494691632688046,0.06030373275279999,0.010122074745595455,0.1577923744916916,0.009857410565018654,0.08766942471265793,0.06836611032485962,0.22494105994701385,0.3903340995311737,0.0012787055457010865,2.0700557231903076,0.16571325063705444,,,,,,,,,,,,,,,
,0.0001966623581972185,10439,,,,,,,,,,,,,,,,,,,,,,,,,,,,,,
12,,10439,0.06369641423225403,0.024455152451992035,0.2769322097301483,0.0037619746290147305,0.043851710855960846,0.02252468839287758,0.17301684617996216,0.007917946204543114,0.10171733796596527,0.0721890851855278,0.1806657761335373,0.3861580193042755,0.00494510168209672,2.0369932651519775,0.10221558809280396,,,,,,,,,,,,,,,
,0.0001964822633666194,10449,,,,,,,,,,,,,,,,,,,,,,,,,,,,,,
12,,10449,0.07860670983791351,0.019415738061070442,0.3414625823497772,0.010223000310361385,0.07307812571525574,0.012978838756680489,0.16420143842697144,0.006544945761561394,0.09847807139158249,0.07243466377258301,0.23094013333320618,0.44786569476127625,0.005691853817552328,2.030978202819824,0.18185605108737946,,,,,,,,,,,,,,,
,0.00019630209438269776,10459,,,,,,,,,,,,,,,,,,,,,,,,,,,,,,
12,,10459,0.10703244060277939,0.029713086783885956,0.2693021595478058,0.005290748085826635,0.06984653323888779,0.016284676268696785,0.19274282455444336,0.009387997910380363,0.15980491042137146,0.0641673356294632,0.1852731555700302,0.4877771735191345,0.0015219005290418863,2.005769968032837,0.1503668874502182,,,,,,,,,,,,,,,
,0.00019612185153287782,10469,,,,,,,,,,,,,,,,,,,,,,,,,,,,,,
12,,10469,0.05539579316973686,0.05200216919183731,0.3304213285446167,0.0026499812956899405,0.05651062726974487,0.016924194991588593,0.21483835577964783,0.012911396101117134,0.09867486357688904,0.04466019570827484,0.21999850869178772,0.4381430745124817,0.0019167738500982523,2.0003130435943604,0.15788932144641876,,,,,,,,,,,,,,,
,0.0001959415351047016,10479,,,,,,,,,,,,,,,,,,,,,,,,,,,,,,
12,,10479,0.04566109552979469,0.02639077417552471,0.28463393449783325,0.004272728227078915,0.05428829789161682,0.008843239396810532,0.18244510889053345,0.00798915047198534,0.05824495851993561,0.03831076622009277,0.1815890371799469,0.3459518551826477,0.006154472474008799,1.986588716506958,0.1494804322719574,,,,,,,,,,,,,,,
,0.00019576114538582862,10489,,,,,,,,,,,,,,,,,,,,,,,,,,,,,,
12,,10489,0.0692339763045311,0.023927733302116394,0.2695954740047455,0.007454596925526857,0.0411362387239933,0.015063060447573662,0.18545038998126984,0.006725860759615898,0.07352058589458466,0.07133836299180984,0.1784612536430359,0.36190059781074524,0.001772755291312933,2.0038325786590576,0.12262964993715286,,,,,,,,,,,,,,,
,0.00019558068266403519,10499,,,,,,,,,,,,,,,,,,,,,,,,,,,,,,
12,,10499,0.06252691149711609,0.04687028005719185,0.32182425260543823,0.003701564623042941,0.060616832226514816,0.0032983599230647087,0.2231484353542328,0.006803752854466438,0.11287970840930939,0.04605722054839134,0.20834338665008545,0.4320915639400482,0.0008515770896337926,1.9964720010757446,0.1337611824274063,,,,,,,,,,,,,,,
,0.00019540014722721418,10509,,,,,,,,,,,,,,,,,,,,,,,,,,,,,,
12,,10509,0.0840063989162445,0.028424831107258797,0.31163331866264343,0.006268986966460943,0.06866202503442764,0.012900659814476967,0.22327573597431183,0.013229567557573318,0.1549459546804428,0.06152104586362839,0.2187315672636032,0.5013633966445923,0.002442384837195277,2.050633668899536,0.15068037807941437,,,,,,,,,,,,,,,
,0.00019521953936337441,10519,,,,,,,,,,,,,,,,,,,,,,,,,,,,,,
12,,10519,0.04683562368154526,0.05352410301566124,0.33063802123069763,0.0050464654341340065,0.04615914821624756,0.015375268645584583,0.21095982193946838,0.00781283713877201,0.0723370760679245,0.04407579079270363,0.1755346655845642,0.38348716497421265,0.006174295675009489,2.0331668853759766,0.11470658332109451,,,,,,,,,,,,,,,
,0.00019503885936064026,10529,,,,,,,,,,,,,,,,,,,,,,,,,,,,,,
12,,10529,0.05054304003715515,0.01934349536895752,0.24927328526973724,0.0016589104197919369,0.04839794710278511,0.018383493646979332,0.1493152379989624,0.008929850533604622,0.0791003406047821,0.05305420607328415,0.19267699122428894,0.33984488248825073,0.0017745841760188341,2.0489907264709473,0.11825576424598694,,,,,,,,,,,,,,,
,0.00019485810750725113,10539,,,,,,,,,,,,,,,,,,,,,,,,,,,,,,
12,,10539,0.05131836608052254,0.024456622079014778,0.29357001185417175,0.00583956902846694,0.04292599484324455,0.0246904194355011,0.18098829686641693,0.010828963480889797,0.12334781140089035,0.040239058434963226,0.16697315871715546,0.41415852308273315,0.003718312829732895,2.0693538188934326,0.130522683262825,,,,,,,,,,,,,,,
,0.0001946772840915612,10549,,,,,,,,,,,,,,,,,,,,,,,,,,,,,,
12,,10549,0.027872489765286446,0.04952387884259224,0.23946838080883026,0.001201229402795434,0.050960738211870193,0.01797322742640972,0.1809951215982437,0.006715318188071251,0.07448946684598923,0.030562838539481163,0.17210674285888672,0.32733479142189026,0.0029832017607986927,2.0290725231170654,0.10125958174467087,,,,,,,,,,,,,,,
,0.0001944963894020387,10559,,,,,,,,,,,,,,,,,,,,,,,,,,,,,,
12,,10559,0.059460680931806564,0.02535535767674446,0.2444501519203186,0.0050949277356266975,0.05667579546570778,0.017241345718503,0.18545517325401306,0.015267854556441307,0.10597054660320282,0.05058763176202774,0.17117933928966522,0.38951683044433594,0.0022416990250349045,2.0338199138641357,0.1225227564573288,,,,,,,,,,,,,,,
,0.00019431542372726554,10569,,,,,,,,,,,,,,,,,,,,,,,,,,,,,,
12,,10569,0.04191351681947708,0.033527690917253494,0.31073305010795593,0.00988022331148386,0.06301882117986679,0.012449524365365505,0.20708858966827393,0.00723140686750412,0.07065580040216446,0.07301582396030426,0.19836857914924622,0.3851146101951599,0.0027609767857939005,2.0226593017578125,0.1420692503452301,,,,,,,,,,,,,,,
,0.00019413438735593693,10579,,,,,,,,,,,,,,,,,,,,,,,,,,,,,,
12,,10579,0.05863817036151886,0.024692624807357788,0.2707054018974304,0.001843218575231731,0.06325238198041916,0.02110399678349495,0.16099108755588531,0.009813240729272366,0.13147151470184326,0.06850206106901169,0.18545302748680115,0.4174153804779053,0.001085104770027101,2.0499424934387207,0.12938599288463593,,,,,,,,,,,,,,,
,0.00019395328057686086,10589,,,,,,,,,,,,,,,,,,,,,,,,,,,,,,
12,,10589,0.08467058092355728,0.03019261546432972,0.2734023928642273,0.005357838701456785,0.058686211705207825,0.01261831633746624,0.17756657302379608,0.0150961484760046,0.15236462652683258,0.04958953335881233,0.21912463009357452,0.4616374969482422,0.003064814954996109,2.059915781021118,0.10895103961229324,,,,,,,,,,,,,,,
,0.00019377210367895763,10599,,,,,,,,,,,,,,,,,,,,,,,,,,,,,,
12,,10599,0.08475173264741898,0.021376382559537888,0.2682388722896576,0.0018807671731337905,0.06943893432617188,0.008575588464736938,0.16362535953521729,0.009758280590176582,0.10924994945526123,0.054102085530757904,0.17843393981456757,0.4013238549232483,0.0021050614304840565,2.033869504928589,0.13525241613388062,,,,,,,,,,,,,,,
,0.00019359085695125938,10609,,,,,,,,,,,,,,,,,,,,,,,,,,,,,,
12,,10609,0.0842149406671524,0.023662613704800606,0.2593267560005188,0.001578670577146113,0.042475033551454544,0.012702255509793758,0.14145472645759583,0.006628574803471565,0.07615743577480316,0.039959561079740524,0.1597563624382019,0.34246742725372314,0.0018319180235266685,1.9875311851501465,0.12207181006669998,,,,,,,,,,,,,,,
,0.0001934095406829097,10619,,,,,,,,,,,,,,,,,,,,,,,,,,,,,,
12,,10619,0.05143565684556961,0.0557040236890316,0.39630642533302307,0.00339683098718524,0.06670745462179184,0.004396434407681227,0.25226613879203796,0.008208942599594593,0.0821482390165329,0.06602482497692108,0.22316135466098785,0.4524243175983429,0.006632791832089424,1.995552897453308,0.1622282862663269,,,,,,,,,,,,,,,
,0.000193228155163163,10629,,,,,,,,,,,,,,,,,,,,,,,,,,,,,,
12,,10629,0.028030581772327423,0.023026295006275177,0.32331958413124084,0.003224348882213235,0.052949704229831696,0.01579844392836094,0.17535053193569183,0.0035243122838437557,0.054483894258737564,0.03843853250145912,0.20569291710853577,0.34246909618377686,0.003763103624805808,2.007352828979492,0.15124374628067017,,,,,,,,,,,,,,,
,0.00019304670068138438,10639,,,,,,,,,,,,,,,,,,,,,,,,,,,,,,
12,,10639,0.046887729316949844,0.03257010132074356,0.3289541006088257,0.005918028298765421,0.0464005284011364,0.007578366901725531,0.1866993010044098,0.008929042145609856,0.09832178056240082,0.04955938085913658,0.17612247169017792,0.390638142824173,0.0031120956409722567,2.0439887046813965,0.11492165178060532,,,,,,,,,,,,,,,
,0.00019286517752704874,10649,,,,,,,,,,,,,,,,,,,,,,,,,,,,,,
12,,10649,0.057837508618831635,0.040817588567733765,0.22304242849349976,0.0035260797012597322,0.050457801669836044,0.02729843370616436,0.15054309368133545,0.005597988143563271,0.16194412112236023,0.047442395240068436,0.15053030848503113,0.420188307762146,0.001450667972676456,2.039548397064209,0.11463029682636261,,,,,,,,,,,,,,,
,0.0001926835859897407,10659,,,,,,,,,,,,,,,,,,,,,,,,,,,,,,
12,,10659,0.056539688259363174,0.026483634486794472,0.30518218874931335,0.002726315287873149,0.05956559255719185,0.011797311715781689,0.16866715252399445,0.008801434189081192,0.07350242137908936,0.08370748162269592,0.22244279086589813,0.3817310631275177,0.007698216009885073,2.072979688644409,0.12861070036888123,,,,,,,,,,,,,,,
,0.00019250192635915383,10669,,,,,,,,,,,,,,,,,,,,,,,,,,,,,,
12,,10669,0.042710963636636734,0.04265916720032692,0.37029409408569336,0.009467382915318012,0.07196281105279922,0.014413571916520596,0.1728321611881256,0.009074018336832523,0.07864782214164734,0.05867942050099373,0.2404300719499588,0.43308010697364807,0.0032228962518274784,2.0119152069091797,0.192890465259552,,,,,,,,,,,,,,,
,0.00019232019892509038,10679,,,,,,,,,,,,,,,,,,,,,,,,,,,,,,
12,,10679,0.04799400642514229,0.026864996179938316,0.20979899168014526,0.0012506127823144197,0.04448263347148895,0.011736517772078514,0.12541276216506958,0.013853912241756916,0.10628250241279602,0.032935693860054016,0.16525587439537048,0.3424038290977478,0.003065013326704502,2.044511556625366,0.11311806738376617,,,,,,,,,,,,,,,
,0.00019213840397746084,10689,,,,,,,,,,,,,,,,,,,,,,,,,,,,,,
12,,10689,0.050998326390981674,0.05244875326752663,0.2612020969390869,0.0026859543286263943,0.059342578053474426,0.005503533408045769,0.20250347256660461,0.009218674153089523,0.10601820051670074,0.05328495055437088,0.1808961033821106,0.3989993631839752,0.001948436489328742,2.0372939109802246,0.13967840373516083,,,,,,,,,,,,,,,
,0.0001919565418062833,10699,,,,,,,,,,,,,,,,,,,,,,,,,,,,,,
12,,10699,0.04462948441505432,0.025542709976434708,0.3029196262359619,0.006802109070122242,0.044611115008592606,0.007155986037105322,0.17025825381278992,0.004437207709997892,0.06411150097846985,0.052804622799158096,0.19398769736289978,0.3515705168247223,0.004124606028199196,2.0562944412231445,0.14891280233860016,,,,,,,,,,,,,,,
,0.0001917746127016832,10709,,,,,,,,,,,,,,,,,,,,,,,,,,,,,,
12,,10709,0.0732431560754776,0.015624451451003551,0.23196665942668915,0.004707139451056719,0.044636234641075134,0.005509890615940094,0.12067510187625885,0.010270039550960064,0.08982556313276291,0.07031631469726562,0.1650260090827942,0.34672844409942627,0.0067044529132544994,2.0034830570220947,0.11708152294158936,,,,,,,,,,,,,,,
,0.00019159261695389263,10719,,,,,,,,,,,,,,,,,,,,,,,,,,,,,,
12,,10719,0.07078508287668228,0.017861006781458855,0.3268613815307617,0.0028824664186686277,0.04769516736268997,0.008329671807587147,0.19254986941814423,0.007327482104301453,0.10511203110218048,0.04006671532988548,0.1932171881198883,0.426493763923645,0.017710620537400246,2.024754524230957,0.1466207504272461,,,,,,,,,,,,,,,
,0.0001914105548532501,10729,,,,,,,,,,,,,,,,,,,,,,,,,,,,,,
12,,10729,0.056107841432094574,0.048918217420578,0.3383898437023163,0.006766926497220993,0.05812036246061325,0.010579618625342846,0.20925500988960266,0.008844008669257164,0.10179942101240158,0.04770519584417343,0.2080504596233368,0.4329703748226166,0.0059208995662629604,2.029961585998535,0.13200479745864868,,,,,,,,,,,,,,,
,0.0001912284266901999,10739,,,,,,,,,,,,,,,,,,,,,,,,,,,,,,
12,,10739,0.040990300476551056,0.01686895079910755,0.2606413960456848,0.0024948492646217346,0.05565289780497551,0.014709820039570332,0.1661561131477356,0.014397266320884228,0.08941537886857986,0.06571147590875626,0.1931460201740265,0.36417677998542786,0.0035450037103146315,2.0271761417388916,0.125320166349411,,,,,,,,,,,,,,,
,0.00019104623275529177,10749,,,,,,,,,,,,,,,,,,,,,,,,,,,,,,
12,,10749,0.06346824020147324,0.0281306654214859,0.3294868767261505,0.004521762486547232,0.04056162387132645,0.007256815675646067,0.20385900139808655,0.009754810482263565,0.09711503982543945,0.03507107123732567,0.2041853815317154,0.40033572912216187,0.004100427962839603,2.021909475326538,0.10726644098758698,,,,,,,,,,,,,,,
,0.00019086397333918035,10759,,,,,,,,,,,,,,,,,,,,,,,,,,,,,,
12,,10759,0.03745633363723755,0.023506389930844307,0.31873974204063416,0.0076363785192370415,0.06296040862798691,0.010135199874639511,0.17295081913471222,0.01588163897395134,0.11835741996765137,0.05009589344263077,0.2426641285419464,0.43891042470932007,0.010668144561350346,2.0386011600494385,0.1417386829853058,,,,,,,,,,,,,,,
,0.0001906816487326248,10769,,,,,,,,,,,,,,,,,,,,,,,,,,,,,,
12,,10769,0.043995682150125504,0.024005712941288948,0.2838696837425232,0.003602177370339632,0.05178757384419441,0.014830587431788445,0.1654582917690277,0.008433892391622066,0.09345681220293045,0.07384027540683746,0.18602508306503296,0.3707399070262909,0.0037517205346375704,2.0164034366607666,0.11575476825237274,,,,,,,,,,,,,,,
,0.00019049925922648813,10779,,,,,,,,,,,,,,,,,,,,,,,,,,,,,,
12,,10779,0.03523556888103485,0.042254164814949036,0.2556990683078766,0.0036287070252001286,0.048056285828351974,0.012244547717273235,0.1797804981470108,0.010789267718791962,0.07212889194488525,0.03455878794193268,0.2034822702407837,0.3530437648296356,0.0016102358931675553,2.029651641845703,0.1489858627319336,,,,,,,,,,,,,,,
,0.000190316805111737,10789,,,,,,,,,,,,,,,,,,,,,,,,,,,,,,
12,,10789,0.058615367859601974,0.021251540631055832,0.2821979224681854,0.004502441734075546,0.05267023667693138,0.0043401652947068214,0.15361785888671875,0.005607674364000559,0.09071190655231476,0.062462493777275085,0.2135276049375534,0.3734276294708252,0.0007201280095614493,2.0460922718048096,0.14533603191375732,,,,,,,,,,,,,,,
,0.00019013428667944118,10799,,,,,,,,,,,,,,,,,,,,,,,,,,,,,,
12,,10799,0.06371114403009415,0.03522009402513504,0.31652259826660156,0.0048614502884447575,0.051903124898672104,0.011109395883977413,0.18204927444458008,0.010289199650287628,0.09644677489995956,0.05400684103369713,0.20484690368175507,0.41115859150886536,0.005037391558289528,2.0065159797668457,0.13503389060497284,,,,,,,,,,,,,,,
,0.00018995170422077292,10809,,,,,,,,,,,,,,,,,,,,,,,,,,,,,,
12,,10809,0.05196501687169075,0.01108080055564642,0.18351195752620697,0.0012689398135989904,0.040685053914785385,0.018512025475502014,0.09520220756530762,0.009393513202667236,0.08535036444664001,0.036376453936100006,0.16467709839344025,0.2935287654399872,0.0050005121156573296,2.063990354537964,0.08475761115550995,,,,,,,,,,,,,,,
,0.00018976905802700668,10819,,,,,,,,,,,,,,,,,,,,,,,,,,,,,,
12,,10819,0.03934276103973389,0.05202691629528999,0.36524736881256104,0.00517518213018775,0.05207959935069084,0.00902019627392292,0.2112409770488739,0.010174171067774296,0.09404958784580231,0.06875952333211899,0.21026785671710968,0.4253344237804413,0.004185864701867104,2.0350303649902344,0.1299518644809723,,,,,,,,,,,,,,,
,0.00018958634838951862,10829,,,,,,,,,,,,,,,,,,,,,,,,,,,,,,
12,,10829,0.05353469401597977,0.017885442823171616,0.2564101815223694,0.0030343709513545036,0.06689625978469849,0.008695550262928009,0.1578270047903061,0.006049233954399824,0.09105992317199707,0.05273371934890747,0.1737784594297409,0.3569127321243286,0.006867176853120327,1.9856421947479248,0.11954365670681,,,,,,,,,,,,,,,
,0.00018940357559978609,10839,,,,,,,,,,,,,,,,,,,,,,,,,,,,,,
12,,10839,0.0695090964436531,0.032861072570085526,0.2550903856754303,0.0019618808291852474,0.059652965515851974,0.0068971216678619385,0.1704617291688919,0.012997964397072792,0.11676623672246933,0.04479904845356941,0.17678137123584747,0.39223185181617737,0.001422654022462666,1.9815669059753418,0.10534553229808807,,,,,,,,,,,,,,,
,0.0001892207399493872,10849,,,,,,,,,,,,,,,,,,,,,,,,,,,,,,
12,,10849,0.06526962667703629,0.045674942433834076,0.32215961813926697,0.003496376099064946,0.05064196139574051,0.012012779712677002,0.1983548253774643,0.012368932366371155,0.08219341933727264,0.033723656088113785,0.20045749843120575,0.4019845128059387,0.00313803693279624,1.9935349225997925,0.1327648013830185,,,,,,,,,,,,,,,
,0.00018903784173000023,10859,,,,,,,,,,,,,,,,,,,,,,,,,,,,,,
12,,10859,0.03307121992111206,0.03539801388978958,0.33804967999458313,0.001484762178733945,0.04534473642706871,0.01617356948554516,0.18132293224334717,0.008293856866657734,0.05144722759723663,0.024474916979670525,0.2091543972492218,0.34323474764823914,0.0022448503877967596,1.9724853038787842,0.12466169148683548,,,,,,,,,,,,,,,
,0.00018885488123340343,10869,,,,,,,,,,,,,,,,,,,,,,,,,,,,,,
12,,10869,0.06959507614374161,0.016286691650748253,0.18696163594722748,0.003534947521984577,0.049958713352680206,0.011264164000749588,0.1350816935300827,0.009896159172058105,0.09306052327156067,0.06373387575149536,0.1606389433145523,0.3297327756881714,0.0018723770044744015,2.039293050765991,0.10129329562187195,,,,,,,,,,,,,,,
,0.00018867185875147432,10879,,,,,,,,,,,,,,,,,,,,,,,,,,,,,,
12,,10879,0.07854892313480377,0.04190458729863167,0.328115314245224,0.006775896996259689,0.09502561390399933,0.015213130973279476,0.19417795538902283,0.014261415228247643,0.14322152733802795,0.050595179200172424,0.21449533104896545,0.5199869275093079,0.008847762830555439,1.983379602432251,0.20671212673187256,,,,,,,,,,,,,,,
,0.00018848877457618938,10889,,,,,,,,,,,,,,,,,,,,,,,,,,,,,,
12,,10889,0.0724186897277832,0.024925237521529198,0.2712520658969879,0.0016753118252381682,0.04922148957848549,0.01506582461297512,0.15085448324680328,0.010839974507689476,0.10607397556304932,0.03588634729385376,0.1883896291255951,0.3818081319332123,0.0005796715267933905,2.0081379413604736,0.11490438878536224,,,,,,,,,,,,,,,
,0.00018830562899962346,10899,,,,,,,,,,,,,,,,,,,,,,,,,,,,,,
12,,10899,0.03582256659865379,0.03018607757985592,0.33587950468063354,0.0066023292019963264,0.045116133987903595,0.008156931027770042,0.1905767023563385,0.00325126014649868,0.04636694863438606,0.049953583627939224,0.21468065679073334,0.34357762336730957,0.002833825536072254,2.054394245147705,0.13447615504264832,,,,,,,,,,,,,,,
,0.00018812242231394923,10909,,,,,,,,,,,,,,,,,,,,,,,,,,,,,,
12,,10909,0.047416187822818756,0.03728587552905083,0.2861059904098511,0.005295814014971256,0.049377698451280594,0.015637140721082687,0.19201067090034485,0.01573050022125244,0.15235452353954315,0.04693299159407616,0.161348357796669,0.4458758234977722,0.00929243303835392,2.0689425468444824,0.1042434349656105,,,,,,,,,,,,,,,
,0.0001879391548114371,10919,,,,,,,,,,,,,,,,,,,,,,,,,,,,,,
12,,10919,0.05319128930568695,0.018052004277706146,0.22698158025741577,0.002191266743466258,0.041338805109262466,0.022372519597411156,0.12092230468988419,0.00924129132181406,0.08317175507545471,0.054103221744298935,0.17406676709651947,0.3237462639808655,0.002962087979540229,2.1070454120635986,0.09862862527370453,,,,,,,,,,,,,,,
,0.00018775582678445436,10929,,,,,,,,,,,,,,,,,,,,,,,,,,,,,,
12,,10929,0.03763742372393608,0.02721402980387211,0.31849226355552673,0.005221287254244089,0.05602077767252922,0.012707539834082127,0.16298501193523407,0.008820701390504837,0.09314567595720291,0.04534062370657921,0.20923422276973724,0.39121299982070923,0.004635002929717302,1.9697633981704712,0.147950679063797,,,,,,,,,,,,,,,
,0.0001875724385254648,10939,,,,,,,,,,,,,,,,,,,,,,,,,,,,,,
12,,10939,0.055666763335466385,0.027312271296977997,0.3351718485355377,0.008711742237210274,0.06615994870662689,0.009886516258120537,0.19158335030078888,0.008375408127903938,0.11897843331098557,0.043997082859277725,0.2000364363193512,0.4393855929374695,0.0026830597780644894,2.027864456176758,0.15113712847232819,,,,,,,,,,,,,,,
,0.0001873889903270285,10949,,,,,,,,,,,,,,,,,,,,,,,,,,,,,,
12,,10949,0.0267814788967371,0.01954471692442894,0.28217363357543945,0.0050657205283641815,0.03979165852069855,0.008712752722203732,0.1520196795463562,0.004810341168195009,0.06207508221268654,0.06184619665145874,0.17561009526252747,0.310905784368515,0.006096736527979374,2.0093865394592285,0.10096345841884613,,,,,,,,,,,,,,,
,0.0001872054824818009,10959,,,,,,,,,,,,,,,,,,,,,,,,,,,,,,
12,,10959,0.04731817543506622,0.029186394065618515,0.29623082280158997,0.006709272973239422,0.043904196470975876,0.01285802572965622,0.14848914742469788,0.008121449500322342,0.0665375217795372,0.045663945376873016,0.20137500762939453,0.3454631268978119,0.0025303896982222795,1.9396487474441528,0.11903218179941177,,,,,,,,,,,,,,,
,0.0001870219152825328,10969,,,,,,,,,,,,,,,,,,,,,,,,,,,,,,
12,,10969,0.08698250353336334,0.04058482497930527,0.33893871307373047,0.0032716768328100443,0.05592888221144676,0.008954382501542568,0.23044650256633759,0.0072251264937222,0.1924753189086914,0.05168936029076576,0.21225550770759583,0.5403477549552917,0.007357113528996706,1.9987683296203613,0.14112059772014618,,,,,,,,,,,,,,,
,0.00018683828902206967,10979,,,,,,,,,,,,,,,,,,,,,,,,,,,,,,
12,,10979,0.03823620080947876,0.04589639604091644,0.32644525170326233,0.0029999404214322567,0.05463196337223053,0.0064119817689061165,0.24124033749103546,0.015539199113845825,0.10292893648147583,0.056195300072431564,0.20156313478946686,0.4248817563056946,0.0017026453278958797,1.9946922063827515,0.13461622595787048,,,,,,,,,,,,,,,
,0.00018665460399335104,10989,,,,,,,,,,,,,,,,,,,,,,,,,,,,,,
12,,10989,0.10552658140659332,0.05166317895054817,0.3545309007167816,0.010886382311582565,0.07301633805036545,0.013751901686191559,0.2648624777793884,0.00947616621851921,0.25092360377311707,0.047198548913002014,0.19844359159469604,0.6405447721481323,0.0027042310684919357,2.0330440998077393,0.16217486560344696,,,,,,,,,,,,,,,
,0.00018647086048941033,10999,,,,,,,,,,,,,,,,,,,,,,,,,,,,,,
12,,10999,0.0845128670334816,0.01692313142120838,0.2464798539876938,0.003227556822821498,0.0526101253926754,0.011128464713692665,0.1681501865386963,0.01313759759068489,0.16391032934188843,0.0588611476123333,0.17592093348503113,0.43845033645629883,0.0019689672626554966,2.016632556915283,0.0948951467871666,,,,,,,,,,,,,,,
,0.00018628705880337424,11009,,,,,,,,,,,,,,,,,,,,,,,,,,,,,,
12,,11009,0.056203607469797134,0.024727698415517807,0.21303042769432068,0.004929207265377045,0.043467964977025986,0.005402601324021816,0.1556912064552307,0.009560519829392433,0.08974123746156693,0.08747191727161407,0.17768433690071106,0.3498879373073578,0.005413542035967112,2.0172812938690186,0.12397556751966476,,,,,,,,,,,,,,,
12,,11010,,,,,,,,,,,,,,,,0.14848032593727112,0.03193514049053192,0.2379210740327835,0.005952300503849983,0.05237294360995293,0.0017700394382700324,0.14200365543365479,0.01899062469601631,0.1727975308895111,0.07105817645788193,0.17739497125148773,0.5009812712669373,0.009000930935144424,1.9793543815612793,0.1341080218553543
,0.00018610319922846222,11019,,,,,,,,,,,,,,,,,,,,,,,,,,,,,,
13,,11019,0.0811227411031723,0.020180141553282738,0.27901923656463623,0.0022778192069381475,0.06995084881782532,0.0071813990361988544,0.1890392005443573,0.0130859250202775,0.1517927199602127,0.05883562192320824,0.21188269555568695,0.46182966232299805,0.0025592183228582144,2.063045024871826,0.13411560654640198,,,,,,,,,,,,,,,
,0.00018591928205798617,11029,,,,,,,,,,,,,,,,,,,,,,,,,,,,,,
13,,11029,0.0870211273431778,0.021408675238490105,0.22314737737178802,0.0074594588950276375,0.052110012620687485,0.008430493995547295,0.1749163269996643,0.012519404292106628,0.14982590079307556,0.04057367518544197,0.18111833930015564,0.4349934756755829,0.004599554464221001,2.0407350063323975,0.12763123214244843,,,,,,,,,,,,,,,
,0.0001857353075853498,11039,,,,,,,,,,,,,,,,,,,,,,,,,,,,,,
13,,11039,0.0642855316400528,0.02101721800863743,0.26100778579711914,0.00401268620043993,0.03829411044716835,0.00437229685485363,0.15219517052173615,0.008662214502692223,0.07724563777446747,0.02551933377981186,0.16578029096126556,0.33616775274276733,0.004972623195499182,2.052751064300537,0.11876718699932098,,,,,,,,,,,,,,,
,0.00018555127610404823,11049,,,,,,,,,,,,,,,,,,,,,,,,,,,,,,
13,,11049,0.03712347522377968,0.02274162694811821,0.22617851197719574,0.0031478265300393105,0.03799187391996384,0.012622126378118992,0.15941473841667175,0.007063044235110283,0.09952304512262344,0.05925436317920685,0.18118329346179962,0.3348117172718048,0.001048761303536594,2.032541036605835,0.09243188053369522,,,,,,,,,,,,,,,
,0.00018536718790766756,11059,,,,,,,,,,,,,,,,,,,,,,,,,,,,,,
13,,11059,0.07178740948438644,0.02389386296272278,0.2878870666027069,0.0032323815394192934,0.04983315244317055,0.02367640659213066,0.17680636048316956,0.00788858626037836,0.1014581248164177,0.033080074936151505,0.1787293553352356,0.394977867603302,0.003600622760131955,2.0363731384277344,0.12591607868671417,,,,,,,,,,,,,,,
,0.00018518304328988432,11069,,,,,,,,,,,,,,,,,,,,,,,,,,,,,,
13,,11069,0.07505608350038528,0.030137136578559875,0.2679585814476013,0.006143910810351372,0.050355032086372375,0.032930225133895874,0.180385559797287,0.01270165853202343,0.12634551525115967,0.03218099847435951,0.20105016231536865,0.43736913800239563,0.004348397720605135,2.009446620941162,0.12890580296516418,,,,,,,,,,,,,,,
,0.00018499884254446515,11079,,,,,,,,,,,,,,,,,,,,,,,,,,,,,,
13,,11079,0.05139582231640816,0.03271313011646271,0.21993249654769897,0.0057273865677416325,0.05451676994562149,0.01879062131047249,0.1710173636674881,0.011844798922538757,0.10107386857271194,0.0640113428235054,0.18564510345458984,0.3692709803581238,0.0027935977559536695,2.0643746852874756,0.10186281055212021,,,,,,,,,,,,,,,
,0.0001848145859652661,11089,,,,,,,,,,,,,,,,,,,,,,,,,,,,,,
13,,11089,0.06009514629840851,0.028765302151441574,0.21888437867164612,0.004037123639136553,0.03830712288618088,0.016319015994668007,0.1548033207654953,0.011143578216433525,0.09368372708559036,0.04344440624117851,0.15850123763084412,0.34500595927238464,0.0022024379577487707,1.9457814693450928,0.1068868637084961,,,,,,,,,,,,,,,
,0.00018463027384623242,11099,,,,,,,,,,,,,,,,,,,,,,,,,,,,,,
13,,11099,0.05685708671808243,0.025998681783676147,0.22292768955230713,0.0028961992356926203,0.04935947433114052,0.008041963912546635,0.16151586174964905,0.011801963672041893,0.1185227483510971,0.062011510133743286,0.1712864190340042,0.3743536174297333,0.00457359803840518,2.036240339279175,0.10184651613235474,,,,,,,,,,,,,,,
,0.00018444590648139782,11109,,,,,,,,,,,,,,,,,,,,,,,,,,,,,,
13,,11109,0.08611329644918442,0.020736970007419586,0.15698933601379395,0.002946383785456419,0.05026043578982353,0.007528719957917929,0.1520344465970993,0.015261329710483551,0.16115844249725342,0.04188599810004234,0.1449795663356781,0.40194350481033325,0.0011359426425769925,2.0924596786499023,0.11125438660383224,,,,,,,,,,,,,,,
,0.0001842614841648843,11119,,,,,,,,,,,,,,,,,,,,,,,,,,,,,,
13,,11119,0.07420210540294647,0.03598616644740105,0.33222949504852295,0.004076236858963966,0.06627383083105087,0.049007706344127655,0.2526739537715912,0.01517500076442957,0.12833371758460999,0.05092896148562431,0.1951104700565338,0.5052266120910645,0.0033890740014612675,2.026702404022217,0.17395323514938354,,,,,,,,,,,,,,,
,0.00018407700719090138,11129,,,,,,,,,,,,,,,,,,,,,,,,,,,,,,
13,,11129,0.05226275697350502,0.023104432970285416,0.27465882897377014,0.0034900938626378775,0.06213958561420441,0.01025850884616375,0.12618978321552277,0.008612781763076782,0.09076075255870819,0.07648296654224396,0.21519917249679565,0.37920281291007996,0.0019414291018620133,1.9901102781295776,0.16634351015090942,,,,,,,,,,,,,,,
,0.00018389247585374587,11139,,,,,,,,,,,,,,,,,,,,,,,,,,,,,,
13,,11139,0.05931282415986061,0.01772458292543888,0.266751766204834,0.003958620131015778,0.06465749442577362,0.008013397455215454,0.17444145679473877,0.010916128754615784,0.14456230401992798,0.03900522366166115,0.17975275218486786,0.4228362441062927,0.0011309781111776829,1.9834221601486206,0.13304565846920013,,,,,,,,,,,,,,,
,0.00018370789044780132,11149,,,,,,,,,,,,,,,,,,,,,,,,,,,,,,
13,,11149,0.06751950085163116,0.04688644036650658,0.36327508091926575,0.003218167694285512,0.07346025109291077,0.05377702787518501,0.22455652058124542,0.007707185577601194,0.1777617633342743,0.06014956533908844,0.20393335819244385,0.5574145913124084,0.0016668016323819757,2.0399248600006104,0.1812065988779068,,,,,,,,,,,,,,,
,0.00018352325126753743,11159,,,,,,,,,,,,,,,,,,,,,,,,,,,,,,
13,,11159,0.06733214855194092,0.04304668307304382,0.2657652199268341,0.0011039309902116656,0.051271867007017136,0.021463289856910706,0.18406085669994354,0.017006581649184227,0.12219791114330292,0.06947195529937744,0.17179138958454132,0.4216139316558838,0.0036416042130440474,2.1129486560821533,0.10901887714862823,,,,,,,,,,,,,,,
,0.0001833385586075098,11169,,,,,,,,,,,,,,,,,,,,,,,,,,,,,,
13,,11169,0.06029735505580902,0.023292118683457375,0.26895010471343994,0.006310544908046722,0.056646108627319336,0.01938985474407673,0.1652156412601471,0.005696806591004133,0.05745983123779297,0.04933570697903633,0.20082059502601624,0.34921714663505554,0.00459346454590559,1.9797931909561157,0.1409369856119156,,,,,,,,,,,,,,,
,0.00018315381276235926,11179,,,,,,,,,,,,,,,,,,,,,,,,,,,,,,
13,,11179,0.06947240233421326,0.04021945595741272,0.28939029574394226,0.003868916304782033,0.06648480147123337,0.012275643646717072,0.19882522523403168,0.017862647771835327,0.1951397955417633,0.05342380329966545,0.21529999375343323,0.5314955115318298,0.002202371135354042,2.0626888275146484,0.17080599069595337,,,,,,,,,,,,,,,
,0.00018296901402681153,11189,,,,,,,,,,,,,,,,,,,,,,,,,,,,,,
13,,11189,0.07165839523077011,0.025645557790994644,0.3011987507343292,0.005537564866244793,0.05958614498376846,0.010904470458626747,0.19304701685905457,0.005230545066297054,0.08120493590831757,0.04754069447517395,0.2043950855731964,0.395179808139801,0.006587939336895943,2.022362232208252,0.14517037570476532,,,,,,,,,,,,,,,
,0.00018278416269567672,11199,,,,,,,,,,,,,,,,,,,,,,,,,,,,,,
13,,11199,0.06177959218621254,0.03465702384710312,0.27351000905036926,0.004854446742683649,0.05987205356359482,0.020412957295775414,0.17599886655807495,0.008722016587853432,0.09841843694448471,0.03824842721223831,0.2081473469734192,0.4023095965385437,0.003180907806381583,2.056185245513916,0.14595738053321838,,,,,,,,,,,,,,,
,0.00018259925906384883,11209,,,,,,,,,,,,,,,,,,,,,,,,,,,,,,
13,,11209,0.06499582529067993,0.020612720400094986,0.2552749812602997,0.0029468422289937735,0.04351521655917168,0.026008939370512962,0.1625356674194336,0.013622166588902473,0.1033342257142067,0.047929663211107254,0.16924838721752167,0.38437819480895996,0.006254354026168585,2.075429916381836,0.1177958995103836,,,,,,,,,,,,,,,
,0.00018241430342630526,11219,,,,,,,,,,,,,,,,,,,,,,,,,,,,,,
13,,11219,0.056713610887527466,0.04400892183184624,0.2754513919353485,0.0028485641814768314,0.04818478599190712,0.021526306867599487,0.1837795078754425,0.00976509228348732,0.1030491515994072,0.04608957841992378,0.20190021395683289,0.40352654457092285,0.0015150633407756686,1.991201639175415,0.13901744782924652,,,,,,,,,,,,,,,
,0.00018222929607810643,11229,,,,,,,,,,,,,,,,,,,,,,,,,,,,,,
13,,11229,0.06936541199684143,0.033362001180648804,0.30166420340538025,0.0028791814111173153,0.07466453313827515,0.01325523667037487,0.18007642030715942,0.00850776769220829,0.12961699068546295,0.09728407859802246,0.19978322088718414,0.4557366371154785,0.0035810843110084534,2.0515637397766113,0.1592089831829071,,,,,,,,,,,,,,,
,0.0001820442373143952,11239,,,,,,,,,,,,,,,,,,,,,,,,,,,,,,
13,,11239,0.08135340362787247,0.028747553005814552,0.290579617023468,0.003896459937095642,0.1106245219707489,0.007562817540019751,0.20654524862766266,0.006676777265965939,0.2464786171913147,0.06875885277986526,0.22082822024822235,0.5976404547691345,0.0029317920561879873,2.046445846557617,0.2025127112865448,,,,,,,,,,,,,,,
,0.00018185912743039654,11249,,,,,,,,,,,,,,,,,,,,,,,,,,,,,,
13,,11249,0.06417740136384964,0.025515586137771606,0.2588406205177307,0.0061377971433103085,0.0433712936937809,0.008733340539038181,0.14308349788188934,0.00789024867117405,0.12311142683029175,0.036500416696071625,0.15620946884155273,0.38015687465667725,0.001517105265520513,2.04044508934021,0.11285271495580673,,,,,,,,,,,,,,,
,0.00018167396672141687,11259,,,,,,,,,,,,,,,,,,,,,,,,,,,,,,
13,,11259,0.0730946883559227,0.031511399894952774,0.2474939525127411,0.009299523197114468,0.053725466132164,0.018642596900463104,0.1798967719078064,0.007668894715607166,0.11236022412776947,0.05315699428319931,0.18529106676578522,0.4053231477737427,0.00609210692346096,2.0454962253570557,0.11247901618480682,,,,,,,,,,,,,,,
,0.00018148875548284376,11269,,,,,,,,,,,,,,,,,,,,,,,,,,,,,,
13,,11269,0.0471562035381794,0.03344324976205826,0.3874213993549347,0.003985228482633829,0.05576755478978157,0.01088142953813076,0.22482100129127502,0.005282558500766754,0.09830398857593536,0.06278414279222488,0.2206030935049057,0.44169098138809204,0.002452483167871833,2.037729501724243,0.16452933847904205,,,,,,,,,,,,,,,
,0.00018130349401014535,11279,,,,,,,,,,,,,,,,,,,,,,,,,,,,,,
13,,11279,0.08024143427610397,0.0176457017660141,0.21303439140319824,0.002203251700848341,0.04278479889035225,0.012879985384643078,0.14992161095142365,0.013255768455564976,0.1194768026471138,0.04617894068360329,0.16000650823116302,0.3678704798221588,0.0015044366009533405,2.0324554443359375,0.08932051807641983,,,,,,,,,,,,,,,
,0.00018111818259886994,11289,,,,,,,,,,,,,,,,,,,,,,,,,,,,,,
13,,11289,0.049158770591020584,0.04961451143026352,0.2964385747909546,0.002760965609923005,0.04010185971856117,0.013354449532926083,0.20510812103748322,0.015175026841461658,0.12453796714544296,0.04256663843989372,0.196243017911911,0.4268827736377716,0.0008297740132547915,2.0224251747131348,0.12202975153923035,,,,,,,,,,,,,,,
,0.00018093282154464546,11299,,,,,,,,,,,,,,,,,,,,,,,,,,,,,,
13,,11299,0.04488058760762215,0.02237413451075554,0.24421945214271545,0.004380100406706333,0.05348969250917435,0.008019115775823593,0.1361047625541687,0.004357076715677977,0.04483824223279953,0.04497368633747101,0.18807905912399292,0.29499030113220215,0.0028830934315919876,2.014446496963501,0.12701988220214844,,,,,,,,,,,,,,,
,0.00018074741114317914,11309,,,,,,,,,,,,,,,,,,,,,,,,,,,,,,
13,,11309,0.0644569844007492,0.025099702179431915,0.28434813022613525,0.003845087019726634,0.0463361032307148,0.01546612847596407,0.15924635529518127,0.008845938369631767,0.09315329790115356,0.041829027235507965,0.18330435454845428,0.3840949535369873,0.010362728498876095,1.9823062419891357,0.1275039166212082,,,,,,,,,,,,,,,
,0.00018056195169025683,11319,,,,,,,,,,,,,,,,,,,,,,,,,,,,,,
13,,11319,0.07074286788702011,0.03192310780286789,0.26902300119400024,0.0030823014676570892,0.03563392534852028,0.009448148310184479,0.1646248996257782,0.008264206349849701,0.07556609809398651,0.035404518246650696,0.16127139329910278,0.35212013125419617,0.002763767261058092,2.00618314743042,0.13747470080852509,,,,,,,,,,,,,,,
,0.00018037644348174267,11329,,,,,,,,,,,,,,,,,,,,,,,,,,,,,,
13,,11329,0.057440996170043945,0.05007451772689819,0.2394169121980667,0.001786704990081489,0.07060568034648895,0.003935294225811958,0.20163312554359436,0.013012106530368328,0.15435369312763214,0.03528754040598869,0.1778523027896881,0.44008123874664307,0.0005154336104169488,1.962888240814209,0.12982329726219177,,,,,,,,,,,,,,,
,0.00018019088681357857,11339,,,,,,,,,,,,,,,,,,,,,,,,,,,,,,
13,,11339,0.11130016297101974,0.039323609322309494,0.286063015460968,0.006991945672780275,0.09164133667945862,0.03275603428483009,0.22840282320976257,0.013048313558101654,0.25581201910972595,0.06486854702234268,0.19221742451190948,0.6252734065055847,0.00498499209061265,2.070030450820923,0.14224939048290253,,,,,,,,,,,,,,,
,0.00018000528198178374,11349,,,,,,,,,,,,,,,,,,,,,,,,,,,,,,
13,,11349,0.08532507717609406,0.034581635147333145,0.34182310104370117,0.012772338464856148,0.06260955333709717,0.013266760855913162,0.24379387497901917,0.013510022312402725,0.12692111730575562,0.05409911647439003,0.2212640643119812,0.5091791152954102,0.004344447050243616,2.086508274078369,0.1899571567773819,,,,,,,,,,,,,,,
,0.00017981962928245422,11359,,,,,,,,,,,,,,,,,,,,,,,,,,,,,,
13,,11359,0.041529156267642975,0.01859883777797222,0.19158758223056793,0.0008853697800077498,0.03676518797874451,0.013680124655365944,0.12856082618236542,0.0055105178616940975,0.06990500539541245,0.016785992309451103,0.15342645347118378,0.27414125204086304,0.0014890541788190603,1.969035267829895,0.097653828561306,,,,,,,,,,,,,,,
,0.00017963392901176252,11369,,,,,,,,,,,,,,,,,,,,,,,,,,,,,,
13,,11369,0.06164534389972687,0.016406670212745667,0.2766835391521454,0.005975960288196802,0.03421029821038246,0.010695483535528183,0.14394384622573853,0.005618174560368061,0.08988833427429199,0.058841273188591,0.15753617882728577,0.34617677330970764,0.0028714791405946016,2.025590181350708,0.1040424033999443,,,,,,,,,,,,,,,
,0.0001794481814659569,11379,,,,,,,,,,,,,,,,,,,,,,,,,,,,,,
13,,11379,0.05995114892721176,0.026324640959501266,0.2403225153684616,0.0047647119499742985,0.045860085636377335,0.01119066309183836,0.14112001657485962,0.0077444035559892654,0.10180037468671799,0.04598007723689079,0.19267651438713074,0.35979539155960083,0.003853478003293276,2.030740261077881,0.10419214516878128,,,,,,,,,,,,,,,
,0.00017926238694136102,11389,,,,,,,,,,,,,,,,,,,,,,,,,,,,,,
13,,11389,0.06267782300710678,0.022909579798579216,0.26857611536979675,0.009160454384982586,0.03466715291142464,0.012465822510421276,0.12163857370615005,0.003947991877794266,0.06952586770057678,0.0496738962829113,0.16820909082889557,0.32319942116737366,0.0003702226676978171,2.0308427810668945,0.10905679315328598,,,,,,,,,,,,,,,
,0.00017907654573437364,11399,,,,,,,,,,,,,,,,,,,,,,,,,,,,,,
13,,11399,0.04738589748740196,0.027439389377832413,0.2766818106174469,0.004261404275894165,0.05037884786725044,0.007315295282751322,0.1726766675710678,0.012239486910402775,0.09249437600374222,0.06417585164308548,0.17626744508743286,0.3753083646297455,0.006155933253467083,1.9889055490493774,0.12727509438991547,,,,,,,,,,,,,,,
,0.00017889065814146794,11409,,,,,,,,,,,,,,,,,,,,,,,,,,,,,,
13,,11409,0.0523035004734993,0.029892943799495697,0.3018893301486969,0.00362287531606853,0.03784279525279999,0.009529026225209236,0.16053153574466705,0.004594569094479084,0.07150301337242126,0.053962744772434235,0.20028147101402283,0.35316962003707886,0.004390245769172907,2.031540870666504,0.1262480616569519,,,,,,,,,,,,,,,
,0.00017870472445919095,11419,,,,,,,,,,,,,,,,,,,,,,,,,,,,,,
13,,11419,0.039161909371614456,0.020158251747488976,0.23017793893814087,0.004058347549289465,0.030477100983262062,0.007473841309547424,0.11494725197553635,0.004056519828736782,0.057678889483213425,0.0445338673889637,0.15774530172348022,0.2691853642463684,0.006612507626414299,2.0243661403656006,0.07253102958202362,,,,,,,,,,,,,,,
,0.00017851874498416343,11429,,,,,,,,,,,,,,,,,,,,,,,,,,,,,,
13,,11429,0.05994762107729912,0.03766463324427605,0.35657331347465515,0.003703369991853833,0.068735770881176,0.015486110933125019,0.22992607951164246,0.007868516258895397,0.12561607360839844,0.048865824937820435,0.20183059573173523,0.47297951579093933,0.007869175635278225,1.987414002418518,0.1526874303817749,,,,,,,,,,,,,,,
,0.0001783327200130791,11439,,,,,,,,,,,,,,,,,,,,,,,,,,,,,,
13,,11439,0.0511937215924263,0.023402681574225426,0.20879092812538147,0.001804692903533578,0.04797202721238136,0.01733722910284996,0.122713103890419,0.007609502412378788,0.08510365337133408,0.047887660562992096,0.17368799448013306,0.3252972662448883,0.0031649726442992687,2.044205665588379,0.122528575360775,,,,,,,,,,,,,,,
,0.00017814664984270424,11449,,,,,,,,,,,,,,,,,,,,,,,,,,,,,,
13,,11449,0.047495801001787186,0.04560667276382446,0.2721094489097595,0.003611741354689002,0.0459069199860096,0.008004782721400261,0.1875411570072174,0.01075104158371687,0.12333742529153824,0.04917343333363533,0.17526642978191376,0.40306881070137024,0.004538238979876041,2.024209976196289,0.10804421454668045,,,,,,,,,,,,,,,
,0.0001779605347698773,11459,,,,,,,,,,,,,,,,,,,,,,,,,,,,,,
13,,11459,0.04184357449412346,0.022199155762791634,0.2656283676624298,0.004870585631579161,0.0395192950963974,0.011415260843932629,0.15069514513015747,0.005723298992961645,0.05884823203086853,0.06262461096048355,0.17352710664272308,0.31211036443710327,0.001520995399914682,2.0563313961029053,0.11432313919067383,,,,,,,,,,,,,,,
,0.00017777437509150826,11469,,,,,,,,,,,,,,,,,,,,,,,,,,,,,,
13,,11469,0.0343085415661335,0.03308391943573952,0.2713997960090637,0.00439730379730463,0.05125216022133827,0.01297219842672348,0.1605333536863327,0.006622761022299528,0.06579272449016571,0.03664766997098923,0.18746651709079742,0.3384101986885071,0.00456828810274601,1.9995547533035278,0.14266130328178406,,,,,,,,,,,,,,,
,0.00017758817110457843,11479,,,,,,,,,,,,,,,,,,,,,,,,,,,,,,
13,,11479,0.05772274360060692,0.02145470678806305,0.25951921939849854,0.0017866016132757068,0.050760120153427124,0.016344614326953888,0.1440822184085846,0.00679128710180521,0.06969303637742996,0.03588114678859711,0.214380145072937,0.3398019075393677,0.0044061411172151566,1.9958866834640503,0.1222824677824974,,,,,,,,,,,,,,,
,0.0001774019231061396,11489,,,,,,,,,,,,,,,,,,,,,,,,,,,,,,
13,,11489,0.05991261824965477,0.019207309931516647,0.21562613546848297,0.004567105323076248,0.05057515203952789,0.017940834164619446,0.16168473660945892,0.015547599643468857,0.13606718182563782,0.05644439533352852,0.16020452976226807,0.3997013568878174,0.004119332414120436,2.0306575298309326,0.11510036885738373,,,,,,,,,,,,,,,
,0.00017721563139331395,11499,,,,,,,,,,,,,,,,,,,,,,,,,,,,,,
13,,11499,0.06126432865858078,0.01618623174726963,0.22453556954860687,0.004327385686337948,0.03245856240391731,0.011856304481625557,0.13041384518146515,0.009648317471146584,0.08995846658945084,0.03598498925566673,0.16593345999717712,0.32849451899528503,0.005683576688170433,2.0409436225891113,0.0972624346613884,,,,,,,,,,,,,,,
,0.0001770292962632933,11509,,,,,,,,,,,,,,,,,,,,,,,,,,,,,,
13,,11509,0.03783581778407097,0.026525398716330528,0.2937502861022949,0.0010823687771335244,0.05947726592421532,0.008537537418305874,0.19739891588687897,0.007753103971481323,0.07655642926692963,0.050649505108594894,0.19538076221942902,0.36520153284072876,0.0012658900814130902,2.0094425678253174,0.15243083238601685,,,,,,,,,,,,,,,
,0.0001768429180133387,11519,,,,,,,,,,,,,,,,,,,,,,,,,,,,,,
13,,11519,0.05774625763297081,0.01861775852739811,0.26526495814323425,0.005618407856673002,0.056574199348688126,0.011715608648955822,0.14812110364437103,0.007962274365127087,0.09058961272239685,0.04662877321243286,0.19995716214179993,0.36452433466911316,0.0028948558028787374,2.0030629634857178,0.12514030933380127,,,,,,,,,,,,,,,
,0.00017665649694078014,11529,,,,,,,,,,,,,,,,,,,,,,,,,,,,,,
13,,11529,0.05191425606608391,0.019690727815032005,0.3323253095149994,0.0033194117713719606,0.060361504554748535,0.008921165950596333,0.18148355185985565,0.012098552659153938,0.12140099704265594,0.056189004331827164,0.20806382596492767,0.4304904043674469,0.004011951852589846,2.0310873985290527,0.13721834123134613,,,,,,,,,,,,,,,
,0.0001764700333430158,11539,,,,,,,,,,,,,,,,,,,,,,,,,,,,,,
13,,11539,0.05766689032316208,0.04311094433069229,0.34441033005714417,0.00743896747007966,0.037444327026605606,0.019183358177542686,0.20758508145809174,0.01000135950744152,0.06817079335451126,0.06393858045339584,0.1625470519065857,0.39105600118637085,0.004813803359866142,2.0375428199768066,0.12760324776172638,,,,,,,,,,,,,,,
,0.00017628352751751164,11549,,,,,,,,,,,,,,,,,,,,,,,,,,,,,,
13,,11549,0.0851379781961441,0.029336633160710335,0.28292936086654663,0.0024685380049049854,0.06810244917869568,0.01643960550427437,0.206280916929245,0.00857935193926096,0.21674928069114685,0.0934043601155281,0.20028583705425262,0.5432780981063843,0.002089916728436947,2.0399017333984375,0.14441697299480438,,,,,,,,,,,,,,,
,0.00017609697976180125,11559,,,,,,,,,,,,,,,,,,,,,,,,,,,,,,
13,,11559,0.04514538496732712,0.01865306682884693,0.2749725878238678,0.0064515178091824055,0.04661733657121658,0.006715479306876659,0.1537453979253769,0.012758390977978706,0.10491642355918884,0.05033712089061737,0.19171200692653656,0.3742569386959076,0.003890547901391983,2.0661988258361816,0.11457658559083939,,,,,,,,,,,,,,,
,0.00017591039037348477,11569,,,,,,,,,,,,,,,,,,,,,,,,,,,,,,
13,,11569,0.05952174589037895,0.03398553282022476,0.29802003502845764,0.00630812905728817,0.0366181880235672,0.0070015983656048775,0.1956218183040619,0.004761219955980778,0.07075472176074982,0.03026662953197956,0.17868860065937042,0.35128647089004517,0.0021948725916445255,2.013293504714966,0.10889295488595963,,,,,,,,,,,,,,,
,0.00017572375965022903,11579,,,,,,,,,,,,,,,,,,,,,,,,,,,,,,
13,,11579,0.03919348865747452,0.026203103363513947,0.3021255135536194,0.002745379228144884,0.041658081114292145,0.013095879927277565,0.15867117047309875,0.004959532059729099,0.03562842682003975,0.059468455612659454,0.21591785550117493,0.3103664219379425,0.005480943247675896,2.0249600410461426,0.10700809955596924,,,,,,,,,,,,,,,
,0.00017553708788976661,11589,,,,,,,,,,,,,,,,,,,,,,,,,,,,,,
13,,11589,0.025159157812595367,0.03084412030875683,0.3276525139808655,0.0024473427329212427,0.037919629365205765,0.003945797681808472,0.16766434907913208,0.006900796666741371,0.05359091982245445,0.050856322050094604,0.20526713132858276,0.3293144404888153,0.0046162172220647335,1.967145562171936,0.12165142595767975,,,,,,,,,,,,,,,
,0.00017535037538989577,11599,,,,,,,,,,,,,,,,,,,,,,,,,,,,,,
13,,11599,0.04878364875912666,0.05874839052557945,0.3297288715839386,0.005788573529571295,0.08903449773788452,0.018599262461066246,0.24112774431705475,0.022766228765249252,0.2159413993358612,0.07452385127544403,0.23203922808170319,0.5945794582366943,0.0037902616895735264,2.061089277267456,0.16685524582862854,,,,,,,,,,,,,,,
,0.00017516362244847952,11609,,,,,,,,,,,,,,,,,,,,,,,,,,,,,,
13,,11609,0.08391081541776657,0.011919298209249973,0.23552145063877106,0.003491344628855586,0.05270605906844139,0.01926715299487114,0.15941137075424194,0.017960479483008385,0.16301286220550537,0.05224696174263954,0.18074090778827667,0.44574928283691406,0.0005441352841444314,2.021756649017334,0.12237580120563507,,,,,,,,,,,,,,,
,0.00017497682936344551,11619,,,,,,,,,,,,,,,,,,,,,,,,,,,,,,
13,,11619,0.04855087399482727,0.0406823456287384,0.32999885082244873,0.0028147660195827484,0.06962095201015472,0.01751858741044998,0.1902286857366562,0.010466540232300758,0.15365704894065857,0.049258965998888016,0.23160326480865479,0.4876706004142761,0.007346875965595245,2.027491331100464,0.15468713641166687,,,,,,,,,,,,,,,
,0.0001747899964327855,11629,,,,,,,,,,,,,,,,,,,,,,,,,,,,,,
13,,11629,0.017217716202139854,0.02430378645658493,0.25810912251472473,0.0025324285961687565,0.02808290533721447,0.009358452633023262,0.12165145576000214,0.004106396809220314,0.02873985655605793,0.03559316694736481,0.16107288002967834,0.2426246851682663,0.0036963634192943573,2.0074923038482666,0.09373382478952408,,,,,,,,,,,,,,,
,0.00017460312395455464,11639,,,,,,,,,,,,,,,,,,,,,,,,,,,,,,
13,,11639,0.032115694135427475,0.016656948253512383,0.2359626293182373,0.0021881302818655968,0.033366069197654724,0.005912943743169308,0.1349017322063446,0.0075312415137887,0.07645716518163681,0.031309448182582855,0.15372267365455627,0.2878064215183258,0.004348755348473787,1.9777363538742065,0.07769110798835754,,,,,,,,,,,,,,,
,0.0001744162122268714,11649,,,,,,,,,,,,,,,,,,,,,,,,,,,,,,
13,,11649,0.03112458623945713,0.04689400643110275,0.3365616202354431,0.0033552702516317368,0.048631686717271805,0.006024835165590048,0.16195477545261383,0.006792366970330477,0.04061833396553993,0.04662773758172989,0.1994708627462387,0.32835301756858826,0.003633123589679599,1.9984104633331299,0.12039397656917572,,,,,,,,,,,,,,,
,0.0001742292615479166,11659,,,,,,,,,,,,,,,,,,,,,,,,,,,,,,
13,,11659,0.052504971623420715,0.024295013397932053,0.25425589084625244,0.0026718147564679384,0.05359701067209244,0.00895956251770258,0.12883901596069336,0.007273326627910137,0.07417988032102585,0.08212464302778244,0.18185313045978546,0.340023934841156,0.002356248442083597,2.0487871170043945,0.1417243778705597,,,,,,,,,,,,,,,
,0.0001740422722159334,11669,,,,,,,,,,,,,,,,,,,,,,,,,,,,,,
13,,11669,0.04257435351610184,0.015266738831996918,0.2717507481575012,0.003981523681432009,0.05996255949139595,0.0070948973298072815,0.16124776005744934,0.009126297198235989,0.10855241864919662,0.07453558593988419,0.1834632158279419,0.3829747140407562,0.0041371616534888744,2.044689655303955,0.13845066726207733,,,,,,,,,,,,,,,
,0.00017385524452922653,11679,,,,,,,,,,,,,,,,,,,,,,,,,,,,,,
13,,11679,0.032223016023635864,0.026797572150826454,0.30149605870246887,0.004085571970790625,0.06139502301812172,0.009627184830605984,0.23107300698757172,0.011144707910716534,0.06859666109085083,0.0406746044754982,0.1970851570367813,0.36186349391937256,0.0031180595979094505,1.9672777652740479,0.11396761983633041,,,,,,,,,,,,,,,
,0.00017366817878616193,11689,,,,,,,,,,,,,,,,,,,,,,,,,,,,,,
13,,11689,0.04960928112268448,0.02451796643435955,0.2785261273384094,0.004755609668791294,0.05308641865849495,0.005839973222464323,0.15131250023841858,0.007061402779072523,0.07781454175710678,0.05022680386900902,0.20953316986560822,0.37186264991760254,0.0027632261626422405,2.0572047233581543,0.1927928328514099,,,,,,,,,,,,,,,
,0.0001734810752851663,11699,,,,,,,,,,,,,,,,,,,,,,,,,,,,,,
13,,11699,0.053295623511075974,0.026157548651099205,0.30259454250335693,0.004506026394665241,0.06063190475106239,0.012089134193956852,0.1991996318101883,0.011337576434016228,0.1769193857908249,0.045208610594272614,0.18080982565879822,0.4763556718826294,0.004304071888327599,1.9728370904922485,0.12484584003686905,,,,,,,,,,,,,,,
,0.00017329393432472654,11709,,,,,,,,,,,,,,,,,,,,,,,,,,,,,,
13,,11709,0.043319229036569595,0.025365788489580154,0.21280553936958313,0.0027970941737294197,0.04441719502210617,0.019931728020310402,0.13468396663665771,0.008622259832918644,0.09937795251607895,0.05281352996826172,0.15295547246932983,0.33352982997894287,0.004229854792356491,2.016566276550293,0.0986693948507309,,,,,,,,,,,,,,,
,0.00017310675620338918,11719,,,,,,,,,,,,,,,,,,,,,,,,,,,,,,
13,,11719,0.059881314635276794,0.02848397009074688,0.3022320568561554,0.004095789976418018,0.0439547523856163,0.014161467552185059,0.16683709621429443,0.007083033211529255,0.08613371849060059,0.04597453027963638,0.2001844197511673,0.37491944432258606,0.0009075751295313239,2.0400807857513428,0.12661238014698029,,,,,,,,,,,,,,,
,0.00017291954121976028,11729,,,,,,,,,,,,,,,,,,,,,,,,,,,,,,
13,,11729,0.03384356200695038,0.04053560644388199,0.23203659057617188,0.002236883854493499,0.032555002719163895,0.00714925117790699,0.15461188554763794,0.004344005137681961,0.052706021815538406,0.05498851090669632,0.18606919050216675,0.29247865080833435,0.0042997440323233604,2.0065555572509766,0.10105504840612411,,,,,,,,,,,,,,,
,0.0001727322896725046,11739,,,,,,,,,,,,,,,,,,,,,,,,,,,,,,
13,,11739,0.06020304188132286,0.02119489200413227,0.26325270533561707,0.0025387434288859367,0.045969586819410324,0.006666390225291252,0.15623044967651367,0.007812557741999626,0.09703270345926285,0.04490034282207489,0.16862401366233826,0.35401636362075806,0.0016230028122663498,2.020859479904175,0.11037005484104156,,,,,,,,,,,,,,,
,0.00017254500186034507,11749,,,,,,,,,,,,,,,,,,,,,,,,,,,,,,
13,,11749,0.034702494740486145,0.02836044877767563,0.33157601952552795,0.001066484022885561,0.0477263368666172,0.03422155603766441,0.1793956756591797,0.0032926101703196764,0.031379781663417816,0.02917088381946087,0.20857487618923187,0.32564327120780945,0.002482044044882059,2.058384418487549,0.1309073120355606,,,,,,,,,,,,,,,
,0.0001723576780820627,11759,,,,,,,,,,,,,,,,,,,,,,,,,,,,,,
13,,11759,0.04731649532914162,0.022612709552049637,0.2552100121974945,0.0017013555625453591,0.042798977345228195,0.006699983961880207,0.1331147700548172,0.008400999009609222,0.07767339050769806,0.045054253190755844,0.17889584600925446,0.32153111696243286,0.002531034406274557,2.048996686935425,0.10697424411773682,,,,,,,,,,,,,,,
,0.0001721703186364958,11769,,,,,,,,,,,,,,,,,,,,,,,,,,,,,,
13,,11769,0.08626915514469147,0.032042279839515686,0.3262914717197418,0.002661222591996193,0.08725002408027649,0.02065563201904297,0.22951729595661163,0.012375537306070328,0.26073336601257324,0.06049726530909538,0.17485864460468292,0.6179488301277161,0.005210029426962137,2.031583547592163,0.1652127355337143,,,,,,,,,,,,,,,
,0.0001719829238225395,11779,,,,,,,,,,,,,,,,,,,,,,,,,,,,,,
13,,11779,0.04988115653395653,0.02045777253806591,0.23075954616069794,0.0023975076619535685,0.0507550910115242,0.009245497174561024,0.1719532161951065,0.007030748296529055,0.06088872626423836,0.05897900462150574,0.16676218807697296,0.3104187250137329,0.0042825001291930676,2.023481845855713,0.10322855412960052,,,,,,,,,,,,,,,
,0.00017179549393914553,11789,,,,,,,,,,,,,,,,,,,,,,,,,,,,,,
13,,11789,0.029118141159415245,0.021427033469080925,0.24954678118228912,0.0028262720443308353,0.04944499582052231,0.005103557836264372,0.12812303006649017,0.005784132517874241,0.05955392122268677,0.03957308083772659,0.17000293731689453,0.2931320369243622,0.0009157233871519566,2.0695223808288574,0.13059239089488983,,,,,,,,,,,,,,,
,0.00017160802928532136,11799,,,,,,,,,,,,,,,,,,,,,,,,,,,,,,
13,,11799,0.054729826748371124,0.01868107169866562,0.26042652130126953,0.009606839157640934,0.05641687661409378,0.007485599722713232,0.13283631205558777,0.007746286690235138,0.1301705539226532,0.06514740735292435,0.18151432275772095,0.4018458425998688,0.004671285394579172,2.0694756507873535,0.1318482905626297,,,,,,,,,,,,,,,
,0.00017142053016013008,11809,,,,,,,,,,,,,,,,,,,,,,,,,,,,,,
13,,11809,0.08895950019359589,0.021560249850153923,0.2777996361255646,0.003444307018071413,0.07428858429193497,0.012632869184017181,0.19419530034065247,0.014860718511044979,0.1638529747724533,0.05965787172317505,0.177124485373497,0.4852893650531769,0.0034601930528879166,2.0529325008392334,0.15138816833496094,,,,,,,,,,,,,,,
,0.00017123299686268967,11819,,,,,,,,,,,,,,,,,,,,,,,,,,,,,,
13,,11819,0.05146142095327377,0.02600172907114029,0.3440910577774048,0.003169045550748706,0.060148078948259354,0.008021893911063671,0.16666735708713531,0.011213524267077446,0.10561506450176239,0.04560237377882004,0.21185460686683655,0.4277033507823944,0.0056823971681296825,2.054863452911377,0.17579497396945953,,,,,,,,,,,,,,,
,0.00017104542969217278,11829,,,,,,,,,,,,,,,,,,,,,,,,,,,,,,
13,,11829,0.06834637373685837,0.027363967150449753,0.21007154881954193,0.0031059994362294674,0.04196146875619888,0.01717992126941681,0.1587257832288742,0.008315473794937134,0.09904539585113525,0.03523998707532883,0.1404123455286026,0.3386220932006836,0.0007918808260001242,2.009460687637329,0.09030958265066147,,,,,,,,,,,,,,,
,0.00017085782894780594,11839,,,,,,,,,,,,,,,,,,,,,,,,,,,,,,
13,,11839,0.041239555925130844,0.030600493773818016,0.2869483232498169,0.005124776158481836,0.058212779462337494,0.015764255076646805,0.18258291482925415,0.011075617745518684,0.09202408045530319,0.07035757601261139,0.19159391522407532,0.39019516110420227,0.004747271537780762,2.0354228019714355,0.13775157928466797,,,,,,,,,,,,,,,
,0.0001706701949288692,11849,,,,,,,,,,,,,,,,,,,,,,,,,,,,,,
13,,11849,0.03645992651581764,0.03500247374176979,0.23148494958877563,0.004567457363009453,0.030443426221609116,0.008218787610530853,0.17162907123565674,0.008770685642957687,0.06915631890296936,0.048602018505334854,0.13844545185565948,0.2991280257701874,0.004132094793021679,2.032072067260742,0.07072700560092926,,,,,,,,,,,,,,,
13,,11857,,,,,,,,,,,,,,,,0.14588314294815063,0.02787448838353157,0.23510156571865082,0.005326052196323872,0.05174559727311134,0.0018218446057289839,0.1465366780757904,0.01915031485259533,0.17799131572246552,0.07301552593708038,0.17635631561279297,0.5039564371109009,0.0098044965416193,1.9825809001922607,0.1345243602991104
,0.00017048252793469594,11859,,,,,,,,,,,,,,,,,,,,,,,,,,,,,,
14,,11859,0.07797937840223312,0.03197474777698517,0.25162041187286377,0.00986570119857788,0.059390999376773834,0.0158978421241045,0.18451958894729614,0.011996853165328503,0.1854512244462967,0.06646980345249176,0.16489118337631226,0.48390626907348633,0.002762457588687539,2.0220963954925537,0.11562999337911606,,,,,,,,,,,,,,,
,0.00017029482826467192,11869,,,,,,,,,,,,,,,,,,,,,,,,,,,,,,
14,,11869,0.030326785519719124,0.02902444638311863,0.3096132278442383,0.0042752730660140514,0.0470082089304924,0.011625234968960285,0.16817866265773773,0.00734579237177968,0.07180657237768173,0.04436790198087692,0.19501809775829315,0.344871461391449,0.002762725343927741,1.9845868349075317,0.11251945793628693,,,,,,,,,,,,,,,
,0.00017010709621823508,11879,,,,,,,,,,,,,,,,,,,,,,,,,,,,,,
14,,11879,0.0582546629011631,0.025150995701551437,0.2521963119506836,0.001398789812810719,0.07075364142656326,0.013263308443129063,0.196110337972641,0.005890748929232359,0.17837443947792053,0.03527604788541794,0.2034202665090561,0.46116480231285095,0.0026999851688742638,2.053560733795166,0.12877041101455688,,,,,,,,,,,,,,,
,0.00016991933209487507,11889,,,,,,,,,,,,,,,,,,,,,,,,,,,,,,
14,,11889,0.06951374560594559,0.026714380830526352,0.21072973310947418,0.0024772800970822573,0.038107819855213165,0.010140394791960716,0.15044231712818146,0.008657781407237053,0.094024658203125,0.04154914617538452,0.15167611837387085,0.332527220249176,0.0019484362564980984,2.0754497051239014,0.09327382594347,,,,,,,,,,,,,,,
,0.00016973153619413266,11899,,,,,,,,,,,,,,,,,,,,,,,,,,,,,,
14,,11899,0.08934549242258072,0.031144913285970688,0.31793493032455444,0.003728515235707164,0.06240861117839813,0.012383622117340565,0.20898586511611938,0.012716664932668209,0.1494263857603073,0.037948355078697205,0.19958391785621643,0.4765241742134094,0.0036863721907138824,2.006864309310913,0.11601867526769638,,,,,,,,,,,,,,,
,0.00016954370881559934,11909,,,,,,,,,,,,,,,,,,,,,,,,,,,,,,
14,,11909,0.044806428253650665,0.04273880645632744,0.27368587255477905,0.0022144026588648558,0.03449660539627075,0.014375800266861916,0.14059661328792572,0.0048708682879805565,0.054019100964069366,0.06892340630292892,0.19388329982757568,0.3198806643486023,0.0015060409205034375,2.015087842941284,0.11863117665052414,,,,,,,,,,,,,,,
,0.0001693558502589168,11919,,,,,,,,,,,,,,,,,,,,,,,,,,,,,,
14,,11919,0.04987897723913193,0.03922116383910179,0.3233567774295807,0.0009495781851001084,0.04572783783078194,0.011232687160372734,0.18848226964473724,0.0037202879320830107,0.033048152923583984,0.07026853412389755,0.18841280043125153,0.3169509768486023,0.002487990539520979,1.9957355260849,0.08906087279319763,,,,,,,,,,,,,,,
,0.0001691679608237765,11929,,,,,,,,,,,,,,,,,,,,,,,,,,,,,,
14,,11929,0.05047163739800453,0.018784530460834503,0.2281235307455063,0.0017360025085508823,0.04272015765309334,0.01633668690919876,0.12568235397338867,0.008522756397724152,0.08752702176570892,0.04583195596933365,0.1741413176059723,0.33634692430496216,0.008867904543876648,2.0619165897369385,0.12178169190883636,,,,,,,,,,,,,,,
,0.00016898004080991908,11939,,,,,,,,,,,,,,,,,,,,,,,,,,,,,,
14,,11939,0.04440544173121452,0.02169927768409252,0.2361285388469696,0.006571047008037567,0.05102790519595146,0.006257927510887384,0.15412834286689758,0.011097272858023643,0.09630247950553894,0.0665208175778389,0.1800052374601364,0.3525865375995636,0.004693224560469389,1.9847105741500854,0.10601437836885452,,,,,,,,,,,,,,,
,0.00016879209051713398,11949,,,,,,,,,,,,,,,,,,,,,,,,,,,,,,
14,,11949,0.05350423976778984,0.023072782903909683,0.30418822169303894,0.0019353142706677318,0.05097226798534393,0.014554438181221485,0.16760340332984924,0.011153590865433216,0.10460959374904633,0.0610644705593586,0.1801341325044632,0.39412862062454224,0.00399103295058012,2.0559208393096924,0.12697917222976685,,,,,,,,,,,,,,,
,0.00016860411024525912,11959,,,,,,,,,,,,,,,,,,,,,,,,,,,,,,
14,,11959,0.06645681709051132,0.036760445684194565,0.24763068556785583,0.002521807560697198,0.051551975309848785,0.01765882596373558,0.18004608154296875,0.01352487038820982,0.12393158674240112,0.05736151337623596,0.17042943835258484,0.40740713477134705,0.00590506149455905,2.0305709838867188,0.09960991889238358,,,,,,,,,,,,,,,
,0.00016841610029417998,11969,,,,,,,,,,,,,,,,,,,,,,,,,,,,,,
14,,11969,0.04634971544146538,0.017727283760905266,0.23273307085037231,0.002652820199728012,0.03984743729233742,0.035997144877910614,0.1404762864112854,0.004941673018038273,0.07562427222728729,0.0386747345328331,0.16699634492397308,0.3241625130176544,0.0027165531646460295,2.018465042114258,0.11953825503587723,,,,,,,,,,,,,,,
,0.0001682280609638296,11979,,,,,,,,,,,,,,,,,,,,,,,,,,,,,,
14,,11979,0.054966382682323456,0.03178803250193596,0.28134843707084656,0.004978583659976721,0.05444777384400368,0.010182887315750122,0.18351241946220398,0.012145865708589554,0.13688042759895325,0.04300478845834732,0.1797819286584854,0.4351368844509125,0.009681039489805698,1.9918001890182495,0.13286472856998444,,,,,,,,,,,,,,,
,0.00016803999255418772,11989,,,,,,,,,,,,,,,,,,,,,,,,,,,,,,
14,,11989,0.06158708408474922,0.032652515918016434,0.2708829641342163,0.004639634862542152,0.06622432917356491,0.008903006091713905,0.14878039062023163,0.007252933457493782,0.08346351236104965,0.03669700771570206,0.1868409663438797,0.3673868775367737,0.0017254780977964401,2.0296058654785156,0.1470348834991455,,,,,,,,,,,,,,,
,0.00016785189536528065,11999,,,,,,,,,,,,,,,,,,,,,,,,,,,,,,
14,,11999,0.06198003143072128,0.05222376063466072,0.37541139125823975,0.005740755703300238,0.05814816430211067,0.013391654938459396,0.21445228159427643,0.005124085117131472,0.090384341776371,0.06311420351266861,0.22318318486213684,0.4528893530368805,0.004686614964157343,2.034111261367798,0.17833635210990906,,,,,,,,,,,,,,,
,0.00016766376969718042,12009,,,,,,,,,,,,,,,,,,,,,,,,,,,,,,
14,,12009,0.07932703197002411,0.017580563202500343,0.29034608602523804,0.002793652471154928,0.05363643541932106,0.02075078897178173,0.1620127111673355,0.010359026491641998,0.1334206908941269,0.0536297932267189,0.18145540356636047,0.44055718183517456,0.005052956286817789,2.030815362930298,0.1550268530845642,,,,,,,,,,,,,,,
,0.0001674756158500046,12019,,,,,,,,,,,,,,,,,,,,,,,,,,,,,,
14,,12019,0.049923405051231384,0.017159828916192055,0.17595401406288147,0.0032438086345791817,0.042661551386117935,0.010963227599859238,0.1108090728521347,0.007002302911132574,0.0833735316991806,0.04391908273100853,0.14551648497581482,0.28730714321136475,0.002964026527479291,2.0405313968658447,0.08857066929340363,,,,,,,,,,,,,,,
,0.0001672874341239158,12029,,,,,,,,,,,,,,,,,,,,,,,,,,,,,,
14,,12029,0.07058193534612656,0.035020384937524796,0.24250364303588867,0.0021559991873800755,0.08090852946043015,0.006522525101900101,0.16540202498435974,0.014628353528678417,0.1309417486190796,0.05690949037671089,0.19844000041484833,0.428754061460495,0.002826730953529477,2.0850830078125,0.14362576603889465,,,,,,,,,,,,,,,
,0.0001670992248191209,12039,,,,,,,,,,,,,,,,,,,,,,,,,,,,,,
14,,12039,0.030565880239009857,0.028758492320775986,0.2888518273830414,0.0021050646901130676,0.055584866553545,0.01747152954339981,0.15326829254627228,0.010418778285384178,0.05058777704834938,0.058544643223285675,0.194844588637352,0.32463955879211426,0.0023140464909374714,2.025709390640259,0.12357442080974579,,,,,,,,,,,,,,,
,0.00016691098823587092,12049,,,,,,,,,,,,,,,,,,,,,,,,,,,,,,
14,,12049,0.04666523635387421,0.04229099303483963,0.23263272643089294,0.001565110869705677,0.050609290599823,0.015289423987269402,0.17066779732704163,0.009611284360289574,0.0869324654340744,0.06928619742393494,0.1693904548883438,0.3505544066429138,0.006424372084438801,2.066784381866455,0.0958244726061821,,,,,,,,,,,,,,,
,0.00016672272467446037,12059,,,,,,,,,,,,,,,,,,,,,,,,,,,,,,
14,,12059,0.05797824636101723,0.043863680213689804,0.3251475393772125,0.006621478591114283,0.062404531985521317,0.006208023987710476,0.22121790051460266,0.01240728422999382,0.1557924747467041,0.06778425723314285,0.21378852427005768,0.49678143858909607,0.006962176412343979,2.0555787086486816,0.14661408960819244,,,,,,,,,,,,,,,
,0.00016653443443522678,12069,,,,,,,,,,,,,,,,,,,,,,,,,,,,,,
14,,12069,0.0318678617477417,0.028351394459605217,0.2910873591899872,0.00164224358741194,0.05027627944946289,0.013175810687243938,0.15124644339084625,0.004040766041725874,0.05828562751412392,0.031867288053035736,0.18820559978485107,0.31352150440216064,0.0012471352238208055,2.025000810623169,0.11438415199518204,,,,,,,,,,,,,,,
,0.00016634611781855024,12079,,,,,,,,,,,,,,,,,,,,,,,,,,,,,,
14,,12079,0.08246428519487381,0.02952667511999607,0.22037866711616516,0.019197311252355576,0.042242083698511124,0.008830179460346699,0.1623607575893402,0.009044654667377472,0.11606208235025406,0.03976963087916374,0.14731304347515106,0.37844720482826233,0.0019262508722022176,2.0795559883117676,0.07355545461177826,,,,,,,,,,,,,,,
,0.00016615777512485292,12089,,,,,,,,,,,,,,,,,,,,,,,,,,,,,,
14,,12089,0.06060909479856491,0.026507573202252388,0.30190134048461914,0.0021832140628248453,0.06285838782787323,0.00874421838670969,0.19955980777740479,0.011638466268777847,0.12303575873374939,0.057680394500494,0.18501494824886322,0.4272416830062866,0.0005504936561919749,2.032257080078125,0.14241352677345276,,,,,,,,,,,,,,,
,0.00016596940665459864,12099,,,,,,,,,,,,,,,,,,,,,,,,,,,,,,
14,,12099,0.03650021553039551,0.013647994957864285,0.22708706557750702,0.0037206176202744246,0.04073639586567879,0.006452746223658323,0.12181918323040009,0.004473361652344465,0.06175782531499863,0.044350456446409225,0.162969172000885,0.2754669785499573,0.001477608340792358,2.0556280612945557,0.09696821868419647,,,,,,,,,,,,,,,
,0.00016578101270829228,12109,,,,,,,,,,,,,,,,,,,,,,,,,,,,,,
14,,12109,0.07329974323511124,0.026864254847168922,0.2490171194076538,0.003643754869699478,0.06702831387519836,0.011648088693618774,0.18452098965644836,0.008007333613932133,0.21911190450191498,0.03400014713406563,0.17732682824134827,0.49785953760147095,0.0010089980205520988,2.064786911010742,0.11570040136575699,,,,,,,,,,,,,,,
,0.0001655925935864794,12119,,,,,,,,,,,,,,,,,,,,,,,,,,,,,,
14,,12119,0.06229383870959282,0.018350549042224884,0.23884563148021698,0.007456618826836348,0.032914742827415466,0.007419229950755835,0.1517624408006668,0.006360230036079884,0.06785257905721664,0.050586480647325516,0.14768007397651672,0.31452998518943787,0.004175777547061443,2.0084519386291504,0.10513687878847122,,,,,,,,,,,,,,,
,0.00016540414958974564,12129,,,,,,,,,,,,,,,,,,,,,,,,,,,,,,
14,,12129,0.06930968165397644,0.030079098418354988,0.35425907373428345,0.0056003667414188385,0.08245524764060974,0.01641569472849369,0.2212844341993332,0.013215603306889534,0.2043900489807129,0.061049673706293106,0.21425296366214752,0.5713220834732056,0.009737936779856682,2.0630877017974854,0.16421036422252655,,,,,,,,,,,,,,,
,0.00016521568101871643,12139,,,,,,,,,,,,,,,,,,,,,,,,,,,,,,
14,,12139,0.10787871479988098,0.011503352783620358,0.23560383915901184,0.005786277819424868,0.05235821381211281,0.01028765831142664,0.14471668004989624,0.015325499698519707,0.11696914583444595,0.07890913635492325,0.1595660150051117,0.4065064489841461,0.006840595975518227,2.026627540588379,0.11400312930345535,,,,,,,,,,,,,,,
,0.00016502718817405638,12149,,,,,,,,,,,,,,,,,,,,,,,,,,,,,,
14,,12149,0.066972516477108,0.02204565890133381,0.25106894969940186,0.0011092082131654024,0.0262210201472044,0.011583946645259857,0.14427128434181213,0.011711113154888153,0.08638882637023926,0.032884255051612854,0.15507227182388306,0.3353921175003052,0.00375107629224658,2.031013011932373,0.1014818474650383,,,,,,,,,,,,,,,
,0.00016483867135646879,12159,,,,,,,,,,,,,,,,,,,,,,,,,,,,,,
14,,12159,0.025952264666557312,0.03796006366610527,0.32808616757392883,0.00650175753980875,0.04668215289711952,0.00947599671781063,0.1834413856267929,0.004209679085761309,0.033111486583948135,0.043611954897642136,0.17732933163642883,0.3293999433517456,0.00782410241663456,2.0003647804260254,0.15630120038986206,,,,,,,,,,,,,,,
,0.00016465013086669524,12169,,,,,,,,,,,,,,,,,,,,,,,,,,,,,,
14,,12169,0.061768051236867905,0.03925537317991257,0.29565343260765076,0.005155648570507765,0.0442831851541996,0.006391086615622044,0.19214752316474915,0.010435918346047401,0.10213927179574966,0.0497409924864769,0.17571359872817993,0.4026844799518585,0.006455920170992613,2.0743396282196045,0.12769468128681183,,,,,,,,,,,,,,,
,0.000164461567005515,12179,,,,,,,,,,,,,,,,,,,,,,,,,,,,,,
14,,12179,0.08106796443462372,0.024828167632222176,0.22220134735107422,0.005771126598119736,0.03970421850681305,0.005419356748461723,0.13844288885593414,0.007194429636001587,0.12426304817199707,0.050534602254629135,0.15330705046653748,0.3748013377189636,0.004615226294845343,2.0252785682678223,0.10114601254463196,,,,,,,,,,,,,,,
,0.0001642729800737447,12189,,,,,,,,,,,,,,,,,,,,,,,,,,,,,,
14,,12189,0.04618700593709946,0.02148175984621048,0.3032195568084717,0.0024177669547498226,0.05019566789269447,0.014921912923455238,0.15322823822498322,0.005675098858773708,0.07118594646453857,0.05605463311076164,0.19140326976776123,0.3599107563495636,0.0043236990459263325,2.092581272125244,0.16216780245304108,,,,,,,,,,,,,,,
,0.0001640843703722378,12199,,,,,,,,,,,,,,,,,,,,,,,,,,,,,,
14,,12199,0.05714061111211777,0.018916575238108635,0.18883927166461945,0.0016423463821411133,0.04056921228766441,0.01851247064769268,0.13683146238327026,0.0059354472905397415,0.08458569645881653,0.04898481070995331,0.13751055300235748,0.2992953956127167,0.0021438957192003727,2.0603082180023193,0.07914351671934128,,,,,,,,,,,,,,,
,0.00016389573820188404,12209,,,,,,,,,,,,,,,,,,,,,,,,,,,,,,
14,,12209,0.032091595232486725,0.013937185518443584,0.1811976581811905,0.00242413068190217,0.02623867802321911,0.015758804976940155,0.09438557177782059,0.006700445897877216,0.04373377189040184,0.041959621012210846,0.12729445099830627,0.2226995825767517,0.0037685816641896963,2.0672366619110107,0.06768129020929337,,,,,,,,,,,,,,,
,0.00016370708386360892,12219,,,,,,,,,,,,,,,,,,,,,,,,,,,,,,
14,,12219,0.05627162754535675,0.017949344590306282,0.22515183687210083,0.002083894796669483,0.034242965281009674,0.01104045007377863,0.12635546922683716,0.006979439407587051,0.07387867569923401,0.046132832765579224,0.15737774968147278,0.29826807975769043,0.000511672580614686,2.052049398422241,0.09295985847711563,,,,,,,,,,,,,,,
,0.0001635184076583734,12229,,,,,,,,,,,,,,,,,,,,,,,,,,,,,,
14,,12229,0.06338566541671753,0.034037526696920395,0.2397748827934265,0.007902273908257484,0.042183585464954376,0.0034525541123002768,0.1462327539920807,0.003762172069400549,0.08694087713956833,0.0457284115254879,0.1569097340106964,0.3423202335834503,0.006682441104203463,2.0612714290618896,0.10906854271888733,,,,,,,,,,,,,,,
,0.00016332970988717339,12239,,,,,,,,,,,,,,,,,,,,,,,,,,,,,,
14,,12239,0.06211109831929207,0.020436294376850128,0.24283450841903687,0.0038711130619049072,0.04648793488740921,0.012810050509870052,0.1604088544845581,0.013497108593583107,0.11264201253652573,0.03381623327732086,0.16451305150985718,0.3707650601863861,0.0010986488778144121,2.0465686321258545,0.10490495711565018,,,,,,,,,,,,,,,
,0.00016314099085103906,12249,,,,,,,,,,,,,,,,,,,,,,,,,,,,,,
14,,12249,0.04853639006614685,0.05375158041715622,0.26375749707221985,0.004657079465687275,0.047982119023799896,0.007045907899737358,0.16823260486125946,0.008822133764624596,0.10494812577962875,0.047715332359075546,0.17351748049259186,0.37724462151527405,0.000856358150485903,2.026379346847534,0.11209143698215485,,,,,,,,,,,,,,,
,0.0001629522508510346,12259,,,,,,,,,,,,,,,,,,,,,,,,,,,,,,
14,,12259,0.049966197460889816,0.021076170727610588,0.3229990005493164,0.004381933249533176,0.06318788230419159,0.008036416955292225,0.17381173372268677,0.009484097361564636,0.09543392062187195,0.03510759398341179,0.2339887171983719,0.4097111225128174,0.005481622647494078,1.9852535724639893,0.16428092122077942,,,,,,,,,,,,,,,
,0.00016276349018825754,12269,,,,,,,,,,,,,,,,,,,,,,,,,,,,,,
14,,12269,0.06994020938873291,0.07161515206098557,0.2777468264102936,0.0030484430026263,0.052334535866975784,0.0069536142982542515,0.22808998823165894,0.00850898027420044,0.09159770607948303,0.07060516625642776,0.170143723487854,0.41156139969825745,0.002701706252992153,2.015918016433716,0.13520634174346924,,,,,,,,,,,,,,,
,0.00016257470916383857,12279,,,,,,,,,,,,,,,,,,,,,,,,,,,,,,
14,,12279,0.12104794383049011,0.031616996973752975,0.29567205905914307,0.002989897970110178,0.0851069763302803,0.007813961245119572,0.21635116636753082,0.011963680386543274,0.2589876651763916,0.0666634738445282,0.19609658420085907,0.6135123372077942,0.003898798720911145,2.049412488937378,0.15103165805339813,,,,,,,,,,,,,,,
,0.00016238590807894065,12289,,,,,,,,,,,,,,,,,,,,,,,,,,,,,,
14,,12289,0.030582670122385025,0.027517691254615784,0.3237108886241913,0.002398682525381446,0.0465681366622448,0.006322389468550682,0.16305086016654968,0.0037878304719924927,0.0423581637442112,0.039275072515010834,0.20634248852729797,0.3229430019855499,0.0027481524739414454,2.0547378063201904,0.15170936286449432,,,,,,,,,,,,,,,
,0.00016219708723475888,12299,,,,,,,,,,,,,,,,,,,,,,,,,,,,,,
14,,12299,0.05876021087169647,0.04045938700437546,0.3086472153663635,0.004271442070603371,0.057485416531562805,0.007589968387037516,0.20179185271263123,0.003977514803409576,0.07432026416063309,0.07111789286136627,0.2018824964761734,0.38868430256843567,0.004211799707263708,2.0813980102539062,0.14695577323436737,,,,,,,,,,,,,,,
,0.00016200824693251984,12309,,,,,,,,,,,,,,,,,,,,,,,,,,,,,,
14,,12309,0.04568018391728401,0.0227767713367939,0.2394997924566269,0.005378438625484705,0.03548477590084076,0.0076573570258915424,0.15287421643733978,0.009363432414829731,0.08664815127849579,0.06640630215406418,0.13498198986053467,0.3204211890697479,0.0026353555731475353,2.0084304809570312,0.08239761739969254,,,,,,,,,,,,,,,
,0.00016181938747348107,12319,,,,,,,,,,,,,,,,,,,,,,,,,,,,,,
14,,12319,0.05157790333032608,0.0340225026011467,0.24889563024044037,0.0015858312835916877,0.053172484040260315,0.010922745801508427,0.17746995389461517,0.00784100778400898,0.06918060779571533,0.040748175233602524,0.1522684395313263,0.3281470239162445,0.005520619917660952,2.012049913406372,0.10088145732879639,,,,,,,,,,,,,,,
,0.00016163050915893082,12329,,,,,,,,,,,,,,,,,,,,,,,,,,,,,,
14,,12329,0.0432995967566967,0.032462701201438904,0.2776162922382355,0.007045303471386433,0.06833741813898087,0.01573665253818035,0.19935515522956848,0.012005316093564034,0.13828924298286438,0.05466092750430107,0.19049565494060516,0.4378011226654053,0.0021943734027445316,2.1000404357910156,0.1308579444885254,,,,,,,,,,,,,,,
,0.00016144161229018732,12339,,,,,,,,,,,,,,,,,,,,,,,,,,,,,,
14,,12339,0.05657409504055977,0.04589417949318886,0.3447882831096649,0.00391565402969718,0.05821516364812851,0.010357837192714214,0.18741056323051453,0.00321140605956316,0.06389543414115906,0.054624978452920914,0.17189210653305054,0.37714076042175293,0.004402173217386007,2.0076816082000732,0.1415911167860031,,,,,,,,,,,,,,,
,0.00016125269716859845,12349,,,,,,,,,,,,,,,,,,,,,,,,,,,,,,
14,,12349,0.049570389091968536,0.04308897256851196,0.316048264503479,0.004032960161566734,0.06083272770047188,0.0040125371888279915,0.17345598340034485,0.005583506077528,0.05470253527164459,0.08943720906972885,0.2107556164264679,0.36801183223724365,0.006949846167117357,2.0101776123046875,0.14587534964084625,,,,,,,,,,,,,,,
,0.00016106376409554115,12359,,,,,,,,,,,,,,,,,,,,,,,,,,,,,,
14,,12359,0.05325254425406456,0.028144242241978645,0.26170945167541504,0.004075112286955118,0.04695134609937668,0.0068265413865447044,0.16632001101970673,0.012522492557764053,0.09641332924365997,0.055193498730659485,0.1592034250497818,0.37223511934280396,0.007258448749780655,2.062077283859253,0.12906043231487274,,,,,,,,,,,,,,,
,0.00016087481337242104,12369,,,,,,,,,,,,,,,,,,,,,,,,,,,,,,
14,,12369,0.041225139051675797,0.02983027882874012,0.27288931608200073,0.0026941036339849234,0.054168302565813065,0.009317660704255104,0.15160652995109558,0.008260747417807579,0.07026322931051254,0.046541593968868256,0.19473989307880402,0.33943289518356323,0.0028086008969694376,2.0033392906188965,0.1298765391111374,,,,,,,,,,,,,,,
,0.0001606858453006719,12379,,,,,,,,,,,,,,,,,,,,,,,,,,,,,,
14,,12379,0.05153300613164902,0.028790932148694992,0.2607155740261078,0.004672215785831213,0.0656062513589859,0.008067474700510502,0.18276384472846985,0.009254654869437218,0.0825459212064743,0.03963574394583702,0.17151255905628204,0.36844509840011597,0.014124467968940735,2.0173120498657227,0.11992043256759644,,,,,,,,,,,,,,,
,0.0001604968601817552,12389,,,,,,,,,,,,,,,,,,,,,,,,,,,,,,
14,,12389,0.045868124812841415,0.017844680696725845,0.2047215849161148,0.0034682590048760176,0.04142770916223526,0.012079041451215744,0.12312154471874237,0.007353346794843674,0.08760523051023483,0.03444892540574074,0.16270127892494202,0.3000369966030121,0.003713563783094287,2.042905330657959,0.07174581289291382,,,,,,,,,,,,,,,
,0.00016030785831715956,12399,,,,,,,,,,,,,,,,,,,,,,,,,,,,,,
14,,12399,0.08515718579292297,0.02086319774389267,0.25273922085762024,0.003323041368275881,0.0704931691288948,0.008138157427310944,0.17933450639247894,0.017709190025925636,0.1528598517179489,0.0701577290892601,0.17898133397102356,0.46301892399787903,0.0030561599414795637,2.0205962657928467,0.15493035316467285,,,,,,,,,,,,,,,
,0.0001601188400084003,12409,,,,,,,,,,,,,,,,,,,,,,,,,,,,,,
14,,12409,0.07010456919670105,0.022691749036312103,0.3160049319267273,0.004027172923088074,0.04813826456665993,0.016262630000710487,0.1695963591337204,0.00963050127029419,0.08845796436071396,0.0488349124789238,0.19588540494441986,0.39250531792640686,0.011251289397478104,2.05963134765625,0.1038019061088562,,,,,,,,,,,,,,,
,0.00015992980555701907,12419,,,,,,,,,,,,,,,,,,,,,,,,,,,,,,
14,,12419,0.05512272194027901,0.021282082423567772,0.26668551564216614,0.006113735493272543,0.04693363606929779,0.0196720939129591,0.16213832795619965,0.01010025106370449,0.08748937398195267,0.06268590688705444,0.175421804189682,0.357592910528183,0.003093128092586994,2.0285532474517822,0.09375080466270447,,,,,,,,,,,,,,,
,0.0001597407552645832,12429,,,,,,,,,,,,,,,,,,,,,,,,,,,,,,
14,,12429,0.028982093557715416,0.020740654319524765,0.2944185435771942,0.0023293141275644302,0.03554103896021843,0.012999841012060642,0.13060928881168365,0.005596686154603958,0.04457662254571915,0.05070554092526436,0.1715996116399765,0.2891172766685486,0.004234320484101772,2.026834726333618,0.10434718430042267,,,,,,,,,,,,,,,
,0.00015955168943268528,12439,,,,,,,,,,,,,,,,,,,,,,,,,,,,,,
14,,12439,0.036964718252420425,0.02657300792634487,0.23561224341392517,0.004839199595153332,0.036505039781332016,0.011665744706988335,0.1275171935558319,0.004873411264270544,0.04716147482395172,0.030515797436237335,0.16748829185962677,0.272688090801239,0.0041649844497442245,1.9928127527236938,0.08980124443769455,,,,,,,,,,,,,,,
,0.00015936260836294273,12449,,,,,,,,,,,,,,,,,,,,,,,,,,,,,,
14,,12449,0.059599895030260086,0.019672134891152382,0.20721033215522766,0.001353653147816658,0.05471739172935486,0.009706255979835987,0.12123695015907288,0.007845623418688774,0.09508007019758224,0.04278784990310669,0.18283575773239136,0.3418172299861908,0.00855033565312624,2.003131866455078,0.1244286298751831,,,,,,,,,,,,,,,
,0.00015917351235699722,12459,,,,,,,,,,,,,,,,,,,,,,,,,,,,,,
14,,12459,0.05450958013534546,0.02196851186454296,0.28028634190559387,0.0023315204307436943,0.04306507110595703,0.005855733063071966,0.13206228613853455,0.0086002666503191,0.052243493497371674,0.020490022376179695,0.16430923342704773,0.29620859026908875,0.0013343573082238436,2.0518791675567627,0.09641924500465393,,,,,,,,,,,,,,,
,0.00015898440171651436,12469,,,,,,,,,,,,,,,,,,,,,,,,,,,,,,
14,,12469,0.06932246685028076,0.019959356635808945,0.25978684425354004,0.0018318003276363015,0.05489702522754669,0.005939435213804245,0.12130622565746307,0.00891609862446785,0.08533255755901337,0.037778835743665695,0.1612924039363861,0.3388561010360718,0.0015716688940301538,2.010913372039795,0.11892371624708176,,,,,,,,,,,,,,,
,0.00015879527674318302,12479,,,,,,,,,,,,,,,,,,,,,,,,,,,,,,
14,,12479,0.07189922779798508,0.04200088977813721,0.2593245506286621,0.0010263727745041251,0.05068747699260712,0.007813911885023117,0.17674408853054047,0.009471749886870384,0.09067913144826889,0.04741446301341057,0.16462163627147675,0.36374732851982117,0.0036031019408255816,2.085212230682373,0.09206098318099976,,,,,,,,,,,,,,,
,0.00015860613773871496,12489,,,,,,,,,,,,,,,,,,,,,,,,,,,,,,
14,,12489,0.045415252447128296,0.028911011293530464,0.2458202987909317,0.003459030529484153,0.04845328629016876,0.004410946276038885,0.1702997386455536,0.009971401654183865,0.11958291381597519,0.05007992684841156,0.1520867496728897,0.37180039286613464,0.0018854206427931786,1.9899333715438843,0.11353477835655212,,,,,,,,,,,,,,,
,0.0001584169850048443,12499,,,,,,,,,,,,,,,,,,,,,,,,,,,,,,
14,,12499,0.08787315338850021,0.023954348638653755,0.21375438570976257,0.006040120031684637,0.04433375969529152,0.010984444059431553,0.1531548649072647,0.015193573199212551,0.12928010523319244,0.07553912699222565,0.14528651535511017,0.3980606496334076,0.004569200333207846,2.031404972076416,0.10026826709508896,,,,,,,,,,,,,,,
,0.00015822781884332703,12509,,,,,,,,,,,,,,,,,,,,,,,,,,,,,,
14,,12509,0.04543735086917877,0.023335766047239304,0.21574221551418304,0.004168370738625526,0.058376964181661606,0.013068939559161663,0.12437130510807037,0.008799011819064617,0.06977315247058868,0.048277899622917175,0.1585371345281601,0.3087875247001648,0.0016369058284908533,2.0368471145629883,0.12154597043991089,,,,,,,,,,,,,,,
,0.0001580386395559407,12519,,,,,,,,,,,,,,,,,,,,,,,,,,,,,,
14,,12519,0.057377737015485764,0.04574219882488251,0.29769161343574524,0.006363800726830959,0.039657894521951675,0.01534394733607769,0.17991407215595245,0.012927152216434479,0.12234126776456833,0.035982780158519745,0.199194073677063,0.4183862507343292,0.003855285933241248,2.059906005859375,0.09601426124572754,,,,,,,,,,,,,,,
,0.00015784944744448364,12529,,,,,,,,,,,,,,,,,,,,,,,,,,,,,,
14,,12529,0.04381140321493149,0.028039542958140373,0.2560214698314667,0.005129872355610132,0.03990607708692551,0.007155158091336489,0.1312217116355896,0.0029577352106571198,0.049013711512088776,0.045319098979234695,0.15731452405452728,0.28800538182258606,0.0024766712449491024,2.082935333251953,0.11293048411607742,,,,,,,,,,,,,,,
,0.0001576602428107748,12539,,,,,,,,,,,,,,,,,,,,,,,,,,,,,,
14,,12539,0.048139024525880814,0.014261377975344658,0.30029699206352234,0.0020177378319203854,0.04882076755166054,0.01074889488518238,0.14663487672805786,0.006623019464313984,0.08218640834093094,0.03702859580516815,0.19429460167884827,0.3461974561214447,0.0018443525768816471,2.0058963298797607,0.11670396476984024,,,,,,,,,,,,,,,
,0.0001574710259566529,12549,,,,,,,,,,,,,,,,,,,,,,,,,,,,,,
14,,12549,0.06659518927335739,0.011477946303784847,0.15537171065807343,0.0022437991574406624,0.04553641751408577,0.009730588644742966,0.13927973806858063,0.008109940215945244,0.13959836959838867,0.0528004989027977,0.134739950299263,0.35220029950141907,0.005470107309520245,2.071908473968506,0.08780128508806229,,,,,,,,,,,,,,,
,0.00015728179718397628,12559,,,,,,,,,,,,,,,,,,,,,,,,,,,,,,
14,,12559,0.1158243715763092,0.03212615102529526,0.30024367570877075,0.002037034835666418,0.07165692746639252,0.0076790014281868935,0.1791689693927765,0.0074713705107569695,0.2105616331100464,0.04488047957420349,0.17976389825344086,0.5295445322990417,0.0026231149677187204,2.089252233505249,0.12261602282524109,,,,,,,,,,,,,,,
,0.0001570925567946224,12569,,,,,,,,,,,,,,,,,,,,,,,,,,,,,,
14,,12569,0.04973461106419563,0.01794416271150112,0.22214795649051666,0.0035052578896284103,0.044461220502853394,0.0101070711389184,0.10804624110460281,0.005723004229366779,0.05503649637103081,0.03904725983738899,0.18119046092033386,0.2876569926738739,0.0010885270312428474,2.0240700244903564,0.1277957409620285,,,,,,,,,,,,,,,
,0.000156903305090487,12579,,,,,,,,,,,,,,,,,,,,,,,,,,,,,,
14,,12579,0.05497471243143082,0.027299338951706886,0.30387604236602783,0.0027548735961318016,0.04676032066345215,0.008760446682572365,0.1831994652748108,0.00884473416954279,0.10358521342277527,0.03046659752726555,0.166343554854393,0.3800753057003021,0.0007537296623922884,2.0343587398529053,0.11619323492050171,,,,,,,,,,,,,,,
,0.00015671404237348413,12589,,,,,,,,,,,,,,,,,,,,,,,,,,,,,,
14,,12589,0.06298182904720306,0.01884685456752777,0.31459659337997437,0.003318215487524867,0.04756109043955803,0.007827206514775753,0.15932410955429077,0.0059532904997467995,0.05949830263853073,0.022202370688319206,0.16341222822666168,0.3355462849140167,0.0003295106871519238,1.994659423828125,0.13796871900558472,,,,,,,,,,,,,,,
,0.00015652476894554518,12599,,,,,,,,,,,,,,,,,,,,,,,,,,,,,,
14,,12599,0.03802214190363884,0.02393685095012188,0.29599177837371826,0.0011709720129147172,0.036466218531131744,0.006617567967623472,0.15968093276023865,0.004906623624265194,0.08382435142993927,0.02609936334192753,0.19401830434799194,0.3311381936073303,0.001223739585839212,2.030325174331665,0.0918833464384079,,,,,,,,,,,,,,,
,0.0001563354851086188,12609,,,,,,,,,,,,,,,,,,,,,,,,,,,,,,
14,,12609,0.035994626581668854,0.017977677285671234,0.26145559549331665,0.004879697225987911,0.0288979634642601,0.007955143228173256,0.13733471930027008,0.008037072606384754,0.07591590285301208,0.03247362747788429,0.17368479073047638,0.3174493908882141,0.010452326387166977,2.01254940032959,0.09798524528741837,,,,,,,,,,,,,,,
,0.00015614619116467013,12619,,,,,,,,,,,,,,,,,,,,,,,,,,,,,,
14,,12619,0.039946481585502625,0.025206157937645912,0.27958494424819946,0.003645797725766897,0.04704322665929794,0.007833560928702354,0.16983981430530548,0.0038250109646469355,0.06970503181219101,0.0377059280872345,0.1802174299955368,0.3326064646244049,0.0016982845263555646,2.0176610946655273,0.13321413099765778,,,,,,,,,,,,,,,
,0.00015595688741568055,12629,,,,,,,,,,,,,,,,,,,,,,,,,,,,,,
14,,12629,0.053612738847732544,0.020748114213347435,0.2064586579799652,0.002686130814254284,0.05121517926454544,0.009884613566100597,0.11470785737037659,0.009536748751997948,0.13333427906036377,0.042877815663814545,0.16693323850631714,0.36075979471206665,0.002590036718174815,2.014887571334839,0.09775993227958679,,,,,,,,,,,,,,,
,0.00015576757416364695,12639,,,,,,,,,,,,,,,,,,,,,,,,,,,,,,
14,,12639,0.05154896900057793,0.02012881264090538,0.29357391595840454,0.002726964885368943,0.03409020975232124,0.014694029465317726,0.14736108481884003,0.005798677448183298,0.07000028342008591,0.04747460037469864,0.19833096861839294,0.33489447832107544,0.007939474657177925,2.0696401596069336,0.09011213481426239,,,,,,,,,,,,,,,
,0.00015557825171058146,12649,,,,,,,,,,,,,,,,,,,,,,,,,,,,,,
14,,12649,0.06490780413150787,0.026501962915062904,0.27893897891044617,0.004344260320067406,0.06282234191894531,0.012925419956445694,0.17065787315368652,0.008659712970256805,0.10763929784297943,0.04999186843633652,0.16400694847106934,0.39942145347595215,0.004560604225844145,2.046902656555176,0.14116095006465912,,,,,,,,,,,,,,,
,0.00015538892035851088,12659,,,,,,,,,,,,,,,,,,,,,,,,,,,,,,
14,,12659,0.056845393031835556,0.04317430406808853,0.26377612352371216,0.0032532326877117157,0.06367580592632294,0.0062491106800735,0.1963181048631668,0.010905078612267971,0.07826706767082214,0.046453770250082016,0.1879185140132904,0.3736168444156647,0.00331403617747128,1.9968831539154053,0.1345912218093872,,,,,,,,,,,,,,,
,0.0001551995804094762,12669,,,,,,,,,,,,,,,,,,,,,,,,,,,,,,
14,,12669,0.03070814348757267,0.022149570286273956,0.23202350735664368,0.0067369891330599785,0.04184502735733986,0.01061978004872799,0.129806786775589,0.004258591681718826,0.052993688732385635,0.0521966814994812,0.13906724750995636,0.2762129306793213,0.0026932235341519117,2.024116039276123,0.10614556074142456,,,,,,,,,,,,,,,
,0.00015501023216553213,12679,,,,,,,,,,,,,,,,,,,,,,,,,,,,,,
14,,12679,0.06226777657866478,0.04017941281199455,0.3030761182308197,0.009104728698730469,0.05281054973602295,0.01055597048252821,0.2344338595867157,0.006820894777774811,0.07706735283136368,0.02918979711830616,0.20739614963531494,0.39340248703956604,0.0006096661672927439,2.0258233547210693,0.1290818601846695,,,,,,,,,,,,,,,
,0.00015482087592874662,12689,,,,,,,,,,,,,,,,,,,,,,,,,,,,,,
14,,12689,0.12005581706762314,0.025796392932534218,0.2147330492734909,0.006715886294841766,0.04313470423221588,0.01968483068048954,0.16510841250419617,0.009075324051082134,0.14125774800777435,0.06249023601412773,0.16244864463806152,0.4268229603767395,0.0020721794571727514,2.049771547317505,0.09722992032766342,,,,,,,,,,,,,,,
,0.0001546315120012003,12699,,,,,,,,,,,,,,,,,,,,,,,,,,,,,,
14,,12699,0.031233785673975945,0.018095828592777252,0.2043953239917755,0.0022061835043132305,0.041925352066755295,0.00767497019842267,0.14751535654067993,0.007116681896150112,0.05336790904402733,0.06510209292173386,0.1364034116268158,0.26232361793518066,0.004521562717854977,2.045462131500244,0.07564607262611389,,,,,,,,,,,,,,,
14,,12704,,,,,,,,,,,,,,,,0.1539534032344818,0.024235451593995094,0.2411128133535385,0.005639377050101757,0.05349302291870117,0.0026617839466780424,0.11305184662342072,0.018832484260201454,0.1770550012588501,0.06611904501914978,0.17416585981845856,0.4974655210971832,0.00854781549423933,2.0042190551757812,0.13556009531021118
,0.00015444214068498617,12709,,,,,,,,,,,,,,,,,,,,,,,,,,,,,,
15,,12709,0.05376751348376274,0.019977347925305367,0.2677997052669525,0.002175011904910207,0.047587569802999496,0.011404205113649368,0.1591143012046814,0.00670000771060586,0.10267814248800278,0.046975065022706985,0.17892751097679138,0.3618622422218323,0.001223599654622376,2.054570198059082,0.11220528185367584,,,,,,,,,,,,,,,
,0.000154252762282209,12719,,,,,,,,,,,,,,,,,,,,,,,,,,,,,,
15,,12719,0.04783289134502411,0.03756612911820412,0.19684690237045288,0.0034983071964234114,0.02698858454823494,0.009531378746032715,0.14886485040187836,0.0070627611130476,0.046487268060445786,0.047360412776470184,0.14955097436904907,0.2756637930870056,0.004437201656401157,2.0579984188079834,0.10145992785692215,,,,,,,,,,,,,,,
,0.0001540633770949848,12729,,,,,,,,,,,,,,,,,,,,,,,,,,,,,,
15,,12729,0.03970584645867348,0.03023022972047329,0.17572124302387238,0.002605326706543565,0.035377487540245056,0.01360142882913351,0.1268155574798584,0.0109361931681633,0.07216306030750275,0.042012643069028854,0.14771641790866852,0.2799651622772217,0.0033286407124251127,2.0477025508880615,0.07692127674818039,,,,,,,,,,,,,,,
,0.00015387398542544042,12739,,,,,,,,,,,,,,,,,,,,,,,,,,,,,,
15,,12739,0.06316650658845901,0.022074267268180847,0.21937872469425201,0.0021279233042150736,0.04042871668934822,0.013691022992134094,0.117127925157547,0.006204976700246334,0.08299501240253448,0.05788948014378548,0.2077139914035797,0.3274906873703003,0.003908116836100817,2.0321531295776367,0.09855726361274719,,,,,,,,,,,,,,,
,0.00015368458757571312,12749,,,,,,,,,,,,,,,,,,,,,,,,,,,,,,
15,,12749,0.048928193747997284,0.0187316183000803,0.2254328578710556,0.003411253448575735,0.03856276720762253,0.005244498606771231,0.13817860186100006,0.009578379802405834,0.08496922254562378,0.031894706189632416,0.1703575849533081,0.31478866934776306,0.0021612958516925573,2.0051465034484863,0.09806202352046967,,,,,,,,,,,,,,,
,0.00015349518384794996,12759,,,,,,,,,,,,,,,,,,,,,,,,,,,,,,
15,,12759,0.06612003594636917,0.02110292576253414,0.19931766390800476,0.003023250726982951,0.05927927419543266,0.00826030783355236,0.15114186704158783,0.010343775153160095,0.11706741899251938,0.0407213494181633,0.17478033900260925,0.36664000153541565,0.003348974511027336,2.000178813934326,0.11253467947244644,,,,,,,,,,,,,,,
,0.00015330577454430742,12769,,,,,,,,,,,,,,,,,,,,,,,,,,,,,,
15,,12769,0.07290925085544586,0.02154151163995266,0.2129853069782257,0.0035397405736148357,0.04695722833275795,0.008722399361431599,0.15356308221817017,0.008774958550930023,0.1122157871723175,0.06088867038488388,0.16395717859268188,0.36619946360588074,0.001173066208139062,2.0372297763824463,0.11704342812299728,,,,,,,,,,,,,,,
,0.0001531163599669508,12779,,,,,,,,,,,,,,,,,,,,,,,,,,,,,,
15,,12779,0.050305165350437164,0.0208919458091259,0.23241400718688965,0.002765439450740814,0.048345182090997696,0.015174834057688713,0.14726674556732178,0.006992499344050884,0.05116491764783859,0.03445233777165413,0.16211208701133728,0.29183465242385864,0.0017904877895489335,1.9844309091567993,0.10602351278066635,,,,,,,,,,,,,,,
,0.00015292694041805387,12789,,,,,,,,,,,,,,,,,,,,,,,,,,,,,,
15,,12789,0.05672065168619156,0.02923618070781231,0.28654688596725464,0.00590404961258173,0.043683066964149475,0.008482459001243114,0.16333743929862976,0.00913047231733799,0.0862269327044487,0.0390290729701519,0.18523310124874115,0.367996484041214,0.0029117651283740997,2.030503511428833,0.12969017028808594,,,,,,,,,,,,,,,
