epoch,lr-AdamW,step,train/accidental,train/downbeat,train/duration,train/grace,train/hand,train/keysignature,train/offset,train/pad,train/pitch,train/staccato,train/stem,train/total,train/trill,train/velocity,train/voice,val/accidental,val/downbeat,val/duration,val/grace,val/hand,val/keysignature,val/offset,val/pad,val/pitch,val/staccato,val/stem,val/total,val/trill,val/velocity,val/voice
,2.9999999999999997e-05,9,,,,,,,,,,,,,,,,,,,,,,,,,,,,,,
0,,9,1.3938205242156982,1.993422269821167,4.14009952545166,0.04603511467576027,0.8438364267349243,2.54762601852417,5.109255790710449,0.5166895985603333,4.858396530151367,0.41810092329978943,1.0153151750564575,11.803882598876953,0.0386892706155777,2.0269463062286377,1.9329944849014282,,,,,,,,,,,,,,,
,5.9999999999999995e-05,19,,,,,,,,,,,,,,,,,,,,,,,,,,,,,,
0,,19,1.1180542707443237,0.6647831797599792,2.9952592849731445,0.10183991491794586,0.7364723682403564,2.559324264526367,4.281320571899414,0.24765938520431519,4.445370197296143,0.23755739629268646,0.7656962871551514,9.699860572814941,0.05344344303011894,2.119826555252075,1.350482702255249,,,,,,,,,,,,,,,
,8.999999999999999e-05,29,,,,,,,,,,,,,,,,,,,,,,,,,,,,,,
0,,29,1.1674845218658447,0.6493916511535645,2.6094400882720947,0.06193177402019501,0.718451201915741,2.7491648197174072,3.732248306274414,0.2154206782579422,4.26176643371582,0.23566430807113647,0.7723005414009094,9.26490306854248,0.03241701051592827,2.199735164642334,1.2998956441879272,,,,,,,,,,,,,,,
,0.00011999999999999999,39,,,,,,,,,,,,,,,,,,,,,,,,,,,,,,
0,,39,1.311229944229126,0.43360915780067444,2.4100708961486816,0.032209932804107666,0.6869538426399231,3.0293447971343994,3.276041030883789,0.04760885238647461,4.2976226806640625,0.30285871028900146,0.720638632774353,9.014290809631348,0.011491893790662289,2.0630738735198975,1.2609949111938477,,,,,,,,,,,,,,,
,0.00015,49,,,,,,,,,,,,,,,,,,,,,,,,,,,,,,
0,,49,1.103930950164795,0.5771357417106628,2.260044813156128,0.04534420743584633,0.667412519454956,2.770576000213623,3.03646183013916,0.016982300207018852,4.096070289611816,0.20507431030273438,0.6891686916351318,8.560874938964844,0.020213469862937927,2.307156562805176,1.4719316959381104,,,,,,,,,,,,,,,
,0.00017999999999999998,59,,,,,,,,,,,,,,,,,,,,,,,,,,,,,,
0,,59,1.068992257118225,0.3789942264556885,1.9537957906723022,0.03854740038514137,0.6428316831588745,2.537752151489258,2.7615344524383545,0.00881537888199091,4.026634693145752,0.342111200094223,0.6886368989944458,8.036940574645996,0.010752799920737743,2.2881357669830322,1.2364882230758667,,,,,,,,,,,,,,,
,0.00020999999999999998,69,,,,,,,,,,,,,,,,,,,,,,,,,,,,,,
0,,69,0.9852915406227112,0.3011212646961212,1.7857515811920166,0.049101874232292175,0.6143479943275452,2.5990841388702393,2.9794881343841553,0.006026905030012131,4.115948677062988,0.21233774721622467,0.6456204652786255,8.006415367126465,0.02468664012849331,2.077230215072632,1.0095161199569702,,,,,,,,,,,,,,,
,0.00023999999999999998,79,,,,,,,,,,,,,,,,,,,,,,,,,,,,,,
0,,79,0.9875349998474121,0.3895781338214874,2.1585183143615723,0.029206130653619766,0.540128231048584,2.9449026584625244,3.016357421875,0.0017904380802065134,4.034213542938232,0.16295108199119568,0.6126442551612854,8.268207550048828,0.03229597210884094,2.110471487045288,1.2166759967803955,,,,,,,,,,,,,,,
,0.00027,89,,,,,,,,,,,,,,,,,,,,,,,,,,,,,,
0,,89,0.6978527307510376,0.3400405943393707,1.9237762689590454,0.03422163054347038,0.5429803729057312,2.502192258834839,2.7130415439605713,0.0030478755943477154,3.9424049854278564,0.3003987967967987,0.540847659111023,7.526978492736816,0.024593535810709,2.0134127140045166,0.807679295539856,,,,,,,,,,,,,,,
,0.0003,99,,,,,,,,,,,,,,,,,,,,,,,,,,,,,,
0,,99,0.635349452495575,0.5519900918006897,2.0056445598602295,0.08857623487710953,0.5449723601341248,2.1408886909484863,2.9361517429351807,0.004773097112774849,3.876896381378174,0.1317312866449356,0.6241323351860046,7.444228172302246,0.027089836075901985,2.1355483531951904,0.7380567193031311,,,,,,,,,,,,,,,
0,,102,,,,,,,,,,,,,,,,0.243374764919281,0.5074422359466553,2.056082010269165,0.028078006580471992,0.038569238036870956,1.6402806043624878,3.3889951705932617,0.04308821260929108,3.507194995880127,0.24702557921409607,0.08689858019351959,6.412059783935547,0.03242182359099388,2.355168104171753,0.4277420938014984
,0.00029999380099112306,109,,,,,,,,,,,,,,,,,,,,,,,,,,,,,,
1,,109,0.685053288936615,0.36308935284614563,1.9042859077453613,0.02516734041273594,0.5289671421051025,2.3379547595977783,3.055058479309082,0.0021718409843742847,3.7661709785461426,0.23565199971199036,0.5064150094985962,7.341084957122803,0.008531416766345501,2.2020881175994873,0.9279364943504333,,,,,,,,,,,,,,,
,0.00029997237297626654,119,,,,,,,,,,,,,,,,,,,,,,,,,,,,,,
1,,119,0.7257654666900635,0.3417235314846039,2.11383318901062,0.031294289976358414,0.5175715684890747,1.7524791955947876,3.173156976699829,0.006139620207250118,3.704280376434326,0.1790718287229538,0.39500850439071655,6.973861217498779,0.010267374105751514,2.3374030590057373,0.6112425923347473,,,,,,,,,,,,,,,
,0.00029993564161047475,129,,,,,,,,,,,,,,,,,,,,,,,,,,,,,,
1,,129,0.6624944806098938,0.47424954175949097,1.9188284873962402,0.04131026938557625,0.4915187358856201,1.5201592445373535,2.9874026775360107,0.005470023490488529,3.7711946964263916,0.11376586556434631,0.46205970644950867,6.872161865234375,0.027910828590393066,2.1453938484191895,0.634645402431488,,,,,,,,,,,,,,,
,0.000299883610641858,139,,,,,,,,,,,,,,,,,,,,,,,,,,,,,,
1,,139,0.7510290145874023,0.45229846239089966,2.182666301727295,0.03790319338440895,0.556444525718689,1.3546569347381592,3.0299816131591797,0.0078765619546175,3.791884660720825,0.23514199256896973,0.521155595779419,7.056451320648193,0.018830614164471626,2.2428903579711914,0.91761714220047,,,,,,,,,,,,,,,
,0.0002998162853797153,149,,,,,,,,,,,,,,,,,,,,,,,,,,,,,,
1,,149,0.7022238373756409,0.4512258768081665,1.9148186445236206,0.034503500908613205,0.5009040236473083,1.0571078062057495,3.0401618480682373,0.005803041160106659,3.7292637825012207,0.1760326474905014,0.501491367816925,6.74806022644043,0.012578977271914482,2.192098617553711,1.064464807510376,,,,,,,,,,,,,,,
,0.0002997336726939927,159,,,,,,,,,,,,,,,,,,,,,,,,,,,,,,
1,,159,0.643130362033844,0.40658116340637207,2.367978811264038,0.025742389261722565,0.5357931852340698,0.8377727270126343,3.2588894367218018,0.0035891435109078884,3.759859561920166,0.11982975900173187,0.4361094534397125,6.709908485412598,0.013043053448200226,2.260725498199463,0.8010996580123901,,,,,,,,,,,,,,,
,0.0002996357810145822,169,,,,,,,,,,,,,,,,,,,,,,,,,,,,,,
1,,169,0.6307123899459839,0.42420703172683716,1.8879268169403076,0.04982859268784523,0.5504311919212341,0.31423208117485046,2.7889082431793213,0.0025902390480041504,3.774806499481201,0.13384784758090973,0.5903502106666565,6.1810455322265625,0.01564900204539299,2.253401517868042,0.5221874117851257,,,,,,,,,,,,,,,
,0.0002995226203304619,179,,,,,,,,,,,,,,,,,,,,,,,,,,,,,,
1,,179,0.5793679356575012,0.3857268691062927,2.040480375289917,0.03177369758486748,0.5066221356391907,0.33006295561790466,3.122542142868042,0.006064211018383503,3.6656076908111572,0.19272013008594513,0.6172061562538147,6.418229579925537,0.029561756178736687,2.2165544033050537,1.3481059074401855,,,,,,,,,,,,,,,
,0.00029939420218867615,189,,,,,,,,,,,,,,,,,,,,,,,,,,,,,,
1,,189,0.5248739719390869,0.35068055987358093,1.9120463132858276,0.04929574951529503,0.5627933740615845,0.2751951515674591,2.8203725814819336,0.0027946054469794035,3.5155937671661377,0.14449791610240936,0.5306477546691895,5.869382381439209,0.020617477595806122,2.1224098205566406,0.645214855670929,,,,,,,,,,,,,,,
,0.00029925053969315777,199,,,,,,,,,,,,,,,,,,,,,,,,,,,,,,
1,,199,0.5154310464859009,0.3158741295337677,2.0657501220703125,0.07757910341024399,0.509637176990509,0.13560399413108826,3.2566230297088623,0.003087039105594158,3.8409786224365234,0.1607847660779953,0.4406478703022003,6.322400093078613,0.004630950279533863,2.264509439468384,0.902398943901062,,,,,,,,,,,,,,,
1,,205,,,,,,,,,,,,,,,,0.21854034066200256,0.3321199119091034,1.593151569366455,0.0064994338899850845,0.09015026688575745,0.0855436846613884,3.2013840675354004,0.010637872852385044,2.94252347946167,0.04476575925946236,0.09444886445999146,4.674290180206299,0.027872873470187187,2.054825782775879,0.2514440715312958
,0.00029909164750339056,209,,,,,,,,,,,,,,,,,,,,,,,,,,,,,,
2,,209,0.5063322186470032,0.3328992426395416,2.033395290374756,0.032245900481939316,0.5484143495559692,0.10162786394357681,3.1253557205200195,0.004459977149963379,3.766761302947998,0.15091213583946228,0.48930519819259644,6.141899585723877,0.018756868317723274,2.2970733642578125,0.7785897254943848,,,,,,,,,,,,,,,
,0.00029891754183291377,219,,,,,,,,,,,,,,,,,,,,,,,,,,,,,,
2,,219,0.648087203502655,0.3528139889240265,1.867882251739502,0.029567772522568703,0.5453251600265503,0.25788000226020813,2.9764065742492676,0.00275943404994905,3.5521392822265625,0.13324899971485138,0.4609738886356354,5.95466423034668,0.0066115353256464005,2.0748140811920166,0.721657395362854,,,,,,,,,,,,,,,
,0.00029872824044766737,229,,,,,,,,,,,,,,,,,,,,,,,,,,,,,,
2,,229,0.5502635836601257,0.35493674874305725,1.7318525314331055,0.02814391814172268,0.5463154315948486,0.06766080111265182,3.0465147495269775,0.0014297582674771547,3.6972267627716064,0.16507874429225922,0.47923165559768677,5.973296165466309,0.013195957988500595,2.21915340423584,0.8133056163787842,,,,,,,,,,,,,,,
,0.0002985237626641792,239,,,,,,,,,,,,,,,,,,,,,,,,,,,,,,
2,,239,0.5520391464233398,0.324291855096817,1.9861198663711548,0.03867862746119499,0.48822659254074097,0.09079621732234955,2.903212308883667,0.0014619354624301195,3.4910013675689697,0.09057144075632095,0.4332795739173889,5.765307426452637,0.022239023819565773,2.015220880508423,0.7228487730026245,,,,,,,,,,,,,,,
,0.0002983041293475941,249,,,,,,,,,,,,,,,,,,,,,,,,,,,,,,
2,,249,0.6712957620620728,0.3090285360813141,1.531517744064331,0.03916724771261215,0.4935673475265503,0.17133015394210815,2.7329599857330322,0.002766822697594762,3.5826897621154785,0.11521615087985992,0.429327130317688,5.7497076988220215,0.021728379651904106,2.1524789333343506,0.6306522488594055,,,,,,,,,,,,,,,
,0.00029806936290954474,259,,,,,,,,,,,,,,,,,,,,,,,,,,,,,,
2,,259,0.5575381517410278,0.4345253109931946,1.4298655986785889,0.014209969900548458,0.5710098743438721,0.0680190846323967,2.9994001388549805,0.0018838988617062569,3.6749982833862305,0.10797774791717529,0.44269654154777527,5.810588359832764,0.01163606345653534,2.0689475536346436,0.649911642074585,,,,,,,,,,,,,,,
,0.0002978194873058644,269,,,,,,,,,,,,,,,,,,,,,,,,,,,,,,
2,,269,0.5709308981895447,0.3846926689147949,1.5216683149337769,0.060530126094818115,0.4922201335430145,0.15069401264190674,2.678546905517578,0.0010608895681798458,3.4469356536865234,0.12441092729568481,0.4561767578125,5.627601623535156,0.025759637355804443,2.069640874862671,0.7317895293235779,,,,,,,,,,,,,,,
,0.0002975545280341431,279,,,,,,,,,,,,,,,,,,,,,,,,,,,,,,
2,,279,0.5668439865112305,0.2811949849128723,1.4468863010406494,0.03389687091112137,0.4629470407962799,0.05839366465806961,2.879114866256714,0.0019217400113120675,3.622745990753174,0.11958926171064377,0.5091635584831238,5.672011852264404,0.012575455009937286,2.219719648361206,0.6214057803153992,,,,,,,,,,,,,,,
,0.00029727451213112515,289,,,,,,,,,,,,,,,,,,,,,,,,,,,,,,
2,,289,0.5436967015266418,0.2784017026424408,1.3601082563400269,0.02278340794146061,0.5235308408737183,0.04415114223957062,2.8318252563476562,0.0013842732878401875,3.591888666152954,0.10398736596107483,0.4887434244155884,5.604016304016113,0.007387912832200527,2.1776530742645264,0.7168960571289062,,,,,,,,,,,,,,,
,0.00029697946816995073,299,,,,,,,,,,,,,,,,,,,,,,,,,,,,,,
2,,299,0.5881205797195435,0.2766360640525818,0.8969005346298218,0.02107498049736023,0.535234808921814,0.0633876770734787,2.560831069946289,0.0017342912033200264,3.5797572135925293,0.12114959210157394,0.4931091368198395,5.3677897453308105,0.008182289078831673,2.0040762424468994,0.5358393788337708,,,,,,,,,,,,,,,
2,,308,,,,,,,,,,,,,,,,0.14218086004257202,0.20267990231513977,0.6726542115211487,0.006991672795265913,0.03664190694689751,0.03281433507800102,2.69094181060791,0.007941266521811485,2.190154790878296,0.021195517852902412,0.08046119660139084,3.3255252838134766,0.012373828329145908,2.0658676624298096,0.12176836282014847
,0.00029666942625724006,309,,,,,,,,,,,,,,,,,,,,,,,,,,,,,,
3,,309,0.6387706398963928,0.2686043679714203,1.185835599899292,0.030877238139510155,0.5100443959236145,0.1296483278274536,2.68994140625,0.0011059308890253305,3.2851953506469727,0.08598538488149643,0.4258756637573242,5.2288031578063965,0.010536433197557926,2.2238388061523438,0.5187232494354248,,,,,,,,,,,,,,,
,0.0002963444180300214,319,,,,,,,,,,,,,,,,,,,,,,,,,,,,,,
3,,319,0.5473125576972961,0.29100364446640015,1.0715526342391968,0.020711399614810944,0.5253450870513916,0.04149094969034195,2.4215850830078125,0.002316768979653716,3.2125840187072754,0.09659368544816971,0.4581262469291687,5.029313564300537,0.014031323604285717,2.0218842029571533,0.6818475723266602,,,,,,,,,,,,,,,
,0.00029600447665250256,329,,,,,,,,,,,,,,,,,,,,,,,,,,,,,,
3,,329,0.5063763856887817,0.3886757791042328,1.175451636314392,0.02082853578031063,0.522138774394989,0.05092358589172363,2.42490553855896,0.0016055945307016373,3.169919729232788,0.06567889451980591,0.48312270641326904,5.053934574127197,0.016875404864549637,2.2276804447174072,0.7157094478607178,,,,,,,,,,,,,,,
,0.00029564963681268715,339,,,,,,,,,,,,,,,,,,,,,,,,,,,,,,
3,,339,0.5491732358932495,0.42377468943595886,1.0619568824768066,0.037985820323228836,0.4667022228240967,0.05906675010919571,2.411555051803589,0.002171275205910206,3.3241848945617676,0.08080550283193588,0.4170549213886261,5.159229755401611,0.02029499039053917,2.1266283988952637,0.5575976371765137,,,,,,,,,,,,,,,
,0.0002952799347188346,349,,,,,,,,,,,,,,,,,,,,,,,,,,,,,,
3,,349,0.5499296188354492,0.341579407453537,1.0861694812774658,0.03086894378066063,0.517962634563446,0.05187207832932472,2.4332499504089355,0.001969813834875822,3.207463264465332,0.1062198057770729,0.4678958058357239,5.060255527496338,0.015139573253691196,2.1917693614959717,0.6470487713813782,,,,,,,,,,,,,,,
,0.00029489540809576556,359,,,,,,,,,,,,,,,,,,,,,,,,,,,,,,
3,,359,0.5331306457519531,0.4240303933620453,1.0322787761688232,0.017200510948896408,0.46232447028160095,0.06680190563201904,2.3964061737060547,0.0013414148706942797,3.0544679164886475,0.10886602103710175,0.42842385172843933,4.850403308868408,0.009520645253360271,2.112811803817749,0.573046088218689,,,,,,,,,,,,,,,
,0.00029449609618101264,369,,,,,,,,,,,,,,,,,,,,,,,,,,,,,,
3,,369,0.5828469395637512,0.28610652685165405,1.1315163373947144,0.03795285150408745,0.4943288564682007,0.08548639714717865,2.431899070739746,0.0011590548092499375,3.068427562713623,0.06384508311748505,0.44048288464546204,4.910628795623779,0.01246657781302929,2.1507914066314697,0.5777615904808044,,,,,,,,,,,,,,,
,0.00029408203972081614,379,,,,,,,,,,,,,,,,,,,,,,,,,,,,,,
3,,379,0.5038406252861023,0.2889564335346222,1.001393437385559,0.025164801627397537,0.49894872307777405,0.0363057442009449,2.2273354530334473,0.0025881798937916756,2.8855509757995605,0.09164825826883316,0.4730019271373749,4.572868347167969,0.0190361849963665,2.1979191303253174,0.5484539866447449,,,,,,,,,,,,,,,
,0.0002936532809659667,389,,,,,,,,,,,,,,,,,,,,,,,,,,,,,,
3,,389,0.5320547819137573,0.3782949447631836,1.3380504846572876,0.03776697441935539,0.48580387234687805,0.047486867755651474,2.571070671081543,0.0015142671763896942,3.01629638671875,0.09811052680015564,0.41738611459732056,4.970725059509277,0.011772849597036839,2.17230224609375,0.661528468132019,,,,,,,,,,,,,,,
,0.0002932098636674936,399,,,,,,,,,,,,,,,,,,,,,,,,,,,,,,
3,,399,0.570110023021698,0.28050509095191956,1.0482676029205322,0.03373954817652702,0.5238637328147888,0.061044447124004364,2.204784870147705,0.0011556786485016346,2.860548257827759,0.13281646370887756,0.4875323474407196,4.644583225250244,0.037796735763549805,2.0956804752349854,0.5649757385253906,,,,,,,,,,,,,,,
,0.0002927518330722006,409,,,,,,,,,,,,,,,,,,,,,,,,,,,,,,
3,,409,0.5675973296165466,0.3088952898979187,1.0383613109588623,0.04778210073709488,0.5102482438087463,0.04101363569498062,2.2894227504730225,0.0013905437663197517,2.836686372756958,0.09083445370197296,0.45528697967529297,4.629062652587891,0.02669893391430378,2.184591770172119,0.5751091837882996,,,,,,,,,,,,,,,
3,,411,,,,,,,,,,,,,,,,0.061014574021101,0.20440302789211273,0.42456498742103577,0.005200337618589401,0.04370138421654701,0.022240353748202324,2.1608197689056396,0.008536607958376408,0.5079691410064697,0.040375322103500366,0.06161252409219742,1.3708304166793823,0.007409072946757078,2.045057535171509,0.07149341702461243
,0.0002922792359180489,419,,,,,,,,,,,,,,,,,,,,,,,,,,,,,,
4,,419,0.5120102167129517,0.26654350757598877,1.1170352697372437,0.010697946883738041,0.5130642056465149,0.08660508692264557,2.4676907062530518,0.0010913168080151081,2.984503746032715,0.0925481766462326,0.3888317048549652,4.74894905090332,0.00704127736389637,2.1911721229553223,0.5591388940811157,,,,,,,,,,,,,,,
,0.00029179212042938763,429,,,,,,,,,,,,,,,,,,,,,,,,,,,,,,
4,,429,0.5644328594207764,0.3533809185028076,0.8155409097671509,0.019055254757404327,0.5141137838363647,0.031694818288087845,2.174696683883667,0.001860802760347724,2.7965948581695557,0.09190811961889267,0.39664748311042786,4.4338908195495605,0.015861358493566513,2.282459259033203,0.5037387609481812,,,,,,,,,,,,,,,
,0.0002912905363120336,439,,,,,,,,,,,,,,,,,,,,,,,,,,,,,,
4,,439,0.5186960697174072,0.23893964290618896,0.9583107829093933,0.011007508262991905,0.4762915074825287,0.036877814680337906,2.3561434745788574,0.0010520829819142818,2.738173246383667,0.09996691346168518,0.4507058262825012,4.411202907562256,0.007554784417152405,2.1785693168640137,0.5977134704589844,,,,,,,,,,,,,,,
,0.0002907745347481987,449,,,,,,,,,,,,,,,,,,,,,,,,,,,,,,
4,,449,0.5246803164482117,0.25752052664756775,1.0334142446517944,0.027334149926900864,0.528713047504425,0.06158462539315224,2.424490213394165,0.0015857602702453732,2.8536717891693115,0.15891613066196442,0.4518164396286011,4.635301113128662,0.01400134339928627,2.105618476867676,0.6001375913619995,,,,,,,,,,,,,,,
,0.0002902441683912673,459,,,,,,,,,,,,,,,,,,,,,,,,,,,,,,
4,,459,0.6040888428688049,0.4437676966190338,0.9761360883712769,0.007922543212771416,0.4765445590019226,0.036957740783691406,2.2985212802886963,0.0013565435074269772,2.8269152641296387,0.06929117441177368,0.3518909811973572,4.559220790863037,0.013363495469093323,2.109999895095825,0.4808441996574402,,,,,,,,,,,,,,,
,0.00028969949136042363,469,,,,,,,,,,,,,,,,,,,,,,,,,,,,,,
4,,469,0.5153505802154541,0.3103622496128082,1.0687787532806396,0.04701574519276619,0.5063501000404358,0.02218611165881157,2.395270824432373,0.0014818357303738594,2.8588948249816895,0.09963751584291458,0.40071383118629456,4.592167377471924,0.015979677438735962,2.121100664138794,0.44918206334114075,,,,,,,,,,,,,,,
,0.00028914055923512936,479,,,,,,,,,,,,,,,,,,,,,,,,,,,,,,
4,,479,0.5217053890228271,0.35060492157936096,1.016622543334961,0.031423911452293396,0.5170096158981323,0.05166390910744667,2.2490124702453613,0.0010339730652049184,2.7234020233154297,0.04994845762848854,0.42747965455055237,4.439222812652588,0.01528695784509182,2.3449606895446777,0.5055620670318604,,,,,,,,,,,,,,,
,0.0002885674290494522,489,,,,,,,,,,,,,,,,,,,,,,,,,,,,,,
4,,489,0.5814123153686523,0.2788749039173126,0.9008432030677795,0.045916806906461716,0.4931968152523041,0.04866382107138634,2.187441349029541,0.001119338208809495,2.781947612762451,0.20008516311645508,0.37512677907943726,4.449842929840088,0.0117730051279068,2.191786050796509,0.4568231403827667,,,,,,,,,,,,,,,
,0.00028798015928624583,499,,,,,,,,,,,,,,,,,,,,,,,,,,,,,,
4,,499,0.527141809463501,0.2952304780483246,0.9745786786079407,0.04818035662174225,0.5080552101135254,0.03979739919304848,2.2474982738494873,0.0012846351601183414,2.790543556213379,0.11446593701839447,0.43903014063835144,4.501993656158447,0.03371373191475868,2.1991145610809326,0.46823668479919434,,,,,,,,,,,,,,,
,0.0002873788098711826,509,,,,,,,,,,,,,,,,,,,,,,,,,,,,,,
4,,509,0.5457540154457092,0.23289361596107483,0.8722391128540039,0.02944040298461914,0.4804164171218872,0.04716955125331879,2.1784114837646484,0.0014924786519259214,2.720122814178467,0.1820003241300583,0.4078443944454193,4.360101699829102,0.01688391901552677,2.036088466644287,0.5576502084732056,,,,,,,,,,,,,,,
4,,514,,,,,,,,,,,,,,,,0.05341009050607681,0.11779887974262238,0.30245479941368103,0.002896040678024292,0.027815621346235275,0.017265815287828445,1.5846827030181885,0.0051507893949747086,0.22372600436210632,0.037684425711631775,0.05894200876355171,0.8464800715446472,0.0025061366613954306,2.137183666229248,0.06147162988781929
,0.00028676344216663853,519,,,,,,,,,,,,,,,,,,,,,,,,,,,,,,
5,,519,0.5166960954666138,0.2819315493106842,1.0614501237869263,0.04297250881791115,0.45746302604675293,0.0307666826993227,2.02998685836792,0.0009780997643247247,2.744661331176758,0.11167395114898682,0.5082342624664307,4.444031238555908,0.00582495704293251,2.2870442867279053,0.6813164353370667,,,,,,,,,,,,,,,
,0.00028613411896543164,529,,,,,,,,,,,,,,,,,,,,,,,,,,,,,,
5,,529,0.5424426794052124,0.2556071877479553,0.8513369560241699,0.03181249648332596,0.49992963671684265,0.032120395451784134,1.9838792085647583,0.0013455464504659176,2.7318308353424072,0.12731511890888214,0.44067880511283875,4.3393354415893555,0.013723362237215042,2.0587570667266846,0.6250428557395935,,,,,,,,,,,,,,,
,0.0002854909044844147,539,,,,,,,,,,,,,,,,,,,,,,,,,,,,,,
5,,539,0.5249699354171753,0.21064861118793488,0.857138991355896,0.03360588476061821,0.5099850296974182,0.03356268256902695,1.9563612937927246,0.0010627210140228271,2.6481897830963135,0.08314405381679535,0.4115278422832489,4.196142673492432,0.026354646310210228,2.0475966930389404,0.5163283944129944,,,,,,,,,,,,,,,
,0.00028483386435792265,549,,,,,,,,,,,,,,,,,,,,,,,,,,,,,,
5,,549,0.4704984724521637,0.28012534976005554,1.0547797679901123,0.024021737277507782,0.4930797219276428,0.019746413454413414,1.8872528076171875,0.0010403972119092941,2.707062244415283,0.09165410697460175,0.4737156331539154,4.285397529602051,0.011669982224702835,2.2174746990203857,0.5480735301971436,,,,,,,,,,,,,,,
,0.00028416306563107456,559,,,,,,,,,,,,,,,,,,,,,,,,,,,,,,
5,,559,0.5485260486602783,0.2486732453107834,1.0682344436645508,0.02647637203335762,0.50620037317276,0.03489823639392853,1.9960577487945557,0.000620148959569633,2.7001686096191406,0.08665032684803009,0.4096514880657196,4.326123237609863,0.012035060673952103,2.308762788772583,0.5155957341194153,,,,,,,,,,,,,,,
,0.00028347857675293294,569,,,,,,,,,,,,,,,,,,,,,,,,,,,,,,
5,,569,0.5285820960998535,0.21640107035636902,0.9757748246192932,0.021388299763202667,0.4881104528903961,0.03927347809076309,1.9509586095809937,0.0007426220690831542,2.6448285579681396,0.10032447427511215,0.47202441096305847,4.219525337219238,0.01701156422495842,2.133918285369873,0.5103765726089478,,,,,,,,,,,,,,,
,0.00028278046756951886,579,,,,,,,,,,,,,,,,,,,,,,,,,,,,,,
5,,579,0.5261193513870239,0.27964213490486145,0.9504832625389099,0.04543726146221161,0.5030945539474487,0.041530855000019073,1.960595965385437,0.0008693769341334701,2.7528481483459473,0.09240587800741196,0.46375006437301636,4.410435199737549,0.004531401675194502,2.173381805419922,0.6779620051383972,,,,,,,,,,,,,,,
,0.0002820688093166846,589,,,,,,,,,,,,,,,,,,,,,,,,,,,,,,
5,,589,0.5071015357971191,0.19173341989517212,0.931313693523407,0.03847409039735794,0.48669159412384033,0.01809553988277912,1.7824904918670654,0.0006964001804590225,2.6765520572662354,0.11419977247714996,0.40035173296928406,4.176170349121094,0.006871819030493498,2.1030452251434326,0.5679805874824524,,,,,,,,,,,,,,,
,0.00028134367461284506,599,,,,,,,,,,,,,,,,,,,,,,,,,,,,,,
5,,599,0.541679322719574,0.20390620827674866,1.0509432554244995,0.03902048245072365,0.5058450698852539,0.052466895431280136,1.6181672811508179,0.0010028162505477667,2.7780213356018066,0.07557258754968643,0.43031322956085205,4.320828437805176,0.01876375824213028,2.0235800743103027,0.5389993190765381,,,,,,,,,,,,,,,
,0.0002806051374515673,609,,,,,,,,,,,,,,,,,,,,,,,,,,,,,,
5,,609,0.5774463415145874,0.233026921749115,1.0123876333236694,0.041488226503133774,0.47213757038116455,0.015561345964670181,1.832872748374939,0.0012454192619770765,2.740797519683838,0.08974996209144592,0.4125678539276123,4.315620422363281,0.0123117221519351,2.2301852703094482,0.5137273073196411,,,,,,,,,,,,,,,
5,,617,,,,,,,,,,,,,,,,0.04460849612951279,0.10980743914842606,0.29239070415496826,0.004222038201987743,0.033674657344818115,0.019672006368637085,1.041568636894226,0.011486547999083996,0.10682680457830429,0.022205956280231476,0.05303124338388443,0.590684175491333,0.0027292384766042233,2.085021734237671,0.06297045201063156
,0.00027985327319402046,619,,,,,,,,,,,,,,,,,,,,,,,,,,,,,,
6,,619,0.5208393335342407,0.19751723110675812,0.8692240715026855,0.01688816212117672,0.49227529764175415,0.02043948322534561,1.3093315362930298,0.0010462149512022734,2.5735247135162354,0.08488486707210541,0.42459166049957275,3.933180093765259,0.006351727992296219,1.9195712804794312,0.5896763801574707,,,,,,,,,,,,,,,
,0.0002790881585612856,629,,,,,,,,,,,,,,,,,,,,,,,,,,,,,,
6,,629,0.4764018952846527,0.2179720252752304,1.0415130853652954,0.025934647768735886,0.4896581768989563,0.0237019881606102,1.6543889045715332,0.0007349529769271612,2.5951833724975586,0.07651236653327942,0.48251718282699585,4.0922932624816895,0.028537798672914505,2.141197919845581,0.4940532147884369,,,,,,,,,,,,,,,
,0.00027830987162652716,639,,,,,,,,,,,,,,,,,,,,,,,,,,,,,,
6,,639,0.5063363909721375,0.21281982958316803,1.0303053855895996,0.029640069231390953,0.4923333525657654,0.017510564997792244,1.5652105808258057,0.000645676045678556,2.646174192428589,0.14046482741832733,0.44278138875961304,4.1338887214660645,0.018021397292613983,2.088897943496704,0.5308433175086975,,,,,,,,,,,,,,,
,0.00027751849180702613,649,,,,,,,,,,,,,,,,,,,,,,,,,,,,,,
6,,649,0.5735001564025879,0.21767018735408783,0.9890078902244568,0.01680402085185051,0.4869444966316223,0.03210357204079628,1.430833101272583,0.0006458134739659727,2.6516387462615967,0.04558110982179642,0.4246579706668854,4.100718975067139,0.009331323206424713,1.9999608993530273,0.5483790040016174,,,,,,,,,,,,,,,
,0.0002767140998560763,659,,,,,,,,,,,,,,,,,,,,,,,,,,,,,,
6,,659,0.5308502912521362,0.25983670353889465,0.8756081461906433,0.015045716427266598,0.452869176864624,0.02768600545823574,1.635745644569397,0.0006800328847020864,2.674161195755005,0.07263194024562836,0.48603740334510803,4.11591100692749,0.010456852614879608,2.1941044330596924,0.4647543430328369,,,,,,,,,,,,,,,
,0.00027589677785474424,669,,,,,,,,,,,,,,,,,,,,,,,,,,,,,,
6,,669,0.47724685072898865,0.18294864892959595,0.8664823174476624,0.017684945836663246,0.4993842840194702,0.030293146148324013,1.2518547773361206,0.00046133785508573055,2.6308887004852295,0.1479211300611496,0.4087825119495392,3.959989547729492,0.013582330197095871,2.11539363861084,0.5624125003814697,,,,,,,,,,,,,,,
,0.00027506660920349334,679,,,,,,,,,,,,,,,,,,,,,,,,,,,,,,
6,,679,0.4417787194252014,0.2894667685031891,1.0208286046981812,0.007990607991814613,0.4683421552181244,0.0625385195016861,1.8931212425231934,0.0009560283506289124,2.585968017578125,0.10988795757293701,0.3673790991306305,4.0926289558410645,0.006162695121020079,2.2067973613739014,0.45677486062049866,,,,,,,,,,,,,,,
,0.0002742236786136738,689,,,,,,,,,,,,,,,,,,,,,,,,,,,,,,
6,,689,0.49522238969802856,0.2787190079689026,0.7595623135566711,0.03725430741906166,0.45929867029190063,0.031535059213638306,1.5522269010543823,0.0006646756082773209,2.6506807804107666,0.09317194670438766,0.3652191162109375,4.010335922241211,0.012014171108603477,2.0000228881835938,0.3902857005596161,,,,,,,,,,,,,,,
,0.0002733680720988785,699,,,,,,,,,,,,,,,,,,,,,,,,,,,,,,
6,,699,0.5485605001449585,0.1574852168560028,0.8700641989707947,0.024642840027809143,0.5081970691680908,0.011190488003194332,1.2686766386032104,0.0006570466794073582,2.6409623622894287,0.1835864782333374,0.4416049122810364,4.0164313316345215,0.013212546706199646,2.2565529346466064,0.5766341090202332,,,,,,,,,,,,,,,
,0.000272499876966166,709,,,,,,,,,,,,,,,,,,,,,,,,,,,,,,
6,,709,0.4525848627090454,0.3325251042842865,1.0257914066314697,0.03751972317695618,0.5396661162376404,0.024515297263860703,1.752031922340393,0.0004281375731807202,2.6780426502227783,0.1091398373246193,0.40083786845207214,4.269194602966309,0.018542740494012833,2.1748359203338623,0.6196703910827637,,,,,,,,,,,,,,,
,0.0002716191818071519,719,,,,,,,,,,,,,,,,,,,,,,,,,,,,,,
6,,719,0.48400887846946716,0.1802387833595276,0.8537564873695374,0.024287275969982147,0.47565793991088867,0.02137037366628647,1.2179220914840698,0.0005640228046104312,2.5895862579345703,0.10978101193904877,0.3953711986541748,3.8736114501953125,0.012275690212845802,2.162614583969116,0.4901667833328247,,,,,,,,,,,,,,,
6,,720,,,,,,,,,,,,,,,,0.03147812560200691,0.055165600031614304,0.1986495852470398,0.0024259621277451515,0.02073792554438114,0.015741489827632904,0.7737335562705994,0.0033254935406148434,0.06810899823904037,0.021696696057915688,0.04277310520410538,0.40750420093536377,0.0017149602063000202,2.041797399520874,0.054102957248687744
,0.0002707260764889683,729,,,,,,,,,,,,,,,,,,,,,,,,,,,,,,
7,,729,0.5996658205986023,0.36632686853408813,0.8485448956489563,0.015495803207159042,0.4861726760864258,0.020563894882798195,1.3834197521209717,0.000746708014048636,2.6875693798065186,0.1207936704158783,0.4064658284187317,4.1634416580200195,0.017853407189249992,2.229215621948242,0.5458546280860901,,,,,,,,,,,,,,,
,0.0002698206521450945,739,,,,,,,,,,,,,,,,,,,,,,,,,,,,,,
7,,739,0.5000450015068054,0.22295598685741425,0.89839106798172,0.046679385006427765,0.4562276601791382,0.026168961077928543,1.1506494283676147,0.0005168772768229246,2.486436367034912,0.12132423371076584,0.45898473262786865,3.8319058418273926,0.02885722927749157,2.1246390342712402,0.4529816210269928,,,,,,,,,,,,,,,
,0.00026890300116605653,749,,,,,,,,,,,,,,,,,,,,,,,,,,,,,,
7,,749,0.5512830018997192,0.14350442588329315,0.768458902835846,0.012711948715150356,0.4242303669452667,0.023849576711654663,1.1721571683883667,0.0008430586894974113,2.5256435871124268,0.08980528265237808,0.42268308997154236,3.7880208492279053,0.017021572217345238,2.301961660385132,0.5306356549263,,,,,,,,,,,,,,,
,0.00026797321719000076,759,,,,,,,,,,,,,,,,,,,,,,,,,,,,,,
7,,759,0.5757156610488892,0.15039275586605072,0.8834443688392639,0.018144438043236732,0.48240458965301514,0.019839683547616005,1.2893719673156738,0.0005523647414520383,2.636429786682129,0.10474973917007446,0.3937138617038727,4.0023722648620605,0.003954260144382715,2.254966974258423,0.609747052192688,,,,,,,,,,,,,,,
,0.0002670313950931379,769,,,,,,,,,,,,,,,,,,,,,,,,,,,,,,
7,,769,0.45401260256767273,0.14208611845970154,0.6926543116569519,0.02612917311489582,0.4817250967025757,0.028192782774567604,1.3096071481704712,0.0007022775243967772,2.566178321838379,0.10183235257863998,0.4032427966594696,3.790165901184082,0.006763026583939791,2.2186379432678223,0.46967756748199463,,,,,,,,,,,,,,,
,0.00026607763098006223,779,,,,,,,,,,,,,,,,,,,,,,,,,,,,,,
7,,779,0.5323594808578491,0.20257969200611115,0.8824622631072998,0.01768883876502514,0.4919395446777344,0.04115382954478264,1.316663384437561,0.0006037525599822402,2.6506357192993164,0.11091932654380798,0.46171343326568604,4.025561332702637,0.010603484697639942,2.2360193729400635,0.5079043507575989,,,,,,,,,,,,,,,
,0.0002651120221739451,789,,,,,,,,,,,,,,,,,,,,,,,,,,,,,,
7,,789,0.5667607188224792,0.13413992524147034,0.8465179800987244,0.012073136866092682,0.4624361991882324,0.03512892127037048,1.33137047290802,0.0005095616215839982,2.572148561477661,0.157658651471138,0.30621016025543213,3.8853302001953125,0.02023315243422985,2.255380392074585,0.4615573585033417,,,,,,,,,,,,,,,
,0.0002641346672066035,799,,,,,,,,,,,,,,,,,,,,,,,,,,,,,,
7,,799,0.49374935030937195,0.13860249519348145,0.9533953666687012,0.04766082763671875,0.5033083558082581,0.01711517572402954,1.1498183012008667,0.0004144596168771386,2.589784622192383,0.058402422815561295,0.43287524580955505,3.9259192943573,0.005944864824414253,2.1461398601531982,0.5886846780776978,,,,,,,,,,,,,,,
,0.00026314566580844625,809,,,,,,,,,,,,,,,,,,,,,,,,,,,,,,
7,,809,0.5024356842041016,0.2043469250202179,0.9131482243537903,0.021925922483205795,0.48072659969329834,0.016568440943956375,1.0728530883789062,0.0003637931076809764,2.574815034866333,0.06143037974834442,0.4233018755912781,3.8610482215881348,0.005120519082993269,2.0239505767822266,0.5378931164741516,,,,,,,,,,,,,,,
,0.000262145118898297,819,,,,,,,,,,,,,,,,,,,,,,,,,,,,,,
7,,819,0.4906938970088959,0.16290579736232758,0.763096034526825,0.024819528684020042,0.4979040324687958,0.016098208725452423,1.1329132318496704,0.00038700064760632813,2.6381120681762695,0.11254352331161499,0.43551871180534363,3.92578125,0.019350554794073105,2.2170016765594482,0.6131176352500916,,,,,,,,,,,,,,,
7,,823,,,,,,,,,,,,,,,,0.02619846537709236,0.04705733433365822,0.148405522108078,0.0027719822246581316,0.022006936371326447,0.010953787714242935,0.678872287273407,0.0036195707507431507,0.05059454217553139,0.013784647919237614,0.03221828117966652,0.33996281027793884,0.0013181638205423951,2.075113534927368,0.05335550010204315
,0.00026113312857309665,829,,,,,,,,,,,,,,,,,,,,,,,,,,,,,,
8,,829,0.5249620079994202,0.2231598049402237,0.9064475297927856,0.047896090894937515,0.48366913199424744,0.01763140596449375,1.217283844947815,0.000535764207597822,2.505013942718506,0.11022912710905075,0.46038374304771423,3.846237897872925,0.03504146263003349,2.1569292545318604,0.30468684434890747,,,,,,,,,,,,,,,
,0.0002601097980974851,839,,,,,,,,,,,,,,,,,,,,,,,,,,,,,,
8,,839,0.5316506624221802,0.1691783368587494,0.8773565292358398,0.0460323691368103,0.4843153953552246,0.02482006885111332,1.3179534673690796,0.00032552421907894313,2.6689538955688477,0.08721625804901123,0.3974464237689972,4.05964994430542,0.013955609872937202,2.229387044906616,0.5937670469284058,,,,,,,,,,,,,,,
,0.0002590752318932639,849,,,,,,,,,,,,,,,,,,,,,,,,,,,,,,
8,,849,0.517089307308197,0.1459190398454666,0.7945569157600403,0.021813686937093735,0.4642309546470642,0.017486711964011192,1.0412147045135498,0.00046060807653702796,2.5685205459594727,0.12015698850154877,0.4002256691455841,3.769038677215576,0.013802895322442055,2.199329376220703,0.4199608266353607,,,,,,,,,,,,,,,
,0.0002580295355287415,859,,,,,,,,,,,,,,,,,,,,,,,,,,,,,,
8,,859,0.5463595986366272,0.15714825689792633,0.9259136319160461,0.03849367797374725,0.49575090408325195,0.025990940630435944,1.194911241531372,0.0004633036151062697,2.535828113555908,0.1568090319633484,0.4414862096309662,3.918365478515625,0.02803758718073368,2.156740665435791,0.5141670107841492,,,,,,,,,,,,,,,
,0.00025697281570796,869,,,,,,,,,,,,,,,,,,,,,,,,,,,,,,
8,,869,0.5828872323036194,0.1230139508843422,0.9335920214653015,0.025589680299162865,0.4914371371269226,0.018580807372927666,1.0845001935958862,0.00044118205551058054,2.5605223178863525,0.05211907625198364,0.44463419914245605,3.8936920166015625,0.014543121680617332,2.043361186981201,0.5728322863578796,,,,,,,,,,,,,,,
,0.00025590518025980785,879,,,,,,,,,,,,,,,,,,,,,,,,,,,,,,
8,,879,0.5353571772575378,0.1781958043575287,0.6630468964576721,0.015514742583036423,0.4503031373023987,0.01766885071992874,1.057220220565796,0.0004473906592465937,2.4539120197296143,0.11639491468667984,0.41363099217414856,3.6682116985321045,0.010959647595882416,2.1898388862609863,0.5453545451164246,,,,,,,,,,,,,,,
,0.00025482673812701637,889,,,,,,,,,,,,,,,,,,,,,,,,,,,,,,
8,,889,0.5762235522270203,0.1503610461950302,0.8271297812461853,0.03998059406876564,0.4814949035644531,0.013951464556157589,1.1779226064682007,0.0004948589485138655,2.5747151374816895,0.11877084523439407,0.42215171456336975,3.885979175567627,0.017202720046043396,2.0713398456573486,0.44371575117111206,,,,,,,,,,,,,,,
,0.00025373759935504316,899,,,,,,,,,,,,,,,,,,,,,,,,,,,,,,
8,,899,0.5384419560432434,0.15749451518058777,1.0072689056396484,0.012606575153768063,0.4681544005870819,0.012646130286157131,1.298899531364441,0.000441337819211185,2.546196937561035,0.10018543899059296,0.4120175838470459,3.935434341430664,0.028011824935674667,2.0056004524230957,0.5608680844306946,,,,,,,,,,,,,,,
,0.0002526378750808432,909,,,,,,,,,,,,,,,,,,,,,,,,,,,,,,
8,,909,0.49943655729293823,0.16033223271369934,0.8262609839439392,0.008532585576176643,0.48760339617729187,0.016519276425242424,1.1126179695129395,0.000366660940926522,2.544233798980713,0.0775681808590889,0.4530777633190155,3.857332706451416,0.008486389182507992,2.1976869106292725,0.7447279691696167,,,,,,,,,,,,,,,
,0.0002515276775215278,919,,,,,,,,,,,,,,,,,,,,,,,,,,,,,,
8,,919,0.570604145526886,0.21930819749832153,0.9471468925476074,0.048089027404785156,0.3991471529006958,0.027586650103330612,1.2411162853240967,0.0004235532833263278,2.619739532470703,0.10859698057174683,0.449386328458786,3.9752681255340576,0.005386099684983492,2.109644651412964,0.38144809007644653,,,,,,,,,,,,,,,
8,,926,,,,,,,,,,,,,,,,0.01790132001042366,0.07226432114839554,0.13847671449184418,0.002517338842153549,0.014755064621567726,0.01048025581985712,0.5201532244682312,0.003917139954864979,0.029087116941809654,0.01591726765036583,0.026888947933912277,0.27074381709098816,0.0009612795547582209,2.064302921295166,0.027096537873148918
,0.00025040711996291446,929,,,,,,,,,,,,,,,,,,,,,,,,,,,,,,
9,,929,0.5776606202125549,0.1327487677335739,0.7624605894088745,0.021149463951587677,0.3978435695171356,0.033429790288209915,1.0895620584487915,0.0006066296482458711,2.580735921859741,0.055447451770305634,0.4286409616470337,3.81482195854187,0.02326706238090992,2.2773802280426025,0.4526112675666809,,,,,,,,,,,,,,,
,0.00024927631674796666,939,,,,,,,,,,,,,,,,,,,,,,,,,,,,,,
9,,939,0.44697606563568115,0.1658516526222229,0.8434768915176392,0.012619946151971817,0.480681836605072,0.02235141023993492,0.9812985062599182,0.00027106868219561875,2.484802484512329,0.04815676808357239,0.43753790855407715,3.6707663536071777,0.02205398678779602,2.288900852203369,0.4558183252811432,,,,,,,,,,,,,,,
,0.00024813538326512615,949,,,,,,,,,,,,,,,,,,,,,,,,,,,,,,
9,,949,0.40514686703681946,0.13779012858867645,0.8915470242500305,0.023826448246836662,0.4290356934070587,0.017426397651433945,1.3037077188491821,0.00038068200228735805,2.3513643741607666,0.10466580092906952,0.42796790599823,3.638988733291626,0.009996823035180569,2.0746729373931885,0.6169125437736511,,,,,,,,,,,,,,,
,0.00024698443593653893,959,,,,,,,,,,,,,,,,,,,,,,,,,,,,,,
9,,959,0.5795904397964478,0.1264232099056244,0.7500882148742676,0.030018426477909088,0.46328437328338623,0.01917247287929058,0.9092659950256348,0.00032279378501698375,2.520631790161133,0.09405500441789627,0.435258686542511,3.717684745788574,0.00940678734332323,2.1259891986846924,0.46010124683380127,,,,,,,,,,,,,,,
,0.0002458235922061749,969,,,,,,,,,,,,,,,,,,,,,,,,,,,,,,
9,,969,0.4483095705509186,0.1419263780117035,0.7754654288291931,0.008764026686549187,0.4098530411720276,0.022163165733218193,1.0344985723495483,0.0005335287423804402,2.241528272628784,0.07713253796100616,0.4436469078063965,3.391195297241211,0.008431654423475266,2.2123756408691406,0.48634621500968933,,,,,,,,,,,,,,,
,0.0002446529705278441,979,,,,,,,,,,,,,,,,,,,,,,,,,,,,,,
9,,979,0.5759963989257812,0.11476387083530426,0.8938438892364502,0.02589498460292816,0.4731070399284363,0.011420215480029583,1.0745874643325806,0.00040782999712973833,2.5684814453125,0.09876769781112671,0.40847623348236084,3.828522205352783,0.009461461566388607,2.1867847442626953,0.44358527660369873,,,,,,,,,,,,,,,
,0.0002434726903531097,989,,,,,,,,,,,,,,,,,,,,,,,,,,,,,,
9,,989,0.44424059987068176,0.17767614126205444,0.7543091773986816,0.010040574707090855,0.4424436390399933,0.012839014641940594,1.0448532104492188,0.00040842388989403844,2.2774178981781006,0.089157335460186,0.4127139747142792,3.4500246047973633,0.0035540375392884016,2.2347829341888428,0.5498661994934082,,,,,,,,,,,,,,,
,0.0002422828721190985,999,,,,,,,,,,,,,,,,,,,,,,,,,,,,,,
9,,999,0.46266013383865356,0.1534300148487091,0.7912451028823853,0.023165980353951454,0.4258379340171814,0.013952713459730148,0.9861521124839783,0.0005962010473012924,2.197737216949463,0.08912776410579681,0.40538135170936584,3.364445686340332,0.005522504448890686,2.1523382663726807,0.5097624063491821,,,,,,,,,,,,,,,
,0.00024108363723621175,1009,,,,,,,,,,,,,,,,,,,,,,,,,,,,,,
9,,1009,0.5016680359840393,0.152255579829216,1.024511456489563,0.031076952815055847,0.4559639096260071,0.038327187299728394,1.1578702926635742,0.00031743088038638234,2.6661324501037598,0.05896197631955147,0.38452062010765076,3.969243049621582,0.007461473811417818,2.2692582607269287,0.4559822082519531,,,,,,,,,,,,,,,
,0.00023987510807573626,1019,,,,,,,,,,,,,,,,,,,,,,,,,,,,,,
9,,1019,0.45595669746398926,0.1394049972295761,0.8554170727729797,0.07544313371181488,0.4346867501735687,0.043640829622745514,1.0889991521835327,0.00031904748175293207,2.1550753116607666,0.1633264422416687,0.4237971901893616,3.4754152297973633,0.025262383744120598,2.1749942302703857,0.556500256061554,,,,,,,,,,,,,,,
,0.00023865740795735754,1029,,,,,,,,,,,,,,,,,,,,,,,,,,,,,,
9,,1029,0.5246057510375977,0.13525226712226868,0.6843739151954651,0.014832904562354088,0.42659324407577515,0.027165474370121956,0.8491291999816895,0.0005435029743239284,2.181518077850342,0.11964257806539536,0.4532030522823334,3.352631092071533,0.013399439863860607,2.0965473651885986,0.5984030961990356,,,,,,,,,,,,,,,
9,,1029,,,,,,,,,,,,,,,,0.0153084397315979,0.03506401553750038,0.12383536249399185,0.0029458871576935053,0.01076603028923273,0.014613154344260693,0.5041297674179077,0.0021794799249619246,0.030362408608198166,0.01719583384692669,0.02172483317553997,0.2475663274526596,0.0011265514185652137,2.087353467941284,0.03055552765727043
,0.0002374306611365759,1039,,,,,,,,,,,,,,,,,,,,,,,,,,,,,,
10,,1039,0.5251285433769226,0.1445465385913849,0.8135334849357605,0.025270283222198486,0.4607003629207611,0.015552571974694729,1.1822731494903564,0.00035786759690381587,2.581747531890869,0.1316070407629013,0.39788728952407837,3.8386826515197754,0.0027398555539548397,2.2206718921661377,0.48762115836143494,,,,,,,,,,,,,,,
,0.00023619499279202742,1049,,,,,,,,,,,,,,,,,,,,,,,,,,,,,,
10,,1049,0.5213193297386169,0.10990232229232788,0.7264510989189148,0.02672160044312477,0.4177968204021454,0.023064754903316498,0.8840103149414062,0.0002794093161355704,2.2438440322875977,0.10830438882112503,0.40643566846847534,3.401467800140381,0.002435113303363323,2.0181703567504883,0.5703822374343872,,,,,,,,,,,,,,,
,0.0002349505290127108,1059,,,,,,,,,,,,,,,,,,,,,,,,,,,,,,
10,,1059,0.4120987355709076,0.11323489993810654,0.7130277752876282,0.025030212476849556,0.4471381902694702,0.010622669011354446,0.8979930877685547,0.0003876039118040353,2.152174711227417,0.10641870647668839,0.4140370190143585,3.2517216205596924,0.01255427673459053,2.035076379776001,0.5198637247085571,,,,,,,,,,,,,,,
,0.0002336973967851205,1069,,,,,,,,,,,,,,,,,,,,,,,,,,,,,,
10,,1069,0.4463002383708954,0.11742235720157623,0.8152411580085754,0.036326002329587936,0.41823726892471313,0.016258185729384422,1.0093400478363037,0.00030336505733430386,2.021937131881714,0.08037985116243362,0.460921049118042,3.18119740486145,0.03170382231473923,2.1725549697875977,0.3565697968006134,,,,,,,,,,,,,,,
,0.00023243572398028958,1079,,,,,,,,,,,,,,,,,,,,,,,,,,,,,,
10,,1079,0.4257441461086273,0.1357310712337494,0.6788913011550903,0.031763166189193726,0.39859628677368164,0.027750737965106964,0.9568241834640503,0.0004339664592407644,2.0628721714019775,0.1555328667163849,0.36781999468803406,3.1560606956481934,0.007964328862726688,2.1513125896453857,0.441901832818985,,,,,,,,,,,,,,,
,0.00023116563934074116,1089,,,,,,,,,,,,,,,,,,,,,,,,,,,,,,
10,,1089,0.47980615496635437,0.1608678549528122,0.680391252040863,0.02164173685014248,0.42864930629730225,0.01411890983581543,0.9267332553863525,0.0002750166750047356,2.4775729179382324,0.08039520680904388,0.3269698917865753,3.557040214538574,0.019262967631220818,2.325920820236206,0.3552054464817047,,,,,,,,,,,,,,,
,0.00022988727246735157,1099,,,,,,,,,,,,,,,,,,,,,,,,,,,,,,
10,,1099,0.4302513301372528,0.12152048200368881,0.6177265644073486,0.03113490715622902,0.3317379355430603,0.011276601813733578,0.8153213262557983,0.00030225131195038557,2.018662452697754,0.08381269872188568,0.3672162592411041,3.0204055309295654,0.0036020325496792793,2.1628258228302,0.4641137719154358,,,,,,,,,,,,,,,
,0.00022860075380612557,1109,,,,,,,,,,,,,,,,,,,,,,,,,,,,,,
10,,1109,0.4532155692577362,0.17350392043590546,0.5303360819816589,0.014958509244024754,0.39193934202194214,0.00617945147678256,0.9132399559020996,0.00028186169220134616,2.446894645690918,0.11542380601167679,0.38879334926605225,3.4835457801818848,0.006902267690747976,2.1266698837280273,0.44980546832084656,,,,,,,,,,,,,,,
,0.00022730621463488564,1119,,,,,,,,,,,,,,,,,,,,,,,,,,,,,,
10,,1119,0.486131489276886,0.11662650853395462,0.8053816556930542,0.026898054406046867,0.44876858592033386,0.010046991519629955,0.9078824520111084,0.0002600237785372883,2.529520273208618,0.06930655241012573,0.4505223035812378,3.6887574195861816,0.007596982177346945,2.095217704772949,0.4948815107345581,,,,,,,,,,,,,,,
,0.00022600378704987624,1129,,,,,,,,,,,,,,,,,,,,,,,,,,,,,,
10,,1129,0.4560721814632416,0.10672752559185028,0.8565638661384583,0.04839352145791054,0.40790700912475586,0.013998327776789665,0.8925358057022095,0.0002768866834230721,2.0065863132476807,0.11666208505630493,0.3726145327091217,3.1546425819396973,0.008994822390377522,2.1337203979492188,0.46187475323677063,,,,,,,,,,,,,,,
10,,1132,,,,,,,,,,,,,,,,0.013681716285645962,0.02571280673146248,0.11840197443962097,0.0029164820443838835,0.013339361175894737,0.009292075410485268,0.4431534707546234,0.0011968760518357158,0.034253787249326706,0.013785171322524548,0.02528025396168232,0.22665858268737793,0.0009243878885172307,2.0307741165161133,0.029424674808979034
,0.00022469360395228446,1139,,,,,,,,,,,,,,,,,,,,,,,,,,,,,,
11,,1139,0.4325273334980011,0.22164227068424225,0.8917486667633057,0.04533914849162102,0.4265367388725281,0.02420445717871189,1.136339783668518,0.00038800330366939306,2.222822666168213,0.15799570083618164,0.4595731496810913,3.5465283393859863,0.012851491570472717,2.164325475692749,0.5808213949203491,,,,,,,,,,,,,,,
,0.0002233757990346787,1149,,,,,,,,,,,,,,,,,,,,,,,,,,,,,,
11,,1149,0.5023282170295715,0.14181916415691376,0.67033451795578,0.010364540852606297,0.4506431221961975,0.014890997670590878,0.894773006439209,0.0002577933482825756,2.4482383728027344,0.10670215636491776,0.40952610969543457,3.565286874771118,0.016191361472010612,2.181758165359497,0.4651085138320923,,,,,,,,,,,,,,,
,0.00022205050676736646,1159,,,,,,,,,,,,,,,,,,,,,,,,,,,,,,
11,,1159,0.4893735349178314,0.16780708730220795,0.7860519886016846,0.033903416246175766,0.48627108335494995,0.011005489155650139,0.9498291611671448,0.00024083719472400844,2.4274423122406006,0.10096177458763123,0.4274890124797821,3.6484482288360596,0.009508713148534298,2.099374294281006,0.548526406288147,,,,,,,,,,,,,,,
,0.00022071786238467303,1169,,,,,,,,,,,,,,,,,,,,,,,,,,,,,,
11,,1169,0.5166624784469604,0.16298465430736542,0.8094885945320129,0.03499521315097809,0.4601738452911377,0.01763887330889702,1.0630069971084595,0.00023436234914697707,2.3691906929016113,0.08205520361661911,0.4169335663318634,3.62829327583313,0.015444725751876831,2.1219534873962402,0.5224893093109131,,,,,,,,,,,,,,,
,0.0002193780018711417,1179,,,,,,,,,,,,,,,,,,,,,,,,,,,,,,
11,,1179,0.5542334914207458,0.1515514850616455,0.8481512665748596,0.013754536397755146,0.4392508566379547,0.020734617486596107,0.9899662137031555,0.00030941161094233394,2.4396095275878906,0.13432784378528595,0.40274032950401306,3.6654670238494873,0.017303423956036568,2.1004343032836914,0.446461021900177,,,,,,,,,,,,,,,
,0.00021803106194765817,1189,,,,,,,,,,,,,,,,,,,,,,,,,,,,,,
11,,1189,0.43486288189888,0.10630379617214203,0.7045004367828369,0.031599774956703186,0.40301409363746643,0.010112318210303783,0.9223037958145142,0.0002854475169442594,2.016470193862915,0.07631441950798035,0.4099215865135193,3.068716287612915,0.012650924734771252,2.2240843772888184,0.35529825091362,,,,,,,,,,,,,,,
,0.00021667718005749886,1199,,,,,,,,,,,,,,,,,,,,,,,,,,,,,,
11,,1199,0.5236495137214661,0.14567285776138306,0.9373443126678467,0.069941945374012,0.4698578715324402,0.012132860720157623,0.9512713551521301,0.00018543694750405848,2.4482219219207764,0.10834647715091705,0.41963979601860046,3.787574291229248,0.06229619309306145,2.260256767272949,0.4803428649902344,,,,,,,,,,,,,,,
,0.00021531649435230655,1209,,,,,,,,,,,,,,,,,,,,,,,,,,,,,,
11,,1209,0.43964970111846924,0.0894964337348938,0.7186616063117981,0.01824944093823433,0.3486233651638031,0.016931237652897835,0.7472442388534546,0.00024318906071130186,1.9722890853881836,0.11304835975170135,0.3838329613208771,2.9815049171447754,0.008448701351881027,2.1394927501678467,0.4496549665927887,,,,,,,,,,,,,,,
,0.00021394914367799304,1219,,,,,,,,,,,,,,,,,,,,,,,,,,,,,,
11,,1219,0.5305652618408203,0.16649900376796722,0.8088042140007019,0.04322968050837517,0.4594014286994934,0.028267933055758476,0.967592179775238,0.00024626945378258824,2.5204741954803467,0.08807849138975143,0.4390173852443695,3.769982099533081,0.008398361504077911,2.1979403495788574,0.50404292345047,,,,,,,,,,,,,,,
,0.00021257526756057092,1229,,,,,,,,,,,,,,,,,,,,,,,,,,,,,,
11,,1229,0.4470902383327484,0.12883302569389343,0.7822400331497192,0.03507642075419426,0.42279788851737976,0.00798899494111538,0.8444180488586426,0.0002021301188506186,2.4573206901550293,0.07994666695594788,0.40854206681251526,3.584348440170288,0.024839425459504128,2.1059627532958984,0.4755350947380066,,,,,,,,,,,,,,,
11,,1235,,,,,,,,,,,,,,,,0.01419995166361332,0.023697564378380775,0.1143951490521431,0.0018411293858662248,0.008210509084165096,0.011412178166210651,0.4295405149459839,0.001087510958313942,0.021831652149558067,0.00923676323145628,0.01969847083091736,0.20497654378414154,0.0011364216916263103,2.002713680267334,0.025710757821798325
,0.00021119500619191665,1239,,,,,,,,,,,,,,,,,,,,,,,,,,,,,,
12,,1239,0.4071345627307892,0.20954465866088867,0.7525355219841003,0.04124995321035385,0.3640190064907074,0.015745317563414574,0.9390361309051514,0.00023152222274802625,1.878936767578125,0.06236359849572182,0.4531805217266083,2.998342752456665,0.013231184333562851,2.1888327598571777,0.39306822419166565,,,,,,,,,,,,,,,
,0.00020980850041546478,1249,,,,,,,,,,,,,,,,,,,,,,,,,,,,,,
12,,1249,0.40650254487991333,0.11134978383779526,0.78494793176651,0.013599293306469917,0.36567988991737366,0.019925257191061974,0.9566678404808044,0.0004932945012114942,1.9791570901870728,0.10206813365221024,0.3517490327358246,3.0161359310150146,0.012850438244640827,2.2379608154296875,0.3351683020591736,,,,,,,,,,,,,,,
,0.00020841589171183636,1259,,,,,,,,,,,,,,,,,,,,,,,,,,,,,,
12,,1259,0.44797033071517944,0.16119153797626495,0.7296484112739563,0.016496768221259117,0.36441078782081604,0.017419500276446342,0.9299759864807129,0.00028834008844569325,1.9880495071411133,0.05672736465930939,0.36334168910980225,3.0634329319000244,0.006227650213986635,2.2652740478515625,0.4384358525276184,,,,,,,,,,,,,,,
,0.0002070173221844021,1269,,,,,,,,,,,,,,,,,,,,,,,,,,,,,,
12,,1269,0.48331359028816223,0.09227161109447479,0.6322929859161377,0.00977241713553667,0.37322670221328735,0.010383342392742634,0.820572555065155,0.00016211438924074173,1.9033076763153076,0.05494437739253044,0.41173040866851807,2.9271724224090576,0.010673759505152702,2.2559814453125,0.4692468047142029,,,,,,,,,,,,,,,
,0.00020561293454478182,1279,,,,,,,,,,,,,,,,,,,,,,,,,,,,,,
12,,1279,0.4354030191898346,0.10405872017145157,0.8308170437812805,0.02111482061445713,0.4165930449962616,0.00992706511169672,0.8430348038673401,0.00021928529895376414,2.0170633792877197,0.13733915984630585,0.42445966601371765,3.143190383911133,0.014586178585886955,2.2263593673706055,0.5209108591079712,,,,,,,,,,,,,,,
,0.00020420287209828227,1289,,,,,,,,,,,,,,,,,,,,,,,,,,,,,,
12,,1289,0.4457106590270996,0.11271616816520691,0.6956390738487244,0.019920846447348595,0.3633670210838318,0.013955649919807911,0.8005459904670715,0.0002451187465339899,1.8979358673095703,0.08294233679771423,0.4161706566810608,2.933061122894287,0.00654679536819458,2.052963972091675,0.46049192547798157,,,,,,,,,,,,,,,
,0.00020278727872927377,1299,,,,,,,,,,,,,,,,,,,,,,,,,,,,,,
12,,1299,0.45399990677833557,0.1079225242137909,0.911461591720581,0.027256350964307785,0.4255133271217346,0.004530734848231077,0.9519422650337219,0.00017698202282190323,2.4232006072998047,0.0915619432926178,0.39936262369155884,3.630871057510376,0.01206123735755682,2.185591697692871,0.6144408583641052,,,,,,,,,,,,,,,
,0.00020136629888650823,1309,,,,,,,,,,,,,,,,,,,,,,,,,,,,,,
12,,1309,0.4992319643497467,0.0961323156952858,0.7304960489273071,0.023725386708974838,0.4255024790763855,0.010114451870322227,0.7674592733383179,0.00018213919247500598,2.380388021469116,0.031094608828425407,0.41429808735847473,3.47160005569458,0.013828286901116371,2.1964704990386963,0.5181239247322083,,,,,,,,,,,,,,,
,0.00019994007756837966,1319,,,,,,,,,,,,,,,,,,,,,,,,,,,,,,
12,,1319,0.5126646161079407,0.13596682250499725,0.7950692176818848,0.021711934357881546,0.44536665081977844,0.011823009699583054,0.9147010445594788,0.0002258552995044738,2.408921957015991,0.10185658931732178,0.43972158432006836,3.5738625526428223,0.010304823517799377,2.1685802936553955,0.4476891756057739,,,,,,,,,,,,,,,
,0.0001985087603081279,1329,,,,,,,,,,,,,,,,,,,,,,,,,,,,,,
12,,1329,0.5199057459831238,0.1335911601781845,0.6964809894561768,0.021625736728310585,0.4192225933074951,0.017161881551146507,0.8713371753692627,0.00016072549624368548,2.477268934249878,0.06242312863469124,0.36010003089904785,3.579180955886841,0.010430862195789814,2.069293260574341,0.44918903708457947,,,,,,,,,,,,,,,
12,,1338,,,,,,,,,,,,,,,,0.023620571941137314,0.02161538414657116,0.10350850224494934,0.0011185695184394717,0.008996454998850822,0.01228329911828041,0.37549448013305664,0.0006626296672038734,0.02739448845386505,0.009861920028924942,0.01468284148722887,0.19602784514427185,0.0007058315095491707,2.039818286895752,0.02652362547814846
,0.00019707249315898865,1339,,,,,,,,,,,,,,,,,,,,,,,,,,,,,,
13,,1339,0.4936854839324951,0.12750746309757233,0.6896628737449646,0.017365995794534683,0.43761107325553894,0.00470087630674243,0.7935413122177124,0.00012690153380390257,2.4395787715911865,0.09436992555856705,0.4115392863750458,3.4957170486450195,0.009984234347939491,2.083530902862549,0.3910503387451172,,,,,,,,,,,,,,,
,0.00019563142267928985,1349,,,,,,,,,,,,,,,,,,,,,,,,,,,,,,
13,,1349,0.45530393719673157,0.11266041547060013,0.772068202495575,0.02293696254491806,0.3747444748878479,0.023850727826356888,0.8450908064842224,0.00020144952577538788,1.9972501993179321,0.06602825969457626,0.37813228368759155,3.082003116607666,0.019459843635559082,2.1995081901550293,0.4513433277606964,,,,,,,,,,,,,,,
,0.0001941856959174967,1359,,,,,,,,,,,,,,,,,,,,,,,,,,,,,,
13,,1359,0.4549962878227234,0.13316714763641357,0.8641669750213623,0.02781819738447666,0.42558372020721436,0.009532563388347626,0.9905039072036743,0.00016084917297121137,2.435439348220825,0.07693764567375183,0.4028133153915405,3.609457015991211,0.012922423891723156,2.052813768386841,0.4740314483642578,,,,,,,,,,,,,,,
,0.00019273546039720677,1369,,,,,,,,,,,,,,,,,,,,,,,,,,,,,,
13,,1369,0.47196531295776367,0.09871806204319,0.855348527431488,0.04735745117068291,0.45377179980278015,0.012291571125388145,0.8225845694541931,0.0001259911514353007,2.3933727741241455,0.058141905814409256,0.42786601185798645,3.5913476943969727,0.023158561438322067,2.2158055305480957,0.5857633352279663,,,,,,,,,,,,,,,
,0.00019128086410209638,1379,,,,,,,,,,,,,,,,,,,,,,,,,,,,,,
13,,1379,0.49165087938308716,0.10068049281835556,0.720252513885498,0.020879819989204407,0.3754139244556427,0.011569797061383724,0.9511796236038208,0.0002457259106449783,2.0481104850769043,0.09182615578174591,0.3856123387813568,3.1580393314361572,0.015452338382601738,2.1395602226257324,0.47615885734558105,,,,,,,,,,,,,,,
,0.00018982205546082037,1389,,,,,,,,,,,,,,,,,,,,,,,,,,,,,,
13,,1389,0.5503577589988708,0.09696698188781738,0.6383060216903687,0.02041049674153328,0.4132716953754425,0.006292901001870632,0.8000858426094055,0.0002111672656610608,2.405144453048706,0.15540726482868195,0.33844736218452454,3.449955701828003,0.01621466875076294,2.251549482345581,0.3501035273075104,,,,,,,,,,,,,,,
,0.00018835918333186605,1399,,,,,,,,,,,,,,,,,,,,,,,,,,,,,,
13,,1399,0.4032306969165802,0.10622034966945648,0.8634562492370605,0.017738159745931625,0.38071930408477783,0.012023014947772026,0.9205841422080994,0.00018353003542870283,1.9557092189788818,0.05178645998239517,0.42875564098358154,3.057938814163208,0.005624301265925169,2.18816876411438,0.5022900700569153,,,,,,,,,,,,,,,
,0.00018689239698836362,1409,,,,,,,,,,,,,,,,,,,,,,,,,,,,,,
13,,1409,0.42944055795669556,0.1044459417462349,0.7272273302078247,0.026440655812621117,0.36074113845825195,0.00714787608012557,0.9864883422851562,0.0003031857777386904,2.027508020401001,0.11722280830144882,0.4048442840576172,3.109884738922119,0.009785378351807594,2.197059154510498,0.4408243000507355,,,,,,,,,,,,,,,
,0.0001854218461028542,1419,,,,,,,,,,,,,,,,,,,,,,,,,,,,,,
13,,1419,0.4325350522994995,0.11217772215604782,0.801859974861145,0.016441984102129936,0.3894551694393158,0.015982594341039658,0.8271911144256592,0.00017382772057317197,2.0145881175994873,0.09689759463071823,0.4069513976573944,3.1323647499084473,0.01984773576259613,2.261276960372925,0.5717953443527222,,,,,,,,,,,,,,,
,0.00018394768073201704,1429,,,,,,,,,,,,,,,,,,,,,,,,,,,,,,
13,,1429,0.465731143951416,0.13440720736980438,0.7483884692192078,0.019760841503739357,0.33118870854377747,0.018367528915405273,0.8370749950408936,0.0002666563377715647,1.9058187007904053,0.08422103524208069,0.35326844453811646,2.9583494663238525,0.0146113196387887,2.156698226928711,0.4073674976825714,,,,,,,,,,,,,,,
,0.0001824700513013577,1439,,,,,,,,,,,,,,,,,,,,,,,,,,,,,,
13,,1439,0.4869462549686432,0.11086805164813995,0.6231157779693604,0.03846714273095131,0.4103845953941345,0.020433809608221054,0.7473764419555664,0.00021402498532552272,2.0329020023345947,0.12383921444416046,0.4018775224685669,3.1032350063323975,0.005079334601759911,2.161865472793579,0.5106976628303528,,,,,,,,,,,,,,,
13,,1441,,,,,,,,,,,,,,,,0.016136974096298218,0.0188728217035532,0.08572227507829666,0.001469390350393951,0.010735057294368744,0.009169946424663067,0.3800358474254608,0.0006731922039762139,0.03238026797771454,0.010823949240148067,0.0163466427475214,0.1938740313053131,0.0006860691937617958,2.060927152633667,0.033867329359054565
,0.00018098910858985808,1449,,,,,,,,,,,,,,,,,,,,,,,,,,,,,,
14,,1449,0.45827001333236694,0.14749914407730103,0.9636397957801819,0.02374533750116825,0.3753819167613983,0.006541689857840538,1.0763906240463257,0.0002068325993604958,1.981460690498352,0.05677773803472519,0.39149436354637146,3.21048903465271,0.026221347972750664,2.2239551544189453,0.4953293204307556,,,,,,,,,,,,,,,
,0.0001795050037145912,1459,,,,,,,,,,,,,,,,,,,,,,,,,,,,,,
14,,1459,0.35458633303642273,0.10000592470169067,0.7799461483955383,0.014969078823924065,0.37478944659233093,0.009181240573525429,0.7328763604164124,0.00013650824257638305,1.9591292142868042,0.07277411967515945,0.39187100529670715,2.9854822158813477,0.011080085299909115,2.102393865585327,0.5936357975006104,,,,,,,,,,,,,,,
,0.00017801788811530072,1469,,,,,,,,,,,,,,,,,,,,,,,,,,,,,,
14,,1469,0.4982447624206543,0.12011764198541641,0.8329278826713562,0.036803506314754486,0.4486508071422577,0.019163070246577263,0.8540414571762085,0.00012389905168674886,2.403202772140503,0.08144678175449371,0.4443533420562744,3.5800552368164062,0.02533971332013607,2.3017311096191406,0.43731802701950073,,,,,,,,,,,,,,,
,0.00017652791353894813,1479,,,,,,,,,,,,,,,,,,,,,,,,,,,,,,
14,,1479,0.5082497000694275,0.12079546600580215,0.8462837934494019,0.015689853578805923,0.43812549114227295,0.0040197488851845264,0.8080642819404602,0.00013293948723003268,2.359050750732422,0.07663355022668839,0.42705458402633667,3.517566442489624,0.010484304279088974,2.123094081878662,0.5513909459114075,,,,,,,,,,,,,,,
,0.0001750352320242281,1489,,,,,,,,,,,,,,,,,,,,,,,,,,,,,,
14,,1489,0.4033377170562744,0.23839643597602844,0.818272590637207,0.033481985330581665,0.4333343803882599,0.01139711681753397,1.1489078998565674,0.00015781083493493497,2.306119441986084,0.13555628061294556,0.34591996669769287,3.5195860862731934,0.021076340228319168,2.233487367630005,0.4182146191596985,,,,,,,,,,,,,,,
,0.0001735399958860544,1499,,,,,,,,,,,,,,,,,,,,,,,,,,,,,,
14,,1499,0.4856592118740082,0.1281398981809616,0.7039759159088135,0.03523668274283409,0.4360446333885193,0.028869738802313805,0.8282927870750427,0.0001567838480696082,2.3957810401916504,0.05126997455954552,0.34050214290618896,3.4801180362701416,0.01801147684454918,2.131917953491211,0.3978123664855957,,,,,,,,,,,,,,,
,0.00017204235770001744,1509,,,,,,,,,,,,,,,,,,,,,,,,,,,,,,
14,,1509,0.4991554021835327,0.1887156367301941,0.8332120180130005,0.04021217301487923,0.36606109142303467,0.016621004790067673,0.8643831610679626,0.0002709596883505583,1.9830896854400635,0.12202230095863342,0.43568551540374756,3.1922695636749268,0.012094677425920963,2.0908987522125244,0.5340415835380554,,,,,,,,,,,,,,,
,0.00017054247028681525,1519,,,,,,,,,,,,,,,,,,,,,,,,,,,,,,
14,,1519,0.4191020131111145,0.10736522078514099,0.6806665062904358,0.05917750671505928,0.3725379407405853,0.007841261103749275,0.8678823113441467,0.000228141390834935,1.9521045684814453,0.1207861676812172,0.3629779815673828,3.028928279876709,0.01809212937951088,2.133796215057373,0.4596327841281891,,,,,,,,,,,,,,,
,0.00016904048669665975,1529,,,,,,,,,,,,,,,,,,,,,,,,,,,,,,
14,,1529,0.5068641901016235,0.17519915103912354,0.952299177646637,0.015244394540786743,0.4561655521392822,0.018156297504901886,0.9693872928619385,0.00010348523210268468,2.4958865642547607,0.03631509467959404,0.4045391082763672,3.7469570636749268,0.009960826486349106,2.167459487915039,0.549129843711853,,,,,,,,,,,,,,,
,0.00016753656019365896,1539,,,,,,,,,,,,,,,,,,,,,,,,,,,,,,
14,,1539,0.38560914993286133,0.1807563304901123,0.7517362833023071,0.03141376003623009,0.3832382261753082,0.01040990836918354,0.8129453063011169,0.00017852327437140048,1.7675484418869019,0.11242853105068207,0.40313613414764404,2.816148519515991,0.013214265927672386,2.1785244941711426,0.37141069769859314,,,,,,,,,,,,,,,
14,,1544,,,,,,,,,,,,,,,,0.02076663076877594,0.01748505048453808,0.07781309634447098,0.0018247890984639525,0.015831321477890015,0.008630954660475254,0.3415239155292511,0.0007801121100783348,0.022556664422154427,0.008939550258219242,0.016067087650299072,0.17216944694519043,0.0007735180552117527,2.008697271347046,0.024348270148038864
,0.00016603084424017796,1549,,,,,,,,,,,,,,,,,,,,,,,,,,,,,,
15,,1549,0.5324829816818237,0.1170148029923439,0.8434324860572815,0.027481863275170326,0.42448678612709045,0.006234899163246155,0.7986736297607422,0.00013563467655330896,2.3833518028259277,0.09293822199106216,0.423076331615448,3.5273196697235107,0.01727050170302391,2.067636013031006,0.4184628427028656,,,,,,,,,,,,,,,
,0.00016452349248117937,1559,,,,,,,,,,,,,,,,,,,,,,,,,,,,,,
15,,1559,0.5376859903335571,0.1574794352054596,0.7933950424194336,0.035926494747400284,0.46156102418899536,0.005128172691911459,0.8841630816459656,0.00014202970487531275,2.4750945568084717,0.1038447767496109,0.3741592764854431,3.686516284942627,0.01068379171192646,2.1530683040618896,0.5513735413551331,,,,,,,,,,,,,,,
,0.00016301465872854535,1569,,,,,,,,,,,,,,,,,,,,,,,,,,,,,,
15,,1569,0.40971270203590393,0.095257967710495,0.6995203495025635,0.025528760626912117,0.3647023141384125,0.011911843903362751,0.7613941431045532,0.0001913718442665413,1.8318732976913452,0.07143805921077728,0.3436877727508545,2.8193893432617188,0.007712588179856539,2.241959571838379,0.4477822482585907,,,,,,,,,,,,,,,
,0.00016150449694538228,1579,,,,,,,,,,,,,,,,,,,,,,,,,,,,,,
15,,1579,0.4612278640270233,0.09720418602228165,0.7099353671073914,0.01766672357916832,0.42152032256126404,0.006083610001951456,0.7322232723236084,0.00010513648885535076,2.4523262977600098,0.16905046999454498,0.40679141879081726,3.5171079635620117,0.020713968202471733,2.194479465484619,0.4854203164577484,,,,,,,,,,,,,,,
,0.00015999316123031036,1589,,,,,,,,,,,,,,,,,,,,,,,,,,,,,,
15,,1589,0.49946752190589905,0.11870139837265015,0.7066062092781067,0.039113160222768784,0.4622773826122284,0.004202260635793209,0.8594158291816711,0.0001535113260615617,2.412385940551758,0.17754417657852173,0.4128391742706299,3.540750026702881,0.005061752628535032,2.144012928009033,0.4437183737754822,,,,,,,,,,,,,,,
,0.00015848080580173904,1599,,,,,,,,,,,,,,,,,,,,,,,,,,,,,,
15,,1599,0.5259929895401001,0.13137902319431305,0.7507988214492798,0.013888752087950706,0.42525118589401245,0.01420679222792387,0.7663747668266296,0.0001388824312016368,2.3954429626464844,0.01743367873132229,0.41200536489486694,3.5006651878356934,0.015946269035339355,2.0425007343292236,0.48144885897636414,,,,,,,,,,,,,,,
,0.00015696758498213054,1609,,,,,,,,,,,,,,,,,,,,,,,,,,,,,,
15,,1609,0.48974236845970154,0.07640063017606735,0.6358523368835449,0.01881963573396206,0.37262582778930664,0.007422262337058783,0.672408938407898,0.0002169370127376169,1.9783636331558228,0.06367705017328262,0.36333540081977844,2.9684934616088867,0.0038983395788818598,2.022331714630127,0.5127310156822205,,,,,,,,,,,,,,,
,0.0001554536531822525,1619,,,,,,,,,,,,,,,,,,,,,,,,,,,,,,
15,,1619,0.4257694482803345,0.10956782847642899,0.681840181350708,0.013652130030095577,0.39000123739242554,0.00659961486235261,0.747148334980011,0.0001386540534440428,2.049262046813965,0.06834720075130463,0.38723888993263245,3.0536375045776367,0.005026811268180609,2.2897446155548096,0.49669021368026733,,,,,,,,,,,,,,,
,0.00015393916488542204,1629,,,,,,,,,,,,,,,,,,,,,,,,,,,,,,
15,,1629,0.5360761880874634,0.14411404728889465,0.716783881187439,0.05143071338534355,0.41674166917800903,0.00894064363092184,0.8454745411872864,0.00013517816842067987,2.3668718338012695,0.04651135206222534,0.3932781219482422,3.4976394176483154,0.007682724855840206,2.173004388809204,0.4171452522277832,,,,,,,,,,,,,,,
,0.0001524242746317415,1639,,,,,,,,,,,,,,,,,,,,,,,,,,,,,,
15,,1639,0.4099093973636627,0.07455510646104813,0.6245437860488892,0.03103446774184704,0.37076660990715027,0.016342245042324066,0.8798528909683228,0.00021014513913542032,1.9997034072875977,0.1390904039144516,0.34760400652885437,3.004303455352783,0.008307382464408875,2.3306376934051514,0.4389932155609131,,,,,,,,,,,,,,,
15,,1647,,,,,,,,,,,,,,,,0.011346572078764439,0.014093950390815735,0.08073136955499649,0.001998835476115346,0.011440891772508621,0.006596413441002369,0.29474714398384094,0.0007577314972877502,0.023113666102290154,0.006428899243474007,0.01240076869726181,0.1520046889781952,0.0005571888177655637,1.9894917011260986,0.022524265572428703
,0.00015090913700232955,1649,,,,,,,,,,,,,,,,,,,,,,,,,,,,,,
16,,1649,0.43666866421699524,0.16839110851287842,0.6802278161048889,0.018797751516103745,0.3258461654186249,0.018308430910110474,0.8162763714790344,0.00022443367925006896,1.8426603078842163,0.07113108783960342,0.36979857087135315,2.850311279296875,0.009540754370391369,2.2036828994750977,0.3667147159576416,,,,,,,,,,,,,,,
,0.0001493939066035474,1659,,,,,,,,,,,,,,,,,,,,,,,,,,,,,,
16,,1659,0.382702112197876,0.1167016550898552,0.6948117613792419,0.008868959732353687,0.3714072108268738,0.01680424064397812,0.7759373784065247,0.00015579286264255643,1.8810205459594727,0.1051025539636612,0.41762834787368774,2.8832056522369385,0.008071372285485268,2.124027729034424,0.4802805781364441,,,,,,,,,,,,,,,
,0.0001478787380512224,1669,,,,,,,,,,,,,,,,,,,,,,,,,,,,,,
16,,1669,0.5211324691772461,0.10272238403558731,0.6248930096626282,0.014568847604095936,0.42172712087631226,0.008674243465065956,0.7140749096870422,0.00015275346231646836,2.361750841140747,0.10153700411319733,0.3958975672721863,3.397839307785034,0.008036445826292038,2.1958250999450684,0.47169947624206543,,,,,,,,,,,,,,,
,0.00014636378595487117,1679,,,,,,,,,,,,,,,,,,,,,,,,,,,,,,
16,,1679,0.453675240278244,0.10000545531511307,0.8113727569580078,0.038081660866737366,0.3880041241645813,0.015071269124746323,0.8988764882087708,0.00018551760877016932,1.9511724710464478,0.12602175772190094,0.3677561581134796,3.0660648345947266,0.008867384865880013,2.1768219470977783,0.45265206694602966,,,,,,,,,,,,,,,
,0.0001448492049019228,1689,,,,,,,,,,,,,,,,,,,,,,,,,,,,,,
16,,1689,0.4821891784667969,0.13001924753189087,0.7920191287994385,0.023730915039777756,0.40985631942749023,0.008154323324561119,0.9218384623527527,0.00011830119910882786,2.3480663299560547,0.06748197972774506,0.3845018744468689,3.474287509918213,0.00913302507251501,2.246828079223633,0.4616900682449341,,,,,,,,,,,,,,,
,0.00014333514944194482,1699,,,,,,,,,,,,,,,,,,,,,,,,,,,,,,
16,,1699,0.4867716431617737,0.0759570449590683,0.743262767791748,0.02292555198073387,0.4125789403915405,0.009861957281827927,0.8767892122268677,0.000201335089514032,2.332120895385742,0.07003942877054214,0.3509715497493744,3.3951611518859863,0.007518392987549305,2.2494945526123047,0.4255818724632263,,,,,,,,,,,,,,,
,0.0001418217740708725,1709,,,,,,,,,,,,,,,,,,,,,,,,,,,,,,
16,,1709,0.4988209307193756,0.09087026864290237,0.9160176515579224,0.02878732420504093,0.45730316638946533,0.01705935038626194,0.9763526916503906,0.0001321175368502736,2.4787917137145996,0.04880356043577194,0.397218257188797,3.699381113052368,0.009312842041254044,2.150481939315796,0.5602842569351196,,,,,,,,,,,,,,,
,0.0001403092332152441,1719,,,,,,,,,,,,,,,,,,,,,,,,,,,,,,
16,,1719,0.42348581552505493,0.07269052416086197,0.5895959138870239,0.030347565189003944,0.36018988490104675,0.015138555318117142,0.6825805306434631,0.00024701497750356793,1.9485137462615967,0.13840918242931366,0.31784436106681824,2.878977060317993,0.012437005527317524,2.2210276126861572,0.39047229290008545,,,,,,,,,,,,,,,
,0.00013879768121644316,1729,,,,,,,,,,,,,,,,,,,,,,,,,,,,,,
16,,1729,0.46783727407455444,0.10673978179693222,0.7117897868156433,0.025600174441933632,0.37258657813072205,0.005004246719181538,0.867405116558075,0.000193724874407053,2.3141820430755615,0.11942298710346222,0.34434187412261963,3.3780486583709717,0.016620216891169548,2.2724173069000244,0.4400642216205597,,,,,,,,,,,,,,,
,0.00013728727231494895,1739,,,,,,,,,,,,,,,,,,,,,,,,,,,,,,
16,,1739,0.3687649071216583,0.11543242633342743,0.7865063548088074,0.025965746492147446,0.3664310574531555,0.013652274385094643,0.7336826920509338,0.0001376331056235358,1.8250375986099243,0.07851777225732803,0.4303499162197113,2.823718547821045,0.012009532190859318,2.120363473892212,0.3811946511268616,,,,,,,,,,,,,,,
,0.00013577816063459783,1749,,,,,,,,,,,,,,,,,,,,,,,,,,,,,,
16,,1749,0.3932263255119324,0.09958130121231079,0.7765279412269592,0.043327655643224716,0.3450818359851837,0.010082419030368328,0.7488070130348206,0.00014123768778517842,1.8246140480041504,0.06619642674922943,0.39312317967414856,2.872877836227417,0.011520863510668278,2.1932425498962402,0.5226746797561646,,,,,,,,,,,,,,,
16,,1750,,,,,,,,,,,,,,,,0.01665523275732994,0.013699387200176716,0.073161281645298,0.001383746275678277,0.01019427552819252,0.005932781379669905,0.3161318898200989,0.0005882610566914082,0.025674814358353615,0.005999910179525614,0.012866685166954994,0.15718531608581543,0.0006931678508408368,1.991015076637268,0.016894392669200897
,0.00013427050016685634,1759,,,,,,,,,,,,,,,,,,,,,,,,,,,,,,
17,,1759,0.5080775618553162,0.13493920862674713,0.7929841876029968,0.02631845884025097,0.4515657126903534,0.005623775068670511,1.0071099996566772,0.00016345668700523674,2.465364933013916,0.13346193730831146,0.4163449704647064,3.646778106689453,0.005797774996608496,2.2366209030151367,0.4415155351161957,,,,,,,,,,,,,,,
,0.0001327644447551075,1769,,,,,,,,,,,,,,,,,,,,,,,,,,,,,,
17,,1769,0.46111658215522766,0.08915695548057556,0.5840663909912109,0.018340377137064934,0.3368377685546875,0.04888106510043144,0.6985626220703125,0.00011512966739246622,1.87224280834198,0.0875215232372284,0.3559121787548065,2.817868709564209,0.004020538181066513,2.1646459102630615,0.3803589940071106,,,,,,,,,,,,,,,
,0.00013126014807895273,1779,,,,,,,,,,,,,,,,,,,,,,,,,,,,,,
17,,1779,0.5013997554779053,0.08265561610460281,0.7324932813644409,0.022307081148028374,0.4217788279056549,0.022207235917448997,0.7267231345176697,0.00013383128680288792,2.341088056564331,0.1174294650554657,0.3762509524822235,3.3933236598968506,0.014457188546657562,2.161271572113037,0.4024452865123749,,,,,,,,,,,,,,,
,0.00012975776363852992,1789,,,,,,,,,,,,,,,,,,,,,,,,,,,,,,
17,,1789,0.4160657525062561,0.10356401652097702,0.7645859122276306,0.018440043553709984,0.32603010535240173,0.02065756916999817,0.7447381615638733,9.732650505611673e-05,1.6980100870132446,0.037926994264125824,0.4867207705974579,2.693000316619873,0.012202383950352669,2.2404942512512207,0.3478735387325287,,,,,,,,,,,,,,,
,0.00012825744473885046,1799,,,,,,,,,,,,,,,,,,,,,,,,,,,,,,
17,,1799,0.4970606863498688,0.14669299125671387,0.8027015328407288,0.017395518720149994,0.3918335735797882,0.008313926868140697,0.9038140177726746,0.00011447154975030571,2.341261625289917,0.07137656956911087,0.4195583462715149,3.5395851135253906,0.012222865596413612,2.154269218444824,0.6596187353134155,,,,,,,,,,,,,,,
,0.00012675934447415547,1809,,,,,,,,,,,,,,,,,,,,,,,,,,,,,,
17,,1809,0.5370864272117615,0.2246793508529663,0.8339567184448242,0.0556764230132103,0.44558361172676086,0.011647496372461319,0.9158746600151062,9.323457925347611e-05,2.438056230545044,0.06559394299983978,0.38696393370628357,3.682339668273926,0.019389042630791664,2.211496353149414,0.42367470264434814,,,,,,,,,,,,,,,
,0.00012526361571229403,1819,,,,,,,,,,,,,,,,,,,,,,,,,,,,,,
17,,1819,0.43356120586395264,0.09979487210512161,0.6754341125488281,0.025557052344083786,0.33057084679603577,0.019647125154733658,0.6349691152572632,0.00012321681424509734,1.8001303672790527,0.13194908201694489,0.3424965739250183,2.754063129425049,0.02133353054523468,2.1659345626831055,0.3602997064590454,,,,,,,,,,,,,,,
,0.00012377041107912453,1829,,,,,,,,,,,,,,,,,,,,,,,,,,,,,,
17,,1829,0.4408610761165619,0.13297101855278015,0.7287263870239258,0.009566454216837883,0.37832894921302795,0.0057587879709899426,0.7833169102668762,0.00014302859199233353,1.8430382013320923,0.11199480295181274,0.3778318762779236,2.887824296951294,0.0074384380131959915,2.2198269367218018,0.4991495609283447,,,,,,,,,,,,,,,
,0.0001222798829429403,1839,,,,,,,,,,,,,,,,,,,,,,,,,,,,,,
17,,1839,0.438191682100296,0.12117992341518402,0.6951388120651245,0.012323172762989998,0.35933008790016174,0.02300521358847618,0.7077662944793701,0.0001262209698325023,1.8538556098937988,0.10689058899879456,0.4008096754550934,2.8651864528656006,0.01006799004971981,2.1492154598236084,0.4607720375061035,,,,,,,,,,,,,,,
,0.00012079218339892188,1849,,,,,,,,,,,,,,,,,,,,,,,,,,,,,,
17,,1849,0.5514745116233826,0.1237773448228836,0.8301955461502075,0.05123211443424225,0.41887953877449036,0.003194762161001563,0.9606397747993469,7.737781561445445e-05,2.3561291694641113,0.0469912625849247,0.43496623635292053,3.5603904724121094,0.00540517084300518,2.2827870845794678,0.4424026608467102,,,,,,,,,,,,,,,
17,,1853,,,,,,,,,,,,,,,,0.014893257059156895,0.01346923690289259,0.06467761099338531,0.0013967033009976149,0.010870491154491901,0.005831075366586447,0.28645163774490356,0.000535422470420599,0.018150703981518745,0.005625761579722166,0.012865260243415833,0.13915163278579712,0.0006205960526131094,1.980009913444519,0.0184920821338892
,0.00011930746425361705,1859,,,,,,,,,,,,,,,,,,,,,,,,,,,,,,
18,,1859,0.3990717828273773,0.17431385815143585,0.7108197212219238,0.010710835456848145,0.3522862195968628,0.013300733640789986,0.8522024750709534,0.00017358636250719428,1.8761543035507202,0.08644694834947586,0.4036979079246521,2.9252536296844482,0.0034567113034427166,2.1971943378448486,0.5025721192359924,,,,,,,,,,,,,,,
,0.00011782587700945042,1869,,,,,,,,,,,,,,,,,,,,,,,,,,,,,,
18,,1869,0.445613294839859,0.08738411217927933,0.651337742805481,0.02039349265396595,0.3614768981933594,0.019253874197602272,0.8400465846061707,0.0001337397552561015,2.009282350540161,0.07070659101009369,0.3686494529247284,3.0172133445739746,0.011783995665609837,2.1195523738861084,0.42704641819000244,,,,,,,,,,,,,,,
,0.00011634757284926375,1879,,,,,,,,,,,,,,,,,,,,,,,,,,,,,,
18,,1879,0.431744784116745,0.10142684727907181,0.6424262523651123,0.03758183494210243,0.32619279623031616,0.0056701721623539925,0.6959887146949768,0.00015178628382273018,1.8770577907562256,0.06747458875179291,0.30226537585258484,2.8121871948242188,0.016797220334410667,2.1299285888671875,0.3415760099887848,,,,,,,,,,,,,,,
,0.00011487270262088921,1889,,,,,,,,,,,,,,,,,,,,,,,,,,,,,,
18,,1889,0.4099975526332855,0.08616925776004791,0.701686441898346,0.03182637691497803,0.387140691280365,0.005995886400341988,0.7762818932533264,0.00013022833445575088,1.9149657487869263,0.12058568745851517,0.38240915536880493,2.936622142791748,0.01960344985127449,2.1478991508483887,0.43900275230407715,,,,,,,,,,,,,,,
,0.00011340141682175678,1899,,,,,,,,,,,,,,,,,,,,,,,,,,,,,,
18,,1899,0.423858642578125,0.08562848716974258,0.7154261469841003,0.016999781131744385,0.313123494386673,0.017976686358451843,0.7148466110229492,0.00011241670290473849,1.7640646696090698,0.06848771870136261,0.3623239994049072,2.7138278484344482,0.006894113961607218,2.2366859912872314,0.38743212819099426,,,,,,,,,,,,,,,
,0.00011193386558353707,1909,,,,,,,,,,,,,,,,,,,,,,,,,,,,,,
18,,1909,0.5181683897972107,0.13775630295276642,0.8552417755126953,0.024081997573375702,0.38965484499931335,0.011722550727427006,0.9330518841743469,0.00018336194625589997,2.297077178955078,0.05356009677052498,0.34752175211906433,3.443270444869995,0.016707828268408775,2.187753200531006,0.40128159523010254,,,,,,,,,,,,,,,
,0.00011047019865682194,1919,,,,,,,,,,,,,,,,,,,,,,,,,,,,,,
18,,1919,0.4452793300151825,0.09342268109321594,0.7258147597312927,0.015355478040874004,0.35995081067085266,0.009961738251149654,0.7899041771888733,0.0001830899273045361,1.9555482864379883,0.07113965600728989,0.36918678879737854,2.950190782546997,0.005460001993924379,2.218569278717041,0.3964599370956421,,,,,,,,,,,,,,,
,0.00010901056539584363,1929,,,,,,,,,,,,,,,,,,,,,,,,,,,,,,
18,,1929,0.47102299332618713,0.08082020282745361,0.5999292135238647,0.010447872802615166,0.3346996009349823,0.00969329196959734,0.6670927405357361,0.00013679475523531437,1.871404767036438,0.10215617716312408,0.336699903011322,2.8012216091156006,0.0025985008105635643,2.2742457389831543,0.43619075417518616,,,,,,,,,,,,,,,
,0.00010755511474323475,1939,,,,,,,,,,,,,,,,,,,,,,,,,,,,,,
18,,1939,0.46560731530189514,0.09990830719470978,0.6502588987350464,0.01602344959974289,0.38053643703460693,0.011886604130268097,0.6557530760765076,0.00010537970229052007,2.27054762840271,0.068048857152462,0.3375043570995331,3.2153196334838867,0.014361261390149593,2.2013959884643555,0.3457123339176178,,,,,,,,,,,,,,,
,0.00010610399521482961,1949,,,,,,,,,,,,,,,,,,,,,,,,,,,,,,
18,,1949,0.4952951669692993,0.0904603973031044,0.5328651070594788,0.03319196030497551,0.352448970079422,0.003918495960533619,0.630424439907074,0.00011872962932102382,2.221137046813965,0.07133831828832626,0.3133068084716797,3.1090846061706543,0.012207589112222195,2.1453206539154053,0.258993923664093,,,,,,,,,,,,,,,
18,,1956,,,,,,,,,,,,,,,,0.011660190299153328,0.015280931256711483,0.06543399393558502,0.001602883217856288,0.010505586862564087,0.006240866146981716,0.2568730115890503,0.00071464863140136,0.015281922183930874,0.005944962613284588,0.01221228763461113,0.12802889943122864,0.0007981135859154165,2.00667667388916,0.015864593908190727
,0.00010465735488450966,1959,,,,,,,,,,,,,,,,,,,,,,,,,,,,,,
19,,1959,0.4761127233505249,0.09625036269426346,0.6752306818962097,0.020075861364603043,0.41759344935417175,0.005147924181073904,0.6171053647994995,0.00010247519094264135,2.287790060043335,0.10919316112995148,0.38083013892173767,3.315462827682495,0.02116771601140499,1.9690603017807007,0.511358916759491,,,,,,,,,,,,,,,
,0.00010321534136909417,1969,,,,,,,,,,,,,,,,,,,,,,,,,,,,,,
19,,1969,0.36705490946769714,0.08148892968893051,0.5630654096603394,0.03120373748242855,0.35129261016845703,0.008540942333638668,0.6126464605331421,0.00011992162762908265,1.7476345300674438,0.11352436989545822,0.37099647521972656,2.62007474899292,0.006083831191062927,2.0862042903900146,0.3783568739891052,,,,,,,,,,,,,,,
,0.00010177810181327672,1979,,,,,,,,,,,,,,,,,,,,,,,,,,,,,,
19,,1979,0.44227373600006104,0.13574478030204773,0.7645993232727051,0.027023494243621826,0.36713141202926636,0.018312817439436913,0.8476288914680481,0.00023218357819132507,1.8754429817199707,0.0838744267821312,0.3586524426937103,2.950267791748047,0.014104700647294521,2.1847457885742188,0.43830606341362,,,,,,,,,,,,,,,
,0.00010034578287461074,1989,,,,,,,,,,,,,,,,,,,,,,,,,,,,,,
19,,1989,0.44257882237434387,0.1499890387058258,0.633007824420929,0.01924385316669941,0.3144763112068176,0.011391661129891872,0.7186933159828186,0.00013772881356999278,1.788766860961914,0.08615909516811371,0.3224466145038605,2.759579658508301,0.014047686941921711,2.130324125289917,0.41598236560821533,,,,,,,,,,,,,,,
,9.891853070854421e-05,1999,,,,,,,,,,,,,,,,,,,,,,,,,,,,,,
19,,1999,0.4084011912345886,0.0876557007431984,0.5192317366600037,0.018443161621689796,0.33230113983154297,0.010266582481563091,0.6372628808021545,0.00015269478899426758,1.8735835552215576,0.07784490287303925,0.3242047131061554,2.7060601711273193,0.007650586776435375,2.1036086082458496,0.29051849246025085,,,,,,,,,,,,,,,
,9.749649095350614e-05,2009,,,,,,,,,,,,,,,,,,,,,,,,,,,,,,
19,,2009,0.46021878719329834,0.08171522617340088,0.6803731918334961,0.020769162103533745,0.3604894280433655,0.01388085912913084,0.7517920732498169,0.00014771134010516107,1.8695685863494873,0.08349323272705078,0.3962055444717407,2.899658203125,0.008402283303439617,2.2986528873443604,0.5236232876777649,,,,,,,,,,,,,,,
,9.607980871604492e-05,2019,,,,,,,,,,,,,,,,,,,,,,,,,,,,,,
19,,2019,0.38795751333236694,0.0894060879945755,0.7080833315849304,0.018894137814641,0.3523797392845154,0.012925982475280762,0.6797454357147217,0.00010045543604064733,1.8767805099487305,0.06761960685253143,0.412659227848053,2.8437585830688477,0.019787834957242012,2.165349006652832,0.42953357100486755,,,,,,,,,,,,,,,
,9.466862855602187e-05,2029,,,,,,,,,,,,,,,,,,,,,,,,,,,,,,
19,,2029,0.42373892664909363,0.08555467426776886,0.6731479167938232,0.008851286955177784,0.3535909056663513,0.00972240511327982,0.6970989108085632,9.061751188710332e-05,1.8167227506637573,0.0924212858080864,0.4098646342754364,2.7503721714019775,0.008343064226210117,2.221766233444214,0.34986403584480286,,,,,,,,,,,,,,,
,9.326309447186027e-05,2039,,,,,,,,,,,,,,,,,,,,,,,,,,,,,,
19,,2039,0.4155946969985962,0.10800997912883759,0.6641992926597595,0.036102987825870514,0.2840353846549988,0.027040017768740654,0.6862432956695557,0.00010434075375087559,1.756563663482666,0.05244753137230873,0.3826141655445099,2.6965982913970947,0.010317797772586346,2.0688982009887695,0.34256234765052795,,,,,,,,,,,,,,,
,9.186334988585118e-05,2049,,,,,,,,,,,,,,,,,,,,,,,,,,,,,,
19,,2049,0.4349270761013031,0.09378620982170105,0.7380104660987854,0.029497528448700905,0.37043625116348267,0.012585497461259365,0.7692543864250183,0.00014228156942408532,1.9501416683197021,0.11733798682689667,0.3793882131576538,3.0133728981018066,0.007899469695985317,2.215207815170288,0.5487220883369446,,,,,,,,,,,,,,,
,9.046953762951879e-05,2059,,,,,,,,,,,,,,,,,,,,,,,,,,,,,,
19,,2059,0.5086096525192261,0.11818810552358627,0.7389063239097595,0.06462180614471436,0.4349726140499115,0.0027316103223711252,0.7795077562332153,0.00011201488086953759,2.3617920875549316,0.09063182771205902,0.4430955946445465,3.517293930053711,0.013445029966533184,2.010810136795044,0.48956847190856934,,,,,,,,,,,,,,,
19,,2059,,,,,,,,,,,,,,,,0.014498228207230568,0.01303834654390812,0.06029089167714119,0.0012842415599152446,0.013667969033122063,0.005474321078509092,0.23924574255943298,0.0005542178405448794,0.016971759498119354,0.006149750668555498,0.012607094831764698,0.12551496922969818,0.000783325347583741,2.029064655303955,0.01986738294363022
,8.908179992904558e-05,2069,,,,,,,,,,,,,,,,,,,,,,,,,,,,,,
20,,2069,0.49088355898857117,0.08581248670816422,0.6451573371887207,0.041450608521699905,0.3818337619304657,0.0034960275515913963,0.7738860249519348,0.00015636096941307187,2.2586307525634766,0.09253261238336563,0.3423365652561188,3.2742955684661865,0.015447297133505344,2.1877830028533936,0.3742378056049347,,,,,,,,,,,,,,,
,8.770027839075967e-05,2079,,,,,,,,,,,,,,,,,,,,,,,,,,,,,,
20,,2079,0.45122548937797546,0.08198364824056625,0.7501503229141235,0.0458136685192585,0.3886784613132477,0.0027093151584267616,0.6435030102729797,9.524292545393109e-05,2.218583583831787,0.025952253490686417,0.31914499402046204,3.216409921646118,0.028664210811257362,2.094494581222534,0.3756004273891449,,,,,,,,,,,,,,,
,8.632511398668481e-05,2089,,,,,,,,,,,,,,,,,,,,,,,,,,,,,,
20,,2089,0.5124483704566956,0.14103184640407562,0.6894652247428894,0.03974394127726555,0.38851943612098694,0.0040824394673109055,0.7221565842628479,0.00010415573342470452,2.264312505722046,0.11998555809259415,0.4261416792869568,3.3692359924316406,0.008346866816282272,2.176626205444336,0.5143863558769226,,,,,,,,,,,,,,,
,8.49564470401554e-05,2099,,,,,,,,,,,,,,,,,,,,,,,,,,,,,,
20,,2099,0.42734038829803467,0.13547258079051971,0.7353553175926208,0.037945378571748734,0.3747829496860504,0.012087052688002586,0.7723312973976135,0.00013244085130281746,1.9108469486236572,0.10607028752565384,0.3651807904243469,2.9984703063964844,0.01796373352408409,2.052100896835327,0.5378249287605286,,,,,,,,,,,,,,,
,8.359441721149822e-05,2109,,,,,,,,,,,,,,,,,,,,,,,,,,,,,,
20,,2109,0.4215843379497528,0.09025991708040237,0.7373942732810974,0.02243085578083992,0.3366311192512512,0.006135064642876387,0.660628616809845,0.0001278237032238394,1.736331820487976,0.06421101838350296,0.39662307500839233,2.6987192630767822,0.010225125588476658,2.188530921936035,0.40050211548805237,,,,,,,,,,,,,,,
,8.223916348378087e-05,2119,,,,,,,,,,,,,,,,,,,,,,,,,,,,,,
20,,2119,0.5004284381866455,0.11209997534751892,0.7181246876716614,0.0160378310829401,0.4050629138946533,0.006201246753334999,0.7565261721611023,8.762009383644909e-05,2.2854926586151123,0.17228712141513824,0.4150620400905609,3.358651638031006,0.01662597246468067,2.1169447898864746,0.42520925402641296,,,,,,,,,,,,,,,
,8.089082414862984e-05,2129,,,,,,,,,,,,,,,,,,,,,,,,,,,,,,
20,,2129,0.4549853205680847,0.09361610561609268,0.6172419786453247,0.02418038249015808,0.3385251760482788,0.0074110147543251514,0.6790975332260132,0.00014259963063523173,1.8704071044921875,0.0655919536948204,0.3991137146949768,2.8000411987304688,0.004320061765611172,2.136154890060425,0.3436886668205261,,,,,,,,,,,,,,,
,7.954953679211937e-05,2139,,,,,,,,,,,,,,,,,,,,,,,,,,,,,,
20,,2139,0.38597968220710754,0.11100366711616516,0.5892345905303955,0.021403182297945023,0.32474571466445923,0.004067402798682451,0.673050045967102,0.000158226685016416,1.7332717180252075,0.09595261514186859,0.3817245662212372,2.648115873336792,0.01714652217924595,2.1362979412078857,0.3991803526878357,,,,,,,,,,,,,,,
,7.821543828073165e-05,2149,,,,,,,,,,,,,,,,,,,,,,,,,,,,,,
20,,2149,0.4812663793563843,0.19568495452404022,0.6681447625160217,0.004958086647093296,0.44184815883636475,0.005113325547426939,0.8883101344108582,7.389406528091058e-05,2.3396098613739014,0.09261282533407211,0.38911905884742737,3.437562942504883,0.003425675444304943,2.1293673515319824,0.47777625918388367,,,,,,,,,,,,,,,
,7.688866474739099e-05,2159,,,,,,,,,,,,,,,,,,,,,,,,,,,,,,
20,,2159,0.40058910846710205,0.15441064536571503,0.6813604831695557,0.017533672973513603,0.3302411139011383,0.006530469283461571,0.6160380244255066,0.00012626541138160974,1.8100061416625977,0.16551421582698822,0.341768741607666,2.7484428882598877,0.011407049372792244,2.157032012939453,0.3662898540496826,,,,,,,,,,,,,,,
20,,2162,,,,,,,,,,,,,,,,0.013245008885860443,0.012577459216117859,0.061836764216423035,0.0014112298376858234,0.010078244842588902,0.005473865196108818,0.24210062623023987,0.000512090336997062,0.017477557063102722,0.005526448599994183,0.01166750118136406,0.12422668933868408,0.0006167289102450013,2.0174081325531006,0.01686818338930607
,7.556935157757267e-05,2169,,,,,,,,,,,,,,,,,,,,,,,,,,,,,,
21,,2169,0.4016975164413452,0.21267712116241455,0.6001020669937134,0.029439955949783325,0.32143568992614746,0.007455981336534023,0.8170936107635498,0.00015583407366648316,1.7423927783966064,0.0854286253452301,0.3440508246421814,2.72107195854187,0.020521113649010658,2.102198362350464,0.3087570369243622,,,,,,,,,,,,,,,
,7.425763339548803e-05,2179,,,,,,,,,,,,,,,,,,,,,,,,,,,,,,
21,,2179,0.39858976006507874,0.15347948670387268,0.5928477048873901,0.01728147640824318,0.37966856360435486,0.011959674768149853,0.7876550555229187,0.00016873232380021363,1.8859035968780518,0.061767805367708206,0.37034204602241516,2.8555047512054443,0.008655892685055733,2.290264368057251,0.4127005338668823,,,,,,,,,,,,,,,
,7.29536440503472e-05,2189,,,,,,,,,,,,,,,,,,,,,,,,,,,,,,
21,,2189,0.4909174144268036,0.09055452793836594,0.5493959784507751,0.013227982446551323,0.3639349937438965,0.00619925232604146,0.6157249808311462,0.00011430514859966934,1.9543367624282837,0.12148221582174301,0.35842588543891907,2.897609233856201,0.008620610460639,2.0927934646606445,0.4562942683696747,,,,,,,,,,,,,,,
,7.165751660270099e-05,2199,,,,,,,,,,,,,,,,,,,,,,,,,,,,,,
21,,2199,0.4189096987247467,0.10955166071653366,0.690981924533844,0.018612047657370567,0.34751826524734497,0.005183165427297354,0.6877167820930481,8.701701881363988e-05,1.6850897073745728,0.11904145032167435,0.38841143250465393,2.649766683578491,0.011112447828054428,2.1542680263519287,0.3911893665790558,,,,,,,,,,,,,,,
,7.036938331086348e-05,2209,,,,,,,,,,,,,,,,,,,,,,,,,,,,,,
21,,2209,0.47277137637138367,0.09547042846679688,0.6535516977310181,0.03570777550339699,0.31921619176864624,0.013959087431430817,0.6203577518463135,0.00014001800445839763,1.9090226888656616,0.06430211663246155,0.3421096205711365,2.8762969970703125,0.0059083132073283195,2.064866542816162,0.44979700446128845,,,,,,,,,,,,,,,
,6.908937561741585e-05,2219,,,,,,,,,,,,,,,,,,,,,,,,,,,,,,
21,,2219,0.5673027038574219,0.17387592792510986,0.69999760389328,0.020828723907470703,0.4211539626121521,0.0077639794908463955,0.8066597580909729,8.048069139476866e-05,2.4075751304626465,0.019279614090919495,0.334247350692749,3.5086069107055664,0.017572328448295593,2.1334211826324463,0.39590731263160706,,,,,,,,,,,,,,,
,6.7817624135794e-05,2229,,,,,,,,,,,,,,,,,,,,,,,,,,,,,,
21,,2229,0.4799005091190338,0.11557181924581528,0.7524316906929016,0.025206590071320534,0.38606199622154236,0.004873601719737053,0.7874280214309692,0.00011116323003079742,2.2584879398345947,0.058672141283750534,0.3832077980041504,3.326845407485962,0.008008355274796486,2.15981388092041,0.4729050099849701,,,,,,,,,,,,,,,
,6.655425863696067e-05,2239,,,,,,,,,,,,,,,,,,,,,,,,,,,,,,
21,,2239,0.560923159122467,0.1824215203523636,0.9373100399971008,0.024916453287005424,0.4038643538951874,0.002784671960398555,0.915640115737915,7.062903023324907e-05,2.4289538860321045,0.0717678964138031,0.431260883808136,3.651871919631958,0.002526210155338049,2.0322649478912354,0.4416528046131134,,,,,,,,,,,,,,,
,6.529940803616348e-05,2249,,,,,,,,,,,,,,,,,,,,,,,,,,,,,,
21,,2249,0.45878520607948303,0.07154149562120438,0.689967155456543,0.009271995164453983,0.3436810076236725,0.005317473318427801,0.658718466758728,0.00011238061415497214,1.9119927883148193,0.07022576779127121,0.3545624911785126,2.882066249847412,0.012221785262227058,2.1013169288635254,0.4958752989768982,,,,,,,,,,,,,,,
,6.405320037978013e-05,2259,,,,,,,,,,,,,,,,,,,,,,,,,,,,,,
21,,2259,0.4791766405105591,0.1298496425151825,0.619845986366272,0.00583143625408411,0.3768152594566345,0.029356352984905243,0.8448036909103394,0.00016785916523076594,1.9487906694412231,0.07076549530029297,0.3666076064109802,2.986696243286133,0.009746810421347618,2.278409481048584,0.4688602089881897,,,,,,,,,,,,,,,
21,,2265,,,,,,,,,,,,,,,,0.014027745462954044,0.011433053761720657,0.055679820477962494,0.0012194893788546324,0.011571378447115421,0.004091170150786638,0.2427176535129547,0.0005512553616426885,0.01876392774283886,0.0060311551205813885,0.012345288880169392,0.1231512799859047,0.0006131422705948353,2.0394601821899414,0.01573614403605461
,6.281576283225242e-05,2269,,,,,,,,,,,,,,,,,,,,,,,,,,,,,,
22,,2269,0.3438853621482849,0.0859360620379448,0.5292708873748779,0.0136386314406991,0.3306461274623871,0.005528414621949196,0.5844734311103821,9.247079287888482e-05,1.7613306045532227,0.09499017894268036,0.2966688573360443,2.561422824859619,0.006956789642572403,2.03572416305542,0.36393076181411743,,,,,,,,,,,,,,,
,6.15872216631104e-05,2279,,,,,,,,,,,,,,,,,,,,,,,,,,,,,,
22,,2279,0.5301827788352966,0.23749063909053802,0.8882936239242554,0.03350713476538658,0.39489272236824036,0.02300550416111946,0.8715924024581909,8.579685527365655e-05,2.410517454147339,0.09235505014657974,0.3654457628726959,3.597729444503784,0.010401508770883083,2.2642881870269775,0.33858442306518555,,,,,,,,,,,,,,,
,6.0367702234087537e-05,2289,,,,,,,,,,,,,,,,,,,,,,,,,,,,,,
22,,2289,0.5509063005447388,0.07152311503887177,0.6573876142501831,0.032671038061380386,0.39519697427749634,0.0022632572799921036,0.6449105739593506,7.210205512819812e-05,2.243751287460327,0.076189786195755,0.3704214096069336,3.240661859512329,0.003366471268236637,2.103559970855713,0.3761715590953827,,,,,,,,,,,,,,,
,5.9157328986328715e-05,2299,,,,,,,,,,,,,,,,,,,,,,,,,,,,,,
22,,2299,0.4901060163974762,0.07948782294988632,0.564579963684082,0.025433741509914398,0.3669188916683197,0.00815337523818016,0.641880452632904,8.365105895791203e-05,2.28643536567688,0.08405934274196625,0.3637148439884186,3.2206454277038574,0.010795267298817635,2.212287187576294,0.36682209372520447,,,,,,,,,,,,,,,
,5.795622542769206e-05,2309,,,,,,,,,,,,,,,,,,,,,,,,,,,,,,
22,,2309,0.5135010480880737,0.12394236773252487,0.6814590692520142,0.01253076083958149,0.40379032492637634,0.0031449419911950827,0.8138992786407471,7.805122004356235e-05,2.243272542953491,0.12591204047203064,0.3519168198108673,3.278470993041992,0.004417796153575182,2.1687252521514893,0.37380558252334595,,,,,,,,,,,,,,,
,5.676451412014627e-05,2319,,,,,,,,,,,,,,,,,,,,,,,,,,,,,,
22,,2319,0.4741816818714142,0.08211115002632141,0.7227032780647278,0.025317326188087463,0.3562774360179901,0.009745133109390736,0.7947558760643005,0.00010946831025648862,2.243248224258423,0.09168199449777603,0.3966004252433777,3.312438726425171,0.00818614475429058,2.237203598022461,0.5437595248222351,,,,,,,,,,,,,,,
,5.558231666726396e-05,2329,,,,,,,,,,,,,,,,,,,,,,,,,,,,,,
22,,2329,0.4124111235141754,0.12174566835165024,0.631590723991394,0.024756262078881264,0.31331929564476013,0.005459795240312815,0.7705606818199158,0.00010474123700987548,1.688217043876648,0.06324148923158646,0.34189990162849426,2.635453701019287,0.010257890447974205,2.170412540435791,0.38723519444465637,,,,,,,,,,,,,,,
,5.440975370181322e-05,2339,,,,,,,,,,,,,,,,,,,,,,,,,,,,,,
22,,2339,0.37355682253837585,0.09109078347682953,0.6750217080116272,0.017997099086642265,0.3038036525249481,0.008510654792189598,0.6909916400909424,0.0001183421554742381,1.8009852170944214,0.0980670228600502,0.3547636866569519,2.720355749130249,0.020244888961315155,2.3043477535247803,0.3889079988002777,,,,,,,,,,,,,,,
,5.324694487344825e-05,2349,,,,,,,,,,,,,,,,,,,,,,,,,,,,,,
22,,2349,0.48309651017189026,0.15319985151290894,0.6923651099205017,0.017730750143527985,0.361443430185318,0.021200448274612427,0.8494605422019958,0.00013324507744982839,1.981689453125,0.06133178249001503,0.3998194932937622,3.021350383758545,0.006409453693777323,2.031139612197876,0.3411991000175476,,,,,,,,,,,,,,,
,5.209400883649991e-05,2359,,,,,,,,,,,,,,,,,,,,,,,,,,,,,,
22,,2359,0.48875048756599426,0.10314119607210159,0.6662890911102295,0.028936084359884262,0.41510796546936035,0.00979673396795988,0.744477391242981,9.87566018011421e-05,2.250204086303711,0.10886483639478683,0.30727991461753845,3.2669332027435303,0.008729437366127968,2.0917208194732666,0.40288689732551575,,,,,,,,,,,,,,,
22,,2368,,,,,,,,,,,,,,,,0.013666905462741852,0.012598500587046146,0.05224255099892616,0.0012032914673909545,0.010022731497883797,0.004510661121457815,0.23889002203941345,0.0005099711706861854,0.015825575217604637,0.004950388800352812,0.01166712585836649,0.11843279004096985,0.0005566386389546096,2.0269994735717773,0.017440645024180412
,5.095106323786831e-05,2369,,,,,,,,,,,,,,,,,,,,,,,,,,,,,,
23,,2369,0.3964976668357849,0.09759663790464401,0.6658721566200256,0.02291461080312729,0.3645063042640686,0.012435181066393852,0.6210397481918335,0.00010806163481902331,1.8621634244918823,0.14336295425891876,0.38099467754364014,2.833160161972046,0.024090727791190147,1.9960851669311523,0.4550892114639282,,,,,,,,,,,,,,,
,4.981822470501787e-05,2379,,,,,,,,,,,,,,,,,,,,,,,,,,,,,,
23,,2379,0.5078162550926208,0.123165063560009,0.6606002449989319,0.025017736479640007,0.38792499899864197,0.006180671043694019,0.7382203340530396,9.728527220431715e-05,2.2991788387298584,0.11987041682004929,0.3610623776912689,3.36102557182312,0.009353906847536564,2.282374382019043,0.5040131211280823,,,,,,,,,,,,,,,
,4.8695608834076586e-05,2389,,,,,,,,,,,,,,,,,,,,,,,,,,,,,,
23,,2389,0.40278589725494385,0.17974911630153656,0.6429911255836487,0.009567552246153355,0.34088149666786194,0.018481863662600517,0.7099919319152832,0.0001657907705521211,1.7664865255355835,0.08122611790895462,0.3622266352176666,2.7062692642211914,0.005778778810054064,2.265456438064575,0.3383079469203949,,,,,,,,,,,,,,,
,4.758333017804043e-05,2399,,,,,,,,,,,,,,,,,,,,,,,,,,,,,,
23,,2399,0.4700523912906647,0.1506078839302063,0.7879963517189026,0.020823754370212555,0.45643314719200134,0.004576719831675291,0.7896103262901306,6.677705096080899e-05,2.4125468730926514,0.08685074001550674,0.38884225487709045,3.5395727157592773,0.005821471102535725,2.1046454906463623,0.5468347668647766,,,,,,,,,,,,,,,
,4.64815022350842e-05,2409,,,,,,,,,,,,,,,,,,,,,,,,,,,,,,
23,,2409,0.4834233820438385,0.11248228698968887,0.6947668194770813,0.044134318828582764,0.40537381172180176,0.004637717269361019,0.8348777294158936,0.00011407917918404564,2.264584541320801,0.130608469247818,0.39160144329071045,3.353954792022705,0.009011619724333286,2.11991286277771,0.4356081187725067,,,,,,,,,,,,,,,
,4.539023743698025e-05,2419,,,,,,,,,,,,,,,,,,,,,,,,,,,,,,
23,,2419,0.47596442699432373,0.09592251479625702,0.5642769932746887,0.02143566496670246,0.4054122865200043,0.013968493789434433,0.656112015247345,7.966061821207404e-05,2.2452175617218018,0.05367613583803177,0.3235241770744324,3.1802427768707275,0.008462715893983841,2.0661821365356445,0.38097092509269714,,,,,,,,,,,,,,,
,4.4309647137625495e-05,2429,,,,,,,,,,,,,,,,,,,,,,,,,,,,,,
23,,2429,0.391059547662735,0.08029265701770782,0.5866093635559082,0.024127522483468056,0.32861632108688354,0.013878709636628628,0.6276386380195618,0.00012931990204378963,1.7652766704559326,0.03665107116103172,0.3642559051513672,2.6518666744232178,0.008422434329986572,2.24985933303833,0.4197641611099243,,,,,,,,,,,,,,,
,4.3239841601678935e-05,2439,,,,,,,,,,,,,,,,,,,,,,,,,,,,,,
23,,2439,0.46082156896591187,0.11159435659646988,0.710575520992279,0.025090519338846207,0.332326203584671,0.006851981393992901,0.7056372761726379,8.27799885882996e-05,2.2508411407470703,0.05075825750827789,0.3696359097957611,3.263317108154297,0.0090477354824543,2.2355852127075195,0.4852534532546997,,,,,,,,,,,,,,,
,4.218092999331009e-05,2449,,,,,,,,,,,,,,,,,,,,,,,,,,,,,,
23,,2449,0.4495587944984436,0.10908489674329758,0.810571551322937,0.039553333073854446,0.3490333557128906,0.012164912186563015,0.726039707660675,0.00011306802480248734,1.7544389963150024,0.015318676829338074,0.3717626631259918,2.7794225215911865,0.010016894899308681,2.149993896484375,0.37404733896255493,,,,,,,,,,,,,,,
,4.113302036505985e-05,2459,,,,,,,,,,,,,,,,,,,,,,,,,,,,,,
23,,2459,0.4180773198604584,0.09578154236078262,0.7075580954551697,0.03338918834924698,0.35726410150527954,0.003350392449647188,0.6784022450447083,0.00012459476420190185,1.8774596452713013,0.10734786093235016,0.35471802949905396,2.889594554901123,0.0194100309163332,2.182077169418335,0.5065163373947144,,,,,,,,,,,,,,,
,4.009621964681447e-05,2469,,,,,,,,,,,,,,,,,,,,,,,,,,,,,,
23,,2469,0.42019253969192505,0.1944969743490219,0.6818865537643433,0.04472336545586586,0.37063708901405334,0.02058243937790394,0.7870843410491943,0.00010988082794938236,1.8215075731277466,0.0899902954697609,0.3892419934272766,2.8854715824127197,0.015008395537734032,2.1590816974639893,0.4019753336906433,,,,,,,,,,,,,,,
23,,2471,,,,,,,,,,,,,,,,0.012431064620614052,0.01238104049116373,0.05224353075027466,0.001175115117803216,0.012274736538529396,0.0037432347889989614,0.22536803781986237,0.0004802637849934399,0.01602282002568245,0.005784342531114817,0.011994066648185253,0.11499655246734619,0.0005747618270106614,2.0524635314941406,0.017845988273620605
,3.907063363489444e-05,2479,,,,,,,,,,,,,,,,,,,,,,,,,,,,,,
24,,2479,0.4142862856388092,0.082081638276577,0.6831506490707397,0.0174101535230875,0.3670685291290283,0.005081389099359512,0.7010076642036438,9.715021587908268e-05,1.7317712306976318,0.06687157601118088,0.39569997787475586,2.6738834381103516,0.005807312671095133,2.161885976791382,0.3838210105895996,,,,,,,,,,,,,,,
,3.805636698125899e-05,2489,,,,,,,,,,,,,,,,,,,,,,,,,,,,,,
24,,2489,0.5221331715583801,0.1793026626110077,0.8713188171386719,0.02928560972213745,0.42309457063674927,0.013401142321527004,0.8555697798728943,8.553854422643781e-05,2.3625385761260986,0.051427893340587616,0.4021555185317993,3.5455706119537354,0.010267002508044243,2.17897891998291,0.44899487495422363,,,,,,,,,,,,,,,
,3.7053523182827125e-05,2499,,,,,,,,,,,,,,,,,,,,,,,,,,,,,,
24,,2499,0.48021307587623596,0.16915613412857056,0.7592074275016785,0.02801675908267498,0.4190865755081177,0.0054443408735096455,0.8557997345924377,8.090071059996262e-05,2.323582410812378,0.07223649322986603,0.42176321148872375,3.4704031944274902,0.009902166202664375,2.197256088256836,0.5221925973892212,,,,,,,,,,,,,,,
,3.6062204570916726e-05,2509,,,,,,,,,,,,,,,,,,,,,,,,,,,,,,
24,,2509,0.4682854115962982,0.08338849246501923,0.7205444574356079,0.019147725775837898,0.3472980260848999,0.020477483049035072,0.6762576103210449,0.00011569357593543828,1.9658156633377075,0.09143610298633575,0.34605973958969116,2.945093870162964,0.01234439481049776,2.1383676528930664,0.3831796944141388,,,,,,,,,,,,,,,
,3.508251230080274e-05,2519,,,,,,,,,,,,,,,,,,,,,,,,,,,,,,
24,,2519,0.48657217621803284,0.15987060964107513,0.8132565021514893,0.025125941261649132,0.40986600518226624,0.003353495616465807,0.7203420996665955,5.620145020657219e-05,2.3465592861175537,0.04913505166769028,0.3811980187892914,3.434082508087158,0.008642157539725304,2.117246627807617,0.4488295912742615,,,,,,,,,,,,,,,
,3.411454634139485e-05,2529,,,,,,,,,,,,,,,,,,,,,,,,,,,,,,
24,,2529,0.46408963203430176,0.11197549104690552,0.8611127138137817,0.022174794226884842,0.42745253443717957,0.006217774469405413,0.82854163646698,0.00010952202865155414,2.3434112071990967,0.10017548501491547,0.38357996940612793,3.514082908630371,0.010817582719027996,2.1830384731292725,0.6451706886291504,,,,,,,,,,,,,,,
,3.315840546503677e-05,2539,,,,,,,,,,,,,,,,,,,,,,,,,,,,,,
24,,2539,0.5259851217269897,0.08949342370033264,0.586624264717102,0.02550237812101841,0.3666026294231415,0.008944615721702576,0.6858682036399841,6.818643305450678e-05,2.3552539348602295,0.06645336747169495,0.33814287185668945,3.3210015296936035,0.006477565970271826,2.2550086975097656,0.3791182339191437,,,,,,,,,,,,,,,
,3.2214187237427284e-05,2549,,,,,,,,,,,,,,,,,,,,,,,,,,,,,,
24,,2549,0.41862908005714417,0.11919441819190979,0.6552610397338867,0.020314358174800873,0.3774237632751465,0.010136707685887814,0.7655953764915466,0.00012631469871848822,1.92006254196167,0.10998677462339401,0.3730868399143219,2.8991894721984863,0.003910198342055082,2.2649595737457275,0.3975549638271332,,,,,,,,,,,,,,,
,3.1281988007664723e-05,2559,,,,,,,,,,,,,,,,,,,,,,,,,,,,,,
24,,2559,0.40048909187316895,0.08535725623369217,0.5567215085029602,0.016506444662809372,0.3285072445869446,0.010741331614553928,0.5894019603729248,0.0001395172148477286,1.728650450706482,0.06339870393276215,0.34863904118537903,2.5679962635040283,0.014464550651609898,2.2325327396392822,0.30915161967277527,,,,,,,,,,,,,,,
,3.036190289841509e-05,2569,,,,,,,,,,,,,,,,,,,,,,,,,,,,,,
24,,2569,0.49173110723495483,0.09290235489606857,0.697499692440033,0.03468809276819229,0.3892659544944763,0.0051987264305353165,0.6917425990104675,0.00010420069156680256,2.2703750133514404,0.06955455243587494,0.35812532901763916,3.345480442047119,0.004783215932548046,2.160761833190918,0.6278128623962402,,,,,,,,,,,,,,,
24,,2574,,,,,,,,,,,,,,,,0.011167979799211025,0.011017316952347755,0.05270688980817795,0.0012351785553619266,0.011761070229113102,0.004010241013020277,0.21224607527256012,0.00043947610538452864,0.015872234478592873,0.005481594242155552,0.012212137691676617,0.11041448265314102,0.0004751123778987676,2.050964117050171,0.01772639900445938
,2.94540257962059e-05,2579,,,,,,,,,,,,,,,,,,,,,,,,,,,,,,
25,,2579,0.5223346948623657,0.15466617047786713,0.6784934401512146,0.013562293723225594,0.42306697368621826,0.011256786063313484,0.789352536201477,0.00011631583038251847,2.3070125579833984,0.05523713678121567,0.4117536246776581,3.3973991870880127,0.012662019580602646,1.9666293859481812,0.46031609177589417,,,,,,,,,,,,,,,
,2.8558449341845735e-05,2589,,,,,,,,,,,,,,,,,,,,,,,,,,,,,,
25,,2589,0.4173489809036255,0.08598063141107559,0.5674540996551514,0.018801765516400337,0.3024734854698181,0.010109213180840015,0.5737015604972839,9.80706317932345e-05,1.6888185739517212,0.11379531025886536,0.3516153395175934,2.531954526901245,0.01668401248753071,2.1877968311309814,0.2758612334728241,,,,,,,,,,,,,,,
,2.767526492097116e-05,2599,,,,,,,,,,,,,,,,,,,,,,,,,,,,,,
25,,2599,0.40982672572135925,0.10260429233312607,0.7425662875175476,0.02915184386074543,0.352124959230423,0.003744145156815648,0.755035400390625,0.00010213485802523792,1.756609559059143,0.05602150037884712,0.369983971118927,2.7298214435577393,0.013032760471105576,2.1285979747772217,0.33712634444236755,,,,,,,,,,,,,,,
,2.6804562654721584e-05,2609,,,,,,,,,,,,,,,,,,,,,,,,,,,,,,
25,,2609,0.45435452461242676,0.09307291358709335,0.5847506523132324,0.015906209126114845,0.3174575865268707,0.01229910459369421,0.6937329173088074,0.00012389813491608948,1.9614571332931519,0.10099968314170837,0.3210482597351074,2.8980138301849365,0.005268645007163286,2.1023473739624023,0.45706573128700256,,,,,,,,,,,,,,,
,2.59464313905432e-05,2619,,,,,,,,,,,,,,,,,,,,,,,,,,,,,,
25,,2619,0.4931306540966034,0.0993846133351326,0.5970866680145264,0.02761414647102356,0.3264082372188568,0.011169593781232834,0.7215489745140076,0.00011795865430030972,2.26369309425354,0.11814571171998978,0.320264607667923,3.255722761154175,0.007191600278019905,2.068554639816284,0.47437313199043274,,,,,,,,,,,,,,,
,2.5100958693122952e-05,2629,,,,,,,,,,,,,,,,,,,,,,,,,,,,,,
25,,2629,0.44974544644355774,0.09209460765123367,0.6341061592102051,0.011403756216168404,0.3921183943748474,0.011927792802453041,0.6320987343788147,7.343495963141322e-05,2.201965570449829,0.07506325095891953,0.3777368664741516,3.1804070472717285,0.01162686012685299,2.126862049102783,0.5152317881584167,,,,,,,,,,,,,,,
,2.426823083545323e-05,2639,,,,,,,,,,,,,,,,,,,,,,,,,,,,,,
25,,2639,0.47136837244033813,0.0653470903635025,0.5304880142211914,0.029300669208168983,0.2926316261291504,0.019878529012203217,0.5865132808685303,0.00012348912423476577,1.7188400030136108,0.08712344616651535,0.2506953775882721,2.5372257232666016,0.009180241264402866,2.224135637283325,0.21959607303142548,,,,,,,,,,,,,,,
,2.3448332790028502e-05,2649,,,,,,,,,,,,,,,,,,,,,,,,,,,,,,
25,,2649,0.46596503257751465,0.12102919071912766,0.6923651099205017,0.005356569774448872,0.41486668586730957,0.005550000350922346,0.7558150291442871,0.00011726679076673463,2.2829439640045166,0.0994606614112854,0.40941476821899414,3.3281869888305664,0.0030827985610812902,2.141230821609497,0.5177846550941467,,,,,,,,,,,,,,,
,2.264134822017477e-05,2659,,,,,,,,,,,,,,,,,,,,,,,,,,,,,,
25,,2659,0.5315526723861694,0.10239968448877335,0.6537212133407593,0.021589934825897217,0.35910478234291077,0.004249385092407465,0.7300220131874084,8.56475526234135e-05,2.317481756210327,0.05156891047954559,0.33271273970603943,3.3358607292175293,0.008408468216657639,2.172929048538208,0.4558585584163666,,,,,,,,,,,,,,,
,2.1847359471512245e-05,2669,,,,,,,,,,,,,,,,,,,,,,,,,,,,,,
25,,2669,0.4884101152420044,0.09149523824453354,0.6514219045639038,0.021991616114974022,0.3912491798400879,0.015819702297449112,0.701977014541626,0.00010180041863350198,2.2540769577026367,0.07874517142772675,0.35026347637176514,3.2480692863464355,0.013517285697162151,2.2532291412353516,0.39690420031547546,,,,,,,,,,,,,,,
25,,2677,,,,,,,,,,,,,,,,0.011025546118617058,0.011529020965099335,0.05510345846414566,0.0012837504036724567,0.011183911934494972,0.004339692182838917,0.22129911184310913,0.000422649085521698,0.016921067610383034,0.0052461470477283,0.011829475872218609,0.11417220532894135,0.00048369020805694163,2.046029806137085,0.01654067635536194
,2.1066447563552867e-05,2679,,,,,,,,,,,,,,,,,,,,,,,,,,,,,,
26,,2679,0.4585423767566681,0.09572694450616837,0.6787008047103882,0.021780148148536682,0.40121573209762573,0.01773151382803917,0.8487948775291443,8.240626630140468e-05,2.3672454357147217,0.036234237253665924,0.3654700517654419,3.4155189990997314,0.02095039375126362,2.2158892154693604,0.44796863198280334,,,,,,,,,,,,,,,
,2.0298692181432784e-05,2689,,,,,,,,,,,,,,,,,,,,,,,,,,,,,,
26,,2689,0.41185301542282104,0.06110699102282524,0.6342682838439941,0.021535351872444153,0.331076979637146,0.004204755648970604,0.5718144178390503,0.00010556270717643201,1.8825100660324097,0.09279590845108032,0.3959903419017792,2.804885149002075,0.007912439294159412,2.144035577774048,0.5040977001190186,,,,,,,,,,,,,,,
,1.9544171667781594e-05,2699,,,,,,,,,,,,,,,,,,,,,,,,,,,,,,
26,,2699,0.3987330496311188,0.08485504984855652,0.6033189296722412,0.009814439341425896,0.3016005754470825,0.008721483871340752,0.7140662670135498,0.00014982347784098238,1.7687267065048218,0.09259781986474991,0.3800746500492096,2.697002649307251,0.010092745535075665,2.127838373184204,0.4857746660709381,,,,,,,,,,,,,,,
,1.880296301472772e-05,2709,,,,,,,,,,,,,,,,,,,,,,,,,,,,,,
26,,2709,0.4861967861652374,0.11887658387422562,0.7184103727340698,0.05098797753453255,0.4056732654571533,0.0041329157538712025,0.7044305205345154,7.878807082306594e-05,2.2467548847198486,0.06704700738191605,0.3769950270652771,3.3140268325805664,0.017852576449513435,2.2607245445251465,0.423773854970932,,,,,,,,,,,,,,,
,1.8075141856042252e-05,2719,,,,,,,,,,,,,,,,,,,,,,,,,,,,,,
26,,2719,0.5035666823387146,0.12143591046333313,0.7165609002113342,0.026714516803622246,0.40581193566322327,0.003976610954850912,0.7222411632537842,9.182788926409557e-05,2.285036325454712,0.11361584812402725,0.36761435866355896,3.344877004623413,0.021137068048119545,2.1411361694335938,0.40668126940727234,,,,,,,,,,,,,,,
,1.736078245942129e-05,2729,,,,,,,,,,,,,,,,,,,,,,,,,,,,,,
26,,2729,0.3537754416465759,0.16988985240459442,0.6342363357543945,0.01681378111243248,0.2948942482471466,0.005866958759725094,0.7413061857223511,0.00011129250924568623,1.6891608238220215,0.0731518492102623,0.3521878719329834,2.596130132675171,0.01010458916425705,2.1919867992401123,0.3381038010120392,,,,,,,,,,,,,,,
,1.6659957718907402e-05,2739,,,,,,,,,,,,,,,,,,,,,,,,,,,,,,
26,,2739,0.43753793835639954,0.09278295189142227,0.7170006036758423,0.01890687271952629,0.3857261836528778,0.003212596755474806,0.7277477383613586,7.818904123269022e-05,2.261324167251587,0.06349307298660278,0.3267638683319092,3.2352395057678223,0.01240554079413414,2.1911349296569824,0.38897013664245605,,,,,,,,,,,,,,,
,1.597273914745148e-05,2749,,,,,,,,,,,,,,,,,,,,,,,,,,,,,,
26,,2749,0.5150814652442932,0.14512592554092407,0.7332431674003601,0.023041361942887306,0.41508734226226807,0.010217524133622646,0.8626714944839478,0.00011861107486765832,2.316075563430786,0.11841253191232681,0.3995031714439392,3.4497039318084717,0.015921294689178467,2.1123878955841064,0.4559059739112854,,,,,,,,,,,,,,,
,1.52991968696155e-05,2759,,,,,,,,,,,,,,,,,,,,,,,,,,,,,,
26,,2759,0.4232429265975952,0.09802071750164032,0.7346228361129761,0.0451844185590744,0.3312733769416809,0.005205553025007248,0.7456750273704529,7.6427633757703e-05,1.848297119140625,0.08568885177373886,0.37061378359794617,2.8646764755249023,0.012577440589666367,2.083609104156494,0.428361713886261,,,,,,,,,,,,,,,
,1.4639399614417052e-05,2769,,,,,,,,,,,,,,,,,,,,,,,,,,,,,,
26,,2769,0.3746347725391388,0.22878524661064148,0.6941516399383545,0.0417264923453331,0.3344578444957733,0.005213006399571896,0.8173379302024841,0.00012862005678471178,1.6783872842788696,0.13020680844783783,0.35440924763679504,2.7193453311920166,0.024701066315174103,2.209836006164551,0.3545217216014862,,,,,,,,,,,,,,,
,1.3993414708315914e-05,2779,,,,,,,,,,,,,,,,,,,,,,,,,,,,,,
26,,2779,0.4498155117034912,0.07227808237075806,0.7018080353736877,0.03079291060566902,0.3896261751651764,0.004582038149237633,0.690717875957489,8.979714766610414e-05,2.300567626953125,0.0382704921066761,0.39604175090789795,3.295752763748169,0.012991649098694324,2.1466617584228516,0.43207764625549316,,,,,,,,,,,,,,,
26,,2780,,,,,,,,,,,,,,,,0.012111213058233261,0.012116685509681702,0.05339041352272034,0.0012464846950024366,0.011371911503374577,0.0039114924147725105,0.2145954668521881,0.00047759554581716657,0.016886189579963684,0.005103265400975943,0.011950201354920864,0.11255618929862976,0.0005214660777710378,2.047482490539551,0.016339827328920364
,1.3361308068344084e-05,2789,,,,,,,,,,,,,,,,,,,,,,,,,,,,,,
27,,2789,0.38705092668533325,0.07455182820558548,0.6368042230606079,0.015127945691347122,0.31811827421188354,0.004175953101366758,0.5924404859542847,8.710555266588926e-05,1.721933364868164,0.03765593469142914,0.3537748456001282,2.5696768760681152,0.004263401031494141,2.170804977416992,0.35915419459342957,,,,,,,,,,,,,,,
,1.2743144195379685e-05,2799,,,,,,,,,,,,,,,,,,,,,,,,,,,,,,
27,,2799,0.4793458878993988,0.0845617949962616,0.48443686962127686,0.0064293318428099155,0.3246869146823883,0.004377715289592743,0.5666454434394836,0.00010153176845051348,2.2165212631225586,0.04509789124131203,0.3185423016548157,3.0507678985595703,0.0022742166183888912,2.155609130859375,0.3703920841217041,,,,,,,,,,,,,,,
,1.2138986167564991e-05,2809,,,,,,,,,,,,,,,,,,,,,,,,,,,,,,
27,,2809,0.560783863067627,0.10513920336961746,0.670619547367096,0.02077591046690941,0.37702861428260803,0.0072190649807453156,0.7718024849891663,0.00010420230682939291,2.3629443645477295,0.06380172818899155,0.3253132402896881,3.4114129543304443,0.004361234605312347,2.1485536098480225,0.4471449553966522,,,,,,,,,,,,,,,
,1.1548895633869981e-05,2819,,,,,,,,,,,,,,,,,,,,,,,,,,,,,,
27,,2819,0.39840349555015564,0.07654690742492676,0.5488369464874268,0.02794702909886837,0.3008873760700226,0.03714266046881676,0.5799793601036072,8.291853009723127e-05,1.8238946199417114,0.08218944072723389,0.3253590762615204,2.6992268562316895,0.008069531992077827,2.1442995071411133,0.42857658863067627,,,,,,,,,,,,,,,
,1.0972932807801555e-05,2829,,,,,,,,,,,,,,,,,,,,,,,,,,,,,,
27,,2829,0.4131849408149719,0.13739602267742157,0.6090527176856995,0.007711351849138737,0.32102829217910767,0.005237982142716646,0.7954177260398865,0.00012058670108672231,1.8911681175231934,0.07686951011419296,0.3566949665546417,2.8310110569000244,0.005506315268576145,2.2258706092834473,0.39212659001350403,,,,,,,,,,,,,,,
,1.041115646125944e-05,2839,,,,,,,,,,,,,,,,,,,,,,,,,,,,,,
27,,2839,0.5689586997032166,0.252395361661911,0.7143535017967224,0.031056297942996025,0.3982965648174286,0.0033616889268159866,0.7985910773277283,0.00011430415906943381,2.3300223350524902,0.07920544594526291,0.37028446793556213,3.486971378326416,0.015048280358314514,2.1981325149536133,0.41381973028182983,,,,,,,,,,,,,,,
,9.863623918538748e-06,2849,,,,,,,,,,,,,,,,,,,,,,,,,,,,,,
27,,2849,0.4039372503757477,0.13435450196266174,0.5500864386558533,0.011386227793991566,0.35523104667663574,0.007359959185123444,0.7885551452636719,9.875308023765683e-05,1.8213344812393188,0.13076555728912354,0.397921085357666,2.760284662246704,0.0091130081564188,2.2725539207458496,0.3626340329647064,,,,,,,,,,,,,,,
,9.330391050480785e-06,2859,,,,,,,,,,,,,,,,,,,,,,,,,,,,,,
27,,2859,0.40227210521698,0.05920586362481117,0.5649593472480774,0.013617811724543571,0.29962706565856934,0.007926741614937782,0.5766404867172241,0.00012344575952738523,1.7492396831512451,0.07580490410327911,0.31193435192108154,2.570619583129883,0.0067197103053331375,2.1647143363952637,0.36608219146728516,,,,,,,,,,,,,,,
,8.811512268771902e-06,2869,,,,,,,,,,,,,,,,,,,,,,,,,,,,,,
27,,2869,0.4842928946018219,0.08470433950424194,0.6473857164382935,0.017396463081240654,0.3866007328033447,0.002206779783591628,0.642191469669342,7.491577707696706e-05,2.2112231254577637,0.07013850659132004,0.37098097801208496,3.1581311225891113,0.0022633536718785763,2.187173843383789,0.3797038197517395,,,,,,,,,,,,,,,
,8.307040520391055e-06,2879,,,,,,,,,,,,,,,,,,,,,,,,,,,,,,
27,,2879,0.4973980784416199,0.10161095857620239,0.6193368434906006,0.018210748210549355,0.41218486428260803,0.00305359298363328,0.6815478205680847,7.014308357611299e-05,2.2367353439331055,0.07601086795330048,0.37193191051483154,3.225159168243408,0.016157276928424835,2.167308807373047,0.3936440944671631,,,,,,,,,,,,,,,
27,,2883,,,,,,,,,,,,,,,,0.013037042692303658,0.012174620293080807,0.051997534930706024,0.0011450303718447685,0.011334390379488468,0.003902893513441086,0.21596600115299225,0.0004551340825855732,0.016679374501109123,0.005228147376328707,0.011807799339294434,0.11266966909170151,0.0005245276843197644,2.0468993186950684,0.016518794000148773
,7.81702728220731e-06,2889,,,,,,,,,,,,,,,,,,,,,,,,,,,,,,
28,,2889,0.5236235857009888,0.08652202785015106,0.5378211736679077,0.008388059213757515,0.4048655331134796,0.009323280304670334,0.5877063274383545,5.734558362746611e-05,2.1901605129241943,0.0764164850115776,0.31649988889694214,3.111760139465332,0.006352038122713566,2.222414255142212,0.4048953354358673,,,,,,,,,,,,,,,
,7.34152255572697e-06,2899,,,,,,,,,,,,,,,,,,,,,,,,,,,,,,
28,,2899,0.5331558585166931,0.07399154454469681,0.653269350528717,0.01892193593084812,0.3715030550956726,0.004529226571321487,0.6721066832542419,0.00010281406139256433,2.298635959625244,0.10610611736774445,0.3184990882873535,3.295395851135254,0.002645086729899049,2.1344122886657715,0.46717503666877747,,,,,,,,,,,,,,,
,6.8805748619912835e-06,2909,,,,,,,,,,,,,,,,,,,,,,,,,,,,,,
28,,2909,0.4307372272014618,0.07292173057794571,0.6626697182655334,0.01628839410841465,0.32972851395606995,0.004665952641516924,0.6330242156982422,0.00011314506991766393,1.8192200660705566,0.09885149449110031,0.33647239208221436,2.7453129291534424,0.00725058326497674,2.275521993637085,0.446531742811203,,,,,,,,,,,,,,,
,6.434231236625398e-06,2919,,,,,,,,,,,,,,,,,,,,,,,,,,,,,,
28,,2919,0.4204016923904419,0.14870291948318481,0.7314950823783875,0.02939266338944435,0.32980775833129883,0.01847790740430355,0.8130002021789551,0.00010823486081790179,1.8367091417312622,0.060548149049282074,0.34283456206321716,2.851564407348633,0.008239367976784706,2.189248561859131,0.38464853167533875,,,,,,,,,,,,,,,
,6.002537225038806e-06,2929,,,,,,,,,,,,,,,,,,,,,,,,,,,,,,
28,,2929,0.38793525099754333,0.08038260787725449,0.516613781452179,0.018735041841864586,0.2751137316226959,0.008883501403033733,0.4945112466812134,7.318710413528606e-05,1.6254324913024902,0.1027953177690506,0.36015522480010986,2.4256751537323,0.011189816519618034,2.173973321914673,0.34947240352630615,,,,,,,,,,,,,,,
,5.585536877777802e-06,2939,,,,,,,,,,,,,,,,,,,,,,,,,,,,,,
28,,2939,0.38883230090141296,0.1372109353542328,0.6392374634742737,0.02520786225795746,0.3383910357952118,0.008105842396616936,0.6498115062713623,9.940801828633994e-05,1.716921091079712,0.12048249691724777,0.3551202714443207,2.668104887008667,0.014726001769304276,2.118680715560913,0.4329305589199066,,,,,,,,,,,,,,,
,5.183272746030459e-06,2949,,,,,,,,,,,,,,,,,,,,,,,,,,,,,,
28,,2949,0.4958195090293884,0.11811915785074234,0.693526029586792,0.032058171927928925,0.35224130749702454,0.018534954637289047,0.7364538908004761,0.00014628549979534,2.023205041885376,0.10846445709466934,0.3538602590560913,3.068513870239258,0.010877645574510098,2.2499961853027344,0.4350944459438324,,,,,,,,,,,,,,,
,4.795785877284785e-06,2959,,,,,,,,,,,,,,,,,,,,,,,,,,,,,,
28,,2959,0.46373555064201355,0.09511637687683105,0.5991595387458801,0.011693540029227734,0.3809812664985657,0.00373222678899765,0.6363833546638489,9.052574750967324e-05,2.17667555809021,0.09989265352487564,0.3266699016094208,3.109839677810669,0.003541578771546483,2.0534815788269043,0.4388374388217926,,,,,,,,,,,,,,,
,4.423115811140093e-06,2969,,,,,,,,,,,,,,,,,,,,,,,,,,,,,,
28,,2969,0.4586434066295624,0.08107209950685501,0.6317026019096375,0.019580218940973282,0.3744446933269501,0.005644896067678928,0.6876879930496216,8.352047007065266e-05,2.2218799591064453,0.056668367236852646,0.34239017963409424,3.168783664703369,0.004327583126723766,2.1260998249053955,0.42105668783187866,,,,,,,,,,,,,,,
,4.06530057527234e-06,2979,,,,,,,,,,,,,,,,,,,,,,,,,,,,,,
28,,2979,0.43848729133605957,0.0958673432469368,0.6586886048316956,0.026351772248744965,0.3238712251186371,0.00843274686485529,0.7233852744102478,9.865907486528158e-05,1.7201004028320312,0.06060299649834633,0.34530383348464966,2.6422512531280518,0.008570301346480846,2.1461565494537354,0.29250356554985046,,,,,,,,,,,,,,,
28,,2986,,,,,,,,,,,,,,,,0.012301969341933727,0.012079792097210884,0.05223414674401283,0.001093145925551653,0.011569342575967312,0.00392935611307621,0.2193077951669693,0.0004380228347145021,0.01639803685247898,0.005096756387501955,0.011799465864896774,0.11285624653100967,0.0005062957643531263,2.03974986076355,0.016530770808458328
,3.7223766815537848e-06,2989,,,,,,,,,,,,,,,,,,,,,,,,,,,,,,
29,,2989,0.5067453384399414,0.13000375032424927,0.7561525106430054,0.03928442671895027,0.40966084599494934,0.007279072422534227,0.9321845173835754,0.00011259598977630958,2.3585948944091797,0.05055321380496025,0.4008653163909912,3.4583632946014404,0.00752456346526742,2.169555187225342,0.3125668168067932,,,,,,,,,,,,,,,
,3.3943791223272676e-06,2999,,,,,,,,,,,,,,,,,,,,,,,,,,,,,,
29,,2999,0.45574259757995605,0.1446770578622818,0.6790932416915894,0.013968575745821,0.3381143808364868,0.015049283392727375,0.7944506406784058,8.711866394151002e-05,1.757651925086975,0.049673568457365036,0.3615838885307312,2.7381391525268555,0.0071612754836678505,2.155627965927124,0.3312205374240875,,,,,,,,,,,,,,,
,3.081341366835516e-06,3009,,,,,,,,,,,,,,,,,,,,,,,,,,,,,,
29,,3009,0.47031450271606445,0.19074727594852448,0.6337113976478577,0.04638777673244476,0.41689449548721313,0.0033715637400746346,0.8425388932228088,0.000117048854008317,2.255857467651367,0.14184316992759705,0.3687419593334198,3.342249631881714,0.009842931292951107,2.0490882396698,0.38968604803085327,,,,,,,,,,,,,,,
,2.7832953578059426e-06,3019,,,,,,,,,,,,,,,,,,,,,,,,,,,,,,
29,,3019,0.467781126499176,0.10544867813587189,0.7530008554458618,0.036657460033893585,0.4083128869533539,0.005574082024395466,0.7676683068275452,8.753635484026745e-05,2.3239948749542236,0.10316607356071472,0.3625330924987793,3.375204086303711,0.005048615857958794,2.2961618900299072,0.40893781185150146,,,,,,,,,,,,,,,
,2.5002715081911372e-06,3029,,,,,,,,,,,,,,,,,,,,,,,,,,,,,,
29,,3029,0.4743456542491913,0.08490146696567535,0.7711825966835022,0.015225830487906933,0.4071367084980011,0.04043236002326012,0.7596513628959656,6.396934622898698e-05,2.3391244411468506,0.05451223626732826,0.3523678481578827,3.3897721767425537,0.012094023637473583,2.1374642848968506,0.4340391755104065,,,,,,,,,,,,,,,
,2.232298698065549e-06,3039,,,,,,,,,,,,,,,,,,,,,,,,,,,,,,
29,,3039,0.41897451877593994,0.19344398379325867,0.6281793713569641,0.015161050483584404,0.3340008556842804,0.012176372110843658,0.7917475700378418,0.00015258803614415228,1.8242042064666748,0.07435806840658188,0.36799129843711853,2.8062808513641357,0.01107681542634964,2.1845905780792236,0.3603009879589081,,,,,,,,,,,,,,,
,1.9794042716784586e-06,3049,,,,,,,,,,,,,,,,,,,,,,,,,,,,,,
29,,3049,0.4820149838924408,0.11318189650774002,0.7047823071479797,0.025067590177059174,0.4242323040962219,0.006512250751256943,0.7503600716590881,8.233633707277477e-05,2.327864408493042,0.09999969601631165,0.3454519212245941,3.351890802383423,0.00167380110360682,2.1434154510498047,0.394977331161499,,,,,,,,,,,,,,,
,1.7416140346637963e-06,3059,,,,,,,,,,,,,,,,,,,,,,,,,,,,,,
29,,3059,0.4373050034046173,0.08719348907470703,0.6522750854492188,0.021258704364299774,0.3391069769859314,0.005757040809839964,0.605912446975708,9.113667329074815e-05,1.875089168548584,0.1226428970694542,0.36684784293174744,2.829854965209961,0.011223469860851765,2.192216634750366,0.4736034870147705,,,,,,,,,,,,,,,
,1.5189522514068963e-06,3069,,,,,,,,,,,,,,,,,,,,,,,,,,,,,,
29,,3069,0.4585661292076111,0.10461338609457016,0.6032148003578186,0.013964052312076092,0.3869260847568512,0.011408605612814426,0.7039433121681213,9.506316564511508e-05,2.283740997314453,0.09936872124671936,0.3238799273967743,3.2351391315460205,0.008601881563663483,2.207327365875244,0.3951379060745239,,,,,,,,,,,,,,,
,1.3114416425684948e-06,3079,,,,,,,,,,,,,,,,,,,,,,,,,,,,,,
29,,3079,0.490258127450943,0.08060482144355774,0.6645248532295227,0.031190956011414528,0.34940144419670105,0.0059112971648573875,0.72731614112854,9.476202831137925e-05,2.2243480682373047,0.08433455228805542,0.34978896379470825,3.2327024936676025,0.017872953787446022,2.1548774242401123,0.42574700713157654,,,,,,,,,,,,,,,
,1.1191033827663677e-06,3089,,,,,,,,,,,,,,,,,,,,,,,,,,,,,,
29,,3089,0.516448438167572,0.214910089969635,0.6602972745895386,0.02963343821465969,0.3578064739704132,0.007128623779863119,0.8494849801063538,0.00010494401794858277,2.2830727100372314,0.09992572665214539,0.34774214029312134,3.3580434322357178,0.008329804986715317,2.138073444366455,0.3490021228790283,,,,,,,,,,,,,,,
29,,3089,,,,,,,,,,,,,,,,0.012216750532388687,0.011878044344484806,0.05172227695584297,0.0011519469553604722,0.011499655432999134,0.003896909300237894,0.2152581512928009,0.0004435120499692857,0.01597384549677372,0.00514594791457057,0.011666949838399887,0.11112549901008606,0.0005145459435880184,2.043855667114258,0.016407283022999763
