epoch,lr-AdamW,step,train/accidental,train/downbeat,train/duration,train/grace,train/hand,train/keysignature,train/offset,train/pad,train/pitch,train/staccato,train/stem,train/total,train/trill,train/velocity,train/voice,val/accidental,val/downbeat,val/duration,val/grace,val/hand,val/keysignature,val/offset,val/pad,val/pitch,val/staccato,val/stem,val/total,val/trill,val/velocity,val/voice
,2.9999999999999997e-05,9,,,,,,,,,,,,,,,,,,,,,,,,,,,,,,
0,,9,1.509078025817871,2.6498677730560303,4.507073402404785,0.08864711225032806,0.9839211702346802,2.6605844497680664,4.906005382537842,0.3745371997356415,4.78497314453125,0.33252787590026855,1.1452497243881226,12.166372299194336,0.046728987246751785,2.265693426132202,2.0772507190704346,,,,,,,,,,,,,,,
,5.9999999999999995e-05,19,,,,,,,,,,,,,,,,,,,,,,,,,,,,,,
0,,19,1.184601068496704,0.6586496829986572,3.1271984577178955,0.11837399005889893,0.7286096215248108,2.73903226852417,4.40302038192749,0.3936862051486969,4.496158599853516,0.1697598248720169,0.8680975437164307,10.13570785522461,0.05321590602397919,2.155165433883667,1.429488182067871,,,,,,,,,,,,,,,
,8.999999999999999e-05,29,,,,,,,,,,,,,,,,,,,,,,,,,,,,,,
0,,29,1.1214462518692017,0.6153002977371216,2.8156838417053223,0.044050585478544235,0.7225454449653625,2.699467420578003,3.5465874671936035,0.20008006691932678,4.262801647186279,0.15581296384334564,0.805417001247406,9.198634147644043,0.02354012243449688,2.1086180210113525,1.3838043212890625,,,,,,,,,,,,,,,
,0.00011999999999999999,39,,,,,,,,,,,,,,,,,,,,,,,,,,,,,,
0,,39,1.1600000858306885,0.4766174256801605,2.4496710300445557,0.04587484896183014,0.7112863063812256,2.7105562686920166,3.1409037113189697,0.15451762080192566,4.121267318725586,0.22571513056755066,0.7818008661270142,8.752493858337402,0.01931004598736763,2.1594173908233643,1.3247767686843872,,,,,,,,,,,,,,,
,0.00015,49,,,,,,,,,,,,,,,,,,,,,,,,,,,,,,
0,,49,1.0023062229156494,0.38191673159599304,2.1271491050720215,0.06140507385134697,0.7006083726882935,2.4434072971343994,3.274716377258301,0.1558699607849121,4.161195755004883,0.39638838171958923,0.6827235817909241,8.441191673278809,0.02804807387292385,2.192218780517578,1.1035679578781128,,,,,,,,,,,,,,,
,0.00017999999999999998,59,,,,,,,,,,,,,,,,,,,,,,,,,,,,,,
0,,59,0.9569035768508911,0.3908809721469879,2.056654930114746,0.010678211227059364,0.6773353815078735,2.4607269763946533,3.252525568008423,0.10196001827716827,4.112275123596191,0.19454975426197052,0.6182335615158081,8.093146324157715,0.006599797867238522,2.3389525413513184,0.8139158487319946,,,,,,,,,,,,,,,
,0.00020999999999999998,69,,,,,,,,,,,,,,,,,,,,,,,,,,,,,,
0,,69,0.7545484900474548,0.4137611985206604,2.145820379257202,0.14219553768634796,0.7217578291893005,2.328620672225952,3.0641448497772217,0.06481857597827911,4.028897285461426,0.1458137184381485,0.6066110730171204,7.917284965515137,0.05696137994527817,2.4008402824401855,0.6130239367485046,,,,,,,,,,,,,,,
,0.00023999999999999998,79,,,,,,,,,,,,,,,,,,,,,,,,,,,,,,
0,,79,0.8783153891563416,0.40377891063690186,1.9145065546035767,0.012851232662796974,0.6886451244354248,1.9780393838882446,3.1434390544891357,0.11486548185348511,4.012282848358154,0.16637654602527618,0.6036788821220398,7.713473796844482,0.019968306645751,2.3577160835266113,0.9525059461593628,,,,,,,,,,,,,,,
,0.00027,89,,,,,,,,,,,,,,,,,,,,,,,,,,,,,,
0,,89,0.8522778749465942,0.3920176327228546,1.8770763874053955,0.0392509400844574,0.6965138912200928,1.8201789855957031,2.9302051067352295,0.0762876644730568,4.1744608879089355,0.3218922019004822,0.584799587726593,7.690384864807129,0.03007824346423149,2.248155355453491,0.8074151277542114,,,,,,,,,,,,,,,
,0.0003,99,,,,,,,,,,,,,,,,,,,,,,,,,,,,,,
0,,99,0.7069188952445984,0.4233314096927643,1.912219762802124,0.06000637635588646,0.6714487671852112,1.3579835891723633,2.8453755378723145,0.09919273853302002,3.9064345359802246,0.3330538868904114,0.6474459171295166,7.247371196746826,0.02928220108151436,2.350010395050049,1.0611745119094849,,,,,,,,,,,,,,,
0,,102,,,,,,,,,,,,,,,,0.7931061387062073,0.3449840843677521,1.8833465576171875,0.027511022984981537,0.6537835597991943,0.7087913155555725,3.356081247329712,0.1337793469429016,3.9665112495422363,0.22507545351982117,0.6501599550247192,7.074760913848877,0.021990763023495674,2.3922462463378906,1.0158748626708984
,0.00029999380099112306,109,,,,,,,,,,,,,,,,,,,,,,,,,,,,,,
1,,109,0.7207461595535278,0.3279321491718292,2.0607526302337646,0.0437757633626461,0.665581226348877,1.226402997970581,3.300797462463379,0.1544540524482727,3.9282097816467285,0.22811172902584076,0.5160714983940125,7.330223560333252,0.04187002778053284,2.146030902862549,1.0330504179000854,,,,,,,,,,,,,,,
,0.00029997237297626654,119,,,,,,,,,,,,,,,,,,,,,,,,,,,,,,
1,,119,0.9813619256019592,0.37323057651519775,2.263246774673462,0.04464248567819595,0.7094578146934509,0.8217054009437561,3.3503334522247314,0.09022761881351471,3.935185432434082,0.15879091620445251,0.6306993365287781,7.263789176940918,0.05490623787045479,2.2468979358673096,0.8137368559837341,,,,,,,,,,,,,,,
,0.00029993564161047475,129,,,,,,,,,,,,,,,,,,,,,,,,,,,,,,
1,,129,0.7398521900177002,0.4599056839942932,2.2806482315063477,0.08599148690700531,0.7007097601890564,0.5221186876296997,2.979710102081299,0.1111118495464325,3.9247663021087646,0.15544095635414124,0.5555460453033447,6.9145073890686035,0.024947261437773705,2.3534185886383057,0.7133926153182983,,,,,,,,,,,,,,,
,0.000299883610641858,139,,,,,,,,,,,,,,,,,,,,,,,,,,,,,,
1,,139,0.7516388893127441,0.3197021782398224,1.7169480323791504,0.04914751648902893,0.6901280879974365,0.23675961792469025,2.721923351287842,0.10437659919261932,3.8479483127593994,0.11531442403793335,0.5807711482048035,6.330559253692627,0.013774948194622993,2.484281539916992,0.6389449238777161,,,,,,,,,,,,,,,
,0.0002998162853797153,149,,,,,,,,,,,,,,,,,,,,,,,,,,,,,,
1,,149,0.7358598709106445,0.3410129249095917,2.0392727851867676,0.03434888646006584,0.6592175364494324,0.452274352312088,3.057865619659424,0.10734130442142487,3.973569631576538,0.23219051957130432,0.6615281105041504,6.8167805671691895,0.019064059481024742,2.166980266571045,0.812659740447998,,,,,,,,,,,,,,,
,0.0002997336726939927,159,,,,,,,,,,,,,,,,,,,,,,,,,,,,,,
1,,159,0.7283767461776733,0.4511108696460724,1.8655275106430054,0.022626280784606934,0.6765809059143066,0.11656227707862854,3.055180311203003,0.06877463310956955,3.840649127960205,0.10849523544311523,0.5691881775856018,6.482556343078613,0.02595497854053974,2.3354742527008057,0.9964233636856079,,,,,,,,,,,,,,,
,0.0002996357810145822,169,,,,,,,,,,,,,,,,,,,,,,,,,,,,,,
1,,169,0.6153558492660522,0.3182421624660492,2.07460355758667,0.07495070993900299,0.6430650949478149,0.061530016362667084,2.7984306812286377,0.07216602563858032,3.809760093688965,0.1743684709072113,0.6064795851707458,6.350822925567627,0.03078319877386093,2.365401029586792,0.8907221555709839,,,,,,,,,,,,,,,
,0.0002995226203304619,179,,,,,,,,,,,,,,,,,,,,,,,,,,,,,,
1,,179,0.7649155855178833,0.379274845123291,1.7965450286865234,0.04253946244716644,0.6709344387054443,0.06834891438484192,2.748274803161621,0.09323389083147049,3.9092648029327393,0.12141578644514084,0.6181520819664001,6.464879989624023,0.021999921649694443,2.4839086532592773,0.9796357750892639,,,,,,,,,,,,,,,
,0.00029939420218867615,189,,,,,,,,,,,,,,,,,,,,,,,,,,,,,,
1,,189,0.7874847650527954,0.3021555542945862,1.8477286100387573,0.09843961894512177,0.6787839531898499,0.05695132911205292,3.0463826656341553,0.055562667548656464,3.821161985397339,0.07618240267038345,0.6050735712051392,6.391445636749268,0.01924009434878826,2.260791540145874,0.786361575126648,,,,,,,,,,,,,,,
,0.00029925053969315777,199,,,,,,,,,,,,,,,,,,,,,,,,,,,,,,
1,,199,0.6833072304725647,0.35233211517333984,1.826616883277893,0.04252583160996437,0.6521508097648621,0.042023368179798126,2.8587355613708496,0.15831995010375977,3.7397005558013916,0.06957496702671051,0.6281144022941589,6.3149566650390625,0.015014659613370895,2.5235002040863037,0.9801050424575806,,,,,,,,,,,,,,,
1,,205,,,,,,,,,,,,,,,,0.7065255641937256,0.2792579233646393,1.6545984745025635,0.020719163119792938,0.5655314922332764,0.04963277280330658,3.204221487045288,0.1133883073925972,3.9250948429107666,0.17737635970115662,0.5873212814331055,6.427392482757568,0.021444713696837425,2.385680675506592,0.9135805368423462
,0.00029909164750339056,209,,,,,,,,,,,,,,,,,,,,,,,,,,,,,,
2,,209,0.8599124550819397,0.43445703387260437,1.9439395666122437,0.08397413045167923,0.68178391456604,0.1958489567041397,2.6037659645080566,0.055954400449991226,3.8094120025634766,0.16414448618888855,0.6315709948539734,6.407966613769531,0.031082600355148315,2.3811097145080566,0.5679146647453308,,,,,,,,,,,,,,,
,0.00029891754183291377,219,,,,,,,,,,,,,,,,,,,,,,,,,,,,,,
2,,219,0.675919771194458,0.3424450159072876,1.2416685819625854,0.09074626117944717,0.6662520170211792,0.11181005090475082,2.4667155742645264,0.06538188457489014,3.841737985610962,0.1822742223739624,0.5963025093078613,6.101019382476807,0.020504316315054893,2.430159330368042,0.8315385580062866,,,,,,,,,,,,,,,
,0.00029872824044766737,229,,,,,,,,,,,,,,,,,,,,,,,,,,,,,,
2,,229,0.7564998865127563,0.32433831691741943,1.891066074371338,0.08050084114074707,0.7001126408576965,0.0823318213224411,2.866051435470581,0.06955911964178085,3.7689404487609863,0.11432404071092606,0.5236745476722717,6.2706146240234375,0.022936392575502396,2.4000566005706787,0.6626068353652954,,,,,,,,,,,,,,,
,0.0002985237626641792,239,,,,,,,,,,,,,,,,,,,,,,,,,,,,,,
2,,239,0.7446525692939758,0.37047824263572693,1.5499346256256104,0.06514908373355865,0.6711710095405579,0.052511438727378845,2.3789432048797607,0.032729681581258774,3.848343849182129,0.17396236956119537,0.6253769993782043,6.0633392333984375,0.01339113898575306,2.3869035243988037,0.5942434668540955,,,,,,,,,,,,,,,
,0.0002983041293475941,249,,,,,,,,,,,,,,,,,,,,,,,,,,,,,,
2,,249,0.7025569081306458,0.3139176368713379,1.511164903640747,0.03340458497405052,0.6681458950042725,0.0574650764465332,2.9141921997070312,0.09509812295436859,3.745965003967285,0.11294940859079361,0.5781327486038208,6.086310863494873,0.022778408601880074,2.261531352996826,0.6732797622680664,,,,,,,,,,,,,,,
,0.00029806936290954474,259,,,,,,,,,,,,,,,,,,,,,,,,,,,,,,
2,,259,0.6787304282188416,0.31823036074638367,1.381493330001831,0.028903905302286148,0.6178900599479675,0.07645286619663239,2.6909496784210205,0.08029009401798248,3.7789556980133057,0.15758016705513,0.5194692611694336,6.056253433227539,0.012279242277145386,2.3245997428894043,0.9391749501228333,,,,,,,,,,,,,,,
,0.0002978194873058644,269,,,,,,,,,,,,,,,,,,,,,,,,,,,,,,
2,,269,0.7875733971595764,0.33695295453071594,1.6003577709197998,0.055341605097055435,0.6394166350364685,0.11667486280202866,2.8979201316833496,0.04325360059738159,3.7763471603393555,0.14647461473941803,0.5758030414581299,6.1951422691345215,0.02108936198055744,2.373042345046997,0.7021059989929199,,,,,,,,,,,,,,,
,0.0002975545280341431,279,,,,,,,,,,,,,,,,,,,,,,,,,,,,,,
2,,279,0.8269788026809692,0.3092097043991089,1.6426970958709717,0.045350510627031326,0.6445485949516296,0.08820108324289322,2.693185329437256,0.08829561620950699,3.8516829013824463,0.15857307612895966,0.5189985632896423,6.285962104797363,0.012353431433439255,2.0920026302337646,0.8405903577804565,,,,,,,,,,,,,,,
,0.00029727451213112515,289,,,,,,,,,,,,,,,,,,,,,,,,,,,,,,
2,,289,0.7474388480186462,0.42129606008529663,1.6108946800231934,0.05657687410712242,0.6554238200187683,0.1463826298713684,2.634000539779663,0.02628420479595661,3.7780396938323975,0.15312863886356354,0.6105822324752808,6.1088643074035645,0.01427407655864954,2.3545145988464355,0.5585020780563354,,,,,,,,,,,,,,,
,0.00029697946816995073,299,,,,,,,,,,,,,,,,,,,,,,,,,,,,,,
2,,299,0.6773015856742859,0.3313068747520447,1.533185601234436,0.0469643734395504,0.5980947017669678,0.05277436971664429,2.631978750228882,0.060249339789152145,3.771132230758667,0.08841228485107422,0.5618043541908264,5.974379539489746,0.026570627465844154,2.2703423500061035,0.5960180163383484,,,,,,,,,,,,,,,
2,,308,,,,,,,,,,,,,,,,0.7245092988014221,0.2855457663536072,1.2330156564712524,0.020584292709827423,0.5114609003067017,0.02341054193675518,3.0165717601776123,0.10947445780038834,3.6277341842651367,0.1528092622756958,0.5598259568214417,5.927825450897217,0.020658014342188835,2.3467986583709717,0.9146581292152405
,0.00029666942625724006,309,,,,,,,,,,,,,,,,,,,,,,,,,,,,,,
3,,309,0.620630145072937,0.30330362915992737,1.468324899673462,0.04150296375155449,0.6080742478370667,0.04343847557902336,2.619819402694702,0.07184292376041412,3.657240390777588,0.13667085766792297,0.5301097631454468,5.88357400894165,0.030122090131044388,2.269651412963867,0.8517194390296936,,,,,,,,,,,,,,,
,0.0002963444180300214,319,,,,,,,,,,,,,,,,,,,,,,,,,,,,,,
3,,319,0.7127622961997986,0.3594706654548645,1.5262600183486938,0.06158336251974106,0.6247446537017822,0.04917255789041519,2.521465301513672,0.054086022078990936,3.6853697299957275,0.10977178812026978,0.47668465971946716,5.874087810516357,0.010832137428224087,2.367375373840332,0.6040922403335571,,,,,,,,,,,,,,,
,0.00029600447665250256,329,,,,,,,,,,,,,,,,,,,,,,,,,,,,,,
3,,329,0.7344580888748169,0.5688337683677673,1.387881875038147,0.04887168109416962,0.6472833156585693,0.04834332317113876,2.47009015083313,0.07449306547641754,3.836817502975464,0.10179334133863449,0.5463507175445557,6.1239333152771,0.011783726513385773,2.2718584537506104,0.7092876434326172,,,,,,,,,,,,,,,
,0.00029564963681268715,339,,,,,,,,,,,,,,,,,,,,,,,,,,,,,,
3,,339,0.7242205142974854,0.5089576840400696,1.530587911605835,0.055241845548152924,0.6484529376029968,0.042508698999881744,2.8196890354156494,0.07955212891101837,3.7825677394866943,0.1377299278974533,0.5436072945594788,6.247193813323975,0.022560933604836464,2.4987432956695557,0.8824349045753479,,,,,,,,,,,,,,,
,0.0002952799347188346,349,,,,,,,,,,,,,,,,,,,,,,,,,,,,,,
3,,349,0.7785261273384094,0.3662918210029602,1.4253522157669067,0.03352051228284836,0.5534411668777466,0.04725279286503792,2.629582643508911,0.06103887781500816,3.816627264022827,0.10674696415662766,0.5254462361335754,6.032166004180908,0.023420613259077072,2.4105489253997803,0.6456295251846313,,,,,,,,,,,,,,,
,0.00029489540809576556,359,,,,,,,,,,,,,,,,,,,,,,,,,,,,,,
3,,359,0.6312284469604492,0.25907251238822937,1.3326047658920288,0.026551181450486183,0.5937960743904114,0.05661049857735634,2.3035027980804443,0.09351062774658203,3.741818904876709,0.09383641928434372,0.5455066561698914,5.780607223510742,0.007041982840746641,2.3397374153137207,0.722844660282135,,,,,,,,,,,,,,,
,0.00029449609618101264,369,,,,,,,,,,,,,,,,,,,,,,,,,,,,,,
3,,369,0.7263766527175903,0.37742674350738525,1.2399933338165283,0.019019607454538345,0.574323832988739,0.04127558320760727,2.512016534805298,0.09021882712841034,3.7610654830932617,0.16035498678684235,0.5628499388694763,5.919826030731201,0.020330509170889854,2.2915451526641846,0.7139626145362854,,,,,,,,,,,,,,,
,0.00029408203972081614,379,,,,,,,,,,,,,,,,,,,,,,,,,,,,,,
3,,379,0.6280434131622314,0.2626536190509796,1.5432873964309692,0.027508849278092384,0.5548940896987915,0.06647536158561707,2.591930627822876,0.066763736307621,3.6687405109405518,0.09234742820262909,0.5722934603691101,5.860812664031982,0.023952540010213852,2.276078462600708,0.8117458820343018,,,,,,,,,,,,,,,
,0.0002936532809659667,389,,,,,,,,,,,,,,,,,,,,,,,,,,,,,,
3,,389,0.77538001537323,0.2643328309059143,1.2437574863433838,0.05401493236422539,0.6038448214530945,0.07419531047344208,2.2051689624786377,0.08886890113353729,3.7075085639953613,0.12250573933124542,0.6105111241340637,5.878925800323486,0.033290743827819824,2.2974648475646973,0.8295417428016663,,,,,,,,,,,,,,,
,0.0002932098636674936,399,,,,,,,,,,,,,,,,,,,,,,,,,,,,,,
3,,399,0.7657824754714966,0.41012823581695557,1.2594813108444214,0.023732028901576996,0.6181817650794983,0.051598209887742996,2.1603970527648926,0.04737521708011627,3.606546401977539,0.16612674295902252,0.48225167393684387,5.67125129699707,0.019008370116353035,2.2591710090637207,0.6932967305183411,,,,,,,,,,,,,,,
,0.0002927518330722006,409,,,,,,,,,,,,,,,,,,,,,,,,,,,,,,
3,,409,0.7415634989738464,0.399641215801239,1.4266507625579834,0.060335081070661545,0.6021731495857239,0.0709691122174263,2.0013551712036133,0.0499526709318161,3.720999002456665,0.17331796884536743,0.557516872882843,5.784807205200195,0.014753403142094612,2.295107364654541,0.5208839178085327,,,,,,,,,,,,,,,
3,,411,,,,,,,,,,,,,,,,0.6992114782333374,0.2692416310310364,1.0771042108535767,0.02075118198990822,0.47935083508491516,0.02637265995144844,2.3215277194976807,0.10721597075462341,3.5269155502319336,0.15851709246635437,0.5201497673988342,5.527087688446045,0.020626824349164963,2.2511932849884033,0.7664353251457214
,0.0002922792359180489,419,,,,,,,,,,,,,,,,,,,,,,,,,,,,,,
4,,419,0.6451632380485535,0.321510910987854,1.3210910558700562,0.024168388918042183,0.5927320718765259,0.05073099955916405,1.979095458984375,0.04623395949602127,3.6852777004241943,0.1198110282421112,0.5078093409538269,5.616707801818848,0.011334900744259357,2.4944937229156494,0.7144121527671814,,,,,,,,,,,,,,,
,0.00029179212042938763,429,,,,,,,,,,,,,,,,,,,,,,,,,,,,,,
4,,429,0.6304694414138794,0.28318268060684204,1.070804476737976,0.02467930316925049,0.5950239300727844,0.06523920595645905,1.9704060554504395,0.0744185745716095,3.6095426082611084,0.19429528713226318,0.5573924779891968,5.503275394439697,0.022448886185884476,2.287064790725708,0.6927911043167114,,,,,,,,,,,,,,,
,0.0002912905363120336,439,,,,,,,,,,,,,,,,,,,,,,,,,,,,,,
4,,439,0.6608058214187622,0.29481741786003113,1.3474268913269043,0.03248446807265282,0.578205406665802,0.047656312584877014,2.033616542816162,0.11896468698978424,3.5853755474090576,0.1793644279241562,0.6092624068260193,5.716951847076416,0.03300051763653755,2.27038836479187,0.8967603445053101,,,,,,,,,,,,,,,
,0.0002907745347481987,449,,,,,,,,,,,,,,,,,,,,,,,,,,,,,,
4,,449,0.7020136713981628,0.3102879226207733,1.4543710947036743,0.06787584722042084,0.5876251459121704,0.05469979718327522,2.091299295425415,0.0587121956050396,3.5913357734680176,0.0980461835861206,0.5620341300964355,5.697836399078369,0.02176176942884922,2.30306077003479,0.7417407035827637,,,,,,,,,,,,,,,
,0.0002902441683912673,459,,,,,,,,,,,,,,,,,,,,,,,,,,,,,,
4,,459,0.738731324672699,0.30236029624938965,1.2913818359375,0.030114388093352318,0.560097336769104,0.038232333958148956,2.003836154937744,0.08254513144493103,3.7049009799957275,0.1416313350200653,0.5790976285934448,5.785078525543213,0.020479271188378334,2.2237279415130615,0.9071705937385559,,,,,,,,,,,,,,,
,0.00028969949136042363,469,,,,,,,,,,,,,,,,,,,,,,,,,,,,,,
4,,469,0.7386864423751831,0.33965107798576355,1.2333320379257202,0.03641876205801964,0.5702053308486938,0.044619567692279816,2.0510599613189697,0.07907183468341827,3.7833797931671143,0.20539884269237518,0.477672278881073,5.784477233886719,0.018507884815335274,2.3336427211761475,0.6264162659645081,,,,,,,,,,,,,,,
,0.00028914055923512936,479,,,,,,,,,,,,,,,,,,,,,,,,,,,,,,
4,,479,0.7371030449867249,0.3289739489555359,1.4195019006729126,0.023157242685556412,0.556344211101532,0.03960481286048889,2.0082509517669678,0.05878515914082527,3.5888772010803223,0.13655158877372742,0.6014344096183777,5.61830472946167,0.004166149999946356,2.4062068462371826,0.7186871767044067,,,,,,,,,,,,,,,
,0.0002885674290494522,489,,,,,,,,,,,,,,,,,,,,,,,,,,,,,,
4,,489,0.6583775877952576,0.24115405976772308,1.4343209266662598,0.08624639362096786,0.5437841415405273,0.05097420513629913,1.9627282619476318,0.07893720269203186,3.6360585689544678,0.14338673651218414,0.4736689031124115,5.639619827270508,0.01159647572785616,2.4149398803710938,0.6749234199523926,,,,,,,,,,,,,,,
,0.00028798015928624583,499,,,,,,,,,,,,,,,,,,,,,,,,,,,,,,
4,,499,0.6894734501838684,0.2800346910953522,1.1962580680847168,0.02063874341547489,0.605983316898346,0.05230548605322838,1.6716585159301758,0.08296909928321838,3.6533493995666504,0.2583921253681183,0.5658925175666809,5.520726680755615,0.01136334240436554,2.1374552249908447,0.630923867225647,,,,,,,,,,,,,,,
,0.0002873788098711826,509,,,,,,,,,,,,,,,,,,,,,,,,,,,,,,
4,,509,0.6172567009925842,0.18195393681526184,0.9622339010238647,0.05103662982583046,0.5765533447265625,0.04473932087421417,1.4144058227539062,0.04870375245809555,3.530473232269287,0.14780385792255402,0.513909637928009,5.145112991333008,0.011547435075044632,2.4966437816619873,0.6273630261421204,,,,,,,,,,,,,,,
4,,514,,,,,,,,,,,,,,,,0.7083142995834351,0.21647053956985474,1.0227423906326294,0.020514409989118576,0.45691990852355957,0.026485120877623558,1.9994655847549438,0.10414815694093704,3.452800989151001,0.15143050253391266,0.4918985068798065,5.31269645690918,0.019953040406107903,2.311903953552246,0.7309302091598511
,0.00028676344216663853,519,,,,,,,,,,,,,,,,,,,,,,,,,,,,,,
5,,519,0.7055938839912415,0.20504233241081238,1.0405831336975098,0.03929874300956726,0.5509735941886902,0.04191139340400696,1.6302101612091064,0.10672353953123093,3.536953926086426,0.17569953203201294,0.49086496233940125,5.348289966583252,0.020630979910492897,2.3142683506011963,0.6897144913673401,,,,,,,,,,,,,,,
,0.00028613411896543164,529,,,,,,,,,,,,,,,,,,,,,,,,,,,,,,
5,,529,0.6188200116157532,0.3273376524448395,1.289312481880188,0.06099918484687805,0.5326762795448303,0.02911185845732689,1.6593528985977173,0.04659248888492584,3.533994674682617,0.10589117556810379,0.584815502166748,5.376047134399414,0.015040082857012749,2.477180004119873,0.6562401056289673,,,,,,,,,,,,,,,
,0.0002854909044844147,539,,,,,,,,,,,,,,,,,,,,,,,,,,,,,,
5,,539,0.6416146755218506,0.17495375871658325,1.1996047496795654,0.029332570731639862,0.5500069260597229,0.034992609173059464,1.4514999389648438,0.05936931073665619,3.5303938388824463,0.17906716465950012,0.5586223602294922,5.2393388748168945,0.006751340348273516,2.432091474533081,0.6878790855407715,,,,,,,,,,,,,,,
,0.00028483386435792265,549,,,,,,,,,,,,,,,,,,,,,,,,,,,,,,
5,,549,0.6626616716384888,0.23405657708644867,1.168440341949463,0.025244487449526787,0.5296380519866943,0.04685854911804199,1.6446771621704102,0.0440688282251358,3.571962833404541,0.08544213324785233,0.5070142149925232,5.267264366149902,0.007085189688950777,2.2993898391723633,0.5406326055526733,,,,,,,,,,,,,,,
,0.00028416306563107456,559,,,,,,,,,,,,,,,,,,,,,,,,,,,,,,
5,,559,0.694096028804779,0.21307754516601562,1.3132131099700928,0.038717761635780334,0.5067892074584961,0.05342397838830948,1.7511522769927979,0.11145525425672531,3.5665857791900635,0.1241476908326149,0.5674854516983032,5.477703094482422,0.009108130820095539,2.321831464767456,0.6742575168609619,,,,,,,,,,,,,,,
,0.00028347857675293294,569,,,,,,,,,,,,,,,,,,,,,,,,,,,,,,
5,,569,0.7786909341812134,0.21268460154533386,1.2366230487823486,0.026839016005396843,0.5334057211875916,0.05145837739109993,1.837837815284729,0.04575977846980095,3.4948906898498535,0.12515054643154144,0.5187028646469116,5.362895488739014,0.017418114468455315,2.175515651702881,0.6384287476539612,,,,,,,,,,,,,,,
,0.00028278046756951886,579,,,,,,,,,,,,,,,,,,,,,,,,,,,,,,
5,,579,0.6859683394432068,0.211037278175354,1.4416351318359375,0.018513843417167664,0.5330244302749634,0.07214073836803436,1.8261845111846924,0.09786625951528549,3.534254550933838,0.12791010737419128,0.481232613325119,5.503660202026367,0.015926770865917206,2.3357717990875244,0.7863461971282959,,,,,,,,,,,,,,,
,0.0002820688093166846,589,,,,,,,,,,,,,,,,,,,,,,,,,,,,,,
5,,589,0.6655624508857727,0.21108631789684296,1.3523516654968262,0.023600319400429726,0.5452502965927124,0.055546052753925323,1.65067720413208,0.05931534618139267,3.576058864593506,0.08201517909765244,0.509867250919342,5.411764144897461,0.02594584785401821,2.3698391914367676,0.7096408605575562,,,,,,,,,,,,,,,
,0.00028134367461284506,599,,,,,,,,,,,,,,,,,,,,,,,,,,,,,,
5,,599,0.6859796643257141,0.3459453582763672,1.3231172561645508,0.04417769983410835,0.5375646352767944,0.02414529025554657,1.6260721683502197,0.07942784577608109,3.5028696060180664,0.13563381135463715,0.5304808020591736,5.366373062133789,0.027206314727663994,2.4571986198425293,0.5165494084358215,,,,,,,,,,,,,,,
,0.0002806051374515673,609,,,,,,,,,,,,,,,,,,,,,,,,,,,,,,
5,,609,0.7008408904075623,0.19620928168296814,0.8282045722007751,0.03102639876306057,0.5141797065734863,0.046794816851615906,1.3545187711715698,0.0836261510848999,3.4874649047851562,0.1295589655637741,0.5124020576477051,5.046095371246338,0.018054818734526634,2.4886391162872314,0.45356985926628113,,,,,,,,,,,,,,,
5,,617,,,,,,,,,,,,,,,,0.6848032474517822,0.2137680947780609,0.9654188752174377,0.018275409936904907,0.44854962825775146,0.0240012276917696,1.7269233465194702,0.10330916196107864,3.3003015518188477,0.15106895565986633,0.4866322875022888,5.048948287963867,0.019495168700814247,2.3604743480682373,0.7139245867729187
,0.00027985327319402046,619,,,,,,,,,,,,,,,,,,,,,,,,,,,,,,
6,,619,0.6260116100311279,0.23598290979862213,1.1722126007080078,0.014639323577284813,0.5116333365440369,0.02932221256196499,1.5252318382263184,0.08465276658535004,3.4212419986724854,0.158225879073143,0.49522313475608826,5.142029285430908,0.03204311430454254,2.308323383331299,0.6124435067176819,,,,,,,,,,,,,,,
,0.0002790881585612856,629,,,,,,,,,,,,,,,,,,,,,,,,,,,,,,
6,,629,0.6378310322761536,0.21212874352931976,1.167414665222168,0.027596013620495796,0.5754668116569519,0.04276769235730171,1.4725807905197144,0.05641563981771469,3.5523433685302734,0.1771640032529831,0.550358772277832,5.281589984893799,0.017247244715690613,2.4099888801574707,0.6798482537269592,,,,,,,,,,,,,,,
,0.00027830987162652716,639,,,,,,,,,,,,,,,,,,,,,,,,,,,,,,
6,,639,0.7706153988838196,0.2209438532590866,1.0236663818359375,0.04485975578427315,0.5438510179519653,0.061592262238264084,1.4722450971603394,0.0559423565864563,3.4764084815979004,0.17554917931556702,0.45873069763183594,5.179760932922363,0.013772305101156235,2.279167890548706,0.5169773101806641,,,,,,,,,,,,,,,
,0.00027751849180702613,649,,,,,,,,,,,,,,,,,,,,,,,,,,,,,,
6,,649,0.67076575756073,0.21065837144851685,1.3605899810791016,0.047534286975860596,0.5636268258094788,0.04273349791765213,1.6620677709579468,0.09214092791080475,3.4884836673736572,0.11824052780866623,0.5049012899398804,5.354429244995117,0.026808368042111397,2.47419810295105,0.5837736129760742,,,,,,,,,,,,,,,
,0.0002767140998560763,659,,,,,,,,,,,,,,,,,,,,,,,,,,,,,,
6,,659,0.6821652054786682,0.351955384016037,1.0081417560577393,0.04427221789956093,0.5103428363800049,0.06836208701133728,1.416161298751831,0.06627580523490906,3.431086301803589,0.15990756452083588,0.4194950461387634,5.122569561004639,0.010873992927372456,2.387906789779663,0.5402039289474487,,,,,,,,,,,,,,,
,0.00027589677785474424,669,,,,,,,,,,,,,,,,,,,,,,,,,,,,,,
6,,669,0.6837853193283081,0.1855068951845169,0.9988453984260559,0.046876829117536545,0.46825432777404785,0.03825416788458824,1.3513104915618896,0.06068798899650574,3.4047586917877197,0.08884119987487793,0.499909907579422,4.972482204437256,0.014190124347805977,2.565580368041992,0.4763104319572449,,,,,,,,,,,,,,,
,0.00027506660920349334,679,,,,,,,,,,,,,,,,,,,,,,,,,,,,,,
6,,679,0.6755332350730896,0.17782922089099884,1.117376685142517,0.043839432299137115,0.5294688940048218,0.04800516739487648,1.3317993879318237,0.09176038205623627,3.463679790496826,0.14612722396850586,0.4551137089729309,5.134258270263672,0.017559221014380455,2.2204601764678955,0.5701541304588318,,,,,,,,,,,,,,,
,0.0002742236786136738,689,,,,,,,,,,,,,,,,,,,,,,,,,,,,,,
6,,689,0.6668798327445984,0.4075941741466522,1.2181116342544556,0.027133265510201454,0.5461589097976685,0.03025706298649311,1.5155850648880005,0.05925700441002846,3.4981472492218018,0.09404800832271576,0.41128382086753845,5.237036228179932,0.0266200453042984,2.289045810699463,0.45679640769958496,,,,,,,,,,,,,,,
,0.0002733680720988785,699,,,,,,,,,,,,,,,,,,,,,,,,,,,,,,
6,,699,0.7553902864456177,0.3354637920856476,1.218740463256836,0.0675327256321907,0.5002435445785522,0.029896598309278488,1.4708654880523682,0.044899702072143555,3.3990211486816406,0.14032964408397675,0.478181391954422,5.185494422912598,0.0437152124941349,2.50007963180542,0.4280392825603485,,,,,,,,,,,,,,,
,0.000272499876966166,709,,,,,,,,,,,,,,,,,,,,,,,,,,,,,,
6,,709,0.7165623903274536,0.3210199773311615,1.0803996324539185,0.015924973413348198,0.5130642056465149,0.04309024661779404,1.3307989835739136,0.044591642916202545,3.4218568801879883,0.027437999844551086,0.4256821274757385,5.041279315948486,0.006288928911089897,2.4524424076080322,0.5668176412582397,,,,,,,,,,,,,,,
,0.0002716191818071519,719,,,,,,,,,,,,,,,,,,,,,,,,,,,,,,
6,,719,0.6868113875389099,0.2825857102870941,1.1924543380737305,0.01949208974838257,0.5530088543891907,0.06237826868891716,1.4234673976898193,0.09539632499217987,3.413459300994873,0.11497633159160614,0.5170297026634216,5.248795509338379,0.0045514036901295185,2.3155953884124756,0.8525330424308777,,,,,,,,,,,,,,,
6,,720,,,,,,,,,,,,,,,,0.6885595917701721,0.1815892606973648,0.9192125797271729,0.02100760117173195,0.43088483810424805,0.020309066399931908,1.5806256532669067,0.10178651660680771,3.221571922302246,0.1454336941242218,0.46472078561782837,4.893021583557129,0.018712040036916733,2.3144991397857666,0.6982434988021851
,0.0002707260764889683,729,,,,,,,,,,,,,,,,,,,,,,,,,,,,,,
7,,729,0.7006890773773193,0.1902923583984375,1.093384861946106,0.03472957760095596,0.4568512737751007,0.05887695401906967,1.2398844957351685,0.08933979272842407,3.38989520072937,0.10761892050504684,0.455888569355011,5.006644248962402,0.026445070281624794,2.290269136428833,0.502715528011322,,,,,,,,,,,,,,,
,0.0002698206521450945,739,,,,,,,,,,,,,,,,,,,,,,,,,,,,,,
7,,739,0.6473731398582458,0.17328381538391113,1.1085706949234009,0.028987575322389603,0.5165034532546997,0.02986837364733219,1.2933380603790283,0.0822184681892395,3.4299862384796143,0.14397123456001282,0.5175318717956543,5.049877643585205,0.012960025109350681,2.3118910789489746,0.5921920537948608,,,,,,,,,,,,,,,
,0.00026890300116605653,749,,,,,,,,,,,,,,,,,,,,,,,,,,,,,,
7,,749,0.7653377056121826,0.17775939404964447,1.1421695947647095,0.01677631214261055,0.5188204646110535,0.06288408488035202,1.3870117664337158,0.06668964773416519,3.439361810684204,0.08814197033643723,0.47380536794662476,5.094538688659668,0.008234796114265919,2.380603790283203,0.5039001703262329,,,,,,,,,,,,,,,
,0.00026797321719000076,759,,,,,,,,,,,,,,,,,,,,,,,,,,,,,,
7,,759,0.6675782799720764,0.2422555536031723,1.0277079343795776,0.05184989050030708,0.46422433853149414,0.03027680702507496,1.1170823574066162,0.06290307641029358,3.402095317840576,0.09744025766849518,0.4881759583950043,4.947986125946045,0.008796381764113903,2.332319498062134,0.5354031920433044,,,,,,,,,,,,,,,
,0.0002670313950931379,769,,,,,,,,,,,,,,,,,,,,,,,,,,,,,,
7,,769,0.7095311880111694,0.16384603083133698,1.0944828987121582,0.01645682379603386,0.5339053273200989,0.04169267416000366,1.3737168312072754,0.13408736884593964,3.4216222763061523,0.07824907451868057,0.4943344295024872,5.144116401672363,0.01673317886888981,2.310870409011841,0.6607078909873962,,,,,,,,,,,,,,,
,0.00026607763098006223,779,,,,,,,,,,,,,,,,,,,,,,,,,,,,,,
7,,779,0.6285267472267151,0.17438147962093353,1.01689875125885,0.03165328875184059,0.4704990088939667,0.03835871070623398,1.1963688135147095,0.10470335185527802,3.3723084926605225,0.1264144629240036,0.43997788429260254,4.9274797439575195,0.016001349315047264,2.3133182525634766,0.5695794820785522,,,,,,,,,,,,,,,
,0.0002651120221739451,789,,,,,,,,,,,,,,,,,,,,,,,,,,,,,,
7,,789,0.631504476070404,0.2974091172218323,1.0904649496078491,0.027377497404813766,0.48642146587371826,0.02697806991636753,1.4054428339004517,0.06615697592496872,3.2868895530700684,0.12971119582653046,0.4962914288043976,4.935459613800049,0.018123997375369072,2.391099214553833,0.5662850737571716,,,,,,,,,,,,,,,
,0.0002641346672066035,799,,,,,,,,,,,,,,,,,,,,,,,,,,,,,,
7,,799,0.6781668066978455,0.21480430662631989,1.0618422031402588,0.029620949178934097,0.49009793996810913,0.03203577920794487,1.2256052494049072,0.047159306704998016,3.384626626968384,0.10845882445573807,0.4746575355529785,4.952895164489746,0.022661982104182243,2.3688759803771973,0.5637487173080444,,,,,,,,,,,,,,,
,0.00026314566580844625,809,,,,,,,,,,,,,,,,,,,,,,,,,,,,,,
7,,809,0.6796303391456604,0.15101641416549683,1.0003381967544556,0.01252834778279066,0.478640615940094,0.029202396050095558,1.2368558645248413,0.06266187131404877,3.3576207160949707,0.09000886231660843,0.43994084000587463,4.822274684906006,0.011615759693086147,2.413964033126831,0.4418666958808899,,,,,,,,,,,,,,,
,0.000262145118898297,819,,,,,,,,,,,,,,,,,,,,,,,,,,,,,,
7,,819,0.6613547205924988,0.15418453514575958,1.0744996070861816,0.0593872033059597,0.5083875060081482,0.04574110731482506,1.1652714014053345,0.06034926325082779,3.260403633117676,0.08478183299303055,0.5137882232666016,4.831602096557617,0.006053932011127472,2.2255642414093018,0.5798250436782837,,,,,,,,,,,,,,,
7,,823,,,,,,,,,,,,,,,,0.6985202431678772,0.1675519347190857,0.8860450387001038,0.01870926097035408,0.41029855608940125,0.03915902227163315,1.4889661073684692,0.10889770835638046,3.1400327682495117,0.14829057455062866,0.45918726921081543,4.769274711608887,0.017536936327815056,2.307962417602539,0.6450902819633484
,0.00026113312857309665,829,,,,,,,,,,,,,,,,,,,,,,,,,,,,,,
8,,829,0.6429623961448669,0.17688946425914764,1.015363335609436,0.02982497401535511,0.49778226017951965,0.0397263765335083,1.1153247356414795,0.08701556921005249,3.2838165760040283,0.16525723040103912,0.4661339819431305,4.836082935333252,0.015451016835868359,2.2895870208740234,0.6065788865089417,,,,,,,,,,,,,,,
,0.0002601097980974851,839,,,,,,,,,,,,,,,,,,,,,,,,,,,,,,
8,,839,0.6033600568771362,0.2709614336490631,1.0520837306976318,0.04077765345573425,0.4935503602027893,0.03931765630841255,1.2826372385025024,0.06025335192680359,3.3081154823303223,0.14398714900016785,0.4519430696964264,4.882699489593506,0.02389824204146862,2.3867008686065674,0.49424034357070923,,,,,,,,,,,,,,,
,0.0002590752318932639,849,,,,,,,,,,,,,,,,,,,,,,,,,,,,,,
8,,849,0.6938172578811646,0.16432835161685944,0.9871740937232971,0.05570310726761818,0.4880486726760864,0.033548031002283096,1.035609245300293,0.08612500876188278,3.302821636199951,0.14327135682106018,0.4518842399120331,4.885214805603027,0.027599168941378593,2.2890279293060303,0.6487239599227905,,,,,,,,,,,,,,,
,0.0002580295355287415,859,,,,,,,,,,,,,,,,,,,,,,,,,,,,,,
8,,859,0.7371363639831543,0.1684877872467041,1.2136695384979248,0.017131848260760307,0.5423914790153503,0.03521915525197983,1.415637493133545,0.04480495676398277,3.4528119564056396,0.10804514586925507,0.4503595530986786,5.122122764587402,0.009327029809355736,2.271254062652588,0.6152936816215515,,,,,,,,,,,,,,,
,0.00025697281570796,869,,,,,,,,,,,,,,,,,,,,,,,,,,,,,,
8,,869,0.6315317749977112,0.1831302046775818,1.0125916004180908,0.030418120324611664,0.4869893491268158,0.036662232130765915,1.1357589960098267,0.04567296430468559,3.390859842300415,0.1928441822528839,0.5160413980484009,4.907978057861328,0.019363675266504288,2.3998966217041016,0.5757149457931519,,,,,,,,,,,,,,,
,0.00025590518025980785,879,,,,,,,,,,,,,,,,,,,,,,,,,,,,,,
8,,879,0.645710825920105,0.15504233539104462,1.078570008277893,0.06634091585874557,0.4646153450012207,0.04168159142136574,1.1820281744003296,0.06099206581711769,3.352102041244507,0.10846066474914551,0.5006743669509888,4.936158657073975,0.01214868575334549,2.377575159072876,0.6240856647491455,,,,,,,,,,,,,,,
,0.00025482673812701637,889,,,,,,,,,,,,,,,,,,,,,,,,,,,,,,
8,,889,0.6811083555221558,0.400788277387619,1.1073534488677979,0.04358204826712608,0.4635545015335083,0.02725076675415039,1.6232572793960571,0.046159349381923676,3.3110148906707764,0.12776805460453033,0.3303239345550537,5.002383232116699,0.01172806415706873,2.2831692695617676,0.4542154371738434,,,,,,,,,,,,,,,
,0.00025373759935504316,899,,,,,,,,,,,,,,,,,,,,,,,,,,,,,,
8,,899,0.6380090117454529,0.3049813508987427,1.2305281162261963,0.04831453412771225,0.5172947645187378,0.043764159083366394,1.4176948070526123,0.1035832092165947,3.2493350505828857,0.09386908262968063,0.5296289920806885,5.033995151519775,0.02592896670103073,2.451089382171631,0.5701395869255066,,,,,,,,,,,,,,,
,0.0002526378750808432,909,,,,,,,,,,,,,,,,,,,,,,,,,,,,,,
8,,909,0.7170424461364746,0.30593523383140564,1.2185672521591187,0.05163650959730148,0.4624732434749603,0.05087389424443245,1.3133589029312134,0.029937945306301117,3.344291925430298,0.026725545525550842,0.5248720645904541,5.067483901977539,0.016167117282748222,2.413501739501953,0.6686896085739136,,,,,,,,,,,,,,,
,0.0002515276775215278,919,,,,,,,,,,,,,,,,,,,,,,,,,,,,,,
8,,919,0.653617799282074,0.15716995298862457,1.0898717641830444,0.025786032900214195,0.49624523520469666,0.036042436957359314,1.1265578269958496,0.05361717939376831,3.243806838989258,0.12434642016887665,0.4051651060581207,4.720371723175049,0.03245554119348526,2.2706427574157715,0.4155372977256775,,,,,,,,,,,,,,,
8,,926,,,,,,,,,,,,,,,,0.6973479390144348,0.1539638340473175,0.8627773523330688,0.020710492506623268,0.3892919719219208,0.026119891554117203,1.3673444986343384,0.09660864621400833,3.083876848220825,0.14422579109668732,0.4429677128791809,4.6388163566589355,0.0180299561470747,2.373530626296997,0.6268357634544373
,0.00025040711996291446,929,,,,,,,,,,,,,,,,,,,,,,,,,,,,,,
9,,929,0.6339795589447021,0.2832719087600708,1.1520966291427612,0.013504641130566597,0.5162822008132935,0.03595421463251114,1.2649388313293457,0.05800430476665497,3.2897205352783203,0.044383857399225235,0.5329789519309998,4.903914928436279,0.008603090420365334,2.3479199409484863,0.6053950786590576,,,,,,,,,,,,,,,
,0.00024927631674796666,939,,,,,,,,,,,,,,,,,,,,,,,,,,,,,,
9,,939,0.6733626127243042,0.14605483412742615,0.8261845111846924,0.014265386387705803,0.47043779492378235,0.025107918307185173,1.1626864671707153,0.05339507758617401,3.225559949874878,0.1189633309841156,0.4152092933654785,4.612292766571045,0.0032478049397468567,2.194902181625366,0.5038133263587952,,,,,,,,,,,,,,,
,0.00024813538326512615,949,,,,,,,,,,,,,,,,,,,,,,,,,,,,,,
9,,949,0.6095771789550781,0.19298991560935974,1.043026328086853,0.01646166294813156,0.4580470621585846,0.027976015582680702,1.3056819438934326,0.08964399993419647,3.263993740081787,0.1249731183052063,0.4835240840911865,4.823240280151367,0.015624803490936756,2.3039469718933105,0.5741727352142334,,,,,,,,,,,,,,,
,0.00024698443593653893,959,,,,,,,,,,,,,,,,,,,,,,,,,,,,,,
9,,959,0.7362600564956665,0.1730949878692627,1.0075491666793823,0.011595368385314941,0.4776849150657654,0.02877185307443142,0.9726402163505554,0.06872472912073135,3.2822256088256836,0.07174277305603027,0.46571293473243713,4.7668657302856445,0.007230775896459818,2.294071674346924,0.5886210799217224,,,,,,,,,,,,,,,
,0.0002458235922061749,969,,,,,,,,,,,,,,,,,,,,,,,,,,,,,,
9,,969,0.6743003129959106,0.14889675378799438,1.0596325397491455,0.030169352889060974,0.49122002720832825,0.0386674590408802,1.0565696954727173,0.045159947127103806,3.249086856842041,0.14330898225307465,0.4414711892604828,4.717263698577881,0.008646754547953606,2.3052406311035156,0.5117676258087158,,,,,,,,,,,,,,,
,0.0002446529705278441,979,,,,,,,,,,,,,,,,,,,,,,,,,,,,,,
9,,979,0.6934838891029358,0.22089408338069916,1.0470308065414429,0.031376827508211136,0.46020662784576416,0.02853369154036045,1.230675458908081,0.06990864872932434,3.234151601791382,0.09421372413635254,0.46613457798957825,4.815098762512207,0.012613089755177498,2.0828332901000977,0.5783097147941589,,,,,,,,,,,,,,,
,0.0002434726903531097,989,,,,,,,,,,,,,,,,,,,,,,,,,,,,,,
9,,989,0.6376501321792603,0.14664360880851746,0.9999869465827942,0.04306735843420029,0.4861048758029938,0.03369046747684479,1.1472145318984985,0.041778966784477234,3.1909666061401367,0.15843307971954346,0.45968708395957947,4.6683526039123535,0.017848720774054527,2.3899240493774414,0.5211162567138672,,,,,,,,,,,,,,,
,0.0002422828721190985,999,,,,,,,,,,,,,,,,,,,,,,,,,,,,,,
9,,999,0.6885992288589478,0.15928494930267334,1.1178075075149536,0.04534182325005531,0.4570421874523163,0.04086992144584656,1.2937721014022827,0.07487659901380539,3.2946081161499023,0.1388659030199051,0.41968291997909546,4.889563083648682,0.0216001458466053,2.3558859825134277,0.48958492279052734,,,,,,,,,,,,,,,
,0.00024108363723621175,1009,,,,,,,,,,,,,,,,,,,,,,,,,,,,,,
9,,1009,0.6498224139213562,0.1683778017759323,1.0893839597702026,0.04720066487789154,0.48435869812965393,0.03457779437303543,1.0847561359405518,0.05320169776678085,3.2690253257751465,0.05878202244639397,0.4150066673755646,4.723979949951172,0.010053515434265137,2.4445858001708984,0.41345149278640747,,,,,,,,,,,,,,,
,0.00023987510807573626,1019,,,,,,,,,,,,,,,,,,,,,,,,,,,,,,
9,,1019,0.6658812165260315,0.11819352209568024,0.9343099594116211,0.02502899244427681,0.4794515073299408,0.02273055724799633,0.9502320885658264,0.11595135927200317,3.2059571743011475,0.051920317113399506,0.4544796049594879,4.653993606567383,0.01086158026009798,2.401416540145874,0.5607094168663025,,,,,,,,,,,,,,,
,0.00023865740795735754,1029,,,,,,,,,,,,,,,,,,,,,,,,,,,,,,
9,,1029,0.6915032863616943,0.15082629024982452,0.9000933170318604,0.030449936166405678,0.4583296775817871,0.04151315614581108,0.8879825472831726,0.04946727678179741,3.1724016666412354,0.0866241380572319,0.4557669758796692,4.544925212860107,0.022615378722548485,2.213524341583252,0.4413287043571472,,,,,,,,,,,,,,,
9,,1029,,,,,,,,,,,,,,,,0.662035346031189,0.14836107194423676,0.889365553855896,0.020344261080026627,0.388546347618103,0.04322353005409241,1.360695481300354,0.09405993670225143,2.9987902641296387,0.14573955535888672,0.4421944320201874,4.545785427093506,0.01732943393290043,2.25644850730896,0.6295586824417114
,0.0002374306611365759,1039,,,,,,,,,,,,,,,,,,,,,,,,,,,,,,
10,,1039,0.6324424147605896,0.11583999544382095,0.9997519254684448,0.032089605927467346,0.43996405601501465,0.044093724340200424,0.970411479473114,0.05324288457632065,3.201964855194092,0.15709707140922546,0.4238858222961426,4.58998441696167,0.00584323238581419,2.3067965507507324,0.5045931339263916,,,,,,,,,,,,,,,
,0.00023619499279202742,1049,,,,,,,,,,,,,,,,,,,,,,,,,,,,,,
10,,1049,0.6521361470222473,0.1657649427652359,1.0128353834152222,0.029841801151633263,0.4669952094554901,0.022901391610503197,1.0404421091079712,0.06764240562915802,3.1333367824554443,0.13387393951416016,0.4966951906681061,4.632178783416748,0.02096615359187126,2.4150912761688232,0.5881221890449524,,,,,,,,,,,,,,,
,0.0002349505290127108,1059,,,,,,,,,,,,,,,,,,,,,,,,,,,,,,
10,,1059,0.6896167993545532,0.11727941781282425,0.7512273788452148,0.02094954065978527,0.36929649114608765,0.03626738488674164,0.8302518129348755,0.06864993274211884,3.079944372177124,0.14559152722358704,0.3586575984954834,4.383073329925537,0.007367878686636686,2.2525131702423096,0.5916076302528381,,,,,,,,,,,,,,,
,0.0002336973967851205,1069,,,,,,,,,,,,,,,,,,,,,,,,,,,,,,
10,,1069,0.6510620713233948,0.24785469472408295,1.0287460088729858,0.03662949055433273,0.45343485474586487,0.03541511669754982,1.1028261184692383,0.035490818321704865,3.283818006515503,0.09572076052427292,0.44122934341430664,4.730809211730957,0.014414919540286064,2.379058361053467,0.3926096558570862,,,,,,,,,,,,,,,
,0.00023243572398028958,1079,,,,,,,,,,,,,,,,,,,,,,,,,,,,,,
10,,1079,0.6566280722618103,0.3981468081474304,1.0286628007888794,0.06300899386405945,0.41201910376548767,0.029485682025551796,1.2841852903366089,0.052615128457546234,3.07511830329895,0.10494569689035416,0.4645746350288391,4.677154064178467,0.02143917791545391,2.308973550796509,0.4045010209083557,,,,,,,,,,,,,,,
,0.00023116563934074116,1089,,,,,,,,,,,,,,,,,,,,,,,,,,,,,,
10,,1089,0.7191181778907776,0.15185783803462982,0.7883021831512451,0.02197062224149704,0.40989068150520325,0.0340927429497242,0.8794702887535095,0.0972999781370163,3.2214274406433105,0.12582212686538696,0.4408665597438812,4.609539031982422,0.002580096712335944,2.3190507888793945,0.5434483885765076,,,,,,,,,,,,,,,
,0.00022988727246735157,1099,,,,,,,,,,,,,,,,,,,,,,,,,,,,,,
10,,1099,0.6201567053794861,0.2756515443325043,0.920842707157135,0.04540582001209259,0.48358264565467834,0.04124431684613228,1.203277349472046,0.08653154969215393,3.221836805343628,0.11949498951435089,0.4713558554649353,4.8078436851501465,0.006777569651603699,2.2034201622009277,0.6538904309272766,,,,,,,,,,,,,,,
,0.00022860075380612557,1109,,,,,,,,,,,,,,,,,,,,,,,,,,,,,,
10,,1109,0.7216889262199402,0.2478467971086502,0.8361901640892029,0.027490001171827316,0.40769442915916443,0.030225569382309914,1.005224585533142,0.05272596701979637,3.2807745933532715,0.1802579164505005,0.4831855595111847,4.708994388580322,0.009058943018317223,2.398207902908325,0.4536198079586029,,,,,,,,,,,,,,,
,0.00022730621463488564,1119,,,,,,,,,,,,,,,,,,,,,,,,,,,,,,
10,,1119,0.6533905863761902,0.15084701776504517,0.9854870438575745,0.015247797593474388,0.42518097162246704,0.03256591781973839,0.9694895148277283,0.062278568744659424,3.208454132080078,0.12853991985321045,0.5057933926582336,4.672738552093506,0.01080382987856865,2.283416509628296,0.692945659160614,,,,,,,,,,,,,,,
,0.00022600378704987624,1129,,,,,,,,,,,,,,,,,,,,,,,,,,,,,,
10,,1129,0.6334484815597534,0.1502324938774109,0.894609808921814,0.04470603168010712,0.4354565143585205,0.030718157067894936,0.9349443316459656,0.07778012007474899,3.0581321716308594,0.12160972505807877,0.4645783305168152,4.476614475250244,0.02633531391620636,2.269608736038208,0.5178142786026001,,,,,,,,,,,,,,,
10,,1132,,,,,,,,,,,,,,,,0.6514423489570618,0.14832709729671478,0.8529085516929626,0.018494363874197006,0.3741743266582489,0.023427732288837433,1.2751621007919312,0.09137041866779327,2.9203593730926514,0.14436516165733337,0.4287744164466858,4.398313999176025,0.017309242859482765,2.365093469619751,0.5946617722511292
,0.00022469360395228446,1139,,,,,,,,,,,,,,,,,,,,,,,,,,,,,,
11,,1139,0.673389732837677,0.1364714801311493,0.9406929612159729,0.035731155425310135,0.4395606815814972,0.044545017182826996,1.0750046968460083,0.06077718362212181,3.070568561553955,0.13825233280658722,0.3666761517524719,4.4825615882873535,0.030603967607021332,2.285928964614868,0.38800880312919617,,,,,,,,,,,,,,,
,0.0002233757990346787,1149,,,,,,,,,,,,,,,,,,,,,,,,,,,,,,
11,,1149,0.6437909603118896,0.1463574767112732,0.9801164269447327,0.02644737809896469,0.4706348478794098,0.03786218538880348,0.9627218246459961,0.09947188943624496,3.110426425933838,0.09019111096858978,0.4952996075153351,4.589436054229736,0.015422491356730461,2.4112472534179688,0.5777847766876221,,,,,,,,,,,,,,,
,0.00022205050676736646,1159,,,,,,,,,,,,,,,,,,,,,,,,,,,,,,
11,,1159,0.5143694877624512,0.1392139047384262,0.9570451378822327,0.04405266046524048,0.4657958447933197,0.02600283734500408,0.8585311770439148,0.03660312294960022,3.1001453399658203,0.12345652282238007,0.48836833238601685,4.43618106842041,0.02993321791291237,2.521920680999756,0.5506227016448975,,,,,,,,,,,,,,,
,0.00022071786238467303,1169,,,,,,,,,,,,,,,,,,,,,,,,,,,,,,
11,,1169,0.6295442581176758,0.23369178175926208,0.991108238697052,0.037234045565128326,0.48847511410713196,0.05096099525690079,1.1252670288085938,0.05253717303276062,3.1850600242614746,0.16186879575252533,0.47791433334350586,4.696014404296875,0.013778424821794033,2.248004913330078,0.5101467370986938,,,,,,,,,,,,,,,
,0.0002193780018711417,1179,,,,,,,,,,,,,,,,,,,,,,,,,,,,,,
11,,1179,0.6634048223495483,0.16452835500240326,1.0173060894012451,0.07406094670295715,0.4892582297325134,0.038304027169942856,1.004617691040039,0.04029105603694916,3.131757974624634,0.11699673533439636,0.49602413177490234,4.615242004394531,0.010385371744632721,2.3319194316864014,0.48888474702835083,,,,,,,,,,,,,,,
,0.00021803106194765817,1189,,,,,,,,,,,,,,,,,,,,,,,,,,,,,,
11,,1189,0.6397312879562378,0.1322527378797531,0.7161113023757935,0.024004433304071426,0.38889020681381226,0.029922328889369965,0.8322605490684509,0.07405251264572144,3.064824342727661,0.1032327339053154,0.3477294445037842,4.284599781036377,0.015026891604065895,2.309086561203003,0.379373699426651,,,,,,,,,,,,,,,
,0.00021667718005749886,1199,,,,,,,,,,,,,,,,,,,,,,,,,,,,,,
11,,1199,0.7133409976959229,0.21559178829193115,0.8541202545166016,0.024356860667467117,0.44045040011405945,0.031821850687265396,0.994198203086853,0.10178935527801514,3.0800063610076904,0.06625566631555557,0.3892093896865845,4.5508246421813965,0.01336972787976265,2.240919828414917,0.5660194754600525,,,,,,,,,,,,,,,
,0.00021531649435230655,1209,,,,,,,,,,,,,,,,,,,,,,,,,,,,,,
11,,1209,0.6757938265800476,0.10976362228393555,0.8389350771903992,0.03236788511276245,0.45028313994407654,0.05423871800303459,0.8248791098594666,0.11226432025432587,3.1278626918792725,0.06468614190816879,0.454643577337265,4.535574436187744,0.007123127114027739,2.330150604248047,0.586440920829773,,,,,,,,,,,,,,,
,0.00021394914367799304,1219,,,,,,,,,,,,,,,,,,,,,,,,,,,,,,
11,,1219,0.6940472722053528,0.16989478468894958,0.9247164130210876,0.01970222219824791,0.36875396966934204,0.02556660957634449,1.0771218538284302,0.06402484327554703,3.1670033931732178,0.14386378228664398,0.4671522080898285,4.587529182434082,0.011790082789957523,2.258993625640869,0.47783032059669495,,,,,,,,,,,,,,,
,0.00021257526756057092,1229,,,,,,,,,,,,,,,,,,,,,,,,,,,,,,
11,,1229,0.7126396298408508,0.10358116030693054,0.7443000674247742,0.023232316598296165,0.36616772413253784,0.05281781032681465,0.7745609879493713,0.0899670198559761,2.923427104949951,0.1142135038971901,0.34515580534935,4.19756555557251,0.02407185733318329,2.2863078117370605,0.3935684859752655,,,,,,,,,,,,,,,
11,,1235,,,,,,,,,,,,,,,,0.6484541893005371,0.12627746164798737,0.8374063968658447,0.02054074965417385,0.3645690381526947,0.026354823261499405,1.1737555265426636,0.08694329112768173,2.8482110500335693,0.14017046988010406,0.4231272339820862,4.271481513977051,0.01646801456809044,2.331983804702759,0.566495954990387
,0.00021119500619191665,1239,,,,,,,,,,,,,,,,,,,,,,,,,,,,,,
12,,1239,0.6394768357276917,0.18671876192092896,0.9224218130111694,0.023435009643435478,0.432221919298172,0.0389389842748642,0.7933794856071472,0.04638190194964409,2.958735466003418,0.11142437160015106,0.4432680904865265,4.303633689880371,0.01597491092979908,2.34614634513855,0.5223889350891113,,,,,,,,,,,,,,,
,0.00020980850041546478,1249,,,,,,,,,,,,,,,,,,,,,,,,,,,,,,
12,,1249,0.6671211123466492,0.15603186190128326,0.9662122130393982,0.01416805014014244,0.3914205729961395,0.0541926808655262,0.9754706025123596,0.09406082332134247,3.0526368618011475,0.12272966653108597,0.4568116068840027,4.508829116821289,0.020632566884160042,2.285581588745117,0.5430097579956055,,,,,,,,,,,,,,,
,0.00020841589171183636,1259,,,,,,,,,,,,,,,,,,,,,,,,,,,,,,
12,,1259,0.679837703704834,0.1460120677947998,1.086463212966919,0.04054885730147362,0.4491797089576721,0.0330575555562973,0.8973650336265564,0.06528489291667938,3.058518648147583,0.08248398452997208,0.45764070749282837,4.538606643676758,0.04102768003940582,2.407395601272583,0.5063274502754211,,,,,,,,,,,,,,,
,0.0002070173221844021,1269,,,,,,,,,,,,,,,,,,,,,,,,,,,,,,
12,,1269,0.6427677869796753,0.14472737908363342,0.8347486257553101,0.01594589464366436,0.3539659082889557,0.019875390455126762,0.9959469437599182,0.0833822637796402,2.972743511199951,0.09262912720441818,0.42411521077156067,4.277602672576904,0.005515791941434145,2.3760135173797607,0.413941353559494,,,,,,,,,,,,,,,
,0.00020561293454478182,1279,,,,,,,,,,,,,,,,,,,,,,,,,,,,,,
12,,1279,0.6324216723442078,0.17106470465660095,0.8883124589920044,0.026665205135941505,0.43534985184669495,0.03615467622876167,0.905368983745575,0.04807466268539429,3.0958635807037354,0.09525493532419205,0.470024436712265,4.4364118576049805,0.0130224684253335,2.1427032947540283,0.46701526641845703,,,,,,,,,,,,,,,
,0.00020420287209828227,1289,,,,,,,,,,,,,,,,,,,,,,,,,,,,,,
12,,1289,0.6178417801856995,0.13532549142837524,0.7882485389709473,0.03475099429488182,0.42681223154067993,0.025369135662913322,0.8612302541732788,0.06143873184919357,3.023275852203369,0.1265215128660202,0.4063895344734192,4.3133158683776855,0.011739266104996204,2.3035805225372314,0.492113322019577,,,,,,,,,,,,,,,
,0.00020278727872927377,1299,,,,,,,,,,,,,,,,,,,,,,,,,,,,,,
12,,1299,0.6413755416870117,0.19382940232753754,1.0792120695114136,0.04617854580283165,0.45600175857543945,0.040198322385549545,0.9491552114486694,0.0425754152238369,3.1273396015167236,0.08924169093370438,0.444346159696579,4.591402530670166,0.014573069289326668,2.348339319229126,0.5503644943237305,,,,,,,,,,,,,,,
,0.00020136629888650823,1309,,,,,,,,,,,,,,,,,,,,,,,,,,,,,,
12,,1309,0.7045170664787292,0.1334250122308731,0.9279996156692505,0.03306656703352928,0.3924979567527771,0.026264267042279243,0.8052948117256165,0.05301666259765625,3.046233892440796,0.08632438629865646,0.4843491017818451,4.39389705657959,0.009681982919573784,2.364779233932495,0.4849015772342682,,,,,,,,,,,,,,,
,0.00019994007756837966,1319,,,,,,,,,,,,,,,,,,,,,,,,,,,,,,
12,,1319,0.6374261975288391,0.1601249873638153,0.9181545972824097,0.027188163250684738,0.43830743432044983,0.02634614147245884,0.8756780028343201,0.07439995557069778,3.021461009979248,0.1640484482049942,0.42308318614959717,4.397578716278076,0.0047477614134550095,2.2186172008514404,0.5355961322784424,,,,,,,,,,,,,,,
,0.0001985087603081279,1329,,,,,,,,,,,,,,,,,,,,,,,,,,,,,,
12,,1329,0.6514337062835693,0.23099710047245026,0.9520453810691833,0.022377844899892807,0.39320582151412964,0.026784799993038177,1.047510027885437,0.060850296169519424,3.0748095512390137,0.06976869702339172,0.40163496136665344,4.488962173461914,0.01273390557616949,2.3114988803863525,0.5003239512443542,,,,,,,,,,,,,,,
12,,1338,,,,,,,,,,,,,,,,0.6546470522880554,0.12684056162834167,0.832883894443512,0.01980292610824108,0.3515111804008484,0.028616320341825485,1.1072441339492798,0.08400914072990417,2.761502504348755,0.14053168892860413,0.4164450764656067,4.1591267585754395,0.015728456899523735,2.3246519565582275,0.5559772253036499
,0.00019707249315898865,1339,,,,,,,,,,,,,,,,,,,,,,,,,,,,,,
13,,1339,0.5846907496452332,0.1336248517036438,0.9300203919410706,0.041336026042699814,0.42606428265571594,0.04229477047920227,0.9204728603363037,0.08899125456809998,2.9714083671569824,0.13283608853816986,0.407979279756546,4.367417812347412,0.02419137954711914,2.177616834640503,0.5246209502220154,,,,,,,,,,,,,,,
,0.00019563142267928985,1349,,,,,,,,,,,,,,,,,,,,,,,,,,,,,,
13,,1349,0.6152386665344238,0.25771036744117737,1.1106393337249756,0.04177657514810562,0.49889177083969116,0.044452037662267685,1.1310502290725708,0.04331052303314209,3.1440374851226807,0.11456751823425293,0.4700518250465393,4.677406311035156,0.014469889923930168,2.252164602279663,0.4966994524002075,,,,,,,,,,,,,,,
,0.0001941856959174967,1359,,,,,,,,,,,,,,,,,,,,,,,,,,,,,,
13,,1359,0.6000362634658813,0.1628161519765854,0.9298946857452393,0.037436626851558685,0.40569204092025757,0.03160867094993591,1.0577610731124878,0.057932499796152115,3.0187981128692627,0.1391977220773697,0.40626755356788635,4.374429702758789,0.025714753195643425,2.4698150157928467,0.355447918176651,,,,,,,,,,,,,,,
,0.00019273546039720677,1369,,,,,,,,,,,,,,,,,,,,,,,,,,,,,,
13,,1369,0.6605516672134399,0.17167986929416656,1.10697340965271,0.02401956170797348,0.4453127980232239,0.02939160168170929,1.0709948539733887,0.04055953025817871,2.973517417907715,0.1205538734793663,0.4481063783168793,4.436145305633545,0.03754066303372383,2.236304521560669,0.42663848400115967,,,,,,,,,,,,,,,
,0.00019128086410209638,1379,,,,,,,,,,,,,,,,,,,,,,,,,,,,,,
13,,1379,0.6049946546554565,0.09503411501646042,0.7188228368759155,0.04433257505297661,0.3909815847873688,0.026197051629424095,0.6967743039131165,0.04519752413034439,2.8378536701202393,0.18392671644687653,0.3939501643180847,4.018775939941406,0.014834794215857983,2.2802608013153076,0.42994382977485657,,,,,,,,,,,,,,,
,0.00018982205546082037,1389,,,,,,,,,,,,,,,,,,,,,,,,,,,,,,
13,,1389,0.5512622594833374,0.14083243906497955,0.8437821865081787,0.014909724704921246,0.3476146161556244,0.029402242973446846,0.9488238096237183,0.06688012182712555,2.892221212387085,0.09460371732711792,0.449659138917923,4.122147083282471,0.011204336769878864,2.4538025856018066,0.36299899220466614,,,,,,,,,,,,,,,
,0.00018835918333186605,1399,,,,,,,,,,,,,,,,,,,,,,,,,,,,,,
13,,1399,0.688288688659668,0.15663419663906097,0.9807758927345276,0.03023471310734749,0.4199632406234741,0.030240600928664207,0.815570592880249,0.07863438874483109,2.917731523513794,0.08650772273540497,0.46468624472618103,4.306548118591309,0.009569724090397358,2.393401622772217,0.4647647440433502,,,,,,,,,,,,,,,
,0.00018689239698836362,1409,,,,,,,,,,,,,,,,,,,,,,,,,,,,,,
13,,1409,0.6492093205451965,0.23756270110607147,0.9088966250419617,0.029225585982203484,0.4127778112888336,0.047441478818655014,0.9123179912567139,0.0702313557267189,3.01320219039917,0.12088312208652496,0.43036147952079773,4.446197986602783,0.00922182947397232,2.291973352432251,0.5760616660118103,,,,,,,,,,,,,,,
,0.0001854218461028542,1419,,,,,,,,,,,,,,,,,,,,,,,,,,,,,,
13,,1419,0.6877566576004028,0.09995130449533463,0.8760187029838562,0.029410460963845253,0.3978625237941742,0.028896208852529526,0.9107927680015564,0.09400653839111328,2.905489683151245,0.189833864569664,0.41933971643447876,4.33173942565918,0.033942535519599915,2.2966504096984863,0.5609012842178345,,,,,,,,,,,,,,,
,0.00018394768073201704,1429,,,,,,,,,,,,,,,,,,,,,,,,,,,,,,
13,,1429,0.7051780819892883,0.22656728327274323,0.9366350769996643,0.03767085820436478,0.39404821395874023,0.03608449175953865,0.8909327983856201,0.05943125858902931,2.832641839981079,0.08618935197591782,0.37379634380340576,4.208463191986084,0.012903070077300072,2.4897775650024414,0.3821135461330414,,,,,,,,,,,,,,,
,0.0001824700513013577,1439,,,,,,,,,,,,,,,,,,,,,,,,,,,,,,
13,,1439,0.6119970083236694,0.11836905777454376,0.8160080313682556,0.028448527678847313,0.3258254826068878,0.02756832167506218,0.7355495095252991,0.0634377971291542,2.879254102706909,0.05732806399464607,0.38346239924430847,4.073650360107422,0.010287164710462093,2.4487996101379395,0.43218114972114563,,,,,,,,,,,,,,,
13,,1441,,,,,,,,,,,,,,,,0.6343469023704529,0.11453168094158173,0.7877809405326843,0.019751638174057007,0.3334297835826874,0.026909776031970978,1.0554100275039673,0.07911506295204163,2.6587073802948,0.1365654021501541,0.4088274836540222,3.9937150478363037,0.016066567972302437,2.3108479976654053,0.5261303782463074
,0.00018098910858985808,1449,,,,,,,,,,,,,,,,,,,,,,,,,,,,,,
14,,1449,0.6909991502761841,0.32031455636024475,0.8963627219200134,0.021386638283729553,0.38078346848487854,0.03458824381232262,1.0855791568756104,0.06047798693180084,2.944683790206909,0.12419509142637253,0.4471898674964905,4.4115495681762695,0.023682886734604836,2.4227850437164307,0.42277517914772034,,,,,,,,,,,,,,,
,0.0001795050037145912,1459,,,,,,,,,,,,,,,,,,,,,,,,,,,,,,
14,,1459,0.580155611038208,0.11070408672094345,0.9030223488807678,0.04075660556554794,0.4364249110221863,0.04168039932847023,0.7583639025688171,0.07088252902030945,2.907508373260498,0.11053259670734406,0.3952440619468689,4.200033664703369,0.010251209139823914,2.3306713104248047,0.5006756782531738,,,,,,,,,,,,,,,
,0.00017801788811530072,1469,,,,,,,,,,,,,,,,,,,,,,,,,,,,,,
14,,1469,0.6864163875579834,0.11932142078876495,0.911176860332489,0.057558927685022354,0.39225879311561584,0.03823575749993324,0.824955403804779,0.06500925123691559,2.9626238346099854,0.1469113677740097,0.48945993185043335,4.381553649902344,0.009949679486453533,2.321420669555664,0.5959064364433289,,,,,,,,,,,,,,,
,0.00017652791353894813,1479,,,,,,,,,,,,,,,,,,,,,,,,,,,,,,
14,,1479,0.7181909680366516,0.17259003221988678,0.8260030150413513,0.040626492351293564,0.3264724016189575,0.029591713100671768,0.8501865863800049,0.026626568287611008,2.9392714500427246,0.1461910456418991,0.4008937180042267,4.2107110023498535,0.01798848621547222,2.371110439300537,0.3306577503681183,,,,,,,,,,,,,,,
,0.0001750352320242281,1489,,,,,,,,,,,,,,,,,,,,,,,,,,,,,,
14,,1489,0.6902360916137695,0.09781614691019058,0.8162238001823425,0.02165982313454151,0.3802417814731598,0.02753632515668869,0.6805446147918701,0.04871606081724167,2.8189589977264404,0.09133067727088928,0.39454877376556396,4.044886112213135,0.010685640387237072,2.4087796211242676,0.4805993139743805,,,,,,,,,,,,,,,
,0.0001735399958860544,1499,,,,,,,,,,,,,,,,,,,,,,,,,,,,,,
14,,1499,0.6980751752853394,0.17780089378356934,0.8774594068527222,0.025936225429177284,0.38414403796195984,0.031398653984069824,0.7807031273841858,0.08252841979265213,2.99125337600708,0.0563364177942276,0.42389315366744995,4.344680309295654,0.014012027531862259,2.3566508293151855,0.4913811683654785,,,,,,,,,,,,,,,
,0.00017204235770001744,1509,,,,,,,,,,,,,,,,,,,,,,,,,,,,,,
14,,1509,0.6741558313369751,0.14134259521961212,1.0092334747314453,0.024674121290445328,0.3922807276248932,0.031374696642160416,0.8966935276985168,0.04836125299334526,2.8590149879455566,0.09750688076019287,0.37430229783058167,4.206771373748779,0.015970155596733093,2.270068407058716,0.4498278796672821,,,,,,,,,,,,,,,
,0.00017054247028681525,1519,,,,,,,,,,,,,,,,,,,,,,,,,,,,,,
14,,1519,0.736739993095398,0.14820410311222076,0.9433355927467346,0.021875232458114624,0.3395298421382904,0.036089781671762466,0.8196263909339905,0.03640680015087128,2.7288613319396973,0.09599283337593079,0.3310752809047699,4.018014907836914,0.011158454231917858,2.328671932220459,0.4020439088344574,,,,,,,,,,,,,,,
,0.00016904048669665975,1529,,,,,,,,,,,,,,,,,,,,,,,,,,,,,,
14,,1529,0.6365325450897217,0.10242757946252823,0.9040443301200867,0.02688262052834034,0.3832132816314697,0.03262409195303917,0.7247669696807861,0.05010464787483215,2.8624138832092285,0.0896795392036438,0.3613453507423401,4.094311714172363,0.02836194820702076,2.300522804260254,0.390232652425766,,,,,,,,,,,,,,,
,0.00016753656019365896,1539,,,,,,,,,,,,,,,,,,,,,,,,,,,,,,
14,,1539,0.6928164958953857,0.31781214475631714,0.9116696119308472,0.029430216178297997,0.38465866446495056,0.043046995997428894,0.8304628729820251,0.03835390508174896,2.838416337966919,0.12704336643218994,0.41368913650512695,4.21518611907959,0.014767898246645927,2.3363184928894043,0.40028542280197144,,,,,,,,,,,,,,,
14,,1544,,,,,,,,,,,,,,,,0.6318947076797485,0.11038598418235779,0.7802795767784119,0.018804505467414856,0.3194863498210907,0.023805605247616768,0.9967551827430725,0.08034611493349075,2.5431220531463623,0.13340599834918976,0.392953485250473,3.8459558486938477,0.016275890171527863,2.291027069091797,0.5121898055076599
,0.00016603084424017796,1549,,,,,,,,,,,,,,,,,,,,,,,,,,,,,,
15,,1549,0.6391795873641968,0.1362972855567932,0.7803639769554138,0.023232560604810715,0.34447944164276123,0.03210285305976868,0.6907560229301453,0.0442076250910759,2.8892407417297363,0.08097837120294571,0.38432949781417847,4.062195301055908,0.006241680588573217,2.4502954483032227,0.4239388406276703,,,,,,,,,,,,,,,
,0.00016452349248117937,1559,,,,,,,,,,,,,,,,,,,,,,,,,,,,,,
15,,1559,0.5640670657157898,0.1302480548620224,0.8651626706123352,0.04771311208605766,0.3995257616043091,0.04111316427588463,0.8207464218139648,0.04906410723924637,2.843681573867798,0.09744676202535629,0.4028491973876953,4.0843682289123535,0.010589450597763062,2.308708667755127,0.39609068632125854,,,,,,,,,,,,,,,
,0.00016301465872854535,1569,,,,,,,,,,,,,,,,,,,,,,,,,,,,,,
15,,1569,0.6430652141571045,0.2231549322605133,0.775152862071991,0.027401700615882874,0.3614669740200043,0.030165372416377068,0.8477319478988647,0.06076887622475624,2.805906295776367,0.1254662722349167,0.3603101968765259,4.0853495597839355,0.009711534716188908,2.237738609313965,0.433187872171402,,,,,,,,,,,,,,,
,0.00016150449694538228,1579,,,,,,,,,,,,,,,,,,,,,,,,,,,,,,
15,,1579,0.6323567628860474,0.11006911844015121,0.8305439949035645,0.023293575271964073,0.3891969621181488,0.04679714888334274,0.7506310939788818,0.04743650555610657,2.9248619079589844,0.09608521312475204,0.41390088200569153,4.161413192749023,0.002396825235337019,2.260925054550171,0.49502286314964294,,,,,,,,,,,,,,,
,0.00015999316123031036,1589,,,,,,,,,,,,,,,,,,,,,,,,,,,,,,
15,,1589,0.6202666163444519,0.09455769509077072,0.9190081357955933,0.042651016265153885,0.42469602823257446,0.02170347236096859,0.7428798079490662,0.045296475291252136,2.8995020389556885,0.1060107871890068,0.431902140378952,4.190439701080322,0.014287673868238926,2.4009506702423096,0.5333878993988037,,,,,,,,,,,,,,,
,0.00015848080580173904,1599,,,,,,,,,,,,,,,,,,,,,,,,,,,,,,
15,,1599,0.6420072913169861,0.19083359837532043,0.8764097690582275,0.05018136650323868,0.40180352330207825,0.03318820893764496,0.8978310227394104,0.04700472205877304,3.0124311447143555,0.1187392845749855,0.4089074730873108,4.368856430053711,0.027425047010183334,2.297210931777954,0.4348646104335785,,,,,,,,,,,,,,,
,0.00015696758498213054,1609,,,,,,,,,,,,,,,,,,,,,,,,,,,,,,
15,,1609,0.5591768622398376,0.09629169851541519,0.667978048324585,0.03209016099572182,0.30190911889076233,0.03177747502923012,0.606529712677002,0.05224597081542015,2.6355392932891846,0.0784292221069336,0.36757680773735046,3.6928462982177734,0.01399817131459713,2.350158929824829,0.3739859163761139,,,,,,,,,,,,,,,
,0.0001554536531822525,1619,,,,,,,,,,,,,,,,,,,,,,,,,,,,,,
15,,1619,0.6534228324890137,0.3192942440509796,0.807496964931488,0.029235130175948143,0.38189464807510376,0.04003424942493439,1.0995677709579468,0.07894805073738098,2.850306272506714,0.10197319835424423,0.4056093692779541,4.259514808654785,0.010964001528918743,2.258599042892456,0.35527530312538147,,,,,,,,,,,,,,,
,0.00015393916488542204,1629,,,,,,,,,,,,,,,,,,,,,,,,,,,,,,
15,,1629,0.6575543880462646,0.16282010078430176,0.7173194289207458,0.0345594547688961,0.34357213973999023,0.04157653823494911,0.6928641200065613,0.07423873245716095,2.6744203567504883,0.06382329761981964,0.3377261757850647,3.875145435333252,0.011507878080010414,2.346297025680542,0.3810058832168579,,,,,,,,,,,,,,,
,0.0001524242746317415,1639,,,,,,,,,,,,,,,,,,,,,,,,,,,,,,
15,,1639,0.6572026014328003,0.21693702042102814,0.8862765431404114,0.03663085028529167,0.4021414518356323,0.03429136797785759,0.896935760974884,0.0684099942445755,2.9594688415527344,0.07187152653932571,0.4332476556301117,4.31657075881958,0.00782835204154253,2.3871805667877197,0.41209495067596436,,,,,,,,,,,,,,,
15,,1647,,,,,,,,,,,,,,,,0.6246441006660461,0.10981482267379761,0.7474336624145508,0.019807113334536552,0.29194340109825134,0.02479131892323494,0.9838678240776062,0.07747822999954224,2.3674838542938232,0.13231150805950165,0.39138105511665344,3.63288950920105,0.016352687031030655,2.373608350753784,0.47272711992263794
,0.00015090913700232955,1649,,,,,,,,,,,,,,,,,,,,,,,,,,,,,,
16,,1649,0.6472693085670471,0.13343694806098938,0.9859867691993713,0.04902127385139465,0.4204946458339691,0.03350719437003136,0.7878878712654114,0.05926872044801712,2.956434965133667,0.06520482897758484,0.44181182980537415,4.324584007263184,0.005844522267580032,2.3450822830200195,0.5473901033401489,,,,,,,,,,,,,,,
,0.0001493939066035474,1659,,,,,,,,,,,,,,,,,,,,,,,,,,,,,,
16,,1659,0.7260992527008057,0.10313265770673752,0.7362647652626038,0.013671532273292542,0.3686717450618744,0.036578547209501266,0.706067681312561,0.07682733982801437,2.7436962127685547,0.10171469300985336,0.36570027470588684,3.9738402366638184,0.013082665391266346,2.24752140045166,0.4200299382209778,,,,,,,,,,,,,,,
,0.0001478787380512224,1669,,,,,,,,,,,,,,,,,,,,,,,,,,,,,,
16,,1669,0.7217344641685486,0.1256357729434967,0.867113471031189,0.024817755445837975,0.3779114782810211,0.036239128559827805,0.8387508988380432,0.03748804330825806,2.812403440475464,0.14909200370311737,0.3834491968154907,4.1036057472229,0.01198603492230177,2.2935402393341064,0.4143875241279602,,,,,,,,,,,,,,,
,0.00014636378595487117,1679,,,,,,,,,,,,,,,,,,,,,,,,,,,,,,
16,,1679,0.6394273042678833,0.10540226846933365,0.9156814217567444,0.023286903277039528,0.40748459100723267,0.023909231647849083,0.7706040740013123,0.0694752037525177,2.941215753555298,0.0952184721827507,0.4619540572166443,4.260551929473877,0.009969179518520832,2.1937663555145264,0.5562513470649719,,,,,,,,,,,,,,,
,0.0001448492049019228,1689,,,,,,,,,,,,,,,,,,,,,,,,,,,,,,
16,,1689,0.7118815779685974,0.11547482758760452,0.9776517748832703,0.04560690373182297,0.35585492849349976,0.03862520307302475,1.144481897354126,0.05663517862558365,2.796985387802124,0.15870456397533417,0.39249464869499207,4.238284111022949,0.03953845426440239,2.3680906295776367,0.35797035694122314,,,,,,,,,,,,,,,
,0.00014333514944194482,1699,,,,,,,,,,,,,,,,,,,,,,,,,,,,,,
16,,1699,0.6591653227806091,0.1538556069135666,0.9564213156700134,0.05375111103057861,0.41371074318885803,0.02828848920762539,0.8322075605392456,0.06121613085269928,2.8067080974578857,0.04699181020259857,0.39837223291397095,4.169220447540283,0.01523376815021038,2.388521194458008,0.47304219007492065,,,,,,,,,,,,,,,
,0.0001418217740708725,1709,,,,,,,,,,,,,,,,,,,,,,,,,,,,,,
16,,1709,0.5976486802101135,0.14037133753299713,0.8197997212409973,0.03571551293134689,0.3934035301208496,0.029711490496993065,0.7541015148162842,0.06295903027057648,2.8697707653045654,0.07525607198476791,0.42530083656311035,4.129188537597656,0.005556255113333464,2.382499933242798,0.5206432342529297,,,,,,,,,,,,,,,
,0.0001403092332152441,1719,,,,,,,,,,,,,,,,,,,,,,,,,,,,,,
16,,1719,0.6983950138092041,0.13213226199150085,0.8943672180175781,0.04095444455742836,0.3475513458251953,0.036059461534023285,0.7665584087371826,0.05741360783576965,2.6472978591918945,0.10897950083017349,0.3854959011077881,3.9334280490875244,0.009823072701692581,2.4747231006622314,0.3919191062450409,,,,,,,,,,,,,,,
,0.00013879768121644316,1729,,,,,,,,,,,,,,,,,,,,,,,,,,,,,,
16,,1729,0.667765736579895,0.13799354434013367,0.9757402539253235,0.02373269945383072,0.39031529426574707,0.027080249041318893,0.8280372023582458,0.11534151434898376,2.8695101737976074,0.1116403192281723,0.432861864566803,4.302239418029785,0.028897063806653023,2.156248092651367,0.5383628606796265,,,,,,,,,,,,,,,
,0.00013728727231494895,1739,,,,,,,,,,,,,,,,,,,,,,,,,,,,,,
16,,1739,0.7073694467544556,0.10974229872226715,0.7283760905265808,0.029045050963759422,0.306459903717041,0.04242631047964096,0.6777276396751404,0.029597360640764236,2.6553397178649902,0.13260552287101746,0.39237794280052185,3.8112645149230957,0.006372888572514057,2.275125741958618,0.363962322473526,,,,,,,,,,,,,,,
,0.00013577816063459783,1749,,,,,,,,,,,,,,,,,,,,,,,,,,,,,,
16,,1749,0.6062203049659729,0.13428471982479095,0.9060006141662598,0.044538408517837524,0.37406405806541443,0.036722928285598755,0.8023504614830017,0.05869428440928459,2.7577714920043945,0.18249483406543732,0.423712819814682,4.0606303215026855,0.011257637292146683,2.326441764831543,0.4505403935909271,,,,,,,,,,,,,,,
16,,1750,,,,,,,,,,,,,,,,0.6217851638793945,0.103729248046875,0.746303141117096,0.02019963413476944,0.2911505699157715,0.030930757522583008,0.9103780388832092,0.07532721757888794,2.3474996089935303,0.1284681111574173,0.38383376598358154,3.5890982151031494,0.015916910022497177,2.280998468399048,0.4733172059059143
,0.00013427050016685634,1759,,,,,,,,,,,,,,,,,,,,,,,,,,,,,,
17,,1759,0.6332866549491882,0.19301654398441315,0.9958454370498657,0.029126951470971107,0.4591468870639801,0.037494853138923645,0.8921113610267639,0.045092687010765076,2.8665504455566406,0.04806498810648918,0.4146132171154022,4.245372295379639,0.023008419200778008,2.3404295444488525,0.47432181239128113,,,,,,,,,,,,,,,
,0.0001327644447551075,1769,,,,,,,,,,,,,,,,,,,,,,,,,,,,,,
17,,1769,0.6176121830940247,0.09831597656011581,0.9597954750061035,0.04092349112033844,0.38121023774147034,0.04130521044135094,0.8430049419403076,0.026972776278853416,2.5493390560150146,0.05805356428027153,0.46344831585884094,3.843270778656006,0.009248674847185612,2.3737120628356934,0.5087044835090637,,,,,,,,,,,,,,,
,0.00013126014807895273,1779,,,,,,,,,,,,,,,,,,,,,,,,,,,,,,
17,,1779,0.6620068550109863,0.12541387975215912,0.8673849105834961,0.035862378776073456,0.37686285376548767,0.03548465296626091,0.6848006844520569,0.01961318403482437,2.6308906078338623,0.07244743406772614,0.4285604953765869,3.87011981010437,0.012210194952785969,2.479252815246582,0.5014047026634216,,,,,,,,,,,,,,,
,0.00012975776363852992,1789,,,,,,,,,,,,,,,,,,,,,,,,,,,,,,
17,,1789,0.5869467854499817,0.1247563287615776,0.8657343983650208,0.030978498980402946,0.3996114134788513,0.02457568049430847,0.7439883947372437,0.05236153304576874,2.7771401405334473,0.09277041256427765,0.404071569442749,3.982495069503784,0.0024874145165085793,2.358513355255127,0.4117111265659332,,,,,,,,,,,,,,,
,0.00012825744473885046,1799,,,,,,,,,,,,,,,,,,,,,,,,,,,,,,
17,,1799,0.5961165428161621,0.13115759193897247,0.9023387432098389,0.05631158500909805,0.3975810706615448,0.028536807745695114,0.7160218358039856,0.025882866233587265,2.8004748821258545,0.11483965814113617,0.4192313253879547,4.015096664428711,0.028760366141796112,2.336287498474121,0.2956758439540863,,,,,,,,,,,,,,,
,0.00012675934447415547,1809,,,,,,,,,,,,,,,,,,,,,,,,,,,,,,
17,,1809,0.6396922469139099,0.11315660923719406,0.8773792386054993,0.0321754589676857,0.37728360295295715,0.031832218170166016,0.7724938988685608,0.041639842092990875,2.7117297649383545,0.06540406495332718,0.4032417833805084,3.9298324584960938,0.00954321026802063,2.4698829650878906,0.3753392994403839,,,,,,,,,,,,,,,
,0.00012526361571229403,1819,,,,,,,,,,,,,,,,,,,,,,,,,,,,,,
17,,1819,0.605807900428772,0.14167742431163788,1.0652332305908203,0.02111958898603916,0.36568883061408997,0.040068089962005615,0.8308702111244202,0.05260612443089485,2.6552960872650146,0.0971011146903038,0.4159254729747772,3.9857735633850098,0.011530235409736633,2.166576862335205,0.4971751272678375,,,,,,,,,,,,,,,
,0.00012377041107912453,1829,,,,,,,,,,,,,,,,,,,,,,,,,,,,,,
17,,1829,0.6151493191719055,0.15607459843158722,0.7917591333389282,0.025177553296089172,0.3493175208568573,0.027789484709501266,0.6964420080184937,0.061396144330501556,2.481511116027832,0.12132403254508972,0.37205949425697327,3.68243145942688,0.021888189017772675,2.2983806133270264,0.3899364769458771,,,,,,,,,,,,,,,
,0.0001222798829429403,1839,,,,,,,,,,,,,,,,,,,,,,,,,,,,,,
17,,1839,0.6060320734977722,0.11128360033035278,0.9083674550056458,0.052977364510297775,0.326498806476593,0.022794516757130623,0.8479612469673157,0.08139625191688538,2.7003538608551025,0.13229462504386902,0.377808153629303,3.9955384731292725,0.014538473449647427,2.2655892372131348,0.4193825423717499,,,,,,,,,,,,,,,
,0.00012079218339892188,1849,,,,,,,,,,,,,,,,,,,,,,,,,,,,,,
17,,1849,0.6609647870063782,0.24179385602474213,0.8786280155181885,0.02785625495016575,0.3624415695667267,0.04728340357542038,0.9239070415496826,0.04354441165924072,2.620628833770752,0.11271489411592484,0.3496105968952179,3.9490175247192383,0.012883887626230717,2.322354316711426,0.4041907489299774,,,,,,,,,,,,,,,
17,,1853,,,,,,,,,,,,,,,,0.5966253280639648,0.10222583264112473,0.7313240170478821,0.019584227353334427,0.28585001826286316,0.03321089968085289,0.9090844988822937,0.07435829937458038,2.2061526775360107,0.12549108266830444,0.3648350238800049,3.4183263778686523,0.015410233289003372,2.296907663345337,0.4569699466228485
,0.00011930746425361705,1859,,,,,,,,,,,,,,,,,,,,,,,,,,,,,,
18,,1859,0.6242291331291199,0.09768840670585632,0.7976567149162292,0.03086712211370468,0.34833386540412903,0.021257465705275536,0.7346915602684021,0.08142673969268799,2.7170307636260986,0.10067523270845413,0.3902495503425598,3.965641498565674,0.02817218378186226,2.3114261627197266,0.47707125544548035,,,,,,,,,,,,,,,
,0.00011782587700945042,1869,,,,,,,,,,,,,,,,,,,,,,,,,,,,,,
18,,1869,0.558898389339447,0.12219104915857315,0.950488805770874,0.059677403420209885,0.40543442964553833,0.04962402582168579,0.785693347454071,0.05560605600476265,2.6872780323028564,0.048152901232242584,0.40303492546081543,3.960826873779297,0.009879784658551216,2.3417911529541016,0.4149653911590576,,,,,,,,,,,,,,,
,0.00011634757284926375,1879,,,,,,,,,,,,,,,,,,,,,,,,,,,,,,
18,,1879,0.571761965751648,0.0875546783208847,0.7266570329666138,0.04067636653780937,0.3442312777042389,0.029088549315929413,0.6586374044418335,0.040655288845300674,2.4780657291412354,0.09946709871292114,0.403213769197464,3.609797239303589,0.01964189112186432,2.4839956760406494,0.4367785155773163,,,,,,,,,,,,,,,
,0.00011487270262088921,1889,,,,,,,,,,,,,,,,,,,,,,,,,,,,,,
18,,1889,0.59536212682724,0.12353876978158951,0.7823452353477478,0.04158254712820053,0.3344161808490753,0.028854304924607277,0.8148003220558167,0.07297733426094055,2.599400520324707,0.1125921756029129,0.3618292510509491,3.8166816234588623,0.010587642900645733,2.339401960372925,0.3978247046470642,,,,,,,,,,,,,,,
,0.00011340141682175678,1899,,,,,,,,,,,,,,,,,,,,,,,,,,,,,,
18,,1899,0.6404849290847778,0.3246193826198578,1.1609433889389038,0.04254031926393509,0.39610743522644043,0.02960260957479477,1.140267252922058,0.04057301953434944,2.9878523349761963,0.11687599122524261,0.37372758984565735,4.543257713317871,0.026491230353713036,2.2772912979125977,0.5208514928817749,,,,,,,,,,,,,,,
,0.00011193386558353707,1909,,,,,,,,,,,,,,,,,,,,,,,,,,,,,,
18,,1909,0.5787618160247803,0.08924848586320877,0.647370457649231,0.021409569308161736,0.3317676782608032,0.0383019782602787,0.6498676538467407,0.0887756496667862,2.6431033611297607,0.0862250030040741,0.3595954179763794,3.735013008117676,0.00740367965772748,2.2668466567993164,0.3520551323890686,,,,,,,,,,,,,,,
,0.00011047019865682194,1919,,,,,,,,,,,,,,,,,,,,,,,,,,,,,,
18,,1919,0.6314099431037903,0.11928897351026535,0.7558612823486328,0.023202497512102127,0.3460215926170349,0.021259058266878128,0.7041289806365967,0.06414321064949036,2.7260165214538574,0.08161306381225586,0.26991331577301025,3.8617160320281982,0.008270789869129658,2.337031602859497,0.3683742880821228,,,,,,,,,,,,,,,
,0.00010901056539584363,1929,,,,,,,,,,,,,,,,,,,,,,,,,,,,,,
18,,1929,0.7446766495704651,0.14773115515708923,0.7914767265319824,0.025223704054951668,0.3731531500816345,0.030557330697774887,0.75377357006073,0.08288589864969254,2.8044748306274414,0.06555795669555664,0.36805564165115356,4.082008361816406,0.012783831916749477,2.4192469120025635,0.35770320892333984,,,,,,,,,,,,,,,
,0.00010755511474323475,1939,,,,,,,,,,,,,,,,,,,,,,,,,,,,,,
18,,1939,0.5876392126083374,0.13783635199069977,0.7381520867347717,0.017269723117351532,0.31770697236061096,0.03640170767903328,0.6982429027557373,0.06498245149850845,2.558183193206787,0.07990626990795135,0.3382221460342407,3.6812195777893066,0.011108673177659512,2.345057487487793,0.35819023847579956,,,,,,,,,,,,,,,
,0.00010610399521482961,1949,,,,,,,,,,,,,,,,,,,,,,,,,,,,,,
18,,1949,0.6850082874298096,0.11006665974855423,0.8465607166290283,0.021956615149974823,0.39433738589286804,0.0325753428041935,0.7266533374786377,0.03020920604467392,2.729090929031372,0.09723041951656342,0.3825499415397644,3.945333957672119,0.01650857739150524,2.366220712661743,0.3981328010559082,,,,,,,,,,,,,,,
18,,1956,,,,,,,,,,,,,,,,0.5575177669525146,0.10359595715999603,0.7330571413040161,0.018898406997323036,0.27480021119117737,0.03198321908712387,0.9306740164756775,0.07307258248329163,2.017625331878662,0.1271328330039978,0.3674236238002777,3.212256908416748,0.015658091753721237,2.283005714416504,0.4565768241882324
,0.00010465735488450966,1959,,,,,,,,,,,,,,,,,,,,,,,,,,,,,,
19,,1959,0.6013174057006836,0.25004252791404724,0.8949187397956848,0.014438323676586151,0.35585781931877136,0.0244440995156765,0.9185996055603027,0.06035148352384567,2.821633815765381,0.05361175164580345,0.36464324593544006,4.127205848693848,0.013021971099078655,2.2771716117858887,0.45600616931915283,,,,,,,,,,,,,,,
,0.00010321534136909417,1969,,,,,,,,,,,,,,,,,,,,,,,,,,,,,,
19,,1969,0.6624599099159241,0.2450798600912094,0.9508060812950134,0.03714567795395851,0.36939242482185364,0.049924060702323914,1.0943024158477783,0.04308341443538666,2.690847635269165,0.09665338695049286,0.44146016240119934,4.11937141418457,0.0024955528788268566,2.3602216243743896,0.458733469247818,,,,,,,,,,,,,,,
,0.00010177810181327672,1979,,,,,,,,,,,,,,,,,,,,,,,,,,,,,,
19,,1979,0.6052225232124329,0.22039425373077393,0.8592806458473206,0.04285905882716179,0.3157259225845337,0.027094867080450058,0.9176222085952759,0.03762475401163101,2.5193753242492676,0.06670929491519928,0.4038545489311218,3.7808926105499268,0.019533462822437286,2.497917652130127,0.33428239822387695,,,,,,,,,,,,,,,
,0.00010034578287461074,1989,,,,,,,,,,,,,,,,,,,,,,,,,,,,,,
19,,1989,0.5502006411552429,0.10930837690830231,0.8210541605949402,0.034267231822013855,0.31762662529945374,0.03965785726904869,0.783261239528656,0.06492163985967636,2.495619773864746,0.11275872588157654,0.3496159315109253,3.657304525375366,0.013441395945847034,2.3498430252075195,0.340089350938797,,,,,,,,,,,,,,,
,9.891853070854421e-05,1999,,,,,,,,,,,,,,,,,,,,,,,,,,,,,,
19,,1999,0.5239250063896179,0.15411502122879028,0.9483927488327026,0.05149995908141136,0.37087246775627136,0.026527855545282364,0.8995469212532043,0.008136006072163582,2.3988115787506104,0.1088506430387497,0.3803642988204956,3.6155617237091064,0.04522081837058067,2.420649766921997,0.2683260142803192,,,,,,,,,,,,,,,
,9.749649095350614e-05,2009,,,,,,,,,,,,,,,,,,,,,,,,,,,,,,
19,,2009,0.5941793918609619,0.1091814711689949,0.7220909595489502,0.018550559878349304,0.3221100866794586,0.03589409962296486,0.6811342239379883,0.06224050372838974,2.7662172317504883,0.10426284372806549,0.36025723814964294,3.8854920864105225,0.006893277633935213,2.366358757019043,0.3925056755542755,,,,,,,,,,,,,,,
,9.607980871604492e-05,2019,,,,,,,,,,,,,,,,,,,,,,,,,,,,,,
19,,2019,0.597112238407135,0.10301616042852402,0.6582484841346741,0.022160951048135757,0.3510349988937378,0.036910202354192734,0.6192311644554138,0.1265743523836136,2.548146963119507,0.11302180588245392,0.31693291664123535,3.7043344974517822,0.014309189282357693,2.4021780490875244,0.3818143606185913,,,,,,,,,,,,,,,
,9.466862855602187e-05,2029,,,,,,,,,,,,,,,,,,,,,,,,,,,,,,
19,,2029,0.4998151659965515,0.08552253991365433,0.7030536532402039,0.025013575330376625,0.304973840713501,0.03956367075443268,0.5883769989013672,0.06337485462427139,2.297668218612671,0.08126845955848694,0.33020713925361633,3.3198649883270264,0.00865552294999361,2.4506092071533203,0.36256206035614014,,,,,,,,,,,,,,,
,9.326309447186027e-05,2039,,,,,,,,,,,,,,,,,,,,,,,,,,,,,,
19,,2039,0.6442095637321472,0.11319684982299805,0.7980315089225769,0.016827331855893135,0.36394205689430237,0.04418386518955231,0.6153051853179932,0.06162535399198532,2.7519516944885254,0.07069270312786102,0.41077256202697754,3.936558723449707,0.007042920682579279,2.217890501022339,0.4421885013580322,,,,,,,,,,,,,,,
,9.186334988585118e-05,2049,,,,,,,,,,,,,,,,,,,,,,,,,,,,,,
19,,2049,0.6513591408729553,0.20385107398033142,0.8472399115562439,0.0634242594242096,0.3854959011077881,0.023767556995153427,0.706852912902832,0.04128050059080124,2.9502875804901123,0.09598367661237717,0.36156731843948364,4.207332611083984,0.004426442086696625,2.358503818511963,0.3827996551990509,,,,,,,,,,,,,,,
,9.046953762951879e-05,2059,,,,,,,,,,,,,,,,,,,,,,,,,,,,,,
19,,2059,0.5491850972175598,0.18892210721969604,0.8507320880889893,0.04460630565881729,0.3475445806980133,0.03894244134426117,0.879438042640686,0.026499105617403984,2.4453752040863037,0.08929415792226791,0.36322227120399475,3.640657424926758,0.011044568382203579,2.327770948410034,0.3183187246322632,,,,,,,,,,,,,,,
19,,2059,,,,,,,,,,,,,,,,0.5244482159614563,0.10882554203271866,0.7343076467514038,0.019947946071624756,0.27056485414505005,0.04069928079843521,0.9119484424591064,0.07637584209442139,1.9362175464630127,0.12832769751548767,0.3698778748512268,3.1223087310791016,0.016368698328733444,2.2668142318725586,0.4604966342449188
,8.908179992904558e-05,2069,,,,,,,,,,,,,,,,,,,,,,,,,,,,,,
20,,2069,0.6898900270462036,0.09477940946817398,0.7712411880493164,0.03094649314880371,0.342848539352417,0.038559988141059875,0.74751216173172,0.09353114664554596,2.638289213180542,0.10097133368253708,0.3446590304374695,3.873847007751465,0.014891448430716991,2.328892230987549,0.3533730208873749,,,,,,,,,,,,,,,
,8.770027839075967e-05,2079,,,,,,,,,,,,,,,,,,,,,,,,,,,,,,
20,,2079,0.6334533095359802,0.08863995224237442,0.7103602886199951,0.012244966812431812,0.30268993973731995,0.039700381457805634,0.684499204158783,0.06627887487411499,2.5060906410217285,0.08244115859270096,0.34452149271965027,3.639134407043457,0.01019303873181343,2.222424030303955,0.43706077337265015,,,,,,,,,,,,,,,
,8.632511398668481e-05,2089,,,,,,,,,,,,,,,,,,,,,,,,,,,,,,
20,,2089,0.6235499382019043,0.11048175394535065,0.8432306051254272,0.04005046933889389,0.3192872107028961,0.03724970668554306,0.7020430564880371,0.029213175177574158,2.4272220134735107,0.07582516968250275,0.4237390160560608,3.5949642658233643,0.007346967235207558,2.371340274810791,0.37371930480003357,,,,,,,,,,,,,,,
,8.49564470401554e-05,2099,,,,,,,,,,,,,,,,,,,,,,,,,,,,,,
20,,2099,0.6041048765182495,0.13315805792808533,0.924644410610199,0.02916598692536354,0.35869351029396057,0.029333949089050293,0.7006964087486267,0.029414542019367218,2.4647738933563232,0.0995347797870636,0.4088050425052643,3.6729159355163574,0.007064579054713249,2.2622976303100586,0.445273756980896,,,,,,,,,,,,,,,
,8.359441721149822e-05,2109,,,,,,,,,,,,,,,,,,,,,,,,,,,,,,
20,,2109,0.5917038917541504,0.12223000079393387,0.8457025289535522,0.014933522790670395,0.36834561824798584,0.030030418187379837,0.6519917249679565,0.07434938102960587,2.7421998977661133,0.10876037925481796,0.379125714302063,3.9353275299072266,0.006359927821904421,2.315028190612793,0.455971360206604,,,,,,,,,,,,,,,
,8.223916348378087e-05,2119,,,,,,,,,,,,,,,,,,,,,,,,,,,,,,
20,,2119,0.5787302851676941,0.10686065256595612,0.838927686214447,0.030467182397842407,0.3396091163158417,0.038270529359579086,0.7838593125343323,0.06398054957389832,2.3318498134613037,0.08278384804725647,0.4124048054218292,3.516538143157959,0.007858475670218468,2.207592725753784,0.3456445634365082,,,,,,,,,,,,,,,
,8.089082414862984e-05,2129,,,,,,,,,,,,,,,,,,,,,,,,,,,,,,
20,,2129,0.6442364454269409,0.1318737119436264,0.7304835915565491,0.010115188546478748,0.3470386862754822,0.027378341183066368,0.7006401419639587,0.03978858143091202,2.6858019828796387,0.07950423657894135,0.33514517545700073,3.7860195636749268,0.016022734344005585,2.2812681198120117,0.28571629524230957,,,,,,,,,,,,,,,
,7.954953679211937e-05,2139,,,,,,,,,,,,,,,,,,,,,,,,,,,,,,
20,,2139,0.60902339220047,0.11813177913427353,0.8941968679428101,0.032825879752635956,0.38007843494415283,0.04350820928812027,0.7206119298934937,0.06066466122865677,2.813547134399414,0.1185765415430069,0.4044839143753052,4.070430755615234,0.016125360503792763,2.4108846187591553,0.43877917528152466,,,,,,,,,,,,,,,
,7.821543828073165e-05,2149,,,,,,,,,,,,,,,,,,,,,,,,,,,,,,
20,,2149,0.5761046409606934,0.09128657728433609,0.717872142791748,0.02064497396349907,0.28917330503463745,0.029993975535035133,0.6306371688842773,0.06433891505002975,2.4539337158203125,0.07714163511991501,0.33999377489089966,3.5359411239624023,0.005095283500850201,2.4718217849731445,0.424934059381485,,,,,,,,,,,,,,,
,7.688866474739099e-05,2159,,,,,,,,,,,,,,,,,,,,,,,,,,,,,,
20,,2159,0.6713176369667053,0.10032247751951218,0.8131501078605652,0.03420889377593994,0.2933882176876068,0.018248457461595535,0.7053185701370239,0.048676665872335434,2.633882522583008,0.13458232581615448,0.3197528123855591,3.801854133605957,0.01496544573456049,2.3533499240875244,0.3581617772579193,,,,,,,,,,,,,,,
20,,2162,,,,,,,,,,,,,,,,0.5086184144020081,0.1031414270401001,0.7212539911270142,0.019680984318256378,0.26168978214263916,0.04078488051891327,0.8759974241256714,0.07331297546625137,1.8249772787094116,0.12539410591125488,0.37056130170822144,2.9792768955230713,0.016142820939421654,2.2871851921081543,0.4516168534755707
,7.556935157757267e-05,2169,,,,,,,,,,,,,,,,,,,,,,,,,,,,,,
21,,2169,0.5743074417114258,0.1182623878121376,0.682684063911438,0.024179739877581596,0.30546972155570984,0.03846258297562599,0.5197510719299316,0.03685866296291351,2.566514015197754,0.1139121875166893,0.3231523334980011,3.57682466506958,0.012742768973112106,2.2829902172088623,0.30003949999809265,,,,,,,,,,,,,,,
,7.425763339548803e-05,2179,,,,,,,,,,,,,,,,,,,,,,,,,,,,,,
21,,2179,0.639911949634552,0.11280682682991028,0.8890878558158875,0.05305672436952591,0.36864256858825684,0.045079365372657776,0.7749900221824646,0.04857619106769562,2.475205659866333,0.1214379146695137,0.385425329208374,3.7718968391418457,0.022486736997961998,2.314539670944214,0.4567264914512634,,,,,,,,,,,,,,,
,7.29536440503472e-05,2189,,,,,,,,,,,,,,,,,,,,,,,,,,,,,,
21,,2189,0.6440315842628479,0.11625785380601883,0.6231162548065186,0.023095831274986267,0.30962589383125305,0.026380842551589012,0.6125099658966064,0.04497170448303223,2.706604480743408,0.1570739448070526,0.3670580983161926,3.7941646575927734,0.019215194508433342,2.3647942543029785,0.34708932042121887,,,,,,,,,,,,,,,
,7.165751660270099e-05,2199,,,,,,,,,,,,,,,,,,,,,,,,,,,,,,
21,,2199,0.6316998600959778,0.16615048050880432,0.8091710805892944,0.04025501012802124,0.35680091381073,0.024714427068829536,0.6713867783546448,0.0400107204914093,2.6843369007110596,0.10269446671009064,0.3843626081943512,3.8858840465545654,0.02332127094268799,2.3560445308685303,0.37072449922561646,,,,,,,,,,,,,,,
,7.036938331086348e-05,2209,,,,,,,,,,,,,,,,,,,,,,,,,,,,,,
21,,2209,0.6478996276855469,0.1692805141210556,0.8434422612190247,0.024704089388251305,0.3775881826877594,0.03482618182897568,0.7690069675445557,0.03796835243701935,2.6713201999664307,0.07243285328149796,0.3695642650127411,3.9078571796417236,0.012721574865281582,2.368178606033325,0.42536166310310364,,,,,,,,,,,,,,,
,6.908937561741585e-05,2219,,,,,,,,,,,,,,,,,,,,,,,,,,,,,,
21,,2219,0.5376389026641846,0.0888436809182167,0.7353747487068176,0.020998284220695496,0.3014414310455322,0.018741175532341003,0.568644642829895,0.04364863410592079,2.5584936141967773,0.08604826778173447,0.31517863273620605,3.5702946186065674,0.010524989105761051,2.3207740783691406,0.36274948716163635,,,,,,,,,,,,,,,
,6.7817624135794e-05,2229,,,,,,,,,,,,,,,,,,,,,,,,,,,,,,
21,,2229,0.603240966796875,0.11177854239940643,0.8301304578781128,0.03247680515050888,0.3568243086338043,0.03688521310687065,0.7577168345451355,0.059404946863651276,2.435462236404419,0.07310213148593903,0.3783557116985321,3.6527538299560547,0.029346033930778503,2.2631185054779053,0.3899281620979309,,,,,,,,,,,,,,,
,6.655425863696067e-05,2239,,,,,,,,,,,,,,,,,,,,,,,,,,,,,,
21,,2239,0.6115686297416687,0.08779340237379074,0.7678289413452148,0.030527157709002495,0.2874774634838104,0.02705996297299862,0.6621625423431396,0.03193351998925209,2.3557024002075195,0.08383578807115555,0.3586314022541046,3.4418654441833496,0.014667252078652382,2.2680468559265137,0.34181007742881775,,,,,,,,,,,,,,,
,6.529940803616348e-05,2249,,,,,,,,,,,,,,,,,,,,,,,,,,,,,,
21,,2249,0.5022578239440918,0.17180082201957703,0.8051239848136902,0.017502939328551292,0.3379031717777252,0.028867678716778755,0.7574905753135681,0.05583522841334343,2.26505708694458,0.12719149887561798,0.39071035385131836,3.418978452682495,0.017252206802368164,2.35113525390625,0.3881378173828125,,,,,,,,,,,,,,,
,6.405320037978013e-05,2259,,,,,,,,,,,,,,,,,,,,,,,,,,,,,,
21,,2259,0.6790476441383362,0.19741079211235046,0.8013549447059631,0.054138392210006714,0.3515905737876892,0.020822998136281967,0.8320440053939819,0.06024057790637016,2.6594691276550293,0.08006981015205383,0.3751024901866913,3.9442391395568848,0.005957748740911484,2.3592751026153564,0.37395820021629333,,,,,,,,,,,,,,,
21,,2265,,,,,,,,,,,,,,,,0.5048215389251709,0.09816359728574753,0.7207881808280945,0.019672991707921028,0.26727017760276794,0.035283926874399185,0.8452025055885315,0.0751384049654007,1.7710590362548828,0.12303303927183151,0.36639919877052307,2.9094979763031006,0.015357897616922855,2.2752773761749268,0.4428723454475403
,6.281576283225242e-05,2269,,,,,,,,,,,,,,,,,,,,,,,,,,,,,,
22,,2269,0.5739781260490417,0.09586505591869354,0.632685661315918,0.02613098733127117,0.31162869930267334,0.038135308772325516,0.5687295794487,0.08180049806833267,2.369105815887451,0.11252462863922119,0.3745417594909668,3.460212469100952,0.004997558426111937,2.1747348308563232,0.44030964374542236,,,,,,,,,,,,,,,
,6.15872216631104e-05,2279,,,,,,,,,,,,,,,,,,,,,,,,,,,,,,
22,,2279,0.7023118138313293,0.14341813325881958,0.7370498180389404,0.010973033495247364,0.33158910274505615,0.02939569391310215,0.7237341403961182,0.0470707044005394,2.6304209232330322,0.11351199448108673,0.3474808633327484,3.813343048095703,0.010004404932260513,2.2384212017059326,0.4006136357784271,,,,,,,,,,,,,,,
,6.0367702234087537e-05,2289,,,,,,,,,,,,,,,,,,,,,,,,,,,,,,
22,,2289,0.5764510035514832,0.16356174647808075,0.7186410427093506,0.0374566987156868,0.3132576644420624,0.02330673113465309,0.7209025621414185,0.05610283091664314,2.2429165840148926,0.12002962827682495,0.34132829308509827,3.3998758792877197,0.01283312402665615,2.3319101333618164,0.4162023067474365,,,,,,,,,,,,,,,
,5.9157328986328715e-05,2299,,,,,,,,,,,,,,,,,,,,,,,,,,,,,,
22,,2299,0.6074244379997253,0.14400362968444824,0.7584324479103088,0.011669154278934002,0.3345916271209717,0.03790372610092163,0.6692284941673279,0.06967168301343918,2.6640875339508057,0.09923463314771652,0.33170315623283386,3.825763702392578,0.004759450443089008,2.295344591140747,0.45199882984161377,,,,,,,,,,,,,,,
,5.795622542769206e-05,2309,,,,,,,,,,,,,,,,,,,,,,,,,,,,,,
22,,2309,0.6523275375366211,0.11522437632083893,0.8129003643989563,0.01350776944309473,0.40611764788627625,0.023508345708251,0.6712441444396973,0.08496978878974915,2.7232236862182617,0.11403639614582062,0.42612266540527344,3.9806456565856934,0.013754292391240597,2.3390748500823975,0.4854717552661896,,,,,,,,,,,,,,,
,5.676451412014627e-05,2319,,,,,,,,,,,,,,,,,,,,,,,,,,,,,,
22,,2319,0.65797358751297,0.10207322984933853,0.7401690483093262,0.024075966328382492,0.3453371226787567,0.026500005275011063,0.6175194382667542,0.09027664363384247,2.783336877822876,0.14122913777828217,0.39041051268577576,3.9919142723083496,0.011000271886587143,2.305581569671631,0.46042320132255554,,,,,,,,,,,,,,,
,5.558231666726396e-05,2329,,,,,,,,,,,,,,,,,,,,,,,,,,,,,,
22,,2329,0.5608305931091309,0.1050749197602272,0.7793853878974915,0.04293182119727135,0.28729742765426636,0.030793270096182823,0.765958845615387,0.05835433676838875,2.3521435260772705,0.1075127124786377,0.2918168604373932,3.4705870151519775,0.01620343327522278,2.2885260581970215,0.3049737215042114,,,,,,,,,,,,,,,
,5.440975370181322e-05,2339,,,,,,,,,,,,,,,,,,,,,,,,,,,,,,
22,,2339,0.53743577003479,0.0942164808511734,0.7479743957519531,0.01990017481148243,0.29937803745269775,0.03518914431333542,0.5442526936531067,0.05702875927090645,2.307097911834717,0.119545117020607,0.36605796217918396,3.373335123062134,0.008038233034312725,2.2998578548431396,0.43609142303466797,,,,,,,,,,,,,,,
,5.324694487344825e-05,2349,,,,,,,,,,,,,,,,,,,,,,,,,,,,,,
22,,2349,0.6005548238754272,0.09296951442956924,0.7131460309028625,0.04271345213055611,0.30781838297843933,0.024323413148522377,0.6371635794639587,0.06208086758852005,2.5941576957702637,0.09959975630044937,0.31718891859054565,3.697732448577881,0.024431820958852768,2.252227306365967,0.32051539421081543,,,,,,,,,,,,,,,
,5.209400883649991e-05,2359,,,,,,,,,,,,,,,,,,,,,,,,,,,,,,
22,,2359,0.563005805015564,0.09975529462099075,0.7766847610473633,0.027171993628144264,0.30579739809036255,0.031216571107506752,0.5872778296470642,0.0658513605594635,2.302729606628418,0.05755496397614479,0.3203173577785492,3.3817713260650635,0.012439564801752567,2.258195161819458,0.3586483597755432,,,,,,,,,,,,,,,
22,,2368,,,,,,,,,,,,,,,,0.49372872710227966,0.09913238137960434,0.7183588743209839,0.019411399960517883,0.2574935555458069,0.03507601469755173,0.8430683016777039,0.07383263111114502,1.6859718561172485,0.12160065025091171,0.35921424627304077,2.808232069015503,0.015583261847496033,2.2420103549957275,0.42882266640663147
,5.095106323786831e-05,2369,,,,,,,,,,,,,,,,,,,,,,,,,,,,,,
23,,2369,0.5963024497032166,0.1229882687330246,0.8092238306999207,0.031159112229943275,0.3663995563983917,0.027778854593634605,0.6908091902732849,0.05450564622879028,2.7298460006713867,0.0776982307434082,0.3917316794395447,3.9264447689056396,0.008295874111354351,2.275824546813965,0.48110684752464294,,,,,,,,,,,,,,,
,4.981822470501787e-05,2379,,,,,,,,,,,,,,,,,,,,,,,,,,,,,,
23,,2379,0.5657829642295837,0.10527709126472473,0.9735214114189148,0.02629377320408821,0.40242478251457214,0.03805815055966377,0.8550105690956116,0.07151111215353012,2.645700693130493,0.05355674773454666,0.4097655415534973,3.922780752182007,0.00832107849419117,2.4733657836914062,0.43506965041160583,,,,,,,,,,,,,,,
,4.8695608834076586e-05,2389,,,,,,,,,,,,,,,,,,,,,,,,,,,,,,
23,,2389,0.6061643958091736,0.08692631870508194,0.9641348719596863,0.04072429612278938,0.36461764574050903,0.037032488733530045,0.7978681325912476,0.06085093319416046,2.643491268157959,0.12647178769111633,0.37162214517593384,3.8962414264678955,0.012989222072064877,2.412513256072998,0.3621980547904968,,,,,,,,,,,,,,,
,4.758333017804043e-05,2399,,,,,,,,,,,,,,,,,,,,,,,,,,,,,,
23,,2399,0.6669386625289917,0.21917259693145752,1.039570927619934,0.04095626622438431,0.3351863622665405,0.044193707406520844,1.1386040449142456,0.04629999399185181,2.4960997104644775,0.09132059663534164,0.4159284830093384,3.9484875202178955,0.011399687267839909,2.334580421447754,0.4443126320838928,,,,,,,,,,,,,,,
,4.64815022350842e-05,2409,,,,,,,,,,,,,,,,,,,,,,,,,,,,,,
23,,2409,0.6365918517112732,0.10921132564544678,0.7193604707717896,0.019363509491086006,0.30933162569999695,0.02989448979496956,0.5412824153900146,0.05624190345406532,2.720947265625,0.08699116855859756,0.3160196840763092,3.7905502319335938,0.00848641898483038,2.2712979316711426,0.3462303578853607,,,,,,,,,,,,,,,
,4.539023743698025e-05,2419,,,,,,,,,,,,,,,,,,,,,,,,,,,,,,
23,,2419,0.5852212905883789,0.07312373071908951,0.6276456117630005,0.020558003336191177,0.24955341219902039,0.037515901029109955,0.4775550663471222,0.029245272278785706,2.145942449569702,0.08149846643209457,0.32108867168426514,3.0792298316955566,0.013905268162488937,2.3712058067321777,0.27482330799102783,,,,,,,,,,,,,,,
,4.4309647137625495e-05,2429,,,,,,,,,,,,,,,,,,,,,,,,,,,,,,
23,,2429,0.6327539086341858,0.23178882896900177,0.8274211883544922,0.029650606215000153,0.35716676712036133,0.0484645739197731,0.941942572593689,0.03029647096991539,2.3304262161254883,0.0630316212773323,0.41468244791030884,3.6571388244628906,0.022051604464650154,2.4320120811462402,0.4866461455821991,,,,,,,,,,,,,,,
,4.3239841601678935e-05,2439,,,,,,,,,,,,,,,,,,,,,,,,,,,,,,
23,,2439,0.5912544131278992,0.11422848701477051,1.0353642702102661,0.034427717328071594,0.35316169261932373,0.03023562766611576,0.8753846287727356,0.07958449423313141,2.245732307434082,0.0822397917509079,0.3706958293914795,3.5424702167510986,0.0077072568237781525,2.3404951095581055,0.38120365142822266,,,,,,,,,,,,,,,
,4.218092999331009e-05,2449,,,,,,,,,,,,,,,,,,,,,,,,,,,,,,
23,,2449,0.520899772644043,0.10108545422554016,0.6827978491783142,0.02526237443089485,0.288921058177948,0.023322325199842453,0.5423358678817749,0.06446312367916107,2.1893889904022217,0.10707033425569534,0.36238381266593933,3.217371702194214,0.01703832484781742,2.331820249557495,0.3582756519317627,,,,,,,,,,,,,,,
,4.113302036505985e-05,2459,,,,,,,,,,,,,,,,,,,,,,,,,,,,,,
23,,2459,0.598879337310791,0.17716550827026367,0.8984844088554382,0.028255559504032135,0.3917902708053589,0.026261821389198303,0.7597150206565857,0.052182022482156754,2.730731248855591,0.07150328159332275,0.39818358421325684,3.9759292602539062,0.018758544698357582,2.299529552459717,0.38260340690612793,,,,,,,,,,,,,,,
,4.009621964681447e-05,2469,,,,,,,,,,,,,,,,,,,,,,,,,,,,,,
23,,2469,0.6113776564598083,0.09692734479904175,0.6532079577445984,0.009636188857257366,0.32351362705230713,0.04932515323162079,0.5570397973060608,0.07113752514123917,2.6211659908294678,0.144662544131279,0.3467852771282196,3.682852268218994,0.006942915264517069,2.3148045539855957,0.3256331980228424,,,,,,,,,,,,,,,
23,,2471,,,,,,,,,,,,,,,,0.49434489011764526,0.09734589606523514,0.7076395750045776,0.018932074308395386,0.2568976581096649,0.033409204334020615,0.816247284412384,0.07315222918987274,1.659494400024414,0.12254095822572708,0.3591347634792328,2.767812728881836,0.015971221029758453,2.290907859802246,0.4222036898136139
,3.907063363489444e-05,2479,,,,,,,,,,,,,,,,,,,,,,,,,,,,,,
24,,2479,0.49103763699531555,0.07062621414661407,0.6713044047355652,0.023448072373867035,0.2833269238471985,0.049910787492990494,0.6095475554466248,0.04974567890167236,2.156139373779297,0.14009401202201843,0.3270886540412903,3.1530847549438477,0.006831015460193157,2.248566150665283,0.3571799099445343,,,,,,,,,,,,,,,
,3.805636698125899e-05,2489,,,,,,,,,,,,,,,,,,,,,,,,,,,,,,
24,,2489,0.5828357934951782,0.17669540643692017,0.8780170679092407,0.027830881997942924,0.34581828117370605,0.028526747599244118,0.7636623978614807,0.06761115789413452,2.2907211780548096,0.07160253822803497,0.3740050494670868,3.5327935218811035,0.004954731557518244,2.295560836791992,0.4633316397666931,,,,,,,,,,,,,,,
,3.7053523182827125e-05,2499,,,,,,,,,,,,,,,,,,,,,,,,,,,,,,
24,,2499,0.6334080696105957,0.09598934650421143,0.7483493089675903,0.03235289081931114,0.2516210079193115,0.04064161702990532,0.6030014753341675,0.03778313100337982,2.2306180000305176,0.12495274841785431,0.3929605185985565,3.3310282230377197,0.012685800902545452,2.374361515045166,0.35557451844215393,,,,,,,,,,,,,,,
,3.6062204570916726e-05,2509,,,,,,,,,,,,,,,,,,,,,,,,,,,,,,
24,,2509,0.49181032180786133,0.15307050943374634,0.6907539367675781,0.03505552187561989,0.29751357436180115,0.025196781381964684,0.6938097476959229,0.04131527990102768,2.144859790802002,0.1098877564072609,0.32909098267555237,3.1767635345458984,0.01853216253221035,2.349524736404419,0.2663683593273163,,,,,,,,,,,,,,,
,3.508251230080274e-05,2519,,,,,,,,,,,,,,,,,,,,,,,,,,,,,,
24,,2519,0.6344808340072632,0.11700209230184555,0.7316977977752686,0.0467100664973259,0.3272303640842438,0.02342236042022705,0.5255628228187561,0.06920778006315231,2.530402183532715,0.07551436126232147,0.30903539061546326,3.6426055431365967,0.00865943357348442,2.4464457035064697,0.3534387946128845,,,,,,,,,,,,,,,
,3.411454634139485e-05,2529,,,,,,,,,,,,,,,,,,,,,,,,,,,,,,
24,,2529,0.5017990469932556,0.0740065649151802,0.7577981948852539,0.026105839759111404,0.30712035298347473,0.025943243876099586,0.5280764102935791,0.024997910484671593,2.2172975540161133,0.05047484487295151,0.37627896666526794,3.21427321434021,0.013046502135694027,2.3144373893737793,0.4012860059738159,,,,,,,,,,,,,,,
,3.315840546503677e-05,2539,,,,,,,,,,,,,,,,,,,,,,,,,,,,,,
24,,2539,0.6057934761047363,0.19636067748069763,0.7159452438354492,0.024348651990294456,0.32668834924697876,0.03082413226366043,0.6244924664497375,0.02967895194888115,2.663451910018921,0.09672600030899048,0.339130163192749,3.778984785079956,0.024040069431066513,2.4240105152130127,0.35232672095298767,,,,,,,,,,,,,,,
,3.2214187237427284e-05,2549,,,,,,,,,,,,,,,,,,,,,,,,,,,,,,
24,,2549,0.6315885782241821,0.10079669952392578,0.8817987442016602,0.050803571939468384,0.3598182797431946,0.036037009209394455,0.6903029084205627,0.04302790388464928,2.595618486404419,0.06035791337490082,0.3224250376224518,3.783749580383301,0.01711479015648365,2.450324058532715,0.3414819836616516,,,,,,,,,,,,,,,
,3.1281988007664723e-05,2559,,,,,,,,,,,,,,,,,,,,,,,,,,,,,,
24,,2559,0.5472843050956726,0.08733540028333664,0.8140328526496887,0.020526695996522903,0.3280351459980011,0.029113665223121643,0.6026713252067566,0.016526073217391968,2.2067039012908936,0.07634936273097992,0.46530911326408386,3.293527603149414,0.01642671227455139,2.354388952255249,0.4293670952320099,,,,,,,,,,,,,,,
,3.036190289841509e-05,2569,,,,,,,,,,,,,,,,,,,,,,,,,,,,,,
24,,2569,0.6322250962257385,0.08502257615327835,0.6791991591453552,0.044483400881290436,0.32364892959594727,0.018210969865322113,0.6491745114326477,0.05782328173518181,2.6859912872314453,0.07152251154184341,0.350437194108963,3.7654013633728027,0.006425235886126757,2.39306378364563,0.27889859676361084,,,,,,,,,,,,,,,
24,,2574,,,,,,,,,,,,,,,,0.48818716406822205,0.09555743634700775,0.7025177478790283,0.01912703551352024,0.24843814969062805,0.036794740706682205,0.8045716285705566,0.07296295464038849,1.5833405256271362,0.12256299704313278,0.3559146821498871,2.6804990768432617,0.015764199197292328,2.24167799949646,0.41671717166900635
,2.94540257962059e-05,2579,,,,,,,,,,,,,,,,,,,,,,,,,,,,,,
25,,2579,0.5395945906639099,0.11177655309438705,0.6364364624023438,0.036676183342933655,0.3035992980003357,0.029159724712371826,0.5185922384262085,0.03818540647625923,2.1982548236846924,0.06620749831199646,0.40165165066719055,3.230715036392212,0.00917214434593916,2.3382208347320557,0.4419946074485779,,,,,,,,,,,,,,,
,2.8558449341845735e-05,2589,,,,,,,,,,,,,,,,,,,,,,,,,,,,,,
25,,2589,0.5616645216941833,0.1144862249493599,0.7159825563430786,0.01519312895834446,0.28939196467399597,0.041628267616033554,0.6455620527267456,0.07925470173358917,2.670480489730835,0.07466442883014679,0.3158677816390991,3.766265869140625,0.013162195682525635,2.3101909160614014,0.3927598297595978,,,,,,,,,,,,,,,
,2.767526492097116e-05,2599,,,,,,,,,,,,,,,,,,,,,,,,,,,,,,
25,,2599,0.5527830719947815,0.13691052794456482,0.868505597114563,0.03254521265625954,0.3861587941646576,0.026487553492188454,0.716107189655304,0.036891721189022064,2.593308210372925,0.06869833171367645,0.3515773415565491,3.7267487049102783,0.022237645462155342,2.397918224334717,0.26876091957092285,,,,,,,,,,,,,,,
,2.6804562654721584e-05,2609,,,,,,,,,,,,,,,,,,,,,,,,,,,,,,
25,,2609,0.5875898599624634,0.11852958798408508,0.7723978757858276,0.01391229685395956,0.3094302713871002,0.026573339477181435,0.715088963508606,0.027905713766813278,2.2677533626556396,0.07362445443868637,0.3278399407863617,3.3465065956115723,0.00574154406785965,2.258517026901245,0.3741320073604584,,,,,,,,,,,,,,,
,2.59464313905432e-05,2619,,,,,,,,,,,,,,,,,,,,,,,,,,,,,,
25,,2619,0.5627825856208801,0.11398050934076309,0.7857763767242432,0.03915625438094139,0.3016149401664734,0.034045882523059845,0.7648114562034607,0.047094520181417465,2.268495559692383,0.1183755099773407,0.312861829996109,3.394057512283325,0.02452917769551277,2.3706488609313965,0.29369139671325684,,,,,,,,,,,,,,,
,2.5100958693122952e-05,2629,,,,,,,,,,,,,,,,,,,,,,,,,,,,,,
25,,2629,0.5813032388687134,0.07086296379566193,0.7354362607002258,0.027687307447195053,0.32329878211021423,0.02044791728258133,0.6266041994094849,0.04889204353094101,2.531355857849121,0.06427166610956192,0.35561931133270264,3.599552631378174,0.018379637971520424,2.376736879348755,0.3504866659641266,,,,,,,,,,,,,,,
,2.426823083545323e-05,2639,,,,,,,,,,,,,,,,,,,,,,,,,,,,,,
25,,2639,0.591217041015625,0.19801238179206848,0.8462114930152893,0.03861764818429947,0.3641301393508911,0.04044726490974426,0.8549532890319824,0.04643261805176735,2.8452789783477783,0.07830386608839035,0.4521068036556244,4.101794719696045,0.012152766808867455,2.4762234687805176,0.3449150025844574,,,,,,,,,,,,,,,
,2.3448332790028502e-05,2649,,,,,,,,,,,,,,,,,,,,,,,,,,,,,,
25,,2649,0.558327853679657,0.10201393067836761,0.8092017769813538,0.011837368831038475,0.28720420598983765,0.03202041611075401,0.7287795543670654,0.0748334527015686,2.4064149856567383,0.1169753223657608,0.37118858098983765,3.55664324760437,0.014765194617211819,2.2502830028533936,0.4142386317253113,,,,,,,,,,,,,,,
,2.264134822017477e-05,2659,,,,,,,,,,,,,,,,,,,,,,,,,,,,,,
25,,2659,0.541496753692627,0.08711142838001251,0.8398632407188416,0.0351533479988575,0.3451562821865082,0.021419761702418327,0.5893815755844116,0.05641684681177139,2.3554906845092773,0.06530003249645233,0.38094156980514526,3.51169753074646,0.0184222012758255,2.2844936847686768,0.5277829170227051,,,,,,,,,,,,,,,
,2.1847359471512245e-05,2669,,,,,,,,,,,,,,,,,,,,,,,,,,,,,,
25,,2669,0.5631073713302612,0.1684710830450058,0.7001410126686096,0.02202213741838932,0.30152812600135803,0.05376698076725006,0.6201683878898621,0.06754573434591293,2.3259832859039307,0.0881110280752182,0.31754082441329956,3.434352159500122,0.006120631936937571,2.3702445030212402,0.3988768458366394,,,,,,,,,,,,,,,
25,,2677,,,,,,,,,,,,,,,,0.4893192946910858,0.09283394366502762,0.7002976536750793,0.019286377355456352,0.2488962709903717,0.03409349173307419,0.7939772605895996,0.07185671478509903,1.5781892538070679,0.12127667665481567,0.3552905023097992,2.66817569732666,0.015772083774209023,2.256211280822754,0.41391271352767944
,2.1066447563552867e-05,2679,,,,,,,,,,,,,,,,,,,,,,,,,,,,,,
26,,2679,0.5461785793304443,0.3179457485675812,0.853071928024292,0.020243173465132713,0.3178679049015045,0.039287686347961426,0.9966751337051392,0.07722697407007217,2.317594528198242,0.06923264265060425,0.3534104526042938,3.619849920272827,0.017479566857218742,2.3243398666381836,0.3392329812049866,,,,,,,,,,,,,,,
,2.0298692181432784e-05,2689,,,,,,,,,,,,,,,,,,,,,,,,,,,,,,
26,,2689,0.592258095741272,0.12303034216165543,0.8078957200050354,0.028174905106425285,0.34995099902153015,0.0307786762714386,0.6894749999046326,0.06949004530906677,2.467242479324341,0.16181743144989014,0.37641164660453796,3.677326202392578,0.01631489396095276,2.3536784648895264,0.4453106224536896,,,,,,,,,,,,,,,
,1.9544171667781594e-05,2699,,,,,,,,,,,,,,,,,,,,,,,,,,,,,,
26,,2699,0.5079147219657898,0.07434464991092682,0.6630708575248718,0.012395941652357578,0.24954091012477875,0.03020693175494671,0.5861786603927612,0.022950828075408936,2.0731914043426514,0.09858102351427078,0.3394111394882202,3.0312659740448,0.028349800035357475,2.244544744491577,0.35019534826278687,,,,,,,,,,,,,,,
,1.880296301472772e-05,2709,,,,,,,,,,,,,,,,,,,,,,,,,,,,,,
26,,2709,0.6852111220359802,0.1389007270336151,0.808322548866272,0.04000561684370041,0.3289955258369446,0.01769828051328659,0.7553631663322449,0.027082189917564392,2.6576671600341797,0.06044009327888489,0.31614431738853455,3.8149845600128174,0.011176991276443005,2.4526028633117676,0.28718695044517517,,,,,,,,,,,,,,,
,1.8075141856042252e-05,2719,,,,,,,,,,,,,,,,,,,,,,,,,,,,,,
26,,2719,0.6491187810897827,0.11125770956277847,0.9264841079711914,0.019938025623559952,0.3992662727832794,0.02143351547420025,0.7460811138153076,0.04996325075626373,2.651883363723755,0.07070422172546387,0.4149738550186157,3.9161391258239746,0.02276882342994213,2.4278433322906494,0.44641387462615967,,,,,,,,,,,,,,,
,1.736078245942129e-05,2729,,,,,,,,,,,,,,,,,,,,,,,,,,,,,,
26,,2729,0.578907310962677,0.09343969821929932,0.7217007279396057,0.019315792247653008,0.30325233936309814,0.034286707639694214,0.5490581393241882,0.08427555859088898,2.2259361743927,0.05521422252058983,0.3586835265159607,3.3122289180755615,0.014391685836017132,2.408956527709961,0.38243407011032104,,,,,,,,,,,,,,,
,1.6659957718907402e-05,2739,,,,,,,,,,,,,,,,,,,,,,,,,,,,,,
26,,2739,0.5488811135292053,0.12315773963928223,0.7026166319847107,0.03916092962026596,0.29871729016304016,0.03126506507396698,0.532363772392273,0.026874355971813202,2.0783960819244385,0.0809563398361206,0.3635183572769165,3.08752179145813,0.020493539050221443,2.3765032291412354,0.2661946415901184,,,,,,,,,,,,,,,
,1.597273914745148e-05,2749,,,,,,,,,,,,,,,,,,,,,,,,,,,,,,
26,,2749,0.6049141883850098,0.13880982995033264,0.9927698969841003,0.03827214613556862,0.38354724645614624,0.032796576619148254,0.7792617678642273,0.08968149870634079,2.487093448638916,0.09529443830251694,0.3637036979198456,3.815736770629883,0.008067426271736622,2.2677104473114014,0.4755839407444,,,,,,,,,,,,,,,
,1.52991968696155e-05,2759,,,,,,,,,,,,,,,,,,,,,,,,,,,,,,
26,,2759,0.6557730436325073,0.12204867601394653,0.7645106911659241,0.018006956204771996,0.32790395617485046,0.01945684291422367,0.5845873355865479,0.029017992317676544,2.5445103645324707,0.05032198131084442,0.3219136893749237,3.621175527572632,0.014360237866640091,2.493243455886841,0.33146172761917114,,,,,,,,,,,,,,,
,1.4639399614417052e-05,2769,,,,,,,,,,,,,,,,,,,,,,,,,,,,,,
26,,2769,0.5985968708992004,0.09714221209287643,0.7693754434585571,0.03745567798614502,0.2934829890727997,0.027036750689148903,0.5062130093574524,0.04026617482304573,2.243269205093384,0.04695557802915573,0.3342852294445038,3.3118197917938232,0.018087629228830338,2.4872004985809326,0.3881005644798279,,,,,,,,,,,,,,,
,1.3993414708315914e-05,2779,,,,,,,,,,,,,,,,,,,,,,,,,,,,,,
26,,2779,0.610372006893158,0.23340845108032227,0.6386979222297668,0.026570400223135948,0.27868300676345825,0.02403855137526989,0.6922770738601685,0.07679082453250885,2.3584980964660645,0.07731949537992477,0.35414817929267883,3.5323193073272705,0.008575428277254105,2.260871171951294,0.4484633803367615,,,,,,,,,,,,,,,
26,,2780,,,,,,,,,,,,,,,,0.4810471534729004,0.09406085312366486,0.698650062084198,0.019240934401750565,0.24800994992256165,0.035607028752565384,0.7907047867774963,0.07237794995307922,1.5668063163757324,0.12070155888795853,0.35443535447120667,2.650892496109009,0.01570109650492668,2.2510955333709717,0.4084949791431427
,1.3361308068344084e-05,2789,,,,,,,,,,,,,,,,,,,,,,,,,,,,,,
27,,2789,0.6402143239974976,0.10717003792524338,0.7126017212867737,0.017824385315179825,0.29194381833076477,0.03186341002583504,0.5796456336975098,0.0693664699792862,2.671475410461426,0.05923681706190109,0.3456158936023712,3.770604372024536,0.005375767592340708,2.2908458709716797,0.3932294249534607,,,,,,,,,,,,,,,
,1.2743144195379685e-05,2799,,,,,,,,,,,,,,,,,,,,,,,,,,,,,,
27,,2799,0.6675516366958618,0.07938457280397415,0.9331673979759216,0.044647086411714554,0.35618454217910767,0.028162650763988495,0.6492424011230469,0.02468402311205864,2.75335693359375,0.04798244684934616,0.4357599914073944,3.962550640106201,0.018236873671412468,2.305813789367676,0.3878615200519562,,,,,,,,,,,,,,,
,1.2138986167564991e-05,2809,,,,,,,,,,,,,,,,,,,,,,,,,,,,,,
27,,2809,0.571541428565979,0.09755541384220123,0.8016394376754761,0.034241531044244766,0.3377804458141327,0.020918557420372963,0.6134580969810486,0.05797487497329712,2.3004024028778076,0.07033127546310425,0.4361509084701538,3.464413642883301,0.03964925929903984,2.3034870624542236,0.4027077853679657,,,,,,,,,,,,,,,
,1.1548895633869981e-05,2819,,,,,,,,,,,,,,,,,,,,,,,,,,,,,,
27,,2819,0.5927452445030212,0.11240163445472717,0.7388173341751099,0.034073397517204285,0.3330063819885254,0.031893499195575714,0.61862713098526,0.09317965805530548,2.647412061691284,0.16369225084781647,0.40843114256858826,3.8495264053344727,0.018326979130506516,2.1638050079345703,0.44486939907073975,,,,,,,,,,,,,,,
,1.0972932807801555e-05,2829,,,,,,,,,,,,,,,,,,,,,,,,,,,,,,
27,,2829,0.5659278035163879,0.15316186845302582,0.8060020208358765,0.03261246159672737,0.37186652421951294,0.0230307225137949,0.7196058034896851,0.051780425012111664,2.5910418033599854,0.06285902112722397,0.3464735150337219,3.724289894104004,0.02236035093665123,2.467038869857788,0.2578619420528412,,,,,,,,,,,,,,,
,1.041115646125944e-05,2839,,,,,,,,,,,,,,,,,,,,,,,,,,,,,,
27,,2839,0.5504726767539978,0.0906958132982254,0.6315464377403259,0.019146349281072617,0.25526073575019836,0.02793046087026596,0.5551726222038269,0.03126809000968933,2.1967484951019287,0.06598510593175888,0.3632459342479706,3.1699204444885254,0.01190943643450737,2.3218650817871094,0.36916330456733704,,,,,,,,,,,,,,,
,9.863623918538748e-06,2849,,,,,,,,,,,,,,,,,,,,,,,,,,,,,,
27,,2849,0.5999424457550049,0.09872234612703323,0.6354367733001709,0.019257312640547752,0.28538617491722107,0.0301614198833704,0.4897986650466919,0.031421490013599396,2.4946401119232178,0.09244273602962494,0.29807090759277344,3.455033540725708,0.018566301092505455,2.3864123821258545,0.2623331546783447,,,,,,,,,,,,,,,
,9.330391050480785e-06,2859,,,,,,,,,,,,,,,,,,,,,,,,,,,,,,
27,,2859,0.6736767888069153,0.23378479480743408,1.0377074480056763,0.05603490024805069,0.37980055809020996,0.043360378593206406,0.9479548335075378,0.0537472739815712,2.789168357849121,0.10057355463504791,0.48875051736831665,4.277726173400879,0.006142776925116777,2.215973138809204,0.5483766794204712,,,,,,,,,,,,,,,
,8.811512268771902e-06,2869,,,,,,,,,,,,,,,,,,,,,,,,,,,,,,
27,,2869,0.5651868581771851,0.23027627170085907,0.9909510612487793,0.025288334116339684,0.3413090109825134,0.031223056837916374,0.8403498530387878,0.06900987774133682,2.3829729557037354,0.08661334216594696,0.4345960319042206,3.7251789569854736,0.023459021002054214,2.373567581176758,0.4717414975166321,,,,,,,,,,,,,,,
,8.307040520391055e-06,2879,,,,,,,,,,,,,,,,,,,,,,,,,,,,,,
27,,2879,0.5171939730644226,0.09166780859231949,0.7151453495025635,0.012774312868714333,0.31724390387535095,0.037019189447164536,0.5484144687652588,0.044329799711704254,2.0871548652648926,0.11053694784641266,0.3377600908279419,3.1002936363220215,0.016962887719273567,2.3727359771728516,0.36735743284225464,,,,,,,,,,,,,,,
27,,2883,,,,,,,,,,,,,,,,0.4838325083255768,0.09359049052000046,0.6968379616737366,0.019003599882125854,0.24778534471988678,0.03542010113596916,0.791210949420929,0.07225090265274048,1.5516222715377808,0.12095021456480026,0.3530735373497009,2.635793924331665,0.015608390793204308,2.234238386154175,0.40896159410476685
,7.81702728220731e-06,2889,,,,,,,,,,,,,,,,,,,,,,,,,,,,,,
28,,2889,0.6282448768615723,0.20197303593158722,0.8889577388763428,0.03109147772192955,0.3566358983516693,0.026629092171788216,0.8957295417785645,0.06694144755601883,2.447330951690674,0.11308874934911728,0.3679172992706299,3.800891876220703,0.030602343380451202,2.1800267696380615,0.48791322112083435,,,,,,,,,,,,,,,
,7.34152255572697e-06,2899,,,,,,,,,,,,,,,,,,,,,,,,,,,,,,
28,,2899,0.5217384696006775,0.13153056800365448,0.7813607454299927,0.03605212643742561,0.33851557970046997,0.040147870779037476,0.7204345464706421,0.03094286471605301,2.2685768604278564,0.13368935883045197,0.34170496463775635,3.3726389408111572,0.016184741631150246,2.256587505340576,0.33262261748313904,,,,,,,,,,,,,,,
,6.8805748619912835e-06,2909,,,,,,,,,,,,,,,,,,,,,,,,,,,,,,
28,,2909,0.5769333243370056,0.18393076956272125,0.8638941645622253,0.03901547193527222,0.3800654709339142,0.03298331797122955,0.8240596652030945,0.05185755342245102,2.6664562225341797,0.09775342792272568,0.34938862919807434,3.891791582107544,0.026728948578238487,2.3898630142211914,0.28154194355010986,,,,,,,,,,,,,,,
,6.434231236625398e-06,2919,,,,,,,,,,,,,,,,,,,,,,,,,,,,,,
28,,2919,0.5584193468093872,0.11770953238010406,0.7534019351005554,0.05547638237476349,0.3285902738571167,0.026722731068730354,0.7440989017486572,0.03852519020438194,2.1887660026550293,0.07970119267702103,0.38223883509635925,3.3209564685821533,0.022480232641100883,2.434812545776367,0.3115255534648895,,,,,,,,,,,,,,,
,6.002537225038806e-06,2929,,,,,,,,,,,,,,,,,,,,,,,,,,,,,,
28,,2929,0.5928900837898254,0.10062183439731598,0.8487011194229126,0.023503778502345085,0.31135162711143494,0.02079211361706257,0.6712498068809509,0.05456943437457085,2.6652536392211914,0.05979631841182709,0.33728164434432983,3.814160108566284,0.009166310541331768,2.3789119720458984,0.4596354365348816,,,,,,,,,,,,,,,
,5.585536877777802e-06,2939,,,,,,,,,,,,,,,,,,,,,,,,,,,,,,
28,,2939,0.5651051998138428,0.12352661788463593,0.7434418797492981,0.017920883372426033,0.28708216547966003,0.03963155299425125,0.7056482434272766,0.04171452298760414,2.204820156097412,0.1327449083328247,0.3244094252586365,3.28389835357666,0.008505960926413536,2.3417539596557617,0.343830943107605,,,,,,,,,,,,,,,
,5.183272746030459e-06,2949,,,,,,,,,,,,,,,,,,,,,,,,,,,,,,
28,,2949,0.5628907084465027,0.1387265920639038,0.8166685700416565,0.03768328204751015,0.3673795759677887,0.023752164095640182,0.6798183917999268,0.05801074951887131,2.3134424686431885,0.18078091740608215,0.4196981191635132,3.533615827560425,0.03343595191836357,2.3464696407318115,0.41458186507225037,,,,,,,,,,,,,,,
,4.795785877284785e-06,2959,,,,,,,,,,,,,,,,,,,,,,,,,,,,,,
28,,2959,0.6962295174598694,0.12566660344600677,0.7459250688552856,0.025533150881528854,0.3549693524837494,0.02783895656466484,0.6855958104133606,0.04149038344621658,2.5471115112304688,0.10984742641448975,0.3993850648403168,3.7270262241363525,0.010339075699448586,2.2756290435791016,0.366594523191452,,,,,,,,,,,,,,,
,4.423115811140093e-06,2969,,,,,,,,,,,,,,,,,,,,,,,,,,,,,,
28,,2969,0.6421772837638855,0.07934129238128662,0.8513437509536743,0.03319777920842171,0.34410569071769714,0.026784345507621765,0.7007787823677063,0.08296078443527222,2.4655163288116455,0.11810562014579773,0.3791435658931732,3.7180192470550537,0.01070396602153778,2.1880085468292236,0.4975132942199707,,,,,,,,,,,,,,,
,4.06530057527234e-06,2979,,,,,,,,,,,,,,,,,,,,,,,,,,,,,,
28,,2979,0.6161297559738159,0.16412770748138428,0.8635594844818115,0.021780889481306076,0.3491791784763336,0.021137366071343422,0.7673685550689697,0.06558136641979218,2.6838316917419434,0.10951454192399979,0.3687947988510132,3.9291083812713623,0.00965156964957714,2.3398501873016357,0.45195749402046204,,,,,,,,,,,,,,,
28,,2986,,,,,,,,,,,,,,,,0.4843958020210266,0.09321632236242294,0.6932167410850525,0.018941940739750862,0.24758552014827728,0.0338730663061142,0.7860012650489807,0.0722968652844429,1.551294207572937,0.12066284567117691,0.35347622632980347,2.6319615840911865,0.015592684969305992,2.240222692489624,0.4075281023979187
,3.7223766815537848e-06,2989,,,,,,,,,,,,,,,,,,,,,,,,,,,,,,
29,,2989,0.5924639105796814,0.1288611739873886,0.8667498826980591,0.05332334712147713,0.33673563599586487,0.031139254570007324,0.8540176153182983,0.013394074514508247,2.3064541816711426,0.042994700372219086,0.4364948570728302,3.5157012939453125,0.007336742244660854,2.366670846939087,0.4012846052646637,,,,,,,,,,,,,,,
,3.3943791223272676e-06,2999,,,,,,,,,,,,,,,,,,,,,,,,,,,,,,
29,,2999,0.5569482445716858,0.09864561259746552,0.8302936553955078,0.035957980901002884,0.3521996736526489,0.034376196563243866,0.7516334056854248,0.05130396783351898,2.625957727432251,0.1392388939857483,0.37108877301216125,3.821643829345703,0.023716049268841743,2.225740432739258,0.43145933747291565,,,,,,,,,,,,,,,
,3.081341366835516e-06,3009,,,,,,,,,,,,,,,,,,,,,,,,,,,,,,
29,,3009,0.6387777328491211,0.14620883762836456,0.8354511857032776,0.05210062861442566,0.3567974865436554,0.040915414690971375,0.6980730891227722,0.06983806937932968,2.668245315551758,0.073700450360775,0.3594185411930084,3.896780490875244,0.013490233570337296,2.235305070877075,0.3249478042125702,,,,,,,,,,,,,,,
,2.7832953578059426e-06,3019,,,,,,,,,,,,,,,,,,,,,,,,,,,,,,
29,,3019,0.5639538168907166,0.08378484845161438,0.6235615015029907,0.0254400372505188,0.294557124376297,0.02662903442978859,0.5023958683013916,0.05843479931354523,2.3032898902893066,0.102409727871418,0.36938178539276123,3.3296515941619873,0.014666340313851833,2.3611233234405518,0.4115683138370514,,,,,,,,,,,,,,,
,2.5002715081911372e-06,3029,,,,,,,,,,,,,,,,,,,,,,,,,,,,,,
29,,3029,0.638438880443573,0.081622414290905,0.6520675420761108,0.02357684075832367,0.3162989020347595,0.030701348558068275,0.5527299642562866,0.045087382197380066,2.5485270023345947,0.10922161489725113,0.3616611957550049,3.590888023376465,0.008967360481619835,2.225160598754883,0.3197260797023773,,,,,,,,,,,,,,,
,2.232298698065549e-06,3039,,,,,,,,,,,,,,,,,,,,,,,,,,,,,,
29,,3039,0.574329674243927,0.12189797312021255,0.7008643746376038,0.027261095121502876,0.28596460819244385,0.029528452083468437,0.6107056736946106,0.04130760580301285,2.246913194656372,0.09155397117137909,0.3391256630420685,3.3043291568756104,0.019235363230109215,2.362903118133545,0.3431277871131897,,,,,,,,,,,,,,,
,1.9794042716784586e-06,3049,,,,,,,,,,,,,,,,,,,,,,,,,,,,,,
29,,3049,0.6321989893913269,0.1263071745634079,0.6827499866485596,0.025973759591579437,0.3303784728050232,0.02531256154179573,0.602801501750946,0.05201953649520874,2.5720858573913574,0.14111435413360596,0.3587457239627838,3.683608293533325,0.018910659477114677,2.2717719078063965,0.34767845273017883,,,,,,,,,,,,,,,
,1.7416140346637963e-06,3059,,,,,,,,,,,,,,,,,,,,,,,,,,,,,,
29,,3059,0.6227037906646729,0.0931803435087204,0.7501277923583984,0.02159200981259346,0.3150421977043152,0.022623784840106964,0.6300657391548157,0.04848111420869827,2.539682626724243,0.05285346508026123,0.2909574806690216,3.598932981491089,0.003836553543806076,2.355621099472046,0.32656487822532654,,,,,,,,,,,,,,,
,1.5189522514068963e-06,3069,,,,,,,,,,,,,,,,,,,,,,,,,,,,,,
29,,3069,0.744306206703186,0.14253492653369904,0.7944478392601013,0.014269783161580563,0.3455434739589691,0.024893227964639664,0.8034558296203613,0.09108984470367432,2.7244558334350586,0.14350751042366028,0.41295576095581055,4.026117324829102,0.006369271781295538,2.409161329269409,0.39539214968681335,,,,,,,,,,,,,,,
,1.3114416425684948e-06,3079,,,,,,,,,,,,,,,,,,,,,,,,,,,,,,
29,,3079,0.5123206973075867,0.15920570492744446,0.7627657055854797,0.02085905149579048,0.302832692861557,0.027393607422709465,0.712575376033783,0.04360911250114441,2.2786498069763184,0.10373342037200928,0.31421175599098206,3.3470380306243896,0.008726616390049458,2.445061445236206,0.33523300290107727,,,,,,,,,,,,,,,
,1.1191033827663677e-06,3089,,,,,,,,,,,,,,,,,,,,,,,,,,,,,,
29,,3089,0.5771280527114868,0.12072129547595978,0.8319486379623413,0.028784697875380516,0.3973146378993988,0.0255113672465086,0.6823729276657104,0.050030242651700974,2.878633975982666,0.10429929196834564,0.45155006647109985,4.100362777709961,0.008479462005198002,2.2566773891448975,0.5312180519104004,,,,,,,,,,,,,,,
29,,3089,,,,,,,,,,,,,,,,0.4824928343296051,0.09340942651033401,0.6936706900596619,0.01892250031232834,0.24765269458293915,0.03437965363264084,0.7864850163459778,0.07210242748260498,1.5470987558364868,0.12075088173151016,0.35380610823631287,2.6270408630371094,0.015625009313225746,2.2432477474212646,0.40660810470581055
