epoch,lr-AdamW,step,train/accidental,train/downbeat,train/duration,train/grace,train/hand,train/keysignature,train/offset,train/pad,train/pitch,train/staccato,train/stem,train/total,train/trill,train/velocity,train/voice,val/accidental,val/downbeat,val/duration,val/grace,val/hand,val/keysignature,val/offset,val/pad,val/pitch,val/staccato,val/stem,val/total,val/trill,val/velocity,val/voice
,2.9999999999999997e-05,9,,,,,,,,,,,,,,,,,,,,,,,,,,,,,,
0,,9,1.5992529392242432,3.7959840297698975,4.317765235900879,0.10499586910009384,0.9524970054626465,2.78153395652771,5.26368522644043,0.33469343185424805,4.862525939941406,0.25033801794052124,1.171868085861206,12.718770980834961,0.048904381692409515,2.416708469390869,1.791881799697876,,,,,,,,,,,,,,,
,5.9999999999999995e-05,19,,,,,,,,,,,,,,,,,,,,,,,,,,,,,,
0,,19,1.2619504928588867,0.5977984070777893,3.0705034732818604,0.05319963023066521,0.7606573104858398,2.805231809616089,4.613057613372803,0.35265597701072693,4.6348958015441895,0.28051015734672546,0.8851812481880188,10.281558990478516,0.037367191165685654,2.228440046310425,1.490126132965088,,,,,,,,,,,,,,,
,8.999999999999999e-05,29,,,,,,,,,,,,,,,,,,,,,,,,,,,,,,
0,,29,1.0631178617477417,0.6763086915016174,2.6116325855255127,0.024220315739512444,0.7516823410987854,2.686894178390503,4.033462047576904,0.24172130227088928,4.400987148284912,0.15813414752483368,0.7875717282295227,9.392802238464355,0.03487367182970047,2.1278092861175537,1.2815322875976562,,,,,,,,,,,,,,,
,0.00011999999999999999,39,,,,,,,,,,,,,,,,,,,,,,,,,,,,,,
0,,39,1.1723742485046387,0.7286165356636047,2.3122339248657227,0.06030096858739853,0.7269317507743835,2.853156328201294,3.249053478240967,0.05937705561518669,4.114173889160156,0.1547328680753708,0.7790170311927795,8.7737455368042,0.027928993105888367,2.216916561126709,1.1369062662124634,,,,,,,,,,,,,,,
,0.00015,49,,,,,,,,,,,,,,,,,,,,,,,,,,,,,,
0,,49,1.057984471321106,0.4274514615535736,1.9855732917785645,0.037347275763750076,0.6992456316947937,2.863952398300171,3.056511402130127,0.0133963106200099,4.219515323638916,0.6431882977485657,0.743239164352417,8.612518310546875,0.01203545555472374,2.223491668701172,1.39512300491333,,,,,,,,,,,,,,,
,0.00017999999999999998,59,,,,,,,,,,,,,,,,,,,,,,,,,,,,,,
0,,59,1.079376220703125,0.48396414518356323,1.8930424451828003,0.044203173369169235,0.6948285102844238,2.8772361278533936,2.962254047393799,0.008364185690879822,4.015684127807617,0.28301915526390076,0.7008184194564819,8.335862159729004,0.03609619289636612,2.2652432918548584,1.3160760402679443,,,,,,,,,,,,,,,
,0.00020999999999999998,69,,,,,,,,,,,,,,,,,,,,,,,,,,,,,,
0,,69,1.2642524242401123,0.31408190727233887,2.02004337310791,0.016838951036334038,0.6810755133628845,2.674614191055298,3.1006288528442383,0.007654581218957901,4.007253170013428,0.17264632880687714,0.7131763696670532,8.19308853149414,0.012821055948734283,2.1661078929901123,1.1116091012954712,,,,,,,,,,,,,,,
,0.00023999999999999998,79,,,,,,,,,,,,,,,,,,,,,,,,,,,,,,
0,,79,1.1344596147537231,0.46199753880500793,2.157543659210205,0.12910087406635284,0.6761423349380493,3.1906518936157227,2.9972524642944336,0.004634510725736618,4.145810127258301,0.19660140573978424,0.6925544142723083,8.735086441040039,0.04189009964466095,2.1263062953948975,1.1089426279067993,,,,,,,,,,,,,,,
,0.00027,89,,,,,,,,,,,,,,,,,,,,,,,,,,,,,,
0,,89,1.1385093927383423,0.32369717955589294,2.0211634635925293,0.024310801178216934,0.6886587142944336,2.664252519607544,2.9339871406555176,0.0016897318419069052,3.9611895084381104,0.2133132368326187,0.7316645383834839,8.14828109741211,0.03320544213056564,2.3215036392211914,1.3556158542633057,,,,,,,,,,,,,,,
,0.0003,99,,,,,,,,,,,,,,,,,,,,,,,,,,,,,,
0,,99,1.0992341041564941,0.3086228668689728,1.926012396812439,0.07550810277462006,0.6454532146453857,2.8149847984313965,2.890402317047119,0.0029632211662828922,4.069475173950195,0.22516529262065887,0.6888813376426697,8.211240768432617,0.00770809268578887,2.200640916824341,1.139026403427124,,,,,,,,,,,,,,,
0,,102,,,,,,,,,,,,,,,,1.122724175453186,0.29519379138946533,1.9289231300354004,0.0203054528683424,0.33105143904685974,2.641226053237915,3.3641951084136963,0.002842231187969446,4.062707424163818,0.23590287566184998,0.5850890278816223,8.078749656677246,0.020576125010848045,2.3198351860046387,1.0579121112823486
,0.00029999380099112306,109,,,,,,,,,,,,,,,,,,,,,,,,,,,,,,
1,,109,1.111209750175476,0.4132344424724579,1.939685344696045,0.030257603153586388,0.6526023149490356,2.3802413940429688,3.213344097137451,0.0011511313496157527,4.030794143676758,0.13750384747982025,0.6530989408493042,7.920999050140381,0.008749294094741344,2.2753467559814453,0.797964870929718,,,,,,,,,,,,,,,
,0.00029997237297626654,119,,,,,,,,,,,,,,,,,,,,,,,,,,,,,,
1,,119,1.0468453168869019,0.396176278591156,2.044736862182617,0.08523385971784592,0.5762678384780884,2.720284938812256,2.918120861053467,0.0029799421317875385,3.951249599456787,0.1237487941980362,0.6210962533950806,8.041712760925293,0.019286511465907097,2.2732975482940674,1.0370906591415405,,,,,,,,,,,,,,,
,0.00029993564161047475,129,,,,,,,,,,,,,,,,,,,,,,,,,,,,,,
1,,129,1.0671643018722534,0.4233942925930023,1.9584860801696777,0.041175518184900284,0.6239608526229858,2.732621908187866,2.9633543491363525,0.0014216594863682985,3.9261138439178467,0.13828527927398682,0.6136972308158875,7.945066452026367,0.022576922550797462,2.209768056869507,0.8555706143379211,,,,,,,,,,,,,,,
,0.000299883610641858,139,,,,,,,,,,,,,,,,,,,,,,,,,,,,,,
1,,139,1.0439022779464722,0.432740718126297,1.9429677724838257,0.06404990702867508,0.6500473022460938,2.9178965091705322,3.0970613956451416,0.0010178027441725135,4.084325313568115,0.23440299928188324,0.6800091862678528,8.296667098999023,0.007413757033646107,2.1796939373016357,0.9834507703781128,,,,,,,,,,,,,,,
,0.0002998162853797153,149,,,,,,,,,,,,,,,,,,,,,,,,,,,,,,
1,,149,0.7487656474113464,0.2933636009693146,1.8242930173873901,0.04332593083381653,0.5700349807739258,2.733764410018921,2.8227291107177734,0.002300031017512083,3.9273273944854736,0.1261434406042099,0.5780061483383179,7.644549369812012,0.013108307495713234,2.184669256210327,0.8995863795280457,,,,,,,,,,,,,,,
,0.0002997336726939927,159,,,,,,,,,,,,,,,,,,,,,,,,,,,,,,
1,,159,1.067024827003479,0.30461856722831726,2.0138602256774902,0.0505804643034935,0.630717396736145,2.627265691757202,3.0041098594665527,0.0015818157698959112,3.9158596992492676,0.17661769688129425,0.6470152139663696,7.92751407623291,0.012054002843797207,2.342721939086914,1.0322809219360352,,,,,,,,,,,,,,,
,0.0002996357810145822,169,,,,,,,,,,,,,,,,,,,,,,,,,,,,,,
1,,169,1.0209635496139526,0.29153114557266235,1.895571231842041,0.03450724855065346,0.617767870426178,2.7528746128082275,3.090407133102417,0.0015654063317924738,4.021636009216309,0.16996078193187714,0.6232569217681885,8.134455680847168,0.007189680822193623,2.299743175506592,1.4005502462387085,,,,,,,,,,,,,,,
,0.0002995226203304619,179,,,,,,,,,,,,,,,,,,,,,,,,,,,,,,
1,,179,1.1592916250228882,0.409794420003891,2.0126330852508545,0.04401504620909691,0.6239526271820068,2.6128780841827393,2.9876339435577393,0.003063022857531905,4.035881996154785,0.20778170228004456,0.6442955732345581,8.192190170288086,0.0064691826701164246,2.1979830265045166,1.2868218421936035,,,,,,,,,,,,,,,
,0.00029939420218867615,189,,,,,,,,,,,,,,,,,,,,,,,,,,,,,,
1,,189,0.8081446290016174,0.3200845718383789,2.222886562347412,0.07821160554885864,0.631064772605896,2.7320022583007812,3.2167019844055176,0.001972996862605214,3.9120261669158936,0.13572487235069275,0.6447241306304932,8.02758502960205,0.011913501657545567,2.3770828247070312,1.1574769020080566,,,,,,,,,,,,,,,
,0.00029925053969315777,199,,,,,,,,,,,,,,,,,,,,,,,,,,,,,,
1,,199,0.7993150353431702,0.3587895631790161,2.3137617111206055,0.06925486028194427,0.5626472234725952,2.627239465713501,3.036067008972168,0.001871266053058207,3.7719361782073975,0.19875189661979675,0.583940327167511,7.7364115715026855,0.024490777403116226,2.273149251937866,0.9055253863334656,,,,,,,,,,,,,,,
1,,205,,,,,,,,,,,,,,,,0.2754499614238739,0.594791829586029,1.9845428466796875,0.028537390753626823,0.056140899658203125,1.8191817998886108,3.43678879737854,0.04027988761663437,3.247492551803589,0.25179752707481384,0.07598474621772766,6.289479732513428,0.035057760775089264,2.237313985824585,0.43772605061531067
,0.00029909164750339056,209,,,,,,,,,,,,,,,,,,,,,,,,,,,,,,
2,,209,0.9177678823471069,0.3368324041366577,1.776273488998413,0.0549185648560524,0.6183979511260986,2.476745843887329,2.8937270641326904,0.001818619784899056,3.8569729328155518,0.16047844290733337,0.5888529419898987,7.604453086853027,0.006588273216038942,2.1643195152282715,0.9980303645133972,,,,,,,,,,,,,,,
,0.00029891754183291377,219,,,,,,,,,,,,,,,,,,,,,,,,,,,,,,
2,,219,0.902326762676239,0.38703083992004395,1.894723892211914,0.03206276893615723,0.6455642580986023,2.2545602321624756,2.876892566680908,0.0012632554862648249,3.936530351638794,0.12012334913015366,0.5487944483757019,7.63821268081665,0.015574161894619465,2.1866562366485596,1.142391562461853,,,,,,,,,,,,,,,
,0.00029872824044766737,229,,,,,,,,,,,,,,,,,,,,,,,,,,,,,,
2,,229,0.8003519177436829,0.4166609048843384,1.8820441961288452,0.03458588942885399,0.6472578644752502,2.5804073810577393,2.662639856338501,0.0012266485719010234,3.955656051635742,0.09779341518878937,0.5937806367874146,7.648110389709473,0.007107509300112724,2.1624855995178223,0.889922559261322,,,,,,,,,,,,,,,
,0.0002985237626641792,239,,,,,,,,,,,,,,,,,,,,,,,,,,,,,,
2,,239,1.0992279052734375,0.3852221667766571,1.9283442497253418,0.04945240169763565,0.6602303981781006,2.427135705947876,2.9242968559265137,0.0008279544999822974,3.997300624847412,0.29619935154914856,0.7631155848503113,8.005390167236328,0.021507350727915764,2.1039819717407227,1.1578116416931152,,,,,,,,,,,,,,,
,0.0002983041293475941,249,,,,,,,,,,,,,,,,,,,,,,,,,,,,,,
2,,249,0.74893718957901,0.3346320390701294,1.8034166097640991,0.051491960883140564,0.6173979043960571,2.3160688877105713,2.8321924209594727,0.00274716317653656,3.7715392112731934,0.1547376811504364,0.5787169337272644,7.337902069091797,0.023231670260429382,2.2108781337738037,0.9338680505752563,,,,,,,,,,,,,,,
,0.00029806936290954474,259,,,,,,,,,,,,,,,,,,,,,,,,,,,,,,
2,,259,0.9262333512306213,0.37344905734062195,2.113422155380249,0.029456131160259247,0.6175594329833984,2.379201889038086,2.9784111976623535,0.0014781970530748367,3.8586368560791016,0.28174519538879395,0.6948361992835999,7.753466606140137,0.00897851213812828,2.1165947914123535,1.1285735368728638,,,,,,,,,,,,,,,
,0.0002978194873058644,269,,,,,,,,,,,,,,,,,,,,,,,,,,,,,,
2,,269,0.8046207427978516,0.46632975339889526,2.236569404602051,0.055311400443315506,0.5868287086486816,1.4936964511871338,2.9477217197418213,0.003516937606036663,3.9938454627990723,0.10860685259103775,0.5238938927650452,7.386761665344238,0.0154630271717906,2.2339580059051514,1.0241894721984863,,,,,,,,,,,,,,,
,0.0002975545280341431,279,,,,,,,,,,,,,,,,,,,,,,,,,,,,,,
2,,279,0.8562935590744019,0.3012898862361908,1.9802297353744507,0.09237479418516159,0.6124486923217773,1.9479204416275024,2.742483615875244,0.0009242470841854811,3.9152512550354004,0.12633292376995087,0.45681482553482056,7.262894630432129,0.0192395206540823,2.1237411499023438,0.5645540952682495,,,,,,,,,,,,,,,
,0.00029727451213112515,289,,,,,,,,,,,,,,,,,,,,,,,,,,,,,,
2,,289,1.0667468309402466,0.33820804953575134,1.7789466381072998,0.033634576946496964,0.6342240571975708,2.3894073963165283,2.9124653339385986,0.0005732749123126268,3.9275341033935547,0.08101280778646469,0.6077948212623596,7.688682556152344,0.018235301598906517,2.155961275100708,0.9709270000457764,,,,,,,,,,,,,,,
,0.00029697946816995073,299,,,,,,,,,,,,,,,,,,,,,,,,,,,,,,
2,,299,0.8622949123382568,0.43044513463974,2.0054931640625,0.029741892591118813,0.5922854542732239,2.1304051876068115,3.0445363521575928,0.003267593216150999,3.9649460315704346,0.23862113058567047,0.612315833568573,7.589809894561768,0.011702732183039188,2.144550085067749,0.8083793520927429,,,,,,,,,,,,,,,
2,,308,,,,,,,,,,,,,,,,0.231641486287117,0.3826490342617035,1.8152058124542236,0.012134065851569176,0.04253816977143288,1.967362880706787,3.297377109527588,0.01768159680068493,3.0817508697509766,0.13107115030288696,0.05654102563858032,5.899443626403809,0.02495618537068367,2.343898296356201,0.33283162117004395
,0.00029666942625724006,309,,,,,,,,,,,,,,,,,,,,,,,,,,,,,,
3,,309,0.8911316990852356,0.28677085041999817,2.112515687942505,0.05316677689552307,0.6027218699455261,2.494050979614258,3.1573257446289062,0.0015312712639570236,3.775754451751709,0.2509746253490448,0.5698895454406738,7.640708923339844,0.01666940748691559,2.1703176498413086,0.8696553707122803,,,,,,,,,,,,,,,
,0.0002963444180300214,319,,,,,,,,,,,,,,,,,,,,,,,,,,,,,,
3,,319,0.7736021876335144,0.40454357862472534,1.9550517797470093,0.020230654627084732,0.5747188329696655,1.8173283338546753,2.7557411193847656,0.0006758702220395207,3.75095534324646,0.10173643380403519,0.5278680324554443,7.064046382904053,0.013367228209972382,2.2296760082244873,0.9385649561882019,,,,,,,,,,,,,,,
,0.00029600447665250256,329,,,,,,,,,,,,,,,,,,,,,,,,,,,,,,
3,,329,1.0142146348953247,0.44471585750579834,1.9351567029953003,0.05825787037611008,0.6520717740058899,2.088865280151367,2.8799476623535156,0.001836959971114993,3.7576708793640137,0.09951157867908478,0.6662119030952454,7.458228588104248,0.022187503054738045,2.0912554264068604,0.9237573146820068,,,,,,,,,,,,,,,
,0.00029564963681268715,339,,,,,,,,,,,,,,,,,,,,,,,,,,,,,,
3,,339,0.8231380581855774,0.3744785487651825,1.7533563375473022,0.03109891712665558,0.5760512948036194,1.7748167514801025,2.6897077560424805,0.0008717835880815983,3.7863659858703613,0.18745258450508118,0.5337246656417847,6.9970808029174805,0.026651186868548393,2.1519033908843994,0.753383457660675,,,,,,,,,,,,,,,
,0.0002952799347188346,349,,,,,,,,,,,,,,,,,,,,,,,,,,,,,,
3,,349,0.7878556847572327,0.3068746328353882,1.671869158744812,0.02590862102806568,0.6326075792312622,1.530533790588379,2.876427412033081,0.0014156621182337403,3.8834638595581055,0.19054029881954193,0.6065558195114136,6.970682144165039,0.01034992653876543,2.2004356384277344,0.796291172504425,,,,,,,,,,,,,,,
,0.00029489540809576556,359,,,,,,,,,,,,,,,,,,,,,,,,,,,,,,
3,,359,0.9515599608421326,0.3232887089252472,1.8787599802017212,0.06527719646692276,0.6271450519561768,2.3291983604431152,2.9972190856933594,0.0007242818828672171,3.8075499534606934,0.18401983380317688,0.6179936528205872,7.5380048751831055,0.018645960837602615,2.035860300064087,0.850641667842865,,,,,,,,,,,,,,,
,0.00029449609618101264,369,,,,,,,,,,,,,,,,,,,,,,,,,,,,,,
3,,369,1.0595571994781494,0.26912984251976013,1.8799699544906616,0.07437045872211456,0.6021713018417358,1.8600621223449707,3.1154325008392334,0.0023650771472603083,3.9226415157318115,0.10934608429670334,0.49138686060905457,7.380134105682373,0.016393981873989105,2.0399413108825684,0.6294363141059875,,,,,,,,,,,,,,,
,0.00029408203972081614,379,,,,,,,,,,,,,,,,,,,,,,,,,,,,,,
3,,379,0.9534220695495605,0.3399844467639923,1.6503314971923828,0.03784763813018799,0.6489951610565186,2.460049629211426,2.839505434036255,0.0017003590473905206,3.9909000396728516,0.23116345703601837,0.6106886863708496,7.741580963134766,0.027486642822623253,2.1902666091918945,1.0562677383422852,,,,,,,,,,,,,,,
,0.0002936532809659667,389,,,,,,,,,,,,,,,,,,,,,,,,,,,,,,
3,,389,1.0423400402069092,0.4339323341846466,2.005115032196045,0.028803179040551186,0.6270436644554138,1.9462734460830688,3.0651779174804688,0.0008638225262984633,3.8519909381866455,0.1261035054922104,0.6719237565994263,7.536525726318359,0.023271730169653893,2.250187635421753,0.952753484249115,,,,,,,,,,,,,,,
,0.0002932098636674936,399,,,,,,,,,,,,,,,,,,,,,,,,,,,,,,
3,,399,0.8184581995010376,0.3354726731777191,1.9456887245178223,0.026834318414330482,0.6116058230400085,1.4497926235198975,2.9329285621643066,0.0024437466636300087,3.7695658206939697,0.22772721946239471,0.5416469573974609,7.008703708648682,0.02304391749203205,2.229994058609009,1.0205730199813843,,,,,,,,,,,,,,,
,0.0002927518330722006,409,,,,,,,,,,,,,,,,,,,,,,,,,,,,,,
3,,409,0.873336136341095,0.34436702728271484,1.8822447061538696,0.04719743877649307,0.6134809255599976,1.9586424827575684,2.77204966545105,0.0008051171898841858,3.748464584350586,0.15729206800460815,0.553996205329895,7.215198040008545,0.027095770463347435,2.271669626235962,0.9748318791389465,,,,,,,,,,,,,,,
3,,411,,,,,,,,,,,,,,,,0.21632426977157593,0.3007482588291168,1.4417595863342285,0.004562447778880596,0.07754889130592346,0.5085123777389526,3.0807151794433594,0.01611761748790741,2.848989725112915,0.029297584667801857,0.05732077360153198,4.696845531463623,0.021370623260736465,2.290142774581909,0.28378117084503174
,0.0002922792359180489,419,,,,,,,,,,,,,,,,,,,,,,,,,,,,,,
4,,419,0.8120763301849365,0.48065385222435,2.0876448154449463,0.025358576327562332,0.6289133429527283,1.3162730932235718,2.9016761779785156,0.001901925541460514,3.818208932876587,0.10590670257806778,0.583161473274231,7.008893966674805,0.016061769798398018,2.1582014560699463,0.8315556049346924,,,,,,,,,,,,,,,
,0.00029179212042938763,429,,,,,,,,,,,,,,,,,,,,,,,,,,,,,,
4,,429,0.8579924702644348,0.35788577795028687,1.9392379522323608,0.038818296045064926,0.6337191462516785,1.316965103149414,2.8234879970550537,0.0007313699461519718,3.806094169616699,0.13745038211345673,0.5371528267860413,6.923816204071045,0.03408775478601456,2.1781163215637207,0.7977689504623413,,,,,,,,,,,,,,,
,0.0002912905363120336,439,,,,,,,,,,,,,,,,,,,,,,,,,,,,,,
4,,439,0.7705907821655273,0.32706817984580994,1.7621334791183472,0.019856395199894905,0.6007642149925232,1.4540683031082153,2.779794454574585,0.0011270517716184258,3.7767791748046875,0.12093283981084824,0.5718232989311218,6.84896183013916,0.021212434396147728,2.1617610454559326,0.9351519346237183,,,,,,,,,,,,,,,
,0.0002907745347481987,449,,,,,,,,,,,,,,,,,,,,,,,,,,,,,,
4,,449,0.8306986093521118,0.29817071557044983,1.8335132598876953,0.07319917529821396,0.6094847321510315,1.4909011125564575,3.0522730350494385,0.0010252650827169418,3.778812885284424,0.12365932017564774,0.5027610063552856,6.935611248016357,0.01960110291838646,2.191354990005493,0.661033570766449,,,,,,,,,,,,,,,
,0.0002902441683912673,459,,,,,,,,,,,,,,,,,,,,,,,,,,,,,,
4,,459,0.8944526314735413,0.3687317967414856,1.8658140897750854,0.045790739357471466,0.6222808957099915,1.5923110246658325,3.131793260574341,0.0030231999699026346,3.911029577255249,0.1703929305076599,0.607829213142395,7.237009048461914,0.01827326789498329,2.0755372047424316,0.742102324962616,,,,,,,,,,,,,,,
,0.00028969949136042363,469,,,,,,,,,,,,,,,,,,,,,,,,,,,,,,
4,,469,0.8397032618522644,0.3197183310985565,2.0351293087005615,0.0328393317759037,0.6270201802253723,1.4182151556015015,2.967217206954956,0.0010315903928130865,3.914121627807617,0.08932419866323471,0.6019378900527954,7.031642436981201,0.008339996449649334,2.2158708572387695,0.5852635502815247,,,,,,,,,,,,,,,
,0.00028914055923512936,479,,,,,,,,,,,,,,,,,,,,,,,,,,,,,,
4,,479,0.9390304088592529,0.36915814876556396,1.5222785472869873,0.03751486912369728,0.5738940238952637,0.9821434020996094,2.6791141033172607,0.0017067845910787582,3.744288921356201,0.1993834376335144,0.5994206070899963,6.557251930236816,0.03699245676398277,2.2774641513824463,0.6959043145179749,,,,,,,,,,,,,,,
,0.0002885674290494522,489,,,,,,,,,,,,,,,,,,,,,,,,,,,,,,
4,,489,0.7034298181533813,0.40115031599998474,1.8566192388534546,0.04380136355757713,0.6065133213996887,1.3571522235870361,2.7000856399536133,0.0008763571968302131,3.7451655864715576,0.1915501356124878,0.7192071080207825,6.7958784103393555,0.02031335048377514,2.2222917079925537,0.7958718538284302,,,,,,,,,,,,,,,
,0.00028798015928624583,499,,,,,,,,,,,,,,,,,,,,,,,,,,,,,,
4,,499,1.0391862392425537,0.3004126250743866,1.7672466039657593,0.034005600959062576,0.6456612944602966,1.8100454807281494,2.7764663696289062,0.0007400409085676074,3.813269853591919,0.1456889808177948,0.6207283735275269,7.23171854019165,0.012294318526983261,2.1461024284362793,0.9830771684646606,,,,,,,,,,,,,,,
,0.0002873788098711826,509,,,,,,,,,,,,,,,,,,,,,,,,,,,,,,
4,,509,0.912365734577179,0.31981009244918823,1.8055957555770874,0.06225274130702019,0.5831221342086792,1.4279850721359253,2.825383186340332,0.0018823347054421902,3.691133975982666,0.11715009808540344,0.6546351313591003,6.788924217224121,0.030196504667401314,2.3330068588256836,0.5435142517089844,,,,,,,,,,,,,,,
4,,514,,,,,,,,,,,,,,,,0.1538400501012802,0.32324689626693726,1.210684895515442,0.00769117521122098,0.05679793283343315,0.4685877561569214,2.948232889175415,0.02875952422618866,2.5583791732788086,0.03017248585820198,0.058600105345249176,4.234463691711426,0.021415142342448235,2.300720691680908,0.15665630996227264
,0.00028676344216663853,519,,,,,,,,,,,,,,,,,,,,,,,,,,,,,,
5,,519,0.8131388425827026,0.30231595039367676,1.8178561925888062,0.02320840023458004,0.6082179546356201,1.2369074821472168,3.0745162963867188,0.0013206664007157087,3.7903456687927246,0.23163916170597076,0.5775191187858582,6.839491367340088,0.017856860533356667,2.157555103302002,0.815065860748291,,,,,,,,,,,,,,,
,0.00028613411896543164,529,,,,,,,,,,,,,,,,,,,,,,,,,,,,,,
5,,529,0.9016349911689758,0.3057142496109009,1.8699733018875122,0.06832745671272278,0.6176791191101074,1.848715901374817,2.9224135875701904,0.0014930464094504714,3.715132713317871,0.1919509917497635,0.5609121918678284,7.258031368255615,0.03317459300160408,2.17948579788208,1.1848390102386475,,,,,,,,,,,,,,,
,0.0002854909044844147,539,,,,,,,,,,,,,,,,,,,,,,,,,,,,,,
5,,539,0.6966460347175598,0.3309144377708435,1.674155592918396,0.05753948166966438,0.5969725847244263,1.1453906297683716,2.5477309226989746,0.0006566731026396155,3.660722017288208,0.18942773342132568,0.5341492295265198,6.386417865753174,0.04074646905064583,2.2495007514953613,0.4990091323852539,,,,,,,,,,,,,,,
,0.00028483386435792265,549,,,,,,,,,,,,,,,,,,,,,,,,,,,,,,
5,,549,0.755247175693512,0.45336589217185974,1.7507926225662231,0.03791532292962074,0.5684933662414551,0.6534581780433655,2.400611162185669,0.0016813614638522267,3.60896635055542,0.19784575700759888,0.4929255247116089,6.215571880340576,0.03713507950305939,2.1785097122192383,0.8279955983161926,,,,,,,,,,,,,,,
,0.00028416306563107456,559,,,,,,,,,,,,,,,,,,,,,,,,,,,,,,
5,,559,0.8243826031684875,0.32459262013435364,1.847334861755371,0.02379738725721836,0.6277844905853271,1.7638509273529053,3.0342724323272705,0.0006351545453071594,3.951507806777954,0.16636860370635986,0.5845581889152527,7.266916751861572,0.010433836840093136,2.1585419178009033,0.8166897296905518,,,,,,,,,,,,,,,
,0.00028347857675293294,569,,,,,,,,,,,,,,,,,,,,,,,,,,,,,,
5,,569,0.7645801901817322,0.31099846959114075,1.8139644861221313,0.044512588530778885,0.5786721110343933,0.8806275129318237,2.830796003341675,0.001621736097149551,3.5948805809020996,0.15749113261699677,0.4731912314891815,6.329023838043213,0.028224892914295197,2.0891101360321045,0.6598765850067139,,,,,,,,,,,,,,,
,0.00028278046756951886,579,,,,,,,,,,,,,,,,,,,,,,,,,,,,,,
5,,579,0.9566465616226196,0.32578182220458984,1.902872085571289,0.03719296678900719,0.5954269170761108,1.247151494026184,3.049391269683838,0.0003766941372305155,3.8364782333374023,0.1468990445137024,0.5456162691116333,7.005987644195557,0.026748504489660263,2.180410623550415,0.8658514022827148,,,,,,,,,,,,,,,
,0.0002820688093166846,589,,,,,,,,,,,,,,,,,,,,,,,,,,,,,,
5,,589,0.8341301679611206,0.31318074464797974,1.6872440576553345,0.019499942660331726,0.6065943837165833,1.443010687828064,3.090456247329712,0.0006915042758919299,3.761324882507324,0.130702406167984,0.6009501218795776,6.884524345397949,0.017784763127565384,2.139557123184204,0.8371659517288208,,,,,,,,,,,,,,,
,0.00028134367461284506,599,,,,,,,,,,,,,,,,,,,,,,,,,,,,,,
5,,599,0.9266290068626404,0.4697839021682739,2.046576738357544,0.05308815464377403,0.6278007626533508,1.5920281410217285,2.9121932983398438,0.0005588014028035104,3.727351427078247,0.1471785455942154,0.6316334009170532,7.144094467163086,0.013384213671088219,2.2150449752807617,0.8503169417381287,,,,,,,,,,,,,,,
,0.0002806051374515673,609,,,,,,,,,,,,,,,,,,,,,,,,,,,,,,
5,,609,1.107852578163147,0.3641006052494049,1.8415844440460205,0.023302555084228516,0.6374660134315491,1.7475417852401733,3.026426315307617,0.0005851954338140786,3.9473764896392822,0.15916743874549866,0.6061269640922546,7.43977689743042,0.019096167758107185,2.19120454788208,0.8750991225242615,,,,,,,,,,,,,,,
5,,617,,,,,,,,,,,,,,,,0.14303582906723022,0.20454420149326324,0.9792520403862,0.009858015924692154,0.048863980919122696,0.13741682469844818,2.8366198539733887,0.02221222221851349,2.1762359142303467,0.0261580441147089,0.06445891410112381,3.519383192062378,0.011095390655100346,2.455254554748535,0.1532505303621292
,0.00027985327319402046,619,,,,,,,,,,,,,,,,,,,,,,,,,,,,,,
6,,619,0.9180428981781006,0.2819000780582428,1.44832181930542,0.021016357466578484,0.6008597612380981,1.3915354013442993,2.743391990661621,0.0008242735057137907,3.7043585777282715,0.23251225054264069,0.5201431512832642,6.730825901031494,0.010772074572741985,2.147979736328125,1.0561338663101196,,,,,,,,,,,,,,,
,0.0002790881585612856,629,,,,,,,,,,,,,,,,,,,,,,,,,,,,,,
6,,629,0.8463624119758606,0.3038381338119507,1.8630199432373047,0.04910172149538994,0.6183987855911255,1.4142261743545532,2.8685057163238525,0.0007851364207454026,3.6774473190307617,0.1660950630903244,0.5625064373016357,6.873257637023926,0.022550903260707855,2.1532819271087646,1.0116510391235352,,,,,,,,,,,,,,,
,0.00027830987162652716,639,,,,,,,,,,,,,,,,,,,,,,,,,,,,,,
6,,639,0.6902146935462952,0.3430674970149994,1.7478032112121582,0.040069177746772766,0.5976762771606445,0.8202714920043945,2.884866237640381,0.0013623336562886834,3.606332540512085,0.19094645977020264,0.5489563941955566,6.305319786071777,0.0058110561221838,2.202470064163208,0.7528800368309021,,,,,,,,,,,,,,,
,0.00027751849180702613,649,,,,,,,,,,,,,,,,,,,,,,,,,,,,,,
6,,649,1.0055670738220215,0.5535469055175781,1.7746037244796753,0.0370047427713871,0.6300264596939087,1.70796799659729,2.819305896759033,0.0008581063593737781,3.7186365127563477,0.06835435330867767,0.5982853770256042,7.118614196777344,0.017079252749681473,2.2801756858825684,0.8074172139167786,,,,,,,,,,,,,,,
,0.0002767140998560763,659,,,,,,,,,,,,,,,,,,,,,,,,,,,,,,
6,,659,0.839292585849762,0.26573216915130615,1.7878763675689697,0.02102973684668541,0.6293724179267883,1.7458568811416626,3.2054555416107178,0.0011669169180095196,3.7800402641296387,0.12711025774478912,0.5610529184341431,7.0712714195251465,0.014172584749758244,2.1470677852630615,0.7654913067817688,,,,,,,,,,,,,,,
,0.00027589677785474424,669,,,,,,,,,,,,,,,,,,,,,,,,,,,,,,
6,,669,0.7129492163658142,0.2731046676635742,1.4102081060409546,0.0367746539413929,0.5871412754058838,0.952111005783081,2.6492490768432617,0.0015715612098574638,3.5688228607177734,0.18246173858642578,0.5498037934303284,6.124327659606934,0.010907978750765324,2.0863142013549805,0.6499623656272888,,,,,,,,,,,,,,,
,0.00027506660920349334,679,,,,,,,,,,,,,,,,,,,,,,,,,,,,,,
6,,679,0.7521167993545532,0.4524102807044983,1.6067043542861938,0.03785136342048645,0.6008304953575134,1.245194911956787,2.587830066680908,0.0009988623205572367,3.616670608520508,0.11989866942167282,0.5561841130256653,6.434282302856445,0.007616019807755947,2.1459619998931885,0.6104246377944946,,,,,,,,,,,,,,,
,0.0002742236786136738,689,,,,,,,,,,,,,,,,,,,,,,,,,,,,,,
6,,689,0.8206406235694885,0.35601216554641724,1.724560260772705,0.02195357158780098,0.591697633266449,1.0991075038909912,2.7507286071777344,0.0009312789770774543,3.5734798908233643,0.0953696146607399,0.5171446204185486,6.36279296875,0.00423880061134696,2.1261911392211914,0.630671501159668,,,,,,,,,,,,,,,
,0.0002733680720988785,699,,,,,,,,,,,,,,,,,,,,,,,,,,,,,,
6,,699,0.8127564191818237,0.34827518463134766,1.5235018730163574,0.021250516176223755,0.6076740026473999,1.306923747062683,2.4497716426849365,0.0010344551410526037,3.577205181121826,0.2651958763599396,0.4897405207157135,6.409977436065674,0.021014166995882988,2.2288830280303955,0.7706111669540405,,,,,,,,,,,,,,,
,0.000272499876966166,709,,,,,,,,,,,,,,,,,,,,,,,,,,,,,,
6,,709,0.9200125932693481,0.2880794405937195,1.5925325155258179,0.06952115893363953,0.6224059462547302,1.4468287229537964,2.9479968547821045,0.0009775774087756872,3.6579558849334717,0.19638663530349731,0.5931941866874695,6.858962535858154,0.014157470315694809,2.1305153369903564,0.9974702596664429,,,,,,,,,,,,,,,
,0.0002716191818071519,719,,,,,,,,,,,,,,,,,,,,,,,,,,,,,,
6,,719,0.7813897728919983,0.29359790682792664,1.719429612159729,0.036515530198812485,0.5502322316169739,0.5820922255516052,2.8455650806427,0.000635205302387476,3.316267728805542,0.11853672564029694,0.5382218956947327,5.900148391723633,0.016551127657294273,2.1152853965759277,0.8026527762413025,,,,,,,,,,,,,,,
6,,720,,,,,,,,,,,,,,,,0.1011960431933403,0.21775409579277039,0.8182220458984375,0.005320849362760782,0.05687083303928375,0.09411949664354324,2.5428085327148438,0.018897760659456253,1.1076966524124146,0.02830815315246582,0.06981360167264938,2.2727487087249756,0.006603829562664032,2.400379180908203,0.11958207935094833
,0.0002707260764889683,729,,,,,,,,,,,,,,,,,,,,,,,,,,,,,,
7,,729,0.9353737235069275,0.29218682646751404,1.7464884519577026,0.04566498100757599,0.6192492842674255,1.768657922744751,2.938211679458618,0.001238938421010971,3.6343092918395996,0.17933355271816254,0.5428495407104492,7.009130001068115,0.010461490601301193,2.1522483825683594,0.9992795586585999,,,,,,,,,,,,,,,
,0.0002698206521450945,739,,,,,,,,,,,,,,,,,,,,,,,,,,,,,,
7,,739,0.7712275385856628,0.26611408591270447,1.715549111366272,0.049056388437747955,0.5887817740440369,1.3196552991867065,2.8661727905273438,0.0013638827949762344,3.49471116065979,0.13612176477909088,0.6073939204216003,6.433125972747803,0.02741546742618084,2.17718768119812,0.6279718279838562,,,,,,,,,,,,,,,
,0.00026890300116605653,749,,,,,,,,,,,,,,,,,,,,,,,,,,,,,,
7,,749,0.751672625541687,0.3381156325340271,1.3966104984283447,0.045948151499032974,0.5752851963043213,1.2517836093902588,2.555838108062744,0.0013228949392214417,3.3946430683135986,0.13816748559474945,0.47735360264778137,6.12428617477417,0.006457636598497629,2.1406052112579346,0.7365992069244385,,,,,,,,,,,,,,,
,0.00026797321719000076,759,,,,,,,,,,,,,,,,,,,,,,,,,,,,,,
7,,759,0.6431213617324829,0.4272693991661072,1.5091522932052612,0.02753831446170807,0.5458004474639893,0.7806467413902283,2.499666452407837,0.004438094794750214,3.2620880603790283,0.11868935078382492,0.4757758677005768,5.733150959014893,0.020609285682439804,2.1926064491271973,0.6953808665275574,,,,,,,,,,,,,,,
,0.0002670313950931379,769,,,,,,,,,,,,,,,,,,,,,,,,,,,,,,
7,,769,1.02024507522583,0.352951318025589,1.7009657621383667,0.014334592036902905,0.5993590950965881,1.7120286226272583,2.815830945968628,0.001760398969054222,3.5066940784454346,0.16594134271144867,0.5424323081970215,6.825259208679199,0.015818072482943535,2.194457769393921,0.9395633339881897,,,,,,,,,,,,,,,
,0.00026607763098006223,779,,,,,,,,,,,,,,,,,,,,,,,,,,,,,,
7,,779,0.8627792000770569,0.3952559530735016,1.5916205644607544,0.06831100583076477,0.6272091269493103,1.4092365503311157,2.6623923778533936,0.000577890663407743,3.6048672199249268,0.1498047411441803,0.6324273347854614,6.697350025177002,0.013317604549229145,2.2035343647003174,0.8910775184631348,,,,,,,,,,,,,,,
,0.0002651120221739451,789,,,,,,,,,,,,,,,,,,,,,,,,,,,,,,
7,,789,0.8535846471786499,0.2963251769542694,1.6321302652359009,0.029765864834189415,0.597458004951477,1.2564548254013062,2.7156431674957275,0.0004277746775187552,3.6756415367126465,0.12390395998954773,0.5399799942970276,6.61954402923584,0.008272075094282627,2.1979942321777344,0.9579699039459229,,,,,,,,,,,,,,,
,0.0002641346672066035,799,,,,,,,,,,,,,,,,,,,,,,,,,,,,,,
7,,799,0.9783143401145935,0.2952803075313568,1.6285563707351685,0.04619656875729561,0.6145432591438293,1.3103276491165161,2.664637327194214,0.0010689853224903345,3.441957950592041,0.10175379365682602,0.5824165940284729,6.373910427093506,0.008117576129734516,2.223512649536133,0.5800938606262207,,,,,,,,,,,,,,,
,0.00026314566580844625,809,,,,,,,,,,,,,,,,,,,,,,,,,,,,,,
7,,809,0.883370578289032,0.28986674547195435,1.5461196899414062,0.047938063740730286,0.5866287350654602,1.2114216089248657,2.8968124389648438,0.000922311213798821,3.3709170818328857,0.2067878246307373,0.5549508929252625,6.353796005249023,0.011025561019778252,1.9986094236373901,0.9431539177894592,,,,,,,,,,,,,,,
,0.000262145118898297,819,,,,,,,,,,,,,,,,,,,,,,,,,,,,,,
7,,819,0.7798758745193481,0.3844336271286011,1.7242904901504517,0.0561719574034214,0.5704302787780762,1.388559341430664,2.7201473712921143,0.0008458110969513655,3.4205543994903564,0.11964353173971176,0.5418791174888611,6.417990684509277,0.008064382709562778,2.109623432159424,0.7603635191917419,,,,,,,,,,,,,,,
7,,823,,,,,,,,,,,,,,,,0.1134980097413063,0.18571922183036804,0.6672049164772034,0.0029037599451839924,0.041867371648550034,0.17532220482826233,2.367701292037964,0.01092380192130804,0.6004209518432617,0.03309173882007599,0.06926620751619339,1.698351502418518,0.0032524773851037025,2.359044075012207,0.13594026863574982
,0.00026113312857309665,829,,,,,,,,,,,,,,,,,,,,,,,,,,,,,,
8,,829,0.8795360326766968,0.38298499584198,1.545617938041687,0.03472023829817772,0.5890310406684875,1.5438328981399536,2.463534355163574,0.0009896592237055302,3.3823065757751465,0.21341440081596375,0.5280623435974121,6.424872398376465,0.016539130359888077,2.111753225326538,0.8699580430984497,,,,,,,,,,,,,,,
,0.0002601097980974851,839,,,,,,,,,,,,,,,,,,,,,,,,,,,,,,
8,,839,0.8340460658073425,0.3205958902835846,1.5676043033599854,0.03986406698822975,0.6040444374084473,1.319398045539856,2.6982014179229736,0.0010128708090633154,3.4972639083862305,0.19790293276309967,0.677026629447937,6.433642387390137,0.015573726035654545,2.146446943283081,0.7134457230567932,,,,,,,,,,,,,,,
,0.0002590752318932639,849,,,,,,,,,,,,,,,,,,,,,,,,,,,,,,
8,,849,0.956242024898529,0.33837834000587463,1.587575912475586,0.02440788410604,0.6373202800750732,1.9093831777572632,2.6674931049346924,0.0005011297762393951,3.632279872894287,0.20784114301204681,0.5400018692016602,6.861258506774902,0.008243441581726074,2.093376398086548,0.6200323104858398,,,,,,,,,,,,,,,
,0.0002580295355287415,859,,,,,,,,,,,,,,,,,,,,,,,,,,,,,,
8,,859,0.7105540633201599,0.27923494577407837,2.108752965927124,0.049594271928071976,0.6143560409545898,0.9798256158828735,2.837191104888916,0.0006209465791471303,3.5099687576293945,0.13848115503787994,0.6203093528747559,6.49860954284668,0.011843927204608917,2.123734474182129,1.0978341102600098,,,,,,,,,,,,,,,
,0.00025697281570796,869,,,,,,,,,,,,,,,,,,,,,,,,,,,,,,
8,,869,0.8354857563972473,0.3177633285522461,1.4234322309494019,0.06557393819093704,0.5940842032432556,1.4419306516647339,2.5348782539367676,0.0011313261929899454,3.3791921138763428,0.2517511248588562,0.6069257855415344,6.3772382736206055,0.010080121457576752,2.2152304649353027,0.9567627310752869,,,,,,,,,,,,,,,
,0.00025590518025980785,879,,,,,,,,,,,,,,,,,,,,,,,,,,,,,,
8,,879,1.010407567024231,0.41136470437049866,1.540940523147583,0.02165384776890278,0.5962527990341187,1.6068774461746216,2.6331992149353027,0.0004534325853455812,3.452047348022461,0.14878502488136292,0.66077721118927,6.617412567138672,0.041568007320165634,2.068568229675293,0.6812781095504761,,,,,,,,,,,,,,,
,0.00025482673812701637,889,,,,,,,,,,,,,,,,,,,,,,,,,,,,,,
8,,889,0.6569464206695557,0.2925068140029907,1.5962315797805786,0.044679515063762665,0.5780683159828186,0.36552658677101135,2.569082736968994,0.0010664563160389662,3.0958805084228516,0.12907962501049042,0.5464351773262024,5.406709671020508,0.015010503120720387,2.152458667755127,0.7584259510040283,,,,,,,,,,,,,,,
,0.00025373759935504316,899,,,,,,,,,,,,,,,,,,,,,,,,,,,,,,
8,,899,0.822365939617157,0.3329789340496063,1.521088719367981,0.028678489848971367,0.5877471566200256,1.368520736694336,2.8079562187194824,0.0012135202996432781,3.3355627059936523,0.18596716225147247,0.5460361242294312,6.305553436279297,0.012131962925195694,2.2640559673309326,0.8565896153450012,,,,,,,,,,,,,,,
,0.0002526378750808432,909,,,,,,,,,,,,,,,,,,,,,,,,,,,,,,
8,,909,0.780685544013977,0.3249456584453583,1.4816055297851562,0.060783371329307556,0.6022717356681824,0.7622600197792053,2.5295329093933105,0.0010844157077372074,3.1893444061279297,0.13539518415927887,0.5633670091629028,5.764317035675049,0.021370094269514084,2.2393553256988525,0.7662261128425598,,,,,,,,,,,,,,,
,0.0002515276775215278,919,,,,,,,,,,,,,,,,,,,,,,,,,,,,,,
8,,919,0.8104132413864136,0.5490255951881409,2.0139455795288086,0.05913131684064865,0.5913835763931274,1.0473387241363525,2.6440765857696533,0.001258116913959384,3.3337655067443848,0.10746322572231293,0.5533114671707153,6.332329750061035,0.019245008006691933,2.1149914264678955,0.7687108516693115,,,,,,,,,,,,,,,
8,,926,,,,,,,,,,,,,,,,0.08042171597480774,0.13557900488376617,0.5332208871841431,0.0015737396897748113,0.04228132218122482,0.12092743068933487,2.1367053985595703,0.007977076806128025,0.3420814573764801,0.031724415719509125,0.0675332322716713,1.255321979522705,0.0017702133627608418,2.42905330657959,0.0801166221499443
,0.00025040711996291446,929,,,,,,,,,,,,,,,,,,,,,,,,,,,,,,
9,,929,0.9469952583312988,0.24118153750896454,1.5428119897842407,0.013741008937358856,0.5909991264343262,1.6886447668075562,3.034852981567383,0.00047165784053504467,3.5241079330444336,0.18678149580955505,0.5597153306007385,6.725809574127197,0.014436086639761925,2.0579073429107666,0.8316438794136047,,,,,,,,,,,,,,,
,0.00024927631674796666,939,,,,,,,,,,,,,,,,,,,,,,,,,,,,,,
9,,939,0.7519622445106506,0.26295384764671326,1.2051342725753784,0.01499264594167471,0.5649383664131165,0.9018834233283997,2.5687155723571777,0.0006884647300466895,3.196676731109619,0.15516945719718933,0.5242603421211243,5.656108856201172,0.013488591648638248,2.1679131984710693,0.7502562999725342,,,,,,,,,,,,,,,
,0.00024813538326512615,949,,,,,,,,,,,,,,,,,,,,,,,,,,,,,,
9,,949,0.897936224937439,0.31360960006713867,1.5506621599197388,0.019209640100598335,0.6000662446022034,1.3791300058364868,2.6455607414245605,0.0003534451825544238,3.410578489303589,0.2293388545513153,0.682841420173645,6.374209403991699,0.015265422873198986,2.0237696170806885,0.7241685390472412,,,,,,,,,,,,,,,
,0.00024698443593653893,959,,,,,,,,,,,,,,,,,,,,,,,,,,,,,,
9,,959,0.835966944694519,0.2881771922111511,1.3692686557769775,0.04056616872549057,0.5880129337310791,1.7753113508224487,2.6632399559020996,0.0006813801010139287,3.2800633907318115,0.2854050397872925,0.54533851146698,6.349857330322266,0.004469133913516998,2.1364970207214355,0.7589832544326782,,,,,,,,,,,,,,,
,0.0002458235922061749,969,,,,,,,,,,,,,,,,,,,,,,,,,,,,,,
9,,969,0.77717524766922,0.3174775242805481,1.0498722791671753,0.032778240740299225,0.48622366786003113,0.44717660546302795,2.59653639793396,0.0009596285526640713,2.998485803604126,0.1927306056022644,0.448933869600296,5.134260654449463,0.015966128557920456,2.1260602474212646,0.475185364484787,,,,,,,,,,,,,,,
,0.0002446529705278441,979,,,,,,,,,,,,,,,,,,,,,,,,,,,,,,
9,,979,0.8242480754852295,0.29081133008003235,1.6174887418746948,0.050785936415195465,0.6038927435874939,1.1739729642868042,2.483388900756836,0.0005184159381315112,3.2596051692962646,0.09051213413476944,0.5795275568962097,6.017246246337891,0.01041837316006422,2.1794071197509766,0.6464449763298035,,,,,,,,,,,,,,,
,0.0002434726903531097,989,,,,,,,,,,,,,,,,,,,,,,,,,,,,,,
9,,989,0.7425380945205688,0.2753693461418152,1.4565057754516602,0.034166548401117325,0.5589759349822998,0.5024361610412598,2.7152504920959473,0.0010014213621616364,3.194359302520752,0.10639075189828873,0.535916268825531,5.554132461547852,0.007948214188218117,2.237635850906372,0.6845719814300537,,,,,,,,,,,,,,,
,0.0002422828721190985,999,,,,,,,,,,,,,,,,,,,,,,,,,,,,,,
9,,999,0.7480844855308533,0.35294562578201294,1.2876546382904053,0.008961093612015247,0.5619891285896301,0.665989875793457,2.413912296295166,0.0010342655004933476,3.245562791824341,0.22669871151447296,0.4573836624622345,5.569238662719727,0.016079772263765335,2.2766802310943604,0.645439863204956,,,,,,,,,,,,,,,
,0.00024108363723621175,1009,,,,,,,,,,,,,,,,,,,,,,,,,,,,,,
9,,1009,0.7725003361701965,0.3332120478153229,1.5122597217559814,0.013100157491862774,0.6215603351593018,1.3350872993469238,2.6177637577056885,0.00027618248714134097,3.487130880355835,0.1326221525669098,0.6239790320396423,6.363901615142822,0.002901802770793438,2.177227258682251,0.8840528726577759,,,,,,,,,,,,,,,
,0.00023987510807573626,1019,,,,,,,,,,,,,,,,,,,,,,,,,,,,,,
9,,1019,0.8249239921569824,0.28180554509162903,1.4734760522842407,0.03476740047335625,0.5775653123855591,1.2338861227035522,2.5259926319122314,0.0005191820673644543,3.3663344383239746,0.24609291553497314,0.551772952079773,6.116998195648193,0.016990913078188896,2.1553897857666016,0.6368585824966431,,,,,,,,,,,,,,,
,0.00023865740795735754,1029,,,,,,,,,,,,,,,,,,,,,,,,,,,,,,
9,,1029,1.0756309032440186,0.4414304494857788,1.5897351503372192,0.06287164241075516,0.6525806188583374,1.9496543407440186,2.8107187747955322,0.0003424080496188253,3.8405678272247314,0.16173982620239258,0.5864830017089844,7.2950286865234375,0.015211055986583233,2.0358595848083496,0.6750599145889282,,,,,,,,,,,,,,,
9,,1029,,,,,,,,,,,,,,,,0.0718245655298233,0.12390432506799698,0.5212446451187134,0.002025826368480921,0.040222447365522385,0.1483619064092636,2.035761594772339,0.004796971566975117,0.2934260666370392,0.030731024220585823,0.06623970717191696,1.1830799579620361,0.0025827030185610056,2.38267183303833,0.09122127294540405
,0.0002374306611365759,1039,,,,,,,,,,,,,,,,,,,,,,,,,,,,,,
10,,1039,0.7171708941459656,0.31670162081718445,1.3929438591003418,0.041622474789619446,0.49727094173431396,0.9039468765258789,2.7752861976623535,0.0022423649206757545,3.086365222930908,0.06501425802707672,0.4228803515434265,5.553367614746094,0.024918152019381523,2.233919382095337,0.435430645942688,,,,,,,,,,,,,,,
,0.00023619499279202742,1049,,,,,,,,,,,,,,,,,,,,,,,,,,,,,,
10,,1049,0.5987215638160706,0.33268293738365173,1.3846617937088013,0.049680642783641815,0.5710598230361938,1.0737031698226929,2.246074676513672,0.000551790464669466,3.061918020248413,0.2155536413192749,0.5554627776145935,5.58439302444458,0.01877790503203869,2.2310638427734375,0.7369041442871094,,,,,,,,,,,,,,,
,0.0002349505290127108,1059,,,,,,,,,,,,,,,,,,,,,,,,,,,,,,
10,,1059,0.7985339760780334,0.25536060333251953,1.48241126537323,0.06979351490736008,0.533582866191864,1.3717926740646362,2.7258026599884033,0.0007534204050898552,3.1787712574005127,0.16498883068561554,0.5836714506149292,6.09876823425293,0.03289400413632393,2.081026554107666,0.7606505751609802,,,,,,,,,,,,,,,
,0.0002336973967851205,1069,,,,,,,,,,,,,,,,,,,,,,,,,,,,,,
10,,1069,0.6646019220352173,0.38285577297210693,1.287543535232544,0.0480513833463192,0.5774651765823364,0.6962063908576965,2.471956968307495,0.000874988385476172,3.108886241912842,0.29357391595840454,0.49425286054611206,5.50163459777832,0.022407766431570053,2.189128875732422,0.6545429229736328,,,,,,,,,,,,,,,
,0.00023243572398028958,1079,,,,,,,,,,,,,,,,,,,,,,,,,,,,,,
10,,1079,0.7415513396263123,0.25639572739601135,1.5765146017074585,0.010869216173887253,0.5661685466766357,1.1288622617721558,3.024228096008301,0.0009176795138046145,3.2901105880737305,0.13335858285427094,0.5387951135635376,6.114446640014648,0.005528776440769434,2.03648042678833,0.9031317830085754,,,,,,,,,,,,,,,
,0.00023116563934074116,1089,,,,,,,,,,,,,,,,,,,,,,,,,,,,,,
10,,1089,0.8210866451263428,0.4780673384666443,1.9559508562088013,0.04689802974462509,0.5757713913917542,1.8516873121261597,2.8746230602264404,0.000301116582704708,3.5390331745147705,0.1718931943178177,0.6323422789573669,6.9993133544921875,0.019786249846220016,2.192213773727417,0.8801483511924744,,,,,,,,,,,,,,,
,0.00022988727246735157,1099,,,,,,,,,,,,,,,,,,,,,,,,,,,,,,
10,,1099,0.863345205783844,0.30363544821739197,1.6389533281326294,0.05568361282348633,0.5799147486686707,1.3263089656829834,2.7201647758483887,0.0003826745378319174,3.6714348793029785,0.17496715486049652,0.554063618183136,6.649196624755859,0.020974576473236084,2.109401226043701,0.7689191102981567,,,,,,,,,,,,,,,
,0.00022860075380612557,1109,,,,,,,,,,,,,,,,,,,,,,,,,,,,,,
10,,1109,0.7013654708862305,0.31419140100479126,1.600475788116455,0.03313690796494484,0.6128409504890442,1.3522136211395264,2.465916395187378,0.0010045222006738186,3.264514923095703,0.24876084923744202,0.570947527885437,6.106487274169922,0.018903831019997597,2.2377052307128906,0.7837523818016052,,,,,,,,,,,,,,,
,0.00022730621463488564,1119,,,,,,,,,,,,,,,,,,,,,,,,,,,,,,
10,,1119,0.9650088548660278,0.4107639491558075,1.8530985116958618,0.05778089910745621,0.5488241910934448,1.8610976934432983,2.886054039001465,0.0009580864571034908,3.4346134662628174,0.10653578490018845,0.6274619698524475,6.831917762756348,0.01628556288778782,2.174893856048584,0.6293317079544067,,,,,,,,,,,,,,,
,0.00022600378704987624,1129,,,,,,,,,,,,,,,,,,,,,,,,,,,,,,
10,,1129,0.6960705518722534,0.3256349265575409,1.4916311502456665,0.038715314120054245,0.5894083976745605,1.531923770904541,2.467397928237915,0.00047660304699093103,3.254704475402832,0.1485595405101776,0.7175723910331726,6.179060935974121,0.013076912611722946,2.171724557876587,0.8344886302947998,,,,,,,,,,,,,,,
10,,1132,,,,,,,,,,,,,,,,0.08434491604566574,0.1125822365283966,0.4383215010166168,0.0017234806437045336,0.04114457964897156,0.07423427700996399,1.8710697889328003,0.003380700945854187,0.30087730288505554,0.02697676792740822,0.06460845470428467,1.0828016996383667,0.0021219130139797926,2.4347519874572754,0.07952532917261124
,0.00022469360395228446,1139,,,,,,,,,,,,,,,,,,,,,,,,,,,,,,
11,,1139,0.8865090012550354,0.29441630840301514,1.4287710189819336,0.02952338382601738,0.5555213093757629,1.511041522026062,2.7631967067718506,0.0005893454654142261,3.3406167030334473,0.14899809658527374,0.5162813663482666,6.356268405914307,0.005738179665058851,2.2854866981506348,0.9311407804489136,,,,,,,,,,,,,,,
,0.0002233757990346787,1149,,,,,,,,,,,,,,,,,,,,,,,,,,,,,,
11,,1149,0.7495298385620117,0.25045251846313477,1.488426685333252,0.06381915509700775,0.6084659695625305,1.3922150135040283,2.556781530380249,0.00046521477634087205,3.333768129348755,0.15066231787204742,0.5619505047798157,6.204126358032227,0.02424372173845768,2.1682186126708984,0.7931590676307678,,,,,,,,,,,,,,,
,0.00022205050676736646,1159,,,,,,,,,,,,,,,,,,,,,,,,,,,,,,
11,,1159,0.764813244342804,0.31569865345954895,1.1297672986984253,0.015145419165492058,0.5767673850059509,0.8846886157989502,2.4125418663024902,0.0006185453967191279,3.2676966190338135,0.2647837698459625,0.5116972327232361,5.6825270652771,0.007400907576084137,2.265007495880127,0.707736611366272,,,,,,,,,,,,,,,
,0.00022071786238467303,1169,,,,,,,,,,,,,,,,,,,,,,,,,,,,,,
11,,1169,0.8949243426322937,0.3165355622768402,1.9178582429885864,0.05013076588511467,0.6530840396881104,2.196633815765381,2.898283004760742,0.00021704912069253623,3.7229034900665283,0.21365433931350708,0.6009718179702759,7.345172882080078,0.021033525466918945,2.1516244411468506,0.8768438696861267,,,,,,,,,,,,,,,
,0.0002193780018711417,1179,,,,,,,,,,,,,,,,,,,,,,,,,,,,,,
11,,1179,0.7031905651092529,0.33069097995758057,1.376237154006958,0.022649312391877174,0.5870038270950317,0.9363085031509399,2.498366117477417,0.0005338274058885872,3.3230466842651367,0.2611587941646576,0.5217174291610718,5.917313098907471,0.027591345831751823,2.058513879776001,0.8791182637214661,,,,,,,,,,,,,,,
,0.00021803106194765817,1189,,,,,,,,,,,,,,,,,,,,,,,,,,,,,,
11,,1189,0.8237692713737488,0.41725796461105347,1.8396934270858765,0.027738314121961594,0.5690922141075134,0.9583895802497864,2.9218034744262695,0.0005974448285996914,3.054669141769409,0.1442699432373047,0.5551438331604004,5.983972549438477,0.008983022533357143,2.136096239089966,0.9223373532295227,,,,,,,,,,,,,,,
,0.00021667718005749886,1199,,,,,,,,,,,,,,,,,,,,,,,,,,,,,,
11,,1199,1.0816359519958496,0.3443929851055145,1.7533937692642212,0.030704177916049957,0.6475502252578735,1.8831321001052856,2.9373321533203125,0.00019136651826556772,3.7414908409118652,0.2347414344549179,0.6011916995048523,7.312322616577148,0.00965083297342062,2.101719856262207,1.1081870794296265,,,,,,,,,,,,,,,
,0.00021531649435230655,1209,,,,,,,,,,,,,,,,,,,,,,,,,,,,,,
11,,1209,0.815872073173523,0.2629929482936859,1.4968301057815552,0.08324403315782547,0.5916846990585327,1.5982943773269653,2.524345636367798,0.0005094445659779012,3.4273178577423096,0.20219755172729492,0.5711700320243835,6.409420490264893,0.01022941991686821,2.2469396591186523,0.6773964166641235,,,,,,,,,,,,,,,
,0.00021394914367799304,1219,,,,,,,,,,,,,,,,,,,,,,,,,,,,,,
11,,1219,0.5833911299705505,0.32224467396736145,1.0759479999542236,0.033378105610609055,0.49878013134002686,0.6493373513221741,2.2584497928619385,0.0007110390579327941,2.767754077911377,0.19693341851234436,0.5207914710044861,4.886778354644775,0.00743066007271409,2.2236897945404053,0.6215059161186218,,,,,,,,,,,,,,,
,0.00021257526756057092,1229,,,,,,,,,,,,,,,,,,,,,,,,,,,,,,
11,,1229,0.7778893709182739,0.2823921740055084,1.5250664949417114,0.03184523060917854,0.6041448712348938,1.4420007467269897,2.7834208011627197,0.00035968690644949675,3.2378463745117188,0.2164839655160904,0.552431046962738,6.2589216232299805,0.008971321396529675,2.139721155166626,1.0320920944213867,,,,,,,,,,,,,,,
11,,1235,,,,,,,,,,,,,,,,0.11075103282928467,0.11699996888637543,0.5218229293823242,0.0027706893160939217,0.05923745781183243,0.13053184747695923,1.7662426233291626,0.004007864743471146,0.45593616366386414,0.03539884835481644,0.07387161999940872,1.3003743886947632,0.0032550657633692026,2.373443841934204,0.11320726573467255
,0.00021119500619191665,1239,,,,,,,,,,,,,,,,,,,,,,,,,,,,,,
12,,1239,0.6768336296081543,0.2899814248085022,1.47927725315094,0.032171353697776794,0.5812289714813232,1.2573305368423462,2.408841848373413,0.0003462806926108897,3.1609647274017334,0.09400709718465805,0.6031293272972107,5.836825370788574,0.009395411238074303,2.1109609603881836,0.7494810819625854,,,,,,,,,,,,,,,
,0.00020980850041546478,1249,,,,,,,,,,,,,,,,,,,,,,,,,,,,,,
12,,1249,0.7047537565231323,0.28430283069610596,1.3343826532363892,0.03836721554398537,0.5364899039268494,1.4844228029251099,2.3346669673919678,0.0005843713297508657,2.8343441486358643,0.11680352687835693,0.5316997170448303,5.522339820861816,0.0075510176829993725,2.1730074882507324,0.6373977661132812,,,,,,,,,,,,,,,
,0.00020841589171183636,1259,,,,,,,,,,,,,,,,,,,,,,,,,,,,,,
12,,1259,0.7551928758621216,0.31780877709388733,1.5799143314361572,0.029285715892910957,0.5285314321517944,1.4086471796035767,2.620323896408081,0.0006512041436508298,3.0458693504333496,0.16146889328956604,0.49247151613235474,5.898935794830322,0.013652827590703964,2.234222173690796,0.7217654585838318,,,,,,,,,,,,,,,
,0.0002070173221844021,1269,,,,,,,,,,,,,,,,,,,,,,,,,,,,,,
12,,1269,0.6948614716529846,0.2807302474975586,1.2457525730133057,0.03992670401930809,0.5204266309738159,0.884593665599823,2.5155115127563477,0.000896499608643353,2.8127689361572266,0.13065016269683838,0.5279442071914673,5.248521327972412,0.016346216201782227,2.332023859024048,0.7288889288902283,,,,,,,,,,,,,,,
,0.00020561293454478182,1279,,,,,,,,,,,,,,,,,,,,,,,,,,,,,,
12,,1279,0.8621270060539246,0.38962727785110474,1.7681366205215454,0.05472494289278984,0.6448623538017273,1.8200069665908813,2.6510164737701416,0.0003598568437155336,3.6434037685394287,0.3650651276111603,0.576214611530304,6.990013122558594,0.0188110563904047,2.267660617828369,0.8379384279251099,,,,,,,,,,,,,,,
,0.00020420287209828227,1289,,,,,,,,,,,,,,,,,,,,,,,,,,,,,,
12,,1289,0.7703665494918823,0.2739154100418091,1.3979251384735107,0.015267500653862953,0.556290864944458,0.9887263178825378,2.512789726257324,0.0006918985745869577,3.1782515048980713,0.16858339309692383,0.5155408978462219,5.724477291107178,0.006069950759410858,2.2141966819763184,0.7334666848182678,,,,,,,,,,,,,,,
,0.00020278727872927377,1299,,,,,,,,,,,,,,,,,,,,,,,,,,,,,,
12,,1299,0.8668288588523865,0.39758700132369995,1.5444819927215576,0.02589900977909565,0.6121802926063538,1.5057686567306519,2.7475225925445557,0.0003160423075314611,3.552924871444702,0.15585578978061676,0.6105381846427917,6.752800464630127,0.010655632242560387,2.1398937702178955,1.2297168970108032,,,,,,,,,,,,,,,
,0.00020136629888650823,1309,,,,,,,,,,,,,,,,,,,,,,,,,,,,,,
12,,1309,0.7516389489173889,0.2508831322193146,1.3773359060287476,0.03078688122332096,0.5847694873809814,0.5300483703613281,2.7745821475982666,0.0006632364820688963,2.98657488822937,0.10545343160629272,0.4997669458389282,5.341505527496338,0.012274944223463535,2.118945360183716,0.6706609129905701,,,,,,,,,,,,,,,
,0.00019994007756837966,1319,,,,,,,,,,,,,,,,,,,,,,,,,,,,,,
12,,1319,0.7361793518066406,0.4753054678440094,1.4501266479492188,0.03624795749783516,0.6067405343055725,0.9192029237747192,2.5683979988098145,0.00046531902626156807,3.356187582015991,0.18948200345039368,0.5822144150733948,5.972024440765381,0.010420053265988827,2.0554146766662598,0.5906752943992615,,,,,,,,,,,,,,,
,0.0001985087603081279,1329,,,,,,,,,,,,,,,,,,,,,,,,,,,,,,
12,,1329,0.6073487401008606,0.2867891192436218,1.496415615081787,0.04689239710569382,0.5525003671646118,1.1369394063949585,2.5736312866210938,0.00047236174577847123,2.8848090171813965,0.12474526464939117,0.608773410320282,5.60434627532959,0.01277171541005373,2.166363477706909,1.005393624305725,,,,,,,,,,,,,,,
12,,1338,,,,,,,,,,,,,,,,0.15776705741882324,0.1261836141347885,0.5743007659912109,0.0038975784555077553,0.10773910582065582,0.12111060321331024,1.768575668334961,0.004779577720910311,0.7193483114242554,0.04057537019252777,0.08579196035861969,1.628682017326355,0.004019604995846748,2.351043462753296,0.14037072658538818
,0.00019707249315898865,1339,,,,,,,,,,,,,,,,,,,,,,,,,,,,,,
13,,1339,0.8812513947486877,0.26879820227622986,1.5656466484069824,0.04030879586935043,0.626068115234375,1.6289629936218262,2.8034181594848633,0.000307481677737087,3.4457037448883057,0.15164512395858765,0.5927571654319763,6.589183330535889,0.025397371500730515,2.1117520332336426,0.8215875625610352,,,,,,,,,,,,,,,
,0.00019563142267928985,1349,,,,,,,,,,,,,,,,,,,,,,,,,,,,,,
13,,1349,0.9128796458244324,0.38141539692878723,1.366322636604309,0.02951502799987793,0.6377289295196533,2.172306537628174,2.5591418743133545,0.00024546938948333263,3.5743560791015625,0.08258070796728134,0.6355188488960266,6.917609214782715,0.011120015755295753,2.1758806705474854,0.862026035785675,,,,,,,,,,,,,,,
,0.0001941856959174967,1359,,,,,,,,,,,,,,,,,,,,,,,,,,,,,,
13,,1359,0.8436568379402161,0.28834232687950134,1.6227617263793945,0.06969176232814789,0.6205862760543823,1.7622774839401245,2.796781063079834,0.00038579266401939094,3.101884603500366,0.15209057927131653,0.565326452255249,6.413148880004883,0.010051037184894085,2.018914222717285,1.1192735433578491,,,,,,,,,,,,,,,
,0.00019273546039720677,1369,,,,,,,,,,,,,,,,,,,,,,,,,,,,,,
13,,1369,0.8100116848945618,0.42998188734054565,1.5924493074417114,0.027446324005723,0.545783519744873,1.4932444095611572,2.6950321197509766,0.0003911264648195356,3.2054030895233154,0.13337953388690948,0.5281142592430115,6.221587181091309,0.013199707493185997,2.1865594387054443,0.7931908369064331,,,,,,,,,,,,,,,
,0.00019128086410209638,1379,,,,,,,,,,,,,,,,,,,,,,,,,,,,,,
13,,1379,0.827602207660675,0.2956850230693817,1.6781816482543945,0.02754833921790123,0.5975335240364075,2.3014163970947266,2.56567645072937,0.0001418543979525566,3.216860294342041,0.1476084589958191,0.6494925022125244,6.589447975158691,0.013370099477469921,2.0753438472747803,0.6748237013816833,,,,,,,,,,,,,,,
,0.00018982205546082037,1389,,,,,,,,,,,,,,,,,,,,,,,,,,,,,,
13,,1389,0.8580148220062256,0.26688915491104126,1.5111221075057983,0.04485442861914635,0.5844863057136536,1.4362213611602783,2.6051621437072754,0.000509593402966857,3.3024890422821045,0.1600782573223114,0.5905736088752747,6.2887163162231445,0.01417851448059082,2.139702558517456,0.9331197142601013,,,,,,,,,,,,,,,
,0.00018835918333186605,1399,,,,,,,,,,,,,,,,,,,,,,,,,,,,,,
13,,1399,0.6894410848617554,0.2816050350666046,1.3136085271835327,0.030241264030337334,0.5396349430084229,1.366145133972168,2.1064155101776123,0.0005815456970594823,2.743659019470215,0.07273974269628525,0.5725679993629456,5.309792995452881,0.016290459781885147,2.115806818008423,0.658551812171936,,,,,,,,,,,,,,,
,0.00018689239698836362,1409,,,,,,,,,,,,,,,,,,,,,,,,,,,,,,
13,,1409,0.5849633812904358,0.21958425641059875,1.0622974634170532,0.0308604184538126,0.5298535227775574,0.5481860637664795,2.368417501449585,0.000636057578958571,2.740771532058716,0.10172424465417862,0.5786542296409607,4.821416854858398,0.01755768246948719,2.1727352142333984,0.6764527559280396,,,,,,,,,,,,,,,
,0.0001854218461028542,1419,,,,,,,,,,,,,,,,,,,,,,,,,,,,,,
13,,1419,0.546333372592926,0.3103029727935791,1.3947491645812988,0.036508508026599884,0.5583261251449585,0.9448767304420471,2.4438064098358154,0.0004682654980570078,2.8562822341918945,0.2940795123577118,0.5422278642654419,5.35723876953125,0.020104816183447838,2.181299924850464,0.8421105742454529,,,,,,,,,,,,,,,
,0.00018394768073201704,1429,,,,,,,,,,,,,,,,,,,,,,,,,,,,,,
13,,1429,0.8195101022720337,0.2609836161136627,1.6742981672286987,0.02822241559624672,0.5880082249641418,1.4701775312423706,2.661865711212158,0.0004097113269381225,3.398979663848877,0.11938949674367905,0.5634921193122864,6.368655681610107,0.014923001639544964,2.1745095252990723,0.7717254161834717,,,,,,,,,,,,,,,
,0.0001824700513013577,1439,,,,,,,,,,,,,,,,,,,,,,,,,,,,,,
13,,1439,0.7187915444374084,0.2694702744483948,1.6444017887115479,0.06516972929239273,0.5928249359130859,1.080595850944519,2.6293530464172363,0.0002883720735553652,3.359325885772705,0.055920664221048355,0.5185615420341492,6.083358287811279,0.019655773416161537,2.2442445755004883,0.7349040508270264,,,,,,,,,,,,,,,
13,,1441,,,,,,,,,,,,,,,,0.28339606523513794,0.11753954738378525,0.4822476804256439,0.0027037726249545813,0.06500878185033798,0.153451070189476,1.6824442148208618,0.0028363228775560856,0.9394382238388062,0.03611248359084129,0.08658898621797562,1.8566126823425293,0.0057058571837842464,2.364182949066162,0.12072217464447021
,0.00018098910858985808,1449,,,,,,,,,,,,,,,,,,,,,,,,,,,,,,
14,,1449,0.7323741912841797,0.31562599539756775,1.7973240613937378,0.06623560190200806,0.606170117855072,1.5785605907440186,2.688565731048584,0.00024325685808435082,3.0488440990448,0.15944810211658478,0.6552982330322266,6.215816020965576,0.026982506737113,2.255371332168579,0.9131163358688354,,,,,,,,,,,,,,,
,0.0001795050037145912,1459,,,,,,,,,,,,,,,,,,,,,,,,,,,,,,
14,,1459,0.5733526945114136,0.29754218459129333,1.3405827283859253,0.07309817522764206,0.5117582082748413,0.657615065574646,2.538273334503174,0.0008936558151617646,2.705986261367798,0.213951975107193,0.4799363911151886,4.98698091506958,0.01599077135324478,2.2621688842773438,0.545829176902771,,,,,,,,,,,,,,,
,0.00017801788811530072,1469,,,,,,,,,,,,,,,,,,,,,,,,,,,,,,
14,,1469,0.6752097606658936,0.2857723534107208,1.2433969974517822,0.03347885236144066,0.5788705945014954,1.0499593019485474,2.3797366619110107,0.0005184354959055781,3.117081880569458,0.13512642681598663,0.598600447177887,5.595915794372559,0.0169938076287508,2.192868232727051,0.6609642505645752,,,,,,,,,,,,,,,
,0.00017652791353894813,1479,,,,,,,,,,,,,,,,,,,,,,,,,,,,,,
14,,1479,0.6280025839805603,0.29870355129241943,1.3697242736816406,0.06188989803195,0.5308011174201965,0.9507782459259033,2.32430100440979,0.000631663715466857,2.793586254119873,0.19277909398078918,0.5396193861961365,5.232766151428223,0.008025776594877243,2.1097543239593506,0.6607564091682434,,,,,,,,,,,,,,,
,0.0001750352320242281,1489,,,,,,,,,,,,,,,,,,,,,,,,,,,,,,
14,,1489,0.5346980690956116,0.30193406343460083,1.2151223421096802,0.018239419907331467,0.513499915599823,0.38622790575027466,2.2178990840911865,0.0007997662178240716,2.576280117034912,0.13164357841014862,0.5703173875808716,4.618297100067139,0.018893983215093613,2.1751248836517334,0.8055041432380676,,,,,,,,,,,,,,,
,0.0001735399958860544,1499,,,,,,,,,,,,,,,,,,,,,,,,,,,,,,
14,,1499,0.545110821723938,0.35798710584640503,1.149175763130188,0.029228128492832184,0.5314164161682129,0.27927908301353455,2.368250608444214,0.00045205652713775635,2.8132150173187256,0.10785489529371262,0.45284122228622437,4.8163042068481445,0.018175076693296432,2.2274601459503174,0.7447630167007446,,,,,,,,,,,,,,,
,0.00017204235770001744,1509,,,,,,,,,,,,,,,,,,,,,,,,,,,,,,
14,,1509,0.5255539417266846,0.38301217555999756,1.1759209632873535,0.026428325101733208,0.5003684163093567,0.721994936466217,2.048398971557617,0.0007108193822205067,2.510331153869629,0.1459723860025406,0.41112416982650757,4.548032760620117,0.010119198821485043,2.1996538639068604,0.431251585483551,,,,,,,,,,,,,,,
,0.00017054247028681525,1519,,,,,,,,,,,,,,,,,,,,,,,,,,,,,,
14,,1519,0.664512574672699,0.5518496036529541,1.4597176313400269,0.05552365258336067,0.5076965689659119,1.2868804931640625,2.419613838195801,0.00048510171473026276,2.6019699573516846,0.1919272094964981,0.5445689558982849,5.429680824279785,0.020297976210713387,2.251237154006958,0.8250730037689209,,,,,,,,,,,,,,,
,0.00016904048669665975,1529,,,,,,,,,,,,,,,,,,,,,,,,,,,,,,
14,,1529,0.5311614274978638,0.32254862785339355,1.216970443725586,0.031189464032649994,0.5748111605644226,0.7843697667121887,2.169498920440674,0.0004102286766283214,2.815406322479248,0.16311879456043243,0.5203279852867126,5.009520053863525,0.013847516849637032,2.168531656265259,0.6072645783424377,,,,,,,,,,,,,,,
,0.00016753656019365896,1539,,,,,,,,,,,,,,,,,,,,,,,,,,,,,,
14,,1539,0.8644492030143738,0.26148107647895813,1.3366950750350952,0.025417864322662354,0.6228286027908325,1.7993780374526978,2.4397828578948975,0.00043745533912442625,3.3873186111450195,0.2306518405675888,0.6154465675354004,6.497839450836182,0.0048927380703389645,2.1069748401641846,1.0630595684051514,,,,,,,,,,,,,,,
14,,1544,,,,,,,,,,,,,,,,0.18904536962509155,0.11485069990158081,0.444623738527298,0.0032501176465302706,0.09216327220201492,0.15009145438671112,1.5316243171691895,0.0032931012101471424,0.8016769886016846,0.03895844146609306,0.07811558991670609,1.6229197978973389,0.004470045678317547,2.383131265640259,0.1130661889910698
,0.00016603084424017796,1549,,,,,,,,,,,,,,,,,,,,,,,,,,,,,,
15,,1549,0.9145823121070862,0.22650155425071716,1.3067152500152588,0.0337231419980526,0.5748113393783569,1.5257185697555542,2.2544589042663574,0.00030280277132987976,2.93524432182312,0.2047698199748993,0.5828153491020203,5.7539544105529785,0.006727621890604496,2.248339891433716,0.7353147864341736,,,,,,,,,,,,,,,
,0.00016452349248117937,1559,,,,,,,,,,,,,,,,,,,,,,,,,,,,,,
15,,1559,0.8790349960327148,0.20317532122135162,1.314226746559143,0.02751750312745571,0.5412566065788269,1.3483563661575317,2.580711603164673,0.0004967598360963166,3.4616763591766357,0.14518502354621887,0.512336790561676,6.2335615158081055,0.017104612663388252,2.1569504737854004,0.7759853005409241,,,,,,,,,,,,,,,
,0.00016301465872854535,1569,,,,,,,,,,,,,,,,,,,,,,,,,,,,,,
15,,1569,1.172071099281311,0.31581172347068787,1.7090327739715576,0.0254402756690979,0.6157568693161011,1.7958660125732422,2.9016873836517334,0.00020164874149486423,3.5922152996063232,0.14236703515052795,0.5345708727836609,6.993036270141602,0.01111304946243763,2.1627025604248047,0.7781081199645996,,,,,,,,,,,,,,,
,0.00016150449694538228,1579,,,,,,,,,,,,,,,,,,,,,,,,,,,,,,
15,,1579,0.5899442434310913,0.376623272895813,1.4302715063095093,0.03792731463909149,0.5560249090194702,0.9226936101913452,2.5191304683685303,0.0004204448778182268,2.78024959564209,0.13564854860305786,0.5318858623504639,5.2620673179626465,0.012767039239406586,2.144710063934326,0.6638026237487793,,,,,,,,,,,,,,,
,0.00015999316123031036,1589,,,,,,,,,,,,,,,,,,,,,,,,,,,,,,
15,,1589,0.6559545993804932,0.2631264925003052,1.3628113269805908,0.02620011381804943,0.5713022351264954,1.0179466009140015,2.2873282432556152,0.00041273512761108577,2.85540509223938,0.059998247772455215,0.5781379342079163,5.367346286773682,0.01006570365279913,2.256814479827881,0.9497764706611633,,,,,,,,,,,,,,,
,0.00015848080580173904,1599,,,,,,,,,,,,,,,,,,,,,,,,,,,,,,
15,,1599,0.7232630848884583,0.23860496282577515,1.401236891746521,0.04021285101771355,0.49394285678863525,1.0714268684387207,2.4670310020446777,0.0006071751122362912,2.67360782623291,0.1868124157190323,0.5429624915122986,5.236933708190918,0.016140718013048172,2.320826768875122,0.7211637496948242,,,,,,,,,,,,,,,
,0.00015696758498213054,1609,,,,,,,,,,,,,,,,,,,,,,,,,,,,,,
15,,1609,0.7759453654289246,0.3467496931552887,1.3642059564590454,0.034125834703445435,0.5847290754318237,0.9151904582977295,2.1118223667144775,0.0004638956452254206,3.1347579956054688,0.20733362436294556,0.5755302309989929,5.6319098472595215,0.028854722157120705,2.198323965072632,0.7327783703804016,,,,,,,,,,,,,,,
,0.0001554536531822525,1619,,,,,,,,,,,,,,,,,,,,,,,,,,,,,,
15,,1619,1.1196107864379883,0.28520268201828003,1.7018969058990479,0.03659916669130325,0.6365518569946289,2.069063663482666,2.7898216247558594,0.0001567319850437343,3.772968053817749,0.15035559237003326,0.5993562936782837,7.251950263977051,0.009819435887038708,2.1495630741119385,0.7146700620651245,,,,,,,,,,,,,,,
,0.00015393916488542204,1629,,,,,,,,,,,,,,,,,,,,,,,,,,,,,,
15,,1629,0.8485137224197388,0.30705103278160095,1.46056067943573,0.020798280835151672,0.6045709252357483,1.4905540943145752,2.442617893218994,0.0003171627759002149,3.314958095550537,0.14233990013599396,0.5536755919456482,6.290132522583008,0.025145210325717926,2.1843111515045166,1.0150282382965088,,,,,,,,,,,,,,,
,0.0001524242746317415,1639,,,,,,,,,,,,,,,,,,,,,,,,,,,,,,
15,,1639,0.6361272931098938,0.2849806845188141,1.4769376516342163,0.06022895872592926,0.5955873131752014,0.7457311153411865,2.364088773727417,0.0005027057486586273,2.9150917530059814,0.17237544059753418,0.646329939365387,5.410215377807617,0.02619699202477932,2.1375060081481934,0.8838359713554382,,,,,,,,,,,,,,,
15,,1647,,,,,,,,,,,,,,,,0.23364953696727753,0.11891985684633255,0.5182908773422241,0.004348367918282747,0.14145518839359283,0.16064229607582092,1.5748435258865356,0.003510740352794528,1.276027798652649,0.03934255614876747,0.09958208352327347,2.193976402282715,0.00531626446172595,2.3323497772216797,0.16559776663780212
,0.00015090913700232955,1649,,,,,,,,,,,,,,,,,,,,,,,,,,,,,,
16,,1649,0.7906717658042908,0.2707471251487732,1.235595703125,0.04467722028493881,0.563296914100647,1.3541921377182007,1.9630484580993652,0.00033169082598760724,3.303194522857666,0.1364292949438095,0.475218266248703,5.860677242279053,0.019915498793125153,2.1192171573638916,0.6468494534492493,,,,,,,,,,,,,,,
,0.0001493939066035474,1659,,,,,,,,,,,,,,,,,,,,,,,,,,,,,,
16,,1659,0.7977516055107117,0.3522202968597412,1.6273494958877563,0.02988683618605137,0.6105583906173706,1.441500186920166,2.245276927947998,0.00020298447634559125,3.3804235458374023,0.09113010764122009,0.6057429909706116,6.194890975952148,0.005619964562356472,2.1977195739746094,0.6042079925537109,,,,,,,,,,,,,,,
,0.0001478787380512224,1669,,,,,,,,,,,,,,,,,,,,,,,,,,,,,,
16,,1669,1.1638929843902588,0.2463175356388092,1.6422090530395508,0.050852131098508835,0.6199420690536499,1.9226137399673462,2.1851747035980225,0.0002590839867480099,3.493563175201416,0.15257267653942108,0.5442872643470764,6.736082553863525,0.011038040742278099,2.1408987045288086,0.7096812129020691,,,,,,,,,,,,,,,
,0.00014636378595487117,1679,,,,,,,,,,,,,,,,,,,,,,,,,,,,,,
16,,1679,0.5521920919418335,0.2531471848487854,1.3251804113388062,0.02265823446214199,0.526971697807312,0.49173715710639954,2.120849609375,0.00045992538798600435,2.5268733501434326,0.14306290447711945,0.5407005548477173,4.525367736816406,0.010974209755659103,2.1747515201568604,0.5068965554237366,,,,,,,,,,,,,,,
,0.0001448492049019228,1689,,,,,,,,,,,,,,,,,,,,,,,,,,,,,,
16,,1689,0.8574883937835693,0.3122013509273529,1.324278473854065,0.023311885073781013,0.5899574160575867,1.8074718713760376,2.214625835418701,0.0003601664793677628,3.307422637939453,0.1383955329656601,0.45181944966316223,6.166011333465576,0.024624038487672806,2.1089885234832764,0.47793105244636536,,,,,,,,,,,,,,,
,0.00014333514944194482,1699,,,,,,,,,,,,,,,,,,,,,,,,,,,,,,
16,,1699,0.5108707547187805,0.25991010665893555,1.6088502407073975,0.06543195247650146,0.547539234161377,0.9940536022186279,2.5493476390838623,0.0003864695900119841,2.814302921295166,0.14681904017925262,0.5544418692588806,5.3338704109191895,0.010114853270351887,2.237246036529541,0.6580674052238464,,,,,,,,,,,,,,,
,0.0001418217740708725,1709,,,,,,,,,,,,,,,,,,,,,,,,,,,,,,
16,,1709,1.0279515981674194,0.3425314426422119,1.637900471687317,0.10699782520532608,0.638363242149353,2.0683207511901855,2.5317773818969727,0.0001889802806545049,3.6225357055664062,0.15503919124603271,0.5805042386054993,7.126245021820068,0.04145851731300354,2.1048696041107178,0.8221762776374817,,,,,,,,,,,,,,,
,0.0001403092332152441,1719,,,,,,,,,,,,,,,,,,,,,,,,,,,,,,
16,,1719,0.5769803524017334,0.2947722375392914,1.552237629890442,0.028581583872437477,0.561680793762207,1.206534743309021,2.5673792362213135,0.0002285500813741237,2.785845994949341,0.1643785834312439,0.5419573783874512,5.414262771606445,0.019861843436956406,2.1799747943878174,0.6303153038024902,,,,,,,,,,,,,,,
,0.00013879768121644316,1729,,,,,,,,,,,,,,,,,,,,,,,,,,,,,,
16,,1729,0.7684247493743896,0.23053167760372162,1.4254449605941772,0.03376813605427742,0.5893189907073975,1.0140246152877808,2.435267925262451,0.0003611038264352828,3.3175208568573,0.12278304994106293,0.5086270570755005,5.871790885925293,0.010376916266977787,2.222041130065918,0.7413433194160461,,,,,,,,,,,,,,,
,0.00013728727231494895,1739,,,,,,,,,,,,,,,,,,,,,,,,,,,,,,
16,,1739,0.6153044104576111,0.3306463956832886,1.3647468090057373,0.04028812423348427,0.5699407458305359,0.8301211595535278,2.1119863986968994,0.00036473420914262533,2.7588272094726562,0.1481696367263794,0.57302325963974,5.191774368286133,0.019802624359726906,2.187816858291626,1.0026172399520874,,,,,,,,,,,,,,,
,0.00013577816063459783,1749,,,,,,,,,,,,,,,,,,,,,,,,,,,,,,
16,,1749,0.5877731442451477,0.24721992015838623,1.1311274766921997,0.025058191269636154,0.5411168932914734,0.4931712746620178,1.8835117816925049,0.000386242987588048,2.9428534507751465,0.19190150499343872,0.4883202910423279,4.907460689544678,0.03036526031792164,2.1940388679504395,0.6583089232444763,,,,,,,,,,,,,,,
16,,1750,,,,,,,,,,,,,,,,0.3431018888950348,0.10256178677082062,0.49405261874198914,0.0035808293614536524,0.07094357162714005,0.13968998193740845,1.3092468976974487,0.002217351458966732,1.0940641164779663,0.038304660469293594,0.08601535856723785,1.9423035383224487,0.005401058122515678,2.3615238666534424,0.1280251294374466
,0.00013427050016685634,1759,,,,,,,,,,,,,,,,,,,,,,,,,,,,,,
17,,1759,0.616763174533844,0.28501006960868835,1.3860665559768677,0.023508146405220032,0.549746036529541,0.7078448534011841,2.2559564113616943,0.0004438774776645005,2.7686820030212402,0.14797095954418182,0.5574386715888977,5.140356063842773,0.03416889160871506,2.1157186031341553,0.9543872475624084,,,,,,,,,,,,,,,
,0.0001327644447551075,1769,,,,,,,,,,,,,,,,,,,,,,,,,,,,,,
17,,1769,0.6184929609298706,0.2606004476547241,1.362991213798523,0.013293110765516758,0.5689775347709656,0.976565957069397,2.24397873878479,0.00025460784672759473,2.917834997177124,0.2979390025138855,0.5758512020111084,5.356697082519531,0.005556196440011263,2.21262526512146,0.819968581199646,,,,,,,,,,,,,,,
,0.00013126014807895273,1779,,,,,,,,,,,,,,,,,,,,,,,,,,,,,,
17,,1779,0.5605573654174805,0.2758388817310333,1.221253514289856,0.025767723098397255,0.5497729182243347,0.8978174328804016,2.3037803173065186,0.0004575685888994485,2.5738937854766846,0.11067525297403336,0.5058805346488953,4.809459686279297,0.009304744191467762,2.2588858604431152,0.5432382822036743,,,,,,,,,,,,,,,
,0.00012975776363852992,1789,,,,,,,,,,,,,,,,,,,,,,,,,,,,,,
17,,1789,0.6662642359733582,0.22112968564033508,1.1536849737167358,0.07221172004938126,0.5513156652450562,0.9007187485694885,1.891599178314209,0.00042156167910434306,3.003073215484619,0.09403539448976517,0.4606732130050659,5.239328384399414,0.016809232532978058,2.2372193336486816,0.7059833407402039,,,,,,,,,,,,,,,
,0.00012825744473885046,1799,,,,,,,,,,,,,,,,,,,,,,,,,,,,,,
17,,1799,0.6172304749488831,0.253406286239624,1.2985552549362183,0.04092708230018616,0.5136356949806213,0.5342222452163696,1.9916785955429077,0.00039311067666858435,2.575399398803711,0.1493500918149948,0.4855024814605713,4.6237568855285645,0.010094254277646542,2.238776922225952,0.614855170249939,,,,,,,,,,,,,,,
,0.00012675934447415547,1809,,,,,,,,,,,,,,,,,,,,,,,,,,,,,,
17,,1809,0.8523434400558472,0.3903273642063141,1.5104058980941772,0.017536072060465813,0.5484543442726135,1.1929349899291992,2.2586264610290527,0.0003128595417365432,2.7315330505371094,0.1227976456284523,0.6298807263374329,5.4806904792785645,0.01511621754616499,2.17290997505188,0.7937811613082886,,,,,,,,,,,,,,,
,0.00012526361571229403,1819,,,,,,,,,,,,,,,,,,,,,,,,,,,,,,
17,,1819,0.8462084531784058,0.276933878660202,1.462194800376892,0.047182466834783554,0.596238374710083,1.5347954034805298,2.3689427375793457,0.00026435108156874776,3.3651316165924072,0.2919131815433502,0.6200787425041199,6.300059795379639,0.017692165449261665,2.113590955734253,0.7358555793762207,,,,,,,,,,,,,,,
,0.00012377041107912453,1829,,,,,,,,,,,,,,,,,,,,,,,,,,,,,,
17,,1829,0.5934910774230957,0.32023170590400696,1.4566236734390259,0.04513571411371231,0.5372495651245117,0.5739017724990845,2.4783883094787598,0.0003993356367573142,2.8051412105560303,0.15175968408584595,0.6187954545021057,5.174714088439941,0.015904495492577553,2.1419286727905273,0.8630825877189636,,,,,,,,,,,,,,,
,0.0001222798829429403,1839,,,,,,,,,,,,,,,,,,,,,,,,,,,,,,
17,,1839,0.5111697912216187,0.2235872745513916,1.341568946838379,0.1121668815612793,0.5340703725814819,0.6615737676620483,2.1690163612365723,0.0003536384319886565,2.540011405944824,0.18374581634998322,0.5751664042472839,4.7235941886901855,0.009026149287819862,2.2152230739593506,0.5513060092926025,,,,,,,,,,,,,,,
,0.00012079218339892188,1849,,,,,,,,,,,,,,,,,,,,,,,,,,,,,,
17,,1849,0.6969935894012451,0.35434070229530334,1.4428460597991943,0.02579408325254917,0.6201894283294678,1.1285454034805298,2.5026445388793945,0.00023252415121532977,2.8470818996429443,0.20039017498493195,0.6347072720527649,5.56650447845459,0.02586597017943859,2.020590305328369,0.8082050681114197,,,,,,,,,,,,,,,
17,,1853,,,,,,,,,,,,,,,,0.30166134238243103,0.0969414934515953,0.4150351285934448,0.0038743913173675537,0.0775843933224678,0.15904979407787323,1.2194011211395264,0.0018275012262165546,1.0482089519500732,0.032951295375823975,0.0899738073348999,1.832260251045227,0.0052510472014546394,2.419970989227295,0.10757357627153397
,0.00011930746425361705,1859,,,,,,,,,,,,,,,,,,,,,,,,,,,,,,
18,,1859,0.8359678387641907,0.34463265538215637,1.630990982055664,0.05169176682829857,0.6148412823677063,1.6574056148529053,2.57289981842041,0.00018286347039975226,3.440084457397461,0.14401882886886597,0.6244422197341919,6.547863483428955,0.009770878590643406,2.076467752456665,0.7629003524780273,,,,,,,,,,,,,,,
,0.00011782587700945042,1869,,,,,,,,,,,,,,,,,,,,,,,,,,,,,,
18,,1869,0.7602537870407104,0.27808451652526855,1.4034448862075806,0.02565569430589676,0.5492358803749084,1.2651863098144531,2.3100569248199463,0.00027080735890194774,3.1725354194641113,0.07435736060142517,0.45034486055374146,5.697356224060059,0.005843885708600283,2.2551944255828857,0.440054714679718,,,,,,,,,,,,,,,
,0.00011634757284926375,1879,,,,,,,,,,,,,,,,,,,,,,,,,,,,,,
18,,1879,0.84870845079422,0.3110700845718384,1.3590216636657715,0.03990408778190613,0.5355226397514343,1.1197564601898193,2.184251546859741,0.000324425520375371,3.2880451679229736,0.11413764953613281,0.6665254235267639,5.924091339111328,0.021076688542962074,2.136455774307251,0.7600144147872925,,,,,,,,,,,,,,,
,0.00011487270262088921,1889,,,,,,,,,,,,,,,,,,,,,,,,,,,,,,
18,,1889,0.5797690749168396,0.23842152953147888,1.4849185943603516,0.02955545485019684,0.5342596173286438,0.8849132061004639,1.905027985572815,0.0004205075674690306,2.4650912284851074,0.07220364362001419,0.6079068779945374,4.7756571769714355,0.02709016390144825,2.244995355606079,0.7936010360717773,,,,,,,,,,,,,,,
,0.00011340141682175678,1899,,,,,,,,,,,,,,,,,,,,,,,,,,,,,,
18,,1899,0.8191824555397034,0.25568291544914246,1.3825432062149048,0.022818611934781075,0.6228266954421997,1.3356093168258667,2.4691457748413086,0.00022050522966310382,3.5291497707366943,0.16923382878303528,0.542287290096283,6.255449295043945,0.007693516090512276,2.1821486949920654,0.6476640701293945,,,,,,,,,,,,,,,
,0.00011193386558353707,1909,,,,,,,,,,,,,,,,,,,,,,,,,,,,,,
18,,1909,0.9025924205780029,0.2605675756931305,1.4180644750595093,0.03614964708685875,0.6016177535057068,1.4417213201522827,2.1490628719329834,0.00025308423209935427,3.4297256469726562,0.16430187225341797,0.5334187746047974,6.204665184020996,0.01231958344578743,2.066260576248169,0.6847166419029236,,,,,,,,,,,,,,,
,0.00011047019865682194,1919,,,,,,,,,,,,,,,,,,,,,,,,,,,,,,
18,,1919,0.6043426990509033,0.3274762034416199,1.6683834791183472,0.06303782761096954,0.5753961801528931,1.1134430170059204,2.307523250579834,0.0004076215554960072,2.7057840824127197,0.23520170152187347,0.5077414512634277,5.3849945068359375,0.010973818600177765,2.079784393310547,0.8561153411865234,,,,,,,,,,,,,,,
,0.00010901056539584363,1929,,,,,,,,,,,,,,,,,,,,,,,,,,,,,,
18,,1929,0.6352851390838623,0.3067973256111145,1.3082906007766724,0.022972170263528824,0.48248276114463806,0.5230420231819153,1.8886433839797974,0.0005440433160401881,2.4360110759735107,0.100666344165802,0.446447491645813,4.436530590057373,0.0025920846965163946,2.269580125808716,0.6095682382583618,,,,,,,,,,,,,,,
,0.00010755511474323475,1939,,,,,,,,,,,,,,,,,,,,,,,,,,,,,,
18,,1939,0.8523944616317749,0.27217164635658264,1.4542075395584106,0.020122261717915535,0.6080982089042664,1.4764066934585571,2.1824495792388916,0.0002253994025522843,3.466383695602417,0.16174791753292084,0.5398449301719666,6.269998073577881,0.018884757533669472,2.279379367828369,0.749941885471344,,,,,,,,,,,,,,,
,0.00010610399521482961,1949,,,,,,,,,,,,,,,,,,,,,,,,,,,,,,
18,,1949,0.6727213859558105,0.25374075770378113,1.1811811923980713,0.02043243497610092,0.5271442532539368,0.8792232871055603,2.076200485229492,0.00043701380491256714,3.0431830883026123,0.13659948110580444,0.5054180026054382,5.2763519287109375,0.016696084290742874,2.138054847717285,0.6379054188728333,,,,,,,,,,,,,,,
18,,1956,,,,,,,,,,,,,,,,0.2812778651714325,0.11073682457208633,0.4335293471813202,0.0032736784778535366,0.09710054844617844,0.16379866003990173,1.1994445323944092,0.0017515122890472412,1.2261745929718018,0.03517010807991028,0.0795830711722374,2.0094010829925537,0.0053588044829666615,2.340928316116333,0.10207433253526688
,0.00010465735488450966,1959,,,,,,,,,,,,,,,,,,,,,,,,,,,,,,
19,,1959,0.8555935025215149,0.23673473298549652,1.4026837348937988,0.050318777561187744,0.562264621257782,1.4914833307266235,1.9031926393508911,0.00025875208666548133,3.245441436767578,0.17647702991962433,0.6002663969993591,6.008697986602783,0.01032442506402731,2.0871267318725586,0.8347578644752502,,,,,,,,,,,,,,,
,0.00010321534136909417,1969,,,,,,,,,,,,,,,,,,,,,,,,,,,,,,
19,,1969,0.5100672841072083,0.3297662138938904,1.3272838592529297,0.07844755053520203,0.5129559636116028,1.314213514328003,2.193587064743042,0.00047012101276777685,2.457798480987549,0.09065286070108414,0.4353063702583313,4.933830738067627,0.028707170858979225,2.1084272861480713,0.49626874923706055,,,,,,,,,,,,,,,
,0.00010177810181327672,1979,,,,,,,,,,,,,,,,,,,,,,,,,,,,,,
19,,1979,0.7039963006973267,0.21902623772621155,1.2519620656967163,0.0172947458922863,0.5697355270385742,1.5331840515136719,2.2684197425842285,0.00020924073760397732,3.2930099964141846,0.21367359161376953,0.5577492117881775,5.9662675857543945,0.003362970193848014,2.1501805782318115,0.7248687744140625,,,,,,,,,,,,,,,
,0.00010034578287461074,1989,,,,,,,,,,,,,,,,,,,,,,,,,,,,,,
19,,1989,0.7942302227020264,0.3024125099182129,1.4573277235031128,0.03256280720233917,0.5929552316665649,1.468400001525879,2.1428442001342773,0.001071888254955411,3.3135311603546143,0.11801041662693024,0.5309318900108337,6.072423934936523,0.0068196142092347145,2.084217071533203,0.7370737791061401,,,,,,,,,,,,,,,
,9.891853070854421e-05,1999,,,,,,,,,,,,,,,,,,,,,,,,,,,,,,
19,,1999,0.7451522946357727,0.26925623416900635,1.4654333591461182,0.05166502296924591,0.538873016834259,0.6882948279380798,2.3163459300994873,0.00054720020852983,2.599519968032837,0.1263795644044876,0.5044617652893066,4.95900821685791,0.013956604525446892,2.2239577770233154,0.652030885219574,,,,,,,,,,,,,,,
,9.749649095350614e-05,2009,,,,,,,,,,,,,,,,,,,,,,,,,,,,,,
19,,2009,0.9513373970985413,0.3495234251022339,1.5461305379867554,0.029493967071175575,0.6230084896087646,1.8586266040802002,2.096431016921997,0.00022948658443056047,3.539701223373413,0.11006353050470352,0.5982245206832886,6.677028656005859,0.0105709508061409,2.1240289211273193,0.9079601168632507,,,,,,,,,,,,,,,
,9.607980871604492e-05,2019,,,,,,,,,,,,,,,,,,,,,,,,,,,,,,
19,,2019,0.7215495705604553,0.20896360278129578,1.1832244396209717,0.044924478977918625,0.5254392623901367,1.2055519819259644,1.8290542364120483,0.0005048676976002753,3.17527437210083,0.1458747386932373,0.4556032121181488,5.510812759399414,0.008666718378663063,2.219545602798462,0.5923774838447571,,,,,,,,,,,,,,,
,9.466862855602187e-05,2029,,,,,,,,,,,,,,,,,,,,,,,,,,,,,,
19,,2029,0.5341962575912476,0.2198994755744934,1.1519312858581543,0.009670363739132881,0.5321171283721924,0.6824306845664978,1.944524884223938,0.0004247348988428712,2.566514015197754,0.10750189423561096,0.5112224817276001,4.595164775848389,0.01425785943865776,2.205507755279541,0.7497159242630005,,,,,,,,,,,,,,,
,9.326309447186027e-05,2039,,,,,,,,,,,,,,,,,,,,,,,,,,,,,,
19,,2039,0.5446222424507141,0.27665531635284424,1.3314497470855713,0.03342512249946594,0.5163364410400391,0.24919544160366058,2.1226563453674316,0.00046116075827740133,2.4603869915008545,0.1295301616191864,0.4636407494544983,4.379601955413818,0.007734570652246475,2.2509164810180664,0.6622743010520935,,,,,,,,,,,,,,,
,9.186334988585118e-05,2049,,,,,,,,,,,,,,,,,,,,,,,,,,,,,,
19,,2049,0.5958243608474731,0.3488243520259857,1.2069857120513916,0.03856648504734039,0.5178740620613098,0.9020470976829529,1.8824554681777954,0.00042756838956847787,2.51399564743042,0.07882523536682129,0.4829896092414856,4.6962409019470215,0.022408537566661835,2.291846990585327,0.5392584204673767,,,,,,,,,,,,,,,
,9.046953762951879e-05,2059,,,,,,,,,,,,,,,,,,,,,,,,,,,,,,
19,,2059,0.8146257400512695,0.27559658885002136,1.3241820335388184,0.04384594038128853,0.5914719104766846,1.5773979425430298,2.3098182678222656,0.0001703548477962613,3.419438362121582,0.1941523551940918,0.5324106812477112,6.233459949493408,0.020758969709277153,2.1420178413391113,0.6160439848899841,,,,,,,,,,,,,,,
19,,2059,,,,,,,,,,,,,,,,0.33309993147850037,0.09334921091794968,0.4517897367477417,0.003434049431234598,0.12070950865745544,0.1339457482099533,1.115342140197754,0.0020305889192968607,1.1173094511032104,0.0348411463201046,0.07943425327539444,1.8975070714950562,0.0039263698272407055,2.4379918575286865,0.11427159607410431
,8.908179992904558e-05,2069,,,,,,,,,,,,,,,,,,,,,,,,,,,,,,
20,,2069,0.5866929888725281,0.24053844809532166,1.1358671188354492,0.03270924091339111,0.5576440095901489,1.0518823862075806,2.181732416152954,0.00035551085602492094,2.6789822578430176,0.19370527565479279,0.541286051273346,5.071924686431885,0.02585640735924244,2.166879653930664,0.8520035147666931,,,,,,,,,,,,,,,
,8.770027839075967e-05,2079,,,,,,,,,,,,,,,,,,,,,,,,,,,,,,
20,,2079,0.8036539554595947,0.2444012314081192,1.374051809310913,0.060628555715084076,0.5549997687339783,1.0135592222213745,1.931617259979248,0.0003297547227703035,3.182115077972412,0.10478794574737549,0.523421049118042,5.665369510650635,0.005849112290889025,2.2612202167510986,0.8526932597160339,,,,,,,,,,,,,,,
,8.632511398668481e-05,2089,,,,,,,,,,,,,,,,,,,,,,,,,,,,,,
20,,2089,0.8491725325584412,0.2667728662490845,1.395053744316101,0.03401859104633331,0.6063162088394165,1.4699137210845947,2.071627140045166,0.00020151592616457492,3.356008291244507,0.16803622245788574,0.5262593030929565,6.156703472137451,0.014183281920850277,2.120049238204956,0.891936719417572,,,,,,,,,,,,,,,
,8.49564470401554e-05,2099,,,,,,,,,,,,,,,,,,,,,,,,,,,,,,
20,,2099,0.6320124268531799,0.3653910160064697,1.6595277786254883,0.03997425362467766,0.6015259027481079,0.8925371766090393,2.403918504714966,0.00026936017093248665,2.717045783996582,0.2390558421611786,0.5656532049179077,5.309943199157715,0.015694383531808853,2.228001594543457,0.7677316069602966,,,,,,,,,,,,,,,
,8.359441721149822e-05,2109,,,,,,,,,,,,,,,,,,,,,,,,,,,,,,
20,,2109,0.5242559313774109,0.20213240385055542,1.1212464570999146,0.02807164192199707,0.5254858732223511,0.5215906500816345,1.8191406726837158,0.0004052006406709552,2.3992092609405518,0.2448553442955017,0.5671790242195129,4.305208206176758,0.012347697280347347,2.2152843475341797,0.6290118098258972,,,,,,,,,,,,,,,
,8.223916348378087e-05,2119,,,,,,,,,,,,,,,,,,,,,,,,,,,,,,
20,,2119,0.8776203393936157,0.34291204810142517,1.593825101852417,0.10635270178318024,0.6289337277412415,1.6234313249588013,2.4872756004333496,0.00021199330512899905,3.5548274517059326,0.1815904825925827,0.5812473297119141,6.722987651824951,0.01825525425374508,2.1641533374786377,0.8498731851577759,,,,,,,,,,,,,,,
,8.089082414862984e-05,2129,,,,,,,,,,,,,,,,,,,,,,,,,,,,,,
20,,2129,0.5146408081054688,0.18501226603984833,1.070322871208191,0.04127933084964752,0.48059937357902527,0.4064851701259613,1.816222906112671,0.0003734643687494099,2.3274683952331543,0.18736274540424347,0.5071113109588623,4.147411346435547,0.008926190435886383,2.1669092178344727,0.6998916268348694,,,,,,,,,,,,,,,
,7.954953679211937e-05,2139,,,,,,,,,,,,,,,,,,,,,,,,,,,,,,
20,,2139,0.516670823097229,0.2396877557039261,1.1907110214233398,0.03683953359723091,0.541157603263855,0.644151508808136,2.19531512260437,0.00027669750852510333,2.7172250747680664,0.15884144604206085,0.5977151989936829,4.868455410003662,0.007735598832368851,2.244091749191284,0.8179730772972107,,,,,,,,,,,,,,,
,7.821543828073165e-05,2149,,,,,,,,,,,,,,,,,,,,,,,,,,,,,,
20,,2149,0.621757984161377,0.36875036358833313,1.493965744972229,0.025610458105802536,0.5109848380088806,1.2182176113128662,2.197582483291626,0.00037107488606125116,2.460552453994751,0.11697805672883987,0.5310268402099609,5.025481700897217,0.012591901235282421,2.314271926879883,0.6992815136909485,,,,,,,,,,,,,,,
,7.688866474739099e-05,2159,,,,,,,,,,,,,,,,,,,,,,,,,,,,,,
20,,2159,0.84989333152771,0.22821377217769623,1.472176432609558,0.019563928246498108,0.5962521433830261,1.6941463947296143,2.170685052871704,0.00022239473764784634,3.3732478618621826,0.08642406761646271,0.5158820152282715,6.199585437774658,0.008888525888323784,2.146202564239502,0.6160967946052551,,,,,,,,,,,,,,,
20,,2162,,,,,,,,,,,,,,,,0.2808290123939514,0.08277551084756851,0.4005214273929596,0.003319134470075369,0.08933209627866745,0.16984950006008148,1.0754427909851074,0.0016635273350402713,1.1371166706085205,0.035315580666065216,0.07683295756578445,1.8661240339279175,0.004294656217098236,2.378329038619995,0.09755438566207886
,7.556935157757267e-05,2169,,,,,,,,,,,,,,,,,,,,,,,,,,,,,,
21,,2169,0.6415033936500549,0.2608220875263214,1.4546440839767456,0.047223351895809174,0.5290318131446838,0.9825416803359985,1.9219508171081543,0.00021209337865002453,2.523074150085449,0.11606952548027039,0.607203483581543,4.9251017570495605,0.011957207694649696,2.2063474655151367,0.7943102121353149,,,,,,,,,,,,,,,
,7.425763339548803e-05,2179,,,,,,,,,,,,,,,,,,,,,,,,,,,,,,
21,,2179,0.6231271028518677,0.30977267026901245,1.2633432149887085,0.009792251512408257,0.5193982720375061,0.8113992810249329,2.132453441619873,0.0003081991453655064,2.6198606491088867,0.11457369476556778,0.5353488326072693,4.875643730163574,0.016732417047023773,2.2596285343170166,0.7385210990905762,,,,,,,,,,,,,,,
,7.29536440503472e-05,2189,,,,,,,,,,,,,,,,,,,,,,,,,,,,,,
21,,2189,0.808227002620697,0.2791478633880615,1.4767117500305176,0.012800537049770355,0.5967795252799988,1.5874944925308228,2.1242451667785645,0.00038820499321445823,3.292144775390625,0.243257537484169,0.5118829011917114,6.234776496887207,0.006592006888240576,2.1000025272369385,1.170654296875,,,,,,,,,,,,,,,
,7.165751660270099e-05,2199,,,,,,,,,,,,,,,,,,,,,,,,,,,,,,
21,,2199,0.7086580991744995,0.23248913884162903,1.3931002616882324,0.05457877740263939,0.5591337084770203,1.196731686592102,2.4904747009277344,0.00024472628138028085,2.849539279937744,0.2392040193080902,0.6795362830162048,5.539525508880615,0.016278302296996117,2.201723098754883,0.7369129061698914,,,,,,,,,,,,,,,
,7.036938331086348e-05,2209,,,,,,,,,,,,,,,,,,,,,,,,,,,,,,
21,,2209,0.7930823564529419,0.26434051990509033,1.6713351011276245,0.07426156103610992,0.562206506729126,1.136871337890625,2.188253164291382,0.00022048984828870744,3.27769136428833,0.20131708681583405,0.6601687669754028,5.966740131378174,0.012802334502339363,2.1467392444610596,0.5993496775627136,,,,,,,,,,,,,,,
,6.908937561741585e-05,2219,,,,,,,,,,,,,,,,,,,,,,,,,,,,,,
21,,2219,0.8090459108352661,0.24719727039337158,1.4787037372589111,0.01409180462360382,0.5959566235542297,1.3306684494018555,2.1313791275024414,0.0003273662878200412,3.2485334873199463,0.13952670991420746,0.5570892691612244,6.044156551361084,0.0149484071880579,2.218838930130005,1.1324248313903809,,,,,,,,,,,,,,,
,6.7817624135794e-05,2229,,,,,,,,,,,,,,,,,,,,,,,,,,,,,,
21,,2229,0.6741355061531067,0.22665484249591827,1.4773898124694824,0.029610592871904373,0.5310589671134949,0.8617970943450928,2.0512514114379883,0.000327672460116446,2.541377544403076,0.18669117987155914,0.5762865543365479,4.922601699829102,0.014260613359510899,2.279459238052368,0.8211374282836914,,,,,,,,,,,,,,,
,6.655425863696067e-05,2239,,,,,,,,,,,,,,,,,,,,,,,,,,,,,,
21,,2239,0.7449397444725037,0.28317514061927795,1.621756911277771,0.059056755155324936,0.578471839427948,0.9368228316307068,2.526048421859741,0.00019632925977930427,2.8806161880493164,0.12680092453956604,0.5994013547897339,5.6154656410217285,0.009007429704070091,2.0154917240142822,1.0362673997879028,,,,,,,,,,,,,,,
,6.529940803616348e-05,2249,,,,,,,,,,,,,,,,,,,,,,,,,,,,,,
21,,2249,0.9581920504570007,0.23550406098365784,1.759089708328247,0.0656290128827095,0.63826584815979,1.9277958869934082,2.6480743885040283,0.00010592091712169349,3.6893301010131836,0.32419756054878235,0.5748898386955261,7.063197135925293,0.02945520170032978,2.136568307876587,0.7618722915649414,,,,,,,,,,,,,,,
,6.405320037978013e-05,2259,,,,,,,,,,,,,,,,,,,,,,,,,,,,,,
21,,2259,0.7129344940185547,0.24112212657928467,1.3744715452194214,0.0238470658659935,0.5585425496101379,0.7984240055084229,2.056098699569702,0.00017770426347851753,3.222679853439331,0.14663727581501007,0.6250035166740417,5.6079607009887695,0.009904067032039165,2.2168359756469727,0.9540888667106628,,,,,,,,,,,,,,,
21,,2265,,,,,,,,,,,,,,,,0.297160804271698,0.0946383997797966,0.3903697729110718,0.0030013215728104115,0.08271542936563492,0.18525896966457367,1.0657989978790283,0.002250159624963999,1.0786532163619995,0.04417997971177101,0.07728704065084457,1.8246811628341675,0.004250743426382542,2.3708841800689697,0.10378824174404144
,6.281576283225242e-05,2269,,,,,,,,,,,,,,,,,,,,,,,,,,,,,,
22,,2269,0.6195801496505737,0.2465805858373642,1.3172276020050049,0.02674594521522522,0.5163180232048035,0.6794528961181641,2.020733118057251,0.0003575480659492314,2.580369234085083,0.17996543645858765,0.4946274161338806,4.79994010925293,0.014940041117370129,2.1459789276123047,0.9134238362312317,,,,,,,,,,,,,,,
,6.15872216631104e-05,2279,,,,,,,,,,,,,,,,,,,,,,,,,,,,,,
22,,2279,0.6312606334686279,0.19722013175487518,1.245926856994629,0.014801847748458385,0.5168258547782898,0.6788361668586731,1.872088074684143,0.0003388053155504167,2.944748640060425,0.07072828710079193,0.48201531171798706,4.952922344207764,0.007880638353526592,2.171654462814331,0.5773228406906128,,,,,,,,,,,,,,,
,6.0367702234087537e-05,2289,,,,,,,,,,,,,,,,,,,,,,,,,,,,,,
22,,2289,0.7942139506340027,0.32682543992996216,1.5414332151412964,0.036806199699640274,0.568371057510376,0.8966505527496338,2.0754294395446777,0.00036570464726537466,3.4080159664154053,0.11404243111610413,0.5593523383140564,5.929651737213135,0.007981262169778347,2.1499736309051514,0.8265454173088074,,,,,,,,,,,,,,,
,5.9157328986328715e-05,2299,,,,,,,,,,,,,,,,,,,,,,,,,,,,,,
22,,2299,0.7447605133056641,0.22351625561714172,1.4429454803466797,0.07846181839704514,0.5591365694999695,1.1976701021194458,2.0371313095092773,0.00025414576521143317,3.1895675659179688,0.11318323016166687,0.504862368106842,5.723735809326172,0.013400373980402946,2.198197364807129,0.6050990223884583,,,,,,,,,,,,,,,
,5.795622542769206e-05,2309,,,,,,,,,,,,,,,,,,,,,,,,,,,,,,
22,,2309,0.5839439034461975,0.3645411431789398,1.2409874200820923,0.028740454465150833,0.5296322107315063,0.9264615774154663,2.1616973876953125,0.0003435806720517576,2.556912899017334,0.17204156517982483,0.5718063116073608,4.876828193664551,0.011475048027932644,2.156355857849121,0.6434701681137085,,,,,,,,,,,,,,,
,5.676451412014627e-05,2319,,,,,,,,,,,,,,,,,,,,,,,,,,,,,,
22,,2319,0.6292896270751953,0.21027016639709473,1.1006063222885132,0.061089225113391876,0.4955294728279114,0.6955976486206055,1.6177582740783691,0.00039815728086978197,2.3803551197052,0.20204582810401917,0.5073832273483276,4.3926682472229,0.008874659426510334,2.1830663681030273,0.6837068796157837,,,,,,,,,,,,,,,
,5.558231666726396e-05,2329,,,,,,,,,,,,,,,,,,,,,,,,,,,,,,
22,,2329,0.5720216631889343,0.1464615762233734,1.0784473419189453,0.04041808843612671,0.49250662326812744,0.4974806010723114,1.7879165410995483,0.000490831327624619,2.4084548950195312,0.09956587851047516,0.4712415337562561,4.245696067810059,0.025500984862446785,2.2144722938537598,0.5822421908378601,,,,,,,,,,,,,,,
,5.440975370181322e-05,2339,,,,,,,,,,,,,,,,,,,,,,,,,,,,,,
22,,2339,0.8666330575942993,0.3109959065914154,1.5921931266784668,0.03615393862128258,0.6394571661949158,1.5328017473220825,2.2361483573913574,0.00012803266872651875,3.545975685119629,0.47301265597343445,0.5646613836288452,6.545773983001709,0.01846480369567871,2.175839424133301,0.8016391396522522,,,,,,,,,,,,,,,
,5.324694487344825e-05,2349,,,,,,,,,,,,,,,,,,,,,,,,,,,,,,
22,,2349,0.7595455050468445,0.2914569079875946,1.8770092725753784,0.1087627112865448,0.6122362017631531,1.4732204675674438,2.3790340423583984,0.00028686862788163126,3.484585762023926,0.2784585952758789,0.5744670629501343,6.541258811950684,0.021420365199446678,2.1529242992401123,0.752184271812439,,,,,,,,,,,,,,,
,5.209400883649991e-05,2359,,,,,,,,,,,,,,,,,,,,,,,,,,,,,,
22,,2359,0.8965055346488953,0.2615290582180023,1.3931602239608765,0.026606664061546326,0.6167716383934021,1.7586636543273926,2.471480369567871,0.00020246936765033752,3.5004942417144775,0.16306926310062408,0.5720212459564209,6.557619094848633,0.006820487789809704,2.1130638122558594,0.8747453689575195,,,,,,,,,,,,,,,
22,,2368,,,,,,,,,,,,,,,,0.3053312301635742,0.09013833850622177,0.3700694441795349,0.003064240561798215,0.07698690891265869,0.12674705684185028,1.0393846035003662,0.002278936794027686,1.0448181629180908,0.03773513063788414,0.07354164868593216,1.7481465339660645,0.0046141790226101875,2.3741605281829834,0.10264759510755539
,5.095106323786831e-05,2369,,,,,,,,,,,,,,,,,,,,,,,,,,,,,,
23,,2369,0.9272324442863464,0.20781180262565613,1.3061165809631348,0.03711775690317154,0.5623036026954651,1.5413376092910767,2.2020022869110107,0.0002571609802544117,3.505138874053955,0.32231616973876953,0.5860928297042847,6.378511428833008,0.02493860386312008,2.219231605529785,0.8172386884689331,,,,,,,,,,,,,,,
,4.981822470501787e-05,2379,,,,,,,,,,,,,,,,,,,,,,,,,,,,,,
23,,2379,0.762195348739624,0.3825233280658722,1.102429747581482,0.032278645783662796,0.5603064894676208,1.331519365310669,1.9047284126281738,0.00039442101842723787,3.082836151123047,0.13381053507328033,0.553535521030426,5.612107276916504,0.011487766169011593,2.2693839073181152,0.6915900707244873,,,,,,,,,,,,,,,
,4.8695608834076586e-05,2389,,,,,,,,,,,,,,,,,,,,,,,,,,,,,,
23,,2389,0.6917550563812256,0.22923308610916138,1.173004150390625,0.027124082669615746,0.510539710521698,0.6865162253379822,1.8494457006454468,0.0004885998787358403,2.4212419986724854,0.13389678299427032,0.43488258123397827,4.4554667472839355,0.008896627463400364,2.2122085094451904,0.5597614049911499,,,,,,,,,,,,,,,
,4.758333017804043e-05,2399,,,,,,,,,,,,,,,,,,,,,,,,,,,,,,
23,,2399,0.6598666906356812,0.22427698969841003,1.4125800132751465,0.02746269479393959,0.5586907267570496,0.5689738988876343,2.1793439388275146,0.0004034732701256871,2.7068958282470703,0.1976868212223053,0.5420882105827332,4.920743942260742,0.007395153399556875,2.152298927307129,0.7603428363800049,,,,,,,,,,,,,,,
,4.64815022350842e-05,2409,,,,,,,,,,,,,,,,,,,,,,,,,,,,,,
23,,2409,0.5846076607704163,0.27118536829948425,1.1240466833114624,0.04568929597735405,0.5087274312973022,1.404368281364441,2.052851915359497,0.00033593265106901526,2.5215094089508057,0.1777918040752411,0.5952980518341064,4.9996562004089355,0.011683941818773746,2.1653263568878174,0.6471282839775085,,,,,,,,,,,,,,,
,4.539023743698025e-05,2419,,,,,,,,,,,,,,,,,,,,,,,,,,,,,,
23,,2419,0.5556910634040833,0.17321208119392395,0.9787366390228271,0.021019961684942245,0.48248907923698425,0.26685094833374023,1.4556224346160889,0.0004807552322745323,2.665017604827881,0.07009843736886978,0.40410739183425903,4.175063610076904,0.00980983953922987,2.2509090900421143,0.42898261547088623,,,,,,,,,,,,,,,
,4.4309647137625495e-05,2429,,,,,,,,,,,,,,,,,,,,,,,,,,,,,,
23,,2429,1.0563602447509766,0.2864929735660553,1.6048022508621216,0.04952775314450264,0.6251208782196045,2.119767665863037,2.558891534805298,0.00012875866377726197,3.693403482437134,0.1805986911058426,0.6461440324783325,7.135078430175781,0.00751458527520299,2.111403465270996,0.8269366025924683,,,,,,,,,,,,,,,
,4.3239841601678935e-05,2439,,,,,,,,,,,,,,,,,,,,,,,,,,,,,,
23,,2439,0.7264776825904846,0.29406851530075073,1.2059675455093384,0.02265086956322193,0.5420318245887756,0.8500394225120544,1.544423222541809,0.0003244169056415558,2.919166088104248,0.08571512252092361,0.3910253345966339,5.038424491882324,0.019285857677459717,2.1264467239379883,0.6554819941520691,,,,,,,,,,,,,,,
,4.218092999331009e-05,2449,,,,,,,,,,,,,,,,,,,,,,,,,,,,,,
23,,2449,0.5442864298820496,0.26747721433639526,1.2970843315124512,0.050110671669244766,0.46968090534210205,0.4420264661312103,1.8226021528244019,0.00036803161492571235,2.451214075088501,0.1544942855834961,0.49904531240463257,4.394779682159424,0.009286938235163689,2.1541800498962402,0.6615788340568542,,,,,,,,,,,,,,,
,4.113302036505985e-05,2459,,,,,,,,,,,,,,,,,,,,,,,,,,,,,,
23,,2459,0.8430396914482117,0.2758999764919281,1.3262619972229004,0.045614294707775116,0.5638267397880554,1.1657657623291016,2.004767894744873,0.0003728798183146864,3.166306972503662,0.14127036929130554,0.5431274175643921,5.677620887756348,0.014868871308863163,2.1992528438568115,0.5528404712677002,,,,,,,,,,,,,,,
,4.009621964681447e-05,2469,,,,,,,,,,,,,,,,,,,,,,,,,,,,,,
23,,2469,0.7778192758560181,0.2665490210056305,1.6329339742660522,0.03505663573741913,0.6215523481369019,1.4678349494934082,2.3663113117218018,0.00014971502241678536,3.405672073364258,0.14028222858905792,0.5129740238189697,6.231601238250732,0.017974380403757095,2.110276460647583,0.6093924045562744,,,,,,,,,,,,,,,
23,,2471,,,,,,,,,,,,,,,,0.25412529706954956,0.08995375782251358,0.3672303855419159,0.003043249249458313,0.06298471987247467,0.09061876684427261,1.0459425449371338,0.0024692330043762922,0.9629569053649902,0.03735361993312836,0.07529175281524658,1.6182039976119995,0.00432554492726922,2.3448915481567383,0.0966438353061676
,3.907063363489444e-05,2479,,,,,,,,,,,,,,,,,,,,,,,,,,,,,,
24,,2479,0.7199724912643433,0.24531035125255585,1.4391183853149414,0.05515512451529503,0.5507741570472717,0.6068339943885803,1.7399702072143555,0.00027107191272079945,3.1099624633789062,0.11239732056856155,0.5214751958847046,5.212675094604492,0.01973217912018299,2.1651344299316406,0.4681689143180847,,,,,,,,,,,,,,,
,3.805636698125899e-05,2489,,,,,,,,,,,,,,,,,,,,,,,,,,,,,,
24,,2489,0.7005387544631958,0.18371647596359253,1.5026346445083618,0.028825994580984116,0.555121123790741,1.0585240125656128,2.1683969497680664,0.00043854687828570604,3.2391233444213867,0.1216440200805664,0.5495520830154419,5.728817939758301,0.00971249956637621,2.2786340713500977,0.792908251285553,,,,,,,,,,,,,,,
,3.7053523182827125e-05,2499,,,,,,,,,,,,,,,,,,,,,,,,,,,,,,
24,,2499,0.7165377140045166,0.17371386289596558,1.0488277673721313,0.029621439054608345,0.5248785614967346,0.6868667006492615,1.631775140762329,0.00042215490248054266,3.0687432289123535,0.10649354010820389,0.5430804491043091,5.059996604919434,0.00843742210417986,2.305386781692505,0.677273690700531,,,,,,,,,,,,,,,
,3.6062204570916726e-05,2509,,,,,,,,,,,,,,,,,,,,,,,,,,,,,,
24,,2509,0.6163020730018616,0.2635962665081024,0.9837403893470764,0.02438826486468315,0.4856887459754944,0.506089985370636,1.667172908782959,0.00028936320450156927,2.319826364517212,0.2633221745491028,0.5722838640213013,4.171726226806641,0.019406331703066826,2.2082746028900146,0.5129618644714355,,,,,,,,,,,,,,,
,3.508251230080274e-05,2519,,,,,,,,,,,,,,,,,,,,,,,,,,,,,,
24,,2519,0.9021751880645752,0.281460702419281,1.571590781211853,0.0917036384344101,0.6273118853569031,1.8560577630996704,2.3982748985290527,0.00010318683052901179,3.5733819007873535,0.14268773794174194,0.5677591562271118,6.799562931060791,0.04063468053936958,2.131242513656616,0.7973670959472656,,,,,,,,,,,,,,,
,3.411454634139485e-05,2529,,,,,,,,,,,,,,,,,,,,,,,,,,,,,,
24,,2529,0.6223862171173096,0.2891674041748047,1.4643644094467163,0.066207155585289,0.5516828298568726,0.9809406995773315,2.028597116470337,0.0002482542477082461,2.635129928588867,0.17773155868053436,0.557884156703949,5.107483386993408,0.01460203342139721,2.308457612991333,0.8378299474716187,,,,,,,,,,,,,,,
,3.315840546503677e-05,2539,,,,,,,,,,,,,,,,,,,,,,,,,,,,,,
24,,2539,0.7652798295021057,0.18854734301567078,1.5415878295898438,0.01846190355718136,0.595139741897583,1.0736610889434814,2.500004529953003,0.0002681869373191148,3.267688274383545,0.1682259738445282,0.5740272998809814,5.8735480308532715,0.009798669256269932,2.2582998275756836,0.6871353983879089,,,,,,,,,,,,,,,
,3.2214187237427284e-05,2549,,,,,,,,,,,,,,,,,,,,,,,,,,,,,,
24,,2549,0.7410436868667603,0.25718235969543457,1.3518632650375366,0.02105923742055893,0.5863893032073975,1.2921440601348877,1.8538087606430054,0.00026575312949717045,3.3022186756134033,0.10146800428628922,0.5553569197654724,5.836520671844482,0.029993314296007156,2.225464105606079,0.7387214303016663,,,,,,,,,,,,,,,
,3.1281988007664723e-05,2559,,,,,,,,,,,,,,,,,,,,,,,,,,,,,,
24,,2559,0.9085080623626709,0.28226593136787415,1.5319205522537231,0.02529013156890869,0.573795735836029,1.4877656698226929,2.2097933292388916,0.0001675988023635,3.369619369506836,0.11450076848268509,0.5407410264015198,6.181097984313965,0.013838650658726692,2.1593122482299805,0.6011426448822021,,,,,,,,,,,,,,,
,3.036190289841509e-05,2569,,,,,,,,,,,,,,,,,,,,,,,,,,,,,,
24,,2569,0.5112875699996948,0.2619268000125885,1.223198652267456,0.05815235152840614,0.49798938632011414,1.4433250427246094,1.8108257055282593,0.00030376779614016414,2.3428115844726562,0.12484947592020035,0.5333912968635559,4.734129905700684,0.028765155002474785,2.2545671463012695,0.5081681609153748,,,,,,,,,,,,,,,
24,,2574,,,,,,,,,,,,,,,,0.286394864320755,0.0859241709113121,0.3595016300678253,0.003051862120628357,0.073403000831604,0.09871223568916321,1.0100442171096802,0.0022481209598481655,0.9963638186454773,0.03433437645435333,0.07212910801172256,1.6576422452926636,0.003836398245766759,2.3662736415863037,0.08976854383945465
,2.94540257962059e-05,2579,,,,,,,,,,,,,,,,,,,,,,,,,,,,,,
25,,2579,0.7205932140350342,0.207855686545372,1.1558430194854736,0.007293262518942356,0.5675349235534668,1.0844476222991943,1.7326585054397583,0.000317090074531734,3.113088607788086,0.07222089916467667,0.5123734474182129,5.349907875061035,0.0034773985389620066,2.2904205322265625,0.6831983327865601,,,,,,,,,,,,,,,
,2.8558449341845735e-05,2589,,,,,,,,,,,,,,,,,,,,,,,,,,,,,,
25,,2589,0.6874603033065796,0.1869524121284485,1.3032989501953125,0.06000378355383873,0.5168860554695129,1.0134096145629883,1.9477789402008057,0.00025757504045031965,2.5117735862731934,0.2866070866584778,0.5253778100013733,4.893705368041992,0.04741298779845238,2.2251698970794678,0.6460637450218201,,,,,,,,,,,,,,,
,2.767526492097116e-05,2599,,,,,,,,,,,,,,,,,,,,,,,,,,,,,,
25,,2599,0.6018642783164978,0.2662739157676697,1.3206359148025513,0.020124325528740883,0.5022870302200317,0.7371099591255188,2.0860681533813477,0.0002954223891720176,2.604492425918579,0.18376527726650238,0.4900321364402771,4.7606658935546875,0.0037250721361488104,2.23227596282959,0.6239364743232727,,,,,,,,,,,,,,,
,2.6804562654721584e-05,2609,,,,,,,,,,,,,,,,,,,,,,,,,,,,,,
25,,2609,0.6233950853347778,0.23462066054344177,1.2456754446029663,0.043279018253088,0.5198973417282104,0.849912703037262,2.1887121200561523,0.0001851094712037593,2.4718542098999023,0.12882263958454132,0.5384835004806519,4.722035884857178,0.01769232749938965,2.207925319671631,0.6021615862846375,,,,,,,,,,,,,,,
,2.59464313905432e-05,2619,,,,,,,,,,,,,,,,,,,,,,,,,,,,,,
25,,2619,0.6879765391349792,0.34639501571655273,1.4723355770111084,0.034685198217630386,0.5475870370864868,0.84793621301651,2.4399025440216064,0.00024951755767688155,2.5847601890563965,0.15314911305904388,0.5890102386474609,5.069826126098633,0.02595081925392151,2.233942747116089,0.6277282238006592,,,,,,,,,,,,,,,
,2.5100958693122952e-05,2629,,,,,,,,,,,,,,,,,,,,,,,,,,,,,,
25,,2629,0.8633841276168823,0.3605765104293823,1.6140605211257935,0.02773849107325077,0.5855997204780579,1.2766083478927612,2.410184621810913,0.0001855204172898084,3.323042631149292,0.15259872376918793,0.6281543970108032,6.200438022613525,0.017772113904356956,2.2140469551086426,0.7859587073326111,,,,,,,,,,,,,,,
,2.426823083545323e-05,2639,,,,,,,,,,,,,,,,,,,,,,,,,,,,,,
25,,2639,0.8587098717689514,0.37390053272247314,1.5954225063323975,0.032336339354515076,0.6289805173873901,1.781916856765747,2.557119131088257,0.00012818610412068665,3.641329288482666,0.18593978881835938,0.6309584379196167,6.773053169250488,0.010765694081783295,2.069685935974121,0.6312859654426575,,,,,,,,,,,,,,,
,2.3448332790028502e-05,2649,,,,,,,,,,,,,,,,,,,,,,,,,,,,,,
25,,2649,0.8750920295715332,0.2749858498573303,1.290371298789978,0.048563241958618164,0.5412142276763916,1.9773075580596924,1.9468873739242554,0.00014166079927235842,3.2254698276519775,0.13204814493656158,0.595187246799469,6.1932148933410645,0.015384315513074398,2.2878224849700928,0.7315998673439026,,,,,,,,,,,,,,,
,2.264134822017477e-05,2659,,,,,,,,,,,,,,,,,,,,,,,,,,,,,,
25,,2659,0.5832831859588623,0.37344738841056824,1.480839490890503,0.0628717914223671,0.5618335008621216,1.1350833177566528,2.188952684402466,0.00013705373567063361,2.6725106239318848,0.18681272864341736,0.6755813360214233,5.322404861450195,0.013098200783133507,2.2238941192626953,0.900460958480835,,,,,,,,,,,,,,,
,2.1847359471512245e-05,2669,,,,,,,,,,,,,,,,,,,,,,,,,,,,,,
25,,2669,0.6326271295547485,0.24309830367565155,1.642726182937622,0.04201844707131386,0.6183031797409058,1.0031121969223022,2.4934558868408203,0.0001068149067577906,2.4858951568603516,0.08936149626970291,0.6352590322494507,5.031552314758301,0.03604463115334511,2.3045670986175537,0.47054895758628845,,,,,,,,,,,,,,,
25,,2677,,,,,,,,,,,,,,,,0.29081031680107117,0.08709322661161423,0.3673352897167206,0.0030646054074168205,0.06836793571710587,0.09134034067392349,1.0104973316192627,0.0018300367519259453,0.9429279565811157,0.0343526192009449,0.07190261781215668,1.604687213897705,0.0037291257176548243,2.389211893081665,0.09257584065198898
,2.1066447563552867e-05,2679,,,,,,,,,,,,,,,,,,,,,,,,,,,,,,
26,,2679,0.8040446043014526,0.3176085650920868,1.1785414218902588,0.03149201348423958,0.6084235906600952,1.4772167205810547,1.9317021369934082,0.00019938882905989885,3.247023582458496,0.10477358847856522,0.5863136649131775,5.8623127937316895,0.032077498733997345,2.228421211242676,0.5409116744995117,,,,,,,,,,,,,,,
,2.0298692181432784e-05,2689,,,,,,,,,,,,,,,,,,,,,,,,,,,,,,
26,,2689,0.8323347568511963,0.22519256174564362,1.509962797164917,0.08250081539154053,0.577254593372345,1.6674025058746338,2.3246588706970215,0.00022377514687832445,3.3766884803771973,0.2307981550693512,0.5732675790786743,6.365872383117676,0.007743044290691614,2.217405080795288,0.7700996398925781,,,,,,,,,,,,,,,
,1.9544171667781594e-05,2699,,,,,,,,,,,,,,,,,,,,,,,,,,,,,,
26,,2699,0.5930932760238647,0.2132541686296463,1.1767903566360474,0.022954970598220825,0.5329675674438477,0.286369264125824,2.099433660507202,0.00032275653211399913,2.3956964015960693,0.15307621657848358,0.38245177268981934,4.257534980773926,0.0094944192096591,2.2150614261627197,0.6448149085044861,,,,,,,,,,,,,,,
,1.880296301472772e-05,2709,,,,,,,,,,,,,,,,,,,,,,,,,,,,,,
26,,2709,0.9637652635574341,0.2824130356311798,1.6014338731765747,0.034969862550497055,0.6359385251998901,2.1398932933807373,2.3835651874542236,0.0001018639886751771,3.6175103187561035,0.13332341611385345,0.6279065012931824,6.967905521392822,0.021400468423962593,2.0239763259887695,0.8274750709533691,,,,,,,,,,,,,,,
,1.8075141856042252e-05,2719,,,,,,,,,,,,,,,,,,,,,,,,,,,,,,
26,,2719,0.5648016333580017,0.3104822635650635,1.3028639554977417,0.030888881534337997,0.4667510688304901,0.9376667737960815,1.9000005722045898,0.0002711692941375077,2.329434633255005,0.12541607022285461,0.473842591047287,4.513636112213135,0.03233964741230011,2.2699623107910156,0.49715712666511536,,,,,,,,,,,,,,,
,1.736078245942129e-05,2729,,,,,,,,,,,,,,,,,,,,,,,,,,,,,,
26,,2729,0.9264197945594788,0.26520800590515137,1.3885350227355957,0.058262474834918976,0.6091812252998352,1.7858248949050903,2.253575563430786,0.00014021110837347806,3.5034499168395996,0.24311217665672302,0.7073466777801514,6.653238773345947,0.013170464895665646,2.073110342025757,1.019416332244873,,,,,,,,,,,,,,,
,1.6659957718907402e-05,2739,,,,,,,,,,,,,,,,,,,,,,,,,,,,,,
26,,2739,0.4603942930698395,0.3249512314796448,1.1949453353881836,0.03156585991382599,0.5121195912361145,0.6133867502212524,1.829798698425293,0.00029921921668574214,2.420161485671997,0.12470804154872894,0.5461187958717346,4.3844194412231445,0.01855194941163063,2.2645223140716553,0.5835879445075989,,,,,,,,,,,,,,,
,1.597273914745148e-05,2749,,,,,,,,,,,,,,,,,,,,,,,,,,,,,,
26,,2749,0.7925648093223572,0.2685263454914093,1.6722925901412964,0.02188626118004322,0.6086887717247009,1.8012560606002808,2.3663697242736816,0.0001702495210338384,3.4489667415618896,0.15821042656898499,0.5866063237190247,6.471168041229248,0.005219511687755585,2.2529616355895996,0.6803292632102966,,,,,,,,,,,,,,,
,1.52991968696155e-05,2759,,,,,,,,,,,,,,,,,,,,,,,,,,,,,,
26,,2759,0.7901682257652283,0.23412741720676422,1.2185940742492676,0.02321643754839897,0.5000357627868652,0.49478641152381897,1.992971420288086,0.0003150162228848785,2.5205442905426025,0.22822055220603943,0.567977786064148,4.670142650604248,0.02228384092450142,2.238835096359253,0.7699863910675049,,,,,,,,,,,,,,,
,1.4639399614417052e-05,2769,,,,,,,,,,,,,,,,,,,,,,,,,,,,,,
26,,2769,0.7727736234664917,0.30304062366485596,1.4055966138839722,0.038511645048856735,0.5634819269180298,1.3869974613189697,1.8913211822509766,0.0002360046491958201,3.0973353385925293,0.13922132551670074,0.5571276545524597,5.715376377105713,0.010866601951420307,2.1261332035064697,0.6654551029205322,,,,,,,,,,,,,,,
,1.3993414708315914e-05,2779,,,,,,,,,,,,,,,,,,,,,,,,,,,,,,
26,,2779,0.7780961990356445,0.19469524919986725,1.1813769340515137,0.025184322148561478,0.5449307560920715,0.545404314994812,1.8295594453811646,0.0003364237491041422,2.9833457469940186,0.18573668599128723,0.5469601154327393,5.000065803527832,0.010113830678164959,2.151434898376465,0.5205637812614441,,,,,,,,,,,,,,,
26,,2780,,,,,,,,,,,,,,,,0.27690398693084717,0.08724433183670044,0.3367880880832672,0.0029127923771739006,0.06948420405387878,0.08035648614168167,0.9918447136878967,0.0016445713117718697,0.9346343874931335,0.033967338502407074,0.0692233145236969,1.5699012279510498,0.003649370977655053,2.3644521236419678,0.09407950192689896
,1.3361308068344084e-05,2789,,,,,,,,,,,,,,,,,,,,,,,,,,,,,,
27,,2789,0.8282470703125,0.24504368007183075,1.2010911703109741,0.03431468456983566,0.515788197517395,0.3716810643672943,1.761399269104004,0.0002940687700174749,2.4428579807281494,0.11382026970386505,0.5539583563804626,4.42870569229126,0.013647021725773811,2.1997768878936768,0.6070704460144043,,,,,,,,,,,,,,,
,1.2743144195379685e-05,2799,,,,,,,,,,,,,,,,,,,,,,,,,,,,,,
27,,2799,0.6946803331375122,0.20936214923858643,1.314976692199707,0.04303019866347313,0.5193830728530884,0.9740691781044006,1.9885984659194946,0.00024002573627512902,3.071122646331787,0.15109479427337646,0.6166346073150635,5.405196666717529,0.018458398059010506,2.207432508468628,0.6224888563156128,,,,,,,,,,,,,,,
,1.2138986167564991e-05,2809,,,,,,,,,,,,,,,,,,,,,,,,,,,,,,
27,,2809,0.6099453568458557,0.32442525029182434,1.5004758834838867,0.027741564437747,0.5510839819908142,0.6849781274795532,2.0547187328338623,0.00020792250870727003,2.451343297958374,0.08716682344675064,0.5858094692230225,4.794260025024414,0.0181953813880682,2.2376842498779297,0.9590345621109009,,,,,,,,,,,,,,,
,1.1548895633869981e-05,2819,,,,,,,,,,,,,,,,,,,,,,,,,,,,,,
27,,2819,0.7466859817504883,0.23928341269493103,1.2136168479919434,0.03296544402837753,0.5358219146728516,1.0785306692123413,2.129164457321167,0.0003014657413586974,2.574878692626953,0.1880267709493637,0.49859827756881714,4.9902215003967285,0.011922205798327923,2.194084405899048,0.6785884499549866,,,,,,,,,,,,,,,
,1.0972932807801555e-05,2829,,,,,,,,,,,,,,,,,,,,,,,,,,,,,,
27,,2829,0.49381208419799805,0.20142808556556702,1.1381055116653442,0.03788726031780243,0.4797382354736328,0.20256350934505463,1.639315128326416,0.00040324561996385455,2.3246138095855713,0.11292034387588501,0.48784974217414856,3.9835638999938965,0.014787325635552406,2.188291311264038,0.638033926486969,,,,,,,,,,,,,,,
,1.041115646125944e-05,2839,,,,,,,,,,,,,,,,,,,,,,,,,,,,,,
27,,2839,0.5893763899803162,0.2840312123298645,1.5718809366226196,0.07185636460781097,0.5262261629104614,0.5233392119407654,2.1805310249328613,0.000288606621325016,2.53383207321167,0.09579408168792725,0.5654982924461365,4.779664993286133,0.04434972628951073,2.1862499713897705,0.6121518611907959,,,,,,,,,,,,,,,
,9.863623918538748e-06,2849,,,,,,,,,,,,,,,,,,,,,,,,,,,,,,
27,,2849,0.6467366814613342,0.17523103952407837,1.2726185321807861,0.034724388271570206,0.5403718948364258,0.8138259649276733,1.9223963022232056,0.0001962321694009006,3.118706226348877,0.12714886665344238,0.5928974747657776,5.309150695800781,0.007318657357245684,2.1820483207702637,0.7090075612068176,,,,,,,,,,,,,,,
,9.330391050480785e-06,2859,,,,,,,,,,,,,,,,,,,,,,,,,,,,,,
27,,2859,0.8879140615463257,0.22796247899532318,1.5781910419464111,0.030460672453045845,0.5925132036209106,1.5029873847961426,2.133713722229004,0.0002538237313274294,3.401524782180786,0.2700229287147522,0.5959615707397461,6.3286452293396,0.016713283956050873,2.177236318588257,0.9278228282928467,,,,,,,,,,,,,,,
,8.811512268771902e-06,2869,,,,,,,,,,,,,,,,,,,,,,,,,,,,,,
27,,2869,1.051186203956604,0.33403241634368896,1.5922653675079346,0.022696219384670258,0.6570133566856384,2.0473926067352295,2.7964718341827393,6.595994636882097e-05,3.760824680328369,0.14389440417289734,0.7072029113769531,7.345152378082275,0.012392683885991573,2.1138432025909424,1.2073163986206055,,,,,,,,,,,,,,,
,8.307040520391055e-06,2879,,,,,,,,,,,,,,,,,,,,,,,,,,,,,,
27,,2879,0.8190273642539978,0.298316091299057,1.794986367225647,0.033623989671468735,0.5772038698196411,1.4417555332183838,2.2464792728424072,0.0002041083644144237,3.448206663131714,0.25130459666252136,0.608625054359436,6.453731060028076,0.01669599674642086,2.171236515045166,1.004817247390747,,,,,,,,,,,,,,,
27,,2883,,,,,,,,,,,,,,,,0.25887995958328247,0.08579698204994202,0.33328568935394287,0.0028911717236042023,0.0664140060544014,0.08283466100692749,0.9714212417602539,0.0016304041491821408,0.9107814431190491,0.035244233906269073,0.07090123742818832,1.5308468341827393,0.0036149860825389624,2.3716793060302734,0.09280498325824738
,7.81702728220731e-06,2889,,,,,,,,,,,,,,,,,,,,,,,,,,,,,,
28,,2889,0.7484520077705383,0.22970549762248993,1.3928321599960327,0.05181482806801796,0.5627272725105286,1.4156876802444458,2.4861249923706055,0.00021992203255649656,2.6988847255706787,0.16679660975933075,0.5878347158432007,5.507282733917236,0.018707510083913803,2.1102020740509033,0.8035154938697815,,,,,,,,,,,,,,,
,7.34152255572697e-06,2899,,,,,,,,,,,,,,,,,,,,,,,,,,,,,,
28,,2899,0.6553740501403809,0.23533974587917328,1.3383649587631226,0.02456348016858101,0.5038532614707947,0.6441259384155273,2.083611249923706,0.00027553917607292533,2.4316089153289795,0.14428484439849854,0.545246422290802,4.597177505493164,0.01858157478272915,2.3086767196655273,0.6639825701713562,,,,,,,,,,,,,,,
,6.8805748619912835e-06,2909,,,,,,,,,,,,,,,,,,,,,,,,,,,,,,
28,,2909,0.8817819952964783,0.23541998863220215,1.4130103588104248,0.028003467246890068,0.5603985786437988,1.621492624282837,2.1529383659362793,0.00028179350192658603,3.308729648590088,0.2518065273761749,0.5539665222167969,6.190818786621094,0.028688043355941772,2.2091283798217773,0.7616984844207764,,,,,,,,,,,,,,,
,6.434231236625398e-06,2919,,,,,,,,,,,,,,,,,,,,,,,,,,,,,,
28,,2919,0.8014910817146301,0.43917715549468994,1.8320473432540894,0.04212735593318939,0.6148748397827148,1.8442788124084473,2.049612045288086,0.00013261909771244973,3.420175790786743,0.18505620956420898,0.7006881833076477,6.595412254333496,0.023908397182822227,2.227619171142578,0.756266176700592,,,,,,,,,,,,,,,
,6.002537225038806e-06,2929,,,,,,,,,,,,,,,,,,,,,,,,,,,,,,
28,,2929,0.7476162910461426,0.3052211403846741,1.2735031843185425,0.02861744910478592,0.5346900820732117,1.0664440393447876,1.950437068939209,0.0002910071052610874,3.125948190689087,0.15014789998531342,0.5643548965454102,5.570231914520264,0.005352236330509186,2.184441089630127,0.8072630167007446,,,,,,,,,,,,,,,
,5.585536877777802e-06,2939,,,,,,,,,,,,,,,,,,,,,,,,,,,,,,
28,,2939,0.6592490673065186,0.20499052107334137,1.223058819770813,0.021827492862939835,0.5532846450805664,0.5188788175582886,1.7184016704559326,0.00035905413096770644,3.1241304874420166,0.11537875235080719,0.5677621364593506,5.104833602905273,0.009181134402751923,2.1798760890960693,0.7085866928100586,,,,,,,,,,,,,,,
,5.183272746030459e-06,2949,,,,,,,,,,,,,,,,,,,,,,,,,,,,,,
28,,2949,0.6743966341018677,0.22562065720558167,1.2893903255462646,0.03054901771247387,0.5526662468910217,0.9861413240432739,1.9211949110031128,0.00030284581589512527,3.1377334594726562,0.1495256870985031,0.5372582674026489,5.486721515655518,0.013365923427045345,2.2312493324279785,0.8303016424179077,,,,,,,,,,,,,,,
,4.795785877284785e-06,2959,,,,,,,,,,,,,,,,,,,,,,,,,,,,,,
28,,2959,0.5842108726501465,0.33056968450546265,1.3058573007583618,0.04329511895775795,0.5250686407089233,0.8651119470596313,2.003574848175049,0.00027868832694366574,2.46952223777771,0.1633608639240265,0.5883798599243164,4.73142671585083,0.0068450989201664925,2.173591136932373,0.6283288598060608,,,,,,,,,,,,,,,
,4.423115811140093e-06,2969,,,,,,,,,,,,,,,,,,,,,,,,,,,,,,
28,,2969,0.8058897852897644,0.2571885883808136,1.3193758726119995,0.019285203889012337,0.5760028958320618,1.3860167264938354,1.749362587928772,0.00024315217160619795,3.0578272342681885,0.2636309266090393,0.506680965423584,5.630488872528076,0.01562950387597084,2.177150011062622,0.7354694604873657,,,,,,,,,,,,,,,
,4.06530057527234e-06,2979,,,,,,,,,,,,,,,,,,,,,,,,,,,,,,
28,,2979,0.7108553051948547,0.18712329864501953,1.1815197467803955,0.05176514387130737,0.5673069953918457,0.9325466752052307,1.9394230842590332,0.0003148508840240538,3.1596455574035645,0.21535079181194305,0.5016466379165649,5.4809184074401855,0.027450455352663994,2.3347861766815186,0.7714048624038696,,,,,,,,,,,,,,,
28,,2986,,,,,,,,,,,,,,,,0.2648276686668396,0.08530654013156891,0.33629292249679565,0.0027559474110603333,0.06519868224859238,0.08515755832195282,0.9682648181915283,0.0015973426634445786,0.8943121433258057,0.03366734832525253,0.06896371394395828,1.5168678760528564,0.0036720207426697016,2.379240036010742,0.09106174111366272
,3.7223766815537848e-06,2989,,,,,,,,,,,,,,,,,,,,,,,,,,,,,,
29,,2989,0.7961531281471252,0.18367613852024078,1.2902460098266602,0.022167105227708817,0.5709086060523987,1.1498032808303833,1.739355444908142,0.00032112677581608295,3.162851572036743,0.10495885461568832,0.4666655957698822,5.562580108642578,0.008414256386458874,2.151628017425537,0.8288683891296387,,,,,,,,,,,,,,,
,3.3943791223272676e-06,2999,,,,,,,,,,,,,,,,,,,,,,,,,,,,,,
29,,2999,0.6377149224281311,0.42096614837646484,1.125869631767273,0.020181359723210335,0.5520822405815125,0.9869728684425354,1.7020459175109863,0.00023037230130285025,3.0063183307647705,0.08375251293182373,0.5237236022949219,5.184169292449951,0.010761257261037827,2.2264211177825928,0.4911564886569977,,,,,,,,,,,,,,,
,3.081341366835516e-06,3009,,,,,,,,,,,,,,,,,,,,,,,,,,,,,,
29,,3009,0.8138971924781799,0.27397236227989197,1.4716205596923828,0.05112728476524353,0.5772759318351746,1.4959402084350586,2.0610578060150146,0.00023637486447114497,3.283332586288452,0.1658637374639511,0.538453221321106,6.013407230377197,0.010713058523833752,2.0693106651306152,0.5661665201187134,,,,,,,,,,,,,,,
,2.7832953578059426e-06,3019,,,,,,,,,,,,,,,,,,,,,,,,,,,,,,
29,,3019,0.8066412210464478,0.31614166498184204,1.2261756658554077,0.07713264226913452,0.5470385551452637,1.1890795230865479,1.9094535112380981,0.0002522723516449332,3.189945936203003,0.10895615816116333,0.4429524540901184,5.620176792144775,0.015405264683067799,2.1407995223999023,0.42071226239204407,,,,,,,,,,,,,,,
,2.5002715081911372e-06,3029,,,,,,,,,,,,,,,,,,,,,,,,,,,,,,
29,,3029,0.7943099737167358,0.2908215820789337,1.3071914911270142,0.015271151438355446,0.5426801443099976,0.8183687329292297,2.034071683883667,0.0002704202488530427,3.152493476867676,0.22880391776561737,0.5213010907173157,5.428184509277344,0.006912625394761562,2.1334421634674072,0.5188079476356506,,,,,,,,,,,,,,,
,2.232298698065549e-06,3039,,,,,,,,,,,,,,,,,,,,,,,,,,,,,,
29,,3039,0.861874520778656,0.22243331372737885,1.3906124830245972,0.026940565556287766,0.595005452632904,2.0299315452575684,2.085461139678955,0.00011595806427067146,3.4114763736724854,0.14082849025726318,0.6015801429748535,6.46079158782959,0.007953374646604061,2.1554315090179443,0.8356293439865112,,,,,,,,,,,,,,,
,1.9794042716784586e-06,3049,,,,,,,,,,,,,,,,,,,,,,,,,,,,,,
29,,3049,0.7865753769874573,0.30765843391418457,1.3652364015579224,0.020267071202397346,0.5730546712875366,1.9059044122695923,2.324655532836914,0.00016997725469991565,3.3838276863098145,0.20209039747714996,0.5850656032562256,6.381929397583008,0.0235915444791317,2.2363121509552,0.6781488656997681,,,,,,,,,,,,,,,
,1.7416140346637963e-06,3059,,,,,,,,,,,,,,,,,,,,,,,,,,,,,,
29,,3059,0.648554265499115,0.21073877811431885,1.346646785736084,0.013360957615077496,0.49031105637550354,0.5315142869949341,1.9063609838485718,0.00031415236298926175,2.4362223148345947,0.16835229098796844,0.5659939050674438,4.49053430557251,0.005253253970295191,2.2095320224761963,0.7314683198928833,,,,,,,,,,,,,,,
,1.5189522514068963e-06,3069,,,,,,,,,,,,,,,,,,,,,,,,,,,,,,
29,,3069,0.6273755431175232,0.21549081802368164,1.0330920219421387,0.029679657891392708,0.4798569679260254,0.5226044058799744,1.4069534540176392,0.00039066141471266747,2.756556510925293,0.09793603420257568,0.43690213561058044,4.508712291717529,0.015535056591033936,2.2309908866882324,0.5388782620429993,,,,,,,,,,,,,,,
,1.3114416425684948e-06,3079,,,,,,,,,,,,,,,,,,,,,,,,,,,,,,
29,,3079,0.8726885914802551,0.25956419110298157,1.4159377813339233,0.058547161519527435,0.6119665503501892,1.8286985158920288,2.0949320793151855,0.00018964189803227782,3.3489222526550293,0.14795085787773132,0.5459043979644775,6.377564907073975,0.011523925699293613,2.048743724822998,0.9032796621322632,,,,,,,,,,,,,,,
,1.1191033827663677e-06,3089,,,,,,,,,,,,,,,,,,,,,,,,,,,,,,
29,,3089,0.7874110341072083,0.3866191804409027,1.0698754787445068,0.023347629234194756,0.5092699527740479,1.1457618474960327,1.7191640138626099,0.000254542741458863,2.951876163482666,0.10792694240808487,0.5381441712379456,5.277278900146484,0.04183380678296089,2.132648468017578,0.4561457335948944,,,,,,,,,,,,,,,
29,,3089,,,,,,,,,,,,,,,,0.2617615759372711,0.08442388474941254,0.33659106492996216,0.002766858320683241,0.06436275690793991,0.08444809913635254,0.9657390713691711,0.0015702382661402225,0.882495641708374,0.03412618115544319,0.06907583028078079,1.5017261505126953,0.0036454068031162024,2.3795485496520996,0.08978907763957977
