epoch,lr-AdamW,step,train/accidental,train/downbeat,train/duration,train/grace,train/hand,train/keysignature,train/offset,train/pad,train/pitch,train/staccato,train/stem,train/total,train/trill,train/velocity,train/voice,val/accidental,val/downbeat,val/duration,val/grace,val/hand,val/keysignature,val/offset,val/pad,val/pitch,val/staccato,val/stem,val/total,val/trill,val/velocity,val/voice
,9.345794392523363e-06,9,,,,,,,,,,,,,,,,,,,,,,,,,,,,,,
0,,9,1.5423651933670044,5.350396633148193,4.219002723693848,0.28093311190605164,0.7604141235351562,2.838984966278076,5.247975826263428,0.5686464309692383,5.036594867706299,0.3446192741394043,1.1581470966339111,14.082011222839355,0.1293177604675293,2.075556993484497,2.281874656677246,,,,,,,,,,,,,,,
,1.8691588785046727e-05,19,,,,,,,,,,,,,,,,,,,,,,,,,,,,,,
0,,19,1.2285268306732178,2.0923376083374023,3.6918511390686035,0.0500689297914505,0.8118105530738831,2.7779178619384766,4.996572971343994,0.5073300004005432,4.821873188018799,0.28782498836517334,0.9741392731666565,11.6275634765625,0.043660108000040054,2.346193790435791,1.8894023895263672,,,,,,,,,,,,,,,
,2.803738317757009e-05,29,,,,,,,,,,,,,,,,,,,,,,,,,,,,,,
0,,29,1.1426811218261719,0.6591364741325378,2.9224252700805664,0.11120866984128952,0.8121070861816406,2.78631329536438,4.492660999298096,0.36180442571640015,4.506398677825928,0.2398199439048767,0.8335610628128052,10.088495254516602,0.06633131206035614,2.6655564308166504,1.3633226156234741,,,,,,,,,,,,,,,
,3.7383177570093454e-05,39,,,,,,,,,,,,,,,,,,,,,,,,,,,,,,
0,,39,1.195507526397705,0.7542185187339783,2.5328588485717773,0.0459771528840065,0.765038788318634,2.796809434890747,4.018826961517334,0.28453439474105835,4.376838207244873,0.15252165496349335,0.78565913438797,9.577733039855957,0.03857288882136345,2.7480666637420654,1.3270965814590454,,,,,,,,,,,,,,,
,4.6728971962616814e-05,49,,,,,,,,,,,,,,,,,,,,,,,,,,,,,,
0,,49,1.1518677473068237,0.6002216935157776,2.2655162811279297,0.08086177706718445,0.7396307587623596,2.8375179767608643,3.6843454837799072,0.14510653913021088,4.268551349639893,0.31945154070854187,0.7149217128753662,9.139467239379883,0.03275543078780174,2.6632587909698486,1.3361948728561401,,,,,,,,,,,,,,,
,5.607476635514018e-05,59,,,,,,,,,,,,,,,,,,,,,,,,,,,,,,
0,,59,1.208570122718811,0.5381885170936584,2.2579290866851807,0.02929980866611004,0.7099868059158325,2.8799943923950195,3.5660059452056885,0.051191750913858414,4.224205017089844,0.40005865693092346,0.7189860939979553,8.936921119689941,0.02015737257897854,2.632452964782715,1.3410885334014893,,,,,,,,,,,,,,,
,6.542056074766355e-05,69,,,,,,,,,,,,,,,,,,,,,,,,,,,,,,
0,,69,1.1653101444244385,0.4107198715209961,1.9493229389190674,0.05088064819574356,0.7015237212181091,2.662674903869629,3.2941043376922607,0.02217579074203968,4.235501766204834,0.22945758700370789,0.7178879380226135,8.556714057922363,0.018071942031383514,2.7607994079589844,1.3003458976745605,,,,,,,,,,,,,,,
,7.476635514018691e-05,79,,,,,,,,,,,,,,,,,,,,,,,,,,,,,,
0,,79,1.06597101688385,0.4325929284095764,2.108530044555664,0.07617068290710449,0.6615634560585022,2.8029956817626953,3.2217586040496826,0.014214737340807915,4.1314778327941895,0.2885993421077728,0.7029692530632019,8.566576957702637,0.03112071566283703,2.5961761474609375,1.3959957361221313,,,,,,,,,,,,,,,
,8.411214953271027e-05,89,,,,,,,,,,,,,,,,,,,,,,,,,,,,,,
0,,89,1.0601838827133179,0.37939751148223877,2.2121338844299316,0.0285201296210289,0.6439858675003052,2.5560405254364014,3.128002882003784,0.010336482897400856,4.0848002433776855,0.1565103530883789,0.6999520659446716,8.26341724395752,0.008451363071799278,2.641758680343628,1.3377777338027954,,,,,,,,,,,,,,,
,9.345794392523363e-05,99,,,,,,,,,,,,,,,,,,,,,,,,,,,,,,
0,,99,1.0724624395370483,0.3607684075832367,2.325002431869507,0.18224391341209412,0.6146280765533447,2.5492758750915527,3.058285713195801,0.01095989253371954,4.064826965332031,0.18111449480056763,0.6748839616775513,8.370384216308594,0.037951692938804626,2.6950299739837646,1.1378446817398071,,,,,,,,,,,,,,,
0,,102,,,,,,,,,,,,,,,,0.8524042367935181,0.324776291847229,2.023578405380249,0.02163638547062874,0.2325916886329651,2.448972463607788,3.367382049560547,0.008244144730269909,4.058357238769531,0.2396019548177719,0.4768959879875183,7.812644958496094,0.021782515570521355,2.6166670322418213,0.9454641938209534
,0.000102803738317757,109,,,,,,,,,,,,,,,,,,,,,,,,,,,,,,
1,,109,0.927827000617981,0.5056644082069397,1.9486619234085083,0.0667295977473259,0.5612035989761353,2.6483771800994873,2.72383451461792,0.008604011498391628,4.076590061187744,0.2950093448162079,0.6545863151550293,8.056830406188965,0.03150421008467674,2.5935921669006348,1.0066924095153809,,,,,,,,,,,,,,,
,0.00011214953271028036,119,,,,,,,,,,,,,,,,,,,,,,,,,,,,,,
1,,119,0.7603322267532349,0.3886577785015106,1.9797228574752808,0.032772794365882874,0.5506823658943176,2.410137891769409,2.8525402545928955,0.004304349888116121,3.8692917823791504,0.3466896712779999,0.6041039824485779,7.667570114135742,0.028465338051319122,2.514944553375244,1.2483022212982178,,,,,,,,,,,,,,,
,0.00012149532710280372,129,,,,,,,,,,,,,,,,,,,,,,,,,,,,,,
1,,129,0.7118815183639526,0.3441844582557678,1.9305474758148193,0.05907918140292168,0.5704185962677002,2.5111043453216553,3.110520601272583,0.004365286789834499,3.960048198699951,0.14369866251945496,0.606427013874054,7.690508842468262,0.019018983468413353,2.5929758548736572,0.8553022742271423,,,,,,,,,,,,,,,
,0.0001308411214953271,139,,,,,,,,,,,,,,,,,,,,,,,,,,,,,,
1,,139,0.6475957036018372,0.2733542025089264,2.166860342025757,0.06447254121303558,0.5379395484924316,2.346587896347046,3.2704761028289795,0.00894922111183405,3.9358575344085693,0.22192341089248657,0.542304277420044,7.6401777267456055,0.024860087782144547,2.5944149494171143,0.852310836315155,,,,,,,,,,,,,,,
,0.00014018691588785044,149,,,,,,,,,,,,,,,,,,,,,,,,,,,,,,
1,,149,0.5773486495018005,0.4678087830543518,1.8908193111419678,0.08913037925958633,0.5717813372612,1.8324979543685913,2.815492868423462,0.003941487520933151,3.868582010269165,0.1679387092590332,0.5308501124382019,7.140345096588135,0.024537786841392517,2.548349142074585,0.7222718000411987,,,,,,,,,,,,,,,
,0.00014953271028037381,159,,,,,,,,,,,,,,,,,,,,,,,,,,,,,,
1,,159,0.7806839346885681,0.3734537959098816,2.1809887886047363,0.0399169921875,0.5405183434486389,2.4145586490631104,2.863091468811035,0.007555782794952393,3.834794759750366,0.27801764011383057,0.5468542575836182,7.573840141296387,0.010938013903796673,2.44563889503479,0.9245316982269287,,,,,,,,,,,,,,,
,0.00015887850467289716,169,,,,,,,,,,,,,,,,,,,,,,,,,,,,,,
1,,169,0.6084889769554138,0.3250828683376312,2.1913859844207764,0.039596471935510635,0.504986584186554,1.753839373588562,3.1321399211883545,0.006799066439270973,3.8404452800750732,0.12542110681533813,0.4809251129627228,7.099101543426514,0.01177972462028265,2.4772746562957764,0.6919587254524231,,,,,,,,,,,,,,,
,0.00016822429906542053,179,,,,,,,,,,,,,,,,,,,,,,,,,,,,,,
1,,179,0.5812429785728455,0.3919343650341034,2.2179927825927734,0.038151003420352936,0.5107099413871765,1.8895632028579712,3.219576358795166,0.0035241013392806053,3.822383403778076,0.15775196254253387,0.4822918474674225,7.232450485229492,0.017468685284256935,2.628314256668091,0.8021878600120544,,,,,,,,,,,,,,,
,0.0001775700934579439,189,,,,,,,,,,,,,,,,,,,,,,,,,,,,,,
1,,189,0.622962474822998,0.39806467294692993,1.771714448928833,0.03257115185260773,0.5235896110534668,1.175563097000122,2.9880032539367676,0.005287564359605312,3.8983988761901855,0.20445334911346436,0.5678858160972595,6.836302757263184,0.010601579211652279,2.316507577896118,0.9243219494819641,,,,,,,,,,,,,,,
,0.00018691588785046725,199,,,,,,,,,,,,,,,,,,,,,,,,,,,,,,
1,,199,0.561255156993866,0.33284416794776917,2.4041390419006348,0.0467279776930809,0.5359821915626526,1.3475712537765503,3.3745079040527344,0.004432082176208496,3.8940656185150146,0.1311846673488617,0.4021879732608795,7.076817512512207,0.016134239733219147,2.5113937854766846,0.7630889415740967,,,,,,,,,,,,,,,
1,,205,,,,,,,,,,,,,,,,0.2687162458896637,0.5237665176391602,1.8902994394302368,0.020479857921600342,0.08183293789625168,0.2913978397846222,3.4381890296936035,0.017548995092511177,3.2666945457458496,0.13386324048042297,0.12421426177024841,5.429861545562744,0.028988314792513847,2.4831032752990723,0.3818948566913605
,0.00019626168224299063,209,,,,,,,,,,,,,,,,,,,,,,,,,,,,,,
2,,209,0.7207455039024353,0.49108949303627014,1.9452491998672485,0.04333464056253433,0.538954496383667,0.7068654298782349,2.8848657608032227,0.007043648511171341,3.691528797149658,0.14732462167739868,0.5402450561523438,6.422039985656738,0.018846191465854645,2.568401575088501,0.604563295841217,,,,,,,,,,,,,,,
,0.000205607476635514,219,,,,,,,,,,,,,,,,,,,,,,,,,,,,,,
2,,219,0.5796589851379395,0.32587769627571106,2.107630491256714,0.040021177381277084,0.5365533232688904,0.5519757270812988,3.041724920272827,0.004720190539956093,3.7736058235168457,0.1641038954257965,0.4764397144317627,6.42291259765625,0.010722005739808083,2.506507158279419,0.8363781571388245,,,,,,,,,,,,,,,
,0.00021495327102803735,229,,,,,,,,,,,,,,,,,,,,,,,,,,,,,,
2,,229,0.6042603850364685,0.4545651972293854,1.7690454721450806,0.0327160581946373,0.5465400218963623,0.25534114241600037,2.710015296936035,0.0047037918120622635,3.636836290359497,0.10713038593530655,0.49178460240364075,6.020913600921631,0.017900601029396057,2.4391095638275146,0.8595037460327148,,,,,,,,,,,,,,,
,0.00022429906542056072,239,,,,,,,,,,,,,,,,,,,,,,,,,,,,,,
2,,239,0.6358581185340881,0.45548534393310547,2.024170398712158,0.030890941619873047,0.5360968708992004,0.31959596276283264,3.0415475368499756,0.002620072104036808,3.717151403427124,0.16117297112941742,0.48226821422576904,6.240739345550537,0.019205285236239433,2.431865930557251,0.6288601756095886,,,,,,,,,,,,,,,
,0.0002336448598130841,249,,,,,,,,,,,,,,,,,,,,,,,,,,,,,,
2,,249,0.6509069800376892,0.3415661156177521,2.0771677494049072,0.017760854214429855,0.5385982990264893,0.14412491023540497,3.068135976791382,0.0024058318231254816,3.7735252380371094,0.14499136805534363,0.4697709381580353,6.2077741622924805,0.011501956731081009,2.2923781871795654,0.7596716284751892,,,,,,,,,,,,,,,
,0.00024299065420560744,259,,,,,,,,,,,,,,,,,,,,,,,,,,,,,,
2,,259,0.6507300734519958,0.4507158100605011,1.8247672319412231,0.023773403838276863,0.46724733710289,0.19135341048240662,3.1499991416931152,0.0034782225266098976,3.859743356704712,0.22193823754787445,0.4935027062892914,6.252469539642334,0.010445754043757915,2.282654285430908,0.5665584802627563,,,,,,,,,,,,,,,
,0.0002523364485981308,269,,,,,,,,,,,,,,,,,,,,,,,,,,,,,,
2,,269,0.5543566346168518,0.3137497901916504,1.8268725872039795,0.01491781696677208,0.5111036896705627,0.1756809949874878,3.154329299926758,0.0033315340988337994,3.735966682434082,0.12595684826374054,0.42269498109817505,6.006435871124268,0.009954425506293774,2.372793436050415,0.6129783987998962,,,,,,,,,,,,,,,
,0.0002616822429906542,279,,,,,,,,,,,,,,,,,,,,,,,,,,,,,,
2,,279,0.5758434534072876,0.38126128911972046,1.782982349395752,0.04291113466024399,0.5754103064537048,0.06504087895154953,2.75128173828125,0.0033856243826448917,3.632566452026367,0.21368460357189178,0.4689148962497711,5.874081611633301,0.024510718882083893,2.4773311614990234,0.6845257878303528,,,,,,,,,,,,,,,
,0.00027102803738317753,289,,,,,,,,,,,,,,,,,,,,,,,,,,,,,,
2,,289,0.47943055629730225,0.362887978553772,1.9621260166168213,0.06886979192495346,0.498990923166275,0.1460794359445572,3.0909266471862793,0.002192880492657423,3.710508108139038,0.12549510598182678,0.47666844725608826,6.060593128204346,0.027364786714315414,2.0606179237365723,0.6449092030525208,,,,,,,,,,,,,,,
,0.0002803738317757009,299,,,,,,,,,,,,,,,,,,,,,,,,,,,,,,
2,,299,0.5924059748649597,0.3413889706134796,1.4569040536880493,0.09696868062019348,0.5321305990219116,0.16287489235401154,2.8938426971435547,0.002677727723494172,3.662383556365967,0.10189102590084076,0.49386167526245117,5.893179416656494,0.0181669183075428,2.444589853286743,0.6372181177139282,,,,,,,,,,,,,,,
2,,308,,,,,,,,,,,,,,,,0.21201033890247345,0.28910356760025024,0.9886354207992554,0.0071549853309988976,0.05549446493387222,0.09257511049509048,2.999702215194702,0.008754223585128784,2.9237091541290283,0.03621670603752136,0.07060782611370087,4.367547035217285,0.017184404656291008,2.5572028160095215,0.2095544934272766
,0.0002897196261682243,309,,,,,,,,,,,,,,,,,,,,,,,,,,,,,,
3,,309,0.6687039732933044,0.249554842710495,1.5435123443603516,0.021561697125434875,0.5196507573127747,0.06833894550800323,3.269334554672241,0.0019414687994867563,3.7220826148986816,0.0989626869559288,0.41635599732398987,5.9151482582092285,0.011175624094903469,2.2135603427886963,0.6054257154464722,,,,,,,,,,,,,,,
,0.00029906542056074763,319,,,,,,,,,,,,,,,,,,,,,,,,,,,,,,
3,,319,0.6487088799476624,0.44322147965431213,1.441628098487854,0.028961338102817535,0.5674765706062317,0.083500437438488,3.089263677597046,0.0018461482832208276,3.673762559890747,0.10965409129858017,0.422338604927063,5.947362899780273,0.015796847641468048,2.5319364070892334,0.7867110371589661,,,,,,,,,,,,,,,
,0.0002999998085132776,329,,,,,,,,,,,,,,,,,,,,,,,,,,,,,,
3,,329,0.6456249952316284,0.38387274742126465,1.4143670797348022,0.05218729004263878,0.5176014304161072,0.06869339942932129,2.5693066120147705,0.0019197362707927823,3.589395523071289,0.13000191748142242,0.47513487935066223,5.701454162597656,0.04118407145142555,2.3562393188476562,0.6516493558883667,,,,,,,,,,,,,,,
,0.00029999903059930587,339,,,,,,,,,,,,,,,,,,,,,,,,,,,,,,
3,,339,0.5657200813293457,0.3064602315425873,1.0578563213348389,0.04850679636001587,0.4978201389312744,0.10329564660787582,2.5442111492156982,0.0016680086264386773,3.490917682647705,0.09059886634349823,0.4774811565876007,5.372753620147705,0.02307256869971752,2.3657326698303223,0.5484868288040161,,,,,,,,,,,,,,,
,0.00029999765429326565,349,,,,,,,,,,,,,,,,,,,,,,,,,,,,,,
3,,349,0.5391875505447388,0.27481186389923096,1.4001606702804565,0.027410095557570457,0.5159605741500854,0.07759195566177368,3.0476975440979004,0.0014862355310469866,3.6262524127960205,0.1304200440645218,0.4168011546134949,5.685733795166016,0.005789812188595533,2.4556021690368652,0.6419827342033386,,,,,,,,,,,,,,,
,0.00029999567960064735,359,,,,,,,,,,,,,,,,,,,,,,,,,,,,,,
3,,359,0.5018591284751892,0.2953551411628723,1.1194344758987427,0.03440225496888161,0.5135741233825684,0.06479515135288239,2.633504629135132,0.0021810238249599934,3.5027008056640625,0.07941316813230515,0.43818214535713196,5.34077262878418,0.009401876479387283,2.419718027114868,0.5615631341934204,,,,,,,,,,,,,,,
,0.0002999931065293287,369,,,,,,,,,,,,,,,,,,,,,,,,,,,,,,
3,,369,0.6548692584037781,0.27234241366386414,1.2385677099227905,0.041655439883470535,0.537736177444458,0.11261404305696487,2.6709635257720947,0.001771501381881535,3.3602476119995117,0.1690942943096161,0.4473200738430023,5.363220691680908,0.012525382451713085,2.1839866638183594,0.5525627136230469,,,,,,,,,,,,,,,
,0.0002999899350895744,379,,,,,,,,,,,,,,,,,,,,,,,,,,,,,,
3,,379,0.5285785794258118,0.3741822838783264,1.2614895105361938,0.023841366171836853,0.5297024846076965,0.047275789082050323,2.619687795639038,0.0016675764927640557,3.551058530807495,0.09499036520719528,0.43577471375465393,5.467794895172119,0.006560258101671934,2.276995897293091,0.5995631814002991,,,,,,,,,,,,,,,
,0.00029998616529403635,389,,,,,,,,,,,,,,,,,,,,,,,,,,,,,,
3,,389,0.6432909965515137,0.4133206605911255,1.2385015487670898,0.020215315744280815,0.5198236107826233,0.0538511797785759,2.471548080444336,0.002724770223721862,3.4865312576293945,0.10696106404066086,0.4605344831943512,5.437937259674072,0.014817132614552975,2.2620770931243896,0.5740155577659607,,,,,,,,,,,,,,,
,0.0002999817971577534,399,,,,,,,,,,,,,,,,,,,,,,,,,,,,,,
3,,399,0.6078432202339172,0.29153579473495483,1.324519395828247,0.017062140628695488,0.5264793038368225,0.058043722063302994,2.54400634765625,0.00205050827935338,3.5215678215026855,0.13253697752952576,0.45388829708099365,5.483521938323975,0.006002479698508978,2.2453529834747314,0.7054840922355652,,,,,,,,,,,,,,,
,0.00029997683069815135,409,,,,,,,,,,,,,,,,,,,,,,,,,,,,,,
3,,409,0.5812518000602722,0.2926989495754242,1.0377566814422607,0.022856319323182106,0.5151417255401611,0.05114782229065895,2.2705469131469727,0.001536731724627316,3.318275213241577,0.1487620621919632,0.5469615459442139,5.153703212738037,0.016728240996599197,2.3683505058288574,0.7385731935501099,,,,,,,,,,,,,,,
3,,411,,,,,,,,,,,,,,,,0.09016559273004532,0.2935625910758972,0.599814772605896,0.0037098824977874756,0.048344679176807404,0.029160523787140846,2.619331121444702,0.011023018509149551,1.8552134037017822,0.029189791530370712,0.08990395069122314,2.9564950466156006,0.006130533758550882,2.411527633666992,0.11369209736585617
,0.000299971265935043,419,,,,,,,,,,,,,,,,,,,,,,,,,,,,,,
4,,419,0.6207200884819031,0.3310049772262573,1.1062953472137451,0.015670590102672577,0.5296692848205566,0.0587112195789814,2.2748305797576904,0.0018156315200030804,3.242514133453369,0.15328682959079742,0.46795791387557983,5.085121154785156,0.02358301356434822,2.2738983631134033,0.5994072556495667,,,,,,,,,,,,,,,
,0.00029996510289062784,429,,,,,,,,,,,,,,,,,,,,,,,,,,,,,,
4,,429,0.5857575535774231,0.29590266942977905,0.9575186371803284,0.024378174915909767,0.5181159973144531,0.03599162772297859,2.2964160442352295,0.0028977119363844395,3.370952606201172,0.17167632281780243,0.44781699776649475,5.062768936157227,0.012268411926925182,2.095201253890991,0.3894418478012085,,,,,,,,,,,,,,,
,0.00029995834158949217,439,,,,,,,,,,,,,,,,,,,,,,,,,,,,,,
4,,439,0.5325551629066467,0.3689683675765991,1.1329755783081055,0.024073783308267593,0.520564079284668,0.08057381957769394,2.509514093399048,0.0015846143942326307,3.136909008026123,0.16850505769252777,0.4616153836250305,5.03787899017334,0.02207951806485653,2.1678268909454346,0.6135624647140503,,,,,,,,,,,,,,,
,0.00029995098205860886,449,,,,,,,,,,,,,,,,,,,,,,,,,,,,,,
4,,449,0.4660155773162842,0.36474722623825073,1.221185326576233,0.04924463853240013,0.4988146722316742,0.094246044754982,2.1382944583892822,0.0016846624203026295,3.010268211364746,0.10387585312128067,0.456271767616272,4.846473693847656,0.031232018023729324,2.295207977294922,0.6518210768699646,,,,,,,,,,,,,,,
,0.0002999430243273374,459,,,,,,,,,,,,,,,,,,,,,,,,,,,,,,
4,,459,0.6228013634681702,0.2600787878036499,1.092677116394043,0.016010085120797157,0.4942352771759033,0.051615674048662186,2.5292258262634277,0.002364512998610735,3.1157565116882324,0.12328688055276871,0.45523619651794434,4.958781719207764,0.011639857664704323,2.3366265296936035,0.5952024459838867,,,,,,,,,,,,,,,
,0.00029993446842742355,469,,,,,,,,,,,,,,,,,,,,,,,,,,,,,,
4,,469,0.5242732167243958,0.2466014325618744,0.976571798324585,0.014205586165189743,0.5121415853500366,0.02867932990193367,2.571460247039795,0.001669101882725954,2.966870069503784,0.15331622958183289,0.4456987977027893,4.782727241516113,0.021771863102912903,2.2771332263946533,0.7569490671157837,,,,,,,,,,,,,,,
,0.00029992531439299936,479,,,,,,,,,,,,,,,,,,,,,,,,,,,,,,
4,,479,0.5204518437385559,0.3581506311893463,1.059073567390442,0.01709441840648651,0.5151782035827637,0.06357570737600327,2.2594823837280273,0.0023143666330724955,2.8116369247436523,0.04519583284854889,0.4455207884311676,4.588018417358398,0.007702156901359558,2.231908082962036,0.6890846490859985,,,,,,,,,,,,,,,
,0.0002999155622605832,489,,,,,,,,,,,,,,,,,,,,,,,,,,,,,,
4,,489,0.5580519437789917,0.3239949941635132,1.1186381578445435,0.023155225440859795,0.5158647298812866,0.04394640401005745,2.796440362930298,0.0021421106066554785,3.001019239425659,0.13918273150920868,0.4106006622314453,4.927942752838135,0.010441366583108902,2.117572069168091,0.6464078426361084,,,,,,,,,,,,,,,
,0.00029990521206907925,499,,,,,,,,,,,,,,,,,,,,,,,,,,,,,,
4,,499,0.494609534740448,0.4192168414592743,1.1057932376861572,0.034494586288928986,0.4940834045410156,0.023287372663617134,2.4137299060821533,0.0016329116187989712,2.8828766345977783,0.11886585503816605,0.4054316580295563,4.696465969085693,0.005625826772302389,2.3473050594329834,0.6253113150596619,,,,,,,,,,,,,,,
,0.00029989426385977765,509,,,,,,,,,,,,,,,,,,,,,,,,,,,,,,
4,,509,0.5474206805229187,0.31279364228248596,0.9931495785713196,0.048157643526792526,0.5229014158248901,0.05979745835065842,2.2820026874542236,0.0013308667112141848,2.892029047012329,0.1608915776014328,0.461430162191391,4.701092720031738,0.013261150568723679,2.261256694793701,0.673322319984436,,,,,,,,,,,,,,,
4,,514,,,,,,,,,,,,,,,,0.06414949148893356,0.17983312904834747,0.4067749083042145,0.003196031553670764,0.046114731580019,0.023877227678894997,2.1173527240753174,0.006764906924217939,0.4674883186817169,0.030820302665233612,0.0658627524971962,1.3065911531448364,0.004073250573128462,2.33766770362854,0.09475703537464142
,0.00029988271767635407,519,,,,,,,,,,,,,,,,,,,,,,,,,,,,,,
5,,519,0.495548814535141,0.23204049468040466,1.2665108442306519,0.028259161859750748,0.5171375274658203,0.06600312888622284,2.4470229148864746,0.0014574140077456832,2.8019139766693115,0.11392296850681305,0.4264437258243561,4.6228251457214355,0.018060002475976944,2.3073818683624268,0.5872394442558289,,,,,,,,,,,,,,,
,0.0002998705735648698,529,,,,,,,,,,,,,,,,,,,,,,,,,,,,,,
5,,529,0.6566689610481262,0.352926641702652,1.3066442012786865,0.04778653383255005,0.5195831656455994,0.034125469624996185,2.312088966369629,0.0009835807140916586,2.802394151687622,0.050252411514520645,0.49027639627456665,4.684142112731934,0.011558436788618565,1.8813976049423218,0.4311562180519104,,,,,,,,,,,,,,,
,0.0002998578315737715,539,,,,,,,,,,,,,,,,,,,,,,,,,,,,,,
5,,539,0.525924563407898,0.22184579074382782,0.883794367313385,0.028497502207756042,0.5151177048683167,0.04395833611488342,2.560734272003174,0.0014452346367761493,2.8009421825408936,0.10930228978395462,0.45244577527046204,4.561389446258545,0.01716146431863308,2.244954824447632,0.6622545123100281,,,,,,,,,,,,,,,
,0.00029984449175389077,549,,,,,,,,,,,,,,,,,,,,,,,,,,,,,,
5,,549,0.541711151599884,0.2706281542778015,0.9601988196372986,0.0250693466514349,0.4807141125202179,0.026176108047366142,2.3891286849975586,0.0016213400522246957,2.7763142585754395,0.11787761002779007,0.4418013393878937,4.515450477600098,0.015345497988164425,2.2412052154541016,0.6444762945175171,,,,,,,,,,,,,,,
,0.00029983055415844424,559,,,,,,,,,,,,,,,,,,,,,,,,,,,,,,
5,,559,0.5177234411239624,0.2844887971878052,0.9006441235542297,0.02364262565970421,0.49713489413261414,0.03891666606068611,2.358816146850586,0.0009675271576270461,2.837397575378418,0.07353965193033218,0.43456175923347473,4.540155410766602,0.010295934043824673,2.2912826538085938,0.6453732848167419,,,,,,,,,,,,,,,
,0.00029981601884303337,569,,,,,,,,,,,,,,,,,,,,,,,,,,,,,,
5,,569,0.5866252779960632,0.25875505805015564,1.098881483078003,0.012783254496753216,0.49718034267425537,0.058167144656181335,2.3400514125823975,0.0012274100445210934,2.795428514480591,0.09842230379581451,0.5165048241615295,4.586044788360596,0.014405504800379276,2.271247625350952,0.5975490808486938,,,,,,,,,,,,,,,
,0.00029980088586564383,579,,,,,,,,,,,,,,,,,,,,,,,,,,,,,,
5,,579,0.5032883286476135,0.326957106590271,0.82187420129776,0.013783005066215992,0.48962199687957764,0.0317179299890995,1.8849323987960815,0.0010251740459352732,2.8334598541259766,0.15078461170196533,0.46785831451416016,4.393240928649902,0.01103776041418314,2.2075655460357666,0.5975295305252075,,,,,,,,,,,,,,,
,0.00029978515528664585,589,,,,,,,,,,,,,,,,,,,,,,,,,,,,,,
5,,589,0.5458154082298279,0.3111000061035156,1.216722846031189,0.018878677859902382,0.48107779026031494,0.041353192180395126,2.277573585510254,0.000929324422031641,2.8449032306671143,0.12079044431447983,0.3435831665992737,4.595055103302002,0.0035508237779140472,2.2944788932800293,0.5575144290924072,,,,,,,,,,,,,,,
,0.0002997688271687934,599,,,,,,,,,,,,,,,,,,,,,,,,,,,,,,
5,,599,0.5523865818977356,0.25534677505493164,1.1090724468231201,0.03197653591632843,0.5059554576873779,0.01967289298772812,2.0947935581207275,0.0011891870526596904,2.828662395477295,0.11858398467302322,0.46611490845680237,4.560896873474121,0.014499449171125889,2.280061960220337,0.6749356985092163,,,,,,,,,,,,,,,
,0.00029975190157722435,609,,,,,,,,,,,,,,,,,,,,,,,,,,,,,,
5,,609,0.5546256899833679,0.29535841941833496,0.935527503490448,0.03290075063705444,0.5084335207939148,0.04395667836070061,2.346278667449951,0.0011851780582219362,2.6724648475646973,0.11922849714756012,0.38108259439468384,4.399816513061523,0.01790485344827175,2.2010061740875244,0.5649622678756714,,,,,,,,,,,,,,,
5,,617,,,,,,,,,,,,,,,,0.05028152838349342,0.10906706005334854,0.29958441853523254,0.0026299755554646254,0.03762386739253998,0.0258588008582592,1.5589663982391357,0.004644878674298525,0.1762768179178238,0.01892152428627014,0.04791635274887085,0.7852211594581604,0.0019121094373986125,2.3260385990142822,0.05538688600063324
,0.00029973437857946017,619,,,,,,,,,,,,,,,,,,,,,,,,,,,,,,
6,,619,0.5391778349876404,0.22228437662124634,1.0398608446121216,0.0393197238445282,0.5195562839508057,0.03874257579445839,2.457054853439331,0.0010739490389823914,2.7279341220855713,0.058928634971380234,0.43365731835365295,4.534338474273682,0.013372206129133701,2.1776485443115234,0.7436094284057617,,,,,,,,,,,,,,,
,0.0002997162582454053,629,,,,,,,,,,,,,,,,,,,,,,,,,,,,,,
6,,629,0.5051188468933105,0.204976886510849,0.889924943447113,0.025024279952049255,0.49742406606674194,0.06180669739842415,1.8695368766784668,0.001243703649379313,2.6593105792999268,0.07718215882778168,0.3688570261001587,4.160002708435059,0.02147781476378441,2.1976120471954346,0.4780890643596649,,,,,,,,,,,,,,,
,0.0002996975406473475,639,,,,,,,,,,,,,,,,,,,,,,,,,,,,,,
6,,639,0.503361701965332,0.2539130449295044,0.9797272682189941,0.010238425806164742,0.4739302098751068,0.03917212784290314,2.0549986362457275,0.0009712853352539241,2.650381565093994,0.041573286056518555,0.4465457797050476,4.226748943328857,0.00846736691892147,2.2695629596710205,0.5405415892601013,,,,,,,,,,,,,,,
,0.0002996782258599569,649,,,,,,,,,,,,,,,,,,,,,,,,,,,,,,
6,,649,0.5154961347579956,0.37751251459121704,1.228276252746582,0.03963669762015343,0.4898446202278137,0.036776620894670486,2.012256622314453,0.0007711872458457947,2.7105681896209717,0.11660008877515793,0.3882485330104828,4.468106746673584,0.029574241489171982,2.1985116004943848,0.5708897709846497,,,,,,,,,,,,,,,
,0.00029965831396028606,659,,,,,,,,,,,,,,,,,,,,,,,,,,,,,,
6,,659,0.5224500894546509,0.21659289300441742,1.025251865386963,0.018685532733798027,0.5085622668266296,0.06066098064184189,1.7651166915893555,0.0010927834082394838,2.731546640396118,0.11358452588319778,0.402423620223999,4.254709243774414,0.012568357400596142,2.161271095275879,0.4636842906475067,,,,,,,,,,,,,,,
,0.0002996378050277697,669,,,,,,,,,,,,,,,,,,,,,,,,,,,,,,
6,,669,0.5059329867362976,0.20739196240901947,1.0275987386703491,0.03007190302014351,0.5180105566978455,0.03571658208966255,2.0660674571990967,0.00088117690756917,2.679361581802368,0.07014500349760056,0.4634302854537964,4.326553821563721,0.010344796814024448,2.2488720417022705,0.6486862301826477,,,,,,,,,,,,,,,
,0.00029961669914422423,679,,,,,,,,,,,,,,,,,,,,,,,,,,,,,,
6,,679,0.5179094672203064,0.3221726417541504,1.0723633766174316,0.012308762408792973,0.4183664321899414,0.021213460713624954,1.897619366645813,0.0009819514816626906,2.7491190433502197,0.1274961233139038,0.4200614094734192,4.34505558013916,0.02734195999801159,2.2178847789764404,0.510102391242981,,,,,,,,,,,,,,,
,0.00029959499639384745,689,,,,,,,,,,,,,,,,,,,,,,,,,,,,,,
6,,689,0.5262556076049805,0.32224154472351074,1.1100131273269653,0.042764388024806976,0.49603989720344543,0.013415197841823101,1.70801842212677,0.000636845885310322,2.7451910972595215,0.14134375751018524,0.5036395192146301,4.3197455406188965,0.013429454527795315,2.1105685234069824,0.37681156396865845,,,,,,,,,,,,,,,
,0.00029957269686321835,699,,,,,,,,,,,,,,,,,,,,,,,,,,,,,,
6,,699,0.4898258149623871,0.22492285072803497,0.8880065679550171,0.031396638602018356,0.47074833512306213,0.029214056208729744,1.707006573677063,0.0008780329371802509,2.66540789604187,0.14042171835899353,0.3767252266407013,4.133274078369141,0.006275888066738844,2.3055319786071777,0.5752577185630798,,,,,,,,,,,,,,,
,0.00029954980064129656,709,,,,,,,,,,,,,,,,,,,,,,,,,,,,,,
6,,709,0.5194045305252075,0.20546293258666992,1.061009168624878,0.020489180460572243,0.4694820046424866,0.03131478652358055,1.535155177116394,0.000947113090660423,2.667175054550171,0.07793061435222626,0.4632326364517212,4.150720596313477,0.004880630411207676,2.1396243572235107,0.5862849354743958,,,,,,,,,,,,,,,
,0.00029952630781942207,719,,,,,,,,,,,,,,,,,,,,,,,,,,,,,,
6,,719,0.5538058280944824,0.2509603500366211,0.919991672039032,0.021138491109013557,0.47679054737091064,0.02498793974518776,1.5860342979431152,0.0011543009895831347,2.626453161239624,0.14899343252182007,0.3860194683074951,4.1146345138549805,0.017258379608392715,2.192326784133911,0.5586410164833069,,,,,,,,,,,,,,,
6,,720,,,,,,,,,,,,,,,,0.04512668773531914,0.069111168384552,0.2499505877494812,0.0016849139938130975,0.027989596128463745,0.028487879782915115,1.0952080488204956,0.0043900953605771065,0.08252301067113876,0.020555658265948296,0.03729723393917084,0.5360158085823059,0.0014548386679962277,2.417210340499878,0.05061279982328415
,0.00029950221849131493,729,,,,,,,,,,,,,,,,,,,,,,,,,,,,,,
7,,729,0.5167276263237,0.2787333130836487,0.9186062812805176,0.018291832879185677,0.48616793751716614,0.0361226350069046,1.8098623752593994,0.0007553183240815997,2.6756057739257812,0.08212791383266449,0.4178072214126587,4.164198875427246,0.0060212682001292706,2.0698776245117188,0.43378663063049316,,,,,,,,,,,,,,,
,0.0002994775327530749,739,,,,,,,,,,,,,,,,,,,,,,,,,,,,,,
7,,739,0.4710111618041992,0.31279608607292175,0.9339967966079712,0.029264232143759727,0.4989052712917328,0.02920933999121189,1.564326286315918,0.0009403163567185402,2.6466197967529297,0.1542893350124359,0.46452510356903076,4.146565914154053,0.02446042187511921,2.2056469917297363,0.5266590118408203,,,,,,,,,,,,,,,
,0.000299452250703181,749,,,,,,,,,,,,,,,,,,,,,,,,,,,,,,
7,,749,0.4795325994491577,0.18089286983013153,1.0034706592559814,0.029191266745328903,0.4988231956958771,0.06263787299394608,1.370826244354248,0.0005488957976922393,2.6328320503234863,0.04208429530262947,0.4442703425884247,4.053096294403076,0.011931984685361385,2.2546279430389404,0.5717642903327942,,,,,,,,,,,,,,,
,0.000299426372442491,759,,,,,,,,,,,,,,,,,,,,,,,,,,,,,,
7,,759,0.6563894152641296,0.22704245150089264,1.0714246034622192,0.04935556277632713,0.5091407299041748,0.026145417243242264,1.6768938302993774,0.0007742237066850066,2.759072780609131,0.10572218149900436,0.43790364265441895,4.392155647277832,0.006718376185745001,2.3377838134765625,0.5759188532829285,,,,,,,,,,,,,,,
,0.00029939989807424116,769,,,,,,,,,,,,,,,,,,,,,,,,,,,,,,
7,,769,0.5128901600837708,0.2761373221874237,0.8906210660934448,0.017855022102594376,0.46791061758995056,0.05200650542974472,1.49016273021698,0.0007971852319315076,2.6309168338775635,0.10109512507915497,0.36459121108055115,4.043022155761719,0.028171174228191376,2.319681406021118,0.4253051280975342,,,,,,,,,,,,,,,
,0.00029937282770404593,779,,,,,,,,,,,,,,,,,,,,,,,,,,,,,,
7,,779,0.4606701135635376,0.18062880635261536,0.9179755449295044,0.02020561322569847,0.4813216030597687,0.018560461699962616,1.350100040435791,0.0008251597173511982,2.6224119663238525,0.08211635053157806,0.4305947422981262,3.9394071102142334,0.012727577239274979,2.2000770568847656,0.46561968326568604,,,,,,,,,,,,,,,
,0.00029934516143989727,789,,,,,,,,,,,,,,,,,,,,,,,,,,,,,,
7,,789,0.4885454475879669,0.2971607446670532,0.892694354057312,0.03037572093307972,0.49921512603759766,0.026245685294270515,1.3616487979888916,0.000731460633687675,2.5328245162963867,0.09664317220449448,0.4016970992088318,3.9492383003234863,0.011661728844046593,2.3807718753814697,0.565082311630249,,,,,,,,,,,,,,,
,0.0002993168993921644,799,,,,,,,,,,,,,,,,,,,,,,,,,,,,,,
7,,799,0.5479459762573242,0.20489244163036346,0.8326257467269897,0.034290943294763565,0.5016239881515503,0.010469148866832256,1.2342408895492554,0.0006162457866594195,2.6439759731292725,0.11022473126649857,0.43532460927963257,4.0357208251953125,0.013062972575426102,2.2649946212768555,0.6508597135543823,,,,,,,,,,,,,,,
,0.00029928804167359327,809,,,,,,,,,,,,,,,,,,,,,,,,,,,,,,
7,,809,0.5259678959846497,0.18235915899276733,0.7640826106071472,0.013449417427182198,0.44804927706718445,0.057771820574998856,1.2649152278900146,0.00044096147757954895,2.5963690280914307,0.08267050981521606,0.42320477962493896,3.914919376373291,0.020082876086235046,2.3260319232940674,0.5508530139923096,,,,,,,,,,,,,,,
,0.0002992585883993061,819,,,,,,,,,,,,,,,,,,,,,,,,,,,,,,
7,,819,0.4550860822200775,0.18957561254501343,0.8338038921356201,0.02298208884894848,0.4832790493965149,0.027320535853505135,1.2104870080947876,0.0007408197852782905,2.6581525802612305,0.15558674931526184,0.4518205523490906,3.95404314994812,0.008609049953520298,2.1203105449676514,0.5308000445365906,,,,,,,,,,,,,,,
7,,823,,,,,,,,,,,,,,,,0.029149502515792847,0.046077340841293335,0.18599310517311096,0.0010534957982599735,0.021697090938687325,0.02684227004647255,0.8534515500068665,0.0028673894703388214,0.048512935638427734,0.012590297497808933,0.03649105504155159,0.39392516016960144,0.0009669730206951499,2.393972396850586,0.034418828785419464
,0.0002992285396868011,829,,,,,,,,,,,,,,,,,,,,,,,,,,,,,,
8,,829,0.5172565579414368,0.2746114134788513,0.8768249750137329,0.03450080007314682,0.4595911502838135,0.03642983362078667,1.1234781742095947,0.000702341552823782,2.549482822418213,0.10323349386453629,0.41209539771080017,3.9263248443603516,0.008953670039772987,2.330230951309204,0.6309275031089783,,,,,,,,,,,,,,,
,0.0002991978956559518,839,,,,,,,,,,,,,,,,,,,,,,,,,,,,,,
8,,839,0.4816851019859314,0.164764404296875,0.9090551137924194,0.025220077484846115,0.46584880352020264,0.023534204810857773,1.33475661277771,0.0007377915899269283,2.590480089187622,0.07944595813751221,0.4321247339248657,3.9533228874206543,0.020590825006365776,2.3268423080444336,0.5885628461837769,,,,,,,,,,,,,,,
,0.0002991666564290066,849,,,,,,,,,,,,,,,,,,,,,,,,,,,,,,
8,,849,0.48946085572242737,0.16246722638607025,0.7038629651069641,0.01544676348567009,0.48588892817497253,0.04034928232431412,1.2248743772506714,0.0005373398889787495,2.650974750518799,0.16736619174480438,0.37814369797706604,3.888786554336548,0.006422773469239473,2.2245450019836426,0.4864317774772644,,,,,,,,,,,,,,,
,0.0002991348221305882,859,,,,,,,,,,,,,,,,,,,,,,,,,,,,,,
8,,859,0.515722930431366,0.17655830085277557,0.9432885646820068,0.015219253487884998,0.4819609522819519,0.022321227937936783,1.2186591625213623,0.0005627750069834292,2.584805727005005,0.10594210028648376,0.4162128269672394,3.95656418800354,0.01045659463852644,2.2074129581451416,0.6619961857795715,,,,,,,,,,,,,,,
,0.0002991023928876936,869,,,,,,,,,,,,,,,,,,,,,,,,,,,,,,
8,,869,0.48047828674316406,0.13849729299545288,0.9216293692588806,0.03609619662165642,0.45062461495399475,0.019147323444485664,1.2388110160827637,0.00044266050099395216,2.566101551055908,0.058153245598077774,0.41940611600875854,3.8727540969848633,0.010984547436237335,2.2339651584625244,0.541551947593689,,,,,,,,,,,,,,,
,0.00029906936882969287,879,,,,,,,,,,,,,,,,,,,,,,,,,,,,,,
8,,879,0.5895752906799316,0.2216438502073288,0.7962580323219299,0.02353784441947937,0.3803848624229431,0.013667713850736618,1.232871174812317,0.0005576973780989647,2.563859701156616,0.05880225822329521,0.35751551389694214,3.8467330932617188,0.005400179885327816,2.196019172668457,0.4686129093170166,,,,,,,,,,,,,,,
,0.0002990357500883291,889,,,,,,,,,,,,,,,,,,,,,,,,,,,,,,
8,,889,0.5075308084487915,0.19335055351257324,0.7522975206375122,0.019489815458655357,0.454873263835907,0.016898440197110176,1.2205357551574707,0.0003280887322034687,2.587642192840576,0.09482042491436005,0.42486071586608887,3.8558871746063232,0.009056918323040009,2.1147513389587402,0.5202629566192627,,,,,,,,,,,,,,,
,0.0002990015367977177,899,,,,,,,,,,,,,,,,,,,,,,,,,,,,,,
8,,899,0.4355701804161072,0.14881977438926697,0.8836199641227722,0.03472842276096344,0.4667779505252838,0.03233383595943451,1.2094305753707886,0.00043804888264276087,2.399477005004883,0.16811655461788177,0.39723286032676697,3.666837453842163,0.021542571485042572,2.139690399169922,0.42789798974990845,,,,,,,,,,,,,,,
,0.00029896672909434605,909,,,,,,,,,,,,,,,,,,,,,,,,,,,,,,
8,,909,0.5125672221183777,0.20950786769390106,0.8175429701805115,0.022899076342582703,0.48085319995880127,0.0300580020993948,1.2365431785583496,0.0005781942745670676,2.5542116165161133,0.12625041604042053,0.39150500297546387,3.8485915660858154,0.01340025570243597,2.318587303161621,0.4351201355457306,,,,,,,,,,,,,,,
,0.00029893132711707263,919,,,,,,,,,,,,,,,,,,,,,,,,,,,,,,
8,,919,0.507875382900238,0.11884189397096634,0.6920245289802551,0.011433142237365246,0.4271969497203827,0.019266251474618912,1.3253860473632812,0.0006763596320524812,2.4938254356384277,0.09918906539678574,0.3669944703578949,3.701098918914795,0.008535093627870083,2.2838776111602783,0.4716375768184662,,,,,,,,,,,,,,,
8,,926,,,,,,,,,,,,,,,,0.025605566799640656,0.05342544615268707,0.14423717558383942,0.0010385873029008508,0.01681564375758171,0.015301554463803768,0.7381912469863892,0.0033015748485922813,0.03794565051794052,0.014861097559332848,0.031835634261369705,0.3349789083003998,0.001488334033638239,2.4231491088867188,0.029206126928329468
,0.00029889533100712685,929,,,,,,,,,,,,,,,,,,,,,,,,,,,,,,
9,,929,0.5582070350646973,0.16654977202415466,0.9757156372070312,0.026657626032829285,0.49702033400535583,0.013355053961277008,1.1677262783050537,0.0004588293959386647,2.4972305297851562,0.12375370413064957,0.4459281861782074,3.8690085411071777,0.015841670334339142,2.19256329536438,0.5325616002082825,,,,,,,,,,,,,,,
,0.00029885874090810824,939,,,,,,,,,,,,,,,,,,,,,,,,,,,,,,
9,,939,0.48851144313812256,0.14154620468616486,0.8733704686164856,0.047712597995996475,0.4491528272628784,0.020993726328015327,1.0370780229568481,0.0004551355086732656,2.34671688079834,0.10986509174108505,0.41415220499038696,3.6055397987365723,0.008380371145904064,2.2364697456359863,0.5267482399940491,,,,,,,,,,,,,,,
,0.00029882155696598587,949,,,,,,,,,,,,,,,,,,,,,,,,,,,,,,
9,,949,0.4924808442592621,0.17645706236362457,0.8911318182945251,0.02655111812055111,0.49667003750801086,0.00930609181523323,1.1513434648513794,0.0004834638675674796,2.557321071624756,0.1390777975320816,0.4735102653503418,3.9122931957244873,0.015016168355941772,2.233400583267212,0.655129611492157,,,,,,,,,,,,,,,
,0.0002987837793290978,959,,,,,,,,,,,,,,,,,,,,,,,,,,,,,,
9,,959,0.4820813536643982,0.25312113761901855,0.8838172554969788,0.016155874356627464,0.46091651916503906,0.055612701922655106,1.2142770290374756,0.000530995661392808,2.2536051273345947,0.07328563183546066,0.4073960781097412,3.516563653945923,0.006163890939205885,2.127603769302368,0.3119891285896301,,,,,,,,,,,,,,,
,0.0002987454081481507,969,,,,,,,,,,,,,,,,,,,,,,,,,,,,,,
9,,969,0.5132104754447937,0.14639165997505188,0.649398148059845,0.023024925962090492,0.4928332269191742,0.015018662437796593,0.9440022706985474,0.0003522432525642216,2.5491249561309814,0.13859757781028748,0.40441760420799255,3.7216734886169434,0.005375005304813385,2.21962308883667,0.5514127612113953,,,,,,,,,,,,,,,
,0.00029870644357621887,979,,,,,,,,,,,,,,,,,,,,,,,,,,,,,,
9,,979,0.5298604369163513,0.16256766021251678,0.8413249254226685,0.011897619813680649,0.47197526693344116,0.02508370950818062,1.002808928489685,0.0002811616868712008,2.50697922706604,0.057689156383275986,0.39155250787734985,3.7567522525787354,0.007709486410021782,2.234661817550659,0.5977616310119629,,,,,,,,,,,,,,,
,0.00029866688576874405,989,,,,,,,,,,,,,,,,,,,,,,,,,,,,,,
9,,989,0.5437886714935303,0.1537986695766449,0.9395099878311157,0.05096571892499924,0.4548393189907074,0.025762898847460747,0.9804992079734802,0.00047140265814960003,2.5580806732177734,0.08588596433401108,0.4104970395565033,3.894376277923584,0.015790069475769997,2.2353336811065674,0.6236762404441833,,,,,,,,,,,,,,,
,0.0002986267348835343,999,,,,,,,,,,,,,,,,,,,,,,,,,,,,,,
9,,999,0.49881643056869507,0.13943468034267426,0.8972381949424744,0.034215956926345825,0.46062853932380676,0.011787066236138344,0.9723644256591797,0.0004173559136688709,2.5378284454345703,0.12061364203691483,0.4581473767757416,3.7896065711975098,0.020259078592061996,2.235346794128418,0.4955627918243408,,,,,,,,,,,,,,,
,0.0002985859910807639,1009,,,,,,,,,,,,,,,,,,,,,,,,,,,,,,
9,,1009,0.5017318725585938,0.20619291067123413,0.9475933909416199,0.019520707428455353,0.48832938075065613,0.021871326491236687,1.1395454406738281,0.00037531438283622265,2.512542724609375,0.10524959862232208,0.405144065618515,3.819185972213745,0.021579459309577942,2.0769078731536865,0.4427547752857208,,,,,,,,,,,,,,,
,0.00029854465452297237,1019,,,,,,,,,,,,,,,,,,,,,,,,,,,,,,
9,,1019,0.5890986919403076,0.16192656755447388,0.896782398223877,0.022422706708312035,0.4838816225528717,0.01001590583473444,1.2020066976547241,0.0003787251189351082,2.588824510574341,0.06668059527873993,0.4004822075366974,3.928378105163574,0.018282189965248108,2.225508451461792,0.511788010597229,,,,,,,,,,,,,,,
,0.0002985027253750638,1029,,,,,,,,,,,,,,,,,,,,,,,,,,,,,,
9,,1029,0.4216919243335724,0.1252269148826599,0.7651603817939758,0.03361862525343895,0.40863722562789917,0.08205518126487732,1.0178836584091187,0.0006437849951907992,2.2031922340393066,0.09555152803659439,0.41621625423431396,3.383763074874878,0.014630196616053581,2.378244400024414,0.4865327477455139,,,,,,,,,,,,,,,
9,,1029,,,,,,,,,,,,,,,,0.02565344236791134,0.038865163922309875,0.2079416960477829,0.0037372070364654064,0.02048942632973194,0.01647605374455452,0.6956803202629089,0.0037582649383693933,0.049272533506155014,0.020684748888015747,0.027915097773075104,0.35399651527404785,0.0018074880354106426,2.437208414077759,0.028998620808124542
,0.00029846020380430645,1039,,,,,,,,,,,,,,,,,,,,,,,,,,,,,,
10,,1039,0.45575568079948425,0.22334928810596466,0.7476828694343567,0.029856424778699875,0.39243245124816895,0.01843472570180893,1.0186877250671387,0.00039860638207755983,2.066396951675415,0.08851663023233414,0.35387173295021057,3.210932493209839,0.014444642700254917,2.08929705619812,0.3742142915725708,,,,,,,,,,,,,,,
,0.00029841708998033193,1049,,,,,,,,,,,,,,,,,,,,,,,,,,,,,,
10,,1049,0.5002674460411072,0.18481914699077606,0.906778872013092,0.01479827705770731,0.4351120889186859,0.024553725495934486,1.1088098287582397,0.0005342779331840575,2.2099106311798096,0.0639251247048378,0.42261993885040283,3.4561421871185303,0.008998075500130653,2.325017213821411,0.44478684663772583,,,,,,,,,,,,,,,
,0.0002983733840751344,1059,,,,,,,,,,,,,,,,,,,,,,,,,,,,,,
10,,1059,0.46008291840553284,0.32699310779571533,0.834134578704834,0.03219609707593918,0.45765426754951477,0.011443402618169785,1.1687818765640259,0.00034070867695845664,2.4704208374023438,0.1334037482738495,0.4012652635574341,3.7828681468963623,0.011899246834218502,2.2132375240325928,0.4811263084411621,,,,,,,,,,,,,,,
,0.00029832908626307016,1069,,,,,,,,,,,,,,,,,,,,,,,,,,,,,,
10,,1069,0.5406979322433472,0.13110892474651337,0.8101156949996948,0.019021881744265556,0.4507981836795807,0.012595904991030693,1.0046089887619019,0.0003676685446407646,2.5851666927337646,0.08509524166584015,0.3392387628555298,3.7656803131103516,0.00943791214376688,2.2967562675476074,0.4503236711025238,,,,,,,,,,,,,,,
,0.0002982841967208568,1079,,,,,,,,,,,,,,,,,,,,,,,,,,,,,,
10,,1079,0.4806341826915741,0.12262054532766342,0.826149046421051,0.02757973037660122,0.416776180267334,0.009469053708016872,0.967707633972168,0.00025612785248085856,2.489091157913208,0.12670309841632843,0.372307687997818,3.636079788208008,0.006707146763801575,2.3982133865356445,0.4363766610622406,,,,,,,,,,,,,,,
,0.00029823871562757227,1089,,,,,,,,,,,,,,,,,,,,,,,,,,,,,,
10,,1089,0.47258907556533813,0.35683104395866394,0.9042311906814575,0.015729451552033424,0.4815707504749298,0.03376363590359688,1.2903623580932617,0.0003696538624353707,2.5829460620880127,0.0880587175488472,0.41711485385894775,3.941943645477295,0.011463712900876999,2.0527093410491943,0.4154720902442932,,,,,,,,,,,,,,,
,0.0002981926431646548,1099,,,,,,,,,,,,,,,,,,,,,,,,,,,,,,
10,,1099,0.5001551508903503,0.13081789016723633,0.8034981489181519,0.012379181571304798,0.36877521872520447,0.031142311170697212,1.0377894639968872,0.0003735952195711434,2.222259998321533,0.10178694874048233,0.4121902585029602,3.400797128677368,0.00455855717882514,2.2460403442382812,0.5095108151435852,,,,,,,,,,,,,,,
,0.0002981459795159014,1109,,,,,,,,,,,,,,,,,,,,,,,,,,,,,,
10,,1109,0.5453780293464661,0.12514619529247284,0.9789028167724609,0.032965436577796936,0.4787438213825226,0.024192964658141136,1.1419700384140015,0.00031980115454643965,2.5672109127044678,0.11640086770057678,0.4141472578048706,3.8970394134521484,0.010313146747648716,2.2276201248168945,0.5074915289878845,,,,,,,,,,,,,,,
,0.0002980987248674677,1119,,,,,,,,,,,,,,,,,,,,,,,,,,,,,,
10,,1119,0.5337193608283997,0.12148452550172806,0.9324784874916077,0.05447874963283539,0.49149489402770996,0.008528096601366997,1.1323812007904053,0.00029834714950993657,2.5964584350585938,0.11360456794500351,0.36205825209617615,3.907153844833374,0.004010292235761881,2.292257308959961,0.5234186053276062,,,,,,,,,,,,,,,
,0.00029805087940786696,1129,,,,,,,,,,,,,,,,,,,,,,,,,,,,,,
10,,1129,0.463959276676178,0.12040776014328003,0.8982575535774231,0.022921936586499214,0.4286833107471466,0.020451199263334274,1.0137534141540527,0.00030122182215563953,2.1520979404449463,0.11092126369476318,0.36283382773399353,3.336545705795288,0.01351835671812296,2.2392454147338867,0.4601551592350006,,,,,,,,,,,,,,,
10,,1132,,,,,,,,,,,,,,,,0.017171502113342285,0.026588447391986847,0.11468078941106796,0.0018866278696805239,0.013032475486397743,0.01938207820057869,0.611010730266571,0.0020763841457664967,0.0425737239420414,0.011927700601518154,0.018291665241122246,0.27916625142097473,0.0009245348628610373,2.473663091659546,0.02310088276863098
,0.0002980024433279694,1139,,,,,,,,,,,,,,,,,,,,,,,,,,,,,,
11,,1139,0.43178674578666687,0.12336064130067825,0.7599762678146362,0.024965211749076843,0.42081379890441895,0.02201283909380436,0.9840725660324097,0.0005047437734901905,2.0754377841949463,0.19791841506958008,0.36592113971710205,3.1932034492492676,0.0079111373052001,2.294795036315918,0.4201800227165222,,,,,,,,,,,,,,,
,0.0002979534168210014,1149,,,,,,,,,,,,,,,,,,,,,,,,,,,,,,
11,,1149,0.49711039662361145,0.15195691585540771,0.8772753477096558,0.041538842022418976,0.42257794737815857,0.0098319286480546,1.119224190711975,0.00033667299430817366,2.547511339187622,0.12298654019832611,0.40182361006736755,3.814777135848999,0.013787652365863323,2.315337896347046,0.4996764063835144,,,,,,,,,,,,,,,
,0.00029790380008254457,1159,,,,,,,,,,,,,,,,,,,,,,,,,,,,,,
11,,1159,0.5161024332046509,0.13500533998012543,0.8063932657241821,0.023281464353203773,0.47450369596481323,0.013840874657034874,0.9184483289718628,0.0002944442385341972,2.533761739730835,0.048757053911685944,0.4078655242919922,3.6972804069519043,0.008931583724915981,2.234403133392334,0.44331595301628113,,,,,,,,,,,,,,,
,0.00029785359331053546,1169,,,,,,,,,,,,,,,,,,,,,,,,,,,,,,
11,,1169,0.4684959352016449,0.11268378049135208,0.6703841686248779,0.01966378092765808,0.38887861371040344,0.023814935237169266,0.8710197806358337,0.0003786711022257805,2.1927425861358643,0.14358501136302948,0.3804323077201843,3.2963762283325195,0.010870514437556267,2.3423197269439697,0.5592581033706665,,,,,,,,,,,,,,,
,0.0002978027967052641,1179,,,,,,,,,,,,,,,,,,,,,,,,,,,,,,
11,,1179,0.34600841999053955,0.10763917118310928,0.772217869758606,0.03118203952908516,0.4172656536102295,0.013676049187779427,0.9557276368141174,0.0002882406406570226,1.9948724508285522,0.1583998203277588,0.3780771791934967,3.0755536556243896,0.006573348771780729,2.274261951446533,0.4848348796367645,,,,,,,,,,,,,,,
,0.00029775141046937384,1189,,,,,,,,,,,,,,,,,,,,,,,,,,,,,,
11,,1189,0.5295161008834839,0.10319681465625763,0.6717641353607178,0.016883453354239464,0.4070434868335724,0.024344341829419136,0.8651071786880493,0.00020150080672465265,2.416017532348633,0.06771443039178848,0.38082921504974365,3.497340679168701,0.0029701972380280495,2.285090684890747,0.45723026990890503,,,,,,,,,,,,,,,
,0.00029769943480786,1199,,,,,,,,,,,,,,,,,,,,,,,,,,,,,,
11,,1199,0.5358743667602539,0.19814318418502808,0.8943426609039307,0.03236169368028641,0.4626942574977875,0.05175241827964783,1.1386218070983887,0.0002614780096337199,2.4789516925811768,0.07649307698011398,0.3900413513183594,3.7981514930725098,0.011127530597150326,2.2270331382751465,0.4808816909790039,,,,,,,,,,,,,,,
,0.00029764686992806946,1209,,,,,,,,,,,,,,,,,,,,,,,,,,,,,,
11,,1209,0.4739908277988434,0.13762567937374115,0.9450255036354065,0.03396819159388542,0.4363788068294525,0.019496899098157883,1.063353419303894,0.00023041339591145515,2.0532331466674805,0.08755254745483398,0.45647722482681274,3.338550329208374,0.020461002364754677,2.2229573726654053,0.5533143877983093,,,,,,,,,,,,,,,
,0.0002975937160396996,1219,,,,,,,,,,,,,,,,,,,,,,,,,,,,,,
11,,1219,0.4870585501194,0.2399330884218216,0.7529202103614807,0.0405007004737854,0.42301565408706665,0.015700049698352814,1.161478042602539,0.0002535010571591556,2.444490909576416,0.043172020465135574,0.3660213351249695,3.639730453491211,0.004864124581217766,2.147735118865967,0.33529722690582275,,,,,,,,,,,,,,,
,0.00029753997335479757,1229,,,,,,,,,,,,,,,,,,,,,,,,,,,,,,
11,,1229,0.46882352232933044,0.12142136693000793,0.8398736119270325,0.022471966221928596,0.4493330419063568,0.015885774046182632,0.8709002733230591,0.00023750727996230125,2.450167655944824,0.1189616248011589,0.5022262930870056,3.6267619132995605,0.023174598813056946,2.184396982192993,0.4649241268634796,,,,,,,,,,,,,,,
11,,1235,,,,,,,,,,,,,,,,0.018564967438578606,0.03344351798295975,0.12606306374073029,0.0021409722976386547,0.011990734376013279,0.0133128697052598,0.5458303093910217,0.002976055024191737,0.041498009115457535,0.011522847227752209,0.016383452340960503,0.2663975954055786,0.0022740252315998077,2.3748292922973633,0.019709814339876175
,0.00029748564208775943,1239,,,,,,,,,,,,,,,,,,,,,,,,,,,,,,
12,,1239,0.5039321184158325,0.11895815283060074,0.9035119414329529,0.03305364400148392,0.4522817134857178,0.04119544476270676,0.9649102091789246,0.000196212058654055,2.5062780380249023,0.11214075982570648,0.3648630380630493,3.714182138442993,0.02054441161453724,2.1380419731140137,0.39605820178985596,,,,,,,,,,,,,,,
,0.00029743072245532923,1249,,,,,,,,,,,,,,,,,,,,,,,,,,,,,,
12,,1249,0.46106603741645813,0.09260684996843338,0.7998581528663635,0.032739054411649704,0.41163766384124756,0.010413219220936298,0.864324688911438,0.00030021616839803755,2.061293363571167,0.07972054928541183,0.3753927946090698,3.1626248359680176,0.029820872470736504,2.310499668121338,0.3990142345428467,,,,,,,,,,,,,,,
,0.0002973752146765981,1259,,,,,,,,,,,,,,,,,,,,,,,,,,,,,,
12,,1259,0.535467267036438,0.1446339190006256,0.731937825679779,0.025421742349863052,0.45107483863830566,0.007263554725795984,0.9639372229576111,0.0002119145792676136,2.508172035217285,0.1686629056930542,0.42140915989875793,3.6940667629241943,0.00879609864205122,2.308018445968628,0.46443286538124084,,,,,,,,,,,,,,,
,0.0002973191189730038,1269,,,,,,,,,,,,,,,,,,,,,,,,,,,,,,
12,,1269,0.5153996348381042,0.1512504518032074,0.858426570892334,0.01917060650885105,0.4614723026752472,0.02679702825844288,0.9438087344169617,0.0002078102552331984,2.4716849327087402,0.1475718915462494,0.3639981746673584,3.6835834980010986,0.01427680253982544,2.210282325744629,0.47620415687561035,,,,,,,,,,,,,,,
,0.00029726243556832903,1279,,,,,,,,,,,,,,,,,,,,,,,,,,,,,,
12,,1279,0.4580473303794861,0.09589355438947678,0.8686109185218811,0.01982366107404232,0.4343251585960388,0.025606153532862663,0.9379503726959229,0.0002646796638146043,2.1034939289093018,0.1348893791437149,0.4173382818698883,3.29030704498291,0.02691422961652279,2.1804797649383545,0.5075775980949402,,,,,,,,,,,,,,,
,0.00029720516468870135,1289,,,,,,,,,,,,,,,,,,,,,,,,,,,,,,
12,,1289,0.45298290252685547,0.17822976410388947,0.966395378112793,0.03330572322010994,0.4081019461154938,0.026251351460814476,0.9227976202964783,0.00029479266959242523,2.140204429626465,0.07034189254045486,0.47239261865615845,3.3861241340637207,0.011525745503604412,2.2808313369750977,0.5407047867774963,,,,,,,,,,,,,,,
,0.0002971473065625919,1299,,,,,,,,,,,,,,,,,,,,,,,,,,,,,,
12,,1299,0.4601285755634308,0.12598012387752533,0.6923940777778625,0.03297611325979233,0.35899558663368225,0.015273546800017357,0.8286327123641968,0.00023135266383178532,1.9263689517974854,0.10759930312633514,0.3964180648326874,3.0026869773864746,0.01890018954873085,2.4682750701904297,0.4535607397556305,,,,,,,,,,,,,,,
,0.0002970888614208143,1309,,,,,,,,,,,,,,,,,,,,,,,,,,,,,,
12,,1309,0.5282836556434631,0.15924912691116333,0.9482110738754272,0.055539123713970184,0.47930246591567993,0.008893342688679695,1.0210850238800049,0.0001805686333682388,2.5770459175109863,0.10037215799093246,0.4406055212020874,3.8604612350463867,0.007506098598241806,2.1317338943481445,0.4172138273715973,,,,,,,,,,,,,,,
,0.0002970298294965243,1319,,,,,,,,,,,,,,,,,,,,,,,,,,,,,,
12,,1319,0.4242055118083954,0.12207189202308655,0.7815356850624084,0.0196230486035347,0.4126547574996948,0.017964383587241173,0.8469601273536682,0.00026324563077650964,2.0859994888305664,0.09064210951328278,0.4230117201805115,3.1868553161621094,0.01344995480030775,2.191319465637207,0.5001433491706848,,,,,,,,,,,,,,,
,0.00029697021102521816,1329,,,,,,,,,,,,,,,,,,,,,,,,,,,,,,
12,,1329,0.4292330741882324,0.1930290013551712,0.6971169114112854,0.018369819968938828,0.37982723116874695,0.021260904148221016,0.7655654549598694,0.00019934996089432389,2.0387215614318848,0.09540212154388428,0.4042855501174927,3.0954697132110596,0.011857069097459316,2.2776172161102295,0.4440420866012573,,,,,,,,,,,,,,,
12,,1338,,,,,,,,,,,,,,,,0.015132700093090534,0.027797453105449677,0.08419305086135864,0.0010252940701320767,0.015554708428680897,0.01617228239774704,0.4835817217826843,0.001776096411049366,0.03452441468834877,0.009830920025706291,0.016686055809259415,0.22667281329631805,0.0012696717167273164,2.445758819580078,0.021506648510694504
,0.0002969100062447324,1339,,,,,,,,,,,,,,,,,,,,,,,,,,,,,,
13,,1339,0.4555107653141022,0.17322033643722534,0.843109130859375,0.04309399053454399,0.41236111521720886,0.011486212722957134,0.9323278665542603,0.0002885700378101319,2.050595283508301,0.09387043863534927,0.415666788816452,3.2502634525299072,0.015947015956044197,2.408374309539795,0.504109799861908,,,,,,,,,,,,,,,
,0.00029684921539524213,1349,,,,,,,,,,,,,,,,,,,,,,,,,,,,,,
13,,1349,0.4365745186805725,0.12744514644145966,0.8150568008422852,0.03679431229829788,0.3938902020454407,0.007311283610761166,0.9457983374595642,0.00023457493807654828,2.0295639038085938,0.09080531448125839,0.44880789518356323,3.1779403686523438,0.014975880272686481,2.295898914337158,0.4687633812427521,,,,,,,,,,,,,,,
,0.00029678783871926083,1359,,,,,,,,,,,,,,,,,,,,,,,,,,,,,,
13,,1359,0.5266410112380981,0.13979709148406982,0.7531453371047974,0.010738718323409557,0.394039511680603,0.01432015374302864,0.8583343625068665,0.00018364257994107902,2.422919750213623,0.12592880427837372,0.3834684193134308,3.5271873474121094,0.003929545171558857,2.1277716159820557,0.42798691987991333,,,,,,,,,,,,,,,
,0.00029672587646163874,1369,,,,,,,,,,,,,,,,,,,,,,,,,,,,,,
13,,1369,0.5491997599601746,0.12799593806266785,0.8427863717079163,0.016474144533276558,0.4484323561191559,0.008044765330851078,0.8118825554847717,0.0001570220192661509,2.4499149322509766,0.08437547087669373,0.3874189257621765,3.5974199771881104,0.006619516760110855,2.131946086883545,0.4545964300632477,,,,,,,,,,,,,,,
,0.00029666332886956235,1379,,,,,,,,,,,,,,,,,,,,,,,,,,,,,,
13,,1379,0.4973677694797516,0.12910418212413788,0.7722997069358826,0.026622828096151352,0.44555801153182983,0.018519297242164612,0.8332988023757935,0.0001614901702851057,2.439777135848999,0.05994318053126335,0.44589754939079285,3.590426206588745,0.013384919613599777,2.2148313522338867,0.5043991804122925,,,,,,,,,,,,,,,
,0.00029660019619255314,1389,,,,,,,,,,,,,,,,,,,,,,,,,,,,,,
13,,1389,0.49288544058799744,0.09428347647190094,0.6761221885681152,0.020856983959674835,0.4140838086605072,0.009976129047572613,0.8801437616348267,0.00023459707153961062,2.390092134475708,0.0692806988954544,0.42821094393730164,3.4922492504119873,0.0058232699520885944,2.149012804031372,0.5455672144889832,,,,,,,,,,,,,,,
,0.0002965364786824667,1399,,,,,,,,,,,,,,,,,,,,,,,,,,,,,,
13,,1399,0.45624667406082153,0.12235040962696075,0.7244048714637756,0.009035716764628887,0.404058039188385,0.021525107324123383,0.8130226731300354,0.0002901859988924116,2.0344276428222656,0.1513378620147705,0.4395502805709839,3.1235809326171875,0.0033905666787177324,2.2706475257873535,0.5213590264320374,,,,,,,,,,,,,,,
,0.00029647217659349166,1409,,,,,,,,,,,,,,,,,,,,,,,,,,,,,,
13,,1409,0.5106067657470703,0.15436917543411255,0.8734793066978455,0.022766944020986557,0.45929375290870667,0.00957490410655737,0.8720231056213379,0.00012334792700130492,2.487621784210205,0.0558529868721962,0.4634420573711395,3.6701314449310303,0.0178962554782629,2.236161231994629,0.41315191984176636,,,,,,,,,,,,,,,
,0.00029640729018214876,1419,,,,,,,,,,,,,,,,,,,,,,,,,,,,,,
13,,1419,0.5266892313957214,0.11732825636863708,0.7991864681243896,0.024957899004220963,0.46268895268440247,0.017503822222352028,0.8572506904602051,0.00015087114297784865,2.5458824634552,0.054865989834070206,0.3995060622692108,3.7003519535064697,0.005676733795553446,2.2491614818573,0.48928049206733704,,,,,,,,,,,,,,,
,0.00029634181970728977,1429,,,,,,,,,,,,,,,,,,,,,,,,,,,,,,
13,,1429,0.5323072671890259,0.19262702763080597,0.7341086864471436,0.021663513034582138,0.3847266733646393,0.030819157138466835,0.9393796920776367,0.00018758955411612988,2.494255781173706,0.10197478532791138,0.4327055513858795,3.6913564205169678,0.01117770653218031,2.2948145866394043,0.5078712701797485,,,,,,,,,,,,,,,
,0.0002962757654300965,1439,,,,,,,,,,,,,,,,,,,,,,,,,,,,,,
13,,1439,0.4702513515949249,0.21765969693660736,0.713353157043457,0.015012919902801514,0.40680164098739624,0.016987185925245285,0.9175988435745239,0.0001115050254156813,2.4586904048919678,0.11749474704265594,0.34474048018455505,3.5864145755767822,0.0015774413477629423,2.356827974319458,0.4955364167690277,,,,,,,,,,,,,,,
13,,1441,,,,,,,,,,,,,,,,0.01205733884125948,0.027633730322122574,0.09136822819709778,0.0010578023502603173,0.026475418359041214,0.01789913885295391,0.4175591468811035,0.001954503357410431,0.039160024374723434,0.008143754675984383,0.01721920445561409,0.22078046202659607,0.0009619477787055075,2.4056148529052734,0.02843308635056019
,0.00029620912761407965,1449,,,,,,,,,,,,,,,,,,,,,,,,,,,,,,
14,,1449,0.45105674862861633,0.10954498499631882,0.7871511578559875,0.03965936601161957,0.37527984380722046,0.01664714887738228,0.8415573835372925,0.0002980424033012241,1.9333219528198242,0.11334578692913055,0.40800046920776367,3.044559955596924,0.010870215483009815,2.2349045276641846,0.47927913069725037,,,,,,,,,,,,,,,
,0.00029614190652507786,1459,,,,,,,,,,,,,,,,,,,,,,,,,,,,,,
14,,1459,0.4032907485961914,0.10353022813796997,0.7624661326408386,0.03869924694299698,0.34202975034713745,0.007711414247751236,0.8346417546272278,0.00020724182832054794,1.8982999324798584,0.10362745076417923,0.3688190281391144,2.9088985919952393,0.016114255413413048,2.1897292137145996,0.32149744033813477,,,,,,,,,,,,,,,
,0.00029607410243125663,1469,,,,,,,,,,,,,,,,,,,,,,,,,,,,,,
14,,1469,0.46356987953186035,0.1308661848306656,0.8177297115325928,0.03302546963095665,0.44806352257728577,0.0359736904501915,0.837729275226593,0.00014539521362166852,2.457550048828125,0.04669450223445892,0.42196884751319885,3.610792398452759,0.015234053134918213,2.219496965408325,0.4818468987941742,,,,,,,,,,,,,,,
,0.0002960057156031073,1479,,,,,,,,,,,,,,,,,,,,,,,,,,,,,,
14,,1479,0.5578500032424927,0.29105156660079956,0.8529455661773682,0.015959622338414192,0.4552096724510193,0.014694102108478546,1.034639596939087,0.0001316466077696532,2.414857864379883,0.08631967008113861,0.4117204248905182,3.6900970935821533,0.005242650862783194,2.211505889892578,0.4252482056617737,,,,,,,,,,,,,,,
,0.0002959367463134459,1489,,,,,,,,,,,,,,,,,,,,,,,,,,,,,,
14,,1489,0.5261741280555725,0.23210953176021576,0.7945560216903687,0.05178837105631828,0.47585710883140564,0.007994245737791061,0.9548588395118713,0.00014605392061639577,2.4802093505859375,0.11953828483819962,0.43605759739875793,3.745164155960083,0.014997587539255619,2.2374565601348877,0.4563560485839844,,,,,,,,,,,,,,,
,0.00029586719483741194,1499,,,,,,,,,,,,,,,,,,,,,,,,,,,,,,
14,,1499,0.5094953775405884,0.11209242790937424,0.6966065764427185,0.01872839778661728,0.43480485677719116,0.018962303176522255,0.7796414494514465,0.00015801552217453718,2.463303565979004,0.0652889609336853,0.3727104067802429,3.521501064300537,0.012815894559025764,2.225592851638794,0.4016677141189575,,,,,,,,,,,,,,,
,0.00029579706145246767,1509,,,,,,,,,,,,,,,,,,,,,,,,,,,,,,
14,,1509,0.5141777992248535,0.19283252954483032,0.7402468323707581,0.0388864129781723,0.44592511653900146,0.0041656093671917915,0.9616487622261047,0.00013579086225945503,2.4442358016967773,0.13114483654499054,0.4062698483467102,3.645606517791748,0.021857816725969315,2.1742630004882812,0.43097612261772156,,,,,,,,,,,,,,,
,0.0002957263464383966,1519,,,,,,,,,,,,,,,,,,,,,,,,,,,,,,
14,,1519,0.40441226959228516,0.0929533988237381,0.7020381093025208,0.019935881718993187,0.3652859330177307,0.021479139104485512,0.7165284752845764,0.00015755160711705685,1.9415827989578247,0.08485209941864014,0.43797236680984497,2.9626760482788086,0.01950577273964882,2.3429341316223145,0.49993282556533813,,,,,,,,,,,,,,,
,0.0002956550500773025,1529,,,,,,,,,,,,,,,,,,,,,,,,,,,,,,
14,,1529,0.4381345808506012,0.11940659582614899,0.6936705112457275,0.014629975892603397,0.37102165818214417,0.012862139381468296,0.8123573064804077,0.00015127897495403886,1.908219575881958,0.12800346314907074,0.39000263810157776,2.9346120357513428,0.013188015669584274,2.2786977291107178,0.41338327527046204,,,,,,,,,,,,,,,
,0.0002955831726536085,1539,,,,,,,,,,,,,,,,,,,,,,,,,,,,,,
14,,1539,0.48795822262763977,0.11212494224309921,0.8470103144645691,0.023004377260804176,0.44760987162590027,0.013404144905507565,0.7696264982223511,0.00010596864740364254,2.4478423595428467,0.057280778884887695,0.43346795439720154,3.551692247390747,0.009277479723095894,2.2529349327087402,0.40744277834892273,,,,,,,,,,,,,,,
14,,1544,,,,,,,,,,,,,,,,0.019477015361189842,0.019305812194943428,0.07358484715223312,0.0009183305664919317,0.01378422137349844,0.014739402569830418,0.34415751695632935,0.001105603063479066,0.03337736055254936,0.008323254063725471,0.01357575785368681,0.18138660490512848,0.0010200267424806952,2.4831907749176025,0.01536738220602274
,0.00029551071445405556,1549,,,,,,,,,,,,,,,,,,,,,,,,,,,,,,
15,,1549,0.48536795377731323,0.08877784013748169,0.6752436757087708,0.02965306118130684,0.44896629452705383,0.006265199743211269,0.7012704014778137,9.668403072282672e-05,2.3501484394073486,0.06628389656543732,0.36882537603378296,3.387920379638672,0.0066263312473893166,2.151221752166748,0.4874277114868164,,,,,,,,,,,,,,,
,0.00029543767576770174,1559,,,,,,,,,,,,,,,,,,,,,,,,,,,,,,
15,,1559,0.47890302538871765,0.2995510697364807,0.8478736281394958,0.05708186700940132,0.37717509269714355,0.010993428528308868,1.1769628524780273,0.000232992329983972,2.0707929134368896,0.10568065941333771,0.39390289783477783,3.3792619705200195,0.027099141851067543,2.151312828063965,0.40585681796073914,,,,,,,,,,,,,,,
,0.0002953640568859206,1569,,,,,,,,,,,,,,,,,,,,,,,,,,,,,,
15,,1569,0.48432478308677673,0.10286158323287964,0.804787814617157,0.026406874880194664,0.45193639397621155,0.010685992427170277,0.8915208578109741,9.053914254764095e-05,2.368101119995117,0.14225836098194122,0.38184183835983276,3.496887683868408,0.017177829518914223,2.2171666622161865,0.40484490990638733,,,,,,,,,,,,,,,
,0.00029528985810240056,1579,,,,,,,,,,,,,,,,,,,,,,,,,,,,,,
15,,1579,0.49426066875457764,0.11534237116575241,0.6579874753952026,0.014054035767912865,0.42779260873794556,0.040078360587358475,0.6723067164421082,8.383219392271712e-05,2.3783793449401855,0.05150604248046875,0.327485054731369,3.3928489685058594,0.008672789670526981,2.296480894088745,0.4423627257347107,,,,,,,,,,,,,,,
,0.00029521507971314313,1589,,,,,,,,,,,,,,,,,,,,,,,,,,,,,,
15,,1589,0.5548309683799744,0.16311338543891907,0.7450374960899353,0.015391589142382145,0.45170897245407104,0.009697141125798225,0.8472001552581787,0.00015514050028286874,2.5026745796203613,0.0922543928027153,0.3990306854248047,3.6638259887695312,0.0035772807896137238,2.302915334701538,0.5087841749191284,,,,,,,,,,,,,,,
,0.0002951397220164623,1599,,,,,,,,,,,,,,,,,,,,,,,,,,,,,,
15,,1599,0.4988844692707062,0.08964821696281433,0.7653725743293762,0.027471939101815224,0.4421374499797821,0.021492836996912956,0.810909628868103,0.0001735745754558593,2.511401891708374,0.1412239521741867,0.40973809361457825,3.6398637294769287,0.006537109613418579,2.3179726600646973,0.5074209570884705,,,,,,,,,,,,,,,
,0.0002950637853129829,1609,,,,,,,,,,,,,,,,,,,,,,,,,,,,,,
15,,1609,0.5044670104980469,0.12331671267747879,0.797396183013916,0.023339806124567986,0.4381984770298004,0.006921012885868549,0.8313590288162231,0.0001560570381116122,2.38751220703125,0.1436997801065445,0.39632782340049744,3.5405068397521973,0.00489387521520257,2.3168931007385254,0.5405197143554688,,,,,,,,,,,,,,,
,0.00029498726990563986,1619,,,,,,,,,,,,,,,,,,,,,,,,,,,,,,
15,,1619,0.5280702114105225,0.12668158113956451,0.651354193687439,0.01173621416091919,0.439392626285553,0.012973511591553688,0.8683648109436035,0.0001528782886452973,2.504023313522339,0.12008817493915558,0.4031144380569458,3.610826015472412,0.008634147234261036,2.2187888622283936,0.4803442656993866,,,,,,,,,,,,,,,
,0.00029491017609967646,1629,,,,,,,,,,,,,,,,,,,,,,,,,,,,,,
15,,1629,0.4061893820762634,0.12279926985502243,0.8865184187889099,0.050623562186956406,0.39486226439476013,0.012642809189856052,0.7772678732872009,0.00018717350030783564,1.8670834302902222,0.04790941998362541,0.3984656035900116,2.9980692863464355,0.023177338764071465,2.2279207706451416,0.508648157119751,,,,,,,,,,,,,,,
,0.0002948325042026435,1639,,,,,,,,,,,,,,,,,,,,,,,,,,,,,,
15,,1639,0.4841560125350952,0.18237946927547455,0.7437444925308228,0.020884769037365913,0.4140334129333496,0.017017889767885208,0.9242774844169617,0.00012970136594958603,2.3543264865875244,0.1052602156996727,0.37890228629112244,3.51420259475708,0.01266099326312542,2.192169427871704,0.5113053917884827,,,,,,,,,,,,,,,
15,,1647,,,,,,,,,,,,,,,,0.02240428887307644,0.02397581934928894,0.07610800862312317,0.0010296712862327695,0.012553787790238857,0.009035710245370865,0.2991087734699249,0.0012479402357712388,0.036379341036081314,0.007649576757103205,0.01280137524008751,0.17434260249137878,0.0009043507743626833,2.4301090240478516,0.01671742834150791
,0.0002947542545243979,1649,,,,,,,,,,,,,,,,,,,,,,,,,,,,,,
16,,1649,0.4688918888568878,0.14683593809604645,0.7002837657928467,0.032618746161460876,0.4174855947494507,0.004089041613042355,0.7578273415565491,0.00012653981684707105,2.3603451251983643,0.08491157740354538,0.41998839378356934,3.4435794353485107,0.00787271000444889,2.295649766921997,0.4891451299190521,,,,,,,,,,,,,,,
,0.0002946754273771018,1659,,,,,,,,,,,,,,,,,,,,,,,,,,,,,,
16,,1659,0.5047422647476196,0.13134033977985382,0.7113806009292603,0.031010905280709267,0.4466773569583893,0.0043960087932646275,0.8535520434379578,0.00015530182281509042,2.329923629760742,0.09704296290874481,0.3898926377296448,3.4551680088043213,0.018391095101833344,2.200709104537964,0.4585849940776825,,,,,,,,,,,,,,,
,0.00029459602307522066,1669,,,,,,,,,,,,,,,,,,,,,,,,,,,,,,
16,,1669,0.49718204140663147,0.10910821706056595,0.76255202293396,0.0171432513743639,0.4273137152194977,0.00608487706631422,0.8227646946907043,0.00013375893468037248,2.460928440093994,0.08108680695295334,0.4097588062286377,3.5451714992523193,0.016506414860486984,2.191575288772583,0.3992760181427002,,,,,,,,,,,,,,,
,0.0002945160419355226,1679,,,,,,,,,,,,,,,,,,,,,,,,,,,,,,
16,,1679,0.5278684496879578,0.1302623599767685,0.7596865892410278,0.021276479586958885,0.38336825370788574,0.03417790308594704,0.8370118141174316,0.00011742452625185251,2.38913893699646,0.056365542113780975,0.38026130199432373,3.5110623836517334,0.015426871366798878,2.328909397125244,0.44822219014167786,,,,,,,,,,,,,,,
,0.00029443548427707684,1689,,,,,,,,,,,,,,,,,,,,,,,,,,,,,,
16,,1689,0.4869116544723511,0.0931643396615982,0.7030561566352844,0.020100433379411697,0.3971695303916931,0.016654932871460915,0.6832631230354309,0.00011301784252282232,2.0072524547576904,0.08242151141166687,0.3918668329715729,3.0305702686309814,0.002719351788982749,2.2379984855651855,0.4652472734451294,,,,,,,,,,,,,,,
,0.00029435435042125265,1699,,,,,,,,,,,,,,,,,,,,,,,,,,,,,,
16,,1699,0.45721137523651123,0.09225459396839142,0.7150354385375977,0.015872029587626457,0.40659889578819275,0.009291625581681728,0.7275698184967041,0.0001322436291957274,2.433765411376953,0.05958082899451256,0.3274221420288086,3.411299705505371,0.008983367122709751,2.12591814994812,0.3663957417011261,,,,,,,,,,,,,,,
,0.00029427264069171777,1709,,,,,,,,,,,,,,,,,,,,,,,,,,,,,,
16,,1709,0.43725886940956116,0.08937612175941467,0.794462263584137,0.05269880220293999,0.35543328523635864,0.01898818463087082,0.8018786907196045,0.00016496960597578436,1.9220211505889893,0.08284605294466019,0.40292230248451233,2.9909045696258545,0.009656845591962337,2.1830716133117676,0.4060356318950653,,,,,,,,,,,,,,,
,0.0002941903554144373,1719,,,,,,,,,,,,,,,,,,,,,,,,,,,,,,
16,,1719,0.4726915955543518,0.3383933901786804,0.852527379989624,0.03044775314629078,0.35725775361061096,0.015336684882640839,1.0994294881820679,0.00015229970449581742,1.9807813167572021,0.12944190204143524,0.3531174659729004,3.2279880046844482,0.009407291188836098,2.2083418369293213,0.3928605616092682,,,,,,,,,,,,,,,
,0.00029410749491767243,1729,,,,,,,,,,,,,,,,,,,,,,,,,,,,,,
16,,1729,0.5267031192779541,0.12786151468753815,0.6748573184013367,0.013636830262839794,0.36940523982048035,0.017368504777550697,0.7381674647331238,0.00013436582230497152,2.3169164657592773,0.09870656579732895,0.41653141379356384,3.382535696029663,0.014638376422226429,2.230109214782715,0.4552222192287445,,,,,,,,,,,,,,,
,0.00029402405953197905,1739,,,,,,,,,,,,,,,,,,,,,,,,,,,,,,
16,,1739,0.4930764436721802,0.15881501138210297,0.8099933862686157,0.02873764932155609,0.40953871607780457,0.011144442483782768,0.9806503057479858,0.00012464076280593872,2.4308102130889893,0.1177070215344429,0.39352697134017944,3.61110520362854,0.013444967567920685,2.1912918090820312,0.45148277282714844,,,,,,,,,,,,,,,
,0.00029394004959020653,1749,,,,,,,,,,,,,,,,,,,,,,,,,,,,,,
16,,1749,0.3873738646507263,0.1253807693719864,0.723525881767273,0.011736455373466015,0.37602952122688293,0.02384289726614952,0.7230318784713745,0.00011020590318366885,1.9054001569747925,0.06474313884973526,0.4048355519771576,2.8803648948669434,0.016145406290888786,2.18629789352417,0.3623668849468231,,,,,,,,,,,,,,,
16,,1750,,,,,,,,,,,,,,,,0.016784874722361565,0.013060432858765125,0.06583702564239502,0.0008054576464928687,0.015783436596393585,0.006520431954413652,0.279106080532074,0.0006387666217051446,0.031584419310092926,0.006192717235535383,0.012487047351896763,0.15239070355892181,0.0005411432939581573,2.323819875717163,0.01681428961455822
,0.0002938554654274962,1759,,,,,,,,,,,,,,,,,,,,,,,,,,,,,,
17,,1759,0.3644424378871918,0.13659842312335968,0.8006069660186768,0.01620141789317131,0.4026014804840088,0.016115542501211166,0.8749088644981384,0.0002247142547275871,1.7994242906570435,0.14197373390197754,0.4437112510204315,2.8729488849639893,0.02393663302063942,2.22084379196167,0.3954845368862152,,,,,,,,,,,,,,,
,0.0002937703073812802,1769,,,,,,,,,,,,,,,,,,,,,,,,,,,,,,
17,,1769,0.41882455348968506,0.0985652357339859,0.7899379730224609,0.027389664202928543,0.34651198983192444,0.005903220735490322,0.7188766598701477,0.00019921764032915235,1.8598008155822754,0.06001019850373268,0.2794201672077179,2.8256070613861084,0.007684184703975916,2.2199037075042725,0.368429034948349,,,,,,,,,,,,,,,
,0.00029368457579128,1779,,,,,,,,,,,,,,,,,,,,,,,,,,,,,,
17,,1779,0.43599435687065125,0.11917982250452042,0.7548473477363586,0.020130924880504608,0.3837566673755646,0.004396589007228613,0.7999998927116394,0.00012521000462584198,1.8239810466766357,0.0631684809923172,0.3306461572647095,2.8343186378479004,0.021441306918859482,2.245716094970703,0.3425847887992859,,,,,,,,,,,,,,,
,0.0002935982709995053,1789,,,,,,,,,,,,,,,,,,,,,,,,,,,,,,
17,,1789,0.4768713116645813,0.10018289089202881,0.8029991984367371,0.02954508364200592,0.4418623149394989,0.005109710153192282,0.7684266567230225,8.085386798484251e-05,2.320739507675171,0.05050911009311676,0.41339975595474243,3.422868490219116,0.016383592039346695,2.2122561931610107,0.4710905849933624,,,,,,,,,,,,,,,
,0.0002935113933502522,1799,,,,,,,,,,,,,,,,,,,,,,,,,,,,,,
17,,1799,0.49221929907798767,0.10416282713413239,0.6717252135276794,0.028911778703331947,0.4500146508216858,0.056032828986644745,0.7022510766983032,0.00011177929991390556,2.3724937438964844,0.0677582249045372,0.3983915150165558,3.4371023178100586,0.01145125087350607,2.2204341888427734,0.42972108721733093,,,,,,,,,,,,,,,
,0.00029342394319010226,1809,,,,,,,,,,,,,,,,,,,,,,,,,,,,,,
17,,1809,0.47886231541633606,0.17110267281532288,0.633865237236023,0.012545205652713776,0.39666810631752014,0.005673346109688282,0.795394778251648,0.00010150930029340088,2.2908718585968018,0.09398643672466278,0.4337034821510315,3.3750338554382324,0.008133451454341412,2.2417049407958984,0.5455299615859985,,,,,,,,,,,,,,,
,0.00029333592086792107,1819,,,,,,,,,,,,,,,,,,,,,,,,,,,,,,
17,,1819,0.5058486461639404,0.21247385442256927,0.840798556804657,0.02544621005654335,0.35526061058044434,0.008787920698523521,0.9181270599365234,0.0001740758161759004,1.9463735818862915,0.06312622129917145,0.36107489466667175,3.115922689437866,0.011556725017726421,2.313183307647705,0.4593115746974945,,,,,,,,,,,,,,,
,0.0002932473267348565,1829,,,,,,,,,,,,,,,,,,,,,,,,,,,,,,
17,,1829,0.412236750125885,0.13648341596126556,0.7636889815330505,0.017636748030781746,0.39608731865882874,0.012127725407481194,0.773127555847168,0.00013252139615360647,1.8708165884017944,0.0625753253698349,0.37080270051956177,2.888770341873169,0.011231097392737865,2.276364803314209,0.3907342255115509,,,,,,,,,,,,,,,
,0.0002931581611443378,1839,,,,,,,,,,,,,,,,,,,,,,,,,,,,,,
17,,1839,0.5289802551269531,0.15470091998577118,0.6918540000915527,0.014766576699912548,0.40909162163734436,0.005973983556032181,0.8269622921943665,0.00014260958414524794,2.4327433109283447,0.08274143934249878,0.36892393231391907,3.534454345703125,0.01968446373939514,2.3171212673187256,0.4499797821044922,,,,,,,,,,,,,,,
,0.00029306842445207376,1849,,,,,,,,,,,,,,,,,,,,,,,,,,,,,,
17,,1849,0.47572100162506104,0.1490999460220337,0.6924996376037598,0.01606670580804348,0.41680651903152466,0.014269181527197361,0.8523746728897095,0.00010902065696427599,2.3506739139556885,0.12710082530975342,0.3661245107650757,3.4070708751678467,0.0051350402645766735,2.2437145709991455,0.3770535886287689,,,,,,,,,,,,,,,
17,,1853,,,,,,,,,,,,,,,,0.015295330435037613,0.020104454830288887,0.05952683836221695,0.0010102072264999151,0.013036324642598629,0.006457693409174681,0.2547171413898468,0.0007165972492657602,0.027924496680498123,0.005669254343956709,0.011779149062931538,0.14142335951328278,0.0006109316600486636,2.402245044708252,0.014134026132524014
,0.00029297811701605147,1859,,,,,,,,,,,,,,,,,,,,,,,,,,,,,,
18,,1859,0.42952868342399597,0.10651935636997223,0.7973569631576538,0.03379661589860916,0.3824939429759979,0.007976437918841839,0.8133286833763123,0.00010822960757650435,1.8820329904556274,0.09673642367124557,0.40183398127555847,2.9598541259765625,0.020179908722639084,2.21964168548584,0.43112003803253174,,,,,,,,,,,,,,,
,0.000292887239196535,1869,,,,,,,,,,,,,,,,,,,,,,,,,,,,,,
18,,1869,0.4697847068309784,0.087518610060215,0.7737403512001038,0.03074941411614418,0.3491114675998688,0.006044677458703518,0.8378690481185913,0.00016097145271487534,2.031869888305664,0.04958295077085495,0.3555952310562134,3.081932783126831,0.010160037316381931,2.2928335666656494,0.4288223385810852,,,,,,,,,,,,,,,
,0.00029279579135606384,1879,,,,,,,,,,,,,,,,,,,,,,,,,,,,,,
18,,1879,0.46580997109413147,0.13851194083690643,0.735301673412323,0.02053767815232277,0.37197497487068176,0.01280949916690588,0.7715119123458862,0.00011074909707531333,2.3119263648986816,0.081617072224617,0.3726845681667328,3.3691394329071045,0.018135366961359978,2.1844708919525146,0.4349113702774048,,,,,,,,,,,,,,,
,0.0002927037738594513,1889,,,,,,,,,,,,,,,,,,,,,,,,,,,,,,
18,,1889,0.3730604648590088,0.09357314556837082,0.6814727187156677,0.02450687438249588,0.36119288206100464,0.015721632167696953,0.6987069249153137,0.00014793504669796675,1.888320803642273,0.07257632911205292,0.38284170627593994,2.830388307571411,0.003809192683547735,2.2294154167175293,0.4163722097873688,,,,,,,,,,,,,,,
,0.0002926111870737835,1899,,,,,,,,,,,,,,,,,,,,,,,,,,,,,,
18,,1899,0.4937150776386261,0.10128218680620193,0.7061688303947449,0.03128500655293465,0.35709667205810547,0.0059038144536316395,0.6983219981193542,9.054435940925032e-05,2.3386247158050537,0.11268074810504913,0.39423513412475586,3.3662309646606445,0.0071399882435798645,2.1320242881774902,0.4243793487548828,,,,,,,,,,,,,,,
,0.00029251803136841743,1909,,,,,,,,,,,,,,,,,,,,,,,,,,,,,,
18,,1909,0.43236806988716125,0.150984525680542,0.7167183756828308,0.01854615844786167,0.434513121843338,0.0029297692235559225,0.7855156660079956,0.00010750148794613779,2.3158085346221924,0.11240554600954056,0.41551926732063293,3.3892078399658203,0.014412938617169857,2.2671151161193848,0.47434279322624207,,,,,,,,,,,,,,,
,0.0002924243071149797,1919,,,,,,,,,,,,,,,,,,,,,,,,,,,,,,
18,,1919,0.3923363983631134,0.10126785188913345,0.6253190636634827,0.018704533576965332,0.361663818359375,0.007794298231601715,0.7269736528396606,0.00012601757771335542,1.9325828552246094,0.20160886645317078,0.42725807428359985,2.930543899536133,0.004982787650078535,2.2789552211761475,0.5270909070968628,,,,,,,,,,,,,,,
,0.00029233001468736514,1929,,,,,,,,,,,,,,,,,,,,,,,,,,,,,,
18,,1929,0.5370023846626282,0.09784258902072906,0.7010865211486816,0.025178780779242516,0.37231987714767456,0.004982842598110437,0.8016440868377686,6.874323298688978e-05,2.3552749156951904,0.06693921238183975,0.3198862373828888,3.4048385620117188,0.014030514284968376,2.186594247817993,0.40773525834083557,,,,,,,,,,,,,,,
,0.00029223515446173497,1939,,,,,,,,,,,,,,,,,,,,,,,,,,,,,,
18,,1939,0.44713401794433594,0.10587932914495468,0.7402032017707825,0.017971239984035492,0.3989969491958618,0.01978619396686554,0.7254408597946167,8.117583638522774e-05,1.867510199546814,0.1025061160326004,0.390010267496109,2.9355690479278564,0.01658439263701439,2.3329055309295654,0.536872386932373,,,,,,,,,,,,,,,
,0.0002921397268165158,1949,,,,,,,,,,,,,,,,,,,,,,,,,,,,,,
18,,1949,0.4919268488883972,0.10546095669269562,0.708849310874939,0.02502964623272419,0.42045578360557556,0.008227481506764889,0.7757059931755066,8.689433161634952e-05,2.33931040763855,0.12659379839897156,0.3032873272895813,3.376556873321533,0.004093568306416273,2.234159469604492,0.4147765636444092,,,,,,,,,,,,,,,
18,,1956,,,,,,,,,,,,,,,,0.01670057512819767,0.01530179288238287,0.06626224517822266,0.0010234084911644459,0.01347919087857008,0.0058974712155759335,0.2457292228937149,0.0005834370967932045,0.03192071244120598,0.007608738727867603,0.0122533505782485,0.14468616247177124,0.0007287436164915562,2.3816580772399902,0.01579117588698864
,0.0002920437321323977,1959,,,,,,,,,,,,,,,,,,,,,,,,,,,,,,
19,,1959,0.5075185298919678,0.09529738873243332,0.6568551063537598,0.025662759318947792,0.3983425796031952,0.016578592360019684,0.688305139541626,0.00010575407941360027,2.3934714794158936,0.07918030768632889,0.3463476002216339,3.384171724319458,0.006349009461700916,2.1736133098602295,0.36183425784111023,,,,,,,,,,,,,,,
,0.00029194717079233283,1969,,,,,,,,,,,,,,,,,,,,,,,,,,,,,,
19,,1969,0.3953514099121094,0.14152337610721588,0.540446937084198,0.019761186093091965,0.2771051526069641,0.010175379924476147,0.7274919748306274,0.00013230621698312461,1.8348159790039062,0.07176040858030319,0.37371599674224854,2.703138589859009,0.002454000059515238,2.157667875289917,0.29270580410957336,,,,,,,,,,,,,,,
,0.000291850043181534,1979,,,,,,,,,,,,,,,,,,,,,,,,,,,,,,
19,,1979,0.4353567659854889,0.09497503936290741,0.6916235089302063,0.02086397260427475,0.33163779973983765,0.004927030764520168,0.6564989686012268,0.00013758396380580962,1.8224369287490845,0.07546044886112213,0.3646940290927887,2.7743616104125977,0.0054444666020572186,2.2148349285125732,0.4285581707954407,,,,,,,,,,,,,,,
,0.000291752349687473,1989,,,,,,,,,,,,,,,,,,,,,,,,,,,,,,
19,,1989,0.4158104956150055,0.14820414781570435,0.624862015247345,0.021630529314279556,0.26333916187286377,0.011604719795286655,0.7141278982162476,0.00012550922110676765,1.8618642091751099,0.024758728221058846,0.35083693265914917,2.80361270904541,0.010019630193710327,2.184987783432007,0.4375903308391571,,,,,,,,,,,,,,,
,0.00029165409069987905,1999,,,,,,,,,,,,,,,,,,,,,,,,,,,,,,
19,,1999,0.3956003487110138,0.08863900601863861,0.7163514494895935,0.04045944660902023,0.3861030638217926,0.02266383357346058,0.6596695780754089,0.00011890589667018503,2.0452213287353516,0.0746505856513977,0.3362094461917877,3.0346202850341797,0.006039618514478207,2.2214324474334717,0.47801753878593445,,,,,,,,,,,,,,,
,0.0002915552666107374,2009,,,,,,,,,,,,,,,,,,,,,,,,,,,,,,
19,,2009,0.4208958148956299,0.11487128585577011,0.8017743229866028,0.02489878423511982,0.45697221159935,0.007181767374277115,0.7623504400253296,9.303461411036551e-05,2.355109930038452,0.06720848381519318,0.44195109605789185,3.4233174324035645,0.010826371610164642,2.196913003921509,0.42855870723724365,,,,,,,,,,,,,,,
,0.0002914558778142875,2019,,,,,,,,,,,,,,,,,,,,,,,,,,,,,,
19,,2019,0.37692564725875854,0.09251884371042252,0.5681570768356323,0.017821840941905975,0.28485822677612305,0.007588316686451435,0.6188879609107971,0.00012224860256537795,1.7628916501998901,0.05966147407889366,0.31201085448265076,2.585866928100586,0.004536922555416822,2.2265071868896484,0.3449818789958954,,,,,,,,,,,,,,,
,0.00029135592470702176,2029,,,,,,,,,,,,,,,,,,,,,,,,,,,,,,
19,,2029,0.48427116870880127,0.10913293808698654,0.6847542524337769,0.02402685210108757,0.402202844619751,0.01663370057940483,0.6412778496742249,5.8180045016342774e-05,2.2992115020751953,0.05519808828830719,0.3946392238140106,3.3217756748199463,0.011654401198029518,2.1293420791625977,0.46405109763145447,,,,,,,,,,,,,,,
,0.00029125540768768377,2039,,,,,,,,,,,,,,,,,,,,,,,,,,,,,,
19,,2039,0.5317699909210205,0.07739651203155518,0.5243750810623169,0.014718805439770222,0.3732398450374603,0.006524503696709871,0.6465508937835693,9.030655201058835e-05,2.3538925647735596,0.07529288530349731,0.3376976251602173,3.2877838611602783,0.007098067086189985,2.287349224090576,0.402616947889328,,,,,,,,,,,,,,,
,0.0002911543271572666,2049,,,,,,,,,,,,,,,,,,,,,,,,,,,,,,
19,,2049,0.45939621329307556,0.09401871263980865,0.5523542761802673,0.004581139888614416,0.38793107867240906,0.006329461932182312,0.5991863012313843,8.1784171925392e-05,1.8720957040786743,0.10517346858978271,0.36360830068588257,2.784972667694092,0.017309263348579407,2.2486026287078857,0.3981700539588928,,,,,,,,,,,,,,,
,0.00029105268351901155,2059,,,,,,,,,,,,,,,,,,,,,,,,,,,,,,
19,,2059,0.5205761194229126,0.1018582433462143,0.8410811424255371,0.01629914902150631,0.3997465670108795,0.011652723886072636,0.7502708435058594,6.63652754155919e-05,2.319469451904297,0.015257034450769424,0.40964919328689575,3.397487163543701,0.0065787178464233875,2.1680917739868164,0.4138948321342468,,,,,,,,,,,,,,,
19,,2059,,,,,,,,,,,,,,,,0.01557923574000597,0.012989314272999763,0.05672173574566841,0.0006991448462940753,0.011067886836826801,0.003727579489350319,0.24878033995628357,0.0004476142057683319,0.021075045689940453,0.005131198558956385,0.009380186907947063,0.12608052790164948,0.000650734466034919,2.3335459232330322,0.012448571622371674
,0.0002909504771784062,2069,,,,,,,,,,,,,,,,,,,,,,,,,,,,,,
20,,2069,0.40145742893218994,0.09341001510620117,0.6800944805145264,0.01463854406028986,0.36016029119491577,0.005716227926313877,0.6550903916358948,8.828071440802887e-05,1.8791284561157227,0.11181876808404922,0.34256234765052795,2.8131203651428223,0.018939794972538948,2.2820487022399902,0.3874947726726532,,,,,,,,,,,,,,,
,0.0002908477085431829,2079,,,,,,,,,,,,,,,,,,,,,,,,,,,,,,
20,,2079,0.36198174953460693,0.1303507685661316,0.6627970337867737,0.01885017193853855,0.33419176936149597,0.012667812407016754,0.6540273427963257,9.223289816873148e-05,1.8800221681594849,0.09371151775121689,0.4097537100315094,2.814480781555176,0.007696717977523804,2.311509132385254,0.4215114116668701,,,,,,,,,,,,,,,
,0.0002907443780233172,2089,,,,,,,,,,,,,,,,,,,,,,,,,,,,,,
20,,2089,0.43605369329452515,0.09657956659793854,0.6231155395507812,0.019665442407131195,0.3836956024169922,0.009390061721205711,0.6136537790298462,8.60871805343777e-05,2.286954879760742,0.07084620743989944,0.34053367376327515,3.2120308876037598,0.009940453805029392,2.2458128929138184,0.3967489004135132,,,,,,,,,,,,,,,
,0.00029064048603102624,2099,,,,,,,,,,,,,,,,,,,,,,,,,,,,,,
20,,2099,0.4457640051841736,0.0963081419467926,0.7218873500823975,0.017214518040418625,0.3971749544143677,0.007509917486459017,0.7506676316261292,7.567279681097716e-05,1.966686725616455,0.10407509654760361,0.44290196895599365,3.0299785137176514,0.005111292004585266,2.303705930709839,0.5600399971008301,,,,,,,,,,,,,,,
,0.000290536032980767,2109,,,,,,,,,,,,,,,,,,,,,,,,,,,,,,
20,,2109,0.48583778738975525,0.08120159059762955,0.6863092184066772,0.014012111350893974,0.36042699217796326,0.004573351237922907,0.6992291212081909,0.00010653154458850622,1.951902151107788,0.1328292340040207,0.4115491211414337,2.9779162406921387,0.01246996596455574,2.2659332752227783,0.4956609904766083,,,,,,,,,,,,,,,
,0.0002904310192892346,2119,,,,,,,,,,,,,,,,,,,,,,,,,,,,,,
20,,2119,0.5200369358062744,0.12489272654056549,0.7269348502159119,0.020159224048256874,0.4123649597167969,0.005408184602856636,0.7404423356056213,7.861133053665981e-05,2.386483907699585,0.12050824612379074,0.33866679668426514,3.462285280227661,0.010731041431427002,2.2707831859588623,0.46687057614326477,,,,,,,,,,,,,,,
,0.0002903254453753609,2129,,,,,,,,,,,,,,,,,,,,,,,,,,,,,,
20,,2129,0.41942352056503296,0.1501852124929428,0.7483139634132385,0.01247754879295826,0.33720576763153076,0.014139419421553612,0.7737232446670532,0.00015104284102562815,1.8035296201705933,0.07010699808597565,0.3826821744441986,2.8225486278533936,0.007007016334682703,2.193993330001831,0.4441620111465454,,,,,,,,,,,,,,,
,0.00029021931166031256,2139,,,,,,,,,,,,,,,,,,,,,,,,,,,,,,
20,,2139,0.4501294791698456,0.12553995847702026,0.7226538062095642,0.009491070173680782,0.3666614592075348,0.0060013215988874435,0.7730485796928406,8.636090205982327e-05,1.8878896236419678,0.11947333067655563,0.3806559443473816,2.9247708320617676,0.0014206732157617807,2.25649356842041,0.5060865879058838,,,,,,,,,,,,,,,
,0.00029011261856748936,2149,,,,,,,,,,,,,,,,,,,,,,,,,,,,,,
20,,2149,0.4404343366622925,0.09110047668218613,0.6502452492713928,0.030624015256762505,0.41582196950912476,0.007449019700288773,0.6329480409622192,6.535756983794272e-05,2.327944755554199,0.18392521142959595,0.3144823908805847,3.290207624435425,0.013772552832961082,2.241973876953125,0.36555859446525574,,,,,,,,,,,,,,,
,0.00029000536652252286,2159,,,,,,,,,,,,,,,,,,,,,,,,,,,,,,
20,,2159,0.5183097124099731,0.08498076349496841,0.6466864943504333,0.038856808096170425,0.37227383255958557,0.007853569462895393,0.72041916847229,8.076611266005784e-05,2.3168203830718994,0.12269236892461777,0.3870604634284973,3.3721909523010254,0.011360805481672287,2.325521469116211,0.48334404826164246,,,,,,,,,,,,,,,
20,,2162,,,,,,,,,,,,,,,,0.011731509119272232,0.014111915603280067,0.05032802000641823,0.0007309382781386375,0.015090759843587875,0.0038857737090438604,0.22186914086341858,0.00034835448605008423,0.02119513228535652,0.004059250466525555,0.010237706825137138,0.11747816950082779,0.0006070510135032237,2.3581345081329346,0.013828297145664692
,0.0002898975559532743,2169,,,,,,,,,,,,,,,,,,,,,,,,,,,,,,
21,,2169,0.539758026599884,0.3118915259838104,0.7630198001861572,0.04195631667971611,0.434520423412323,0.0045721400529146194,0.7454600930213928,7.578713848488405e-05,2.3984696865081787,0.08627864718437195,0.424448698759079,3.6523666381835938,0.016567513346672058,2.2514455318450928,0.5888096690177917,,,,,,,,,,,,,,,
,0.000289789187289833,2179,,,,,,,,,,,,,,,,,,,,,,,,,,,,,,
21,,2179,0.44184455275535583,0.08138244599103928,0.6740137934684753,0.02270982414484024,0.3220312297344208,0.002757508773356676,0.6682181358337402,0.00012063659960404038,1.9555420875549316,0.04848311468958855,0.3397309184074402,2.8872992992401123,0.0063484106212854385,2.2127726078033447,0.4091309905052185,,,,,,,,,,,,,,,
,0.00028968026096451476,2189,,,,,,,,,,,,,,,,,,,,,,,,,,,,,,
21,,2189,0.49662020802497864,0.11272279918193817,0.7222123742103577,0.025108227506279945,0.4136342406272888,0.002681485377252102,0.7928475141525269,0.00011425292905187234,2.334183931350708,0.15716925263404846,0.37638717889785767,3.3862721920013428,0.013869247399270535,2.0828359127044678,0.3370662033557892,,,,,,,,,,,,,,,
,0.00028957077741186005,2199,,,,,,,,,,,,,,,,,,,,,,,,,,,,,,
21,,2199,0.45297902822494507,0.10727975517511368,0.5888687372207642,0.0112440325319767,0.31010568141937256,0.00510145490989089,0.6047018766403198,9.41841717576608e-05,1.7554972171783447,0.05760343372821808,0.3995615839958191,2.642357349395752,0.009524434804916382,2.1108434200286865,0.33376598358154297,,,,,,,,,,,,,,,
,0.0002894607370686323,2209,,,,,,,,,,,,,,,,,,,,,,,,,,,,,,
21,,2209,0.51905757188797,0.09819551557302475,0.8235453963279724,0.033912111073732376,0.42369192838668823,0.00478872936218977,0.7935312986373901,5.740658889408223e-05,2.337704658508301,0.05643429607152939,0.40777409076690674,3.4259729385375977,0.009603242389857769,2.2872443199157715,0.34034889936447144,,,,,,,,,,,,,,,
,0.0002893501403738161,2219,,,,,,,,,,,,,,,,,,,,,,,,,,,,,,
21,,2219,0.4166415333747864,0.09332659840583801,0.6914756894111633,0.031181687489151955,0.37247899174690247,0.008903291076421738,0.6395388245582581,9.694182517705485e-05,1.819948673248291,0.08583751320838928,0.39165589213371277,2.8004791736602783,0.028983162716031075,2.1114237308502197,0.395037978887558,,,,,,,,,,,,,,,
,0.00028923898776861564,2229,,,,,,,,,,,,,,,,,,,,,,,,,,,,,,
21,,2229,0.4651908576488495,0.18033269047737122,0.6329476237297058,0.03435404598712921,0.34725064039230347,0.007183969486504793,0.8233099579811096,0.00012443010928109288,1.8762179613113403,0.09616117924451828,0.38632816076278687,2.9456419944763184,0.009050494991242886,2.1831374168395996,0.477867066860199,,,,,,,,,,,,,,,
,0.0002891272796964526,2239,,,,,,,,,,,,,,,,,,,,,,,,,,,,,,
21,,2239,0.520208477973938,0.10002589970827103,0.7530196309089661,0.02023630402982235,0.4184587299823761,0.015509789809584618,0.6311367750167847,5.046341539127752e-05,2.312727689743042,0.05543476715683937,0.44619250297546387,3.364255428314209,0.00817483477294445,2.337355852127075,0.4311275780200958,,,,,,,,,,,,,,,
,0.0002890150166029647,2249,,,,,,,,,,,,,,,,,,,,,,,,,,,,,,
21,,2249,0.48979687690734863,0.13215689361095428,0.6545731425285339,0.012906891293823719,0.36971333622932434,0.008284593932330608,0.8061590194702148,0.00011359637574059889,2.289694309234619,0.05926792696118355,0.3833296597003937,3.306776523590088,0.01042353454977274,2.269395112991333,0.3861292004585266,,,,,,,,,,,,,,,
,0.0002889021989360038,2259,,,,,,,,,,,,,,,,,,,,,,,,,,,,,,
21,,2259,0.5224302411079407,0.10901269316673279,0.6830024123191833,0.02738920971751213,0.4003695249557495,0.003115246770903468,0.6984708905220032,8.763346704654396e-05,2.323904037475586,0.05439024418592453,0.3317197561264038,3.3407280445098877,0.011151055805385113,2.215165615081787,0.3923494219779968,,,,,,,,,,,,,,,
21,,2265,,,,,,,,,,,,,,,,0.011945814825594425,0.013336493633687496,0.048852965235710144,0.0009378618560731411,0.012583212926983833,0.0037385234609246254,0.22229570150375366,0.0004471236024983227,0.01958273909986019,0.004587686154991388,0.01260543242096901,0.11611223220825195,0.0005870437598787248,2.3817663192749023,0.01598617620766163
,0.00028878882714563416,2269,,,,,,,,,,,,,,,,,,,,,,,,,,,,,,
22,,2269,0.5262545347213745,0.15591371059417725,0.7123275399208069,0.03015236184000969,0.38434547185897827,0.011428030207753181,0.9001312851905823,0.00010450884292367846,2.33854603767395,0.1259402632713318,0.3909136950969696,3.474604368209839,0.016007209196686745,2.1810450553894043,0.4223218262195587,,,,,,,,,,,,,,,
,0.00028867490168413057,2279,,,,,,,,,,,,,,,,,,,,,,,,,,,,,,
22,,2279,0.4108383357524872,0.08931376039981842,0.5733247399330139,0.006465537007898092,0.3060677647590637,0.009834195487201214,0.6053991913795471,9.517958824289963e-05,1.7173101902008057,0.09058840572834015,0.37858524918556213,2.5999507904052734,0.010618406347930431,2.239457607269287,0.4341024160385132,,,,,,,,,,,,,,,
,0.00028856042300597653,2289,,,,,,,,,,,,,,,,,,,,,,,,,,,,,,
22,,2289,0.4312758445739746,0.11141982674598694,0.6755294799804688,0.019926393404603004,0.359150767326355,0.010937701910734177,0.6905488967895508,8.012951002456248e-05,2.289836883544922,0.06845387816429138,0.3437279760837555,3.279484987258911,0.0045627872459590435,2.140561580657959,0.5176891088485718,,,,,,,,,,,,,,,
,0.00028844539156786263,2299,,,,,,,,,,,,,,,,,,,,,,,,,,,,,,
22,,2299,0.376555472612381,0.08545257151126862,0.590441882610321,0.024558914825320244,0.3024102747440338,0.01772260293364525,0.5662811398506165,7.036488386802375e-05,1.7615602016448975,0.04357191175222397,0.29964861273765564,2.591674327850342,0.005546967964619398,2.220428705215454,0.3594895303249359,,,,,,,,,,,,,,,
,0.0002883298078286844,2309,,,,,,,,,,,,,,,,,,,,,,,,,,,,,,
22,,2309,0.4766902029514313,0.09300798922777176,0.6354758739471436,0.009886364452540874,0.41624706983566284,0.002024284563958645,0.5933879613876343,6.232880696188658e-05,2.351616621017456,0.06700797379016876,0.42260676622390747,3.3359315395355225,0.0035671168006956577,2.285475015640259,0.5220483541488647,,,,,,,,,,,,,,,
,0.00028821367224954086,2319,,,,,,,,,,,,,,,,,,,,,,,,,,,,,,
22,,2319,0.43962717056274414,0.05878839269280434,0.5767152309417725,0.03504342585802078,0.3351033627986908,0.01437407173216343,0.5275771617889404,9.497944847680628e-05,1.689997673034668,0.09803113341331482,0.33868154883384705,2.5706253051757812,0.009993149898946285,2.2134475708007812,0.37951406836509705,,,,,,,,,,,,,,,
,0.00028809698529373235,2329,,,,,,,,,,,,,,,,,,,,,,,,,,,,,,
22,,2329,0.45678818225860596,0.09853100776672363,0.5698528289794922,0.031895700842142105,0.38098272681236267,0.0025581377558410168,0.5687395334243774,6.484584446297958e-05,2.223646402359009,0.08867005258798599,0.37884753942489624,3.1467435359954834,0.004994755145162344,2.240368366241455,0.39866676926612854,,,,,,,,,,,,,,,
,0.0002879797474267589,2339,,,,,,,,,,,,,,,,,,,,,,,,,,,,,,
22,,2339,0.43128061294555664,0.10692005604505539,0.6490993499755859,0.013669121079146862,0.3492286801338196,0.007724745664745569,0.8036859631538391,8.344301022589207e-05,1.8719780445098877,0.13412125408649445,0.3848825991153717,2.8874800205230713,0.008517107926309109,2.274075984954834,0.503028154373169,,,,,,,,,,,,,,,
,0.0002878619591163182,2349,,,,,,,,,,,,,,,,,,,,,,,,,,,,,,
22,,2349,0.4950927793979645,0.10659874975681305,0.6937068700790405,0.022718310356140137,0.3840312361717224,0.0031591516453772783,0.7056185603141785,5.6736003898549825e-05,2.271217107772827,0.09523496776819229,0.37558668851852417,3.2939813137054443,0.022678306326270103,2.1716465950012207,0.38539329171180725,,,,,,,,,,,,,,,
,0.000287743620832304,2359,,,,,,,,,,,,,,,,,,,,,,,,,,,,,,
22,,2359,0.4017336964607239,0.07719951122999191,0.5715747475624084,0.017152024433016777,0.300287127494812,0.008722289465367794,0.5808203816413879,0.00012053089449182153,1.6981180906295776,0.04946622997522354,0.3135666251182556,2.529879331588745,0.022243643179535866,2.314368963241577,0.31418153643608093,,,,,,,,,,,,,,,
22,,2368,,,,,,,,,,,,,,,,0.015090052038431168,0.009862462058663368,0.04548497125506401,0.001761479303240776,0.01130655873566866,0.0032519465312361717,0.1772039383649826,0.0005132667138241231,0.02273651771247387,0.004463899880647659,0.008966568857431412,0.1064988374710083,0.0007809558883309364,2.3296706676483154,0.014515369199216366
,0.00028762473304680386,2369,,,,,,,,,,,,,,,,,,,,,,,,,,,,,,
23,,2369,0.44170093536376953,0.07049191743135452,0.6273013353347778,0.032762207090854645,0.3453415036201477,0.011162029579281807,0.6150679588317871,0.00010502641089260578,1.8614202737808228,0.05587298050522804,0.3372178077697754,2.799828052520752,0.015502057038247585,2.1200923919677734,0.43764376640319824,,,,,,,,,,,,,,,
,0.00028750529623409766,2379,,,,,,,,,,,,,,,,,,,,,,,,,,,,,,
23,,2379,0.42696669697761536,0.13811132311820984,0.6442835330963135,0.0257719736546278,0.34280234575271606,0.010266968980431557,0.6962097883224487,0.00010410993127152324,1.857256293296814,0.12866072356700897,0.3407858908176422,2.8462846279144287,0.008832014165818691,2.2222719192504883,0.46654924750328064,,,,,,,,,,,,,,,
,0.0002873853108706553,2389,,,,,,,,,,,,,,,,,,,,,,,,,,,,,,
23,,2389,0.46507254242897034,0.12300070375204086,0.55426025390625,0.020702024921774864,0.3395366668701172,0.004639974795281887,0.5686723589897156,5.907006561756134e-05,2.1667230129241943,0.09695030003786087,0.3598765432834625,3.089226722717285,0.005862622521817684,2.3026535511016846,0.4399160146713257,,,,,,,,,,,,,,,
,0.0002872647774351352,2399,,,,,,,,,,,,,,,,,,,,,,,,,,,,,,
23,,2399,0.4154408574104309,0.09414491057395935,0.5430651903152466,0.01658446341753006,0.3086250424385071,0.0057906340807676315,0.6367509961128235,8.941630221670493e-05,1.7577317953109741,0.06848407536745071,0.315752774477005,2.596567153930664,0.003887214232236147,2.2677385807037354,0.3243784010410309,,,,,,,,,,,,,,,
,0.0002871436964083822,2409,,,,,,,,,,,,,,,,,,,,,,,,,,,,,,
23,,2409,0.4139053225517273,0.07604700326919556,0.4926505386829376,0.02081332355737686,0.2861343026161194,0.011988542973995209,0.548388659954071,9.371495980303735e-05,1.81536066532135,0.08569127321243286,0.32896023988723755,2.6372647285461426,0.008660955354571342,2.2974634170532227,0.37966275215148926,,,,,,,,,,,,,,,
,0.00028702206827342555,2419,,,,,,,,,,,,,,,,,,,,,,,,,,,,,,
23,,2419,0.3641320765018463,0.07385576516389847,0.5924339890480042,0.03602665290236473,0.30204957723617554,0.007382150739431381,0.6362046599388123,8.356569742318243e-05,1.7071796655654907,0.12394774705171585,0.3199736773967743,2.5633721351623535,0.013961359858512878,2.136340856552124,0.31980380415916443,,,,,,,,,,,,,,,
,0.00028689989351547707,2429,,,,,,,,,,,,,,,,,,,,,,,,,,,,,,
23,,2429,0.3975676894187927,0.15090596675872803,0.5187371969223022,0.014235624112188816,0.31226080656051636,0.00846838764846325,0.6365063786506653,8.370322757400572e-05,1.7771782875061035,0.08419159799814224,0.3307783305644989,2.6475276947021484,0.00255652517080307,2.190605878829956,0.39498600363731384,,,,,,,,,,,,,,,
,0.00028677717262192933,2439,,,,,,,,,,,,,,,,,,,,,,,,,,,,,,
23,,2439,0.4546023905277252,0.07733770459890366,0.44626757502555847,0.016278157010674477,0.2464979887008667,0.00545899011194706,0.6192521452903748,6.399398989742622e-05,1.718474268913269,0.04167496785521507,0.29238998889923096,2.479428291320801,0.004511590115725994,2.2248387336730957,0.21362580358982086,,,,,,,,,,,,,,,
,0.00028665390608235356,2449,,,,,,,,,,,,,,,,,,,,,,,,,,,,,,
23,,2449,0.5198994874954224,0.15632617473602295,0.7224813103675842,0.034961067140102386,0.3611063063144684,0.005048466380685568,0.7322900891304016,4.81767492601648e-05,2.2696480751037598,0.07602992653846741,0.4067761301994324,3.325620651245117,0.02729482389986515,2.2252185344696045,0.28603655099868774,,,,,,,,,,,,,,,
,0.0002865300943884978,2459,,,,,,,,,,,,,,,,,,,,,,,,,,,,,,
23,,2459,0.3925120234489441,0.1144774928689003,0.7095466256141663,0.017134765163064003,0.328794926404953,0.006715388502925634,0.6403724551200867,7.82730130595155e-05,1.8141748905181885,0.07357919216156006,0.4612344801425934,2.7710647583007812,0.005536690820008516,2.227402925491333,0.4343200623989105,,,,,,,,,,,,,,,
,0.00028640573803428467,2469,,,,,,,,,,,,,,,,,,,,,,,,,,,,,,
23,,2469,0.5387139320373535,0.09449142217636108,0.659787654876709,0.027710093185305595,0.3438154458999634,0.002792216604575515,0.7378255128860474,5.276512820273638e-05,2.286696195602417,0.10745682567358017,0.3457631766796112,3.3045578002929688,0.009351253509521484,2.2303109169006348,0.39526650309562683,,,,,,,,,,,,,,,
23,,2471,,,,,,,,,,,,,,,,0.01044557336717844,0.011283541098237038,0.04560337960720062,0.0007929650600999594,0.008283507078886032,0.004893367178738117,0.15932020545005798,0.0002772078732959926,0.01767885498702526,0.0038948359433561563,0.011126982048153877,0.09312433749437332,0.0005073007778264582,2.3796653747558594,0.010978508740663528
,0.0002862808375158099,2479,,,,,,,,,,,,,,,,,,,,,,,,,,,,,,
24,,2479,0.3990393579006195,0.07217645645141602,0.661990225315094,0.01206870935857296,0.32282835245132446,0.009248290210962296,0.5843824744224548,6.0530874179676175e-05,1.6369990110397339,0.018147306516766548,0.38148778676986694,2.5051398277282715,0.008146199397742748,2.207620620727539,0.3681054413318634,,,,,,,,,,,,,,,
,0.0002861553933313398,2489,,,,,,,,,,,,,,,,,,,,,,,,,,,,,,
24,,2489,0.5833786725997925,0.09234737604856491,0.5945622324943542,0.01328776404261589,0.33807021379470825,0.0025216685608029366,0.5742283463478088,4.679921403294429e-05,2.2595434188842773,0.06976961344480515,0.33355221152305603,3.200284481048584,0.007676318287849426,2.2779541015625,0.3540729284286499,,,,,,,,,,,,,,,
,0.0002860294059813097,2499,,,,,,,,,,,,,,,,,,,,,,,,,,,,,,
24,,2499,0.4478759765625,0.09774567931890488,0.6181074380874634,0.014620711095631123,0.3768617808818817,0.003764062188565731,0.6259262561798096,6.66417254251428e-05,2.2289621829986572,0.07930605858564377,0.383698970079422,3.1799697875976562,0.006465306039899588,2.2427079677581787,0.467239111661911,,,,,,,,,,,,,,,
,0.00028590287596832163,2509,,,,,,,,,,,,,,,,,,,,,,,,,,,,,,
24,,2509,0.41812556982040405,0.09976958483457565,0.5522074699401855,0.015693262219429016,0.3361336588859558,0.01027966570109129,0.5920869708061218,8.34389211377129e-05,1.8470954895019531,0.1396310180425644,0.3462314009666443,2.7390222549438477,0.006951223127543926,2.2650673389434814,0.42393258213996887,,,,,,,,,,,,,,,
,0.00028577580379714266,2519,,,,,,,,,,,,,,,,,,,,,,,,,,,,,,
24,,2519,0.46940937638282776,0.12295681983232498,0.7599599957466125,0.0342012420296669,0.38255536556243896,0.002796357963234186,0.7131072878837585,3.916403875336982e-05,2.2725830078125,0.08606555312871933,0.35736095905303955,3.284572124481201,0.010748439468443394,2.2975642681121826,0.31809738278388977,,,,,,,,,,,,,,,
,0.0002856481899747026,2529,,,,,,,,,,,,,,,,,,,,,,,,,,,,,,
24,,2529,0.4017181992530823,0.137679323554039,0.6961767077445984,0.04061437025666237,0.3523285388946533,0.007460782770067453,0.82655930519104,8.099198021227494e-05,1.7741655111312866,0.12258228659629822,0.355290949344635,2.801891565322876,0.013540254905819893,2.1666369438171387,0.402695894241333,,,,,,,,,,,,,,,
,0.000285520035010092,2539,,,,,,,,,,,,,,,,,,,,,,,,,,,,,,
24,,2539,0.4747537672519684,0.12118247151374817,0.6651912927627563,0.03456363081932068,0.40978339314460754,0.0041443281807005405,0.6302224397659302,7.450736302416772e-05,2.224766969680786,0.1505395919084549,0.4029528796672821,3.260225772857666,0.029299264773726463,2.177884340286255,0.4028977155685425,,,,,,,,,,,,,,,
,0.00028539133941456033,2549,,,,,,,,,,,,,,,,,,,,,,,,,,,,,,
24,,2549,0.40346258878707886,0.10668902844190598,0.7252032160758972,0.02368123084306717,0.3359517455101013,0.00652307877317071,0.6636135578155518,7.497005572076887e-05,1.9255106449127197,0.09306216239929199,0.3335414230823517,2.8889005184173584,0.003892220789566636,2.2681500911712646,0.46651074290275574,,,,,,,,,,,,,,,
,0.00028526210370151357,2559,,,,,,,,,,,,,,,,,,,,,,,,,,,,,,
24,,2559,0.4943055212497711,0.09570372849702835,0.5828388929367065,0.018964914605021477,0.3386358916759491,0.014061200432479382,0.5925498008728027,7.083715172484517e-05,2.225661516189575,0.10957907885313034,0.3531634211540222,3.1652233600616455,0.003767754416912794,2.2242658138275146,0.431919664144516,,,,,,,,,,,,,,,
,0.0002851323283865128,2569,,,,,,,,,,,,,,,,,,,,,,,,,,,,,,
24,,2569,0.49418768286705017,0.09970514476299286,0.7260460257530212,0.010557652451097965,0.4120974838733673,0.012575916945934296,0.6463401317596436,5.7180925068678334e-05,2.3103251457214355,0.05703309550881386,0.39699384570121765,3.381788730621338,0.005666395183652639,2.2501213550567627,0.6384698748588562,,,,,,,,,,,,,,,
24,,2574,,,,,,,,,,,,,,,,0.010369930416345596,0.008898453786969185,0.03882801905274391,0.0008365969406440854,0.008756277151405811,0.004613277968019247,0.1827252060174942,0.00022351542429532856,0.019072646275162697,0.004477951675653458,0.008669481612741947,0.09697280824184418,0.00046077644219622016,2.3334450721740723,0.011346375569701195
,0.0002850020139872713,2579,,,,,,,,,,,,,,,,,,,,,,,,,,,,,,
25,,2579,0.4136278033256531,0.10193555802106857,0.5575628876686096,0.012053422629833221,0.34974241256713867,0.006407980341464281,0.6848773956298828,5.563906961469911e-05,1.7843701839447021,0.11192120611667633,0.3952857255935669,2.6685476303100586,0.0043619307689368725,2.1868371963500977,0.3171496093273163,,,,,,,,,,,,,,,
,0.00028487116102365325,2589,,,,,,,,,,,,,,,,,,,,,,,,,,,,,,
25,,2589,0.44159170985221863,0.13541588187217712,0.6342360973358154,0.015911521390080452,0.30508849024772644,0.004205232951790094,0.5629053711891174,4.993422044208273e-05,1.7260650396347046,0.044023532420396805,0.3506353795528412,2.6310298442840576,0.003730167169123888,2.3033342361450195,0.4140293300151825,,,,,,,,,,,,,,,
,0.0002847397700176711,2599,,,,,,,,,,,,,,,,,,,,,,,,,,,,,,
25,,2599,0.48213011026382446,0.12840132415294647,0.7498423457145691,0.05847574770450592,0.3706682026386261,0.00383674050681293,0.764123797416687,0.00012746067659463733,2.329265594482422,0.12654663622379303,0.33067670464515686,3.378316640853882,0.015328285284340382,2.2329723834991455,0.2900260090827942,,,,,,,,,,,,,,,
,0.0002846078414934838,2609,,,,,,,,,,,,,,,,,,,,,,,,,,,,,,
25,,2609,0.4457109868526459,0.09259557723999023,0.6462281942367554,0.015902696177363396,0.33143702149391174,0.01733965054154396,0.6232734322547913,5.504536602529697e-05,1.8498666286468506,0.11048152297735214,0.36123040318489075,2.7614331245422363,0.006790868937969208,2.249342441558838,0.32963255047798157,,,,,,,,,,,,,,,
,0.00028447537597739474,2619,,,,,,,,,,,,,,,,,,,,,,,,,,,,,,
25,,2619,0.44649821519851685,0.12239238619804382,0.6908676624298096,0.016660001128911972,0.31913161277770996,0.026245122775435448,0.6421365141868591,6.443116581067443e-05,1.7952380180358887,0.06793028116226196,0.41870877146720886,2.8216302394866943,0.019426468759775162,2.132831573486328,0.5446799993515015,,,,,,,,,,,,,,,
,0.00028434237399784933,2629,,,,,,,,,,,,,,,,,,,,,,,,,,,,,,
25,,2629,0.5412872433662415,0.13625603914260864,0.6755521297454834,0.015123684890568256,0.3647124767303467,0.004704599734395742,0.6199915409088135,4.123407416045666e-05,2.2745137214660645,0.04356086999177933,0.3649577498435974,3.278212070465088,0.006584396585822105,2.1693506240844727,0.42027777433395386,,,,,,,,,,,,,,,
,0.00028420883608543324,2639,,,,,,,,,,,,,,,,,,,,,,,,,,,,,,
25,,2639,0.4754832983016968,0.2248407006263733,0.8010150194168091,0.033388324081897736,0.39501869678497314,0.020679423585534096,0.8841212391853333,6.184563972055912e-05,2.2951934337615967,0.06318194419145584,0.3847538232803345,3.4847640991210938,0.014567218720912933,2.171311378479004,0.5233933329582214,,,,,,,,,,,,,,,
,0.0002840747627728701,2649,,,,,,,,,,,,,,,,,,,,,,,,,,,,,,
25,,2649,0.48365750908851624,0.13453665375709534,0.6760402917861938,0.006938406266272068,0.3688717782497406,0.006343281827867031,0.751051127910614,9.246919944416732e-05,2.265195608139038,0.04854824021458626,0.34191545844078064,3.2516281604766846,0.009622250683605671,2.192840099334717,0.37502026557922363,,,,,,,,,,,,,,,
,0.0002839401545950194,2659,,,,,,,,,,,,,,,,,,,,,,,,,,,,,,
25,,2659,0.5214225053787231,0.11526666581630707,0.676106870174408,0.015966251492500305,0.390382319688797,0.009183154441416264,0.6404044032096863,4.1318337025586516e-05,2.265916347503662,0.09526699036359787,0.3890869617462158,3.2848663330078125,0.012693767435848713,2.2368252277374268,0.4206758737564087,,,,,,,,,,,,,,,
,0.0002838050120888744,2669,,,,,,,,,,,,,,,,,,,,,,,,,,,,,,
25,,2669,0.44185498356819153,0.09569066017866135,0.6673316359519958,0.021754037588834763,0.3513226807117462,0.012554572895169258,0.7344627976417542,9.020970901474357e-05,1.8132222890853882,0.09682309627532959,0.3793506920337677,2.811241388320923,0.012453056871891022,2.2241368293762207,0.45400360226631165,,,,,,,,,,,,,,,
25,,2677,,,,,,,,,,,,,,,,0.0114494189620018,0.0096879992634058,0.041695788502693176,0.0010964131215587258,0.009274465963244438,0.0023405684623867273,0.15425129234790802,0.0005298765609040856,0.01808587834239006,0.0038043763488531113,0.009985468350350857,0.09210826456546783,0.0005148362251929939,2.2705912590026855,0.017177123576402664
,0.00028366933579355985,2679,,,,,,,,,,,,,,,,,,,,,,,,,,,,,,
26,,2679,0.5372568964958191,0.1073533296585083,0.6933121681213379,0.040615398436784744,0.33363810181617737,0.00876394659280777,0.7740470767021179,8.91455274540931e-05,2.3949079513549805,0.12876121699810028,0.4066140055656433,3.5117175579071045,0.022197319194674492,2.1676223278045654,0.508013904094696,,,,,,,,,,,,,,,
,0.0002835331262503302,2689,,,,,,,,,,,,,,,,,,,,,,,,,,,,,,
26,,2689,0.384661465883255,0.09434384852647781,0.6029775738716125,0.022076601162552834,0.3397373855113983,0.003709025913849473,0.646869421005249,5.793606032966636e-05,1.7713146209716797,0.08825315535068512,0.3089565336704254,2.6750283241271973,0.003070840146392584,2.3150477409362793,0.4800374209880829,,,,,,,,,,,,,,,
,0.00028339638400256694,2699,,,,,,,,,,,,,,,,,,,,,,,,,,,,,,
26,,2699,0.43353936076164246,0.1040256917476654,0.5263727903366089,0.016202006489038467,0.3570864498615265,0.00813253689557314,0.5929712057113647,5.71512573515065e-05,2.2538790702819824,0.11292412132024765,0.30499595403671265,3.1222476959228516,0.008616412989795208,2.2493245601654053,0.3589427173137665,,,,,,,,,,,,,,,
,0.00028325910959577674,2709,,,,,,,,,,,,,,,,,,,,,,,,,,,,,,
26,,2709,0.47793442010879517,0.12636126577854156,0.6224823594093323,0.017297452315688133,0.37044796347618103,0.0355527326464653,0.7645743489265442,5.1429069571895525e-05,2.2024149894714355,0.12698887288570404,0.35030072927474976,3.2190656661987305,0.012677682563662529,2.279757022857666,0.39909157156944275,,,,,,,,,,,,,,,
,0.0002831213035775893,2719,,,,,,,,,,,,,,,,,,,,,,,,,,,,,,
26,,2719,0.3661881387233734,0.07358536869287491,0.5178715586662292,0.03291639685630798,0.2926502823829651,0.005174944642931223,0.5636376142501831,9.01421153685078e-05,1.8121834993362427,0.10427729785442352,0.29180365800857544,2.621851682662964,0.012606377713382244,2.209596633911133,0.3516795337200165,,,,,,,,,,,,,,,
,0.0002829829664977551,2729,,,,,,,,,,,,,,,,,,,,,,,,,,,,,,
26,,2729,0.5138776302337646,0.14319530129432678,0.6556627154350281,0.03162374347448349,0.29774725437164307,0.008561218157410622,0.6824776530265808,3.0754406907362863e-05,2.2110469341278076,0.08868525922298431,0.34642764925956726,3.193430185317993,0.014938273467123508,2.288726806640625,0.3098306655883789,,,,,,,,,,,,,,,
,0.0002828440989081429,2739,,,,,,,,,,,,,,,,,,,,,,,,,,,,,,
26,,2739,0.4430614709854126,0.10289978235960007,0.8114995360374451,0.014267404563724995,0.31001678109169006,0.009487492963671684,0.7260223031044006,6.161740748211741e-05,1.7743737697601318,0.06312919408082962,0.31475669145584106,2.735642671585083,0.007010086439549923,2.3047754764556885,0.3253844976425171,,,,,,,,,,,,,,,
,0.0002827047013627383,2749,,,,,,,,,,,,,,,,,,,,,,,,,,,,,,
26,,2749,0.5620852708816528,0.11749664694070816,0.6817720532417297,0.023862715810537338,0.3846014440059662,0.016560716554522514,0.6607013940811157,6.080860839574598e-05,2.2532808780670166,0.07539483159780502,0.3417986333370209,3.3012962341308594,0.025475259870290756,2.3148415088653564,0.3892304301261902,,,,,,,,,,,,,,,
,0.0002825647744176406,2759,,,,,,,,,,,,,,,,,,,,,,,,,,,,,,
26,,2759,0.5111218094825745,0.09345757961273193,0.6468262076377869,0.025257453322410583,0.3277055621147156,0.00309882964938879,0.6400192379951477,5.8097735745832324e-05,2.329388380050659,0.13322895765304565,0.3110191226005554,3.281771183013916,0.0052467165514826775,2.236560821533203,0.3638676404953003,,,,,,,,,,,,,,,
,0.0002824243186310613,2769,,,,,,,,,,,,,,,,,,,,,,,,,,,,,,
26,,2769,0.5240053534507751,0.10690493136644363,0.5844122171401978,0.02941695787012577,0.4021819829940796,0.0045004673302173615,0.6640546917915344,5.218891237745993e-05,2.3551437854766846,0.08967275172472,0.37916091084480286,3.3344626426696777,0.0059309485368430614,2.0559282302856445,0.35246074199676514,,,,,,,,,,,,,,,
,0.0002822833345633216,2779,,,,,,,,,,,,,,,,,,,,,,,,,,,,,,
26,,2779,0.47239112854003906,0.09814099222421646,0.574262261390686,0.016622185707092285,0.33817213773727417,0.0017336816526949406,0.6930567622184753,3.1717761885374784e-05,2.239976644515991,0.1096193790435791,0.3460870683193207,3.175010919570923,0.010983997955918312,2.262502670288086,0.3844372630119324,,,,,,,,,,,,,,,
26,,2780,,,,,,,,,,,,,,,,0.01164205837994814,0.009874190203845501,0.03960150107741356,0.0012543778866529465,0.009183336049318314,0.0024417403619736433,0.1360473781824112,0.00023362408683169633,0.02124064788222313,0.003731538774445653,0.009270421229302883,0.08856355398893356,0.0003849458007607609,2.358631134033203,0.012854757718741894
,0.00028214182277685,2789,,,,,,,,,,,,,,,,,,,,,,,,,,,,,,
27,,2789,0.55732262134552,0.19512690603733063,0.7405572533607483,0.06830858439207077,0.4139786660671234,0.007667094003409147,0.8109797835350037,4.732349043479189e-05,2.332848072052002,0.06731654703617096,0.36330968141555786,3.5046133995056152,0.015521781519055367,2.2222349643707275,0.38725271821022034,,,,,,,,,,,,,,,
,0.00028199978383618043,2799,,,,,,,,,,,,,,,,,,,,,,,,,,,,,,
27,,2799,0.5343234539031982,0.13632942736148834,0.6259710788726807,0.01980951428413391,0.3756214380264282,0.01162486057728529,0.6726775765419006,3.118609311059117e-05,2.237774133682251,0.06355398893356323,0.4237029254436493,3.2651848793029785,0.0045973993837833405,2.241187334060669,0.43775561451911926,,,,,,,,,,,,,,,
,0.0002818572183079498,2809,,,,,,,,,,,,,,,,,,,,,,,,,,,,,,
27,,2809,0.5263386964797974,0.09454584866762161,0.5799417495727539,0.009480762295424938,0.3694777190685272,0.004866947885602713,0.7086600661277771,6.585814116988331e-05,2.2797698974609375,0.09947247803211212,0.31642141938209534,3.241722583770752,0.012062396854162216,2.2128381729125977,0.3840007483959198,,,,,,,,,,,,,,,
,0.00028171412676089553,2819,,,,,,,,,,,,,,,,,,,,,,,,,,,,,,
27,,2819,0.44573748111724854,0.1028342992067337,0.6098413467407227,0.015616992488503456,0.28510692715644836,0.014324371702969074,0.5972291231155396,7.59528047638014e-05,1.720263123512268,0.07451535761356354,0.33426931500434875,2.605725049972534,0.01661066710948944,2.2930736541748047,0.3347553312778473,,,,,,,,,,,,,,,
,0.0002815705097658537,2829,,,,,,,,,,,,,,,,,,,,,,,,,,,,,,
27,,2829,0.38542795181274414,0.06113431230187416,0.5516929030418396,0.018321627750992775,0.30631858110427856,0.007273419760167599,0.5670841932296753,7.954765169415623e-05,1.7425837516784668,0.1042269617319107,0.3351823091506958,2.550823450088501,0.006729856599122286,2.2438957691192627,0.3192518651485443,,,,,,,,,,,,,,,
,0.00028142636789575643,2839,,,,,,,,,,,,,,,,,,,,,,,,,,,,,,
27,,2839,0.4551333785057068,0.11198409646749496,0.6440604329109192,0.013136958703398705,0.33929646015167236,0.009301268495619297,0.6646616458892822,4.3607360566966236e-05,2.245436668395996,0.04561195895075798,0.37368425726890564,3.207775115966797,0.006185316015034914,2.2779176235198975,0.4672510623931885,,,,,,,,,,,,,,,
,0.0002812817017256298,2849,,,,,,,,,,,,,,,,,,,,,,,,,,,,,,
27,,2849,0.3964916467666626,0.0813799798488617,0.6469215750694275,0.026544013991951942,0.31903064250946045,0.006593857426196337,0.6223312616348267,6.732019392075017e-05,1.725579023361206,0.06034794822335243,0.358140766620636,2.592071771621704,0.007051589898765087,2.1514229774475098,0.2954587936401367,,,,,,,,,,,,,,,
,0.0002811365118325915,2859,,,,,,,,,,,,,,,,,,,,,,,,,,,,,,
27,,2859,0.43802112340927124,0.08193238079547882,0.7264807820320129,0.019173994660377502,0.34290847182273865,0.010428538545966148,0.6243323683738708,5.13625236635562e-05,1.8585305213928223,0.06408330798149109,0.37686479091644287,2.817115068435669,0.007956271059811115,2.262700319290161,0.43221670389175415,,,,,,,,,,,,,,,
,0.00028099079879584843,2869,,,,,,,,,,,,,,,,,,,,,,,,,,,,,,
27,,2869,0.48315173387527466,0.09099102020263672,0.6130868196487427,0.0203893780708313,0.26389753818511963,0.008922330103814602,0.7478675842285156,6.650479917880148e-05,1.7828872203826904,0.06484726816415787,0.3306254744529724,2.7192420959472656,0.009985164739191532,2.2709901332855225,0.3692033886909485,,,,,,,,,,,,,,,
,0.0002808445631966945,2879,,,,,,,,,,,,,,,,,,,,,,,,,,,,,,
27,,2879,0.4832998216152191,0.08770335465669632,0.5974037051200867,0.01714412495493889,0.3416101336479187,0.002970135770738125,0.7130895853042603,0.0001084495524992235,2.1142399311065674,0.13492465019226074,0.28094419836997986,3.0478243827819824,0.012361234053969383,2.2330405712127686,0.35476940870285034,,,,,,,,,,,,,,,
27,,2883,,,,,,,,,,,,,,,,0.014235555194318295,0.006779409945011139,0.03749578818678856,0.0006166846142150462,0.012154567055404186,0.0019038146128877997,0.11798510700464249,0.00028355358517728746,0.01761237159371376,0.004047652240842581,0.010181980207562447,0.07996798306703568,0.0004018082981929183,2.349097967147827,0.012816401198506355
,0.00028069780561850837,2889,,,,,,,,,,,,,,,,,,,,,,,,,,,,,,
28,,2889,0.49993830919265747,0.11707683652639389,0.6346803903579712,0.0363672599196434,0.3638831377029419,0.007320319302380085,0.7278236150741577,4.7944460675353184e-05,2.1959519386291504,0.10464579612016678,0.36796554923057556,3.2301228046417236,0.014357787556946278,2.296391248703003,0.4343909025192261,,,,,,,,,,,,,,,
,0.0002805505266467509,2899,,,,,,,,,,,,,,,,,,,,,,,,,,,,,,
28,,2899,0.45453351736068726,0.08421463519334793,0.654570460319519,0.03416936472058296,0.3389742970466614,0.002851760946214199,0.543547511100769,2.3319447791436687e-05,2.2753961086273193,0.08396982401609421,0.4132845401763916,3.2266979217529297,0.008078900165855885,2.21459698677063,0.44799286127090454,,,,,,,,,,,,,,,
,0.0002804027268689631,2909,,,,,,,,,,,,,,,,,,,,,,,,,,,,,,
28,,2909,0.5153211355209351,0.1636286824941635,0.602327287197113,0.010340184904634953,0.37988731265068054,0.0033508099149912596,0.6908525824546814,5.973780935164541e-05,2.233175277709961,0.09294025599956512,0.3476454019546509,3.2167744636535645,0.00950827356427908,2.1598496437072754,0.35683363676071167,,,,,,,,,,,,,,,
,0.00028025440687476345,2919,,,,,,,,,,,,,,,,,,,,,,,,,,,,,,
28,,2919,0.45682892203330994,0.1613042950630188,0.6187485456466675,0.018257131800055504,0.3350922763347626,0.003697681473568082,0.6566200852394104,5.71034470340237e-05,1.8540422916412354,0.08987579494714737,0.3699215352535248,2.8362152576446533,0.01048500556498766,2.2303466796875,0.4585667550563812,,,,,,,,,,,,,,,
,0.0002801055672558458,2929,,,,,,,,,,,,,,,,,,,,,,,,,,,,,,
28,,2929,0.5215693116188049,0.06373416632413864,0.5437853932380676,0.01674373261630535,0.38264790177345276,0.00194663112051785,0.5170632004737854,3.7776626413688064e-05,2.2900068759918213,0.06163753569126129,0.37612542510032654,3.232064723968506,0.013994499109685421,2.262105703353882,0.5049880743026733,,,,,,,,,,,,,,,
,0.0002799562086059771,2939,,,,,,,,,,,,,,,,,,,,,,,,,,,,,,
28,,2939,0.5044741630554199,0.17828238010406494,0.7540428638458252,0.032333601266145706,0.35097503662109375,0.006207059137523174,0.7008963823318481,4.685391468228772e-05,2.2070605754852295,0.07123947888612747,0.3429480791091919,3.2719132900238037,0.015406991355121136,2.2501118183135986,0.4065176546573639,,,,,,,,,,,,,,,
,0.00027980633152099464,2949,,,,,,,,,,,,,,,,,,,,,,,,,,,,,,
28,,2949,0.43855902552604675,0.05754274129867554,0.5708520412445068,0.016467945650219917,0.25502708554267883,0.010977497324347496,0.5958409309387207,9.599444456398487e-05,1.749009132385254,0.0962827280163765,0.3144630491733551,2.602766513824463,0.01358520332723856,2.2054054737091064,0.3817172944545746,,,,,,,,,,,,,,,
,0.000279655936598804,2959,,,,,,,,,,,,,,,,,,,,,,,,,,,,,,
28,,2959,0.44336920976638794,0.0911300778388977,0.5618398785591125,0.03977298364043236,0.2957817018032074,0.007371608167886734,0.5134274363517761,5.166900155018084e-05,1.6312144994735718,0.07915843278169632,0.3286312520503998,2.5024263858795166,0.0020303912460803986,2.259141445159912,0.396933376789093,,,,,,,,,,,,,,,
,0.0002795050244393767,2969,,,,,,,,,,,,,,,,,,,,,,,,,,,,,,
28,,2969,0.41022729873657227,0.09266909956932068,0.5273503065109253,0.016377953812479973,0.31103217601776123,0.005790552590042353,0.6042738556861877,5.470205360325053e-05,1.7769577503204346,0.11007320880889893,0.34943875670433044,2.6379952430725098,0.008374109864234924,2.2736382484436035,0.3924124538898468,,,,,,,,,,,,,,,
,0.0002793535956447475,2979,,,,,,,,,,,,,,,,,,,,,,,,,,,,,,
28,,2979,0.3891265094280243,0.11693158000707626,0.6288110017776489,0.03255325183272362,0.3102024793624878,0.005216733552515507,0.7264900207519531,5.1287155656609684e-05,1.7427880764007568,0.08901208639144897,0.3653440475463867,2.6786184310913086,0.006333065219223499,2.2513582706451416,0.39570528268814087,,,,,,,,,,,,,,,
28,,2986,,,,,,,,,,,,,,,,0.015315469354391098,0.006777158938348293,0.03663652762770653,0.0009096660069189966,0.00881776213645935,0.0020588920451700687,0.11856522411108017,0.00022469628311228007,0.0180487222969532,0.0036411425098776817,0.00821729376912117,0.07971189171075821,0.0004465366364456713,2.330488681793213,0.012192978523671627
,0.00027920165081901215,2989,,,,,,,,,,,,,,,,,,,,,,,,,,,,,,
29,,2989,0.5154331922531128,0.14480647444725037,0.549731433391571,0.023542337119579315,0.3264029026031494,0.0016483290819451213,0.7147154808044434,3.89445704058744e-05,2.175675392150879,0.10815221071243286,0.33643463253974915,3.138446092605591,0.007399735972285271,2.2900402545928955,0.35539111495018005,,,,,,,,,,,,,,,
,0.0002790491905683252,2999,,,,,,,,,,,,,,,,,,,,,,,,,,,,,,
29,,2999,0.3929165303707123,0.06963936984539032,0.6106137037277222,0.017283933237195015,0.3332211375236511,0.007589458487927914,0.5751999020576477,5.96467471041251e-05,1.7379729747772217,0.055772457271814346,0.373677521944046,2.624929189682007,0.016560235992074013,2.14554762840271,0.43850964307785034,,,,,,,,,,,,,,,
,0.0002788962155008972,3009,,,,,,,,,,,,,,,,,,,,,,,,,,,,,,
29,,3009,0.4018736481666565,0.10769745707511902,0.521285891532898,0.01730315200984478,0.27950984239578247,0.0034775985404849052,0.5714756846427917,0.00011026162246707827,1.7294723987579346,0.11472977697849274,0.29051533341407776,2.5427656173706055,0.011577517725527287,2.2783448696136475,0.31367599964141846,,,,,,,,,,,,,,,
,0.0002787427262269926,3019,,,,,,,,,,,,,,,,,,,,,,,,,,,,,,
29,,3019,0.43961775302886963,0.0819307267665863,0.5744031071662903,0.025277096778154373,0.3677641749382019,0.007141257170587778,0.5901327133178711,3.827518594334833e-05,2.1165151596069336,0.05012384429574013,0.35530850291252136,3.0101850032806396,0.012414085678756237,2.182499885559082,0.3647114634513855,,,,,,,,,,,,,,,
,0.00027858872335892714,3029,,,,,,,,,,,,,,,,,,,,,,,,,,,,,,
29,,3029,0.5330087542533875,0.11215990036725998,0.8879706859588623,0.04504477605223656,0.3836430311203003,0.004108937457203865,0.784023642539978,3.377822577022016e-05,2.3655717372894287,0.09135112166404724,0.3898904621601105,3.4653775691986084,0.002989579690620303,2.196322441101074,0.2944212257862091,,,,,,,,,,,,,,,
,0.00027843420751106534,3039,,,,,,,,,,,,,,,,,,,,,,,,,,,,,,
29,,3039,0.47073090076446533,0.07202104479074478,0.5425825715065002,0.006614631041884422,0.2953976094722748,0.011782737448811531,0.5371054410934448,4.5043347199680284e-05,2.1292505264282227,0.10118377953767776,0.3274850845336914,2.9842283725738525,0.004374524112790823,2.1809494495391846,0.4076782763004303,,,,,,,,,,,,,,,
,0.0002782791792998183,3049,,,,,,,,,,,,,,,,,,,,,,,,,,,,,,
29,,3049,0.5168381333351135,0.07203227281570435,0.6002148389816284,0.01453331857919693,0.32222074270248413,0.0025802203454077244,0.6429182887077332,2.80214699159842e-05,2.1309287548065186,0.05659880489110947,0.31139031052589417,3.0393831729888916,0.001099643763154745,2.3077991008758545,0.373848021030426,,,,,,,,,,,,,,,
,0.000278123639343641,3059,,,,,,,,,,,,,,,,,,,,,,,,,,,,,,
29,,3059,0.4238502085208893,0.07007703185081482,0.6181198954582214,0.026367293670773506,0.31816795468330383,0.01044677197933197,0.6700117588043213,5.896433140151203e-05,1.7887840270996094,0.09963493049144745,0.35060444474220276,2.7012388706207275,0.005117785185575485,2.1670711040496826,0.3939497172832489,,,,,,,,,,,,,,,
,0.0002779675882630299,3069,,,,,,,,,,,,,,,,,,,,,,,,,,,,,,
29,,3069,0.38301074504852295,0.09680964052677155,0.5350387096405029,0.014041641727089882,0.28690192103385925,0.017560884356498718,0.5629338026046753,4.062202788190916e-05,1.7090197801589966,0.057934317737817764,0.2883964776992798,2.500779628753662,0.010643125511705875,2.275635004043579,0.29561612010002136,,,,,,,,,,,,,,,
,0.0002778110266805207,3079,,,,,,,,,,,,,,,,,,,,,,,,,,,,,,
29,,3079,0.4419035017490387,0.07963874191045761,0.5287095904350281,0.021845201030373573,0.29473578929901123,0.006288108415901661,0.5353142619132996,5.267657616059296e-05,1.717655897140503,0.07856292277574539,0.31365200877189636,2.533165454864502,0.011169979348778725,2.249736785888672,0.28616711497306824,,,,,,,,,,,,,,,
,0.00027765395522068537,3089,,,,,,,,,,,,,,,,,,,,,,,,,,,,,,
29,,3089,0.3782489597797394,0.07283539324998856,0.4663129150867462,0.0160816740244627,0.25648966431617737,0.008028761483728886,0.42169904708862305,5.307721585268155e-05,1.664645791053772,0.050896428525447845,0.23144541680812836,2.3589982986450195,0.00904247909784317,2.186730146408081,0.27845922112464905,,,,,,,,,,,,,,,
29,,3089,,,,,,,,,,,,,,,,0.018874729052186012,0.006884418427944183,0.030958181247115135,0.0006604889058507979,0.00976173672825098,0.0027298755012452602,0.10803674906492233,0.0002439301460981369,0.018297508358955383,0.0031709217000752687,0.009946017526090145,0.07818026840686798,0.000542821129783988,2.3813300132751465,0.012258446775376797
,0.00027749637451013006,3099,,,,,,,,,,,,,,,,,,,,,,,,,,,,,,
30,,3099,0.386401504278183,0.09533905237913132,0.5097789168357849,0.02209133841097355,0.2926064729690552,0.003149956464767456,0.532737672328949,5.336132744560018e-05,1.6174557209014893,0.10575304925441742,0.3384971022605896,2.4322540760040283,0.01300845853984356,2.1926965713500977,0.3463398814201355,,,,,,,,,,,,,,,
,0.0002773382851774926,3109,,,,,,,,,,,,,,,,,,,,,,,,,,,,,,
30,,3109,0.4091437757015228,0.08229883760213852,0.5643753409385681,0.015581308864057064,0.32027381658554077,0.007162721361964941,0.5568444132804871,3.279540396761149e-05,1.6607162952423096,0.06244402751326561,0.33090242743492126,2.494852066040039,0.011453161016106606,2.261522054672241,0.33952268958091736,,,,,,,,,,,,,,,
,0.0002771796878534397,3119,,,,,,,,,,,,,,,,,,,,,,,,,,,,,,
30,,3119,0.42072999477386475,0.07428644597530365,0.5723904371261597,0.024743428453803062,0.279446542263031,0.008258101530373096,0.5082002282142639,3.19797545671463e-05,1.6393436193466187,0.06442732363939285,0.2924571931362152,2.4487743377685547,0.007357465103268623,2.2391116619110107,0.32101690769195557,,,,,,,,,,,,,,,
,0.0002770205831706646,3129,,,,,,,,,,,,,,,,,,,,,,,,,,,,,,
30,,3129,0.4109293818473816,0.07878576219081879,0.6343477964401245,0.023150485008955002,0.30627232789993286,0.012003572657704353,0.5579240322113037,4.867027746513486e-05,1.6506414413452148,0.07542823255062103,0.3556341230869293,2.5282142162323,0.013070684857666492,2.2060635089874268,0.3650926649570465,,,,,,,,,,,,,,,
,0.0002768609717638846,3139,,,,,,,,,,,,,,,,,,,,,,,,,,,,,,
30,,3139,0.4674679934978485,0.08296220004558563,0.6159101724624634,0.017775624990463257,0.3598150908946991,0.005684079136699438,0.5766560435295105,3.2071304303826764e-05,2.2108983993530273,0.05916322395205498,0.36937546730041504,3.0926151275634766,0.007347391918301582,2.2588491439819336,0.2838687002658844,,,,,,,,,,,,,,,
,0.0002767008542698385,3149,,,,,,,,,,,,,,,,,,,,,,,,,,,,,,
30,,3149,0.38937705755233765,0.1662939041852951,0.5263570547103882,0.01207873784005642,0.293496698141098,0.00860395934432745,0.5702451467514038,5.4964279115665704e-05,1.5949853658676147,0.09849666804075241,0.3228486478328705,2.4388058185577393,0.007409822661429644,2.1834614276885986,0.3519393503665924,,,,,,,,,,,,,,,
,0.0002765402313272841,3159,,,,,,,,,,,,,,,,,,,,,,,,,,,,,,
30,,3159,0.4670849144458771,0.11161887645721436,0.6461410522460938,0.009631621651351452,0.3225228786468506,0.003549187444150448,0.6374008655548096,4.526308475760743e-05,2.1489250659942627,0.060268912464380264,0.3283167779445648,3.0884904861450195,0.006521736271679401,2.1638615131378174,0.449584424495697,,,,,,,,,,,,,,,
,0.00027637910357699544,3169,,,,,,,,,,,,,,,,,,,,,,,,,,,,,,
30,,3169,0.37617969512939453,0.07750874012708664,0.6830422878265381,0.03937162831425667,0.32411935925483704,0.005047486163675785,0.5632964372634888,5.0912371079903096e-05,1.6765128374099731,0.05776162073016167,0.351778119802475,2.5658328533172607,0.016111230477690697,2.177442789077759,0.35460978746414185,,,,,,,,,,,,,,,
,0.0002762174716617604,3179,,,,,,,,,,,,,,,,,,,,,,,,,,,,,,
30,,3179,0.4057880640029907,0.11308491230010986,0.5251514911651611,0.02875838801264763,0.2955774962902069,0.030739057809114456,0.52226322889328,5.169717042008415e-05,1.616111397743225,0.04725973680615425,0.27934688329696655,2.448014736175537,0.005662431474775076,2.2380013465881348,0.3632325530052185,,,,,,,,,,,,,,,
,0.0002760553362263783,3189,,,,,,,,,,,,,,,,,,,,,,,,,,,,,,
30,,3189,0.4247783124446869,0.07614678889513016,0.5698153972625732,0.020092468708753586,0.3320872187614441,0.002348319860175252,0.5141674280166626,0.0002723648794926703,1.70653235912323,0.05630558729171753,0.3858579397201538,2.5775320529937744,0.006901094224303961,2.207559823989868,0.4386204481124878,,,,,,,,,,,,,,,
30,,3192,,,,,,,,,,,,,,,,0.022810490801930428,0.00719307828694582,0.03175439313054085,0.0006924643530510366,0.010447593405842781,0.0028278559911996126,0.10348574072122574,0.0001918761699926108,0.022171586751937866,0.003633801592513919,0.009690177626907825,0.08304313570261002,0.00036518319393508136,2.3304443359375,0.011442912742495537
,0.00027589269791765696,3199,,,,,,,,,,,,,,,,,,,,,,,,,,,,,,
31,,3199,0.4080653786659241,0.05619531869888306,0.5442414879798889,0.008225565776228905,0.2710036337375641,0.022738786414265633,0.49210992455482483,3.1282761483453214e-05,1.6319950819015503,0.03457384184002876,0.2999337315559387,2.418093204498291,0.009994923137128353,2.2292282581329346,0.36913999915122986,,,,,,,,,,,,,,,
,0.0002757295573844105,3209,,,,,,,,,,,,,,,,,,,,,,,,,,,,,,
31,,3209,0.4175650179386139,0.08986907452344894,0.7309418320655823,0.016687022522091866,0.3146306276321411,0.0140092046931386,0.5883737206459045,4.355890996521339e-05,1.695726752281189,0.06311839818954468,0.3841550350189209,2.61822509765625,0.01048922911286354,2.246303081512451,0.3740382492542267,,,,,,,,,,,,,,,
,0.00027556591527745633,3219,,,,,,,,,,,,,,,,,,,,,,,,,,,,,,
31,,3219,0.4224579334259033,0.05208483710885048,0.574333906173706,0.0047041247598826885,0.31788522005081177,0.004988507367670536,0.5099048018455505,4.888552939519286e-05,1.7343554496765137,0.10641930252313614,0.336848646402359,2.5802712440490723,0.011167812161147594,2.303018808364868,0.44285833835601807,,,,,,,,,,,,,,,
,0.00027540177224961304,3229,,,,,,,,,,,,,,,,,,,,,,,,,,,,,,
31,,3229,0.4357747435569763,0.060288045555353165,0.45470383763313293,0.012173798866569996,0.27604568004608154,0.007880809716880322,0.5005412697792053,3.8670666981488466e-05,1.7122565507888794,0.10290558636188507,0.3033616840839386,2.507741928100586,0.01159587036818266,2.2813711166381836,0.3968924283981323,,,,,,,,,,,,,,,
,0.00027523712895569737,3239,,,,,,,,,,,,,,,,,,,,,,,,,,,,,,
31,,3239,0.38465872406959534,0.11752521991729736,0.5284354090690613,0.019535813480615616,0.2375623881816864,0.01097905170172453,0.5343552231788635,5.435639468487352e-05,1.6136592626571655,0.044681645929813385,0.370673805475235,2.3898744583129883,0.004909800831228495,2.242694616317749,0.2484642118215561,,,,,,,,,,,,,,,
,0.00027507198605252186,3249,,,,,,,,,,,,,,,,,,,,,,,,,,,,,,
31,,3249,0.4630500078201294,0.17374835908412933,0.5679833292961121,0.015708422288298607,0.3445439338684082,0.005633171647787094,0.806996762752533,3.748577364603989e-05,2.1859190464019775,0.052249062806367874,0.31669777631759644,3.155449867248535,0.010080866515636444,2.219003200531006,0.3680201768875122,,,,,,,,,,,,,,,
,0.0002749063441988921,3259,,,,,,,,,,,,,,,,,,,,,,,,,,,,,,
31,,3259,0.4510699510574341,0.12629027664661407,0.6553544402122498,0.022465644404292107,0.2853133976459503,0.010119771584868431,0.6111207604408264,3.83970036637038e-05,1.7628835439682007,0.1073237881064415,0.2984966039657593,2.6941564083099365,0.022056972607970238,2.223708391189575,0.3636265993118286,,,,,,,,,,,,,,,
,0.0002747402040556042,3269,,,,,,,,,,,,,,,,,,,,,,,,,,,,,,
31,,3269,0.4152313470840454,0.06493532657623291,0.5099809765815735,0.01945485547184944,0.26399147510528564,0.010355556383728981,0.5061055421829224,5.103872899780981e-05,1.5851188898086548,0.0782870352268219,0.26507577300071716,2.358731985092163,0.009901346638798714,2.147200345993042,0.317205011844635,,,,,,,,,,,,,,,
,0.0002745735662854421,3279,,,,,,,,,,,,,,,,,,,,,,,,,,,,,,
31,,3279,0.4721551835536957,0.07563111186027527,0.5676587820053101,0.020345931872725487,0.3216051459312439,0.006227756384760141,0.5235523581504822,4.014258593088016e-05,1.826163411140442,0.07953885942697525,0.3619852662086487,2.7306411266326904,0.007048650644719601,2.1786060333251953,0.47228074073791504,,,,,,,,,,,,,,,
,0.0002744064315531749,3289,,,,,,,,,,,,,,,,,,,,,,,,,,,,,,
31,,3289,0.4379708766937256,0.09957179427146912,0.5676789879798889,0.02829766646027565,0.3311329483985901,0.005968382116407156,0.5576996803283691,3.748825838556513e-05,2.106865406036377,0.08792036771774292,0.3381350040435791,2.9763126373291016,0.0126198036596179,2.3172688484191895,0.31122347712516785,,,,,,,,,,,,,,,
31,,3295,,,,,,,,,,,,,,,,0.015452875755727291,0.005972285754978657,0.03229450061917305,0.0005147304036654532,0.00915038213133812,0.0014340844936668873,0.09788835048675537,0.00024156220024451613,0.017785124480724335,0.0034300668630748987,0.01058435533195734,0.07250231504440308,0.0004944268730469048,2.321324110031128,0.011848898604512215
,0.0002742388005255541,3299,,,,,,,,,,,,,,,,,,,,,,,,,,,,,,
32,,3299,0.40174955129623413,0.05111527070403099,0.48665651679039,0.006545419804751873,0.2894466817378998,0.011168616823852062,0.4641580283641815,4.576195715344511e-05,1.753687858581543,0.09452658891677856,0.3334750235080719,2.534766674041748,0.007684759795665741,2.2069621086120605,0.41541898250579834,,,,,,,,,,,,,,,
,0.0002740706738713114,3309,,,,,,,,,,,,,,,,,,,,,,,,,,,,,,
32,,3309,0.455674409866333,0.06370682269334793,0.4813731610774994,0.015157299116253853,0.2553074359893799,0.005491448100656271,0.48678669333457947,4.6371340431505814e-05,1.6363117694854736,0.1113753691315651,0.27018898725509644,2.4143712520599365,0.012639394961297512,2.205537796020508,0.31157219409942627,,,,,,,,,,,,,,,
,0.00027390205226115533,3319,,,,,,,,,,,,,,,,,,,,,,,,,,,,,,
32,,3319,0.4977674186229706,0.15300507843494415,0.724187970161438,0.026362523436546326,0.3854418694972992,0.011987471021711826,0.6589419841766357,2.7107847927254625e-05,2.130319356918335,0.027616826817393303,0.3391638696193695,3.1571884155273438,0.01160513050854206,2.1851093769073486,0.40822431445121765,,,,,,,,,,,,,,,
,0.0002737329363677692,3329,,,,,,,,,,,,,,,,,,,,,,,,,,,,,,
32,,3329,0.37387028336524963,0.08000681549310684,0.5799948573112488,0.02298397570848465,0.27554360032081604,0.00723925931379199,0.522512674331665,3.4024073102045804e-05,1.6255624294281006,0.08643705397844315,0.3120417594909668,2.43099045753479,0.011930511333048344,2.2729804515838623,0.33011922240257263,,,,,,,,,,,,,,,
,0.0002735633268658082,3339,,,,,,,,,,,,,,,,,,,,,,,,,,,,,,
32,,3339,0.40919262170791626,0.07796559482812881,0.6480312943458557,0.01750922203063965,0.3120001256465912,0.012636219151318073,0.7112835049629211,3.760000254260376e-05,1.7329976558685303,0.12695227563381195,0.32938575744628906,2.6507718563079834,0.002170286141335964,2.2110745906829834,0.40268760919570923,,,,,,,,,,,,,,,
,0.0002733932244318964,3349,,,,,,,,,,,,,,,,,,,,,,,,,,,,,,
32,,3349,0.44748252630233765,0.07434114813804626,0.5497368574142456,0.025090185925364494,0.33548030257225037,0.0021719972137361765,0.5764721632003784,4.440664633875713e-05,2.1543781757354736,0.08922573179006577,0.3269443213939667,3.040177345275879,0.015530513599514961,2.303774356842041,0.39629384875297546,,,,,,,,,,,,,,,
,0.0002732226297446246,3359,,,,,,,,,,,,,,,,,,,,,,,,,,,,,,
32,,3359,0.4514409899711609,0.12536980211734772,0.6208375096321106,0.021051261574029922,0.3442818224430084,0.0036789749283343554,0.607361912727356,4.766881829709746e-05,2.18735933303833,0.09689424186944962,0.3048763871192932,3.1213648319244385,0.005470864940434694,2.2633275985717773,0.43352118134498596,,,,,,,,,,,,,,,
,0.0002730515434845472,3369,,,,,,,,,,,,,,,,,,,,,,,,,,,,,,
32,,3369,0.3947685658931732,0.06199343129992485,0.568759024143219,0.016765927895903587,0.3008262515068054,0.009449477307498455,0.45203688740730286,3.906431084033102e-05,1.6576449871063232,0.07024911046028137,0.33806943893432617,2.4697189331054688,0.005846203770488501,2.233564853668213,0.41840511560440063,,,,,,,,,,,,,,,
,0.0002728799663341798,3379,,,,,,,,,,,,,,,,,,,,,,,,,,,,,,
32,,3379,0.4061984717845917,0.0697970762848854,0.5894876718521118,0.022351497784256935,0.27735820412635803,0.005273686721920967,0.500393807888031,2.8719539841404185e-05,1.657470941543579,0.1104624792933464,0.3263285160064697,2.5173933506011963,0.010042121633887291,2.1468005180358887,0.46908625960350037,,,,,,,,,,,,,,,
,0.000272707898977996,3389,,,,,,,,,,,,,,,,,,,,,,,,,,,,,,
32,,3389,0.3945217728614807,0.12768173217773438,0.46354129910469055,0.030790837481617928,0.3198360204696655,0.004403210710734129,0.6642277240753174,4.97315741085913e-05,1.7840274572372437,0.11017458885908127,0.3198736608028412,2.6279914379119873,0.00511150760576129,2.197458028793335,0.3063259422779083,,,,,,,,,,,,,,,
32,,3398,,,,,,,,,,,,,,,,0.01889403909444809,0.005556432064622641,0.03307487443089485,0.0011397249763831496,0.007111417595297098,0.0016515546012669802,0.09432606399059296,0.0002774164895527065,0.015401610173285007,0.00325614120811224,0.01051249634474516,0.07013536989688873,0.0004809904203284532,2.332324266433716,0.008225041441619396
,0.00027253534210242535,3399,,,,,,,,,,,,,,,,,,,,,,,,,,,,,,
33,,3399,0.4559740126132965,0.12576083838939667,0.6110169887542725,0.021491454914212227,0.3331838846206665,0.003929466940462589,0.5780395865440369,2.5301225832663476e-05,2.0728156566619873,0.09222827851772308,0.3313981592655182,2.978090286254883,0.004708038177341223,2.2830028533935547,0.3585628569126129,,,,,,,,,,,,,,,
,0.00027236229639585,3409,,,,,,,,,,,,,,,,,,,,,,,,,,,,,,
33,,3409,0.525986909866333,0.07595808058977127,0.5336591601371765,0.012168113142251968,0.38978174328804016,0.01157042384147644,0.6040164828300476,3.113443381153047e-05,2.353116273880005,0.07289081066846848,0.3181627094745636,3.2922823429107666,0.004800629802048206,2.273183584213257,0.466303288936615,,,,,,,,,,,,,,,
,0.0002721887625486023,3419,,,,,,,,,,,,,,,,,,,,,,,,,,,,,,
33,,3419,0.4540395736694336,0.06793966144323349,0.48405542969703674,0.012943021953105927,0.27611643075942993,0.01056667510420084,0.5104004740715027,4.6673318138346076e-05,2.0695128440856934,0.06892328709363937,0.3134051561355591,2.875049114227295,0.013654178008437157,2.2484755516052246,0.34849292039871216,,,,,,,,,,,,,,,
,0.00027201474125296184,3429,,,,,,,,,,,,,,,,,,,,,,,,,,,,,,
33,,3429,0.39227649569511414,0.11733386665582657,0.6712039709091187,0.026910265907645226,0.3391898274421692,0.0072152079083025455,0.7428098320960999,8.075462392298505e-05,1.740640640258789,0.1383991837501526,0.3812500834465027,2.7236130237579346,0.026806823909282684,2.2173988819122314,0.37874799966812134,,,,,,,,,,,,,,,
,0.000271840233203153,3439,,,,,,,,,,,,,,,,,,,,,,,,,,,,,,
33,,3439,0.5181689262390137,0.11877528578042984,0.686145007610321,0.042054880410432816,0.37696054577827454,0.007397771812975407,0.7023875117301941,1.8965207345900126e-05,2.273447036743164,0.11312688142061234,0.35681426525115967,3.351487159729004,0.010765488259494305,2.2325479984283447,0.5029836297035217,,,,,,,,,,,,,,,
,0.00027166523909534165,3449,,,,,,,,,,,,,,,,,,,,,,,,,,,,,,
33,,3449,0.46360257267951965,0.09622666984796524,0.6450791358947754,0.011901813559234142,0.38155820965766907,0.0036427967716008425,0.6000239253044128,2.849829979822971e-05,2.176590919494629,0.09063966572284698,0.3478783965110779,3.1294703483581543,0.012030870653688908,2.298163890838623,0.44904643297195435,,,,,,,,,,,,,,,
,0.000271489759627633,3459,,,,,,,,,,,,,,,,,,,,,,,,,,,,,,
33,,3459,0.507459282875061,0.13249431550502777,0.7586367130279541,0.04157921299338341,0.3575737178325653,0.01616392470896244,0.8058221936225891,4.421616904437542e-05,2.234752893447876,0.0653388500213623,0.3810397684574127,3.3144965171813965,0.02821567840874195,2.196476697921753,0.3021549582481384,,,,,,,,,,,,,,,
,0.0002713137955000684,3469,,,,,,,,,,,,,,,,,,,,,,,,,,,,,,
33,,3469,0.4873715341091156,0.08967821300029755,0.7305974960327148,0.014772254042327404,0.39078837633132935,0.00332433870062232,0.619598388671875,1.7850237782113254e-05,2.1674373149871826,0.07552815973758698,0.43605542182922363,3.1834917068481445,0.007075916510075331,2.2623376846313477,0.47551029920578003,,,,,,,,,,,,,,,
,0.00027113734741462253,3479,,,,,,,,,,,,,,,,,,,,,,,,,,,,,,
33,,3479,0.49724721908569336,0.1493568867444992,0.6944137215614319,0.01940152794122696,0.3922707736492157,0.01677767187356949,0.728633463382721,2.3380893253488466e-05,2.3091602325439453,0.09565971046686172,0.37683987617492676,3.3601036071777344,0.011156394146382809,2.2408299446105957,0.4177991449832916,,,,,,,,,,,,,,,
,0.00027096041607520087,3489,,,,,,,,,,,,,,,,,,,,,,,,,,,,,,
33,,3489,0.46405088901519775,0.08589598536491394,0.6700901985168457,0.021528027951717377,0.38393929600715637,0.00149857671931386,0.5338154435157776,3.5181317798560485e-05,2.165039539337158,0.09648054838180542,0.3508381247520447,3.1231608390808105,0.014553559944033623,2.317532777786255,0.46588632464408875,,,,,,,,,,,,,,,
,0.0002707830021876368,3499,,,,,,,,,,,,,,,,,,,,,,,,,,,,,,
33,,3499,0.4878169894218445,0.06866282969713211,0.6780786514282227,0.03168252855539322,0.357637494802475,0.0036644323263317347,0.5870699286460876,2.8729353289236315e-05,2.164001941680908,0.06069498881697655,0.36885932087898254,3.1211822032928467,0.0101507268846035,2.2665674686431885,0.3987857401371002,,,,,,,,,,,,,,,
33,,3501,,,,,,,,,,,,,,,,0.010118707083165646,0.005951347760856152,0.034355875104665756,0.0005066194571554661,0.008018549531698227,0.002021847991272807,0.10948006808757782,0.0002475469373166561,0.012485850602388382,0.002950432011857629,0.00989169254899025,0.06822910904884338,0.0003656866610981524,2.303388833999634,0.013567558489739895
,0.0002706051064596886,3509,,,,,,,,,,,,,,,,,,,,,,,,,,,,,,
34,,3509,0.48994070291519165,0.09533696621656418,0.5429168939590454,0.00786697119474411,0.3289899230003357,0.006710169371217489,0.5878061652183533,4.39491486758925e-05,2.141831159591675,0.10207435488700867,0.3047967255115509,3.0135533809661865,0.006674635224044323,2.215113878250122,0.3411068618297577,,,,,,,,,,,,,,,
,0.00027042672960103675,3519,,,,,,,,,,,,,,,,,,,,,,,,,,,,,,
34,,3519,0.4199308753013611,0.1057848334312439,0.5051109194755554,0.00917284656316042,0.2827225625514984,0.004499617964029312,0.5370187759399414,3.873407331411727e-05,1.7006736993789673,0.07630075514316559,0.34506964683532715,2.5400748252868652,0.0036990095395594835,2.3223142623901367,0.4501127600669861,,,,,,,,,,,,,,,
,0.00027024787232328125,3529,,,,,,,,,,,,,,,,,,,,,,,,,,,,,,
34,,3529,0.4911024868488312,0.06743369996547699,0.6460034847259521,0.023645738139748573,0.35516002774238586,0.01025108527392149,0.6366555094718933,3.496006684144959e-05,2.206479549407959,0.07324045896530151,0.3110962510108948,3.1520795822143555,0.011553891934454441,2.3021621704101562,0.39251622557640076,,,,,,,,,,,,,,,
,0.00027006853533993855,3539,,,,,,,,,,,,,,,,,,,,,,,,,,,,,,
34,,3539,0.4353191554546356,0.14977461099624634,0.5990358591079712,0.004497208632528782,0.28092682361602783,0.01557054091244936,0.564095675945282,4.610853284248151e-05,1.7409847974777222,0.06729468703269958,0.32625898718833923,2.6090047359466553,0.007520975545048714,2.228858232498169,0.34762832522392273,,,,,,,,,,,,,,,
,0.00026988871936643873,3549,,,,,,,,,,,,,,,,,,,,,,,,,,,,,,
34,,3549,0.45167776942253113,0.09332355856895447,0.48758235573768616,0.019428672268986702,0.28387323021888733,0.00708687724545598,0.5282831788063049,3.120217297691852e-05,1.6981492042541504,0.11902176588773727,0.3459533751010895,2.522899866104126,0.010567519813776016,2.2134008407592773,0.30551207065582275,,,,,,,,,,,,,,,
,0.0002697084251201228,3559,,,,,,,,,,,,,,,,,,,,,,,,,,,,,,
34,,3559,0.46946901082992554,0.14816007018089294,0.6075421571731567,0.041510313749313354,0.34699198603630066,0.002263042377308011,0.6782186627388,2.4412709535681643e-05,2.182157039642334,0.08009283244609833,0.3897090256214142,3.1435444355010986,0.004945539869368076,2.2564120292663574,0.3041869103908539,,,,,,,,,,,,,,,
,0.0002695276533202398,3569,,,,,,,,,,,,,,,,,,,,,,,,,,,,,,
34,,3569,0.3807556629180908,0.05858438089489937,0.4840511679649353,0.022481761872768402,0.2252906858921051,0.009031601250171661,0.46378421783447266,5.2581173804355785e-05,1.484732985496521,0.04456721246242523,0.2541755437850952,2.179288387298584,0.01061161421239376,2.1955134868621826,0.22692637145519257,,,,,,,,,,,,,,,
,0.0002693464046879437,3579,,,,,,,,,,,,,,,,,,,,,,,,,,,,,,
34,,3579,0.4770783483982086,0.10093668103218079,0.6795772314071655,0.03450314700603485,0.303786963224411,0.006839863024652004,0.7505322694778442,5.5934789997991174e-05,1.7708839178085327,0.08837022632360458,0.34111255407333374,2.734262704849243,0.017423752695322037,2.153135061264038,0.26710301637649536,,,,,,,,,,,,,,,
,0.0002691646799462908,3589,,,,,,,,,,,,,,,,,,,,,,,,,,,,,,
34,,3589,0.4585587680339813,0.0868229940533638,0.5601230263710022,0.012867099605500698,0.2684743106365204,0.009670954197645187,0.599568247795105,3.682872193166986e-05,1.6778638362884521,0.11929351091384888,0.3461574912071228,2.558868408203125,0.015135479159653187,2.23248291015625,0.3731597661972046,,,,,,,,,,,,,,,
,0.00026898247982023684,3599,,,,,,,,,,,,,,,,,,,,,,,,,,,,,,
34,,3599,0.4781213104724884,0.18626616895198822,0.7070323824882507,0.02299855276942253,0.4326072335243225,0.008488907478749752,0.7988172173500061,4.3343410652596503e-05,2.264899969100952,0.1269553303718567,0.3781704604625702,3.3600664138793945,0.00628122640773654,2.2090349197387695,0.44462811946868896,,,,,,,,,,,,,,,
34,,3604,,,,,,,,,,,,,,,,0.00883944146335125,0.005063132382929325,0.034225210547447205,0.0005443153786472976,0.005490846931934357,0.0008601095178164542,0.10172732919454575,0.0001365400239592418,0.011807066388428211,0.00402881670743227,0.00680511724203825,0.06144275888800621,0.000244270107941702,2.2945094108581543,0.009326949715614319
,0.0002687998050366338,3609,,,,,,,,,,,,,,,,,,,,,,,,,,,,,,
35,,3609,0.5194570422172546,0.0942177027463913,0.5832800269126892,0.02059140056371689,0.32998013496398926,0.0030924174934625626,0.567898154258728,3.9956532418727875e-05,2.216592788696289,0.10433323681354523,0.3240729868412018,3.151259422302246,0.009189934469759464,2.2862696647644043,0.4198853075504303,,,,,,,,,,,,,,,
,0.0002686166563242274,3619,,,,,,,,,,,,,,,,,,,,,,,,,,,,,,
35,,3619,0.3850710093975067,0.09494481980800629,0.6449806094169617,0.0385250449180603,0.3157128691673279,0.0021784286946058273,0.5875059366226196,4.8257290472975e-05,1.6248245239257812,0.08570960909128189,0.34042173624038696,2.5178799629211426,0.022922590374946594,2.2531161308288574,0.33239153027534485,,,,,,,,,,,,,,,
,0.00026843303441365394,3629,,,,,,,,,,,,,,,,,,,,,,,,,,,,,,
35,,3629,0.39879947900772095,0.07574615627527237,0.551629364490509,0.017531301826238632,0.2814081013202667,0.004497538320720196,0.4642619788646698,0.00013559285434894264,1.8200087547302246,0.07219769805669785,0.34187304973602295,2.6385390758514404,0.009825301356613636,2.164632558822632,0.4266015589237213,,,,,,,,,,,,,,,
,0.00026824894003743744,3639,,,,,,,,,,,,,,,,,,,,,,,,,,,,,,
35,,3639,0.45322495698928833,0.1558932662010193,0.5541653037071228,0.025583533570170403,0.36061689257621765,0.004664881620556116,0.6484093070030212,3.175232995999977e-05,2.329343557357788,0.0516597218811512,0.347879022359848,3.258633852005005,0.006696073338389397,2.154393434524536,0.3661525547504425,,,,,,,,,,,,,,,
,0.0002680643739299868,3649,,,,,,,,,,,,,,,,,,,,,,,,,,,,,,
35,,3649,0.4227885901927948,0.06744261085987091,0.5746732950210571,0.029418280348181725,0.29869797825813293,0.004363752901554108,0.6348920464515686,5.5149597756098956e-05,1.7413581609725952,0.058460820466279984,0.3104995787143707,2.5917112827301025,0.013514501973986626,2.208911180496216,0.30047789216041565,,,,,,,,,,,,,,,
,0.0002678793368275926,3659,,,,,,,,,,,,,,,,,,,,,,,,,,,,,,
35,,3659,0.3945024013519287,0.07817032933235168,0.5839261412620544,0.013144554570317268,0.28778818249702454,0.005749054718762636,0.6116595268249512,4.3459756852826104e-05,1.714269757270813,0.09127431362867355,0.2992987036705017,2.5610554218292236,0.006995548494160175,2.230792999267578,0.4053909480571747,,,,,,,,,,,,,,,
,0.0002676938294684247,3669,,,,,,,,,,,,,,,,,,,,,,,,,,,,,,
35,,3669,0.5041078925132751,0.1106453388929367,0.6984462738037109,0.006973423063755035,0.36882442235946655,0.021397056058049202,0.7339600920677185,4.071145303896628e-05,2.185258626937866,0.07593093812465668,0.36933422088623047,3.1864054203033447,0.009706119075417519,2.236417293548584,0.3564310669898987,,,,,,,,,,,,,,,
,0.0002675078525925286,3679,,,,,,,,,,,,,,,,,,,,,,,,,,,,,,
35,,3679,0.4117055833339691,0.08015328645706177,0.5767239928245544,0.009004713967442513,0.2946164011955261,0.02870263159275055,0.6337785720825195,2.55360846495023e-05,1.7322540283203125,0.06657970696687698,0.3708351254463196,2.594630241394043,0.010272659361362457,2.158054828643799,0.3384590148925781,,,,,,,,,,,,,,,
,0.00026732140694182306,3689,,,,,,,,,,,,,,,,,,,,,,,,,,,,,,
35,,3689,0.38752222061157227,0.06384001672267914,0.5345028042793274,0.011467882432043552,0.2778250575065613,0.021528922021389008,0.4879778027534485,2.5259232643293217e-05,1.7279672622680664,0.04588748514652252,0.3227744400501251,2.493882894515991,0.004301255568861961,2.11834979057312,0.32273316383361816,,,,,,,,,,,,,,,
,0.000267134493260097,3699,,,,,,,,,,,,,,,,,,,,,,,,,,,,,,
35,,3699,0.4792221486568451,0.14074568450450897,0.6669375896453857,0.020058568567037582,0.4027252495288849,0.0046636261977255344,0.6224036812782288,3.199548882548697e-05,2.2779605388641357,0.06864195317029953,0.37059324979782104,3.2665035724639893,0.011289522983133793,2.2378363609313965,0.39381128549575806,,,,,,,,,,,,,,,
35,,3707,,,,,,,,,,,,,,,,0.012156091630458832,0.006352891679853201,0.03638271242380142,0.000746785313822329,0.012538076378405094,0.0016364356270059943,0.08676838129758835,0.00024115285486914217,0.008889484219253063,0.0038368143141269684,0.010677739977836609,0.06222209334373474,0.00047516264021396637,2.2627437114715576,0.013265282846987247
,0.00026694711229300613,3709,,,,,,,,,,,,,,,,,,,,,,,,,,,,,,
36,,3709,0.4820016324520111,0.15499652922153473,0.6741478443145752,0.02845250628888607,0.3483582139015198,0.012066061608493328,0.6524186730384827,5.788971611764282e-05,2.170377492904663,0.034897174686193466,0.3794969916343689,3.1777455806732178,0.002806619042530656,2.202225685119629,0.44482049345970154,,,,,,,,,,,,,,,
,0.00026675926478807063,3719,,,,,,,,,,,,,,,,,,,,,,,,,,,,,,
36,,3719,0.5254966020584106,0.0714581310749054,0.5291044116020203,0.006340381223708391,0.379946768283844,0.009586196392774582,0.5208365321159363,1.9788190911640413e-05,2.2887072563171387,0.05130753293633461,0.2992275059223175,3.1804769039154053,0.008371502161026001,2.2375338077545166,0.4314820170402527,,,,,,,,,,,,,,,
,0.0002665709514946717,3729,,,,,,,,,,,,,,,,,,,,,,,,,,,,,,
36,,3729,0.33841970562934875,0.1316433548927307,0.5466474890708923,0.020944198593497276,0.23935362696647644,0.005049976985901594,0.5671364068984985,5.608319406746887e-05,1.60584557056427,0.10934858024120331,0.3046773374080658,2.3846840858459473,0.021215159446001053,2.115389585494995,0.23092101514339447,,,,,,,,,,,,,,,
,0.0002663821731640488,3739,,,,,,,,,,,,,,,,,,,,,,,,,,,,,,
36,,3739,0.5059312582015991,0.09295240044593811,0.6808253526687622,0.04074205458164215,0.33959317207336426,0.0034345807507634163,0.6957411766052246,2.9786635423079133e-05,2.263563394546509,0.07103868573904037,0.34410688281059265,3.278388500213623,0.011740747839212418,2.221961259841919,0.4263000786304474,,,,,,,,,,,,,,,
,0.0002661929305492964,3749,,,,,,,,,,,,,,,,,,,,,,,,,,,,,,
36,,3749,0.4819876253604889,0.12858213484287262,0.524592936038971,0.00931879784911871,0.35902509093284607,0.009705046191811562,0.676544189453125,3.5945842682849616e-05,2.2579524517059326,0.10193025320768356,0.3429536521434784,3.2043111324310303,0.008369111455976963,2.2353875637054443,0.43735063076019287,,,,,,,,,,,,,,,
,0.0002660032244053613,3759,,,,,,,,,,,,,,,,,,,,,,,,,,,,,,
36,,3759,0.4693348705768585,0.051178716123104095,0.45122095942497253,0.011078212410211563,0.2564348876476288,0.003378331195563078,0.45827150344848633,3.711790486704558e-05,1.8124480247497559,0.07606995850801468,0.2361123263835907,2.5288760662078857,0.002524260664358735,2.2901246547698975,0.2442818433046341,,,,,,,,,,,,,,,
,0.00026581305548903936,3769,,,,,,,,,,,,,,,,,,,,,,,,,,,,,,
36,,3769,0.4083237648010254,0.09589262306690216,0.6739053130149841,0.037254732102155685,0.3582092523574829,0.004136131145060062,0.6527223587036133,3.353833017172292e-05,2.1605446338653564,0.03083362616598606,0.3176105320453644,3.093262195587158,0.027496162801980972,2.2157607078552246,0.3343147933483124,,,,,,,,,,,,,,,
,0.0002656224245589727,3779,,,,,,,,,,,,,,,,,,,,,,,,,,,,,,
36,,3779,0.40634602308273315,0.07398824393749237,0.4862338900566101,0.008704058825969696,0.2561910152435303,0.014149842783808708,0.5174502730369568,3.180720523232594e-05,1.7976733446121216,0.08112812042236328,0.28270038962364197,2.563178300857544,0.01038847304880619,2.1855762004852295,0.3284933567047119,,,,,,,,,,,,,,,
,0.0002654313323756464,3789,,,,,,,,,,,,,,,,,,,,,,,,,,,,,,
36,,3789,0.5134822726249695,0.1382899135351181,0.7403464317321777,0.018964160233736038,0.3966182470321655,0.005698625463992357,0.7929137945175171,7.486149843316525e-05,2.426473379135132,0.09364959597587585,0.31388425827026367,3.505091667175293,0.006483641918748617,2.0962975025177,0.4729278087615967,,,,,,,,,,,,,,,
,0.0002652397797013857,3799,,,,,,,,,,,,,,,,,,,,,,,,,,,,,,
36,,3799,0.44909578561782837,0.07619645446538925,0.5569187998771667,0.021427588537335396,0.32334885001182556,0.023420406505465508,0.4842003583908081,3.080789610976353e-05,1.8599824905395508,0.14338143169879913,0.35928791761398315,2.742525339126587,0.005530117079615593,2.118248701095581,0.42163315415382385,,,,,,,,,,,,,,,
,0.000265047767300353,3809,,,,,,,,,,,,,,,,,,,,,,,,,,,,,,
36,,3809,0.42660531401634216,0.08177060633897781,0.6008045673370361,0.0386071652173996,0.283725768327713,0.017783816903829575,0.5275231003761292,4.997757787350565e-05,1.7293033599853516,0.08867884427309036,0.2735835015773773,2.5814054012298584,0.013399443589150906,2.180835247039795,0.313569575548172,,,,,,,,,,,,,,,
36,,3810,,,,,,,,,,,,,,,,0.015199201181530952,0.005078008398413658,0.03882601857185364,0.0006282994872890413,0.0097360173240304,0.001542541547678411,0.08501974493265152,0.00012425983732100576,0.009497646242380142,0.006094054318964481,0.014413661323487759,0.06555729359388351,0.0003446695627644658,2.2490427494049072,0.018089164048433304
,0.00026485529593854443,3819,,,,,,,,,,,,,,,,,,,,,,,,,,,,,,
37,,3819,0.4046224057674408,0.08268435299396515,0.6194857954978943,0.016701458021998405,0.31878408789634705,0.013969370163977146,0.6001847386360168,0.00011317041935399175,1.756217122077942,0.12989607453346252,0.37922611832618713,2.6435387134552,0.009862084873020649,2.239410877227783,0.3578585088253021,,,,,,,,,,,,,,,
,0.0002646623663837873,3829,,,,,,,,,,,,,,,,,,,,,,,,,,,,,,
37,,3829,0.4319893717765808,0.07288875430822372,0.5268682837486267,0.02068781852722168,0.2552749216556549,0.0022972009610384703,0.5055102705955505,4.120212543057278e-05,1.7482662200927734,0.09670764207839966,0.30754607915878296,2.5549745559692383,0.004579509142786264,2.1845219135284424,0.36942920088768005,,,,,,,,,,,,,,,
,0.00026446897940573654,3839,,,,,,,,,,,,,,,,,,,,,,,,,,,,,,
37,,3839,0.42889198660850525,0.07840093225240707,0.6268211603164673,0.038798145949840546,0.3216760754585266,0.024145200848579407,0.5553833842277527,1.892040017992258e-05,1.7813093662261963,0.14544975757598877,0.34513822197914124,2.7198095321655273,0.019412895664572716,2.2776002883911133,0.41411662101745605,,,,,,,,,,,,,,,
,0.00026427513577587217,3849,,,,,,,,,,,,,,,,,,,,,,,,,,,,,,
37,,3849,0.4005986452102661,0.0718570426106453,0.5644410848617554,0.013007566332817078,0.3357340097427368,0.006654921919107437,0.5395501255989075,2.5932866265065968e-05,2.0289905071258545,0.11256694048643112,0.32835400104522705,2.8654513359069824,0.004545408301055431,2.2043967247009277,0.38601118326187134,,,,,,,,,,,,,,,
,0.0002640808362674957,3859,,,,,,,,,,,,,,,,,,,,,,,,,,,,,,
37,,3859,0.4473995268344879,0.07905539125204086,0.5784880518913269,0.012662829831242561,0.2952118217945099,0.08311597257852554,0.5722556710243225,4.008677933597937e-05,1.784545660018921,0.08434225618839264,0.32192403078079224,2.686411142349243,0.010447817854583263,2.2010862827301025,0.38128432631492615,,,,,,,,,,,,,,,
,0.00026388608165572744,3869,,,,,,,,,,,,,,,,,,,,,,,,,,,,,,
37,,3869,0.34966593980789185,0.07862455397844315,0.5660971999168396,0.030585134401917458,0.254475861787796,0.025606345385313034,0.5310307741165161,3.8663602026645094e-05,1.6196426153182983,0.08122283965349197,0.3230469524860382,2.4268791675567627,0.026230372488498688,2.2708630561828613,0.2943272292613983,,,,,,,,,,,,,,,
,0.00026369087271750315,3879,,,,,,,,,,,,,,,,,,,,,,,,,,,,,,
37,,3879,0.5064902305603027,0.1114976704120636,0.5692972540855408,0.01862526684999466,0.3654155433177948,0.014179781079292297,0.5585659742355347,3.874176400131546e-05,2.113011598587036,0.1617596447467804,0.3444954454898834,3.0687832832336426,0.004777359310537577,2.224897623062134,0.44149529933929443,,,,,,,,,,,,,,,
,0.00026349521023157107,3889,,,,,,,,,,,,,,,,,,,,,,,,,,,,,,
37,,3889,0.41080108284950256,0.07834286987781525,0.5955492258071899,0.020337596535682678,0.3047891855239868,0.011413696222007275,0.5386481285095215,4.8929679905995727e-05,1.7798988819122314,0.060276471078395844,0.34605491161346436,2.6457557678222656,0.012914695776998997,2.2217438220977783,0.4077814519405365,,,,,,,,,,,,,,,
,0.00026329909497848877,3899,,,,,,,,,,,,,,,,,,,,,,,,,,,,,,
37,,3899,0.36779433488845825,0.11261709034442902,0.6206669807434082,0.02191760204732418,0.2828634977340698,0.010819947347044945,0.6033473014831543,5.476052319863811e-05,1.6793452501296997,0.11411166191101074,0.31626465916633606,2.5554394721984863,0.02375008724629879,2.1408705711364746,0.3596508204936981,,,,,,,,,,,,,,,
,0.00026310252774062006,3909,,,,,,,,,,,,,,,,,,,,,,,,,,,,,,
37,,3909,0.45100563764572144,0.10852600634098053,0.6390395760536194,0.018274961039423943,0.3087731599807739,0.013326678425073624,0.6104802489280701,0.0001702137233223766,1.8064392805099487,0.06528566032648087,0.3516063988208771,2.7360432147979736,0.007697821594774723,2.2014613151550293,0.4208170771598816,,,,,,,,,,,,,,,
37,,3913,,,,,,,,,,,,,,,,0.009747563861310482,0.005866191349923611,0.04015948623418808,0.0002753346343524754,0.012874115258455276,0.0022099893540143967,0.09380031377077103,0.00019727424660231918,0.008715319447219372,0.0061170002445578575,0.013701124116778374,0.06719743460416794,0.00035707681672647595,2.3048436641693115,0.023176472634077072
,0.0002629055093021318,3919,,,,,,,,,,,,,,,,,,,,,,,,,,,,,,
38,,3919,0.45060452818870544,0.11203014105558395,0.5336638689041138,0.025571396574378014,0.30614298582077026,0.011233359575271606,0.5978357195854187,5.2325412980280817e-05,1.7441338300704956,0.10274278372526169,0.286342054605484,2.605297803878784,0.014380513690412045,2.147289276123047,0.28885114192962646,,,,,,,,,,,,,,,
,0.00026270804044899095,3929,,,,,,,,,,,,,,,,,,,,,,,,,,,,,,
38,,3929,0.5633534789085388,0.10553314536809921,0.6415876150131226,0.024465519934892654,0.30523979663848877,0.003148181363940239,0.5607889890670776,2.8494623620645143e-05,2.195913076400757,0.08038028329610825,0.27798759937286377,3.1056361198425293,0.0026558118406683207,2.260183095932007,0.26823660731315613,,,,,,,,,,,,,,,
,0.0002625101219689612,3939,,,,,,,,,,,,,,,,,,,,,,,,,,,,,,
38,,3939,0.44471275806427,0.12094034999608994,0.5814729928970337,0.014335389249026775,0.303956001996994,0.013772753067314625,0.56483393907547,3.1036608561407775e-05,1.86213219165802,0.05988607555627823,0.358582079410553,2.7592570781707764,0.007709623780101538,2.1002635955810547,0.41697052121162415,,,,,,,,,,,,,,,
,0.0002623117546516,3949,,,,,,,,,,,,,,,,,,,,,,,,,,,,,,
38,,3949,0.5415530800819397,0.10594094544649124,0.733285665512085,0.017434164881706238,0.3976004123687744,0.009227985516190529,0.8030648231506348,4.699669807450846e-05,2.3944225311279297,0.11211870610713959,0.3206437826156616,3.4378085136413574,0.004527559969574213,2.0838589668273926,0.34170663356781006,,,,,,,,,,,,,,,
,0.00026211293928825525,3959,,,,,,,,,,,,,,,,,,,,,,,,,,,,,,
38,,3959,0.560522735118866,0.09723525494337082,0.5443582534790039,0.027496332302689552,0.3773036599159241,0.005741355940699577,0.6647289991378784,3.4321863495279104e-05,2.3127052783966064,0.07459638267755508,0.33069348335266113,3.2818942070007324,0.012051379308104515,2.2067859172821045,0.35479027032852173,,,,,,,,,,,,,,,
,0.00026191367667206247,3969,,,,,,,,,,,,,,,,,,,,,,,,,,,,,,
38,,3969,0.38697755336761475,0.0794626995921135,0.5565353631973267,0.017438285052776337,0.2770438492298126,0.01161288470029831,0.5066444277763367,3.2357198506360874e-05,1.7032400369644165,0.07232815772294998,0.3318755030632019,2.50346040725708,0.008625278249382973,2.2128379344940186,0.3431242108345032,,,,,,,,,,,,,,,
,0.0002617139675979411,3979,,,,,,,,,,,,,,,,,,,,,,,,,,,,,,
38,,3979,0.4490281939506531,0.10858102887868881,0.6217239499092102,0.03278976306319237,0.31753334403038025,0.007452515419572592,0.692420244216919,6.707006832584739e-05,1.8377046585083008,0.08746537566184998,0.39706602692604065,2.7749691009521484,0.014689343050122261,2.1067161560058594,0.2883571982383728,,,,,,,,,,,,,,,
,0.00026151381286259185,3989,,,,,,,,,,,,,,,,,,,,,,,,,,,,,,
38,,3989,0.469687283039093,0.13193196058273315,0.6547976732254028,0.012398596853017807,0.28560739755630493,0.0264116358011961,0.6432030200958252,3.702548929140903e-05,1.7131614685058594,0.05707110837101936,0.3592119812965393,2.6473257541656494,0.004360813647508621,2.2477128505706787,0.3583352565765381,,,,,,,,,,,,,,,
,0.0002613132132644933,3999,,,,,,,,,,,,,,,,,,,,,,,,,,,,,,
38,,3999,0.49122849106788635,0.10572565346956253,0.6887587904930115,0.03693966940045357,0.36566340923309326,0.011003308929502964,0.5707142353057861,3.205681423423812e-05,2.175271987915039,0.09967546910047531,0.41574805974960327,3.183274030685425,0.013607503846287727,2.177194833755493,0.41731199622154236,,,,,,,,,,,,,,,
,0.00026111216960389866,4009,,,,,,,,,,,,,,,,,,,,,,,,,,,,,,
38,,4009,0.40703296661376953,0.16518676280975342,0.6571045517921448,0.034086667001247406,0.30906590819358826,0.015024254098534584,0.6320098042488098,5.682603659806773e-05,1.7024906873703003,0.07418990135192871,0.38056761026382446,2.666689395904541,0.014464253559708595,2.1768319606781006,0.3961525559425354,,,,,,,,,,,,,,,
38,,4016,,,,,,,,,,,,,,,,0.016635172069072723,0.004732580855488777,0.044585373252630234,0.00040951266419142485,0.010727104730904102,0.002163751982152462,0.07923596352338791,0.00015216598694678396,0.013102412223815918,0.005424666218459606,0.015897689387202263,0.07087390124797821,0.0002619425067678094,2.349163055419922,0.01931917481124401
,0.0002609106826828326,4019,,,,,,,,,,,,,,,,,,,,,,,,,,,,,,
39,,4019,0.389615923166275,0.1554005891084671,0.6746090054512024,0.03886939957737923,0.2970004975795746,0.01279870793223381,0.6984601616859436,3.6062378057977185e-05,1.733685851097107,0.06270069628953934,0.3592073321342468,2.7020914554595947,0.03253743797540665,2.2041492462158203,0.3370014429092407,,,,,,,,,,,,,,,
,0.00026070875330508824,4029,,,,,,,,,,,,,,,,,,,,,,,,,,,,,,
39,,4029,0.4955889880657196,0.08868076652288437,0.5353953838348389,0.008679022081196308,0.3819970488548279,0.009912275709211826,0.5967954397201538,2.9051721867290325e-05,2.1991124153137207,0.09834931790828705,0.34925514459609985,3.126049280166626,0.008266177959740162,2.2441320419311523,0.43939873576164246,,,,,,,,,,,,,,,
,0.00026050638227622367,4039,,,,,,,,,,,,,,,,,,,,,,,,,,,,,,
39,,4039,0.44122326374053955,0.15276849269866943,0.672238290309906,0.04016118496656418,0.2942335307598114,0.02257189154624939,0.6573648452758789,0.00027838346431963146,1.7290339469909668,0.08915498107671738,0.34295228123664856,2.6980700492858887,0.009556480683386326,2.21514630317688,0.34833529591560364,,,,,,,,,,,,,,,
,0.00026030357040355884,4049,,,,,,,,,,,,,,,,,,,,,,,,,,,,,,
39,,4049,0.4231826364994049,0.1456620991230011,0.6184194087982178,0.026817241683602333,0.3057140111923218,0.020089304074645042,0.6483525037765503,5.794852404505946e-05,1.7888295650482178,0.12276344001293182,0.37442895770072937,2.7559800148010254,0.012370451353490353,2.184359550476074,0.4355386197566986,,,,,,,,,,,,,,,
,0.00026010031849617245,4059,,,,,,,,,,,,,,,,,,,,,,,,,,,,,,
39,,4059,0.438289612531662,0.08897644281387329,0.5173093676567078,0.009517177008092403,0.30357277393341064,0.00885409489274025,0.5118274688720703,4.4024760427419096e-05,1.702577829360962,0.12030012905597687,0.35061100125312805,2.527040719985962,0.006734421011060476,2.14981746673584,0.33931633830070496,,,,,,,,,,,,,,,
,0.00025989662736489866,4069,,,,,,,,,,,,,,,,,,,,,,,,,,,,,,
39,,4069,0.4582003653049469,0.0966302677989006,0.6538068056106567,0.02014688216149807,0.4272579252719879,0.024973085150122643,0.6927061080932617,3.3328520657960325e-05,2.3290743827819824,0.1758398413658142,0.36024531722068787,3.392040729522705,0.0064419228583574295,2.2222518920898438,0.6051581501960754,,,,,,,,,,,,,,,
,0.00025969249782232374,4079,,,,,,,,,,,,,,,,,,,,,,,,,,,,,,
39,,4079,0.5459249019622803,0.09873822331428528,0.706150472164154,0.02689480409026146,0.37664365768432617,0.02694610133767128,0.7069858312606812,2.4768423827481456e-05,2.3439383506774902,0.07773007452487946,0.34161627292633057,3.384885787963867,0.00608998304232955,2.250065803527832,0.3975725471973419,,,,,,,,,,,,,,,
,0.0002594879306827829,4089,,,,,,,,,,,,,,,,,,,,,,,,,,,,,,
39,,4089,0.40252983570098877,0.17808182537555695,0.5857440233230591,0.028729766607284546,0.3218941390514374,0.010981409810483456,0.6974424123764038,4.492924199439585e-05,1.8157219886779785,0.046395331621170044,0.3015936017036438,2.737417221069336,0.01046021468937397,2.170684337615967,0.3554563522338867,,,,,,,,,,,,,,,
,0.0002592829267623571,4099,,,,,,,,,,,,,,,,,,,,,,,,,,,,,,
39,,4099,0.5265530943870544,0.13239650428295135,0.7685210108757019,0.03644655644893646,0.3597961962223053,0.003576290560886264,0.7753129005432129,4.850139521295205e-05,2.2721781730651855,0.06680324673652649,0.3318944275379181,3.350844144821167,0.007645771373063326,2.2366726398468018,0.41922876238822937,,,,,,,,,,,,,,,
,0.0002590774868788699,4109,,,,,,,,,,,,,,,,,,,,,,,,,,,,,,
39,,4109,0.3757002353668213,0.1818774789571762,0.6101096868515015,0.008829818107187748,0.33560696244239807,0.04296741262078285,0.7464818358421326,5.409627192420885e-05,1.8159382343292236,0.1122896820306778,0.3569737672805786,2.7640371322631836,0.010136284865438938,2.367295742034912,0.3506689667701721,,,,,,,,,,,,,,,
,0.00025887161185188376,4119,,,,,,,,,,,,,,,,,,,,,,,,,,,,,,
39,,4119,0.46033167839050293,0.10244257748126984,0.6022667288780212,0.021738708019256592,0.3694108724594116,0.014559048227965832,0.6039854288101196,2.1191377527429722e-05,2.271775722503662,0.13274717330932617,0.3433842360973358,3.2006912231445312,0.00540572265163064,2.150897741317749,0.36903125047683716,,,,,,,,,,,,,,,
39,,4119,,,,,,,,,,,,,,,,0.015455271117389202,0.004554730374366045,0.03798668831586838,0.0003925150085706264,0.009526866488158703,0.00360318087041378,0.08738940209150314,0.000131416687509045,0.014302742667496204,0.006865447387099266,0.015302479267120361,0.0714825764298439,0.0004855463339481503,2.2823073863983154,0.017012836411595345
,0.0002586653025026973,4129,,,,,,,,,,,,,,,,,,,,,,,,,,,,,,
40,,4129,0.37069055438041687,0.09836995601654053,0.6458547711372375,0.0359262153506279,0.32209762930870056,0.015911346301436424,0.6533360481262207,6.742841651430354e-05,1.7740428447723389,0.0925336629152298,0.3499160408973694,2.6600897312164307,0.008070830255746841,2.2357935905456543,0.29285117983818054,,,,,,,,,,,,,,,
,0.0002584585596543416,4139,,,,,,,,,,,,,,,,,,,,,,,,,,,,,,
40,,4139,0.5112549066543579,0.11253692954778671,0.709062397480011,0.01872020959854126,0.44253650307655334,0.1561734974384308,0.8408015370368958,6.445168401114643e-05,2.3796675205230713,0.204222172498703,0.42333555221557617,3.5994081497192383,0.008716564625501633,2.2543134689331055,0.5488564372062683,,,,,,,,,,,,,,,
,0.0002582513841315773,4149,,,,,,,,,,,,,,,,,,,,,,,,,,,,,,
40,,4149,0.4736481308937073,0.08199981600046158,0.7063539624214172,0.019693031907081604,0.3460896611213684,0.025868596509099007,0.7274166941642761,3.496543286019005e-05,1.8874421119689941,0.11294464766979218,0.31145724654197693,2.8761725425720215,0.00228714058175683,2.1906111240386963,0.4154702126979828,,,,,,,,,,,,,,,
,0.0002580437767608909,4159,,,,,,,,,,,,,,,,,,,,,,,,,,,,,,
40,,4159,0.49093133211135864,0.09927207976579666,0.4651090204715729,0.01367693580687046,0.34737086296081543,0.12765786051750183,0.6263237595558167,4.0777362301014364e-05,2.366929054260254,0.12200689315795898,0.3164115846157074,3.2934327125549316,0.0068713040091097355,2.1416656970977783,0.3079049289226532,,,,,,,,,,,,,,,
,0.00025783573837049196,4169,,,,,,,,,,,,,,,,,,,,,,,,,,,,,,
40,,4169,0.5268625617027283,0.12181868404150009,0.8471909761428833,0.05350329726934433,0.40529516339302063,0.04928490146994591,0.7559572458267212,2.9191654903115705e-05,2.331886053085327,0.1132495105266571,0.380947083234787,3.508258581161499,0.006317993625998497,2.2278530597686768,0.4735777974128723,,,,,,,,,,,,,,,
,0.00025762726979030904,4179,,,,,,,,,,,,,,,,,,,,,,,,,,,,,,
40,,4179,0.4449723958969116,0.14598949253559113,0.6559762954711914,0.02646012417972088,0.3054945170879364,0.04838738590478897,0.5948904752731323,3.622927761171013e-05,1.662462592124939,0.0742206871509552,0.3879646062850952,2.614366054534912,0.02242918685078621,2.1718595027923584,0.2909562289714813,,,,,,,,,,,,,,,
,0.0002574183718519874,4189,,,,,,,,,,,,,,,,,,,,,,,,,,,,,,
40,,4189,0.4928865134716034,0.09398600459098816,0.63750821352005,0.016462355852127075,0.37262582778930664,0.0342695489525795,0.6656567454338074,3.942420153180137e-05,2.2912802696228027,0.07389325648546219,0.436970978975296,3.320364475250244,0.00893187616020441,2.2503390312194824,0.5105893015861511,,,,,,,,,,,,,,,
,0.0002572090453888848,4199,,,,,,,,,,,,,,,,,,,,,,,,,,,,,,
40,,4199,0.3766545355319977,0.13178667426109314,0.491158664226532,0.00892527773976326,0.29823827743530273,0.027630507946014404,0.5985438227653503,3.160461346851662e-05,1.790151834487915,0.07784726470708847,0.3335336744785309,2.6139988899230957,0.0044848863035440445,2.2730867862701416,0.35207173228263855,,,,,,,,,,,,,,,
,0.00025699929123606857,4209,,,,,,,,,,,,,,,,,,,,,,,,,,,,,,
40,,4209,0.4208420217037201,0.09747068583965302,0.6621167659759521,0.025702301412820816,0.3434574007987976,0.02547621540725231,0.7466608881950378,5.642082032863982e-05,1.839516043663025,0.0693787932395935,0.37897926568984985,2.8449645042419434,0.014481238089501858,2.168548107147217,0.4856470227241516,,,,,,,,,,,,,,,
,0.0002567891102303123,4219,,,,,,,,,,,,,,,,,,,,,,,,,,,,,,
40,,4219,0.45084741711616516,0.11366565525531769,0.638224184513092,0.0128334304317832,0.2768189609050751,0.013212489895522594,0.6936174035072327,3.31231058225967e-05,1.7828832864761353,0.11942524462938309,0.31908103823661804,2.713977575302124,0.006112309638410807,2.2693471908569336,0.3960421085357666,,,,,,,,,,,,,,,
40,,4222,,,,,,,,,,,,,,,,0.01505879033356905,0.0050158086232841015,0.03530316799879074,0.0003100211906712502,0.01198282465338707,0.006393490359187126,0.08176647871732712,8.13199148979038e-05,0.009152686223387718,0.006707343272864819,0.01857961341738701,0.06661926954984665,0.0003153452416881919,2.340549945831299,0.017590433359146118
,0.0002565785032100924,4229,,,,,,,,,,,,,,,,,,,,,,,,,,,,,,
41,,4229,0.40667372941970825,0.10035809129476547,0.6470673084259033,0.035927169024944305,0.30784615874290466,0.02333279699087143,0.6739389896392822,2.8370828658808023e-05,1.7835613489151,0.06669968366622925,0.31046122312545776,2.694321632385254,0.020130295306444168,2.182366132736206,0.29288092255592346,,,,,,,,,,,,,,,
,0.00025636747101558474,4239,,,,,,,,,,,,,,,,,,,,,,,,,,,,,,
41,,4239,0.4417334198951721,0.09980525821447372,0.7467700242996216,0.036251336336135864,0.3527485728263855,0.06225205957889557,0.6154896020889282,3.7569763662759215e-05,1.885229468345642,0.07013533264398575,0.40281978249549866,2.9000983238220215,0.008179635740816593,2.1125998497009277,0.4043690860271454,,,,,,,,,,,,,,,
,0.00025615601448866136,4249,,,,,,,,,,,,,,,,,,,,,,,,,,,,,,
41,,4249,0.5010414123535156,0.11902355402708054,0.7854527235031128,0.0292138010263443,0.42222532629966736,0.022872406989336014,0.8034583330154419,4.46437879872974e-05,2.448026657104492,0.1143403947353363,0.4413279891014099,3.6104743480682373,0.022970834746956825,2.240095853805542,0.5105950832366943,,,,,,,,,,,,,,,
,0.00025594413447288717,4259,,,,,,,,,,,,,,,,,,,,,,,,,,,,,,
41,,4259,0.4850354790687561,0.16915647685527802,0.760467529296875,0.017245974391698837,0.3918664753437042,0.13526369631290436,1.0432120561599731,0.0011236952850595117,2.0933480262756348,0.06050797551870346,0.4581109583377838,3.3485419750213623,0.014921941794455051,2.187919855117798,0.5216059684753418,,,,,,,,,,,,,,,
,0.0002557318318135164,4269,,,,,,,,,,,,,,,,,,,,,,,,,,,,,,
41,,4269,0.5356374979019165,0.09315479546785355,0.823298454284668,0.0330876000225544,0.3692832887172699,0.12365205585956573,0.9929301738739014,3.716414357768372e-05,2.1831820011138916,0.09084160625934601,0.44591742753982544,3.4591853618621826,0.008704249747097492,2.128026247024536,0.5897161364555359,,,,,,,,,,,,,,,
,0.00025551910735748933,4279,,,,,,,,,,,,,,,,,,,,,,,,,,,,,,
41,,4279,0.4838937222957611,0.12265002727508545,0.8449996709823608,0.03848951309919357,0.40847742557525635,0.052443161606788635,0.9389567375183105,7.328178617171943e-05,2.4776909351348877,0.09022338688373566,0.4015401303768158,3.647432565689087,0.01918092370033264,2.171940803527832,0.36856430768966675,,,,,,,,,,,,,,,
,0.00025530596195342896,4289,,,,,,,,,,,,,,,,,,,,,,,,,,,,,,
41,,4289,0.4554516077041626,0.09273091703653336,0.5408450365066528,0.015685470774769783,0.36021682620048523,0.050996825098991394,0.6474833488464355,3.901762465829961e-05,1.8615483045578003,0.06389711052179337,0.355650395154953,2.7729876041412354,0.007989102974534035,2.2047572135925293,0.341718852519989,,,,,,,,,,,,,,,
,0.00025509239645163764,4299,,,,,,,,,,,,,,,,,,,,,,,,,,,,,,
41,,4299,0.427646666765213,0.07374744117259979,0.5679181218147278,0.019022546708583832,0.3687962591648102,0.008532783947885036,0.6509015560150146,5.049030005466193e-05,1.8871407508850098,0.15959270298480988,0.3548981249332428,2.8221757411956787,0.008574041537940502,2.1586217880249023,0.46526938676834106,,,,,,,,,,,,,,,
,0.00025487841170409355,4309,,,,,,,,,,,,,,,,,,,,,,,,,,,,,,
41,,4309,0.4658602476119995,0.11173443496227264,0.7850005626678467,0.02240181155502796,0.32694491744041443,0.014197847805917263,0.8773261308670044,3.067327997996472e-05,1.8813010454177856,0.13922710716724396,0.3856819272041321,2.9539127349853516,0.01851443573832512,2.2034966945648193,0.3745114803314209,,,,,,,,,,,,,,,
,0.00025466400856444737,4319,,,,,,,,,,,,,,,,,,,,,,,,,,,,,,
41,,4319,0.45433059334754944,0.1898196041584015,0.7097210884094238,0.04480169340968132,0.3721083402633667,0.006077224388718605,0.825702428817749,3.950934478780255e-05,1.884783387184143,0.12744757533073425,0.3882097899913788,3.0132250785827637,0.014027399010956287,2.2314484119415283,0.5143781304359436,,,,,,,,,,,,,,,
41,,4325,,,,,,,,,,,,,,,,0.018372150138020515,0.0058765108697116375,0.039442408829927444,0.0003164388763252646,0.009932275861501694,0.007927821017801762,0.08843810856342316,0.00010104475222760811,0.006894402671605349,0.011386016383767128,0.01972011849284172,0.07129162549972534,0.0010068900883197784,2.325018882751465,0.017983371391892433
,0.00025444918788801885,4329,,,,,,,,,,,,,,,,,,,,,,,,,,,,,,
42,,4329,0.39452382922172546,0.0874893069267273,0.5905583500862122,0.013619886711239815,0.29078730940818787,0.01696489006280899,0.5495532751083374,3.561098492355086e-05,1.769689679145813,0.06723147630691528,0.31703728437423706,2.5930168628692627,0.002444987650960684,2.18176531791687,0.35247331857681274,,,,,,,,,,,,,,,
,0.0002542339505317935,4339,,,,,,,,,,,,,,,,,,,,,,,,,,,,,,
42,,4339,0.4270920157432556,0.07395391166210175,0.576494574546814,0.006997760850936174,0.29831376671791077,0.003670970443636179,0.5867123603820801,2.3237378627527505e-05,2.2545297145843506,0.11029370129108429,0.35022681951522827,3.120176315307617,0.004358419217169285,2.213860273361206,0.4283640682697296,,,,,,,,,,,,,,,
,0.00025401829735441903,4349,,,,,,,,,,,,,,,,,,,,,,,,,,,,,,
42,,4349,0.5439307689666748,0.10044494271278381,0.6855493187904358,0.045705944299697876,0.3942388892173767,0.03336907550692558,0.6987708806991577,4.191641346551478e-05,2.3358023166656494,0.07153550535440445,0.40639641880989075,3.4029576778411865,0.0182490237057209,2.139758348464966,0.34467923641204834,,,,,,,,,,,,,,,
,0.00025380222921620203,4359,,,,,,,,,,,,,,,,,,,,,,,,,,,,,,
42,,4359,0.4868406057357788,0.12790580093860626,0.7031378149986267,0.020829875022172928,0.3530518114566803,0.03520488366484642,0.7390052080154419,2.8383956305333413e-05,2.2994253635406494,0.09101220965385437,0.36173057556152344,3.3465585708618164,0.01854681968688965,2.253387451171875,0.41863006353378296,,,,,,,,,,,,,,,
,0.00025358574697910435,4369,,,,,,,,,,,,,,,,,,,,,,,,,,,,,,
42,,4369,0.526152491569519,0.11796154826879501,0.7975162863731384,0.017333025112748146,0.40819498896598816,0.019095884636044502,1.0108903646469116,0.00033939379500225186,2.556889057159424,0.08631351590156555,0.4023838937282562,3.7466917037963867,0.004813538398593664,2.2515947818756104,0.5335265398025513,,,,,,,,,,,,,,,
,0.0002533688515067401,4379,,,,,,,,,,,,,,,,,,,,,,,,,,,,,,
42,,4379,0.4962211549282074,0.11344932019710541,0.6777642369270325,0.0033354568295180798,0.4499543309211731,0.10228762030601501,0.8661727905273438,3.4310865885345265e-05,2.5305397510528564,0.08413653075695038,0.429705411195755,3.730773448944092,0.009329189546406269,2.2102761268615723,0.7065937519073486,,,,,,,,,,,,,,,
,0.0002531515436643717,4389,,,,,,,,,,,,,,,,,,,,,,,,,,,,,,
42,,4389,0.5543297529220581,0.12499590218067169,0.7910581827163696,0.016780655831098557,0.45933860540390015,0.020022625103592873,1.0630918741226196,4.324047768022865e-05,2.4802513122558594,0.19941283762454987,0.4248655140399933,3.752786874771118,0.0049269781447947025,2.1945581436157227,0.6026670336723328,,,,,,,,,,,,,,,
,0.00025293382431890654,4399,,,,,,,,,,,,,,,,,,,,,,,,,,,,,,
42,,4399,0.4641267657279968,0.133352592587471,0.6471412777900696,0.010837270878255367,0.41900336742401123,0.023915378376841545,0.8876145482063293,5.076313391327858e-05,2.483787775039673,0.12071727961301804,0.41264715790748596,3.547969341278076,0.010114814154803753,2.2372660636901855,0.4146084189414978,,,,,,,,,,,,,,,
,0.0002527156943388939,4409,,,,,,,,,,,,,,,,,,,,,,,,,,,,,,
42,,4409,0.5461596250534058,0.1584281325340271,0.8491445779800415,0.033567875623703,0.43092191219329834,0.008316629566252232,0.8487743735313416,4.7945897676981986e-05,2.4006025791168213,0.04869738221168518,0.4521343410015106,3.5789670944213867,0.012677263468503952,2.24422550201416,0.3968767523765564,,,,,,,,,,,,,,,
,0.0002524971545945211,4419,,,,,,,,,,,,,,,,,,,,,,,,,,,,,,
42,,4419,0.4970283806324005,0.12037767469882965,0.7460893988609314,0.015642616897821426,0.39363300800323486,0.0384896956384182,0.7651782035827637,4.200375406071544e-05,2.3022961616516113,0.08334074169397354,0.38031575083732605,3.391483783721924,0.015420940704643726,2.1878998279571533,0.46692654490470886,,,,,,,,,,,,,,,
42,,4428,,,,,,,,,,,,,,,,0.010706237517297268,0.004419890698045492,0.050496362149715424,0.00028561954968608916,0.009193256497383118,0.0039581614546477795,0.09682527929544449,9.239402425009757e-05,0.005884264595806599,0.00726090744137764,0.013935037888586521,0.06700449436903,0.0009118192829191685,2.284886121749878,0.017335209995508194
,0.00025227820595761,4429,,,,,,,,,,,,,,,,,,,,,,,,,,,,,,
43,,4429,0.4787943661212921,0.0889141857624054,0.6830236315727234,0.019559374079108238,0.3698910176753998,0.005092105362564325,0.7691637873649597,2.9948903829790652e-05,2.2982022762298584,0.13644297420978546,0.33338168263435364,3.3185553550720215,0.02227153815329075,2.176605701446533,0.41389742493629456,,,,,,,,,,,,,,,
,0.00025205884930161384,4439,,,,,,,,,,,,,,,,,,,,,,,,,,,,,,
43,,4439,0.4992481768131256,0.11411208659410477,0.7322272658348083,0.015275944955646992,0.39026764035224915,0.012982296757400036,0.7366007566452026,2.772854350041598e-05,2.1755175590515137,0.11431191116571426,0.41325539350509644,3.274493932723999,0.01279634889215231,2.2182822227478027,0.5597761869430542,,,,,,,,,,,,,,,
,0.0002518390855016134,4449,,,,,,,,,,,,,,,,,,,,,,,,,,,,,,
43,,4449,0.38437923789024353,0.08167237043380737,0.7064182162284851,0.018557948991656303,0.3413943946361542,0.00750673608854413,0.7553234696388245,4.6324668801389635e-05,1.8771978616714478,0.08392994850873947,0.376345157623291,2.814626693725586,0.016073692589998245,2.179551601409912,0.3339182734489441,,,,,,,,,,,,,,,
,0.0002516189154343139,4459,,,,,,,,,,,,,,,,,,,,,,,,,,,,,,
43,,4459,0.47098422050476074,0.0890483409166336,0.5302242040634155,0.020739901810884476,0.33412060141563416,0.0072426702827215195,0.70488041639328,8.189243089873344e-05,2.318110227584839,0.10145782679319382,0.3167709410190582,3.2287373542785645,0.006471473723649979,2.056053876876831,0.3707021474838257,,,,,,,,,,,,,,,
,0.0002513983399780411,4469,,,,,,,,,,,,,,,,,,,,,,,,,,,,,,
43,,4469,0.47751328349113464,0.10088129341602325,0.6966494917869568,0.023318089544773102,0.4039531946182251,0.009244299493730068,0.6710934042930603,3.2349402317777276e-05,2.290806770324707,0.10189679265022278,0.3975958228111267,3.318112373352051,0.016748735681176186,2.105058431625366,0.4363822042942047,,,,,,,,,,,,,,,
,0.00025117736001273804,4479,,,,,,,,,,,,,,,,,,,,,,,,,,,,,,
43,,4479,0.470872700214386,0.14123409986495972,0.6278675198554993,0.012515077367424965,0.33472585678100586,0.009943269193172455,0.7234777808189392,3.123653732473031e-05,2.161109685897827,0.1104702576994896,0.3833078145980835,3.1297545433044434,0.0014802275691181421,2.1967966556549072,0.37190961837768555,,,,,,,,,,,,,,,
,0.00025095597641996146,4489,,,,,,,,,,,,,,,,,,,,,,,,,,,,,,
43,,4489,0.40193504095077515,0.09797827899456024,0.6426974534988403,0.038893137127161026,0.33660754561424255,0.004888164345175028,0.7520890831947327,5.892647823202424e-05,1.8479124307632446,0.08899737149477005,0.30409547686576843,2.800039291381836,0.019749930128455162,2.2314112186431885,0.3722322881221771,,,,,,,,,,,,,,,
,0.0002507341900828784,4499,,,,,,,,,,,,,,,,,,,,,,,,,,,,,,
43,,4499,0.4328964650630951,0.10629042983055115,0.700731098651886,0.03738763555884361,0.3564797341823578,0.014249716885387897,0.6839020848274231,2.959609992103651e-05,2.307213068008423,0.094687819480896,0.4050881564617157,3.318272590637207,0.014417875558137894,2.266195058822632,0.4253317415714264,,,,,,,,,,,,,,,
,0.00025051200188626235,4509,,,,,,,,,,,,,,,,,,,,,,,,,,,,,,
43,,4509,0.5413445830345154,0.09093991667032242,0.6563266515731812,0.013123463839292526,0.39576002955436707,0.007461249828338623,0.6619492173194885,3.0504663300234824e-05,2.2309629917144775,0.07710684835910797,0.37876948714256287,3.2394635677337646,0.0029904949478805065,2.1847116947174072,0.4431072771549225,,,,,,,,,,,,,,,
,0.0002502894127164901,4519,,,,,,,,,,,,,,,,,,,,,,,,,,,,,,
43,,4519,0.39549148082733154,0.09780243039131165,0.5904500484466553,0.024033231660723686,0.37547096610069275,0.014135660603642464,0.6631779670715332,5.143901944393292e-05,1.735447645187378,0.1257844716310501,0.381016343832016,2.678420305252075,0.008101937361061573,2.176790952682495,0.4499429166316986,,,,,,,,,,,,,,,
,0.0002500664234615381,4529,,,,,,,,,,,,,,,,,,,,,,,,,,,,,,
43,,4529,0.48960399627685547,0.1214359700679779,0.4228040874004364,0.0109014343470335,0.30640867352485657,0.010948418639600277,0.6129578351974487,4.820049798581749e-05,1.7546961307525635,0.07824953645467758,0.29347673058509827,2.5874855518341064,0.002955069998279214,2.1504311561584473,0.30972960591316223,,,,,,,,,,,,,,,
43,,4531,,,,,,,,,,,,,,,,0.020456353202462196,0.004997637588530779,0.05184781178832054,0.0002003707631956786,0.014669055119156837,0.005682008340954781,0.0803624615073204,9.611812129151076e-05,0.021610811352729797,0.008013752289116383,0.016575079411268234,0.08659675717353821,0.000552664278075099,2.287602424621582,0.017464201897382736
,0.00024984303501097874,4539,,,,,,,,,,,,,,,,,,,,,,,,,,,,,,
44,,4539,0.4438217878341675,0.09413567185401917,0.5498542189598083,0.039246708154678345,0.30854037404060364,0.007698447909206152,0.5558251738548279,4.456743045011535e-05,1.8467841148376465,0.11986476927995682,0.34369081258773804,2.7473902702331543,0.007798114325851202,2.225193500518799,0.4077889919281006,,,,,,,,,,,,,,,
,0.00024961924825597683,4549,,,,,,,,,,,,,,,,,,,,,,,,,,,,,,
44,,4549,0.45879992842674255,0.07936830073595047,0.6692348718643188,0.026129940524697304,0.3458773195743561,0.003449175273999572,0.6029274463653564,4.31974112871103e-05,1.8721600770950317,0.08676102012395859,0.40927934646606445,2.8545801639556885,0.01708659902215004,2.142756938934326,0.47815680503845215,,,,,,,,,,,,,,,
,0.00024939506408928647,4559,,,,,,,,,,,,,,,,,,,,,,,,,,,,,,
44,,4559,0.45831191539764404,0.07972518354654312,0.6101798415184021,0.017461176961660385,0.33280855417251587,0.006469796411693096,0.7017917633056641,9.109282837016508e-05,1.774095892906189,0.06685218960046768,0.3672269582748413,2.704907178878784,0.008736876770853996,2.220515012741089,0.38354721665382385,,,,,,,,,,,,,,,
,0.0002491704834052468,4569,,,,,,,,,,,,,,,,,,,,,,,,,,,,,,
44,,4569,0.5882524251937866,0.09130668640136719,0.63380366563797,0.01819537580013275,0.3787258267402649,0.013508248142898083,0.6517699360847473,5.087213503429666e-05,2.28427791595459,0.134146049618721,0.32596299052238464,3.2850441932678223,0.011306480504572392,2.1960787773132324,0.3357698321342468,,,,,,,,,,,,,,,
,0.0002489455070997791,4579,,,,,,,,,,,,,,,,,,,,,,,,,,,,,,
44,,4579,0.4714277982711792,0.09731634706258774,0.6551038026809692,0.023468317463994026,0.4082881212234497,0.009707373566925526,0.7677311301231384,6.66348059894517e-05,2.323662042617798,0.09490643441677094,0.3656270503997803,3.3631110191345215,0.010163876228034496,2.283740282058716,0.4945291578769684,,,,,,,,,,,,,,,
,0.00024872013607038257,4589,,,,,,,,,,,,,,,,,,,,,,,,,,,,,,
44,,4589,0.5085844397544861,0.13070714473724365,0.689529299736023,0.023575687780976295,0.427694171667099,0.022901039570569992,0.7876554131507874,2.542998299759347e-05,2.3180267810821533,0.14810630679130554,0.3680022358894348,3.4180500507354736,0.008560344576835632,2.2318389415740967,0.47774478793144226,,,,,,,,,,,,,,,
,0.0002484943712161314,4599,,,,,,,,,,,,,,,,,,,,,,,,,,,,,,
44,,4599,0.4277687966823578,0.06899606436491013,0.7705182433128357,0.028745219111442566,0.32364189624786377,0.007615037262439728,0.7675741314888,6.733671762049198e-05,1.8476707935333252,0.06675760447978973,0.3625319302082062,2.8425278663635254,0.01877897046506405,2.2344489097595215,0.3849857449531555,,,,,,,,,,,,,,,
,0.0002482682134376706,4609,,,,,,,,,,,,,,,,,,,,,,,,,,,,,,
44,,4609,0.3789086639881134,0.10061927884817123,0.6375237703323364,0.03282450884580612,0.3369441032409668,0.009987156838178635,0.5642797350883484,4.120222365600057e-05,1.744922161102295,0.07412496954202652,0.3513711988925934,2.635537624359131,0.011415239423513412,2.1809983253479004,0.3789427578449249,,,,,,,,,,,,,,,
,0.00024804166363721295,4619,,,,,,,,,,,,,,,,,,,,,,,,,,,,,,
44,,4619,0.4936811923980713,0.07316747307777405,0.5700275301933289,0.022004440426826477,0.3151680827140808,0.011390321888029575,0.5825508832931519,4.3510230170795694e-05,1.8699251413345337,0.104672871530056,0.32610023021698,2.7919669151306152,0.010673214681446552,2.1673221588134766,0.43719616532325745,,,,,,,,,,,,,,,
,0.0002478147227185349,4629,,,,,,,,,,,,,,,,,,,,,,,,,,,,,,
44,,4629,0.40588968992233276,0.07181292772293091,0.6154007315635681,0.009543027728796005,0.30717650055885315,0.004279101733118296,0.6061298251152039,5.6832599511835724e-05,1.8489922285079956,0.14884842932224274,0.3384320139884949,2.7381694316864014,0.012594304978847504,2.165341377258301,0.43404537439346313,,,,,,,,,,,,,,,
44,,4634,,,,,,,,,,,,,,,,0.021636735647916794,0.005076720379292965,0.043329112231731415,0.00020994005899410695,0.01592053845524788,0.0091497041285038,0.08594684302806854,7.798741717124358e-05,0.015024352818727493,0.009664101526141167,0.016208413988351822,0.08228938281536102,0.0004227960598655045,2.3048136234283447,0.019911721348762512
,0.00024758739158697326,4639,,,,,,,,,,,,,,,,,,,,,,,,,,,,,,
45,,4639,0.4283020794391632,0.07683350145816803,0.5236490964889526,0.019452912732958794,0.3436877429485321,0.009688078425824642,0.5546667575836182,4.919442653772421e-05,1.8901350498199463,0.11551827937364578,0.34278061985969543,2.7622032165527344,0.007549582980573177,2.2486727237701416,0.42573609948158264,,,,,,,,,,,,,,,
,0.0002473596711494216,4649,,,,,,,,,,,,,,,,,,,,,,,,,,,,,,
45,,4649,0.4948897957801819,0.08360443264245987,0.6074824333190918,0.04500942304730415,0.40237775444984436,0.00941030029207468,0.7153059244155884,3.55547308572568e-05,2.2760941982269287,0.11649227887392044,0.35899975895881653,3.2785420417785645,0.007917904295027256,2.235426664352417,0.37651127576828003,,,,,,,,,,,,,,,
,0.00024713156231432644,4659,,,,,,,,,,,,,,,,,,,,,,,,,,,,,,
45,,4659,0.4754739999771118,0.09055463969707489,0.6574622392654419,0.004418644588440657,0.37839648127555847,0.012693431228399277,0.6769509315490723,3.707085124915466e-05,2.2989017963409424,0.0914471372961998,0.4198245704174042,3.2991421222686768,0.0051339417695999146,2.1000351905822754,0.5052921772003174,,,,,,,,,,,,,,,
,0.0002469030659916837,4669,,,,,,,,,,,,,,,,,,,,,,,,,,,,,,
45,,4669,0.5332267880439758,0.11528757214546204,0.7216719388961792,0.016267091035842896,0.3901994228363037,0.005889200605452061,0.7112554907798767,3.0259332561399788e-05,2.210097551345825,0.09594880789518356,0.34352636337280273,3.260037422180176,0.016229698434472084,2.2697055339813232,0.42258912324905396,,,,,,,,,,,,,,,
,0.00024667418309303537,4679,,,,,,,,,,,,,,,,,,,,,,,,,,,,,,
45,,4679,0.4423997402191162,0.07647939771413803,0.5803544521331787,0.008955218829214573,0.3185219466686249,0.010997460223734379,0.6602977514266968,4.8335190513171256e-05,1.8255990743637085,0.08346660435199738,0.3909960091114044,2.7482473850250244,0.0041894991882145405,2.160259485244751,0.47544875741004944,,,,,,,,,,,,,,,
,0.0002464449145314653,4689,,,,,,,,,,,,,,,,,,,,,,,,,,,,,,
45,,4689,0.46962770819664,0.09144686162471771,0.6536192893981934,0.024182654917240143,0.37199893593788147,0.0056989057920873165,0.713018536567688,4.941578663419932e-05,2.2450666427612305,0.0581413134932518,0.3259136378765106,3.204526424407959,0.014138459227979183,2.106077194213867,0.35201185941696167,,,,,,,,,,,,,,,
,0.000246215261221596,4699,,,,,,,,,,,,,,,,,,,,,,,,,,,,,,
45,,4699,0.4685070812702179,0.08420756459236145,0.677796483039856,0.01883305050432682,0.35840195417404175,0.029003294184803963,0.6323683261871338,3.121375266346149e-05,2.313183546066284,0.11977191269397736,0.353468656539917,3.3124358654022217,0.008863958530128002,2.296323776245117,0.49798262119293213,,,,,,,,,,,,,,,
,0.00024598522407958485,4709,,,,,,,,,,,,,,,,,,,,,,,,,,,,,,
45,,4709,0.42525315284729004,0.10618623346090317,0.5932190418243408,0.0219754409044981,0.3656799793243408,0.009969810023903847,0.7301434874534607,4.5761487854178995e-05,1.8760727643966675,0.14405733346939087,0.3373357653617859,2.8211421966552734,0.013063168153166771,2.161386728286743,0.3630060851573944,,,,,,,,,,,,,,,
,0.0002457548040231205,4719,,,,,,,,,,,,,,,,,,,,,,,,,,,,,,
45,,4719,0.4749886095523834,0.12846516072750092,0.7152125239372253,0.029143711552023888,0.32647275924682617,0.010302780196070671,0.7483389377593994,6.0721198678947985e-05,1.8588513135910034,0.07742905616760254,0.3914588689804077,2.874573230743408,0.008865398354828358,2.1624813079833984,0.3681587278842926,,,,,,,,,,,,,,,
,0.0002455240019714191,4729,,,,,,,,,,,,,,,,,,,,,,,,,,,,,,
45,,4729,0.45496508479118347,0.05863339081406593,0.5624098777770996,0.018181979656219482,0.31395047903060913,0.009760302491486073,0.5611205697059631,3.7560479540843517e-05,1.8528517484664917,0.0973803699016571,0.3344278335571289,2.70770001411438,0.005766184534877539,2.2253875732421875,0.3535446524620056,,,,,,,,,,,,,,,
45,,4737,,,,,,,,,,,,,,,,0.016528647392988205,0.005069855600595474,0.035355329513549805,0.00023605955357197672,0.009302867576479912,0.04680556058883667,0.09982163459062576,9.71140107139945e-05,0.010358449071645737,0.01854570209980011,0.01800711266696453,0.10154896229505539,0.00019050044647883624,2.2915430068969727,0.04233592748641968
,0.00024529281884522067,4739,,,,,,,,,,,,,,,,,,,,,,,,,,,,,,
46,,4739,0.4823000431060791,0.08754395693540573,0.677780270576477,0.01725335232913494,0.3873366117477417,0.007036264520138502,0.6617397665977478,4.9418969865655527e-05,2.2115304470062256,0.08885134011507034,0.3170088529586792,3.207789182662964,0.005594021175056696,2.2230427265167236,0.5044794082641602,,,,,,,,,,,,,,,
,0.0002450612555667856,4749,,,,,,,,,,,,,,,,,,,,,,,,,,,,,,
46,,4749,0.3903156816959381,0.07412166893482208,0.5743016600608826,0.030281255021691322,0.32477954030036926,0.029030686244368553,0.6605312824249268,7.331083907047287e-05,1.725537896156311,0.1703079342842102,0.2767695188522339,2.611145496368408,0.02208844944834709,2.0533106327056885,0.31441450119018555,,,,,,,,,,,,,,,
,0.0002448293130598906,4759,,,,,,,,,,,,,,,,,,,,,,,,,,,,,,
46,,4759,0.46365028619766235,0.11089679598808289,0.7111399173736572,0.04849869757890701,0.4035065174102783,0.0036804385017603636,0.8151084184646606,5.599170253844932e-05,2.400568723678589,0.13523919880390167,0.4115433096885681,3.486734628677368,0.01901901327073574,2.210749387741089,0.39992663264274597,,,,,,,,,,,,,,,
,0.0002445969922498254,4769,,,,,,,,,,,,,,,,,,,,,,,,,,,,,,
46,,4769,0.4721733629703522,0.13733862340450287,0.6967807412147522,0.023377535864710808,0.3766787648200989,0.0109662851318717,0.7273377180099487,4.155305941822007e-05,2.253828525543213,0.07902723550796509,0.3750988245010376,3.265392780303955,0.006323899142444134,2.1766600608825684,0.37801316380500793,,,,,,,,,,,,,,,
,0.00024436429406338893,4779,,,,,,,,,,,,,,,,,,,,,,,,,,,,,,
46,,4779,0.4854688346385956,0.08429940789937973,0.6841215491294861,0.018595978617668152,0.3812214434146881,0.01963013969361782,0.7649394869804382,4.0636983612785116e-05,2.2497990131378174,0.08172642439603806,0.36217549443244934,3.270219326019287,0.008826126344501972,2.2033419609069824,0.434058278799057,,,,,,,,,,,,,,,
,0.0002441312194288854,4789,,,,,,,,,,,,,,,,,,,,,,,,,,,,,,
46,,4789,0.4262210428714752,0.09966892749071121,0.7716746926307678,0.02300156094133854,0.35459986329078674,0.00881483405828476,0.6630605459213257,4.760349838761613e-05,1.7335635423660278,0.101438507437706,0.4375372529029846,2.7374517917633057,0.011166008189320564,2.0586841106414795,0.4121551215648651,,,,,,,,,,,,,,,
,0.00024389776927612102,4799,,,,,,,,,,,,,,,,,,,,,,,,,,,,,,
46,,4799,0.4159523844718933,0.07174616307020187,0.6553212404251099,0.024551160633563995,0.2971450388431549,0.018450871109962463,0.6486940383911133,6.333958299364895e-05,1.76765775680542,0.08669883757829666,0.3377479612827301,2.695436954498291,0.012704095803201199,2.188107967376709,0.4365002512931824,,,,,,,,,,,,,,,
,0.00024366394453639983,4809,,,,,,,,,,,,,,,,,,,,,,,,,,,,,,
46,,4809,0.45970115065574646,0.12295505404472351,0.7145518660545349,0.026410028338432312,0.3382194936275482,0.018696051090955734,0.7936719655990601,7.435210864059627e-05,1.799299716949463,0.0969492718577385,0.38621845841407776,2.8115203380584717,0.006319887470453978,2.185828924179077,0.3397034704685211,,,,,,,,,,,,,,,
,0.0002434297461425204,4819,,,,,,,,,,,,,,,,,,,,,,,,,,,,,,
46,,4819,0.4960719048976898,0.12979377806186676,0.7999746799468994,0.042524076998233795,0.4047033488750458,0.021090315654873848,0.8769300580024719,2.089923873427324e-05,2.293073892593384,0.0565030500292778,0.34101614356040955,3.387822151184082,0.013624228537082672,2.156827688217163,0.3033362030982971,,,,,,,,,,,,,,,
,0.0002431951750287718,4829,,,,,,,,,,,,,,,,,,,,,,,,,,,,,,
46,,4829,0.429889053106308,0.10441035777330399,0.6775408387184143,0.011600206606090069,0.35777753591537476,0.012414127588272095,0.680758535861969,3.566152008716017e-05,1.8636014461517334,0.09816820919513702,0.37877923250198364,2.8642756938934326,0.013689168728888035,2.184126853942871,0.530186116695404,,,,,,,,,,,,,,,
,0.00024296023213093008,4839,,,,,,,,,,,,,,,,,,,,,,,,,,,,,,
46,,4839,0.4966282844543457,0.18342335522174835,0.6964571475982666,0.026662394404411316,0.40782809257507324,0.013489523902535439,0.6964091062545776,3.281964745838195e-05,2.3271217346191406,0.08938837051391602,0.4469456076622009,3.4186577796936035,0.018316011875867844,2.2530767917633057,0.4343419075012207,,,,,,,,,,,,,,,
46,,4840,,,,,,,,,,,,,,,,0.017256632447242737,0.004861314315348864,0.04147572070360184,0.00025510822888463736,0.011480199173092842,0.01573077403008938,0.08932380378246307,9.701537783257663e-05,0.009934036992490292,0.012572783045470715,0.016680963337421417,0.07943752408027649,0.00045648033847101033,2.3070626258850098,0.02463606931269169
,0.00024272491838625443,4849,,,,,,,,,,,,,,,,,,,,,,,,,,,,,,
47,,4849,0.4498955309391022,0.09051661938428879,0.6636676788330078,0.01870053820312023,0.32650914788246155,0.019894259050488472,0.7266037464141846,5.037959635956213e-05,1.892977237701416,0.10317128896713257,0.3304446339607239,2.835158586502075,0.006869972683489323,2.1491591930389404,0.3383852541446686,,,,,,,,,,,,,,,
,0.0002424892347334833,4859,,,,,,,,,,,,,,,,,,,,,,,,,,,,,,
47,,4859,0.376874178647995,0.059843938797712326,0.5488415360450745,0.01960417442023754,0.3035121560096741,0.016515154391527176,0.5581175684928894,4.52097701781895e-05,1.7701263427734375,0.10799255222082138,0.3231307864189148,2.5836219787597656,0.012148336507380009,2.199110984802246,0.33393537998199463,,,,,,,,,,,,,,,
,0.0002422531821128311,4869,,,,,,,,,,,,,,,,,,,,,,,,,,,,,,
47,,4869,0.3932640552520752,0.1347115933895111,0.6198484301567078,0.023230988532304764,0.30499711632728577,0.034392084926366806,0.6689896583557129,4.99001907883212e-05,1.684865951538086,0.04860629513859749,0.3413108289241791,2.5832455158233643,0.00933517049998045,2.2074952125549316,0.31015583872795105,,,,,,,,,,,,,,,
,0.00024201676146598397,4879,,,,,,,,,,,,,,,,,,,,,,,,,,,,,,
47,,4879,0.450644850730896,0.13431349396705627,0.761148989200592,0.030455555766820908,0.3505198359489441,0.030270811170339584,0.7534094452857971,3.772902346099727e-05,2.3468401432037354,0.046163663268089294,0.40511104464530945,3.401724100112915,0.007233507931232452,2.1996147632598877,0.43566641211509705,,,,,,,,,,,,,,,
,0.00024177997373609628,4889,,,,,,,,,,,,,,,,,,,,,,,,,,,,,,
47,,4889,0.507851243019104,0.08344388008117676,0.6499131321907043,0.03882129490375519,0.33363601565361023,0.006598330102860928,0.6675207018852234,5.3022566135041416e-05,2.1835451126098633,0.07520733773708344,0.3259725272655487,3.140655517578125,0.014205639250576496,2.1956892013549805,0.30563098192214966,,,,,,,,,,,,,,,
,0.00024154281986778683,4899,,,,,,,,,,,,,,,,,,,,,,,,,,,,,,
47,,4899,0.4162846803665161,0.09058771282434464,0.6953750252723694,0.021893268451094627,0.3511262536048889,0.00980472657829523,0.7377371788024902,7.038304465822875e-05,1.8203984498977661,0.05550386756658554,0.3834933340549469,2.8063735961914062,0.005633806809782982,2.1915488243103027,0.47748368978500366,,,,,,,,,,,,,,,
,0.0002413053008071349,4909,,,,,,,,,,,,,,,,,,,,,,,,,,,,,,
47,,4909,0.4595358371734619,0.1131574958562851,0.6624813675880432,0.018716925755143166,0.30866265296936035,0.013199958018958569,0.7119985222816467,6.519004818983376e-05,1.763019323348999,0.0934598445892334,0.3356311023235321,2.713602304458618,0.010888106189668179,2.2859184741973877,0.34742406010627747,,,,,,,,,,,,,,,
,0.00024106741750167692,4919,,,,,,,,,,,,,,,,,,,,,,,,,,,,,,
47,,4919,0.5053319334983826,0.11213816702365875,0.7668770551681519,0.025775443762540817,0.4140658676624298,0.028495268896222115,0.7688117623329163,2.6593534130370244e-05,2.3453426361083984,0.1160166934132576,0.3790242671966553,3.4293196201324463,0.0084532480686903,2.187983512878418,0.3965429365634918,,,,,,,,,,,,,,,
,0.00024082917090040211,4929,,,,,,,,,,,,,,,,,,,,,,,,,,,,,,
47,,4929,0.44444456696510315,0.06448569148778915,0.5732417702674866,0.025173258036375046,0.32072335481643677,0.015494056046009064,0.5217213034629822,2.9987986636115238e-05,1.8091228008270264,0.06388985365629196,0.3956160843372345,2.6731770038604736,0.007914437912404537,2.2385547161102295,0.3462755084037781,,,,,,,,,,,,,,,
,0.00024059056195374927,4939,,,,,,,,,,,,,,,,,,,,,,,,,,,,,,
47,,4939,0.43949228525161743,0.10583540052175522,0.7194638252258301,0.01787310093641281,0.39428985118865967,0.003897068090736866,0.7101394534111023,3.003858364536427e-05,2.3916423320770264,0.0653139129281044,0.31311190128326416,3.346487045288086,0.0057146064937114716,2.058264970779419,0.3427739143371582,,,,,,,,,,,,,,,
47,,4943,,,,,,,,,,,,,,,,0.01778075471520424,0.00483552785590291,0.043298348784446716,0.0003239064244553447,0.010239632800221443,0.010266945697367191,0.09532653540372849,0.0001278312993235886,0.014674455858767033,0.007598738186061382,0.011811780743300915,0.0834602415561676,0.0003430013603065163,2.292955160140991,0.03049927018582821
,0.00024035159161360243,4949,,,,,,,,,,,,,,,,,,,,,,,,,,,,,,
48,,4949,0.39284825325012207,0.10322225093841553,0.5836159586906433,0.00771752605214715,0.3217874765396118,0.009900967590510845,0.5334041714668274,4.7759152948856354e-05,1.7425488233566284,0.05460536852478981,0.30054569244384766,2.557506799697876,0.006480052135884762,2.198864459991455,0.3362213969230652,,,,,,,,,,,,,,,
,0.00024011226083328749,4959,,,,,,,,,,,,,,,,,,,,,,,,,,,,,,
48,,4959,0.45639118552207947,0.07883679866790771,0.5694653987884521,0.010358854196965694,0.3400437831878662,0.0064668115228414536,0.5930809378623962,4.799092494067736e-05,2.2215919494628906,0.08278243988752365,0.31195059418678284,3.1089577674865723,0.0017099413089454174,2.1678857803344727,0.4445231258869171,,,,,,,,,,,,,,,
,0.00023987257056756829,4969,,,,,,,,,,,,,,,,,,,,,,,,,,,,,,
48,,4969,0.5328400135040283,0.0837123692035675,0.721129834651947,0.02426855079829693,0.39299535751342773,0.008716965094208717,0.7330586910247803,4.010407064924948e-05,2.327097177505493,0.09238654375076294,0.3699008822441101,3.373361110687256,0.011253989301621914,2.183159589767456,0.4024907946586609,,,,,,,,,,,,,,,
,0.0002396325217726426,4979,,,,,,,,,,,,,,,,,,,,,,,,,,,,,,
48,,4979,0.4547230899333954,0.09387732297182083,0.6387770771980286,0.01947108842432499,0.3193856179714203,0.014766249805688858,0.6187925934791565,6.259582005441189e-05,1.793953776359558,0.11382289230823517,0.34330448508262634,2.736660957336426,0.008562080562114716,2.1521310806274414,0.4346795380115509,,,,,,,,,,,,,,,
,0.00023939211540613864,4989,,,,,,,,,,,,,,,,,,,,,,,,,,,,,,
48,,4989,0.39848628640174866,0.06970357894897461,0.5147641897201538,0.01829534024000168,0.2793889045715332,0.007444844581186771,0.49987733364105225,5.0360024033579975e-05,1.662519931793213,0.04522131010890007,0.31127679347991943,2.431962490081787,0.006009519100189209,2.1913909912109375,0.31985387206077576,,,,,,,,,,,,,,,
,0.00023915135242711104,4999,,,,,,,,,,,,,,,,,,,,,,,,,,,,,,
48,,4999,0.5078728795051575,0.07537196576595306,0.5190005898475647,0.021302498877048492,0.3748275339603424,0.012275521643459797,0.5146902203559875,2.8446658689063042e-05,2.280101776123047,0.07229974120855331,0.31099969148635864,3.165609359741211,0.0032589647453278303,2.2664482593536377,0.39856764674186707,,,,,,,,,,,,,,,
,0.00023891023379603706,5009,,,,,,,,,,,,,,,,,,,,,,,,,,,,,,
48,,5009,0.44521960616111755,0.06033080816268921,0.5663121938705444,0.020377667620778084,0.2654469311237335,0.00838753767311573,0.5916388034820557,5.9241945564281195e-05,1.7366774082183838,0.022237367928028107,0.3132878243923187,2.569744348526001,0.005375822074711323,2.2335946559906006,0.3538663685321808,,,,,,,,,,,,,,,
,0.00023866876047481264,5019,,,,,,,,,,,,,,,,,,,,,,,,,,,,,,
48,,5019,0.3961919844150543,0.084470734000206,0.5742365717887878,0.018759511411190033,0.30762767791748047,0.015260501764714718,0.6093766093254089,7.444255606969818e-05,1.6474459171295166,0.09392290562391281,0.2930290699005127,2.486264228820801,0.01151824090629816,2.211005210876465,0.31578388810157776,,,,,,,,,,,,,,,
,0.00023842693342674898,5029,,,,,,,,,,,,,,,,,,,,,,,,,,,,,,
48,,5029,0.4864470362663269,0.1185225173830986,0.7677922248840332,0.01362152211368084,0.4014571011066437,0.018679000437259674,0.7584110498428345,3.289234155090526e-05,2.2894909381866455,0.060204990208148956,0.33810722827911377,3.3461592197418213,0.009476618841290474,2.1692416667938232,0.45536068081855774,,,,,,,,,,,,,,,
,0.00023818475361656806,5039,,,,,,,,,,,,,,,,,,,,,,,,,,,,,,
48,,5039,0.4898747205734253,0.10137321054935455,0.6942928433418274,0.036358542740345,0.3547974228858948,0.018591001629829407,0.8115137815475464,3.29440226778388e-05,2.3725321292877197,0.1423179805278778,0.37362855672836304,3.4393978118896484,0.006274065934121609,2.241586446762085,0.44492948055267334,,,,,,,,,,,,,,,
48,,5046,,,,,,,,,,,,,,,,0.014784968458116055,0.006048247683793306,0.03932394087314606,0.00028127545374445617,0.01434161327779293,0.017625294625759125,0.1203867644071579,0.00012511805107351393,0.008627213537693024,0.01542055606842041,0.01299311127513647,0.08298540860414505,0.0004821498005185276,2.346740961074829,0.014847451820969582
,0.00023794222201039945,5049,,,,,,,,,,,,,,,,,,,,,,,,,,,,,,
49,,5049,0.4345147907733917,0.21191704273223877,0.7242368459701538,0.017542153596878052,0.4317632019519806,0.013719795271754265,0.8269022107124329,1.9212073311791755e-05,2.2979471683502197,0.11168953031301498,0.40340256690979004,3.425443649291992,0.0283550713211298,2.134869337081909,0.4777478277683258,,,,,,,,,,,,,,,
,0.00023769933957577593,5059,,,,,,,,,,,,,,,,,,,,,,,,,,,,,,
49,,5059,0.4082282483577728,0.09375406801700592,0.5985642075538635,0.02730206586420536,0.3390204906463623,0.02389252744615078,0.5771228075027466,6.175330781843513e-05,1.7120380401611328,0.06445806473493576,0.32611435651779175,2.628188133239746,0.011828621849417686,2.1302733421325684,0.4663286507129669,,,,,,,,,,,,,,,
,0.00023745610728162996,5069,,,,,,,,,,,,,,,,,,,,,,,,,,,,,,
49,,5069,0.4215652346611023,0.07850325107574463,0.6135424375534058,0.014722378924489021,0.3442608714103699,0.009686493314802647,0.6522242426872253,3.969105091528036e-05,1.9102932214736938,0.07188966870307922,0.341905802488327,2.8019704818725586,0.011009493842720985,2.097907066345215,0.3551008403301239,,,,,,,,,,,,,,,
,0.00023721252609828954,5079,,,,,,,,,,,,,,,,,,,,,,,,,,,,,,
49,,5079,0.3979279100894928,0.08920712769031525,0.5771790742874146,0.013054273091256618,0.3182147145271301,0.019850224256515503,0.6605061292648315,3.721360917552374e-05,2.2755820751190186,0.10617773234844208,0.3260137736797333,3.1504557132720947,0.008036975748836994,2.1540863513946533,0.36736640334129333,,,,,,,,,,,,,,,
,0.00023696859699747476,5089,,,,,,,,,,,,,,,,,,,,,,,,,,,,,,
49,,5089,0.5417695641517639,0.19243112206459045,0.6668311357498169,0.009901595301926136,0.38415464758872986,0.02326340414583683,0.8072249293327332,4.0027196519076824e-05,2.2834084033966064,0.1284121572971344,0.4035872519016266,3.3698244094848633,0.012161319144070148,2.116192579269409,0.35650238394737244,,,,,,,,,,,,,,,
,0.0002367243209522934,5099,,,,,,,,,,,,,,,,,,,,,,,,,,,,,,
49,,5099,0.4509121775627136,0.22031156718730927,0.7161943316459656,0.03486918285489082,0.3900033235549927,0.044566892087459564,0.7925769686698914,3.2160143746295944e-05,2.0238168239593506,0.12423814088106155,0.3948722183704376,3.1310079097747803,0.023836776614189148,2.137892723083496,0.34825003147125244,,,,,,,,,,,,,,,
,0.0002364796989372374,5109,,,,,,,,,,,,,,,,,,,,,,,,,,,,,,
49,,5109,0.5432994961738586,0.2654270827770233,1.155915379524231,0.008566759526729584,0.5163887143135071,0.1103692576289177,1.6348434686660767,0.00011227984941797331,2.8727822303771973,0.10557659715414047,0.5109851360321045,4.537495136260986,0.014492716640233994,2.186443567276001,0.6863982081413269,,,,,,,,,,,,,,,
,0.00023623473192817894,5119,,,,,,,,,,,,,,,,,,,,,,,,,,,,,,
49,,5119,0.5368707776069641,0.16843479871749878,1.0274887084960938,0.040008194744586945,0.4638206362724304,0.736169159412384,1.4462229013442993,0.00023843928647693247,2.7672131061553955,0.09296959638595581,0.46573880314826965,4.554892063140869,0.004737672861665487,2.2876839637756348,0.4864996373653412,,,,,,,,,,,,,,,
,0.00023598942090236643,5129,,,,,,,,,,,,,,,,,,,,,,,,,,,,,,
49,,5129,0.5241404175758362,0.2228192239999771,0.9288180470466614,0.02561289258301258,0.4793311357498169,0.0963684692978859,1.3431223630905151,6.577865860890597e-05,2.4669253826141357,0.07075424492359161,0.40934789180755615,3.889622449874878,0.007468133699148893,2.204188108444214,0.5447555184364319,,,,,,,,,,,,,,,
,0.00023574376683842065,5139,,,,,,,,,,,,,,,,,,,,,,,,,,,,,,
49,,5139,1.1041581630706787,0.23836848139762878,0.9198924899101257,0.036738671362400055,0.4556535482406616,1.217126727104187,1.2237662076950073,9.719358058646321e-05,2.600132465362549,0.07564965635538101,0.5163758993148804,4.882778644561768,0.016126971691846848,2.144702434539795,0.5441589951515198,,,,,,,,,,,,,,,
,0.00023549777071633094,5149,,,,,,,,,,,,,,,,,,,,,,,,,,,,,,
49,,5149,0.6552950739860535,0.2263215333223343,1.1063910722732544,0.06874478608369827,0.47814926505088806,0.6752609610557556,1.840714693069458,0.0001921051152748987,2.7377123832702637,0.15963096916675568,0.6093961596488953,4.804605960845947,0.011376671493053436,2.084949254989624,0.5777207016944885,,,,,,,,,,,,,,,
49,,5149,,,,,,,,,,,,,,,,0.18157291412353516,0.02660246007144451,0.15309053659439087,0.0017125997692346573,0.046911440789699554,0.01122071873396635,0.3502395451068878,0.0001384496717946604,0.03915674611926079,0.014379476197063923,0.05637483671307564,0.31873801350593567,0.0009718051296658814,2.178011417388916,0.03691275790333748
,0.00023525143351745106,5159,,,,,,,,,,,,,,,,,,,,,,,,,,,,,,
50,,5159,0.8020235896110535,0.32321834564208984,1.6261235475540161,0.0659669041633606,0.557880699634552,1.0407463312149048,2.47532320022583,0.004876541905105114,3.176819086074829,0.1608586609363556,0.5461999773979187,5.938522815704346,0.021277479827404022,2.212113618850708,0.7980092167854309,,,,,,,,,,,,,,,
,0.0002350047562244957,5169,,,,,,,,,,,,,,,,,,,,,,,,,,,,,,
50,,5169,1.160550594329834,0.3087005913257599,2.128201484680176,0.04887768626213074,0.743234395980835,3.679262638092041,3.01537823677063,0.40121471881866455,3.766636610031128,0.12012060731649399,1.0112327337265015,8.914727210998535,0.01583915203809738,2.249417543411255,1.1346452236175537,,,,,,,,,,,,,,,
,0.00023475773982153594,5179,,,,,,,,,,,,,,,,,,,,,,,,,,,,,,
50,,5179,1.2720500230789185,0.32226133346557617,1.7340673208236694,0.03076220117509365,0.7050015926361084,2.1607048511505127,2.904925584793091,0.013852578587830067,4.018842697143555,0.16661308705806732,0.8402475714683533,7.865365982055664,0.016500946134328842,2.3602638244628906,1.081274151802063,,,,,,,,,,,,,,,
,0.00023451038529399604,5189,,,,,,,,,,,,,,,,,,,,,,,,,,,,,,
50,,5189,0.945125937461853,0.5897259712219238,1.7944161891937256,0.041978444904088974,0.6431852579116821,2.4085824489593506,2.863130807876587,0.0042999787256121635,3.843290090560913,0.20094065368175507,0.644614040851593,7.6715922355651855,0.017336783930659294,2.1615500450134277,0.9265822768211365,,,,,,,,,,,,,,,
,0.0002342626936286488,5199,,,,,,,,,,,,,,,,,,,,,,,,,,,,,,
50,,5199,0.852541983127594,0.260149747133255,1.613999605178833,0.047531839460134506,0.6472452282905579,2.6265056133270264,2.9117467403411865,0.007999132387340069,3.8358702659606934,0.124882772564888,0.6254011988639832,7.583405017852783,0.02461068704724312,2.2126429080963135,1.020163893699646,,,,,,,,,,,,,,,
,0.0002340146658136122,5209,,,,,,,,,,,,,,,,,,,,,,,,,,,,,,
50,,5209,0.8183682560920715,0.42947930097579956,1.7313165664672852,0.0265597365796566,0.6736651062965393,2.5259592533111572,2.353936195373535,0.001713780453428626,3.9773385524749756,0.17242597043514252,0.6349417567253113,7.5901689529418945,0.009792693890631199,2.205310106277466,1.0055345296859741,,,,,,,,,,,,,,,
,0.00023376630283834516,5219,,,,,,,,,,,,,,,,,,,,,,,,,,,,,,
50,,5219,0.7647061347961426,0.3258785903453827,1.6184731721878052,0.026420729234814644,0.5354001522064209,2.5865275859832764,2.6651504039764404,0.0002478632959537208,3.4836976528167725,0.1936855912208557,0.5621150135993958,7.072889804840088,0.006437914911657572,2.0630152225494385,1.076540470123291,,,,,,,,,,,,,,,
,0.0002335176056936436,5229,,,,,,,,,,,,,,,,,,,,,,,,,,,,,,
50,,5229,0.7211961150169373,0.3883019983768463,1.5434463024139404,0.02679060958325863,0.5343168377876282,2.032287359237671,2.42474365234375,0.0001128838921431452,3.260456085205078,0.12690436840057373,0.4887225031852722,6.401971817016602,0.011674038134515285,2.105656147003174,0.8376550078392029,,,,,,,,,,,,,,,
,0.00023326857537163666,5239,,,,,,,,,,,,,,,,,,,,,,,,,,,,,,
50,,5239,0.6269946098327637,0.30151164531707764,1.567057728767395,0.022326912730932236,0.5440710186958313,2.088087797164917,2.201781749725342,9.77640156634152e-05,3.145780324935913,0.14463838934898376,0.5147918462753296,6.214237213134766,0.019569238647818565,2.1256322860717773,0.8902736306190491,,,,,,,,,,,,,,,
,0.00023301921286578248,5249,,,,,,,,,,,,,,,,,,,,,,,,,,,,,,
50,,5249,0.6444539427757263,0.23432663083076477,1.6080201864242554,0.04186052829027176,0.5256710648536682,1.1821485757827759,2.0422706604003906,4.41633710579481e-05,3.3363969326019287,0.1358591765165329,0.47265350818634033,5.855189323425293,0.008657390251755714,2.165846347808838,0.7396572232246399,,,,,,,,,,,,,,,
50,,5252,,,,,,,,,,,,,,,,0.12158911675214767,0.03988686949014664,0.7899748086929321,0.010525566525757313,0.02707931026816368,0.15054196119308472,0.7006112933158875,5.2122180932201445e-05,0.17868319153785706,0.023392319679260254,0.05229618400335312,0.8414129018783569,0.01441637147217989,2.319777488708496,0.17610733211040497
,0.00023276951917086452,5259,,,,,,,,,,,,,,,,,,,,,,,,,,,,,,
51,,5259,0.6737942099571228,0.28876203298568726,1.3641133308410645,0.053652774542570114,0.5390908718109131,1.166144847869873,2.0221738815307617,0.06037578359246254,3.3490469455718994,0.1722991168498993,0.48176679015159607,5.920243740081787,0.029225192964076996,2.132053852081299,0.7357320785522461,,,,,,,,,,,,,,,
,0.00023251949528298738,5269,,,,,,,,,,,,,,,,,,,,,,,,,,,,,,
51,,5269,0.5545064210891724,0.3073243796825409,1.4585835933685303,0.03491734340786934,0.5094589591026306,1.3275548219680786,2.184730052947998,0.001047394354827702,3.268404483795166,0.13256686925888062,0.4754272699356079,5.842808246612549,0.011257407255470753,2.0729222297668457,0.790428638458252,,,,,,,,,,,,,,,
,0.0002322691421995729,5279,,,,,,,,,,,,,,,,,,,,,,,,,,,,,,
51,,5279,0.6326376795768738,0.301375150680542,1.6029431819915771,0.024976862594485283,0.5175029635429382,0.9676217436790466,1.9549793004989624,0.00016104445967357606,3.0479581356048584,0.14203153550624847,0.5183874368667603,5.451342582702637,0.025006456300616264,2.1993377208709717,0.6952497959136963,,,,,,,,,,,,,,,
,0.00023201846091935614,5289,,,,,,,,,,,,,,,,,,,,,,,,,,,,,,
51,,5289,0.5323445200920105,0.17985577881336212,1.122910499572754,0.029479555785655975,0.48657646775245667,0.9394916892051697,1.6818851232528687,5.4146526963450015e-05,2.793006658554077,0.10412950068712234,0.4466191530227661,4.832070350646973,0.009332296438515186,2.09952712059021,0.6946866512298584,,,,,,,,,,,,,,,
,0.00023176745244238165,5299,,,,,,,,,,,,,,,,,,,,,,,,,,,,,,
51,,5299,0.5827787518501282,0.18564102053642273,1.1356816291809082,0.010781855322420597,0.5043901205062866,0.8418225049972534,1.5467370748519897,3.984792056144215e-05,2.7598822116851807,0.09634391218423843,0.47235020995140076,4.774619102478027,0.015104047954082489,2.2209067344665527,0.7994875311851501,,,,,,,,,,,,,,,
,0.000231516117769999,5309,,,,,,,,,,,,,,,,,,,,,,,,,,,,,,
51,,5309,0.5715683698654175,0.24262651801109314,1.3810391426086426,0.03665078803896904,0.5162850022315979,0.26769348978996277,2.0324010848999023,0.00011243790504522622,3.128265380859375,0.14499223232269287,0.5088467597961426,5.116471767425537,0.013891728594899178,2.1399171352386475,0.8195605278015137,,,,,,,,,,,,,,,
,0.00023126445790485917,5319,,,,,,,,,,,,,,,,,,,,,,,,,,,,,,
51,,5319,0.5493994355201721,0.24019195139408112,1.1455283164978027,0.04583936557173729,0.5292614102363586,0.9601582884788513,1.7495425939559937,8.367111877305433e-05,3.074418306350708,0.1594085693359375,0.4771954119205475,5.207991600036621,0.011310381814837456,2.0863194465637207,0.6425811052322388,,,,,,,,,,,,,,,
,0.00023101247385091044,5329,,,,,,,,,,,,,,,,,,,,,,,,,,,,,,
51,,5329,0.7040948867797852,0.3610648810863495,1.0920332670211792,0.030935440212488174,0.5197681188583374,0.6152827143669128,1.696164846420288,0.0002508120087441057,2.9704575538635254,0.10578508675098419,0.4497567415237427,4.9887166023254395,0.013294221833348274,2.1457273960113525,0.6075051426887512,,,,,,,,,,,,,,,
,0.00023076016661339443,5339,,,,,,,,,,,,,,,,,,,,,,,,,,,,,,
51,,5339,0.6282122731208801,0.23543411493301392,1.2197582721710205,0.02411513403058052,0.4924467206001282,1.5234475135803223,2.0812013149261475,0.00017314619617536664,2.9924118518829346,0.11664669960737228,0.5195803642272949,5.4866108894348145,0.0204685777425766,2.202181816101074,0.4956177771091461,,,,,,,,,,,,,,,
,0.00023050753719884185,5349,,,,,,,,,,,,,,,,,,,,,,,,,,,,,,
51,,5349,0.4949093163013458,0.21662746369838715,1.1147745847702026,0.024626608937978745,0.4832521080970764,0.6487818956375122,1.6653579473495483,4.058551712660119e-05,2.94743013381958,0.15341946482658386,0.46456778049468994,4.854686737060547,0.007890875451266766,2.0481107234954834,0.7623023986816406,,,,,,,,,,,,,,,
51,,5355,,,,,,,,,,,,,,,,0.05383770912885666,0.020102253183722496,0.18423382937908173,0.0009466615738347173,0.010735753923654556,0.04252234846353531,0.34029877185821533,0.00013163723633624613,0.08456044644117355,0.010722249746322632,0.02883279323577881,0.32247570157051086,0.005605378653854132,2.5069828033447266,0.08202333748340607
,0.00023025458661506896,5359,,,,,,,,,,,,,,,,,,,,,,,,,,,,,,
52,,5359,0.6118240356445312,0.19980131089687347,1.084811806678772,0.0076554324477910995,0.5309789180755615,0.23651725053787231,1.647154450416565,8.768625411903486e-05,3.027942180633545,0.08599001169204712,0.45157933235168457,4.767606735229492,0.009205255657434464,2.2520601749420166,0.8181120753288269,,,,,,,,,,,,,,,
,0.000230001315871173,5369,,,,,,,,,,,,,,,,,,,,,,,,,,,,,,
52,,5369,0.556706964969635,0.20337435603141785,1.0166983604431152,0.009690177626907825,0.5036296844482422,0.4080039858818054,1.5056442022323608,6.292929901974276e-05,2.9674155712127686,0.10644323378801346,0.4848843216896057,4.712002277374268,0.010062414221465588,2.19002103805542,0.8026493787765503,,,,,,,,,,,,,,,
,0.00022974772597752845,5379,,,,,,,,,,,,,,,,,,,,,,,,,,,,,,
52,,5379,0.4743027985095978,0.1471596211194992,1.064514398574829,0.026927215978503227,0.5151336789131165,0.18322543799877167,1.6179567575454712,4.5525655878009275e-05,2.985236883163452,0.1371859461069107,0.4580410420894623,4.555656909942627,0.007831141352653503,2.0877037048339844,0.6105853915214539,,,,,,,,,,,,,,,
,0.00022949381794578328,5389,,,,,,,,,,,,,,,,,,,,,,,,,,,,,,
52,,5389,0.47532328963279724,0.1722257435321808,1.1362990140914917,0.026807578280568123,0.43091511726379395,0.15258578956127167,1.3045628070831299,8.355794125236571e-05,2.305473804473877,0.1549387276172638,0.45475029945373535,3.8053290843963623,0.017983727157115936,2.2101871967315674,0.6106181740760803,,,,,,,,,,,,,,,
,0.00022923959278885417,5399,,,,,,,,,,,,,,,,,,,,,,,,,,,,,,
52,,5399,0.4645466208457947,0.18713970482349396,0.9249724745750427,0.04998183995485306,0.45172256231307983,0.165202334523201,1.0408685207366943,3.1951283745002e-05,2.2695071697235107,0.09249928593635559,0.3990659713745117,3.5890135765075684,0.010101620107889175,2.1836702823638916,0.41777706146240234,,,,,,,,,,,,,,,
,0.00022898505152092323,5409,,,,,,,,,,,,,,,,,,,,,,,,,,,,,,
52,,5409,0.4906397759914398,0.11454226821660995,0.834958553314209,0.029298601672053337,0.38993173837661743,0.021064413711428642,0.9926502108573914,6.058165308786556e-05,2.1613638401031494,0.10119380801916122,0.4022204875946045,3.3407723903656006,0.002755458001047373,2.1918013095855713,0.5128955841064453,,,,,,,,,,,,,,,
,0.00022873019515743352,5419,,,,,,,,,,,,,,,,,,,,,,,,,,,,,,
52,,5419,0.5026527047157288,0.1417567878961563,0.9423201084136963,0.020951727405190468,0.43410298228263855,0.012514087371528149,1.098562479019165,4.6855289838276803e-05,2.49299955368042,0.05514292046427727,0.44393622875213623,3.760166645050049,0.018444649875164032,2.07661509513855,0.5017225742340088,,,,,,,,,,,,,,,
,0.00022847502471508508,5429,,,,,,,,,,,,,,,,,,,,,,,,,,,,,,
52,,5429,0.49684277176856995,0.12376463413238525,0.88661128282547,0.030576597899198532,0.45221349596977234,0.016040027141571045,0.9204302430152893,3.882864257320762e-05,2.4683005809783936,0.14578448235988617,0.38845884799957275,3.6691391468048096,0.016421904787421227,2.1860270500183105,0.46383386850357056,,,,,,,,,,,,,,,
,0.00022821954121183096,5439,,,,,,,,,,,,,,,,,,,,,,,,,,,,,,
52,,5439,0.4787144064903259,0.14644795656204224,0.8431475758552551,0.053659867495298386,0.39899230003356934,0.0652485117316246,0.934395968914032,3.2467738492414355e-05,2.0242066383361816,0.1351165622472763,0.32483386993408203,3.2265660762786865,0.035269271582365036,2.079371452331543,0.3710378110408783,,,,,,,,,,,,,,,
,0.0002279637456668732,5449,,,,,,,,,,,,,,,,,,,,,,,,,,,,,,
52,,5449,0.463090181350708,0.1365526169538498,0.8903691172599792,0.025921134278178215,0.4535362720489502,0.02955099381506443,0.920416533946991,4.309441283112392e-05,2.450108289718628,0.16143052279949188,0.3604559302330017,3.63679838180542,0.01910998485982418,2.105337381362915,0.4458993077278137,,,,,,,,,,,,,,,
52,,5458,,,,,,,,,,,,,,,,0.03161933645606041,0.008044051937758923,0.06234585493803024,0.0003718027728609741,0.018397171050310135,0.002910315990447998,0.1172536164522171,0.00018008398183155805,0.009409674443304539,0.011850452981889248,0.0268503837287426,0.09825827181339264,0.0005282816709950566,2.3361005783081055,0.0250729788094759
,0.0002277076391006584,5459,,,,,,,,,,,,,,,,,,,,,,,,,,,,,,
53,,5459,0.5131697654724121,0.1085270419716835,0.7563765645027161,0.027376821264624596,0.42560628056526184,0.00783240981400013,0.7624331116676331,3.2965170248644426e-05,2.3980770111083984,0.19873163104057312,0.3579793870449066,3.5063676834106445,0.008434498682618141,2.2216827869415283,0.4773522913455963,,,,,,,,,,,,,,,
,0.00022745122253487417,5469,,,,,,,,,,,,,,,,,,,,,,,,,,,,,,
53,,5469,0.5137746930122375,0.22209250926971436,0.8928954005241394,0.043140437453985214,0.43939951062202454,0.008409337140619755,0.9977102279663086,3.935477798222564e-05,2.4520010948181152,0.05232413485646248,0.3871336877346039,3.677615165710449,0.012231647968292236,2.0690832138061523,0.35950756072998047,,,,,,,,,,,,,,,
,0.0002271944969924447,5479,,,,,,,,,,,,,,,,,,,,,,,,,,,,,,
53,,5479,0.4396399259567261,0.09643032401800156,0.6201559901237488,0.013146276585757732,0.347319632768631,0.05062323808670044,0.8176509141921997,8.2829334132839e-05,1.9836989641189575,0.10791149735450745,0.45616641640663147,3.0111706256866455,0.011579669080674648,2.1886932849884033,0.4474993050098419,,,,,,,,,,,,,,,
,0.00022693746349752676,5489,,,,,,,,,,,,,,,,,,,,,,,,,,,,,,
53,,5489,0.5825481414794922,0.22599820792675018,0.8927093148231506,0.026806265115737915,0.4644581377506256,0.026530737057328224,1.018686056137085,3.6165627534501255e-05,2.511627674102783,0.08345525711774826,0.41364163160324097,3.7831218242645264,0.009134849533438683,2.181102752685547,0.35577455163002014,,,,,,,,,,,,,,,
,0.00022668012307550578,5499,,,,,,,,,,,,,,,,,,,,,,,,,,,,,,
53,,5499,0.46240997314453125,0.11566504091024399,0.7066471576690674,0.03668232634663582,0.38887736201286316,0.06103810667991638,0.8642051815986633,9.673548629507422e-05,2.021231174468994,0.08521672338247299,0.37835559248924255,3.1187570095062256,0.009130533784627914,2.143219470977783,0.4330258369445801,,,,,,,,,,,,,,,
,0.0002264224767529914,5509,,,,,,,,,,,,,,,,,,,,,,,,,,,,,,
53,,5509,0.4501948654651642,0.11057848483324051,0.6982825994491577,0.017961880192160606,0.38550636172294617,0.07336707413196564,0.7588089108467102,4.958964927936904e-05,2.0675904750823975,0.07010270655155182,0.32935985922813416,3.1183626651763916,0.017717260867357254,2.1273510456085205,0.4569321572780609,,,,,,,,,,,,,,,
,0.00022616452555781374,5519,,,,,,,,,,,,,,,,,,,,,,,,,,,,,,
53,,5519,0.4392983019351959,0.11993786692619324,0.8499971032142639,0.015653414651751518,0.3774482011795044,0.030041711404919624,1.0646324157714844,8.238510781666264e-05,2.0623631477355957,0.11034063994884491,0.34171682596206665,3.1998109817504883,0.012802839279174805,2.0431206226348877,0.41950127482414246,,,,,,,,,,,,,,,
,0.00022590627051901916,5529,,,,,,,,,,,,,,,,,,,,,,,,,,,,,,
53,,5529,0.42126089334487915,0.09070573002099991,0.6735050082206726,0.032338280230760574,0.37456145882606506,0.017855193465948105,0.7425616383552551,4.0120012272382155e-05,2.0591979026794434,0.12888076901435852,0.364425927400589,3.0815703868865967,0.02088785357773304,2.2438127994537354,0.4657204747200012,,,,,,,,,,,,,,,
,0.00022564771266686602,5539,,,,,,,,,,,,,,,,,,,,,,,,,,,,,,
53,,5539,0.4733642637729645,0.16240285336971283,0.8499413132667542,0.026057258248329163,0.41665196418762207,0.08166894316673279,1.23488187789917,6.487951031886041e-05,2.2073557376861572,0.08621887117624283,0.40856584906578064,3.5114550590515137,0.010790105909109116,2.1561193466186523,0.5406585931777954,,,,,,,,,,,,,,,
,0.00022538885303282084,5549,,,,,,,,,,,,,,,,,,,,,,,,,,,,,,
53,,5549,0.4251183867454529,0.2722899913787842,0.6829349398612976,0.012389949522912502,0.3668272793292999,0.04780557006597519,0.9917553663253784,7.773625111440197e-05,2.061082363128662,0.0648205503821373,0.4132481813430786,3.2315711975097656,0.008188754320144653,2.111349582672119,0.5585176348686218,,,,,,,,,,,,,,,
,0.00022512969264955394,5559,,,,,,,,,,,,,,,,,,,,,,,,,,,,,,
53,,5559,0.4196443557739258,0.0937219187617302,0.740878164768219,0.01482504140585661,0.3761536777019501,0.03724087029695511,0.897545576095581,3.0263567168731242e-05,1.9922784566879272,0.10575451701879501,0.36580324172973633,3.0424280166625977,0.016746923327445984,2.1417012214660645,0.40967848896980286,,,,,,,,,,,,,,,
53,,5561,,,,,,,,,,,,,,,,0.023049423471093178,0.009992076084017754,0.07910192012786865,0.00041549085290171206,0.047016143798828125,0.015344440005719662,0.16232995688915253,0.00016326976765412837,0.007074346300214529,0.023257430642843246,0.02783588506281376,0.12801238894462585,0.0008320875349454582,2.3474056720733643,0.03736843913793564
,0.00022487023255093544,5569,,,,,,,,,,,,,,,,,,,,,,,,,,,,,,
54,,5569,0.4766831696033478,0.21538414061069489,0.9502018690109253,0.026288673281669617,0.4495536983013153,0.013156230561435223,1.009757161140442,5.0131660827901214e-05,2.529513120651245,0.10789372771978378,0.38868188858032227,3.8423125743865967,0.009283386170864105,2.24985408782959,0.6743167638778687,,,,,,,,,,,,,,,
,0.00022461047377203113,5579,,,,,,,,,,,,,,,,,,,,,,,,,,,,,,
54,,5579,0.48945093154907227,0.1501999795436859,0.8610164523124695,0.05431794747710228,0.41614025831222534,0.03438420593738556,1.049234390258789,0.00020247118663974106,2.1026153564453125,0.10846354812383652,0.44108712673187256,3.354748010635376,0.01304029393941164,2.164257049560547,0.44479575753211975,,,,,,,,,,,,,,,
,0.00022435041734909832,5589,,,,,,,,,,,,,,,,,,,,,,,,,,,,,,
54,,5589,0.47095775604248047,0.12223032861948013,0.8300775289535522,0.022602586075663567,0.42634642124176025,0.0976608395576477,1.0476737022399902,9.201286593452096e-05,2.184645652770996,0.1818877011537552,0.4370473623275757,3.431178331375122,0.00863322988152504,2.1385276317596436,0.4992748200893402,,,,,,,,,,,,,,,
,0.0002240900643195818,5599,,,,,,,,,,,,,,,,,,,,,,,,,,,,,,
54,,5599,0.5090078115463257,0.17653600871562958,0.8950115442276001,0.03967336192727089,0.417440265417099,0.054118961095809937,1.0956884622573853,8.427434659097344e-05,2.2377567291259766,0.10439574718475342,0.4063401222229004,3.5564122200012207,0.021025391295552254,2.170987367630005,0.5399376749992371,,,,,,,,,,,,,,,
,0.00022382941572210945,5609,,,,,,,,,,,,,,,,,,,,,,,,,,,,,,
54,,5609,0.5127511620521545,0.21499238908290863,1.0083439350128174,0.03261389955878258,0.48999083042144775,0.06778956204652786,1.1773169040679932,5.642246833303943e-05,2.6551687717437744,0.09726954251527786,0.4174812436103821,4.0866827964782715,0.007624586578458548,2.106081008911133,0.6584483981132507,,,,,,,,,,,,,,,
,0.0002235684725964884,5619,,,,,,,,,,,,,,,,,,,,,,,,,,,,,,
54,,5619,0.6989896893501282,0.21041183173656464,1.1292542219161987,0.043986838310956955,0.5458806753158569,0.5631129741668701,1.5433484315872192,0.00016634067287668586,3.125296115875244,0.10118602216243744,0.5160394906997681,5.139197826385498,0.023470329120755196,2.0910143852233887,0.8386415839195251,,,,,,,,,,,,,,,
,0.00022330723598370063,5629,,,,,,,,,,,,,,,,,,,,,,,,,,,,,,
54,,5629,0.5374646782875061,0.21276973187923431,1.1408685445785522,0.03130178526043892,0.4682907462120056,0.1029205322265625,1.3897042274475098,3.6970683140680194e-05,2.713442802429199,0.10335639119148254,0.4338403642177582,4.2334184646606445,0.00927720032632351,2.2263238430023193,0.5500957369804382,,,,,,,,,,,,,,,
,0.00022304570692589906,5639,,,,,,,,,,,,,,,,,,,,,,,,,,,,,,
54,,5639,0.5299596190452576,0.14870111644268036,1.0366486310958862,0.038391441106796265,0.5192736387252808,0.13810455799102783,1.3226162195205688,0.0012538376031443477,2.895742416381836,0.2318698912858963,0.47134703397750854,4.454123497009277,0.01629524491727352,2.1538760662078857,0.694704532623291,,,,,,,,,,,,,,,
,0.00022278388646640305,5649,,,,,,,,,,,,,,,,,,,,,,,,,,,,,,
54,,5649,0.4958716332912445,0.19648651778697968,1.0844491720199585,0.03475790098309517,0.48326051235198975,0.2809605300426483,1.5432661771774292,0.002612524200230837,2.7922496795654297,0.10724090784788132,0.487628698348999,4.417640686035156,0.008804949931800365,2.0464277267456055,0.5554232597351074,,,,,,,,,,,,,,,
,0.0002225217756496948,5659,,,,,,,,,,,,,,,,,,,,,,,,,,,,,,
54,,5659,0.6184154748916626,0.1924944967031479,1.1541286706924438,0.025349518284201622,0.4972401261329651,0.2107848972082138,1.3610388040542603,0.0002644302148837596,2.692798376083374,0.1436140388250351,0.4490814507007599,4.347031593322754,0.009597722440958023,2.159032106399536,0.6841900944709778,,,,,,,,,,,,,,,
54,,5664,,,,,,,,,,,,,,,,0.05955231934785843,0.018649721518158913,0.14835871756076813,0.0009643212542869151,0.03943660110235214,0.003205862594768405,0.27044180035591125,6.0583486629184335e-05,0.031401943415403366,0.019657956436276436,0.04841625317931175,0.22560572624206543,0.00485554663464427,2.284440279006958,0.049584001302719116
,0.00022225937552141446,5669,,,,,,,,,,,,,,,,,,,,,,,,,,,,,,
55,,5669,0.5436384081840515,0.1924506425857544,0.7847930192947388,0.023001359775662422,0.46861881017684937,0.10794531553983688,1.2138179540634155,7.112517778296024e-05,2.5692508220672607,0.10634686797857285,0.4512372612953186,3.933105945587158,0.02293839305639267,2.1385438442230225,0.5094188451766968,,,,,,,,,,,,,,,
,0.00022199668712835662,5679,,,,,,,,,,,,,,,,,,,,,,,,,,,,,,
55,,5679,0.5255329012870789,0.16225461661815643,0.6433985233306885,0.009755234234035015,0.4457970857620239,0.06376446783542633,0.9853658676147461,6.70125155011192e-05,2.5682952404022217,0.07657083868980408,0.3950013220310211,3.7326595783233643,0.0019103845115751028,2.1757657527923584,0.5059504508972168,,,,,,,,,,,,,,,
,0.00022173371151846565,5689,,,,,,,,,,,,,,,,,,,,,,,,,,,,,,
55,,5689,0.5402532815933228,0.14390157163143158,0.8503833413124084,0.028072962537407875,0.45421579480171204,0.04040541127324104,0.9289110898971558,3.5513818147592247e-05,2.5151634216308594,0.1136559247970581,0.38556066155433655,3.769416332244873,0.02762145921587944,2.161949634552002,0.5185848474502563,,,,,,,,,,,,,,,
,0.00022147044974083177,5699,,,,,,,,,,,,,,,,,,,,,,,,,,,,,,
55,,5699,0.5504565834999084,0.12349283695220947,0.8373361229896545,0.010823248885571957,0.45116978883743286,0.08422362804412842,1.0461845397949219,4.400905527290888e-05,2.6288223266601562,0.10797160863876343,0.41486772894859314,3.889754056930542,0.006564779207110405,2.2044143676757812,0.5068455934524536,,,,,,,,,,,,,,,
,0.00022120690284568688,5709,,,,,,,,,,,,,,,,,,,,,,,,,,,,,,
55,,5709,0.5179418325424194,0.1419568508863449,1.0157628059387207,0.034660886973142624,0.48731598258018494,0.11703749746084213,1.1965034008026123,8.95074917934835e-05,2.639802932739258,0.1408311128616333,0.4471641480922699,4.0908589363098145,0.01018031220883131,2.2016382217407227,0.6520406603813171,,,,,,,,,,,,,,,
,0.00022094307188440024,5719,,,,,,,,,,,,,,,,,,,,,,,,,,,,,,
55,,5719,0.48292431235313416,0.23952318727970123,0.7832862734794617,0.021773142740130424,0.4228830635547638,0.035238802433013916,0.8980958461761475,5.010213499190286e-05,2.45371150970459,0.10995296388864517,0.4295448660850525,3.6649258136749268,0.017620552331209183,2.086087703704834,0.49749085307121277,,,,,,,,,,,,,,,
,0.00022067895790947437,5729,,,,,,,,,,,,,,,,,,,,,,,,,,,,,,
55,,5729,0.4772413969039917,0.198175847530365,0.9766986966133118,0.029714461416006088,0.4323886036872864,0.06101062893867493,1.2391510009765625,4.310609074309468e-05,2.3113760948181152,0.10382960736751556,0.3992002308368683,3.642103910446167,0.011936233378946781,2.255373001098633,0.44776299595832825,,,,,,,,,,,,,,,
,0.00022041456197454074,5739,,,,,,,,,,,,,,,,,,,,,,,,,,,,,,
55,,5739,0.5162540078163147,0.20833908021450043,0.7817317247390747,0.02314913272857666,0.4386706054210663,0.015642693266272545,1.0860440731048584,6.412137736333534e-05,2.576073408126831,0.12813487648963928,0.4601861536502838,3.858928680419922,0.010881130583584309,2.040886640548706,0.5750713348388672,,,,,,,,,,,,,,,
,0.0002201498851343558,5749,,,,,,,,,,,,,,,,,,,,,,,,,,,,,,
55,,5749,0.5853200554847717,0.2047896534204483,0.8480532169342041,0.01567605882883072,0.47943612933158875,0.16195911169052124,1.1284164190292358,7.833223207853734e-05,2.652926445007324,0.15610070526599884,0.4528605341911316,4.073437690734863,0.008889839053153992,2.186227560043335,0.5664835572242737,,,,,,,,,,,,,,,
,0.0002198849284447965,5759,,,,,,,,,,,,,,,,,,,,,,,,,,,,,,
55,,5759,0.5000749826431274,0.12384147942066193,0.7848924994468689,0.02501009963452816,0.4514976143836975,0.028722263872623444,0.8473957180976868,5.345037061488256e-05,2.5403225421905518,0.08483412116765976,0.42383575439453125,3.7133240699768066,0.00796344131231308,2.0651111602783203,0.561186671257019,,,,,,,,,,,,,,,
55,,5767,,,,,,,,,,,,,,,,0.04509880766272545,0.008871624246239662,0.10390491038560867,0.0005400219815783203,0.021777041256427765,0.023550458252429962,0.1677425503730774,0.0001782113831723109,0.01937621459364891,0.018507804721593857,0.04035413637757301,0.1584811955690384,0.0015390743501484394,2.2949326038360596,0.03192005306482315
,0.00021961969296285607,5769,,,,,,,,,,,,,,,,,,,,,,,,,,,,,,
56,,5769,0.4340023696422577,0.09772060811519623,0.6817949414253235,0.022301210090517998,0.38704714179039,0.23797257244586945,1.0959895849227905,0.00010651176125975326,2.2021214962005615,0.17584200203418732,0.3752521872520447,3.450854539871216,0.009848656132817268,2.1482670307159424,0.5489223003387451,,,,,,,,,,,,,,,
,0.00021935417974664023,5779,,,,,,,,,,,,,,,,,,,,,,,,,,,,,,
56,,5779,0.4987991452217102,0.28935110569000244,0.8738101720809937,0.03187413513660431,0.4054177701473236,0.13869260251522064,1.0716007947921753,9.403695730725303e-05,2.197866678237915,0.10483616590499878,0.4099196493625641,3.526003360748291,0.008373064920306206,2.1218810081481934,0.41400760412216187,,,,,,,,,,,,,,,
,0.00021908838985536247,5789,,,,,,,,,,,,,,,,,,,,,,,,,,,,,,
56,,5789,0.5241571664810181,0.17934982478618622,0.904015839099884,0.029378090053796768,0.4549175500869751,0.0420718640089035,1.1199736595153809,8.041410183068365e-05,2.472311496734619,0.14071208238601685,0.46246403455734253,3.8240623474121094,0.008658948354423046,2.1393024921417236,0.6008391380310059,,,,,,,,,,,,,,,
,0.00021882232434934,5799,,,,,,,,,,,,,,,,,,,,,,,,,,,,,,
56,,5799,0.7755595445632935,0.12962408363819122,0.9010621309280396,0.01308064628392458,0.6481667160987854,0.63592129945755,1.095016598701477,0.00028618393116630614,3.2365148067474365,0.1276293694972992,0.4739423394203186,5.014185905456543,0.003306626109406352,2.052079677581787,0.6112010478973389,,,,,,,,,,,,,,,
,0.0002185559842899897,5809,,,,,,,,,,,,,,,,,,,,,,,,,,,,,,
56,,5809,0.7052226662635803,0.17873893678188324,1.096691608428955,0.03664136677980423,0.5293334126472473,0.6749801635742188,1.5745055675506592,6.949115049792454e-05,2.966444492340088,0.20916810631752014,0.7673338651657104,5.068180561065674,0.02886796183884144,2.270444631576538,0.7825016379356384,,,,,,,,,,,,,,,
,0.00021828937073982356,5819,,,,,,,,,,,,,,,,,,,,,,,,,,,,,,
56,,5819,0.5205453634262085,0.17326423525810242,1.0442194938659668,0.03544341027736664,0.49713361263275146,0.18431182205677032,1.5603768825531006,0.0003262751270085573,2.8676600456237793,0.1135922372341156,0.49097540974617004,4.482981204986572,0.00708390586078167,2.320608377456665,0.6928520798683167,,,,,,,,,,,,,,,
,0.0002180224847624447,5829,,,,,,,,,,,,,,,,,,,,,,,,,,,,,,
56,,5829,0.7712626457214355,0.30081117153167725,1.4074976444244385,0.029020914807915688,0.5610436201095581,0.5484997034072876,2.177274227142334,0.013827681541442871,3.4689230918884277,0.21344874799251556,0.503999650478363,5.8111982345581055,0.007025566417723894,2.131805181503296,0.90849769115448,,,,,,,,,,,,,,,
,0.00021775532742254302,5839,,,,,,,,,,,,,,,,,,,,,,,,,,,,,,
56,,5839,0.8663747310638428,0.47339460253715515,1.7990704774856567,0.01569623127579689,0.622422456741333,2.632167339324951,2.623324394226074,0.00709106819704175,3.633302688598633,0.22704583406448364,0.5801021456718445,7.3984551429748535,0.007417524233460426,2.159646987915039,0.9836114048957825,,,,,,,,,,,,,,,
,0.000217487899785891,5849,,,,,,,,,,,,,,,,,,,,,,,,,,,,,,
56,,5849,1.0601451396942139,1.1626306772232056,2.241434335708618,0.1701982617378235,0.818959653377533,3.693134069442749,3.1015071868896484,0.6996721625328064,4.162144660949707,0.20738288760185242,0.8438518047332764,10.347184181213379,0.2576545476913452,2.134848117828369,1.2113245725631714,,,,,,,,,,,,,,,
,0.00021722020291933927,5859,,,,,,,,,,,,,,,,,,,,,,,,,,,,,,
56,,5859,0.9294838309288025,0.3561756908893585,2.243783473968506,0.03927086666226387,0.6186448931694031,2.8892946243286133,2.9848175048828125,0.022504020482301712,3.990152597427368,0.1910863071680069,0.5908337235450745,8.14109992980957,0.003964792471379042,2.1134748458862305,1.0417238473892212,,,,,,,,,,,,,,,
,0.00021695223789081273,5869,,,,,,,,,,,,,,,,,,,,,,,,,,,,,,
56,,5869,0.8698376417160034,0.31582170724868774,1.5781009197235107,0.0624864436686039,0.5874646902084351,2.1417200565338135,2.2400095462799072,0.00017828191630542278,3.294801950454712,0.11951490491628647,0.7871367335319519,6.7310686111450195,0.02890067547559738,2.0924508571624756,1.189800500869751,,,,,,,,,,,,,,,
56,,5870,,,,,,,,,,,,,,,,0.13085250556468964,0.057457175105810165,0.42350512742996216,0.005757080391049385,0.08353281021118164,0.29856210947036743,0.6998697519302368,0.0001403195783495903,0.316891074180603,0.09678492695093155,0.3153795599937439,1.0240693092346191,0.012800890021026134,2.3309922218322754,0.1676466464996338
,0.00021668400576930585,5879,,,,,,,,,,,,,,,,,,,,,,,,,,,,,,
57,,5879,1.0705647468566895,0.3267909586429596,2.041677713394165,0.030227113515138626,0.6536439657211304,3.527808427810669,2.7121670246124268,0.0065164086408913136,3.9278440475463867,0.18984830379486084,0.6588661670684814,8.448943138122559,0.016319815069437027,2.0707366466522217,1.4130862951278687,,,,,,,,,,,,,,,
,0.00021641550762487876,5889,,,,,,,,,,,,,,,,,,,,,,,,,,,,,,
57,,5889,0.9449175596237183,0.2689118981361389,1.7437758445739746,0.033586762845516205,0.6233744621276855,2.450911045074463,2.688356637954712,0.014913048595190048,3.9898269176483154,0.19751371443271637,0.6353472471237183,7.721087455749512,0.005459445528686047,2.1215884685516357,1.2135345935821533,,,,,,,,,,,,,,,
,0.0002161467445286528,5899,,,,,,,,,,,,,,,,,,,,,,,,,,,,,,
57,,5899,0.5986526012420654,0.24722185730934143,1.4418210983276367,0.037816159427165985,0.5542185306549072,0.5391165018081665,2.127481460571289,0.0003768923634197563,3.0371832847595215,0.1763082593679428,0.5660886168479919,5.249423980712891,0.015329565852880478,2.1441454887390137,0.8276990652084351,,,,,,,,,,,,,,,
,0.00021587771755280622,5909,,,,,,,,,,,,,,,,,,,,,,,,,,,,,,
57,,5909,0.9554336667060852,0.21842029690742493,1.277591347694397,0.048061273992061615,0.5894767642021179,1.2247849702835083,2.199969530105591,8.676157449372113e-05,3.442920684814453,0.16092965006828308,0.6164851784706116,6.163427829742432,0.012940090149641037,2.121809959411621,0.8462193608283997,,,,,,,,,,,,,,,
,0.00021560842777057,5919,,,,,,,,,,,,,,,,,,,,,,,,,,,,,,
57,,5919,0.5606003403663635,0.2165895700454712,1.3281651735305786,0.06143902987241745,0.5246697068214417,0.28799593448638916,1.8501276969909668,7.9403689596802e-05,2.9135780334472656,0.18596738576889038,0.5406034588813782,4.8441972732543945,0.01172490045428276,2.1648740768432617,0.7275904417037964,,,,,,,,,,,,,,,
,0.0002153388762562236,5929,,,,,,,,,,,,,,,,,,,,,,,,,,,,,,
57,,5929,0.6695438623428345,0.1876356154680252,1.310455083847046,0.03738421946763992,0.5607054233551025,0.6288003921508789,1.8845250606536865,9.135494474321604e-05,3.0957624912261963,0.12440625578165054,0.49811887741088867,5.196063041687012,0.009164450690150261,2.3447608947753906,0.6890186667442322,,,,,,,,,,,,,,,
,0.0002150690640850905,5939,,,,,,,,,,,,,,,,,,,,,,,,,,,,,,
57,,5939,0.6111117601394653,0.1605774462223053,0.9998119473457336,0.03321408852934837,0.49541008472442627,0.23197859525680542,1.390737533569336,6.839162961114198e-05,2.807813882827759,0.20896746218204498,0.4451601505279541,4.416525840759277,0.011428662575781345,2.117719888687134,0.6212226748466492,,,,,,,,,,,,,,,
,0.00021479899233353412,5949,,,,,,,,,,,,,,,,,,,,,,,,,,,,,,
57,,5949,0.5937083959579468,0.28824687004089355,0.8898297548294067,0.04741163179278374,0.5037636756896973,0.05511048063635826,1.457625150680542,7.997761713340878e-05,2.8212342262268066,0.10449085384607315,0.4068641662597656,4.364311695098877,0.01569218747317791,2.2437620162963867,0.6194772720336914,,,,,,,,,,,,,,,
,0.00021452866207895342,5959,,,,,,,,,,,,,,,,,,,,,,,,,,,,,,
57,,5959,0.4972575604915619,0.13664987683296204,0.7701680660247803,0.02232316881418228,0.47128722071647644,0.0549556203186512,1.1302142143249512,6.821393617428839e-05,2.690387725830078,0.2538720965385437,0.41341161727905273,4.014086723327637,0.005368403159081936,2.132546901702881,0.7099449634552002,,,,,,,,,,,,,,,
,0.0002142580743997785,5969,,,,,,,,,,,,,,,,,,,,,,,,,,,,,,
57,,5969,0.4714661240577698,0.14634253084659576,0.8347534537315369,0.02500862069427967,0.45654332637786865,0.05309700965881348,0.8633991479873657,4.619696119334549e-05,2.155778408050537,0.04253245145082474,0.47069481015205383,3.3561980724334717,0.012339035049080849,2.0706734657287598,0.5375901460647583,,,,,,,,,,,,,,,
57,,5973,,,,,,,,,,,,,,,,0.04766293615102768,0.015845419839024544,0.2924618721008301,0.001454504206776619,0.04878367856144905,0.01366198156028986,0.3268257975578308,0.0003901289019268006,0.029181791469454765,0.03163167089223862,0.03614096716046333,0.2747455835342407,0.0021693073213100433,2.3318045139312744,0.03645123913884163
,0.0002139872303754665,5979,,,,,,,,,,,,,,,,,,,,,,,,,,,,,,
58,,5979,0.5017204284667969,0.28824418783187866,1.2279772758483887,0.04872632399201393,0.5097384452819824,0.05418630689382553,1.5059131383895874,0.0001370836835121736,2.787360668182373,0.17145779728889465,0.45870643854141235,4.403965473175049,0.020108336582779884,2.0712103843688965,0.54872065782547,,,,,,,,,,,,,,,
,0.00021371613108649718,5989,,,,,,,,,,,,,,,,,,,,,,,,,,,,,,
58,,5989,0.5613541007041931,0.320840060710907,1.146947979927063,0.029137134552001953,0.5259583592414856,0.16391095519065857,1.4004950523376465,0.0001075304244295694,2.8037452697753906,0.11981254070997238,0.5138315558433533,4.437906742095947,0.009769557043910027,2.032546043395996,0.5258078575134277,,,,,,,,,,,,,,,
,0.00021344477761436862,5999,,,,,,,,,,,,,,,,,,,,,,,,,,,,,,
58,,5999,0.9220123887062073,0.19399051368236542,1.764845371246338,0.03577381744980812,0.6975546479225159,0.24527451395988464,2.396243095397949,9.584866347722709e-05,3.414813995361328,0.20355628430843353,0.63554447889328,5.80093240737915,0.012941979803144932,2.1446969509124756,0.718405544757843,,,,,,,,,,,,,,,
,0.0002131731710415929,6009,,,,,,,,,,,,,,,,,,,,,,,,,,,,,,
58,,6009,0.5531312227249146,0.22938936948776245,1.219528317451477,0.02508498914539814,0.5608602166175842,0.3116844892501831,1.5633180141448975,0.00020434195175766945,3.028263568878174,0.1788768768310547,0.5405701398849487,4.910909652709961,0.01973266527056694,1.9975875616073608,0.9387065768241882,,,,,,,,,,,,,,,
,0.00021290131245169187,6019,,,,,,,,,,,,,,,,,,,,,,,,,,,,,,
58,,6019,0.6139264702796936,0.16555416584014893,1.1017341613769531,0.043191097676754,0.5410388708114624,0.22871048748493195,1.4312063455581665,5.698004679288715e-05,2.9262633323669434,0.1590118259191513,0.5168168544769287,4.59838342666626,0.013281709514558315,2.153883457183838,0.590843677520752,,,,,,,,,,,,,,,
,0.00021262920292919261,6029,,,,,,,,,,,,,,,,,,,,,,,,,,,,,,
58,,6029,0.5950457453727722,0.2533881664276123,1.7682946920394897,0.038889192044734955,0.5217353105545044,0.2766214907169342,1.7906601428985596,9.368290920974687e-05,3.1459298133850098,0.12438569217920303,0.49111494421958923,5.170958995819092,0.02202755957841873,2.086822748184204,0.6712026596069336,,,,,,,,,,,,,,,
,0.00021235684355962344,6039,,,,,,,,,,,,,,,,,,,,,,,,,,,,,,
58,,6039,1.1635687351226807,0.2121184766292572,1.5135948657989502,0.0412197969853878,0.5332511067390442,1.554945707321167,1.9055951833724976,0.00033178931334987283,3.3289427757263184,0.1674453467130661,0.4885873794555664,6.180941104888916,0.010189816355705261,2.244922637939453,0.5650939345359802,,,,,,,,,,,,,,,
,0.00021208423542950922,6049,,,,,,,,,,,,,,,,,,,,,,,,,,,,,,
58,,6049,0.590505063533783,0.20305797457695007,1.4763638973236084,0.010210963897407055,0.5590448379516602,0.7799177169799805,1.6679154634475708,4.863810318056494e-05,2.954118013381958,0.07602185755968094,0.5311934947967529,5.106448173522949,0.012349513359367847,2.1732499599456787,0.8199830651283264,,,,,,,,,,,,,,,
,0.00021181137962636727,6059,,,,,,,,,,,,,,,,,,,,,,,,,,,,,,
58,,6059,0.507477343082428,0.18527674674987793,1.1848934888839722,0.06558746099472046,0.5048494338989258,0.03626806661486626,1.38370943069458,8.189535583369434e-05,2.4729044437408447,0.1529819369316101,0.49168846011161804,4.029178619384766,0.007331332191824913,2.1421308517456055,0.6279893517494202,,,,,,,,,,,,,,,
,0.00021153827723870302,6069,,,,,,,,,,,,,,,,,,,,,,,,,,,,,,
58,,6069,0.505214273929596,0.1879243403673172,1.0005544424057007,0.029966849833726883,0.5048062205314636,0.2718983292579651,1.2492278814315796,0.0001375208084937185,2.546830177307129,0.2073281705379486,0.46978551149368286,4.124011516571045,0.013967439532279968,2.1334331035614014,0.6855075359344482,,,,,,,,,,,,,,,
58,,6076,,,,,,,,,,,,,,,,0.04985298588871956,0.011801869608461857,0.20302064716815948,0.0006346464506350458,0.0787634402513504,0.03017459437251091,0.24741999804973602,0.00016087367839645594,0.12263719737529755,0.03823709115386009,0.056610070168972015,0.43013229966163635,0.00222202530130744,2.332258939743042,0.33411112427711487
,0.00021126492935600544,6079,,,,,,,,,,,,,,,,,,,,,,,,,,,,,,
59,,6079,0.5351918935775757,0.1495397835969925,1.1515648365020752,0.03208758309483528,0.4919680655002594,0.04803552106022835,1.345333218574524,7.011050911387429e-05,2.6343564987182617,0.056477367877960205,0.49447327852249146,4.142295837402344,0.010253642685711384,2.1111338138580322,0.6731244325637817,,,,,,,,,,,,,,,
,0.00021099133706874298,6089,,,,,,,,,,,,,,,,,,,,,,,,,,,,,,
59,,6089,0.5739135146141052,0.18864962458610535,1.0441714525222778,0.035122375935316086,0.5098539590835571,0.08680903911590576,1.3137661218643188,6.810241029597819e-05,2.7763404846191406,0.12799334526062012,0.5187424421310425,4.327377796173096,0.02764258347451687,2.173879861831665,0.6342657804489136,,,,,,,,,,,,,,,
,0.00021071750146835905,6099,,,,,,,,,,,,,,,,,,,,,,,,,,,,,,
59,,6099,0.5320063829421997,0.12431137263774872,1.038012146949768,0.020270196720957756,0.4924203157424927,0.20514778792858124,1.227410078048706,0.00013958709314465523,2.6772923469543457,0.1321367621421814,0.51190185546875,4.183901786804199,0.018300389871001244,2.109783172607422,0.6201185584068298,,,,,,,,,,,,,,,
,0.00021044342364726773,6109,,,,,,,,,,,,,,,,,,,,,,,,,,,,,,
59,,6109,0.45131924748420715,0.1506158411502838,0.8281095623970032,0.031348925083875656,0.4341038167476654,0.04780310392379761,1.1074186563491821,6.862734153401107e-05,2.487851142883301,0.06762102991342545,0.41716468334198,3.7262916564941406,0.007305862847715616,2.1004016399383545,0.5417340397834778,,,,,,,,,,,,,,,
,0.00021016910469884938,6119,,,,,,,,,,,,,,,,,,,,,,,,,,,,,,
59,,6119,0.5560644865036011,0.15593689680099487,0.9587497115135193,0.024924565106630325,0.48936817049980164,0.11691916733980179,1.295008897781372,0.00011981252464465797,2.5356757640838623,0.17575368285179138,0.48331180214881897,4.055995464324951,0.010200451128184795,2.168570041656494,0.7648782134056091,,,,,,,,,,,,,,,
,0.0002098945457174463,6129,,,,,,,,,,,,,,,,,,,,,,,,,,,,,,
59,,6129,0.6521265506744385,0.16881221532821655,1.3205369710922241,0.02068195678293705,0.5011110305786133,0.07326516509056091,1.7695082426071167,6.685870903311297e-05,2.6077778339385986,0.09628783166408539,0.5208335518836975,4.337652206420898,0.014230078086256981,2.194021224975586,0.6074979305267334,,,,,,,,,,,,,,,
,0.0002096197477983583,6139,,,,,,,,,,,,,,,,,,,,,,,,,,,,,,
59,,6139,0.4548819363117218,0.1652124524116516,0.80844646692276,0.010911219753324986,0.4339805245399475,0.043079230934381485,1.179803490638733,8.589176286477596e-05,2.3403565883636475,0.1252022087574005,0.4728911519050598,3.5972061157226562,0.011956406757235527,2.157242774963379,0.531639575958252,,,,,,,,,,,,,,,
,0.0002093447120378385,6149,,,,,,,,,,,,,,,,,,,,,,,,,,,,,,
59,,6149,0.5376747250556946,0.10413654148578644,0.7687586545944214,0.008007424883544445,0.4107252061367035,0.03708692640066147,0.8648742437362671,5.533995135920122e-05,2.226210832595825,0.1323314905166626,0.45434463024139404,3.4105000495910645,0.020639654248952866,2.140997886657715,0.5543494820594788,,,,,,,,,,,,,,,
,0.00020906943953308873,6159,,,,,,,,,,,,,,,,,,,,,,,,,,,,,,
59,,6159,0.4279136657714844,0.10619746148586273,0.8985069394111633,0.023980308324098587,0.43558305501937866,0.05817539244890213,1.0546331405639648,5.747550676460378e-05,2.165393114089966,0.0934758111834526,0.4171694815158844,3.430535078048706,0.005101359914988279,2.132140636444092,0.703058660030365,,,,,,,,,,,,,,,
,0.00020879393138225534,6169,,,,,,,,,,,,,,,,,,,,,,,,,,,,,,
59,,6169,0.5307177901268005,0.10939177870750427,0.6997491717338562,0.019444333389401436,0.4877157509326935,0.010374795645475388,1.044745683670044,6.819833652116358e-05,2.6334340572357178,0.06500229239463806,0.4048050343990326,3.82157826423645,0.021095240488648415,2.2625250816345215,0.49827224016189575,,,,,,,,,,,,,,,
,0.00020851818868442468,6179,,,,,,,,,,,,,,,,,,,,,,,,,,,,,,
59,,6179,0.4710237979888916,0.13242675364017487,0.9863487482070923,0.035118844360113144,0.4073341190814972,0.6780639886856079,1.2668063640594482,9.284022962674499e-05,2.234687566757202,0.08219599723815918,0.4541785717010498,3.86601185798645,0.009041637182235718,2.217569589614868,0.47317272424697876,,,,,,,,,,,,,,,
59,,6179,,,,,,,,,,,,,,,,0.06592188030481339,0.022094067186117172,0.18491333723068237,0.0009588880930095911,0.03479776158928871,0.20973405241966248,0.36244431138038635,0.00021295725309755653,0.02606319636106491,0.031120168045163155,0.09425538033246994,0.3741455376148224,0.0032891277223825455,2.350625514984131,0.062173839658498764
,0.00020824221253961886,6189,,,,,,,,,,,,,,,,,,,,,,,,,,,,,,
60,,6189,0.539746880531311,0.1633768081665039,0.888606607913971,0.025137178599834442,0.4578615427017212,0.22083516418933868,1.2184325456619263,7.04105623299256e-05,2.723271131515503,0.06570570915937424,0.49100586771965027,4.195688247680664,0.003826263127848506,2.1929259300231934,0.6800971627235413,,,,,,,,,,,,,,,
,0.0002079660040487912,6199,,,,,,,,,,,,,,,,,,,,,,,,,,,,,,
60,,6199,0.555787980556488,0.22869886457920074,0.8692258596420288,0.03224681690335274,0.41482463479042053,0.124844990670681,1.089722990989685,0.00012479786528274417,2.4596989154815674,0.1667594015598297,0.5106950998306274,3.875199794769287,0.008573835715651512,2.063352346420288,0.5956730842590332,,,,,,,,,,,,,,,
,0.00020768956431382196,6209,,,,,,,,,,,,,,,,,,,,,,,,,,,,,,
60,,6209,0.4377894103527069,0.14365141093730927,1.0395234823226929,0.026468653231859207,0.46135610342025757,0.1101871207356453,1.3310344219207764,4.695149982580915e-05,2.2593953609466553,0.10544693470001221,0.4675564169883728,3.6553258895874023,0.009862919338047504,2.1277310848236084,0.5294007658958435,,,,,,,,,,,,,,,
,0.00020741289443751388,6219,,,,,,,,,,,,,,,,,,,,,,,,,,,,,,
60,,6219,0.453084796667099,0.14970016479492188,1.0502641201019287,0.033387381583452225,0.42885977029800415,0.034912656992673874,1.1040418148040771,6.712175672873855e-05,2.2412400245666504,0.07846511155366898,0.43447166681289673,3.5563979148864746,0.01927805133163929,2.1964948177337646,0.5385932326316833,,,,,,,,,,,,,,,
,0.00020713599552358788,6229,,,,,,,,,,,,,,,,,,,,,,,,,,,,,,
60,,6229,0.536398708820343,0.17592468857765198,0.8703409433364868,0.026149379089474678,0.4499044418334961,0.021703669801354408,1.006576657295227,4.364316919236444e-05,2.302219867706299,0.1206994503736496,0.4409622550010681,3.6088075637817383,0.002800449961796403,2.1704776287078857,0.6555102467536926,,,,,,,,,,,,,,,
,0.0002068588686766785,6239,,,,,,,,,,,,,,,,,,,,,,,,,,,,,,
60,,6239,0.48055070638656616,0.24319079518318176,1.0004278421401978,0.03775781765580177,0.5238149166107178,0.011854724027216434,1.216562271118164,8.626175986137241e-05,2.703023910522461,0.07591909170150757,0.5222966074943542,4.142301559448242,0.01110922358930111,2.1177663803100586,0.6525842547416687,,,,,,,,,,,,,,,
,0.00020658151500232953,6249,,,,,,,,,,,,,,,,,,,,,,,,,,,,,,
60,,6249,0.5601893663406372,0.19759324193000793,1.3241558074951172,0.01735658198595047,0.5232558250427246,0.13069745898246765,1.5360870361328125,0.00011288391397101805,2.494169235229492,0.1394634246826172,0.47369372844696045,4.203514099121094,0.007024514954537153,2.053776979446411,0.7754297852516174,,,,,,,,,,,,,,,
,0.00020630393560698988,6259,,,,,,,,,,,,,,,,,,,,,,,,,,,,,,
60,,6259,0.7292627096176147,0.20308081805706024,2.18877911567688,0.014066951349377632,0.6038689613342285,1.018680453300476,2.477511167526245,0.00024051291984505951,3.273144006729126,0.21548177301883698,0.6204094886779785,6.096673011779785,0.004738055635243654,2.2280168533325195,0.8863205313682556,,,,,,,,,,,,,,,
,0.00020602613159800858,6269,,,,,,,,,,,,,,,,,,,,,,,,,,,,,,
60,,6269,0.7677678465843201,0.3015301823616028,1.5331591367721558,0.02104300819337368,0.595333456993103,1.0395499467849731,2.57554030418396,0.0028211248572915792,3.26949143409729,0.20790626108646393,0.6032552719116211,6.061614990234375,0.014586713165044785,2.010669708251953,1.0829942226409912,,,,,,,,,,,,,,,
,0.000205748104083631,6279,,,,,,,,,,,,,,,,,,,,,,,,,,,,,,
60,,6279,0.9301178455352783,0.5020047426223755,1.6684354543685913,0.02419351041316986,0.606502890586853,1.619200348854065,2.433007001876831,0.018985625356435776,3.456780433654785,0.099998340010643,0.6791443228721619,6.717254161834717,0.014188236556947231,2.1067285537719727,1.0546958446502686,,,,,,,,,,,,,,,
60,,6282,,,,,,,,,,,,,,,,0.4166021943092346,0.05808350816369057,0.8944408297538757,0.011723538860678673,0.17707465589046478,0.11240177601575851,0.8771385550498962,0.0021540506277233362,0.6409580111503601,0.27217379212379456,0.5478575229644775,1.7101937532424927,0.008893702179193497,2.240863084793091,0.2548196315765381
,0.000205469854172994,6289,,,,,,,,,,,,,,,,,,,,,,,,,,,,,,
61,,6289,0.8384492993354797,0.3616993725299835,1.651797890663147,0.06062425300478935,0.5959978699684143,1.5880825519561768,2.081216335296631,0.00020975334336981177,3.5034594535827637,0.17942407727241516,0.7557896375656128,6.521409034729004,0.011380433104932308,2.147462844848633,0.8162510991096497,,,,,,,,,,,,,,,
,0.00020519138297612173,6299,,,,,,,,,,,,,,,,,,,,,,,,,,,,,,
61,,6299,1.2775617837905884,0.41530337929725647,1.7882626056671143,0.05360531806945801,0.6823647022247314,1.5371546745300293,2.9514479637145996,0.040671251714229584,3.8779914379119873,0.28542253375053406,0.7970036268234253,7.693413734436035,0.04892028123140335,2.2690985202789307,1.5053327083587646,,,,,,,,,,,,,,,
,0.00020491269160392102,6309,,,,,,,,,,,,,,,,,,,,,,,,,,,,,,
61,,6309,1.1663761138916016,0.35745084285736084,1.8790581226348877,0.03771552816033363,0.6768869757652283,2.7083213329315186,3.4555165767669678,2.9557519155787304e-05,4.15216064453125,0.4820137023925781,0.6857084631919861,8.500367164611816,0.005616944748908281,2.242013454437256,1.3941776752471924,,,,,,,,,,,,,,,
,0.00020463378116817712,6319,,,,,,,,,,,,,,,,,,,,,,,,,,,,,,
61,,6319,0.9729745984077454,0.30644136667251587,1.606590986251831,0.02395753003656864,0.6389150023460388,1.543846845626831,2.61035418510437,0.0027487154584378004,3.500412702560425,0.29673486948013306,0.6341383457183838,6.6686506271362305,0.003864237340167165,2.0027663707733154,0.9701562523841858,,,,,,,,,,,,,,,
,0.00020435465278154913,6329,,,,,,,,,,,,,,,,,,,,,,,,,,,,,,
61,,6329,0.7643531560897827,0.4571707248687744,1.6769194602966309,0.04734273627400398,0.6831525564193726,0.5228824019432068,2.539128303527832,0.0125044547021389,3.6476316452026367,0.2352408766746521,0.5923318266868591,6.385071277618408,0.028394049033522606,2.1161985397338867,1.2010444402694702,,,,,,,,,,,,,,,
,0.00020407530755756577,6339,,,,,,,,,,,,,,,,,,,,,,,,,,,,,,
61,,6339,0.8311499357223511,0.3541848659515381,1.4110915660858154,0.03558863326907158,0.6062091588973999,1.167065143585205,1.8674527406692505,0.0018547703512012959,3.1915814876556396,0.1753145456314087,0.5778935551643372,5.992891788482666,0.02474573627114296,2.1890487670898438,1.3824039697647095,,,,,,,,,,,,,,,
,0.00020379574661062057,6349,,,,,,,,,,,,,,,,,,,,,,,,,,,,,,
61,,6349,0.5656318068504333,0.2635487914085388,1.3165695667266846,0.03921029344201088,0.5762696862220764,0.3737908899784088,1.7467458248138428,6.480336014647037e-05,2.9043068885803223,0.12005448341369629,0.5412008762359619,4.914638996124268,0.014059103094041348,2.095904588699341,0.9329805970191956,,,,,,,,,,,,,,,
,0.00020351597105596787,6359,,,,,,,,,,,,,,,,,,,,,,,,,,,,,,
61,,6359,0.8123201131820679,0.21726703643798828,1.9874769449234009,0.027924509719014168,0.5993286371231079,1.2052555084228516,1.7618639469146729,8.941180567489937e-05,3.579885959625244,0.19416601955890656,0.8019767999649048,6.505587577819824,0.017847426235675812,2.025678873062134,1.3602818250656128,,,,,,,,,,,,,,,
,0.00020323598200971792,6369,,,,,,,,,,,,,,,,,,,,,,,,,,,,,,
61,,6369,9.660307884216309,18.211483001708984,13.411709785461426,6.411314964294434,9.907669067382812,4.754762172698975,10.516910552978516,6.588688850402832,11.489935874938965,3.6157314777374268,9.761575698852539,60.240657806396484,6.727834224700928,2.133659839630127,9.688072204589844,,,,,,,,,,,,,,,
,0.00020295578058883288,6379,,,,,,,,,,,,,,,,,,,,,,,,,,,,,,
61,,6379,1.8882160186767578,2.327986001968384,5.094320297241211,0.1291443556547165,1.5990697145462036,3.2021937370300293,4.867794513702393,0.6325772404670715,5.305968284606934,0.25916796922683716,1.7336705923080444,13.880881309509277,0.16131556034088135,2.215451955795288,2.1495132446289062,,,,,,,,,,,,,,,
61,,6385,,,,,,,,,,,,,,,,1.3737963438034058,0.5334348678588867,1.9402633905410767,0.02442479319870472,0.8472201228141785,2.625352621078491,3.987034320831299,0.39194613695144653,4.2118401527404785,0.43337541818618774,0.9758835434913635,9.350205421447754,0.02561476081609726,2.2792258262634277,1.442018747329712
,0.0002026753679111219,6389,,,,,,,,,,,,,,,,,,,,,,,,,,,,,,
62,,6389,1.2926713228225708,0.8271493911743164,2.4054949283599854,0.060585904866456985,0.8455027937889099,2.67276930809021,3.189420700073242,3.651089668273926,4.147659778594971,0.28302738070487976,0.9907081127166748,12.546061515808105,0.024199729785323143,2.26790189743042,1.2599040269851685,,,,,,,,,,,,,,,
,0.00020239474509523714,6399,,,,,,,,,,,,,,,,,,,,,,,,,,,,,,
62,,6399,1.2510225772857666,0.5678671002388,2.7311899662017822,0.07019016891717911,0.777560293674469,3.247121810913086,3.574892282485962,0.8178362250328064,4.325387954711914,0.21615765988826752,0.8616811037063599,10.230476379394531,0.017632020637392998,2.21856689453125,1.3699301481246948,,,,,,,,,,,,,,,
,0.00020211391326066896,6409,,,,,,,,,,,,,,,,,,,,,,,,,,,,,,
62,,6409,1.238815188407898,0.4530298411846161,2.3928303718566895,0.04207032546401024,0.8769060373306274,2.7445120811462402,3.457159996032715,1.1862692832946777,4.326568126678467,0.347522497177124,0.9288440346717834,10.165751457214355,0.008032909594476223,2.25339412689209,1.3022392988204956,,,,,,,,,,,,,,,
,0.0002018328735277414,6419,,,,,,,,,,,,,,,,,,,,,,,,,,,,,,
62,,6419,1.3981140851974487,0.5219053030014038,2.5660903453826904,0.024782845750451088,0.792822539806366,2.9253196716308594,3.473294973373413,0.3456379175186157,4.271010875701904,0.4510638415813446,0.7859082221984863,9.489713668823242,0.01752781681716442,2.142585039138794,1.3302568197250366,,,,,,,,,,,,,,,
,0.00020155162701760815,6429,,,,,,,,,,,,,,,,,,,,,,,,,,,,,,
62,,6429,1.1843773126602173,0.6826311945915222,2.319880247116089,0.12088733166456223,0.9146419167518616,2.9594180583953857,3.2167627811431885,0.13280855119228363,4.125022888183594,0.20021840929985046,0.9343647956848145,9.070053100585938,0.028345158323645592,2.319912910461426,1.2410566806793213,,,,,,,,,,,,,,,
,0.00020127017485224762,6439,,,,,,,,,,,,,,,,,,,,,,,,,,,,,,
62,,6439,1.1222482919692993,0.6065097451210022,2.160832166671753,0.10939652472734451,0.8507092595100403,2.864367961883545,3.070716381072998,0.1167529746890068,4.10153341293335,0.25091519951820374,0.8498604893684387,8.850762367248535,0.012917011976242065,2.2135002613067627,1.4601144790649414,,,,,,,,,,,,,,,
,0.00020098851815445875,6449,,,,,,,,,,,,,,,,,,,,,,,,,,,,,,
62,,6449,1.1369030475616455,0.5383811593055725,2.355797290802002,0.08969783037900925,0.8984004855155945,2.626338481903076,3.3368966579437256,0.04042048007249832,4.170413494110107,0.35136592388153076,0.8772061467170715,8.794270515441895,0.027793752029538155,2.212773323059082,1.250877857208252,,,,,,,,,,,,,,,
,0.00020070665804785624,6459,,,,,,,,,,,,,,,,,,,,,,,,,,,,,,
62,,6459,1.3711739778518677,0.7449873685836792,2.4681882858276367,0.017943285405635834,0.8026434779167175,3.164323329925537,2.8119547367095947,0.020701035857200623,4.10097599029541,0.3398653268814087,0.8280435800552368,8.999321937561035,0.0062525151297450066,2.2242181301116943,1.423372507095337,,,,,,,,,,,,,,,
,0.00020042459565686651,6469,,,,,,,,,,,,,,,,,,,,,,,,,,,,,,
62,,6469,1.237041711807251,0.5490921139717102,2.3180899620056152,0.0851355791091919,0.8880350589752197,2.847532272338867,3.431539297103882,0.012068135663866997,4.050047874450684,0.4325316250324249,0.8702417016029358,8.830010414123535,0.019234437495470047,2.2373292446136475,1.2911720275878906,,,,,,,,,,,,,,,
,0.00020014233210672268,6479,,,,,,,,,,,,,,,,,,,,,,,,,,,,,,
62,,6479,1.3482558727264404,0.7382314205169678,1.9834622144699097,0.04813414812088013,0.8645298480987549,2.5812747478485107,3.042529582977295,0.016214167699217796,4.113754749298096,0.15448832511901855,0.8121672868728638,8.64574909210205,0.042138367891311646,2.2525734901428223,1.3601288795471191,,,,,,,,,,,,,,,
62,,6488,,,,,,,,,,,,,,,,1.1631817817687988,0.40514084696769714,1.934273600578308,0.020926233381032944,0.7805346846580505,2.5431325435638428,3.6930606365203857,0.0027085584588348866,4.17273473739624,0.3371678590774536,0.8004539012908936,8.517609596252441,0.01899409107863903,2.241805076599121,1.2589486837387085
,0.00019985986852346063,6489,,,,,,,,,,,,,,,,,,,,,,,,,,,,,,
63,,6489,1.3605059385299683,0.5595088601112366,2.246692180633545,0.06214015185832977,0.8483952283859253,2.7738258838653564,3.361025810241699,0.015929780900478363,4.146460056304932,0.5069431066513062,0.8238886594772339,8.883999824523926,0.027604153379797935,2.2245235443115234,1.2457133531570435,,,,,,,,,,,,,,,
,0.000199577206033914,6499,,,,,,,,,,,,,,,,,,,,,,,,,,,,,,
63,,6499,2.649277925491333,4.732229709625244,4.323163986206055,1.5325384140014648,2.2581419944763184,3.623671531677246,5.277202129364014,1.5024232864379883,4.976524353027344,2.2464358806610107,1.7005454301834106,19.240234375,1.1878403425216675,2.1646645069122314,3.8456029891967773,,,,,,,,,,,,,,,
,0.00019929434576571007,6509,,,,,,,,,,,,,,,,,,,,,,,,,,,,,,
63,,6509,0.8525633811950684,0.4071423411369324,3.0329153537750244,0.0344671867787838,0.9791698455810547,4.607877731323242,3.6403164863586426,0.36053240299224854,4.234927654266357,0.43753302097320557,1.258653998374939,11.387493133544922,0.018491080030798912,2.141805648803711,4.879632472991943,,,,,,,,,,,,,,,
,0.00019901128884726503,6519,,,,,,,,,,,,,,,,,,,,,,,,,,,,,,
63,,6519,1.014399766921997,0.29622411727905273,2.0586373805999756,0.060956068336963654,0.7709689140319824,3.3490288257598877,3.21921443939209,0.23831599950790405,3.981151580810547,0.4477517008781433,0.726512610912323,9.342581748962402,0.01763550192117691,2.0310544967651367,3.055723190307617,,,,,,,,,,,,,,,
,0.00019872803640777966,6529,,,,,,,,,,,,,,,,,,,,,,,,,,,,,,
63,,6529,1.1348323822021484,0.3594697415828705,1.839213252067566,0.027917390689253807,0.701819658279419,2.5384719371795654,3.1123948097229004,0.2547348141670227,3.8730459213256836,0.28425997495651245,0.6747322678565979,8.279741287231445,0.020425572991371155,2.013345241546631,1.4675785303115845,,,,,,,,,,,,,,,
,0.0001984445895772346,6539,,,,,,,,,,,,,,,,,,,,,,,,,,,,,,
63,,6539,0.8638531565666199,0.3185931444168091,1.8396611213684082,0.04354183003306389,0.6085058450698853,1.9435091018676758,2.2285072803497314,0.006891167722642422,3.5908212661743164,0.1570039689540863,0.5531483292579651,6.890542507171631,0.018256807699799538,2.015227794647217,1.0152705907821655,,,,,,,,,,,,,,,
,0.00019816094948638618,6549,,,,,,,,,,,,,,,,,,,,,,,,,,,,,,
63,,6549,0.9029666781425476,0.3715662360191345,1.5998576879501343,0.04669562354683876,0.6269630193710327,1.4802218675613403,2.381471633911133,0.0017432795139029622,3.6874163150787354,0.22781652212142944,0.5070803761482239,6.784497261047363,0.013357821851968765,2.0134425163269043,1.0913636684417725,,,,,,,,,,,,,,,
,0.00019787711726676146,6559,,,,,,,,,,,,,,,,,,,,,,,,,,,,,,
63,,6559,0.7062100768089294,0.2631966769695282,1.2783758640289307,0.03700500726699829,0.5382272601127625,0.5241339802742004,1.9025874137878418,0.0022632302716374397,2.976438283920288,0.1754629760980606,0.6120543479919434,5.154642105102539,0.014448911882936954,2.188154697418213,0.8719654679298401,,,,,,,,,,,,,,,
,0.00019759309405065415,6569,,,,,,,,,,,,,,,,,,,,,,,,,,,,,,
63,,6569,0.9353189468383789,0.2794051468372345,1.511777400970459,0.054520849138498306,1.0812798738479614,0.8729139566421509,2.8674404621124268,0.0036594695411622524,3.6100716590881348,0.22582446038722992,1.0043102502822876,6.885396480560303,0.012482022866606712,2.196051836013794,1.7111163139343262,,,,,,,,,,,,,,,
,0.0001973088809711199,6579,,,,,,,,,,,,,,,,,,,,,,,,,,,,,,
63,,6579,1.8225375413894653,0.35697615146636963,2.036104202270508,0.05063772201538086,1.8859931230545044,1.4608955383300781,2.8206498622894287,0.005406117532402277,4.309393405914307,0.218645378947258,0.9474201798439026,8.905550956726074,0.02014191634953022,2.290325880050659,2.418971300125122,,,,,,,,,,,,,,,
,0.00019702447916197162,6589,,,,,,,,,,,,,,,,,,,,,,,,,,,,,,
63,,6589,1.713168978691101,0.32217639684677124,1.9389643669128418,0.07373295724391937,1.906748652458191,2.0919699668884277,3.0810630321502686,0.00918950792402029,4.1828227043151855,0.26075059175491333,0.825133204460144,8.826861381530762,0.029633337631821632,2.2739250659942627,1.5575380325317383,,,,,,,,,,,,,,,
63,,6591,,,,,,,,,,,,,,,,0.820039689540863,0.05319175124168396,0.45825129747390747,0.0013628414599224925,0.8694400191307068,0.15738627314567566,0.703974723815918,0.000993181485682726,1.1949610710144043,0.05644424632191658,0.2648374140262604,2.389711618423462,0.007393719162791967,2.4018185138702393,0.2758263051509857
,0.00019673988975777524,6599,,,,,,,,,,,,,,,,,,,,,,,,,,,,,,
64,,6599,1.691771388053894,0.30622774362564087,1.6403272151947021,0.04873102903366089,1.1423258781433105,1.963263988494873,2.4466264247894287,0.002929402980953455,3.937647581100464,0.20689325034618378,0.6371487975120544,7.852426528930664,0.024073906242847443,2.2149507999420166,1.137450098991394,,,,,,,,,,,,,,,
,0.0001964551138938451,6609,,,,,,,,,,,,,,,,,,,,,,,,,,,,,,
64,,6609,1.2115612030029297,0.47818320989608765,2.286235809326172,0.027199305593967438,0.6920098066329956,1.7406383752822876,3.013597249984741,0.010491516441106796,3.856360673904419,0.14889104664325714,0.8638184070587158,7.771462917327881,0.0052771661430597305,2.0812690258026123,1.3246383666992188,,,,,,,,,,,,,,,
,0.00019617015270623927,6619,,,,,,,,,,,,,,,,,,,,,,,,,,,,,,
64,,6619,1.687830924987793,0.47629767656326294,2.7317090034484863,0.03048468567430973,0.7670111060142517,3.86383318901062,3.813478708267212,0.018954597413539886,3.995864152908325,0.07792314141988754,1.1206650733947754,9.602166175842285,0.009576670825481415,2.11783504486084,1.268262505531311,,,,,,,,,,,,,,,
,0.00019588500733175518,6629,,,,,,,,,,,,,,,,,,,,,,,,,,,,,,
64,,6629,1.6601166725158691,0.45806923508644104,2.888554334640503,0.022459659725427628,0.8162239789962769,3.4441118240356445,3.741741418838501,0.048245467245578766,4.157907485961914,0.14464081823825836,0.997212827205658,9.56747055053711,0.010006267577409744,2.1131458282470703,1.2210454940795898,,,,,,,,,,,,,,,
,0.00019559967890792515,6639,,,,,,,,,,,,,,,,,,,,,,,,,,,,,,
64,,6639,1.3889286518096924,0.5031099319458008,2.888566732406616,0.07394970208406448,1.0137182474136353,3.760247230529785,3.6018261909484863,0.012378179468214512,3.961815118789673,0.13304662704467773,1.0653419494628906,9.429516792297363,0.03714339807629585,2.1356358528137207,1.0497263669967651,,,,,,,,,,,,,,,
,0.00019531416857301154,6649,,,,,,,,,,,,,,,,,,,,,,,,,,,,,,
64,,6649,1.109871506690979,0.5135063529014587,3.2317917346954346,0.07095914334058762,1.124318242073059,4.694965839385986,3.7938899993896484,0.012422576546669006,3.939044952392578,0.19030769169330597,1.0552172660827637,9.973409652709961,0.01994679495692253,2.127943277359009,1.2817872762680054,,,,,,,,,,,,,,,
,0.00019502847746600253,6659,,,,,,,,,,,,,,,,,,,,,,,,,,,,,,
64,,6659,0.9527091979980469,0.41601845622062683,2.8701305389404297,0.03525536134839058,1.5906037092208862,3.7932496070861816,3.4382100105285645,0.012153618037700653,3.8951854705810547,0.10547894239425659,0.7201463580131531,9.219061851501465,0.027372252196073532,2.291186809539795,1.4387153387069702,,,,,,,,,,,,,,,
,0.00019474260672660749,6669,,,,,,,,,,,,,,,,,,,,,,,,,,,,,,
64,,6669,1.3325004577636719,0.42594316601753235,3.1073355674743652,0.042532920837402344,1.8222835063934326,5.2827606201171875,3.530559778213501,0.008708691224455833,4.060871124267578,0.16267824172973633,0.7540306448936462,10.460400581359863,0.011926989071071148,2.2653934955596924,1.375778079032898,,,,,,,,,,,,,,,
,0.00019445655749525232,6679,,,,,,,,,,,,,,,,,,,,,,,,,,,,,,
64,,6679,1.3418681621551514,0.5887141227722168,2.9059205055236816,0.08585157990455627,2.002342462539673,4.076536178588867,3.3490195274353027,0.013095976784825325,3.9846396446228027,0.14515621960163116,0.8792545795440674,9.772778511047363,0.019721398130059242,2.2277774810791016,1.0584715604782104,,,,,,,,,,,,,,,
,0.00019417033091307493,6689,,,,,,,,,,,,,,,,,,,,,,,,,,,,,,
64,,6689,1.8529762029647827,1.0308938026428223,3.6734774112701416,0.05774548277258873,1.3153406381607056,4.119255542755127,4.185272216796875,0.26340484619140625,4.394144058227539,0.30697375535964966,1.0889981985092163,11.298709869384766,0.054166700690984726,2.1546201705932617,1.2991083860397339,,,,,,,,,,,,,,,
64,,6694,,,,,,,,,,,,,,,,0.9279336333274841,0.11569086462259293,2.4620203971862793,0.01369426865130663,1.9658981561660767,1.8008480072021484,1.9778708219528198,0.002792775398120284,2.9193506240844727,0.19158922135829926,0.8171746730804443,6.860339641571045,0.01582246460020542,2.4288883209228516,1.937635898590088
,0.00019388392812192095,6699,,,,,,,,,,,,,,,,,,,,,,,,,,,,,,
65,,6699,1.5849487781524658,0.669000506401062,3.488659381866455,0.039370957762002945,1.4275014400482178,5.143462181091309,4.056776523590088,0.0849575400352478,4.079914093017578,0.22958345711231232,1.2488633394241333,10.978665351867676,0.040262557566165924,2.1887660026550293,1.3349257707595825,,,,,,,,,,,,,,,
,0.00019359735026433866,6709,,,,,,,,,,,,,,,,,,,,,,,,,,,,,,
65,,6709,1.4612597227096558,0.5440219640731812,4.018869400024414,0.0716458261013031,2.043520927429199,5.593266010284424,4.3320698738098145,0.09969323128461838,4.393083095550537,0.5355221033096313,0.9715437293052673,11.84754467010498,0.01793811097741127,2.2389397621154785,1.4870600700378418,,,,,,,,,,,,,,,
,0.00019331059848357504,6719,,,,,,,,,,,,,,,,,,,,,,,,,,,,,,
65,,6719,1.326852798461914,0.43227294087409973,4.001184940338135,0.02988576330244541,2.334714651107788,5.184720993041992,4.136305332183838,0.038309358060359955,4.3315558433532715,0.318909615278244,0.8541461229324341,11.427315711975098,0.016887232661247253,2.23028826713562,1.8173530101776123,,,,,,,,,,,,,,,
,0.00019302367392357063,6729,,,,,,,,,,,,,,,,,,,,,,,,,,,,,,
65,,6729,1.7216711044311523,0.479788213968277,2.8534927368164062,0.03988604620099068,1.971712350845337,3.0744454860687256,3.288130760192871,0.04123430699110031,4.059597969055176,0.24366968870162964,0.8480222225189209,9.743644714355469,0.01083217840641737,2.2214691638946533,2.0831894874572754,,,,,,,,,,,,,,,
,0.00019273657772895546,6739,,,,,,,,,,,,,,,,,,,,,,,,,,,,,,
65,,6739,1.6800904273986816,0.3719765841960907,2.7502827644348145,0.10226375609636307,1.7726706266403198,3.094636917114258,3.399805784225464,0.047209471464157104,4.268996715545654,0.34529438614845276,0.7140066027641296,10.174579620361328,0.020221557468175888,2.126293659210205,2.956449508666992,,,,,,,,,,,,,,,
,0.00019244931104504419,6749,,,,,,,,,,,,,,,,,,,,,,,,,,,,,,
65,,6749,1.653685450553894,0.6601049304008484,1.921776294708252,0.0690668448805809,0.8565388321876526,2.972209930419922,3.451327323913574,0.04403902217745781,4.127813816070557,0.3575386703014374,0.7146894335746765,9.20893669128418,0.03760996460914612,2.0889029502868652,1.6778279542922974,,,,,,,,,,,,,,,
,0.0001921618750178315,6759,,,,,,,,,,,,,,,,,,,,,,,,,,,,,,
65,,6759,1.2339338064193726,0.5110606551170349,2.310180425643921,0.04198037460446358,0.8423118591308594,2.647294521331787,3.5937232971191406,0.03051367774605751,4.15460729598999,0.2801143527030945,0.7348067164421082,8.865777969360352,0.02291685901582241,2.063028335571289,1.5989340543746948,,,,,,,,,,,,,,,
,0.0001918742707939878,6769,,,,,,,,,,,,,,,,,,,,,,,,,,,,,,
65,,6769,1.0628859996795654,0.4034125506877899,2.4462714195251465,0.025828510522842407,0.7587003111839294,2.245060443878174,3.4605045318603516,0.012630904093384743,3.893085241317749,0.4643407464027405,0.7933081388473511,8.215727806091309,0.024440119042992592,2.1280548572540283,1.4246976375579834,,,,,,,,,,,,,,,
,0.00019158649952085436,6779,,,,,,,,,,,,,,,,,,,,,,,,,,,,,,
65,,6779,1.091849684715271,0.3426910638809204,1.975694179534912,0.06669905036687851,0.7096283435821533,2.3972294330596924,3.207411766052246,0.010220503434538841,4.098428249359131,0.07822180539369583,0.6853057742118835,8.19433879852295,0.029037710279226303,2.105752468109131,1.2919154167175293,,,,,,,,,,,,,,,
,0.00019129856234643896,6789,,,,,,,,,,,,,,,,,,,,,,,,,,,,,,
65,,6789,1.041440725326538,0.40404361486434937,1.8676203489303589,0.029529154300689697,0.7095446586608887,2.4636600017547607,2.4503426551818848,0.006625559646636248,3.749185562133789,0.22678543627262115,0.6486889123916626,7.550065994262695,0.023466994985938072,2.0874226093292236,1.0435879230499268,,,,,,,,,,,,,,,
65,,6797,,,,,,,,,,,,,,,,0.6840987801551819,0.2052420973777771,1.457574486732483,0.010075343772768974,0.5170443058013916,1.2144500017166138,1.8366131782531738,0.01740620657801628,2.6049511432647705,0.19438807666301727,0.5257965326309204,5.105900764465332,0.008500587195158005,1.9923596382141113,0.9119728207588196
,0.00019101046041941115,6799,,,,,,,,,,,,,,,,,,,,,,,,,,,,,,
66,,6799,1.0844229459762573,0.30846279859542847,1.771176815032959,0.05960417166352272,0.6661058664321899,2.1242077350616455,2.6233363151550293,0.008612701669335365,3.6810224056243896,0.13335609436035156,0.6733232140541077,7.407445430755615,0.01863306760787964,2.0835704803466797,1.3449716567993164,,,,,,,,,,,,,,,
,0.00019072219488909775,6809,,,,,,,,,,,,,,,,,,,,,,,,,,,,,,
66,,6809,1.486246109008789,0.4483141005039215,2.797973394393921,0.07055587321519852,1.26582670211792,3.8698694705963135,3.653536558151245,0.0043068453669548035,4.043970108032227,0.5263753533363342,0.8278436064720154,9.785516738891602,0.018104324117302895,2.166790008544922,1.5914610624313354,,,,,,,,,,,,,,,
,0.00019043376690547825,6819,,,,,,,,,,,,,,,,,,,,,,,,,,,,,,
66,,6819,1.112836480140686,0.7394494414329529,2.8739004135131836,0.03196707367897034,1.5194238424301147,3.0847761631011963,3.8323028087615967,0.0381290465593338,3.9940428733825684,0.21063241362571716,0.6794188618659973,9.65569019317627,0.027406973764300346,2.2620909214019775,2.6732563972473145,,,,,,,,,,,,,,,
,0.00019014517761918015,6829,,,,,,,,,,,,,,,,,,,,,,,,,,,,,,
66,,6829,1.2612779140472412,0.41908788681030273,2.64463472366333,0.02623663656413555,0.9794981479644775,3.8443353176116943,3.98189115524292,0.026990601792931557,4.1508917808532715,0.12491364777088165,1.0247341394424438,9.832108497619629,0.014248768799006939,2.1475586891174316,2.1195929050445557,,,,,,,,,,,,,,,
,0.0001898564281814745,6839,,,,,,,,,,,,,,,,,,,,,,,,,,,,,,
66,,6839,3.1675374507904053,6.0979323387146,4.368276119232178,0.6806386709213257,1.3393598794937134,4.072810649871826,4.766819000244141,2.3228659629821777,5.219747066497803,0.9847818613052368,2.196601629257202,19.173004150390625,0.8537470698356628,2.095684051513672,2.04197359085083,,,,,,,,,,,,,,,
,0.00018956751974427133,6849,,,,,,,,,,,,,,,,,,,,,,,,,,,,,,
66,,6849,3.363581418991089,5.046910762786865,4.125405788421631,0.49299657344818115,1.517877221107483,3.418102264404297,4.576389312744141,2.5279059410095215,5.219455242156982,1.0854464769363403,1.8266013860702515,18.07424545288086,0.5510480403900146,1.8955758810043335,1.9463623762130737,,,,,,,,,,,,,,,
,0.00018927845346011475,6859,,,,,,,,,,,,,,,,,,,,,,,,,,,,,,
66,,6859,1.1157366037368774,0.4635635316371918,2.633104085922241,0.0564696341753006,0.9729331731796265,2.8251001834869385,4.041740894317627,0.6642253398895264,4.248570442199707,0.42488986253738403,1.045987606048584,9.965922355651855,0.021351724863052368,2.076633930206299,1.6764358282089233,,,,,,,,,,,,,,,
,0.00018898923048217878,6869,,,,,,,,,,,,,,,,,,,,,,,,,,,,,,
66,,6869,1.4796712398529053,0.7295351624488831,2.5797855854034424,0.0015184434596449137,0.9031903743743896,3.170147657394409,3.325195074081421,2.0676376819610596,4.193674087524414,0.2552022337913513,0.9883110523223877,11.507522583007812,0.0033731546718627214,2.133892059326172,1.8587350845336914,,,,,,,,,,,,,,,
,0.0001886998519642624,6879,,,,,,,,,,,,,,,,,,,,,,,,,,,,,,
66,,6879,1.4085773229599,0.5193464159965515,3.1160454750061035,0.06794897466897964,0.7309680581092834,2.841573476791382,4.437996864318848,1.3003592491149902,4.227930545806885,0.20746450126171112,0.6826299428939819,10.718270301818848,0.010222643613815308,2.026946544647217,1.2809826135635376,,,,,,,,,,,,,,,
,0.00018841031906078514,6889,,,,,,,,,,,,,,,,,,,,,,,,,,,,,,
66,,6889,1.1933996677398682,0.5195652842521667,2.218796491622925,0.05017348378896713,0.7072471976280212,2.8366665840148926,3.279813051223755,0.563619077205658,4.192817687988281,0.31236061453819275,0.713111937046051,9.305425643920898,0.02607312798500061,2.0099310874938965,1.3266761302947998,,,,,,,,,,,,,,,
,0.0001881206329267824,6899,,,,,,,,,,,,,,,,,,,,,,,,,,,,,,
66,,6899,1.1725319623947144,0.47979432344436646,2.08609676361084,0.05597732216119766,0.7068556547164917,2.959550380706787,3.0519752502441406,0.6254655122756958,4.021642684936523,0.20548705756664276,0.7053777575492859,9.067804336547852,0.03861616924405098,2.0749967098236084,1.102366328239441,,,,,,,,,,,,,,,
66,,6900,,,,,,,,,,,,,,,,1.2431131601333618,0.2866080105304718,1.87837553024292,0.019007671624422073,0.7093981504440308,3.2709619998931885,3.4284539222717285,0.3415391445159912,4.1615400314331055,0.27557608485221863,0.6810477375984192,9.188801765441895,0.023048508912324905,2.070098638534546,1.6548807621002197
,0.0001878307947179009,6909,,,,,,,,,,,,,,,,,,,,,,,,,,,,,,
67,,6909,1.10189950466156,0.4083479940891266,2.1722865104675293,0.06991998106241226,0.705729067325592,2.781022787094116,3.137953042984009,0.570340633392334,4.016735076904297,0.20303520560264587,0.7004796266555786,8.95949649810791,0.01961977779865265,2.0982494354248047,1.3164113759994507,,,,,,,,,,,,,,,
,0.0001875408055903941,6919,,,,,,,,,,,,,,,,,,,,,,,,,,,,,,
67,,6919,1.1022727489471436,0.4613499641418457,2.321042537689209,0.08638205379247665,0.6970016956329346,2.7064971923828125,3.1437935829162598,0.5826998949050903,4.049982070922852,0.2198868840932846,0.7085299491882324,9.090470314025879,0.007403204683214426,2.0969274044036865,1.479587197303772,,,,,,,,,,,,,,,
,0.0001872506667011173,6929,,,,,,,,,,,,,,,,,,,,,,,,,,,,,,
67,,6929,1.0618551969528198,0.4005723297595978,2.0581841468811035,0.022631267085671425,0.7134221196174622,3.035759210586548,2.8595714569091797,0.4906029999256134,4.051015853881836,0.30519840121269226,0.6881390810012817,9.049156188964844,0.023075854405760765,2.13059663772583,1.8622750043869019,,,,,,,,,,,,,,,
,0.00018696037920752347,6939,,,,,,,,,,,,,,,,,,,,,,,,,,,,,,
67,,6939,1.114324688911438,0.30170878767967224,1.9044058322906494,0.07755844295024872,0.7116919755935669,2.910475969314575,2.911123037338257,0.5339236259460449,4.002934455871582,0.1434454321861267,0.7386052012443542,8.770301818847656,0.01254341471940279,2.113342046737671,1.2133160829544067,,,,,,,,,,,,,,,
,0.00018666994426765827,6949,,,,,,,,,,,,,,,,,,,,,,,,,,,,,,
67,,6949,1.0397001504898071,0.3469487130641937,1.9935266971588135,0.05844687297940254,0.7068181037902832,2.6591548919677734,3.0607943534851074,0.5278105735778809,4.049589157104492,0.33397117257118225,0.6754271984100342,8.827733993530273,0.014897914603352547,2.079200029373169,1.5454661846160889,,,,,,,,,,,,,,,
,0.00018637936304015564,6959,,,,,,,,,,,,,,,,,,,,,,,,,,,,,,
67,,6959,1.2114448547363281,0.29744774103164673,2.0507845878601074,0.049690887331962585,0.7052372694015503,3.0923430919647217,3.068887233734131,0.3007251024246216,4.082194805145264,0.22407349944114685,0.701299250125885,8.84766674041748,0.02812223508954048,2.115732431411743,1.2780754566192627,,,,,,,,,,,,,,,
,0.00018608863668423308,6969,,,,,,,,,,,,,,,,,,,,,,,,,,,,,,
67,,6969,1.1102721691131592,0.4459482431411743,2.1482865810394287,0.04398290440440178,0.7085399627685547,2.954092264175415,2.917468547821045,0.11685431003570557,4.047483921051025,0.19154605269432068,0.6959596872329712,8.531267166137695,0.014515652321279049,2.095198392868042,1.2631922960281372,,,,,,,,,,,,,,,
,0.00018579776635968705,6979,,,,,,,,,,,,,,,,,,,,,,,,,,,,,,
67,,6979,1.2574204206466675,0.36311593651771545,2.0840251445770264,0.06269398331642151,0.7055720090866089,2.9203877449035645,3.0228431224823,0.12290984392166138,3.973804235458374,0.2179141342639923,0.7069619297981262,8.562041282653809,0.01046749297529459,2.1271491050720215,1.4220787286758423,,,,,,,,,,,,,,,
,0.00018550675322688838,6989,,,,,,,,,,,,,,,,,,,,,,,,,,,,,,
67,,6989,1.1222621202468872,0.350713849067688,2.129652976989746,0.05095813423395157,0.6962023377418518,2.710845470428467,3.230560779571533,0.06323672831058502,4.157464504241943,0.2559877634048462,0.6716670393943787,8.51081657409668,0.024881109595298767,2.126640558242798,1.2137295007705688,,,,,,,,,,,,,,,
,0.00018521559844677753,6999,,,,,,,,,,,,,,,,,,,,,,,,,,,,,,
67,,6999,1.1462980508804321,0.3114146888256073,2.075330972671509,0.08217904716730118,0.706750750541687,2.491522789001465,3.1609578132629395,0.04345216229557991,4.083282470703125,0.1374332159757614,0.7126456499099731,8.317234992980957,0.02377018705010414,2.1255600452423096,1.2946813106536865,,,,,,,,,,,,,,,
67,,7003,,,,,,,,,,,,,,,,1.2075316905975342,0.27491095662117004,1.8700453042984009,0.019186900928616524,0.709716260433197,2.535843849182129,3.3765387535095215,0.018968837335705757,4.088510513305664,0.2607201039791107,0.6929356455802917,8.326898574829102,0.02208320051431656,2.110229015350342,1.454081654548645
,0.00018492430318086016,7009,,,,,,,,,,,,,,,,,,,,,,,,,,,,,,
68,,7009,1.0978386402130127,0.36780932545661926,1.952982783317566,0.07069823890924454,0.7016740441322327,2.9358184337615967,2.7976319789886475,0.038439907133579254,4.156799793243408,0.19820179045200348,0.7039648294448853,8.475476264953613,0.022669518366456032,2.1201305389404297,1.3055731058120728,,,,,,,,,,,,,,,
,0.00018463286859120214,7019,,,,,,,,,,,,,,,,,,,,,,,,,,,,,,
68,,7019,0.9673470854759216,0.32817623019218445,1.8894513845443726,0.0842345729470253,0.6874492168426514,2.511054039001465,2.929704427719116,0.05619099736213684,4.162450313568115,0.2871878445148468,0.7617853879928589,8.249961853027344,0.03775269165635109,2.1585195064544678,1.2410088777542114,,,,,,,,,,,,,,,
,0.00018434129584042546,7029,,,,,,,,,,,,,,,,,,,,,,,,,,,,,,
68,,7029,0.9807331562042236,0.34536612033843994,2.1453888416290283,0.026884717866778374,0.7070885896682739,2.6718831062316895,2.9955763816833496,0.058009929955005646,4.0330939292907715,0.3330006003379822,0.7247346043586731,8.238200187683105,0.016137495636940002,2.1269114017486572,1.2514647245407104,,,,,,,,,,,,,,,
,0.00018404958609170307,7039,,,,,,,,,,,,,,,,,,,,,,,,,,,,,,
68,,7039,1.0633350610733032,0.31169822812080383,2.073721170425415,0.04087609797716141,0.6998224258422852,3.137035608291626,3.209825038909912,0.06087790057063103,4.04841423034668,0.15329693257808685,0.7618148326873779,8.541866302490234,0.010454107075929642,2.1344144344329834,1.2716474533081055,,,,,,,,,,,,,,,
,0.00018375774050875438,7049,,,,,,,,,,,,,,,,,,,,,,,,,,,,,,
68,,7049,1.2137844562530518,0.3751383125782013,1.7629899978637695,0.029793379828333855,0.6986126899719238,2.7976531982421875,3.0695271492004395,0.053661830723285675,4.195119380950928,0.22009381651878357,0.70539790391922,8.467403411865234,0.017455900087952614,2.138291835784912,1.2352443933486938,,,,,,,,,,,,,,,
,0.00018346576025584095,7059,,,,,,,,,,,,,,,,,,,,,,,,,,,,,,
68,,7059,1.1853851079940796,0.36754319071769714,2.063246488571167,0.04943663626909256,0.7071160674095154,2.574009656906128,3.1636407375335693,0.059123046696186066,4.081014633178711,0.30968835949897766,0.776063859462738,8.444759368896484,0.017313873395323753,2.1439976692199707,1.409426212310791,,,,,,,,,,,,,,,
,0.00018317364649776127,7069,,,,,,,,,,,,,,,,,,,,,,,,,,,,,,
68,,7069,1.1601916551589966,0.41538819670677185,1.8815786838531494,0.0392136350274086,0.7032716870307922,3.1484503746032715,2.8108980655670166,0.054138824343681335,4.147840976715088,0.26076552271842957,0.6871334910392761,8.582322120666504,0.025487259030342102,2.1419014930725098,1.252029299736023,,,,,,,,,,,,,,,
,0.00018288140039984671,7079,,,,,,,,,,,,,,,,,,,,,,,,,,,,,,
68,,7079,1.184071660041809,0.3267720639705658,2.138740062713623,0.11326435208320618,0.7028759121894836,2.6970348358154297,3.1534245014190674,0.09228251874446869,4.178145885467529,0.2789624333381653,0.688528299331665,8.649011611938477,0.03238710016012192,2.1438848972320557,1.2547367811203003,,,,,,,,,,,,,,,
,0.00018258902312795643,7089,,,,,,,,,,,,,,,,,,,,,,,,,,,,,,
68,,7089,1.279552698135376,0.3977929651737213,2.2856814861297607,0.0358591191470623,0.6996704339981079,2.8826282024383545,3.193093776702881,0.18324941396713257,4.092150688171387,0.24321185052394867,0.7113943696022034,8.772466659545898,0.029117297381162643,2.1598172187805176,1.1807550191879272,,,,,,,,,,,,,,,
,0.00018229651584847283,7099,,,,,,,,,,,,,,,,,,,,,,,,,,,,,,
68,,7099,1.0698915719985962,0.492775559425354,1.8932554721832275,0.045061226934194565,0.7090417146682739,2.7996485233306885,2.9199376106262207,0.2680613696575165,4.156157493591309,0.1292748749256134,0.69764643907547,8.58631706237793,0.010632128454744816,2.1458449363708496,1.13461172580719,,,,,,,,,,,,,,,
68,,7106,,,,,,,,,,,,,,,,1.1614880561828613,0.3091086149215698,1.905261754989624,0.018944526091217995,0.6919414401054382,2.9401185512542725,3.438786268234253,0.23223242163658142,4.113653182983398,0.31306466460227966,0.6825544238090515,8.786666870117188,0.02352432906627655,2.14846134185791,1.4537845849990845
,0.00018200387972829713,7109,,,,,,,,,,,,,,,,,,,,,,,,,,,,,,
69,,7109,1.1811637878417969,0.5741105079650879,1.9900517463684082,0.032741278409957886,0.7191631197929382,3.0116488933563232,3.078338861465454,0.882893979549408,4.1062445640563965,0.3074783980846405,0.6890521049499512,9.485132217407227,0.01057796087116003,2.166098117828369,1.3209996223449707,,,,,,,,,,,,,,,
,0.0001817111159348443,7119,,,,,,,,,,,,,,,,,,,,,,,,,,,,,,
69,,7119,1.176977276802063,0.47336170077323914,2.2220752239227295,0.017994916066527367,0.7186216711997986,2.8511850833892822,3.471090793609619,1.0134168863296509,4.107021808624268,0.36504533886909485,0.677159309387207,9.604207992553711,0.019561374559998512,2.1867077350616455,1.1284884214401245,,,,,,,,,,,,,,,
,0.00018141822563603888,7129,,,,,,,,,,,,,,,,,,,,,,,,,,,,,,
69,,7129,1.506856083869934,0.42061468958854675,2.6514737606048584,0.0767754390835762,0.8242889642715454,3.5650675296783447,3.8262221813201904,1.3842170238494873,4.175829887390137,0.16394858062267303,0.7064618468284607,10.917960166931152,0.024816052988171577,2.1894450187683105,1.427195429801941,,,,,,,,,,,,,,,
,0.00018112521000030992,7139,,,,,,,,,,,,,,,,,,,,,,,,,,,,,,
69,,7139,1.5402644872665405,0.5371604561805725,3.128023624420166,0.06268826127052307,0.809264600276947,4.1101274490356445,4.254012584686279,0.952052891254425,4.343198299407959,0.17056839168071747,0.694903552532196,11.267862319946289,0.046674374490976334,2.1483092308044434,1.5146541595458984,,,,,,,,,,,,,,,
,0.00018083207019658657,7149,,,,,,,,,,,,,,,,,,,,,,,,,,,,,,
69,,7149,1.6708858013153076,0.49993595480918884,2.9239253997802734,0.05522927641868591,0.7863625884056091,3.700519561767578,4.096101760864258,0.3957793116569519,4.27949333190918,0.18510882556438446,0.6968713402748108,10.371024131774902,0.04234550520777702,2.167402982711792,1.4918866157531738,,,,,,,,,,,,,,,
,0.00018053880739429319,7159,,,,,,,,,,,,,,,,,,,,,,,,,,,,,,
69,,7159,1.6025481224060059,0.458093523979187,2.992063045501709,0.07121981680393219,0.7612883448600769,3.386721611022949,4.076284408569336,0.42781105637550354,4.376617908477783,0.18660502135753632,0.7736260294914246,10.388636589050293,0.03564613685011864,2.1544039249420166,1.6991411447525024,,,,,,,,,,,,,,,
,0.000180245422763345,7169,,,,,,,,,,,,,,,,,,,,,,,,,,,,,,
69,,7169,1.4853525161743164,0.5762192606925964,2.846193313598633,0.08635716885328293,0.7757850885391235,3.696739435195923,4.029664039611816,0.4294726252555847,4.2346720695495605,0.2556472420692444,0.7036163806915283,10.289807319641113,0.04406353458762169,2.150282144546509,1.4647266864776611,,,,,,,,,,,,,,,
,0.00017995191747414304,7179,,,,,,,,,,,,,,,,,,,,,,,,,,,,,,
69,,7179,1.5734467506408691,0.8589036464691162,3.1231203079223633,0.10146645456552505,0.7436132431030273,3.014958143234253,4.274148464202881,0.22998470067977905,4.313976764678955,0.3118571639060974,0.7164022326469421,10.27108097076416,0.09663623571395874,2.129040479660034,1.6993966102600098,,,,,,,,,,,,,,,
,0.0001796582926975699,7189,,,,,,,,,,,,,,,,,,,,,,,,,,,,,,
69,,7189,1.8901069164276123,2.2737247943878174,3.254610776901245,0.3579125702381134,0.7635327577590942,3.3157804012298584,4.540408134460449,1.423525094985962,4.5420708656311035,0.44848641753196716,0.8317081928253174,13.34710693359375,0.415429025888443,2.119068145751953,1.8658367395401,,,,,,,,,,,,,,,
,0.0001793645496049846,7199,,,,,,,,,,,,,,,,,,,,,,,,,,,,,,
69,,7199,1.8561269044876099,3.0118629932403564,3.1267387866973877,0.5759946703910828,0.7636962532997131,2.6190433502197266,4.465052127838135,2.7613863945007324,4.681812286376953,0.5449776649475098,0.9176135659217834,15.205496788024902,0.6238986849784851,2.05346417427063,2.0319876670837402,,,,,,,,,,,,,,,
,0.00017907068936821847,7209,,,,,,,,,,,,,,,,,,,,,,,,,,,,,,
69,,7209,1.4560691118240356,1.1239197254180908,2.263324737548828,0.1367804855108261,0.6930775046348572,2.655099630355835,3.5635104179382324,1.4749438762664795,4.356518745422363,0.28051355481147766,0.7001924514770508,10.910612106323242,0.0806480124592781,2.1068673133850098,1.437691569328308,,,,,,,,,,,,,,,
69,,7209,,,,,,,,,,,,,,,,1.3856103420257568,1.2311843633651733,2.153364419937134,0.14329425990581512,0.7111557722091675,2.8393149375915527,3.617464542388916,2.0243706703186035,4.3261308670043945,0.33414462208747864,0.6861586570739746,11.51164722442627,0.07878050953149796,2.0499963760375977,1.3953850269317627
,0.0001787767131595698,7219,,,,,,,,,,,,,,,,,,,,,,,,,,,,,,
70,,7219,1.264336347579956,0.3987801671028137,2.0038657188415527,0.014061681926250458,0.6951440572738647,2.6073789596557617,2.943816661834717,0.05174610763788223,4.0730791091918945,0.16179265081882477,0.794342577457428,8.366914749145508,0.005447974894195795,2.0983710289001465,1.4439067840576172,,,,,,,,,,,,,,,
,0.00017848262215179985,7229,,,,,,,,,,,,,,,,,,,,,,,,,,,,,,
70,,7229,1.2010761499404907,0.34827694296836853,2.0356850624084473,0.019295092672109604,0.6805039048194885,2.551703929901123,3.0189802646636963,0.1644529402256012,4.036580562591553,0.21739447116851807,0.7408885955810547,8.42872428894043,0.03206712752580643,2.0943050384521484,1.480875849723816,,,,,,,,,,,,,,,
,0.00017818841751812762,7239,,,,,,,,,,,,,,,,,,,,,,,,,,,,,,
70,,7239,0.972941517829895,0.3388725817203522,2.044536590576172,0.1101091057062149,0.6908171772956848,2.618875503540039,2.98903489112854,0.09825348109006882,4.04196310043335,0.25518152117729187,0.644972562789917,8.247373580932617,0.045863743871450424,2.0629143714904785,1.0637667179107666,,,,,,,,,,,,,,,
,0.00017789410043222555,7249,,,,,,,,,,,,,,,,,,,,,,,,,,,,,,
70,,7249,1.1028053760528564,0.3949327766895294,1.9470263719558716,0.06494603306055069,0.6989201903343201,2.7179574966430664,2.9904348850250244,0.08586576581001282,4.011612892150879,0.23007531464099884,0.6686856746673584,8.372835159301758,0.022550780326128006,2.0925636291503906,1.4826972484588623,,,,,,,,,,,,,,,
,0.0001775996720682146,7259,,,,,,,,,,,,,,,,,,,,,,,,,,,,,,
70,,7259,1.1386200189590454,0.3553209900856018,2.069840908050537,0.03311777487397194,0.6928180456161499,2.729919195175171,2.9649174213409424,0.007868442684412003,4.012149333953857,0.3614846467971802,0.6939884424209595,8.356813430786133,0.030251136049628258,2.1277015209198,1.5620744228363037,,,,,,,,,,,,,,,
,0.00017730513360065972,7269,,,,,,,,,,,,,,,,,,,,,,,,,,,,,,
70,,7269,1.1659668684005737,0.3579435646533966,2.1612746715545654,0.025528591126203537,0.6915075778961182,2.6844780445098877,3.1575393676757812,0.004637885373085737,4.053866863250732,0.14097397029399872,0.6794841289520264,8.306931495666504,0.014871175400912762,2.0545742511749268,1.239796757698059,,,,,,,,,,,,,,,
,0.00017701048620456499,7279,,,,,,,,,,,,,,,,,,,,,,,,,,,,,,
70,,7279,1.0717183351516724,0.3909050524234772,2.0097270011901855,0.03751262277364731,0.6964064240455627,2.6368560791015625,3.125964641571045,0.0024806775618344545,4.037773132324219,0.23659488558769226,0.7102557420730591,8.248696327209473,0.027991244569420815,2.052121877670288,1.3207929134368896,,,,,,,,,,,,,,,
,0.00017671573105536916,7289,,,,,,,,,,,,,,,,,,,,,,,,,,,,,,
70,,7289,1.2593872547149658,0.32368040084838867,2.0240890979766846,0.03404616937041283,0.693783700466156,3.3415613174438477,2.9797356128692627,0.0015607898822054267,4.040302276611328,0.26039355993270874,0.6794949769973755,8.573089599609375,0.019494643434882164,2.0717415809631348,1.1572513580322266,,,,,,,,,,,,,,,
,0.00017642086932894075,7299,,,,,,,,,,,,,,,,,,,,,,,,,,,,,,
70,,7299,1.1103063821792603,0.46845322847366333,1.8026316165924072,0.0248266588896513,0.682763397693634,2.6816811561584473,2.7743382453918457,0.0017172112129628658,3.9254989624023438,0.25777944922447205,0.6906891465187073,8.001468658447266,0.008186385035514832,2.0939512252807617,1.2533161640167236,,,,,,,,,,,,,,,
,0.0001761259022015735,7309,,,,,,,,,,,,,,,,,,,,,,,,,,,,,,
70,,7309,1.1206541061401367,0.4156872034072876,2.0773563385009766,0.04993504658341408,0.6921565532684326,2.7395334243774414,3.044687032699585,0.0013542018132284284,4.035194396972656,0.26487967371940613,0.685576856136322,8.371262550354004,0.014019145630300045,2.1202518939971924,1.467086911201477,,,,,,,,,,,,,,,
70,,7312,,,,,,,,,,,,,,,,1.154659628868103,0.2821606993675232,1.8500701189041138,0.021292483434081078,0.7096693515777588,2.5627048015594482,3.311405658721924,0.0026898083742707968,4.03464412689209,0.2628287971019745,0.7064434289932251,8.131413459777832,0.021112781018018723,2.0828399658203125,1.1304171085357666
,0.00017583083084998162,7319,,,,,,,,,,,,,,,,,,,,,,,,,,,,,,
71,,7319,1.157204508781433,0.33629110455513,2.242093086242676,0.039995476603507996,0.6986486911773682,2.785463333129883,3.195143222808838,0.0010233970824629068,4.2021708488464355,0.14970770478248596,0.7593891024589539,8.532366752624512,0.015465935692191124,2.1192874908447266,1.1581695079803467,,,,,,,,,,,,,,,
,0.00017553565645129503,7329,,,,,,,,,,,,,,,,,,,,,,,,,,,,,,
71,,7329,1.1775003671646118,0.31898489594459534,2.095871925354004,0.02997950091958046,0.6963880658149719,2.4946396350860596,3.0534818172454834,0.004969459027051926,4.0535359382629395,0.2846561074256897,0.7881369590759277,8.25843334197998,0.034262094646692276,2.0795676708221436,1.3515578508377075,,,,,,,,,,,,,,,
,0.00017524038018305491,7339,,,,,,,,,,,,,,,,,,,,,,,,,,,,,,
71,,7339,1.164180040359497,0.31164172291755676,2.5169410705566406,0.11879868060350418,0.7118024230003357,2.9338316917419434,3.311861038208008,0.007470522541552782,4.098241806030273,0.25589749217033386,0.9194963574409485,8.872743606567383,0.019498107954859734,2.0848071575164795,1.572635531425476,,,,,,,,,,,,,,,
,0.00017494500322320865,7349,,,,,,,,,,,,,,,,,,,,,,,,,,,,,,
71,,7349,1.0868498086929321,0.36139532923698425,2.190807580947876,0.026924151927232742,0.691939651966095,2.8354029655456543,3.1952521800994873,0.007872886955738068,3.960146427154541,0.19900467991828918,1.16609787940979,8.391440391540527,0.015543016605079174,2.0637989044189453,1.2771960496902466,,,,,,,,,,,,,,,
,0.00017464952675010542,7359,,,,,,,,,,,,,,,,,,,,,,,,,,,,,,
71,,7359,1.147754430770874,0.4005261957645416,1.9422647953033447,0.036380525678396225,0.701394259929657,2.923236608505249,3.004592180252075,0.005394384730607271,3.966156244277954,0.1885203719139099,0.9442543983459473,8.486814498901367,0.013899650424718857,2.075953483581543,1.8099080324172974,,,,,,,,,,,,,,,
,0.0001743539519424913,7369,,,,,,,,,,,,,,,,,,,,,,,,,,,,,,
71,,7369,1.0844926834106445,0.46298059821128845,2.1902856826782227,0.06738068163394928,0.7043121457099915,2.699312925338745,3.0784873962402344,0.011007005348801613,4.0510573387146,0.15256410837173462,0.8735862970352173,8.480549812316895,0.047864802181720734,2.0813586711883545,1.4191904067993164,,,,,,,,,,,,,,,
,0.00017405827997950482,7379,,,,,,,,,,,,,,,,,,,,,,,,,,,,,,
71,,7379,1.4200571775436401,0.33285853266716003,2.368311643600464,0.07912390679121017,0.6941173076629639,3.0585782527923584,3.0395965576171875,0.020440101623535156,4.008133888244629,0.2566918730735779,0.8666234016418457,8.887948036193848,0.020404057577252388,2.067707061767578,1.77211332321167,,,,,,,,,,,,,,,
,0.0001737625120406719,7389,,,,,,,,,,,,,,,,,,,,,,,,,,,,,,
71,,7389,1.2025279998779297,0.2799213230609894,2.0746994018554688,0.04276158660650253,0.7010989785194397,3.6640541553497314,3.1568055152893066,0.018189433962106705,4.182229518890381,0.38478437066078186,0.8994792699813843,9.198180198669434,0.014768763445317745,2.0680506229400635,1.9015755653381348,,,,,,,,,,,,,,,
,0.00017346664930590152,7399,,,,,,,,,,,,,,,,,,,,,,,,,,,,,,
71,,7399,1.0366761684417725,0.4314446449279785,1.9515435695648193,0.034583430737257004,0.693002462387085,2.769796848297119,2.8478498458862305,0.019024696201086044,3.9581618309020996,0.17050489783287048,0.8307139873504639,8.249798774719238,0.00888416264206171,2.0775399208068848,1.63645339012146,,,,,,,,,,,,,,,
,0.0001731706929554806,7409,,,,,,,,,,,,,,,,,,,,,,,,,,,,,,
71,,7409,1.2521828413009644,0.37015300989151,2.1559996604919434,0.05560725927352905,0.7022625803947449,2.9106228351593018,3.0817697048187256,0.061062268912792206,4.083194255828857,0.43554869294166565,0.9145271182060242,8.804539680480957,0.02133508026599884,2.104017734527588,1.7094355821609497,,,,,,,,,,,,,,,
71,,7415,,,,,,,,,,,,,,,,1.1054210662841797,0.32313308119773865,1.9030060768127441,0.040836725383996964,0.6719240546226501,2.362213373184204,3.356860399246216,0.01732991822063923,4.016217231750488,0.25383028388023376,0.8193016648292542,8.232691764831543,0.02288730815052986,2.0714004039764404,1.6410545110702515
,0.00017287464417006974,7419,,,,,,,,,,,,,,,,,,,,,,,,,,,,,,
72,,7419,1.1277294158935547,0.3229881227016449,1.9791514873504639,0.06232588738203049,0.6940991282463074,2.763092279434204,3.0020205974578857,0.02028719335794449,3.9664883613586426,0.4009409546852112,0.7966841459274292,8.285065650939941,0.015144674107432365,2.075242519378662,1.36320161819458,,,,,,,,,,,,,,,
,0.00017257850413069818,7429,,,,,,,,,,,,,,,,,,,,,,,,,,,,,,
72,,7429,1.2898566722869873,0.3820406496524811,2.0700316429138184,0.04026360064744949,0.7004432082176208,2.865629196166992,2.926922082901001,0.054668914526700974,4.032546520233154,0.14869901537895203,0.8300299644470215,8.471485137939453,0.01626933179795742,2.051119089126587,1.2700518369674683,,,,,,,,,,,,,,,
,0.00017228227401875924,7439,,,,,,,,,,,,,,,,,,,,,,,,,,,,,,
72,,7439,1.2734448909759521,0.6187918782234192,2.067344903945923,0.041361503303050995,0.7029753923416138,2.64872145652771,3.017239570617676,0.03553520888090134,4.0239481925964355,0.2700384259223938,0.8701477646827698,8.426673889160156,0.01877613179385662,2.0581958293914795,1.1121995449066162,,,,,,,,,,,,,,,
,0.00017198595501600553,7449,,,,,,,,,,,,,,,,,,,,,,,,,,,,,,
72,,7449,1.049426555633545,0.33922991156578064,2.2748186588287354,0.05112147331237793,0.6987333297729492,2.7357141971588135,3.1343135833740234,0.037269823253154755,4.027666091918945,0.12258708477020264,0.8705856800079346,8.342267990112305,0.023516668006777763,2.0484466552734375,1.1373929977416992,,,,,,,,,,,,,,,
,0.00017168954830454436,7459,,,,,,,,,,,,,,,,,,,,,,,,,,,,,,
72,,7459,1.1953277587890625,0.5410333275794983,2.031702756881714,0.0893709734082222,0.7103087902069092,3.342536687850952,2.9946792125701904,0.16123610734939575,4.035430431365967,0.2153419405221939,0.8671702146530151,8.956185340881348,0.05277639627456665,2.0913333892822266,1.301777958869934,,,,,,,,,,,,,,,
,0.0001713930550668328,7469,,,,,,,,,,,,,,,,,,,,,,,,,,,,,,
72,,7469,1.0385503768920898,0.45641183853149414,2.3292155265808105,0.09848390519618988,0.7131778597831726,2.7022693157196045,3.314115285873413,0.28382474184036255,4.0538330078125,0.28013724088668823,0.9993277788162231,8.866192817687988,0.06151552498340607,2.0938825607299805,1.226955533027649,,,,,,,,,,,,,,,
,0.00017109647648567319,7479,,,,,,,,,,,,,,,,,,,,,,,,,,,,,,
72,,7479,1.455324649810791,1.8768973350524902,2.786473035812378,0.5394229888916016,1.0433623790740967,3.514317512512207,3.628082036972046,1.992492437362671,4.345337867736816,0.4814799726009369,1.7291419506072998,13.738519668579102,0.7003722190856934,2.0840072631835938,1.678207516670227,,,,,,,,,,,,,,,
,0.00017079981374420834,7489,,,,,,,,,,,,,,,,,,,,,,,,,,,,,,
72,,7489,3.074026346206665,6.0471272468566895,5.042575359344482,2.096963405609131,3.0666427612304688,3.4250097274780273,5.085785865783691,4.670619964599609,5.7676239013671875,1.543096661567688,5.072538375854492,26.74944305419922,2.723736047744751,2.0992188453674316,3.4175944328308105,,,,,,,,,,,,,,,
,0.00017050306802591673,7499,,,,,,,,,,,,,,,,,,,,,,,,,,,,,,
72,,7499,1.4493534564971924,2.213613748550415,3.039720296859741,0.39847686886787415,1.028275728225708,3.019247055053711,3.8721439838409424,3.4631638526916504,4.409080982208252,0.539264440536499,1.4282913208007812,14.792490005493164,0.36118030548095703,2.139763832092285,1.7909108400344849,,,,,,,,,,,,,,,
,0.000170206240514608,7509,,,,,,,,,,,,,,,,,,,,,,,,,,,,,,
72,,7509,1.2520889043807983,0.49260246753692627,2.327504873275757,0.08494707942008972,0.6981642842292786,2.517244815826416,3.0145561695098877,0.5181555151939392,3.9949898719787598,0.13831816613674164,0.7097338438034058,8.854284286499023,0.027819043025374413,2.1486051082611084,1.191796898841858,,,,,,,,,,,,,,,
72,,7518,,,,,,,,,,,,,,,,1.2351056337356567,0.27170446515083313,1.866405725479126,0.019223861396312714,0.7478160262107849,2.475998878479004,3.2770798206329346,0.07391020655632019,4.038438320159912,0.27924680709838867,0.6764143705368042,8.212188720703125,0.03179559484124184,2.181124687194824,1.1375715732574463
,0.00016990933239441783,7519,,,,,,,,,,,,,,,,,,,,,,,,,,,,,,
73,,7519,1.2270410060882568,0.4252361059188843,2.081515073776245,0.10005917400121689,0.7090624570846558,2.8161754608154297,3.1458475589752197,0.07937220484018326,4.053038120269775,0.22482304275035858,0.6945801377296448,8.516489028930664,0.02100050263106823,2.179908275604248,1.034983515739441,,,,,,,,,,,,,,,
,0.00016961234484980383,7529,,,,,,,,,,,,,,,,,,,,,,,,,,,,,,
73,,7529,1.1384077072143555,0.5200656652450562,2.0791239738464355,0.07141910493373871,0.7108457088470459,2.6843152046203613,3.1226494312286377,0.6227964162826538,4.117142200469971,0.3932170867919922,0.7309393882751465,9.151503562927246,0.015752799808979034,2.1465559005737305,1.3924130201339722,,,,,,,,,,,,,,,
,0.0001693152790655401,7539,,,,,,,,,,,,,,,,,,,,,,,,,,,,,,
73,,7539,1.1319963932037354,0.3847024738788605,2.045009136199951,0.06360263377428055,0.7027698159217834,2.7947194576263428,2.7773900032043457,0.15943214297294617,3.9778623580932617,0.08480633050203323,0.6875343322753906,8.287673950195312,0.01827160082757473,2.1312952041625977,1.0583213567733765,,,,,,,,,,,,,,,
,0.00016901813622671315,7549,,,,,,,,,,,,,,,,,,,,,,,,,,,,,,
73,,7549,1.187820315361023,0.42639225721359253,2.10676908493042,0.025375377386808395,0.7050036787986755,2.5941593647003174,3.1837427616119385,0.10028199851512909,4.037696838378906,0.21859827637672424,0.6912661790847778,8.453289985656738,0.01938788592815399,2.134213924407959,1.445805311203003,,,,,,,,,,,,,,,
,0.00016872091751871665,7559,,,,,,,,,,,,,,,,,,,,,,,,,,,,,,
73,,7559,1.1092884540557861,0.3375212848186493,1.7025561332702637,0.01674835942685604,0.7003523707389832,2.7528176307678223,2.8488857746124268,0.048236388713121414,3.974944591522217,0.12513716518878937,0.6938655972480774,8.014175415039062,0.02493887208402157,2.130585193634033,1.092082142829895,,,,,,,,,,,,,,,
,0.00016842362412724715,7569,,,,,,,,,,,,,,,,,,,,,,,,,,,,,,
73,,7569,1.16432785987854,0.31311964988708496,2.383828639984131,0.07117865979671478,0.7049731016159058,2.904794216156006,3.3414530754089355,0.011366995051503181,4.030285358428955,0.5331991314888,0.696418821811676,8.737783432006836,0.01724930852651596,2.1460633277893066,1.6729192733764648,,,,,,,,,,,,,,,
,0.00016812625723829896,7579,,,,,,,,,,,,,,,,,,,,,,,,,,,,,,
73,,7579,1.299575924873352,0.5838565826416016,2.1121180057525635,0.08827953040599823,0.7420094013214111,3.1218042373657227,3.1196062564849854,0.005351439584046602,4.220561981201172,0.47760671377182007,0.7242897748947144,8.940877914428711,0.05745012313127518,2.2314817905426025,1.031544804573059,,,,,,,,,,,,,,,
,0.0001678288180381597,7589,,,,,,,,,,,,,,,,,,,,,,,,,,,,,,
73,,7589,0.9820923209190369,0.479575514793396,1.9464056491851807,0.07316909730434418,0.7117937207221985,2.8988142013549805,3.1131129264831543,0.005551902111619711,4.086204528808594,0.2581055462360382,0.7045324444770813,8.389841079711914,0.021877115592360497,2.160980701446533,1.1699509620666504,,,,,,,,,,,,,,,
,0.0001675313077134054,7599,,,,,,,,,,,,,,,,,,,,,,,,,,,,,,
73,,7599,1.0383400917053223,0.34013497829437256,2.1722724437713623,0.04248160496354103,0.701235830783844,2.952561616897583,2.9241831302642822,0.007028093561530113,3.9967315196990967,0.2594948709011078,0.6835812926292419,8.290675163269043,0.018235085532069206,2.1713197231292725,1.2033931016921997,,,,,,,,,,,,,,,
,0.00016723372745089586,7609,,,,,,,,,,,,,,,,,,,,,,,,,,,,,,
73,,7609,1.0324957370758057,0.3725558817386627,2.187285900115967,0.05426691472530365,0.699411153793335,2.6582257747650146,3.1035375595092773,0.0179063118994236,4.021130084991455,0.41890043020248413,0.7116636633872986,8.299601554870605,0.046155642718076706,2.1689419746398926,1.1788992881774902,,,,,,,,,,,,,,,
,0.00016693607843776994,7619,,,,,,,,,,,,,,,,,,,,,,,,,,,,,,
73,,7619,1.0913090705871582,0.3264336884021759,2.1201019287109375,0.042955316603183746,0.7014742493629456,3.123905658721924,3.087158679962158,0.022318292409181595,4.074270725250244,0.1548936665058136,0.6652146577835083,8.492050170898438,0.01935235969722271,2.199068307876587,1.1850218772888184,,,,,,,,,,,,,,,
73,,7621,,,,,,,,,,,,,,,,1.2171751260757446,0.2843386232852936,1.9187041521072388,0.019183436408638954,0.6797144412994385,2.657867193222046,3.349616527557373,0.006701046135276556,4.060013294219971,0.270632266998291,0.686175525188446,8.273919105529785,0.02259196899831295,2.201805353164673,1.1779934167861938
,0.00016663836186144062,7629,,,,,,,,,,,,,,,,,,,,,,,,,,,,,,
74,,7629,1.3400713205337524,0.3600645959377289,2.0084941387176514,0.02596922218799591,0.7067301869392395,2.9771056175231934,2.9783356189727783,0.010081910528242588,4.148340702056885,0.33225423097610474,0.6984214782714844,8.562148094177246,0.010987327434122562,2.155759811401367,1.1693894863128662,,,,,,,,,,,,,,,
,0.00016634057890959052,7639,,,,,,,,,,,,,,,,,,,,,,,,,,,,,,
74,,7639,0.964847207069397,0.7111387848854065,1.7654486894607544,0.027394974604249,0.7056565284729004,2.842623472213745,2.918093204498291,0.012360630556941032,4.031348705291748,0.33445456624031067,0.6903747320175171,8.275980949401855,0.03306840732693672,2.1565797328948975,1.1993389129638672,,,,,,,,,,,,,,,
,0.00016604273077016704,7649,,,,,,,,,,,,,,,,,,,,,,,,,,,,,,
74,,7649,1.098490595817566,0.3505810797214508,1.9384242296218872,0.07065816223621368,0.6919864416122437,2.5535736083984375,2.8649961948394775,0.0070735011249780655,3.952465057373047,0.20508962869644165,0.7102258801460266,8.001827239990234,0.03633277118206024,2.1807620525360107,1.0848388671875,,,,,,,,,,,,,,,
,0.00016574481863137764,7659,,,,,,,,,,,,,,,,,,,,,,,,,,,,,,
74,,7659,1.1219377517700195,0.4116765260696411,2.1581013202667236,0.06622744351625443,0.6978393793106079,2.7895023822784424,3.2155086994171143,0.004604035057127476,4.037545204162598,0.3780275881290436,0.7155759334564209,8.497547149658203,0.03692304715514183,2.1819539070129395,1.3542367219924927,,,,,,,,,,,,,,,
,0.000165446843681685,7669,,,,,,,,,,,,,,,,,,,,,,,,,,,,,,
74,,7669,1.087570071220398,0.385720431804657,1.9732425212860107,0.05884246900677681,0.7004094123840332,2.8006460666656494,3.1382155418395996,0.00568409962579608,4.181229591369629,0.40407225489616394,0.7997041940689087,8.612728118896484,0.03760717436671257,2.1985790729522705,1.5292940139770508,,,,,,,,,,,,,,,
,0.00016514880710980257,7679,,,,,,,,,,,,,,,,,,,,,,,,,,,,,,
74,,7679,1.0927059650421143,0.38017967343330383,1.9481288194656372,0.030360030010342598,0.6973320245742798,2.683213472366333,2.904531955718994,0.005456872284412384,4.055695056915283,0.23203784227371216,0.6938729882240295,8.228998184204102,0.030728977173566818,2.185372829437256,1.360803246498108,,,,,,,,,,,,,,,
,0.00016485071010468932,7689,,,,,,,,,,,,,,,,,,,,,,,,,,,,,,
74,,7689,1.1120787858963013,0.30963167548179626,1.7987829446792603,0.01948191225528717,0.6942241191864014,2.5925416946411133,2.891873598098755,0.0026326687075197697,4.060985565185547,0.20043666660785675,0.7239626049995422,8.099859237670898,0.01930053159594536,2.2168850898742676,1.3675938844680786,,,,,,,,,,,,,,,
,0.00016455255385554567,7699,,,,,,,,,,,,,,,,,,,,,,,,,,,,,,
74,,7699,1.0879616737365723,0.37219002842903137,1.9902493953704834,0.030119288712739944,0.6860069036483765,2.8503849506378174,2.7576348781585693,0.002951395232230425,4.1055097579956055,0.44773048162460327,0.6865030527114868,8.36788558959961,0.012031075544655323,2.1851372718811035,1.4559297561645508,,,,,,,,,,,,,,,
,0.00016425433955180816,7709,,,,,,,,,,,,,,,,,,,,,,,,,,,,,,
74,,7709,1.0731325149536133,0.4613809883594513,2.1508865356445312,0.06516964733600616,0.6922626495361328,2.481450319290161,2.995124578475952,0.002437616465613246,4.032861232757568,0.12075900286436081,0.7033014893531799,8.150248527526855,0.015516305342316628,2.2091925144195557,1.15511155128479,,,,,,,,,,,,,,,
,0.00016395606838314494,7719,,,,,,,,,,,,,,,,,,,,,,,,,,,,,,
74,,7719,1.235181450843811,0.32446980476379395,1.8900208473205566,0.06112068146467209,0.703555166721344,2.8533904552459717,3.0636918544769287,0.003190135583281517,4.092236042022705,0.19375091791152954,0.6943607926368713,8.377620697021484,0.020952511578798294,2.208329439163208,1.1643108129501343,,,,,,,,,,,,,,,
74,,7724,,,,,,,,,,,,,,,,1.1777033805847168,0.2774662971496582,1.902802586555481,0.01952991634607315,0.6762292385101318,2.8307788372039795,3.415355920791626,0.0007780094747431576,4.0742411613464355,0.2821870744228363,0.6808424592018127,8.382365226745605,0.022004615515470505,2.2400662899017334,1.2611669301986694
,0.00016365774153945101,7729,,,,,,,,,,,,,,,,,,,,,,,,,,,,,,
75,,7729,1.1093435287475586,0.27875280380249023,2.5661556720733643,0.06769061833620071,0.6908688545227051,2.8320651054382324,3.4770944118499756,0.0013522501103579998,4.120264053344727,0.18317995965480804,0.7082911729812622,8.59996223449707,0.014775256626307964,2.220468044281006,1.1090055704116821,,,,,,,,,,,,,,,
,0.0001633593602108436,7739,,,,,,,,,,,,,,,,,,,,,,,,,,,,,,
75,,7739,1.1013020277023315,0.30582094192504883,2.2208333015441895,0.05704129859805107,0.6958056092262268,2.5200459957122803,3.2023723125457764,0.00156157067976892,3.9621481895446777,0.14471064507961273,0.7401716113090515,8.137152671813965,0.013330193236470222,2.226918935775757,1.1984469890594482,,,,,,,,,,,,,,,
,0.0001630609255876571,7749,,,,,,,,,,,,,,,,,,,,,,,,,,,,,,
75,,7749,1.222272276878357,0.4168460965156555,1.8124512434005737,0.03247207775712013,0.6929026246070862,2.442051887512207,2.9677770137786865,0.0021101634483784437,4.149469375610352,0.23881639540195465,0.6844999194145203,8.159553527832031,0.02372809313237667,2.2429707050323486,1.0708205699920654,,,,,,,,,,,,,,,
,0.00016276243886043868,7759,,,,,,,,,,,,,,,,,,,,,,,,,,,,,,
75,,7759,1.0881143808364868,0.3542744219303131,2.136666774749756,0.0444425567984581,0.6842597723007202,2.7978665828704834,2.9867022037506104,0.0022415437269955873,4.053524494171143,0.14122715592384338,0.690087080001831,8.2328519821167,0.019557317718863487,2.229835271835327,1.0348079204559326,,,,,,,,,,,,,,,
,0.00016246390121994335,7769,,,,,,,,,,,,,,,,,,,,,,,,,,,,,,
75,,7769,1.020339846611023,0.33430206775665283,2.190153121948242,0.04949294030666351,0.6843999028205872,2.725700855255127,3.260072708129883,0.003855836344882846,4.0000176429748535,0.1261397749185562,0.6793387532234192,8.201638221740723,0.024794671684503555,2.2361538410186768,1.0626118183135986,,,,,,,,,,,,,,,
,0.00016216531385712906,7779,,,,,,,,,,,,,,,,,,,,,,,,,,,,,,
75,,7779,1.1158168315887451,0.34783098101615906,1.8352419137954712,0.03506092727184296,0.6706159710884094,2.7493085861206055,2.8578708171844482,0.004439297132194042,4.000181674957275,0.10983490198850632,0.694435179233551,8.042593955993652,0.011782856658101082,2.2363781929016113,1.1045949459075928,,,,,,,,,,,,,,,
,0.00016186667796315237,7789,,,,,,,,,,,,,,,,,,,,,,,,,,,,,,
75,,7789,1.0062856674194336,0.32326602935791016,1.983423113822937,0.039052173495292664,0.7026745676994324,2.601184129714966,2.8416943550109863,0.005841651000082493,3.9832541942596436,0.2984677255153656,0.7097926735877991,7.963842391967773,0.023731790482997894,2.2364652156829834,1.0369107723236084,,,,,,,,,,,,,,,
,0.00016156799472936324,7799,,,,,,,,,,,,,,,,,,,,,,,,,,,,,,
75,,7799,1.0711934566497803,0.3344121277332306,1.9852031469345093,0.026815934106707573,0.6876584887504578,2.745955228805542,2.9718198776245117,0.004169611260294914,3.9514448642730713,0.12616077065467834,0.6842206716537476,8.023622512817383,0.0092703215777874,2.248932361602783,1.0779452323913574,,,,,,,,,,,,,,,
,0.00016126926534730055,7809,,,,,,,,,,,,,,,,,,,,,,,,,,,,,,
75,,7809,1.20829439163208,0.30392399430274963,2.098299503326416,0.06742136925458908,0.6606734395027161,2.981271266937256,2.935770273208618,0.0036214361898601055,4.045866966247559,0.14214842021465302,0.7082459926605225,8.306683540344238,0.009480563923716545,2.2267892360687256,0.9078924059867859,,,,,,,,,,,,,,,
,0.0001609704910086873,7819,,,,,,,,,,,,,,,,,,,,,,,,,,,,,,
75,,7819,1.2529305219650269,0.3222135305404663,2.3035521507263184,0.028853250667452812,0.6913317441940308,2.778590202331543,3.1618242263793945,0.0017367401160299778,4.091362953186035,0.26663148403167725,0.7269435524940491,8.4404296875,0.008719313889741898,2.2303290367126465,1.0845777988433838,,,,,,,,,,,,,,,
75,,7827,,,,,,,,,,,,,,,,1.239542007446289,0.27000609040260315,1.840753197669983,0.018668686971068382,0.41135725378990173,2.7697718143463135,3.38913631439209,0.007106051314622164,3.859905958175659,0.27489569783210754,0.6842800974845886,7.958267688751221,0.02294226363301277,2.2867541313171387,0.8551533818244934
,0.00016067167290542586,7829,,,,,,,,,,,,,,,,,,,,,,,,,,,,,,
76,,7829,1.1115093231201172,0.3742603659629822,1.7400990724563599,0.027986660599708557,0.679219126701355,2.5142736434936523,2.8809986114501953,0.009150229394435883,3.9857053756713867,0.20344528555870056,0.6834339499473572,7.873902320861816,0.008917582221329212,2.2612035274505615,1.000864863395691,,,,,,,,,,,,,,,
,0.00016037281222959312,7839,,,,,,,,,,,,,,,,,,,,,,,,,,,,,,
76,,7839,1.138187050819397,0.2379225790500641,2.3090262413024902,0.03275955468416214,0.6541338562965393,2.565950632095337,3.6269114017486572,0.0021491418592631817,4.269574165344238,0.19080953299999237,0.6921679973602295,8.556794166564941,0.014629422686994076,2.25384521484375,1.2013994455337524,,,,,,,,,,,,,,,
,0.0001600739101734358,7849,,,,,,,,,,,,,,,,,,,,,,,,,,,,,,
76,,7849,1.0197569131851196,0.3196643590927124,1.9617246389389038,0.06502918154001236,0.683115541934967,2.5686275959014893,2.8410892486572266,0.00270640617236495,4.0898027420043945,0.17328938841819763,0.6634137034416199,7.991547584533691,0.027294855564832687,2.259974718093872,0.8547061085700989,,,,,,,,,,,,,,,
,0.00015977496792936581,7859,,,,,,,,,,,,,,,,,,,,,,,,,,,,,,
76,,7859,1.0013045072555542,0.34779226779937744,1.9287407398223877,0.024643901735544205,0.6758198738098145,2.620182752609253,2.7985999584198,0.0025364262983202934,3.9100544452667236,0.16709120571613312,0.6882213354110718,7.832761287689209,0.019167356193065643,2.2560842037200928,1.0552111864089966,,,,,,,,,,,,,,,
,0.0001594759866899553,7869,,,,,,,,,,,,,,,,,,,,,,,,,,,,,,
76,,7869,0.9596443772315979,0.34354978799819946,1.7964614629745483,0.022975916042923927,0.6958407759666443,2.5021297931671143,2.8409950733184814,0.004519904498010874,3.968961477279663,0.2884787917137146,0.7011736035346985,7.805465221405029,0.01416491623967886,2.242333173751831,1.06627357006073,,,,,,,,,,,,,,,
,0.00015917696764793194,7879,,,,,,,,,,,,,,,,,,,,,,,,,,,,,,
76,,7879,0.8769226670265198,0.3594549894332886,1.8978137969970703,0.06317521631717682,0.7132107019424438,2.5504050254821777,2.8130955696105957,0.004970486741513014,3.960110664367676,0.2723456025123596,0.7111485004425049,7.980157852172852,0.006092399824410677,2.2623207569122314,1.5145354270935059,,,,,,,,,,,,,,,
,0.0001588779119961743,7889,,,,,,,,,,,,,,,,,,,,,,,,,,,,,,
76,,7889,0.8988358974456787,0.3206404447555542,2.004382610321045,0.06316458433866501,0.7180459499359131,2.371582269668579,3.008653402328491,0.0007882773643359542,3.9391210079193115,0.19392980635166168,0.6768365502357483,7.855708599090576,0.02128545194864273,2.262767791748047,1.234790563583374,,,,,,,,,,,,,,,
,0.00015857882092770693,7899,,,,,,,,,,,,,,,,,,,,,,,,,,,,,,
76,,7899,0.8361214995384216,0.2939836382865906,1.8618236780166626,0.03678532689809799,0.6819717288017273,2.68399715423584,2.7256360054016113,0.0016568966675549746,3.9694836139678955,0.2098669856786728,0.686918318271637,7.800642967224121,0.014325784519314766,2.2755589485168457,1.071420431137085,,,,,,,,,,,,,,,
,0.00015827969563569574,7909,,,,,,,,,,,,,,,,,,,,,,,,,,,,,,
76,,7909,0.95830899477005,0.34839072823524475,1.9331943988800049,0.07614947110414505,0.6808234453201294,2.1851115226745605,3.143155097961426,0.008250527083873749,3.9179763793945312,0.25545668601989746,0.7008933424949646,7.736506938934326,0.03055988810956478,2.2471625804901123,0.9268460273742676,,,,,,,,,,,,,,,
,0.0001579805373134431,7919,,,,,,,,,,,,,,,,,,,,,,,,,,,,,,
76,,7919,0.8431254625320435,0.30284368991851807,2.2314741611480713,0.025510389357805252,0.6736955642700195,2.3775782585144043,3.2150380611419678,0.003376369597390294,4.048980236053467,0.1979031264781952,0.6841298341751099,8.0137939453125,0.01417615171521902,2.236278533935547,1.2737479209899902,,,,,,,,,,,,,,,
,0.00015768134715438313,7929,,,,,,,,,,,,,,,,,,,,,,,,,,,,,,
76,,7929,1.0210096836090088,0.32831230759620667,2.0922601222991943,0.04241584986448288,0.6756437420845032,2.4932448863983154,3.2564971446990967,0.0013666785089299083,4.00789737701416,0.33812928199768066,0.6636988520622253,8.11732006072998,0.015602660365402699,2.2454309463500977,1.224712610244751,,,,,,,,,,,,,,,
76,,7930,,,,,,,,,,,,,,,,1.2280625104904175,0.27716365456581116,1.880418062210083,0.020739315077662468,0.47575920820236206,2.8600640296936035,3.3915586471557617,0.003955426160246134,3.865941286087036,0.26184719800949097,0.6784951686859131,8.132774353027344,0.024089312180876732,2.275742530822754,1.1906315088272095
,0.00015738212635207704,7939,,,,,,,,,,,,,,,,,,,,,,,,,,,,,,
77,,7939,1.046370506286621,0.3277072012424469,2.1686997413635254,0.06721044331789017,0.6648645401000977,2.3962554931640625,3.378291606903076,0.0016869904939085245,4.076350212097168,0.17222657799720764,0.6697869300842285,8.179462432861328,0.01960701495409012,2.249471426010132,1.1367368698120117,,,,,,,,,,,,,,,
,0.00015708287610020826,7949,,,,,,,,,,,,,,,,,,,,,,,,,,,,,,
77,,7949,0.9655518531799316,0.35057443380355835,2.297712564468384,0.1000065729022026,0.70290607213974,2.408801317214966,3.1856987476348877,0.002273338381201029,3.8516314029693604,0.16698876023292542,0.7000659704208374,8.058615684509277,0.022839540615677834,2.2800614833831787,1.4264408349990845,,,,,,,,,,,,,,,
,0.00015678359759257768,7959,,,,,,,,,,,,,,,,,,,,,,,,,,,,,,
77,,7959,0.8740289807319641,0.3532661199569702,1.788495659828186,0.05313432589173317,0.6899600028991699,2.3882815837860107,2.644362688064575,0.0008205684134736657,3.944418430328369,0.43785977363586426,0.6902113556861877,7.7520432472229,0.013234753161668777,2.266481637954712,1.3137400150299072,,,,,,,,,,,,,,,
,0.00015648429202309887,7969,,,,,,,,,,,,,,,,,,,,,,,,,,,,,,
77,,7969,0.9452528357505798,0.3128821849822998,2.452821969985962,0.03179334104061127,0.6795664429664612,2.2287979125976562,3.4858920574188232,0.00036845396971330047,4.038542747497559,0.2037547528743744,0.6882152557373047,8.176084518432617,0.021038802340626717,2.243840456008911,1.4224853515625,,,,,,,,,,,,,,,
,0.00015618496058579347,7979,,,,,,,,,,,,,,,,,,,,,,,,,,,,,,
77,,7979,0.9295670390129089,0.35288527607917786,1.9443343877792358,0.033685676753520966,0.6963253021240234,2.3366684913635254,2.843719959259033,0.003010752145200968,3.9153950214385986,0.30728593468666077,0.6929517984390259,7.776597023010254,0.017731275409460068,2.2530949115753174,1.2650251388549805,,,,,,,,,,,,,,,
,0.0001558856044747862,7989,,,,,,,,,,,,,,,,,,,,,,,,,,,,,,
77,,7989,0.9355018138885498,0.5150191783905029,2.1863620281219482,0.040138181298971176,0.6996315717697144,2.6711204051971436,2.991909980773926,0.00040047307265922427,4.059257984161377,0.17725150287151337,0.6820300817489624,8.225592613220215,0.011862064711749554,2.2558321952819824,1.2094224691390991,,,,,,,,,,,,,,,
,0.00015558622488430032,7999,,,,,,,,,,,,,,,,,,,,,,,,,,,,,,
77,,7999,1.1291093826293945,0.3176441788673401,2.2578389644622803,0.03192964568734169,0.7073497772216797,2.4703848361968994,3.110322952270508,0.0034473626874387264,3.9919424057006836,0.19954068958759308,0.6826490163803101,8.213556289672852,0.02407854236662388,2.248074769973755,1.4570759534835815,,,,,,,,,,,,,,,
,0.0001552868230086526,8009,,,,,,,,,,,,,,,,,,,,,,,,,,,,,,
77,,8009,0.92191082239151,0.3302226960659027,1.8809587955474854,0.03370917588472366,0.7049047946929932,2.4018001556396484,3.0248308181762695,0.00013889472757000476,4.0929059982299805,0.3404565751552582,0.6675342321395874,7.975510120391846,0.02352684736251831,2.2145626544952393,1.1666266918182373,,,,,,,,,,,,,,,
,0.00015498740004224893,8019,,,,,,,,,,,,,,,,,,,,,,,,,,,,,,
77,,8019,0.9059085845947266,0.39947789907455444,1.9322783946990967,0.03358142077922821,0.6827338933944702,2.285520553588867,3.033566474914551,0.005355228204280138,4.04911994934082,0.20278598368167877,0.684174656867981,7.953070640563965,0.02241448126733303,2.2719831466674805,1.3702746629714966,,,,,,,,,,,,,,,
,0.00015468795717957912,8029,,,,,,,,,,,,,,,,,,,,,,,,,,,,,,
77,,8029,1.9766508340835571,0.7693516612052917,2.0810964107513428,0.01913759671151638,0.7106152176856995,3.6335957050323486,3.0200321674346924,1.2311521768569946,4.443071365356445,0.17829792201519012,0.7007785439491272,11.058907508850098,0.022648515179753304,2.3551125526428223,1.6871395111083984,,,,,,,,,,,,,,,
77,,8033,,,,,,,,,,,,,,,,1.8414037227630615,0.3711164891719818,1.91999351978302,0.020714087411761284,0.6107824444770813,2.975343942642212,3.467078924179077,1.170315146446228,4.24928617477417,0.264763206243515,0.6742174625396729,10.142266273498535,0.022041600197553635,2.309938907623291,1.1768901348114014
,0.00015438849561521248,8039,,,,,,,,,,,,,,,,,,,,,,,,,,,,,,
78,,8039,1.6314311027526855,0.502941906452179,1.8299264907836914,0.0748581811785698,0.7006477117538452,4.043126583099365,2.891967535018921,0.03757944703102112,4.277411460876465,0.36078906059265137,0.7020648717880249,9.47109317779541,0.015076600946485996,2.3222193717956543,1.2868266105651855,,,,,,,,,,,,,,,
,0.00015408901654379297,8049,,,,,,,,,,,,,,,,,,,,,,,,,,,,,,
78,,8049,1.0118507146835327,0.369453489780426,2.1845977306365967,0.04359620437026024,0.6980816721916199,2.5530035495758057,2.922539472579956,0.0007191112963482738,4.101102828979492,0.29992061853408813,0.7009340524673462,8.260611534118652,0.009787497110664845,2.2189748287200928,1.4316270351409912,,,,,,,,,,,,,,,
,0.0001537895211600342,8059,,,,,,,,,,,,,,,,,,,,,,,,,,,,,,
78,,8059,0.9429783821105957,0.3403500020503998,1.7319679260253906,0.04328896850347519,0.6917639970779419,2.7438347339630127,2.750807046890259,0.0005988690536469221,3.957427740097046,0.17300306260585785,0.6797688603401184,7.865237236022949,0.017124954611063004,2.2177951335906982,1.0837064981460571,,,,,,,,,,,,,,,
,0.000153490010658715,8069,,,,,,,,,,,,,,,,,,,,,,,,,,,,,,
78,,8069,0.940252423286438,0.5232985615730286,2.122087001800537,0.050284747034311295,0.6878172159194946,2.2415108680725098,2.7067692279815674,0.0010382357286289334,3.9007723331451416,0.12245205789804459,0.6640024185180664,7.750457286834717,0.0216390248388052,2.221402645111084,1.1336029767990112,,,,,,,,,,,,,,,
,0.00015319048623467456,8079,,,,,,,,,,,,,,,,,,,,,,,,,,,,,,
78,,8079,0.923797070980072,0.4312896430492401,1.8854907751083374,0.04767930880188942,0.6938905119895935,2.2430036067962646,3.001115322113037,0.0004502651863731444,4.032753944396973,0.3422592878341675,0.6737633943557739,7.939228057861328,0.012433607131242752,2.260312080383301,1.3816839456558228,,,,,,,,,,,,,,,
,0.00015289094908280744,8089,,,,,,,,,,,,,,,,,,,,,,,,,,,,,,
78,,8089,1.0212780237197876,0.3200550973415375,2.0633363723754883,0.07284732908010483,0.6698230504989624,2.8402860164642334,3.0031018257141113,0.0010751900263130665,4.146870136260986,0.404077410697937,0.6643708348274231,8.375619888305664,0.014168699271976948,2.2201476097106934,1.1704524755477905,,,,,,,,,,,,,,,
,0.00015259140039805913,8099,,,,,,,,,,,,,,,,,,,,,,,,,,,,,,
78,,8099,0.9835942387580872,0.3109062910079956,1.9676299095153809,0.05475206673145294,0.6863735318183899,2.1542134284973145,3.1428427696228027,0.0011553075164556503,4.001115798950195,0.16053248941898346,0.6371160745620728,7.834198474884033,0.01453102845698595,2.2355496883392334,1.2342731952667236,,,,,,,,,,,,,,,
,0.00015229184137542103,8109,,,,,,,,,,,,,,,,,,,,,,,,,,,,,,
78,,8109,1.024022102355957,0.3009779453277588,1.9189329147338867,0.05739010497927666,0.677689254283905,2.364058494567871,3.003469228744507,0.0013097496703267097,3.9556868076324463,0.2950056493282318,0.6729514002799988,7.844951152801514,0.011420304886996746,2.237846851348877,1.0996743440628052,,,,,,,,,,,,,,,
,0.00015199227320992584,8119,,,,,,,,,,,,,,,,,,,,,,,,,,,,,,
78,,8119,1.1083391904830933,0.35671210289001465,2.118741273880005,0.05385524407029152,0.6663806438446045,2.2999155521392822,2.9675164222717285,0.010394243523478508,3.964414119720459,0.17717033624649048,0.6982688903808594,7.947078227996826,0.013484058901667595,2.267376661300659,1.1593090295791626,,,,,,,,,,,,,,,
,0.00015169269709664274,8129,,,,,,,,,,,,,,,,,,,,,,,,,,,,,,
78,,8129,0.9206477999687195,0.42708900570869446,1.7327607870101929,0.044556282460689545,0.6679713726043701,2.347553014755249,2.7259950637817383,0.0018311974126845598,3.91762375831604,0.12298431247472763,0.6789470911026001,7.623000144958496,0.013540386222302914,2.2662267684936523,1.059853196144104,,,,,,,,,,,,,,,
78,,8136,,,,,,,,,,,,,,,,1.0605560541152954,0.26424309611320496,1.8737263679504395,0.020581550896167755,0.6197675466537476,2.3694705963134766,3.2922537326812744,0.03599441424012184,3.942826271057129,0.24653397500514984,0.6733064651489258,7.891942977905273,0.02131102979183197,2.2420434951782227,1.1291807889938354
,0.00015139311423067247,8139,,,,,,,,,,,,,,,,,,,,,,,,,,,,,,
79,,8139,0.9562445878982544,0.44174033403396606,1.8712821006774902,0.03736499696969986,0.6683387160301208,2.268948793411255,3.1078269481658936,0.00272991880774498,3.927891969680786,0.22024083137512207,0.6806865930557251,7.761154651641846,0.01783764734864235,2.261195659637451,1.03812575340271,,,,,,,,,,,,,,,
,0.00015109352580714298,8149,,,,,,,,,,,,,,,,,,,,,,,,,,,,,,
79,,8149,0.9203240275382996,0.3242769241333008,1.7780653238296509,0.0864911824464798,0.6686832308769226,2.3649954795837402,2.876129150390625,0.0026733935810625553,3.90921950340271,0.2925533950328827,0.6870851516723633,7.702253341674805,0.02161356620490551,2.2493820190429688,1.0298762321472168,,,,,,,,,,,,,,,
,0.00015079393302120414,8159,,,,,,,,,,,,,,,,,,,,,,,,,,,,,,
79,,8159,0.7872559428215027,0.45336422324180603,2.0468192100524902,0.11360470950603485,0.6807669997215271,2.287970542907715,2.5791938304901123,0.0022400973830372095,3.9476304054260254,0.16649815440177917,0.7227731943130493,7.775357723236084,0.015938306227326393,2.219571113586426,1.2613993883132935,,,,,,,,,,,,,,,
,0.00015049433706802335,8169,,,,,,,,,,,,,,,,,,,,,,,,,,,,,,
79,,8169,0.8775901794433594,0.3385346829891205,1.877619743347168,0.023940617218613625,0.6715546250343323,2.2359049320220947,2.806626558303833,0.0039041899144649506,4.022294998168945,0.2267197221517563,0.7038719654083252,7.722275257110596,0.02672925591468811,2.229198932647705,1.152105689048767,,,,,,,,,,,,,,,
,0.0001501947391427806,8179,,,,,,,,,,,,,,,,,,,,,,,,,,,,,,
79,,8179,0.8843780159950256,0.3256196677684784,2.0169527530670166,0.03779025375843048,0.6833975911140442,2.180659532546997,3.0343708992004395,0.00488175917416811,3.995994806289673,0.4089415669441223,0.6846668124198914,7.830748558044434,0.01884685643017292,2.2431247234344482,1.258885383605957,,,,,,,,,,,,,,,
,0.00014989514044066378,8189,,,,,,,,,,,,,,,,,,,,,,,,,,,,,,
79,,8189,0.891094446182251,0.4204331338405609,1.737298607826233,0.03101908601820469,0.6774082183837891,1.9910173416137695,3.0473012924194336,0.004475411027669907,3.916379451751709,0.1853850781917572,0.6765010356903076,7.551100730895996,0.024594590067863464,2.2580277919769287,1.1664263010025024,,,,,,,,,,,,,,,
,0.00014959554215686387,8199,,,,,,,,,,,,,,,,,,,,,,,,,,,,,,
79,,8199,0.8625577688217163,0.38991767168045044,1.945736050605774,0.06349264830350876,0.6846146583557129,2.327773094177246,2.973991632461548,0.002711462089791894,4.092759609222412,0.23847347497940063,0.6977033615112305,7.92741584777832,0.007656414527446032,2.2535884380340576,1.1199294328689575,,,,,,,,,,,,,,,
,0.00014929594548657017,8209,,,,,,,,,,,,,,,,,,,,,,,,,,,,,,
79,,8209,0.9429062008857727,0.3138582706451416,2.0912225246429443,0.046294521540403366,0.6819601058959961,2.2290008068084717,3.077404737472534,0.07577286660671234,3.951354742050171,0.24066761136054993,0.6955887675285339,7.894278526306152,0.01581312157213688,2.277323007583618,1.1704005002975464,,,,,,,,,,,,,,,
,0.0001489963516249655,8219,,,,,,,,,,,,,,,,,,,,,,,,,,,,,,
79,,8219,1.1238170862197876,0.3020898103713989,1.994195818901062,0.019245319068431854,0.6813888549804688,2.184661865234375,2.9609715938568115,0.00345102627761662,3.997039794921875,0.21165436506271362,0.693508505821228,7.817246437072754,0.01106303371489048,2.2650868892669678,1.1069093942642212,,,,,,,,,,,,,,,
,0.00014869676176722151,8229,,,,,,,,,,,,,,,,,,,,,,,,,,,,,,
79,,8229,0.840459942817688,0.35742297768592834,2.2882091999053955,0.07850678265094757,0.6887027025222778,2.3055787086486816,3.2166616916656494,0.0005620112060569227,3.9086570739746094,0.18489587306976318,0.738006055355072,7.945664405822754,0.01200215332210064,2.166091203689575,1.3060303926467896,,,,,,,,,,,,,,,
,0.000148397177108494,8239,,,,,,,,,,,,,,,,,,,,,,,,,,,,,,
79,,8239,1.0028760433197021,0.3119732439517975,2.046692132949829,0.04489758610725403,0.683648407459259,2.340949058532715,2.915501594543457,0.0002729225088842213,3.955922842025757,0.1575012058019638,0.6836938858032227,7.772703170776367,0.006315651349723339,2.1888647079467773,0.9814416766166687,,,,,,,,,,,,,,,
79,,8239,,,,,,,,,,,,,,,,1.033972978591919,0.27017712593078613,1.8696540594100952,0.02098812721669674,0.6488928198814392,2.389162540435791,3.2795817852020264,0.00029786553932353854,3.9294493198394775,0.24959878623485565,0.6783726215362549,7.878967761993408,0.022344982251524925,2.2302651405334473,1.2337315082550049
,0.00014809759884391787,8249,,,,,,,,,,,,,,,,,,,,,,,,,,,,,,
80,,8249,0.9239060282707214,0.3816523551940918,1.8713514804840088,0.047566238790750504,0.6767691969871521,2.427067518234253,2.875183582305908,0.0016255563823506236,3.9449195861816406,0.32179632782936096,0.6725854277610779,7.767022609710693,0.010958490893244743,2.2334678173065186,1.0054137706756592,,,,,,,,,,,,,,,
,0.00014779802816860252,8259,,,,,,,,,,,,,,,,,,,,,,,,,,,,,,
80,,8259,1.189670443534851,0.40590181946754456,1.7751309871673584,0.06074180454015732,0.6785325407981873,2.472295045852661,2.8614275455474854,0.02403898909687996,3.974550724029541,0.14283894002437592,0.6763438582420349,8.007711410522461,0.03561181202530861,2.3244788646698,1.1506705284118652,,,,,,,,,,,,,,,
,0.00014749846627762708,8269,,,,,,,,,,,,,,,,,,,,,,,,,,,,,,
80,,8269,1.1055259704589844,0.33371755480766296,1.8079453706741333,0.02758653461933136,0.6806603074073792,2.4654011726379395,2.886660099029541,0.0021306273993104696,4.111172199249268,0.44855666160583496,0.6923214197158813,8.028457641601562,0.018917972221970558,2.2581286430358887,1.0324599742889404,,,,,,,,,,,,,,,
,0.0001471989143660358,8279,,,,,,,,,,,,,,,,,,,,,,,,,,,,,,
80,,8279,0.9544057250022888,0.39480826258659363,2.2834653854370117,0.025707166641950607,0.6780073642730713,2.489483118057251,3.054202079772949,0.0006822403520345688,3.972461462020874,0.20169830322265625,0.7149015665054321,7.989389419555664,0.014565959572792053,2.2041280269622803,1.0159274339675903,,,,,,,,,,,,,,,
,0.0001468993736288329,8289,,,,,,,,,,,,,,,,,,,,,,,,,,,,,,
80,,8289,0.9689589738845825,0.3039281368255615,1.8948394060134888,0.03677605092525482,0.6764770150184631,2.5969667434692383,3.0644407272338867,0.0005366513505578041,4.053902626037598,0.11858339607715607,0.681336522102356,7.94422721862793,0.010893418453633785,2.233004093170166,0.9328292012214661,,,,,,,,,,,,,,,
,0.00014659984526097804,8299,,,,,,,,,,,,,,,,,,,,,,,,,,,,,,
80,,8299,0.9370506405830383,0.3964253067970276,1.7975627183914185,0.05842989310622215,0.696631908416748,2.4044744968414307,2.6835856437683105,0.00694100558757782,3.834928035736084,0.2082725167274475,0.7081508040428162,7.632470607757568,0.028804665431380272,2.2854487895965576,1.0561317205429077,,,,,,,,,,,,,,,
,0.00014630033045738176,8309,,,,,,,,,,,,,,,,,,,,,,,,,,,,,,
80,,8309,0.9750075936317444,0.3174116909503937,1.8266068696975708,0.054566700011491776,0.690488338470459,2.1272804737091064,2.812011480331421,0.002420698758214712,3.9687857627868652,0.15422339737415314,0.687766969203949,7.643563747406006,0.01988370157778263,2.2720720767974854,1.1183459758758545,,,,,,,,,,,,,,,
,0.00014600083041290028,8319,,,,,,,,,,,,,,,,,,,,,,,,,,,,,,
80,,8319,1.1916069984436035,0.5494845509529114,2.1415064334869385,0.0652298852801323,0.6702462434768677,2.3697898387908936,2.949106216430664,0.007097187917679548,3.901017904281616,0.1919310986995697,0.7043352723121643,8.186539649963379,0.032626375555992126,2.238696336746216,1.5437648296356201,,,,,,,,,,,,,,,
,0.00014570134632233098,8329,,,,,,,,,,,,,,,,,,,,,,,,,,,,,,
80,,8329,1.0436382293701172,0.37382617592811584,1.848616600036621,0.0719720795750618,0.690140426158905,2.326937437057495,2.67033314704895,0.02887328341603279,3.9925591945648193,0.25866037607192993,0.6859555840492249,7.878791332244873,0.010258221067488194,2.27708101272583,1.2320556640625,,,,,,,,,,,,,,,
,0.00014540187938040755,8339,,,,,,,,,,,,,,,,,,,,,,,,,,,,,,
80,,8339,0.9894761443138123,0.31545624136924744,1.8594632148742676,0.024935156106948853,0.6997164487838745,2.7055611610412598,2.5986745357513428,0.0031166961416602135,3.8921217918395996,0.39847227931022644,0.6945608258247375,7.911070346832275,0.006497557274997234,2.232468605041504,1.4319267272949219,,,,,,,,,,,,,,,
80,,8342,,,,,,,,,,,,,,,,0.8947715759277344,0.2659834921360016,1.9055320024490356,0.019454825669527054,0.5873903036117554,2.2367117404937744,3.328792095184326,0.0007900031050667167,3.8821940422058105,0.25643250346183777,0.6743870377540588,7.7687578201293945,0.02187379077076912,2.222214698791504,1.4942091703414917
,0.00014510243078179547,8349,,,,,,,,,,,,,,,,,,,,,,,,,,,,,,
81,,8349,0.8788814544677734,0.3154315948486328,1.945514440536499,0.041446421295404434,0.6744714379310608,2.3653461933135986,2.9771523475646973,0.002714096335694194,3.952345848083496,0.16729389131069183,0.6598474979400635,7.732848644256592,0.00943667534738779,2.212404727935791,1.0833203792572021,,,,,,,,,,,,,,,
,0.0001448030017210868,8359,,,,,,,,,,,,,,,,,,,,,,,,,,,,,,
81,,8359,1.0456886291503906,0.34178340435028076,1.8903502225875854,0.06175421178340912,0.6663433909416199,2.6596148014068604,2.859741449356079,0.0012258610222488642,3.9538393020629883,0.22383137047290802,0.6739346981048584,7.95734977722168,0.017279693856835365,2.217764377593994,1.0563253164291382,,,,,,,,,,,,,,,
,0.00014450359339279582,8369,,,,,,,,,,,,,,,,,,,,,,,,,,,,,,
81,,8369,0.9918062090873718,0.34940579533576965,1.9600319862365723,0.05223379284143448,0.6688944101333618,2.1083576679229736,2.95845627784729,0.007949404418468475,3.9068827629089355,0.20344926416873932,0.7215200066566467,7.682827472686768,0.016046758741140366,2.234754800796509,1.134007453918457,,,,,,,,,,,,,,,
,0.0001442042069913539,8379,,,,,,,,,,,,,,,,,,,,,,,,,,,,,,
81,,8379,1.011060357093811,0.3040658235549927,1.745125412940979,0.0843932032585144,0.673012375831604,2.4741437435150146,2.716099739074707,0.025990841910243034,3.9217538833618164,0.2778558135032654,0.6832237839698792,7.850289344787598,0.040008895099163055,2.247800350189209,1.2159168720245361,,,,,,,,,,,,,,,
,0.00014390484371110528,8389,,,,,,,,,,,,,,,,,,,,,,,,,,,,,,
81,,8389,1.0457514524459839,0.2939993143081665,2.209681749343872,0.024748869240283966,0.6953433156013489,2.1675713062286377,3.3321661949157715,0.03116212598979473,3.904615879058838,0.10055995732545853,0.7012952566146851,7.873531818389893,0.015554186888039112,2.3138749599456787,1.1602166891098022,,,,,,,,,,,,,,,
,0.00014360550474630166,8399,,,,,,,,,,,,,,,,,,,,,,,,,,,,,,
81,,8399,1.112548589706421,0.3339105546474457,2.124537706375122,0.03921883553266525,0.6845767498016357,2.3930673599243164,3.1265804767608643,0.0017797315958887339,4.025140762329102,0.17348387837409973,0.6947422027587891,8.038576126098633,0.010457065887749195,2.167593240737915,1.068286418914795,,,,,,,,,,,,,,,
,0.00014330619129109784,8409,,,,,,,,,,,,,,,,,,,,,,,,,,,,,,
81,,8409,0.8469229340553284,0.3002626597881317,1.9581464529037476,0.046694520860910416,0.6781964898109436,2.122624635696411,3.1183419227600098,0.0010149546433240175,3.91845965385437,0.21960315108299255,0.6759538650512695,7.663126468658447,0.0334848053753376,2.224346160888672,1.179612398147583,,,,,,,,,,,,,,,
,0.0001430069045395468,8419,,,,,,,,,,,,,,,,,,,,,,,,,,,,,,
81,,8419,0.8844156265258789,0.3339981734752655,2.0159389972686768,0.038571860641241074,0.6814005970954895,1.9954700469970703,2.9379360675811768,0.004848791752010584,3.923348903656006,0.13245195150375366,0.6813401579856873,7.644391059875488,0.03403105586767197,2.227050304412842,1.3476544618606567,,,,,,,,,,,,,,,
,0.0001427076456855952,8429,,,,,,,,,,,,,,,,,,,,,,,,,,,,,,
81,,8429,0.9633181095123291,0.43122610449790955,2.040233850479126,0.042084671556949615,0.6647833585739136,2.270357608795166,3.049309730529785,0.0056457375176250935,4.078939914703369,0.22741155326366425,0.6893304586410522,7.956290245056152,0.010298426263034344,2.2178843021392822,1.058076024055481,,,,,,,,,,,,,,,
,0.00014240841592307813,8439,,,,,,,,,,,,,,,,,,,,,,,,,,,,,,
81,,8439,0.9713671803474426,0.3779129981994629,2.4129886627197266,0.04967892915010452,0.6775681376457214,2.4090380668640137,3.234553813934326,0.0005062845884822309,3.918271541595459,0.17618407309055328,0.7525439262390137,7.99251651763916,0.0143208559602499,2.170780658721924,0.9650246500968933,,,,,,,,,,,,,,,
81,,8445,,,,,,,,,,,,,,,,1.198767066001892,0.258757621049881,1.8614091873168945,0.01976732537150383,0.598797619342804,2.832580327987671,3.2796273231506348,0.00022100821661297232,3.967782735824585,0.25264787673950195,0.6694414615631104,8.201761245727539,0.022220516577363014,2.1807968616485596,1.2425916194915771
,0.00014210921644571475,8449,,,,,,,,,,,,,,,,,,,,,,,,,,,,,,
82,,8449,1.05837881565094,0.3725540339946747,2.0036325454711914,0.09689445048570633,0.6742348074913025,2.2522051334381104,2.727984666824341,0.0012170185800641775,3.8937690258026123,0.15347793698310852,0.6809068322181702,7.7744550704956055,0.013169066980481148,2.2280023097991943,1.1808147430419922,,,,,,,,,,,,,,,
,0.00014181004844710348,8459,,,,,,,,,,,,,,,,,,,,,,,,,,,,,,
82,,8459,1.3254616260528564,0.382267028093338,1.8726674318313599,0.05582072213292122,0.6484788656234741,3.060819387435913,2.737945318222046,0.0029701553285121918,3.9843530654907227,0.19949932396411896,0.667796790599823,8.228473663330078,0.00465130852535367,2.2174644470214844,0.8757994771003723,,,,,,,,,,,,,,,
,0.00014151091312071697,8469,,,,,,,,,,,,,,,,,,,,,,,,,,,,,,
82,,8469,1.449946403503418,0.3240675926208496,2.021064519882202,0.049874622374773026,0.6750332713127136,2.962235689163208,3.004047393798828,0.015028517693281174,4.151512145996094,0.29941049218177795,0.7010089159011841,8.617733001708984,0.0146265160292387,2.2238714694976807,1.1325688362121582,,,,,,,,,,,,,,,
,0.00014121181165989777,8479,,,,,,,,,,,,,,,,,,,,,,,,,,,,,,
82,,8479,1.0985658168792725,0.26729729771614075,1.892377495765686,0.026837076991796494,0.6974573135375977,2.568308115005493,2.9942736625671387,0.0022186478599905968,3.9624505043029785,0.2495412677526474,0.7053475975990295,7.929283142089844,0.013813265599310398,2.23553729057312,1.048203706741333,,,,,,,,,,,,,,,
,0.00014091274525785308,8489,,,,,,,,,,,,,,,,,,,,,,,,,,,,,,
82,,8489,1.045366644859314,0.329518586397171,1.8269437551498413,0.04003816097974777,0.6654870510101318,2.6175549030303955,2.810288429260254,0.005609307438135147,4.02219820022583,0.1672278493642807,0.6561992764472961,7.946780204772949,0.021157028153538704,2.2568652629852295,1.0705286264419556,,,,,,,,,,,,,,,
,0.00014061371510765047,8499,,,,,,,,,,,,,,,,,,,,,,,,,,,,,,
82,,8499,1.0981653928756714,0.3398493528366089,1.8217260837554932,0.05268838256597519,0.6749122142791748,2.305864095687866,2.9437613487243652,0.004995568655431271,3.974174976348877,0.3168807327747345,0.6748911738395691,7.93056058883667,0.012398955412209034,2.2176313400268555,1.3821711540222168,,,,,,,,,,,,,,,
,0.00014031472240221276,8509,,,,,,,,,,,,,,,,,,,,,,,,,,,,,,
82,,8509,0.9851550459861755,0.34085461497306824,1.680910587310791,0.03662702068686485,0.6787817478179932,2.513019561767578,2.8432862758636475,0.006615516263991594,3.9915404319763184,0.501045286655426,0.6851683259010315,7.9327497482299805,0.016346054151654243,2.196566343307495,1.3307050466537476,,,,,,,,,,,,,,,
,0.00014001576833431336,8519,,,,,,,,,,,,,,,,,,,,,,,,,,,,,,
82,,8519,0.9117106199264526,0.3494037091732025,1.9499504566192627,0.06725921481847763,0.672014057636261,2.1461822986602783,2.955324411392212,0.0020753596909344196,3.947251796722412,0.26488688588142395,0.6881526708602905,7.713434219360352,0.02780977264046669,2.2484934329986572,1.1038236618041992,,,,,,,,,,,,,,,
,0.00013971685409657156,8529,,,,,,,,,,,,,,,,,,,,,,,,,,,,,,
82,,8529,0.8453835844993591,0.36136266589164734,1.7838720083236694,0.05593472346663475,0.6778444051742554,2.207813262939453,3.1122305393218994,0.005044760648161173,3.951719284057617,0.2083948254585266,0.6742067337036133,7.695672035217285,0.025977686047554016,2.2242391109466553,1.1235694885253906,,,,,,,,,,,,,,,
,0.00013941798088144795,8539,,,,,,,,,,,,,,,,,,,,,,,,,,,,,,
82,,8539,0.9157469868659973,0.3406321108341217,1.8285443782806396,0.033026862889528275,0.6643183827400208,2.4778552055358887,2.9001846313476562,0.0004194139619357884,3.942455768585205,0.1644120067358017,0.6570600867271423,7.657217025756836,0.00854488741606474,2.191387176513672,0.8131778836250305,,,,,,,,,,,,,,,
82,,8548,,,,,,,,,,,,,,,,1.0097748041152954,0.2541358768939972,1.8953875303268433,0.02120172046124935,0.5548086762428284,2.577022075653076,3.2558274269104004,3.1238014344125986e-05,3.9192302227020264,0.2441035658121109,0.6638686060905457,7.936181545257568,0.021221129223704338,2.1932716369628906,1.2959295511245728
,0.00013911914988123922,8549,,,,,,,,,,,,,,,,,,,,,,,,,,,,,,
83,,8549,0.9498592615127563,0.5305292010307312,1.86135733127594,0.03108973242342472,0.6780829429626465,2.4724137783050537,2.8154470920562744,0.00048263074131682515,3.978423595428467,0.1944708228111267,0.6477030515670776,7.870955467224121,0.016225671395659447,2.17051100730896,1.1029475927352905,,,,,,,,,,,,,,,
,0.00013882036228807376,8559,,,,,,,,,,,,,,,,,,,,,,,,,,,,,,
83,,8559,1.1339826583862305,0.3402908146381378,2.140115261077881,0.017634566873311996,0.6483303904533386,3.307605266571045,3.0791616439819336,0.00040109280962496996,4.173409938812256,0.3475247025489807,0.6837664246559143,8.642202377319336,0.01988881081342697,2.194230079650879,1.0372291803359985,,,,,,,,,,,,,,,
,0.0001385216192939067,8569,,,,,,,,,,,,,,,,,,,,,,,,,,,,,,
83,,8569,1.0934745073318481,0.4333544075489044,1.7796398401260376,0.032372891902923584,0.6684924364089966,2.4487810134887695,2.547680139541626,0.00022910085681360215,3.9495744705200195,0.3142295181751251,0.7113939523696899,7.813851356506348,0.026681313291192055,2.176177978515625,1.1105856895446777,,,,,,,,,,,,,,,
,0.00013822292209051545,8579,,,,,,,,,,,,,,,,,,,,,,,,,,,,,,
83,,8579,1.044297695159912,0.36954715847969055,1.6528640985488892,0.028354289010167122,0.6616405844688416,2.450361967086792,2.6978330612182617,0.003905070945620537,3.9225447177886963,0.1334129124879837,0.671131432056427,7.697961807250977,0.01998092420399189,2.195627212524414,1.1268742084503174,,,,,,,,,,,,,,,
,0.00013792427186949457,8589,,,,,,,,,,,,,,,,,,,,,,,,,,,,,,
83,,8589,1.1553575992584229,0.319706529378891,2.205920457839966,0.02428482100367546,0.6458331942558289,2.9690144062042236,2.915708541870117,0.004076304845511913,3.978367567062378,0.35210493206977844,0.7062804102897644,8.37777042388916,0.024102814495563507,2.21212100982666,1.368789553642273,,,,,,,,,,,,,,,
,0.0001376256698222513,8599,,,,,,,,,,,,,,,,,,,,,,,,,,,,,,
83,,8599,1.0364962816238403,0.2979121804237366,1.8573253154754639,0.059107840061187744,0.7314078211784363,2.9451074600219727,3.0373618602752686,0.005398561712354422,4.0542449951171875,0.1880064457654953,0.73516845703125,8.343674659729004,0.012658906169235706,2.24836802482605,1.42557692527771,,,,,,,,,,,,,,,
,0.0001373271171400005,8609,,,,,,,,,,,,,,,,,,,,,,,,,,,,,,
83,,8609,1.2329063415527344,0.330226331949234,1.7349708080291748,0.02288994938135147,0.7331430315971375,2.67716383934021,3.0498692989349365,0.0024688849225640297,4.01617956161499,0.18708400428295135,0.6793655157089233,8.22661304473877,0.018683018162846565,2.2319037914276123,1.4969505071640015,,,,,,,,,,,,,,,
,0.00013702861501376044,8619,,,,,,,,,,,,,,,,,,,,,,,,,,,,,,
83,,8619,1.8291139602661133,0.27604514360427856,1.7984676361083984,0.026984911412000656,0.720410943031311,3.881124973297119,2.7939488887786865,0.0019442243501543999,4.081759929656982,0.10532382875680923,0.6965434551239014,9.144615173339844,0.01815202087163925,2.360755443572998,1.5899940729141235,,,,,,,,,,,,,,,
,0.00013673016463434742,8629,,,,,,,,,,,,,,,,,,,,,,,,,,,,,,
83,,8629,0.9284860491752625,0.3279357850551605,2.145890951156616,0.06790533661842346,0.6901187896728516,2.7947890758514404,3.2273144721984863,0.012442881241440773,4.000710487365723,0.1817910522222519,0.6687389016151428,8.203683853149414,0.020024146884679794,2.2415337562561035,1.085486888885498,,,,,,,,,,,,,,,
,0.00013643176719237135,8639,,,,,,,,,,,,,,,,,,,,,,,,,,,,,,
83,,8639,1.0657259225845337,0.37654951214790344,1.9509127140045166,0.1229516863822937,0.6969149708747864,2.566767930984497,2.6941134929656982,0.0024985596537590027,4.016371726989746,0.2609907388687134,0.6653653979301453,8.126226425170898,0.02350478805601597,2.2189879417419434,1.2959352731704712,,,,,,,,,,,,,,,
,0.00013613342387823108,8649,,,,,,,,,,,,,,,,,,,,,,,,,,,,,,
83,,8649,0.9238589406013489,0.35842761397361755,1.7149360179901123,0.055337097495794296,0.6921091675758362,2.650923490524292,3.01335072517395,0.0001616085646674037,3.966360330581665,0.20610524713993073,0.6732330918312073,7.917052268981934,0.01774546317756176,2.2318081855773926,1.134259581565857,,,,,,,,,,,,,,,
83,,8651,,,,,,,,,,,,,,,,1.1422454118728638,0.31994128227233887,1.9127575159072876,0.022667646408081055,0.6163505911827087,2.674647569656372,3.3131980895996094,0.10714367032051086,3.956000328063965,0.25979334115982056,0.6704832315444946,8.186003684997559,0.020119143649935722,2.304204225540161,1.0478993654251099
,0.0001358351358821095,8659,,,,,,,,,,,,,,,,,,,,,,,,,,,,,,
84,,8659,1.1352131366729736,0.34184882044792175,2.3113789558410645,0.03300727158784866,0.6870344281196594,2.6032373905181885,3.1988608837127686,7.586928404634818e-05,3.9793689250946045,0.2553860545158386,0.6680449843406677,8.338770866394043,0.01208255160599947,2.23826003074646,1.5715583562850952,,,,,,,,,,,,,,,
,0.0001355369043939687,8669,,,,,,,,,,,,,,,,,,,,,,,,,,,,,,
84,,8669,1.2133561372756958,0.47588473558425903,1.8855056762695312,0.028074804693460464,0.6779109835624695,2.7907307147979736,3.00616717338562,6.715901690768078e-05,3.9932377338409424,0.13917145133018494,0.6857803463935852,8.191656112670898,0.012160837650299072,2.2742552757263184,1.0700492858886719,,,,,,,,,,,,,,,
,0.0001352387306035454,8679,,,,,,,,,,,,,,,,,,,,,,,,,,,,,,
84,,8679,1.0913349390029907,0.2753915786743164,2.280043363571167,0.026673277840018272,0.6758233904838562,2.7013320922851562,3.153637409210205,9.520380262983963e-05,4.091474533081055,0.14202480018138885,0.6843820214271545,8.20267105102539,0.021331224590539932,2.2834484577178955,0.8568286299705505,,,,,,,,,,,,,,,
,0.00013494061570034618,8689,,,,,,,,,,,,,,,,,,,,,,,,,,,,,,
84,,8689,1.1630051136016846,0.44703570008277893,1.9891977310180664,0.07306833565235138,0.6573477983474731,2.8042187690734863,2.9241089820861816,0.0001357313885819167,3.989393949508667,0.2027478814125061,0.6474522352218628,8.17484188079834,0.013946264050900936,2.2538580894470215,0.946152925491333,,,,,,,,,,,,,,,
,0.00013464256087364275,8699,,,,,,,,,,,,,,,,,,,,,,,,,,,,,,
84,,8699,1.0998822450637817,0.3762219548225403,2.0622167587280273,0.03891516476869583,0.6715980172157288,2.6967480182647705,3.0901832580566406,0.0008732653222978115,3.982553243637085,0.11990100890398026,0.6932067275047302,8.129653930664062,0.04113508388400078,2.259010076522827,1.0054534673690796,,,,,,,,,,,,,,,
,0.00013434456731246702,8709,,,,,,,,,,,,,,,,,,,,,,,,,,,,,,
84,,8709,1.0409225225448608,0.3101305067539215,1.9424108266830444,0.053817808628082275,0.6660372614860535,2.6777496337890625,2.8806040287017822,0.000289338844595477,3.9664194583892822,0.10965429246425629,0.6716294288635254,7.9273481369018555,0.020251145586371422,2.2567601203918457,0.9434159994125366,,,,,,,,,,,,,,,
,0.0001340466362056065,8719,,,,,,,,,,,,,,,,,,,,,,,,,,,,,,
84,,8719,1.18020761013031,0.2894848585128784,2.18841814994812,0.04411220923066139,0.6574079990386963,2.584744691848755,3.1731009483337402,0.0003139452892355621,4.179757595062256,0.2581093907356262,0.7326365113258362,8.328269004821777,0.009240210987627506,2.2254552841186523,0.9905948042869568,,,,,,,,,,,,,,,
,0.00013374876874159975,8729,,,,,,,,,,,,,,,,,,,,,,,,,,,,,,
84,,8729,1.1387939453125,0.4204210638999939,2.0786685943603516,0.05618203431367874,0.6778048276901245,2.5150156021118164,3.012277126312256,0.0005419175140559673,3.8768017292022705,0.1503884643316269,0.6481572389602661,7.934289455413818,0.028533566743135452,2.256110429763794,0.9294872879981995,,,,,,,,,,,,,,,
,0.00013345096610873125,8739,,,,,,,,,,,,,,,,,,,,,,,,,,,,,,
84,,8739,1.2453659772872925,0.2955770790576935,1.7512681484222412,0.03043794445693493,0.676181435585022,2.793619394302368,2.907200813293457,0.0013684936566278338,4.06180477142334,0.33622151613235474,0.6772207021713257,8.168193817138672,0.012291574850678444,2.2503857612609863,1.058214783668518,,,,,,,,,,,,,,,
,0.0001331532294950269,8749,,,,,,,,,,,,,,,,,,,,,,,,,,,,,,
84,,8749,1.1671533584594727,0.5078496336936951,2.0835158824920654,0.061693720519542694,0.6703847646713257,2.653918981552124,2.9395039081573486,0.004359669052064419,4.048736095428467,0.248910591006279,0.6620047092437744,8.276545524597168,0.02772187627851963,2.2511696815490723,1.0769797563552856,,,,,,,,,,,,,,,
84,,8754,,,,,,,,,,,,,,,,1.1993204355239868,0.3140641450881958,1.9712190628051758,0.023046553134918213,0.40535274147987366,2.6486895084381104,3.319084644317627,0.32012471556663513,3.849445343017578,0.2590789496898651,0.6709941029548645,8.257413864135742,0.020909719169139862,2.3102476596832275,0.9957382082939148
,0.00013285556008824916,8759,,,,,,,,,,,,,,,,,,,,,,,,,,,,,,
85,,8759,1.173617959022522,0.36093786358833313,2.1925225257873535,0.06558597087860107,0.685538113117218,2.5383286476135254,2.970632791519165,0.0045961644500494,4.011292457580566,0.18116167187690735,0.7118039131164551,8.160890579223633,0.018705084919929504,2.259658098220825,1.0634263753890991,,,,,,,,,,,,,,,
,0.0001325579590758926,8769,,,,,,,,,,,,,,,,,,,,,,,,,,,,,,
85,,8769,1.0901613235473633,0.34663084149360657,2.274352788925171,0.049199480563402176,0.712166428565979,2.645810604095459,3.1069271564483643,0.00461839884519577,4.020439147949219,0.1523222178220749,0.7067688703536987,8.306649208068848,0.040223173797130585,2.2683565616607666,1.2808330059051514,,,,,,,,,,,,,,,
,0.00013226042764517867,8779,,,,,,,,,,,,,,,,,,,,,,,,,,,,,,
85,,8779,0.9932630062103271,0.3811814486980438,2.1165969371795654,0.06639893352985382,0.6750718355178833,2.6623213291168213,2.9038262367248535,0.003553038462996483,4.011866092681885,0.216203972697258,0.6523597836494446,8.064620971679688,0.010142331942915916,2.2440185546875,0.9992945194244385,,,,,,,,,,,,,,,
,0.00013196296698305137,8789,,,,,,,,,,,,,,,,,,,,,,,,,,,,,,
85,,8789,1.1737761497497559,0.43613550066947937,2.2068159580230713,0.08261848986148834,0.7029325366020203,2.529177188873291,2.8915646076202393,0.004570649936795235,3.9718456268310547,0.22369790077209473,0.6808016896247864,8.227865219116211,0.028636036440730095,2.2501657009124756,1.2795966863632202,,,,,,,,,,,,,,,
,0.00013166557827617247,8799,,,,,,,,,,,,,,,,,,,,,,,,,,,,,,
85,,8799,1.0271856784820557,0.3151944577693939,1.8899953365325928,0.036561597138643265,0.7061818242073059,2.7577250003814697,2.8901777267456055,0.011594600975513458,3.940209150314331,0.22679705917835236,0.6897183060646057,8.001380920410156,0.01233929768204689,2.2694385051727295,1.1469742059707642,,,,,,,,,,,,,,,
,0.0001313682627109165,8809,,,,,,,,,,,,,,,,,,,,,,,,,,,,,,
85,,8809,1.0733299255371094,0.380228191614151,1.9270867109298706,0.0595020055770874,0.7123005390167236,2.369039297103882,2.6944642066955566,0.0005763150402344763,4.027729511260986,0.2828538119792938,0.6756742000579834,7.859150409698486,0.019558977335691452,2.2722291946411133,0.9037569761276245,,,,,,,,,,,,,,,
,0.00013107102147336637,8819,,,,,,,,,,,,,,,,,,,,,,,,,,,,,,
85,,8819,0.8992496728897095,0.34691572189331055,2.023132085800171,0.03713664785027504,0.7211287617683411,2.462238073348999,2.870457887649536,0.0006481335731223226,3.904766798019409,0.28744301199913025,0.7156334519386292,7.915863513946533,0.025450825691223145,2.244133472442627,1.4575719833374023,,,,,,,,,,,,,,,
,0.0001307738557493083,8829,,,,,,,,,,,,,,,,,,,,,,,,,,,,,,
85,,8829,0.9405480027198792,0.35069283843040466,2.254047393798828,0.05956471711397171,0.708138108253479,2.5283725261688232,3.2429704666137695,0.0003460120060481131,3.9325342178344727,0.16423991322517395,0.672562301158905,8.071602821350098,0.022440779954195023,2.2749791145324707,1.1961350440979004,,,,,,,,,,,,,,,
,0.00013047676672422749,8839,,,,,,,,,,,,,,,,,,,,,,,,,,,,,,
85,,8839,1.0361146926879883,0.399847149848938,1.9485095739364624,0.05282098427414894,0.7184979915618896,2.786583185195923,2.583595037460327,0.0011631189845502377,4.03692102432251,0.22779567539691925,0.740005612373352,8.171096801757812,0.010088454931974411,2.30474853515625,1.3552305698394775,,,,,,,,,,,,,,,
,0.00013017975558330297,8849,,,,,,,,,,,,,,,,,,,,,,,,,,,,,,
85,,8849,1.0595057010650635,0.33123302459716797,2.0056400299072266,0.06344866007566452,0.762980043888092,2.67067551612854,2.943434953689575,0.004426564089953899,4.1403374671936035,0.17543639242649078,0.6908727884292603,8.281292915344238,0.02255285158753395,2.301309108734131,1.200523853302002,,,,,,,,,,,,,,,
85,,8857,,,,,,,,,,,,,,,,1.2251375913619995,0.4013166129589081,2.008815288543701,0.024211805313825607,0.46035051345825195,2.578808307647705,3.312511682510376,0.6757338047027588,3.88496994972229,0.2670358717441559,0.6788169145584106,8.706781387329102,0.0219986904412508,2.3008594512939453,1.052294135093689
,0.00012988282351140317,8859,,,,,,,,,,,,,,,,,,,,,,,,,,,,,,
86,,8859,1.0183188915252686,0.3281733989715576,2.158947467803955,0.08532758802175522,0.6973052620887756,2.289344549179077,3.0698909759521484,0.0006459372234530747,3.8871066570281982,0.24529868364334106,0.6353518962860107,7.977662086486816,0.030593786388635635,2.1824545860290527,1.4517923593521118,,,,,,,,,,,,,,,
,0.000129585971693081,8869,,,,,,,,,,,,,,,,,,,,,,,,,,,,,,
86,,8869,0.973266065120697,0.31956249475479126,1.8678796291351318,0.058106373995542526,0.7019283771514893,2.310319185256958,2.80232572555542,0.0014537351671606302,3.922301769256592,0.349275141954422,0.7026528120040894,7.854948997497559,0.02219761535525322,2.2389426231384277,1.506409764289856,,,,,,,,,,,,,,,
,0.0001292892013125693,8879,,,,,,,,,,,,,,,,,,,,,,,,,,,,,,
86,,8879,0.9944069385528564,0.3515041470527649,2.352006673812866,0.05226588249206543,0.7057092189788818,2.3780641555786133,3.07560396194458,0.0003770998737309128,4.116517543792725,0.39016568660736084,0.6729570031166077,8.295778274536133,0.010472286492586136,2.1805286407470703,1.4842050075531006,,,,,,,,,,,,,,,
,0.00012899251355377603,8889,,,,,,,,,,,,,,,,,,,,,,,,,,,,,,
86,,8889,0.9568943977355957,0.3294769823551178,2.2889819145202637,0.0796869620680809,0.6994315385818481,2.4029388427734375,3.3038063049316406,0.0015125174541026354,3.9113516807556152,0.18868198990821838,0.7103425860404968,8.14808464050293,0.019997188821434975,2.2342402935028076,1.5531795024871826,,,,,,,,,,,,,,,
,0.0001286959096002795,8899,,,,,,,,,,,,,,,,,,,,,,,,,,,,,,
86,,8899,1.0144376754760742,0.28671157360076904,2.12131667137146,0.04068908840417862,0.7382968664169312,2.337862491607666,3.2219583988189697,0.0008132330840453506,4.065160274505615,0.18240390717983246,0.6701645255088806,8.151473045349121,0.0291836429387331,2.277493476867676,1.4564677476882935,,,,,,,,,,,,,,,
,0.0001283993906353237,8909,,,,,,,,,,,,,,,,,,,,,,,,,,,,,,
86,,8909,0.9552604556083679,0.28310626745224,2.430328607559204,0.05205308645963669,0.72674959897995,2.2777698040008545,3.3925700187683105,0.0005785591201856732,4.003139972686768,0.20113563537597656,0.6799274682998657,8.130858421325684,0.014324242249131203,2.282982587814331,1.3530662059783936,,,,,,,,,,,,,,,
,0.00012810295784181362,8919,,,,,,,,,,,,,,,,,,,,,,,,,,,,,,
86,,8919,0.8872618079185486,0.3759419620037079,1.903541922569275,0.0292782261967659,0.7239787578582764,2.3290674686431885,3.0292773246765137,0.0007264845771715045,4.061960220336914,0.3169352412223816,0.6768221259117126,7.913393974304199,0.01906438358128071,2.290355682373047,1.171807050704956,,,,,,,,,,,,,,,
,0.0001278066124023104,8929,,,,,,,,,,,,,,,,,,,,,,,,,,,,,,
86,,8929,0.9118931889533997,0.29450419545173645,2.1471784114837646,0.038284651935100555,0.6918246150016785,2.312037229537964,3.161198139190674,0.0006937349680811167,3.9876418113708496,0.23658719658851624,0.6677558422088623,7.974660873413086,0.011475942097604275,2.2948501110076904,1.4344979524612427,,,,,,,,,,,,,,,
,0.0001275103554990268,8939,,,,,,,,,,,,,,,,,,,,,,,,,,,,,,
86,,8939,0.9675521850585938,0.3273373246192932,2.0085933208465576,0.03920827433466911,0.7170829772949219,2.1465389728546143,2.889812469482422,0.002019174164161086,3.9490294456481934,0.20456665754318237,0.6708681583404541,7.701282501220703,0.010636628605425358,2.240013599395752,1.144160270690918,,,,,,,,,,,,,,,
,0.00012721418831382225,8949,,,,,,,,,,,,,,,,,,,,,,,,,,,,,,
86,,8949,0.9695342183113098,0.34046533703804016,2.0421266555786133,0.05310182273387909,0.7368531823158264,2.355681896209717,2.897711992263794,0.00019741017604246736,4.018030643463135,0.20876732468605042,0.6862825155258179,7.97059965133667,0.034706950187683105,2.2556521892547607,1.253057599067688,,,,,,,,,,,,,,,
,0.00012691811202819847,8959,,,,,,,,,,,,,,,,,,,,,,,,,,,,,,
86,,8959,0.8853249549865723,0.35509753227233887,1.8987966775894165,0.05038657411932945,0.719413697719574,2.3870441913604736,3.0123250484466553,0.00034792860969901085,3.9608497619628906,0.3074877858161926,0.6834408640861511,7.825537204742432,0.013474207371473312,2.217012882232666,1.1229033470153809,,,,,,,,,,,,,,,
86,,8960,,,,,,,,,,,,,,,,1.2679954767227173,0.37579062581062317,2.0119078159332275,0.023197321221232414,0.435378760099411,2.642643690109253,3.3127472400665283,0.6230381727218628,3.8817129135131836,0.26880699396133423,0.6774290800094604,8.704980850219727,0.022297203540802002,2.2920174598693848,1.108963131904602
,0.00012662212782329436,8969,,,,,,,,,,,,,,,,,,,,,,,,,,,,,,
87,,8969,0.9816467761993408,0.41225260496139526,1.8713372945785522,0.04393867775797844,0.6901431083679199,2.2030601501464844,2.8015897274017334,0.00039899360854178667,3.995593547821045,0.2544192373752594,0.6655485033988953,7.739969253540039,0.03773976117372513,2.2234270572662354,0.9981234669685364,,,,,,,,,,,,,,,
,0.00012632623687988152,8979,,,,,,,,,,,,,,,,,,,,,,,,,,,,,,
87,,8979,0.9096232056617737,0.3803565800189972,2.140533447265625,0.03265396133065224,0.6867974400520325,2.299255132675171,3.42865252494812,0.00038870726712048054,3.994565010070801,0.20593836903572083,0.6823891401290894,8.112922668457031,0.020490704104304314,2.229098320007324,1.5661721229553223,,,,,,,,,,,,,,,
,0.00012603044037835963,8989,,,,,,,,,,,,,,,,,,,,,,,,,,,,,,
87,,8989,0.9222637414932251,0.4638262093067169,2.0230958461761475,0.03706846758723259,0.6960015892982483,2.473893642425537,3.149341583251953,0.000689150532707572,3.995018482208252,0.23529541492462158,0.6847391724586487,8.146589279174805,0.035899657756090164,2.234773635864258,1.51265549659729,,,,,,,,,,,,,,,
,0.0001257347394987515,8999,,,,,,,,,,,,,,,,,,,,,,,,,,,,,,
87,,8999,1.0151429176330566,0.5283721089363098,2.113694906234741,0.07315044850111008,0.6870826482772827,2.2312490940093994,2.897799491882324,0.0001244334562215954,3.9696218967437744,0.1755935698747635,0.6880005598068237,7.907771110534668,0.044356342405080795,2.2220375537872314,0.9723497033119202,,,,,,,,,,,,,,,
,0.00012543913542069845,9009,,,,,,,,,,,,,,,,,,,,,,,,,,,,,,
87,,9009,0.9281418323516846,0.3493391275405884,1.8628703355789185,0.060894113034009933,0.7018239498138428,2.4667041301727295,2.596738338470459,0.0004489615384954959,3.9816901683807373,0.12389259785413742,0.6876786947250366,7.792242527008057,0.02013734169304371,2.261622190475464,1.1743062734603882,,,,,,,,,,,,,,,
,0.0001251436293234556,9019,,,,,,,,,,,,,,,,,,,,,,,,,,,,,,
87,,9019,0.8959721326828003,0.3634185791015625,2.0360262393951416,0.10489141196012497,0.6847706437110901,2.407036304473877,2.648240566253662,0.001032935339026153,3.9485087394714355,0.4070560336112976,0.6965752840042114,7.925926685333252,0.03815574571490288,2.2169177532196045,1.3067735433578491,,,,,,,,,,,,,,,
,0.00012484822238588745,9029,,,,,,,,,,,,,,,,,,,,,,,,,,,,,,
87,,9029,1.0249574184417725,0.4076281487941742,2.1573617458343506,0.03806047886610031,0.6900690793991089,2.474372148513794,2.9381487369537354,0.00024228094844147563,3.983114004135132,0.18272873759269714,0.7014070153236389,8.052395820617676,0.0208477433770895,2.2778258323669434,1.2515393495559692,,,,,,,,,,,,,,,
,0.00012455291578646266,9039,,,,,,,,,,,,,,,,,,,,,,,,,,,,,,
87,,9039,0.9126818776130676,0.3361819386482239,2.174840211868286,0.05608159303665161,0.6903313398361206,2.3409764766693115,2.910564661026001,0.00044373300625011325,3.9365932941436768,0.15935765206813812,0.6824869513511658,7.85056734085083,0.013386648148298264,2.2257068157196045,1.2322760820388794,,,,,,,,,,,,,,,
,0.00012425771070324966,9049,,,,,,,,,,,,,,,,,,,,,,,,,,,,,,
87,,9049,0.8849263191223145,0.3816908597946167,1.9644274711608887,0.045841559767723083,0.6893353462219238,2.2927205562591553,2.7987568378448486,0.0001551102177472785,4.016332149505615,0.28246477246284485,0.6773369908332825,7.878443717956543,0.04513036087155342,2.2198681831359863,1.300986886024475,,,,,,,,,,,,,,,
,0.0001239626083139119,9059,,,,,,,,,,,,,,,,,,,,,,,,,,,,,,
87,,9059,1.0079805850982666,0.32754257321357727,1.6849250793457031,0.041125763207674026,0.7035175561904907,2.3313980102539062,2.7649714946746826,0.0006427868502214551,3.93757700920105,0.37540119886398315,0.6982364058494568,7.689842700958252,0.02728518657386303,2.263693332672119,1.0464937686920166,,,,,,,,,,,,,,,
87,,9063,,,,,,,,,,,,,,,,1.2982124090194702,0.37170571088790894,1.9729676246643066,0.022878658026456833,0.48170605301856995,2.5991086959838867,3.307100772857666,0.5579380393028259,3.911638021469116,0.2641337513923645,0.6810154318809509,8.661870956420898,0.02195032499730587,2.29653263092041,1.1173617839813232
,0.00012366760979570324,9069,,,,,,,,,,,,,,,,,,,,,,,,,,,,,,
88,,9069,0.9257683753967285,0.3630041778087616,1.7984110116958618,0.033953554928302765,0.7122342586517334,2.0785155296325684,2.7291390895843506,0.00018099159933626652,3.964921474456787,0.16848954558372498,0.689976155757904,7.554714679718018,0.014691521413624287,2.2498457431793213,1.1016271114349365,,,,,,,,,,,,,,,
,0.00012337271632546312,9079,,,,,,,,,,,,,,,,,,,,,,,,,,,,,,
88,,9079,0.9442022442817688,0.47946086525917053,2.225196599960327,0.07959242910146713,0.7338108420372009,2.2489025592803955,3.053128719329834,0.00019402639009058475,3.9771640300750732,0.29087188839912415,0.6800622344017029,7.997287273406982,0.03336295858025551,2.2747209072113037,1.0823339223861694,,,,,,,,,,,,,,,
,0.0001230779290796119,9089,,,,,,,,,,,,,,,,,,,,,,,,,,,,,,
88,,9089,1.0360162258148193,0.3388134837150574,2.024726629257202,0.06056176871061325,0.7190184593200684,2.313904047012329,2.7759642601013184,0.00024013378424569964,3.9898393154144287,0.3423407971858978,0.6735537052154541,7.944593906402588,0.003344201948493719,2.2492523193359375,1.3763245344161987,,,,,,,,,,,,,,,
,0.0001227832492341461,9099,,,,,,,,,,,,,,,,,,,,,,,,,,,,,,
88,,9099,0.9095646142959595,0.30123934149742126,1.8468639850616455,0.02951132133603096,0.6770674586296082,2.276141881942749,3.08829402923584,0.00046842728625051677,3.925921678543091,0.24152199923992157,0.6937523484230042,7.807178020477295,0.015241583809256554,2.2732276916503906,1.507692813873291,,,,,,,,,,,,,,,
,0.00012248867796463397,9109,,,,,,,,,,,,,,,,,,,,,,,,,,,,,,
88,,9109,0.9041781425476074,0.34413471817970276,1.9141974449157715,0.0287808608263731,0.7111157774925232,2.2501168251037598,3.092386484146118,0.001013547065667808,3.9761576652526855,0.2177247703075409,0.6849516034126282,7.7677178382873535,0.02838372439146042,2.2474684715270996,1.0793230533599854,,,,,,,,,,,,,,,
,0.00012219421644621046,9119,,,,,,,,,,,,,,,,,,,,,,,,,,,,,,
88,,9119,0.9406207799911499,0.3594721257686615,2.0350749492645264,0.09519698470830917,0.6905730962753296,2.4341866970062256,2.873095750808716,0.00013077864423394203,3.934671401977539,0.20728924870491028,0.6897600889205933,7.950321674346924,0.011075378395617008,2.23462176322937,1.3585628271102905,,,,,,,,,,,,,,,
,0.0001218998658535727,9129,,,,,,,,,,,,,,,,,,,,,,,,,,,,,,
88,,9129,0.9180811643600464,0.2999202311038971,1.9199090003967285,0.05171774700284004,0.6844784021377563,2.345209836959839,3.0990004539489746,0.00018725443806033581,3.9290945529937744,0.21559903025627136,0.7373597621917725,7.840406894683838,0.01739325560629368,2.268535614013672,1.29581880569458,,,,,,,,,,,,,,,
,0.00012160562736097545,9139,,,,,,,,,,,,,,,,,,,,,,,,,,,,,,
88,,9139,0.8733291029930115,0.3152957558631897,2.2953906059265137,0.05837307870388031,0.679787814617157,2.205453634262085,2.9442176818847656,0.00010375247802585363,3.9575982093811035,0.13515102863311768,0.7264810800552368,7.821504592895508,0.045916710048913956,2.197617769241333,1.1127182245254517,,,,,,,,,,,,,,,
,0.0001213115021422261,9149,,,,,,,,,,,,,,,,,,,,,,,,,,,,,,
88,,9149,0.8528937697410583,0.2955053746700287,1.861596703529358,0.03654384985566139,0.6906241774559021,2.283698558807373,2.887706995010376,0.0002395409537712112,3.911257266998291,0.11328012496232986,0.72200608253479,7.6903815269470215,0.015247420407831669,2.2683465480804443,1.4204676151275635,,,,,,,,,,,,,,,
,0.00012101749137068024,9159,,,,,,,,,,,,,,,,,,,,,,,,,,,,,,
88,,9159,1.0723628997802734,0.32149559259414673,1.8895559310913086,0.030987855046987534,0.6750830411911011,2.601641893386841,2.714773416519165,0.000493158062454313,3.931852102279663,0.22937560081481934,0.6949424147605896,7.9187469482421875,0.007507916074246168,2.2681148052215576,1.3152669668197632,,,,,,,,,,,,,,,
88,,9166,,,,,,,,,,,,,,,,1.2600547075271606,0.29728659987449646,1.870309829711914,0.021127695217728615,0.6342141628265381,2.509101629257202,3.2506351470947266,0.12524211406707764,3.9788286685943604,0.25087058544158936,0.678555965423584,8.199230194091797,0.020997190847992897,2.303539991378784,1.1463119983673096
,0.00012072359621923679,9169,,,,,,,,,,,,,,,,,,,,,,,,,,,,,,
89,,9169,0.8729382157325745,0.3723745048046112,1.992322325706482,0.0559556819498539,0.704870343208313,2.101297616958618,2.850670576095581,0.00015137152513489127,3.9485347270965576,0.18554383516311646,0.6961230039596558,7.830389022827148,0.019772429019212723,2.2238523960113525,1.7208973169326782,,,,,,,,,,,,,,,
,0.00012042981786033364,9179,,,,,,,,,,,,,,,,,,,,,,,,,,,,,,
89,,9179,0.96550452709198,0.3737317621707916,1.9650195837020874,0.016045505180954933,0.704590380191803,2.3665823936462402,2.970557928085327,0.00014177834964357316,3.8694071769714355,0.12234729528427124,0.7462016940116882,7.738257884979248,0.013473336584866047,2.2366693019866943,1.1592258214950562,,,,,,,,,,,,,,,
,0.00012013615746594259,9189,,,,,,,,,,,,,,,,,,,,,,,,,,,,,,
89,,9189,1.0594754219055176,0.30610257387161255,1.8872978687286377,0.03299840912222862,0.6908997297286987,2.2718241214752197,2.8762876987457275,0.00040392219671048224,4.0827555656433105,0.14970280230045319,0.6604205965995789,7.885979175567627,0.00922764465212822,2.227236747741699,1.1999257802963257,,,,,,,,,,,,,,,
,0.00011984261620756486,9199,,,,,,,,,,,,,,,,,,,,,,,,,,,,,,
89,,9199,0.9643344879150391,0.45078927278518677,2.0586020946502686,0.038516320288181305,0.6806826591491699,2.193298578262329,2.6309151649475098,0.00038710454828105867,3.9759111404418945,0.13528764247894287,0.8062215447425842,7.826220989227295,0.029666977003216743,2.258730411529541,1.3186309337615967,,,,,,,,,,,,,,,
,0.00011954919525622637,9209,,,,,,,,,,,,,,,,,,,,,,,,,,,,,,
89,,9209,0.8957552909851074,0.39672455191612244,2.0220389366149902,0.04090013727545738,0.6861534118652344,2.3548583984375,2.7629971504211426,0.000629545422270894,3.9284636974334717,0.21041817963123322,0.6869043707847595,7.762331008911133,0.009546498768031597,2.239260196685791,1.2031701803207397,,,,,,,,,,,,,,,
,0.00011925589578247326,9219,,,,,,,,,,,,,,,,,,,,,,,,,,,,,,
89,,9219,0.865166425704956,0.332599401473999,1.8439041376113892,0.012575484812259674,0.6756069660186768,2.376249074935913,2.8753411769866943,0.00012716770288534462,3.921508312225342,0.41006186604499817,0.6994550824165344,7.804058074951172,0.00928370002657175,2.2301077842712402,1.5483546257019043,,,,,,,,,,,,,,,
,0.00011896271895636691,9229,,,,,,,,,,,,,,,,,,,,,,,,,,,,,,
89,,9229,0.9659450054168701,0.3838821053504944,2.08905291557312,0.046952638775110245,0.6769605278968811,2.2597851753234863,3.0361201763153076,0.00047045800602063537,4.00752067565918,0.21318283677101135,0.6839613318443298,7.886075019836426,0.02170681394636631,2.229008913040161,1.064168930053711,,,,,,,,,,,,,,,
,0.00011866966594747946,9239,,,,,,,,,,,,,,,,,,,,,,,,,,,,,,
89,,9239,0.9406425356864929,0.41801074147224426,2.0374560356140137,0.07012457400560379,0.6676130294799805,1.8741625547409058,2.973982095718384,0.00017417161143384874,3.939727306365967,0.30863258242607117,0.6856838464736938,7.732888221740723,0.03926831856369972,2.274628162384033,1.3463993072509766,,,,,,,,,,,,,,,
,0.00011837673792488905,9249,,,,,,,,,,,,,,,,,,,,,,,,,,,,,,
89,,9249,1.117969036102295,0.3474329113960266,1.987558364868164,0.060906752943992615,0.6843984723091125,2.1452934741973877,2.6879448890686035,8.246517245424911e-05,3.924037456512451,0.16486294567584991,0.7003511786460876,7.8101325035095215,0.012562868185341358,2.2139995098114014,1.4592845439910889,,,,,,,,,,,,,,,
,0.00011808393605717536,9259,,,,,,,,,,,,,,,,,,,,,,,,,,,,,,
89,,9259,1.1111253499984741,0.30248114466667175,2.0209414958953857,0.06809734553098679,0.6785662770271301,2.209775447845459,3.0367045402526855,0.00013721836148761213,4.029169082641602,0.3572459816932678,0.6688326001167297,8.026668548583984,0.011248082853853703,2.2012219429016113,1.3804004192352295,,,,,,,,,,,,,,,
,0.00011779126151241468,9269,,,,,,,,,,,,,,,,,,,,,,,,,,,,,,
89,,9269,1.0041122436523438,0.35933616757392883,2.100055694580078,0.023953493684530258,0.6913396120071411,2.3745429515838623,2.978513240814209,0.00013310983194969594,4.018787860870361,0.17252375185489655,0.6928814649581909,8.01455020904541,0.015264610759913921,2.265432357788086,1.371380090713501,,,,,,,,,,,,,,,
89,,9269,,,,,,,,,,,,,,,,1.2716504335403442,0.2975500524044037,1.8463362455368042,0.020682131871581078,0.6683360934257507,2.5339317321777344,3.241229295730591,0.11959100514650345,3.9848806858062744,0.25055283308029175,0.6809871196746826,8.221485137939453,0.02113557979464531,2.3037736415863037,1.1610431671142578
,0.00011749871545817538,9279,,,,,,,,,,,,,,,,,,,,,,,,,,,,,,
90,,9279,0.9940892457962036,0.4357086718082428,2.003676414489746,0.03303162008523941,0.6626992225646973,2.3828561305999756,2.9684739112854004,0.000222731294343248,3.9026682376861572,0.14980493485927582,0.6957311034202576,7.793797969818115,0.013420711271464825,2.2135424613952637,1.0372838973999023,,,,,,,,,,,,,,,
,0.00011720629906151323,9289,,,,,,,,,,,,,,,,,,,,,,,,,,,,,,
90,,9289,0.9598070979118347,0.38312870264053345,2.0349345207214355,0.04586783051490784,0.6700047850608826,2.1704318523406982,2.990061044692993,0.0003614168963395059,3.9904627799987793,0.18004053831100464,0.6969143152236938,7.801011085510254,0.011051252484321594,2.2115769386291504,1.1433693170547485,,,,,,,,,,,,,,,
,0.00011691401348896686,9299,,,,,,,,,,,,,,,,,,,,,,,,,,,,,,
90,,9299,0.9171560406684875,0.35484176874160767,2.5088329315185547,0.059992704540491104,0.6731814742088318,2.2373905181884766,3.301241874694824,0.0001587670558365062,3.930830955505371,0.11267155408859253,0.7458030581474304,7.921908855438232,0.01609090529382229,2.206003189086914,0.9443624019622803,,,,,,,,,,,,,,,
,0.00011662185990655284,9309,,,,,,,,,,,,,,,,,,,,,,,,,,,,,,
90,,9309,0.8515498638153076,0.33200597763061523,1.6885994672775269,0.031299885362386703,0.6682497262954712,1.941373586654663,2.662889242172241,0.00026363093638792634,3.8419485092163086,0.15986546874046326,0.689655601978302,7.319800853729248,0.02187396213412285,2.268887758255005,1.3129158020019531,,,,,,,,,,,,,,,
,0.00011632983947976133,9319,,,,,,,,,,,,,,,,,,,,,,,,,,,,,,
90,,9319,0.9625749588012695,0.550433337688446,2.0289382934570312,0.08710659295320511,0.6638361215591431,2.2108943462371826,2.8688907623291016,0.00043794099474325776,3.864100456237793,0.20507609844207764,0.6930846571922302,7.803162574768066,0.0564713217318058,2.241868019104004,1.0896546840667725,,,,,,,,,,,,,,,
,0.00011603795337355126,9329,,,,,,,,,,,,,,,,,,,,,,,,,,,,,,
90,,9329,0.8956079483032227,0.3603001832962036,1.844517707824707,0.08597457408905029,0.6691061854362488,2.1989285945892334,2.856592893600464,0.0003572561836335808,3.8645615577697754,0.2639399766921997,0.6800847053527832,7.624146938323975,0.007910331711173058,2.2348883152008057,1.2118898630142212,,,,,,,,,,,,,,,
,0.00011574620275234569,9339,,,,,,,,,,,,,,,,,,,,,,,,,,,,,,
90,,9339,0.8706719875335693,0.4416898787021637,2.0279147624969482,0.030329305678606033,0.6820603609085083,2.271923542022705,2.7863576412200928,0.0002517688262742013,3.987870931625366,0.20634868741035461,0.6713196635246277,7.780118942260742,0.009005330502986908,2.2141165733337402,1.2133077383041382,,,,,,,,,,,,,,,
,0.00011545458878002716,9349,,,,,,,,,,,,,,,,,,,,,,,,,,,,,,
90,,9349,0.8321883678436279,0.35550880432128906,1.9417232275009155,0.057904619723558426,0.6851393580436707,2.136537551879883,3.0182645320892334,7.290991197805852e-05,3.8986525535583496,0.2937557101249695,0.6850868463516235,7.591527462005615,0.023947587236762047,2.198441982269287,0.9831134676933289,,,,,,,,,,,,,,,
,0.00011516311261993307,9359,,,,,,,,,,,,,,,,,,,,,,,,,,,,,,
90,,9359,0.9214523434638977,0.33231866359710693,2.149554967880249,0.03648176044225693,0.7077034115791321,1.8974745273590088,3.496047019958496,0.00025209583691321313,3.9952890872955322,0.29636719822883606,0.6929155588150024,7.848622798919678,0.01630510948598385,2.216371774673462,1.263539433479309,,,,,,,,,,,,,,,
,0.00011487177543485117,9369,,,,,,,,,,,,,,,,,,,,,,,,,,,,,,
90,,9369,0.8789408206939697,0.6101756691932678,2.2485005855560303,0.07414761930704117,0.6707162261009216,1.9837548732757568,3.246694564819336,0.0002737354370765388,4.057734489440918,0.19833511114120483,0.6390818357467651,7.939810276031494,0.02343834936618805,2.1684114933013916,0.9910948872566223,,,,,,,,,,,,,,,
90,,9372,,,,,,,,,,,,,,,,1.3855613470077515,0.45503541827201843,1.9407650232315063,0.023747317492961884,0.59975665807724,2.72452974319458,3.280290365219116,1.009240746498108,3.948423147201538,0.2682291269302368,0.6816285848617554,9.323531150817871,0.022554390132427216,2.2863211631774902,1.1790121793746948
,0.0001145805783870147,9379,,,,,,,,,,,,,,,,,,,,,,,,,,,,,,
91,,9379,0.7658073306083679,0.3606370687484741,1.9141647815704346,0.05804171785712242,0.6668594479560852,2.089796304702759,2.988069772720337,5.7584376918384805e-05,3.9492883682250977,0.11861883848905563,0.6950984597206116,7.514995574951172,0.01753181964159012,2.22833251953125,0.9107534289360046,,,,,,,,,,,,,,,
,0.00011428952263809784,9389,,,,,,,,,,,,,,,,,,,,,,,,,,,,,,
91,,9389,0.9878185391426086,0.4468315839767456,2.1729938983917236,0.09570175409317017,0.6995698809623718,1.9554905891418457,2.999866485595703,2.6612171495798975e-05,4.091040134429932,0.25232577323913574,0.6642848253250122,7.920011520385742,0.02921256795525551,2.1956512928009033,1.0206000804901123,,,,,,,,,,,,,,,
,0.00011399860934921101,9399,,,,,,,,,,,,,,,,,,,,,,,,,,,,,,
91,,9399,1.0251281261444092,0.40313878655433655,1.8427168130874634,0.061854470521211624,0.6731677055358887,2.2376153469085693,3.000601053237915,2.5548828489263542e-05,3.9181289672851562,0.1764625459909439,0.6740575432777405,7.728482246398926,0.034132592380046844,2.2154459953308105,0.9639168977737427,,,,,,,,,,,,,,,
,0.00011370783968089658,9409,,,,,,,,,,,,,,,,,,,,,,,,,,,,,,
91,,9409,0.9981679320335388,0.33668437600135803,2.118860960006714,0.047075945883989334,0.6932375431060791,1.4581266641616821,3.0116286277770996,5.335254536475986e-05,3.9535036087036133,0.3615489900112152,0.6800642013549805,7.610156536102295,0.020117362961173058,2.2750868797302246,1.5815517902374268,,,,,,,,,,,,,,,
,0.00011341721479312372,9419,,,,,,,,,,,,,,,,,,,,,,,,,,,,,,
91,,9419,0.7697635293006897,0.2983122169971466,1.9172053337097168,0.026787912473082542,0.6945565342903137,1.9368510246276855,3.1335089206695557,7.444588845828548e-05,3.835219144821167,0.19718213379383087,0.6838424205780029,7.430978298187256,0.025578241795301437,2.1775400638580322,1.2405428886413574,,,,,,,,,,,,,,,
,0.00011312673584528412,9429,,,,,,,,,,,,,,,,,,,,,,,,,,,,,,
91,,9429,0.8256770372390747,0.3036208748817444,1.9694868326187134,0.06709074229001999,0.6759908199310303,1.6085540056228638,2.989046812057495,1.6868738384800963e-05,3.9530630111694336,0.36438217759132385,0.675255298614502,7.4192423820495605,0.021004624664783478,2.1893997192382812,1.1422978639602661,,,,,,,,,,,,,,,
,0.00011283640399618716,9439,,,,,,,,,,,,,,,,,,,,,,,,,,,,,,
91,,9439,0.8125766515731812,0.32966986298561096,1.9100098609924316,0.048265669494867325,0.6758010983467102,1.7974863052368164,2.748103380203247,7.988154720806051e-06,3.8869400024414062,0.1012917160987854,0.6696220636367798,7.231809139251709,0.023446908220648766,2.2232577800750732,0.8605073690414429,,,,,,,,,,,,,,,
,0.00011254622040405566,9449,,,,,,,,,,,,,,,,,,,,,,,,,,,,,,
91,,9449,0.8508026599884033,0.3766477704048157,2.012516498565674,0.0806792750954628,0.6815075278282166,1.8356776237487793,2.718677520751953,0.0010552244493737817,3.871830940246582,0.2495567500591278,0.653443455696106,7.423279285430908,0.020700518041849136,2.1775753498077393,1.110635757446289,,,,,,,,,,,,,,,
,0.00011225618622652077,9459,,,,,,,,,,,,,,,,,,,,,,,,,,,,,,
91,,9459,0.8469870090484619,0.4013606905937195,1.8922715187072754,0.03427166864275932,0.6799502372741699,1.862191915512085,2.9518353939056396,8.943009015638381e-05,3.899263381958008,0.18249329924583435,0.6742518544197083,7.435902118682861,0.017146600410342216,2.21883487701416,1.1071486473083496,,,,,,,,,,,,,,,
,0.00011196630262061759,9469,,,,,,,,,,,,,,,,,,,,,,,,,,,,,,
91,,9469,0.8112779259681702,0.4575612246990204,2.003214120864868,0.04881898686289787,0.7030709385871887,1.5466691255569458,2.9005422592163086,0.001483322586864233,4.028193950653076,0.34873199462890625,0.7005093693733215,7.531130313873291,0.05390362814068794,2.188900947570801,1.1415083408355713,,,,,,,,,,,,,,,
91,,9475,,,,,,,,,,,,,,,,1.5295214653015137,0.3440374433994293,1.8679505586624146,0.02087623067200184,0.5913638472557068,3.083747386932373,3.2177398204803467,0.3702283799648285,3.9807748794555664,0.2475927472114563,0.6661916971206665,8.900369644165039,0.02146567776799202,2.265150308609009,1.2657908201217651
,0.00011167657074278064,9479,,,,,,,,,,,,,,,,,,,,,,,,,,,,,,
92,,9479,0.9496760368347168,0.49887871742248535,2.186448574066162,0.05540749058127403,0.696635901927948,1.9308662414550781,2.9891090393066406,0.0010990847367793322,3.8893628120422363,0.06497403234243393,0.686143159866333,7.643980026245117,0.016379835084080696,2.233198881149292,1.058542251586914,,,,,,,,,,,,,,,
,0.00011138699174883913,9489,,,,,,,,,,,,,,,,,,,,,,,,,,,,,,
92,,9489,1.0180764198303223,0.37576743960380554,2.4913504123687744,0.042266882956027985,0.6724728345870972,2.399052619934082,3.3018627166748047,0.0003010096843354404,3.9779605865478516,0.2258225530385971,0.7089042663574219,8.170019149780273,0.009144436568021774,2.241852283477783,1.2161028385162354,,,,,,,,,,,,,,,
,0.00011109756679401234,9499,,,,,,,,,,,,,,,,,,,,,,,,,,,,,,
92,,9499,0.9047952890396118,0.4314946234226227,1.8952165842056274,0.061527930200099945,0.6895611882209778,1.8572261333465576,3.048288345336914,0.0027949712239205837,3.974809169769287,0.20915567874908447,0.6905671954154968,7.600191116333008,0.008457428775727749,2.2371270656585693,1.0882606506347656,,,,,,,,,,,,,,,
,0.000110808297032905,9509,,,,,,,,,,,,,,,,,,,,,,,,,,,,,,
92,,9509,0.9086716771125793,0.40786927938461304,2.004971742630005,0.025138186290860176,0.6751877069473267,1.694060206413269,2.7121100425720215,0.001295986701734364,3.88718318939209,0.11550570279359818,0.6826604008674622,7.349980354309082,0.01845424249768257,2.2285044193267822,1.170735239982605,,,,,,,,,,,,,,,
,0.00011051918361950284,9519,,,,,,,,,,,,,,,,,,,,,,,,,,,,,,
92,,9519,0.794714093208313,0.31598344445228577,2.091489553451538,0.02690987102687359,0.6808050870895386,1.8522143363952637,2.96380877494812,0.00018042487499769777,3.995326519012451,0.18001890182495117,0.683272123336792,7.52036190032959,0.014280444011092186,2.199838161468506,1.1051652431488037,,,,,,,,,,,,,,,
,0.00011023022770716776,9529,,,,,,,,,,,,,,,,,,,,,,,,,,,,,,
92,,9529,0.8924063444137573,0.42565879225730896,2.165304183959961,0.07119892537593842,0.6780731678009033,1.9282313585281372,3.067821979522705,0.0005857030628249049,4.0944013595581055,0.3776070177555084,0.684268593788147,7.887894153594971,0.03246181458234787,2.2202224731445312,1.0970141887664795,,,,,,,,,,,,,,,
,0.00010994143044863339,9539,,,,,,,,,,,,,,,,,,,,,,,,,,,,,,
92,,9539,0.8651680946350098,0.40460678935050964,1.96466863155365,0.023594385012984276,0.6910588145256042,1.9459848403930664,2.838204860687256,0.001356679480522871,3.981586217880249,0.09423837810754776,0.6909471750259399,7.511771202087402,0.010421106591820717,2.2124738693237305,1.0111711025238037,,,,,,,,,,,,,,,
,0.00010965279299600037,9549,,,,,,,,,,,,,,,,,,,,,,,,,,,,,,
92,,9549,0.801317036151886,0.37286075949668884,1.894065499305725,0.07247571647167206,0.6695921421051025,2.1517345905303955,2.93648362159729,0.008028768002986908,3.8833253383636475,0.3810022175312042,0.6758549213409424,7.569745063781738,0.016672316938638687,2.273454427719116,1.005042314529419,,,,,,,,,,,,,,,
,0.00010936431650073201,9559,,,,,,,,,,,,,,,,,,,,,,,,,,,,,,
92,,9559,0.8613234162330627,0.4491616189479828,1.831170678138733,0.04789836332201958,0.6867907047271729,1.893754005432129,2.606985569000244,0.0016844661440700293,3.9152495861053467,0.35422196984291077,0.6908780932426453,7.528642177581787,0.026855124160647392,2.277778387069702,1.3854910135269165,,,,,,,,,,,,,,,
,0.00010907600211364937,9569,,,,,,,,,,,,,,,,,,,,,,,,,,,,,,
92,,9569,0.7939972877502441,0.41289857029914856,1.859365463256836,0.04434312880039215,0.6723549962043762,1.670593500137329,2.7725679874420166,0.0030984473414719105,3.857562780380249,0.21963724493980408,0.6826311349868774,7.204520225524902,0.005835613701492548,2.21528959274292,1.0257110595703125,,,,,,,,,,,,,,,
92,,9578,,,,,,,,,,,,,,,,1.4941182136535645,1.0816001892089844,2.201239585876465,0.053559210151433945,0.6442356109619141,3.1764919757843018,3.441373586654663,2.5570147037506104,4.121214866638184,0.38805270195007324,0.7317022085189819,11.876202583312988,0.04423389583826065,2.2837979793548584,1.4863700866699219
,0.0001087878509849268,9579,,,,,,,,,,,,,,,,,,,,,,,,,,,,,,
93,,9579,0.9549404978752136,0.35193929076194763,2.073160171508789,0.02160363830626011,0.6844696998596191,1.5615754127502441,3.0561580657958984,0.007565049920231104,3.926701068878174,0.16686007380485535,0.6675753593444824,7.414315700531006,0.03964000195264816,2.19458270072937,1.01374351978302,,,,,,,,,,,,,,,
,0.00010849986426408732,9589,,,,,,,,,,,,,,,,,,,,,,,,,,,,,,
93,,9589,0.7784827351570129,0.41639289259910583,2.0116498470306396,0.011956576257944107,0.6973075866699219,1.798839807510376,2.932070016860962,0.011385046876966953,4.053973197937012,0.24423833191394806,0.6779651045799255,7.568201541900635,0.013636709190905094,2.2552568912506104,1.1298776865005493,,,,,,,,,,,,,,,
,0.00010821204309999832,9599,,,,,,,,,,,,,,,,,,,,,,,,,,,,,,
93,,9599,0.9451430439949036,0.3761879801750183,1.9078947305679321,0.04035048559308052,0.6850418448448181,1.9088153839111328,2.8534772396087646,0.003072876250371337,3.967620849609375,0.18850824236869812,0.6856828331947327,7.539060592651367,0.007699209731072187,2.258096694946289,1.0681744813919067,,,,,,,,,,,,,,,
,0.00010792438864086644,9609,,,,,,,,,,,,,,,,,,,,,,,,,,,,,,
93,,9609,0.789326012134552,0.32885998487472534,2.0854973793029785,0.043978236615657806,0.6882220506668091,1.6741300821304321,3.068244218826294,0.002083228901028633,3.859956979751587,0.22214776277542114,0.6878578066825867,7.384974479675293,0.026607593521475792,2.252894878387451,1.1780565977096558,,,,,,,,,,,,,,,
,0.00010763690203423348,9619,,,,,,,,,,,,,,,,,,,,,,,,,,,,,,
93,,9619,1.0120961666107178,0.5576420426368713,2.292618989944458,0.05449248477816582,0.7242221832275391,2.135956287384033,3.4045491218566895,0.016279511153697968,4.089119911193848,0.2753225266933441,0.6770309805870056,8.319143295288086,0.019643912091851234,2.2263455390930176,1.48613703250885,,,,,,,,,,,,,,,
,0.00010734958442697144,9629,,,,,,,,,,,,,,,,,,,,,,,,,,,,,,
93,,9629,0.8539073467254639,0.28828877210617065,1.72677743434906,0.05664972960948944,0.715739905834198,1.8439640998840332,3.0103836059570312,0.004401401616632938,3.884920597076416,0.2565498650074005,0.7246108055114746,7.420666217803955,0.022456813603639603,2.2689008712768555,1.1833903789520264,,,,,,,,,,,,,,,
,0.00010706243696527836,9639,,,,,,,,,,,,,,,,,,,,,,,,,,,,,,
93,,9639,0.7787685990333557,0.2984010875225067,2.051743745803833,0.03241537883877754,0.6762958765029907,1.6494503021240234,3.0024571418762207,0.0008157235570251942,3.934756278991699,0.15650035440921783,0.6539257168769836,7.343849182128906,0.005327923223376274,2.2445168495178223,1.1586416959762573,,,,,,,,,,,,,,,
,0.0001067754607946734,9649,,,,,,,,,,,,,,,,,,,,,,,,,,,,,,
93,,9649,0.9433528184890747,0.44078773260116577,1.8971277475357056,0.11709726601839066,0.6759787797927856,1.9280853271484375,2.9449961185455322,0.001996065955609083,3.904048442840576,0.28211694955825806,0.6699079871177673,7.596683502197266,0.02287667989730835,2.2110188007354736,0.9598326086997986,,,,,,,,,,,,,,,
,0.00010648865705999226,9659,,,,,,,,,,,,,,,,,,,,,,,,,,,,,,
93,,9659,0.8535416126251221,0.29438284039497375,1.9953126907348633,0.04810570925474167,0.6967301964759827,1.5975184440612793,3.0120484828948975,0.0019767258781939745,3.883962631225586,0.19250333309173584,0.6750240921974182,7.293471336364746,0.023246128112077713,2.2044568061828613,1.0107594728469849,,,,,,,,,,,,,,,
,0.00010620202690538302,9669,,,,,,,,,,,,,,,,,,,,,,,,,,,,,,
93,,9669,0.8823405504226685,0.2895670533180237,1.9137200117111206,0.037925396114587784,0.6827718615531921,1.698791265487671,2.938439130783081,0.2900281548500061,3.9094104766845703,0.16294141113758087,0.6872541904449463,7.663256645202637,0.023612646386027336,2.2114651203155518,1.1819241046905518,,,,,,,,,,,,,,,
,0.0001059155714743011,9679,,,,,,,,,,,,,,,,,,,,,,,,,,,,,,
93,,9679,0.894859254360199,0.4818549156188965,2.007319688796997,0.07287077605724335,0.6795328259468079,1.9729933738708496,2.7721450328826904,1.9547624588012695,3.987065315246582,0.31367823481559753,0.6968809366226196,9.697704315185547,0.038128651678562164,2.166787624359131,1.222214937210083,,,,,,,,,,,,,,,
93,,9681,,,,,,,,,,,,,,,,2.1203393936157227,2.1252992153167725,2.9406020641326904,0.2508437931537628,1.180429220199585,3.721022129058838,3.8406925201416016,2.9209787845611572,4.566934108734131,0.5923894047737122,1.2267760038375854,14.754953384399414,0.24237969517707825,2.3032524585723877,1.7711381912231445
,0.00010562929190950491,9689,,,,,,,,,,,,,,,,,,,,,,,,,,,,,,
94,,9689,0.7585200071334839,0.2944004237651825,1.8953869342803955,0.0894046425819397,0.6839262247085571,1.6255499124526978,2.8280704021453857,3.1955161094665527,3.923431396484375,0.2694149315357208,0.689806342124939,10.548542022705078,0.04707203432917595,2.1628575325012207,1.194448471069336,,,,,,,,,,,,,,,
,0.00010534318935305129,9699,,,,,,,,,,,,,,,,,,,,,,,,,,,,,,
94,,9699,0.849227786064148,0.3730904757976532,2.1369175910949707,0.047688666731119156,0.7015092372894287,1.7931029796600342,3.128603458404541,1.84348726272583,3.91845965385437,0.23721528053283691,0.6477559804916382,9.429534912109375,0.042252764105796814,2.1897709369659424,1.145029067993164,,,,,,,,,,,,,,,
,0.000105057264946291,9709,,,,,,,,,,,,,,,,,,,,,,,,,,,,,,
94,,9709,0.8897513151168823,0.3386725187301636,1.9149022102355957,0.04205677658319473,0.7107738256454468,1.7404966354370117,3.184329032897949,1.2344529628753662,3.962379217147827,0.3050587773323059,0.6907981038093567,8.903117179870605,0.016384867951273918,2.1907708644866943,1.5502800941467285,,,,,,,,,,,,,,,
,0.000104771519829864,9719,,,,,,,,,,,,,,,,,,,,,,,,,,,,,,
94,,9719,1.1217892169952393,0.4671328663825989,1.9248238801956177,0.05079979449510574,0.6796556115150452,2.438448190689087,3.0302574634552,0.34007012844085693,3.984966278076172,0.2552357614040375,0.6708587408065796,8.372509956359863,0.008627613075077534,2.1599748134613037,1.1456414461135864,,,,,,,,,,,,,,,
,0.00010448595514369515,9729,,,,,,,,,,,,,,,,,,,,,,,,,,,,,,
94,,9729,0.9493886232376099,0.29122596979141235,2.0554115772247314,0.026844406500458717,0.6758034229278564,2.1618876457214355,3.117962598800659,0.0922970175743103,4.023762226104736,0.2869086265563965,0.6598387360572815,7.98067569732666,0.012074613012373447,2.1339240074157715,1.3783307075500488,,,,,,,,,,,,,,,
,0.00010420057202698933,9739,,,,,,,,,,,,,,,,,,,,,,,,,,,,,,
94,,9739,0.9234187602996826,0.5092040300369263,1.8858468532562256,0.07066511362791061,0.6800821423530579,2.020155191421509,2.964846611022949,0.04539763554930687,3.9550528526306152,0.2575501799583435,0.7293504476547241,7.861239910125732,0.019607897847890854,2.1849915981292725,1.4451957941055298,,,,,,,,,,,,,,,
,0.00010391537161822729,9749,,,,,,,,,,,,,,,,,,,,,,,,,,,,,,
94,,9749,0.8505505323410034,0.3529732823371887,1.859020709991455,0.04833708703517914,0.6736494302749634,1.9692221879959106,2.817253828048706,0.046668641269207,3.907240867614746,0.1062796413898468,0.6733881235122681,7.461486339569092,0.01829022541642189,2.122466564178467,1.0294090509414673,,,,,,,,,,,,,,,
,0.00010363035505516074,9759,,,,,,,,,,,,,,,,,,,,,,,,,,,,,,
94,,9759,1.174736738204956,1.0819674730300903,2.4080822467803955,0.10746073722839355,0.8560238480567932,2.436776876449585,3.104454278945923,0.8478192090988159,4.209699630737305,0.26519468426704407,0.9851566553115845,9.799520492553711,0.07290209829807281,2.1496496200561523,1.245800256729126,,,,,,,,,,,,,,,
,0.00010334552347480806,9769,,,,,,,,,,,,,,,,,,,,,,,,,,,,,,
94,,9769,1.1601070165634155,0.8375869393348694,2.5918538570404053,0.05155344679951668,0.8397586345672607,2.4794929027557373,3.0291359424591064,1.0271501541137695,4.113464832305908,0.2734062373638153,0.8327727317810059,9.87319564819336,0.04069175943732262,2.2185587882995605,1.7771834135055542,,,,,,,,,,,,,,,
,0.00010306087801344958,9779,,,,,,,,,,,,,,,,,,,,,,,,,,,,,,
94,,9779,1.266891598701477,0.6930996179580688,2.1524369716644287,0.08326968550682068,0.7592718005180359,3.2210886478424072,3.056943655014038,1.0005345344543457,4.154881477355957,0.19900459051132202,0.7500767707824707,9.931910514831543,0.02390868589282036,2.224998712539673,1.2281123399734497,,,,,,,,,,,,,,,
94,,9784,,,,,,,,,,,,,,,,0.9243606925010681,0.28578442335128784,1.9194238185882568,0.018827766180038452,0.5928727984428406,2.508502244949341,3.3144021034240723,0.5882576704025269,3.8400630950927734,0.2412245124578476,0.6576349139213562,8.322932243347168,0.018186740577220917,2.300121307373047,1.0216501951217651
,0.00010277641980662334,9789,,,,,,,,,,,,,,,,,,,,,,,,,,,,,,
95,,9789,1.3373980522155762,0.4679613411426544,2.1462464332580566,0.061242226511240005,0.7565870881080627,3.037127733230591,2.9681968688964844,0.3054157495498657,4.002062797546387,0.19921046495437622,0.7022761702537537,8.828887939453125,0.012180798687040806,2.2145180702209473,1.0937758684158325,,,,,,,,,,,,,,,
,0.00010249214998912014,9799,,,,,,,,,,,,,,,,,,,,,,,,,,,,,,
95,,9799,0.9643199443817139,0.25044140219688416,2.0020973682403564,0.023402079939842224,0.7298195958137512,2.3092918395996094,3.0317046642303467,0.07647116482257843,4.008971691131592,0.2725234925746918,0.6893508434295654,7.908949375152588,0.013601434417068958,2.188004732131958,1.0992051362991333,,,,,,,,,,,,,,,
,0.00010220806969497933,9809,,,,,,,,,,,,,,,,,,,,,,,,,,,,,,
95,,9809,0.9422330856323242,0.4164612889289856,2.0361149311065674,0.03197510167956352,0.678213894367218,2.3860411643981934,2.801210880279541,0.023446496576070786,3.947390079498291,0.1883166879415512,0.6945613026618958,7.922379970550537,0.015410758554935455,2.253222942352295,1.418618083000183,,,,,,,,,,,,,,,
,0.00010192418005748428,9819,,,,,,,,,,,,,,,,,,,,,,,,,,,,,,
95,,9819,0.8720739483833313,0.36950233578681946,1.8294332027435303,0.045845337212085724,0.6903300881385803,2.4455337524414062,3.0530176162719727,0.056042034178972244,4.123140335083008,0.5272027850151062,0.6714977025985718,8.140320777893066,0.007013642694801092,2.136035919189453,1.3454242944717407,,,,,,,,,,,,,,,
,0.00010164048220915768,9829,,,,,,,,,,,,,,,,,,,,,,,,,,,,,,
95,,9829,0.8011474013328552,0.35103899240493774,2.114722967147827,0.025145571678876877,0.6737484931945801,1.7076027393341064,3.0264925956726074,0.010490735061466694,3.992746591567993,0.19510704278945923,0.6719265580177307,7.464028358459473,0.014214003458619118,2.123555898666382,1.0117101669311523,,,,,,,,,,,,,,,
,0.00010135697728175708,9839,,,,,,,,,,,,,,,,,,,,,,,,,,,,,,
95,,9839,0.8256721496582031,0.3549739718437195,1.9285579919815063,0.06945861876010895,0.680742084980011,2.1524221897125244,2.8473103046417236,0.022917285561561584,3.871720314025879,0.3436392545700073,0.6889851093292236,7.600560188293457,0.0186319462954998,2.198047161102295,1.1229069232940674,,,,,,,,,,,,,,,
,0.0001010736664062704,9849,,,,,,,,,,,,,,,,,,,,,,,,,,,,,,
95,,9849,0.8197892308235168,0.37395739555358887,2.312004804611206,0.0313696451485157,0.6917705535888672,1.473742127418518,3.053619146347046,0.02197793871164322,4.053635120391846,0.27325546741485596,0.687595546245575,7.656229496002197,0.02955983392894268,2.210029363632202,1.3829405307769775,,,,,,,,,,,,,,,
,0.00010079055071291162,9859,,,,,,,,,,,,,,,,,,,,,,,,,,,,,,
95,,9859,0.9716286659240723,0.3440588116645813,1.9237499237060547,0.038035258650779724,0.6773741841316223,2.025117874145508,2.7700486183166504,0.016589326784014702,3.8748695850372314,0.28493732213974,0.7017620205879211,7.542599201202393,0.011956284753978252,2.217071056365967,1.1435952186584473,,,,,,,,,,,,,,,
,0.00010050763133111588,9869,,,,,,,,,,,,,,,,,,,,,,,,,,,,,,
95,,9869,0.9745303988456726,0.3134267330169678,2.2712340354919434,0.02933737076818943,0.6823442578315735,1.841971516609192,3.0041918754577637,0.00795993022620678,3.9627346992492676,0.23048844933509827,0.7444784641265869,7.705092906951904,0.009837702848017216,2.2575039863586426,1.2504289150238037,,,,,,,,,,,,,,,
,0.00010022490938953521,9879,,,,,,,,,,,,,,,,,,,,,,,,,,,,,,
95,,9879,0.8448279500007629,0.3410770297050476,2.018282413482666,0.039831094443798065,0.6729457974433899,1.7197158336639404,3.1105360984802246,0.006697235628962517,4.047177314758301,0.14597798883914948,0.6718409061431885,7.611076831817627,0.027012528851628304,2.1952383518218994,1.213454246520996,,,,,,,,,,,,,,,
95,,9887,,,,,,,,,,,,,,,,1.2495942115783691,0.8042536973953247,2.2365190982818604,0.029825132340192795,0.9336049556732178,3.1893789768218994,3.5078792572021484,0.22252319753170013,4.168792247772217,0.22944895923137665,0.773547887802124,9.375619888305664,0.02894171141088009,2.2597360610961914,1.3796517848968506
,9.994238601603402e-05,9889,,,,,,,,,,,,,,,,,,,,,,,,,,,,,,
96,,9889,0.9343376159667969,0.3569745719432831,1.7754230499267578,0.04498666524887085,0.6820036172866821,1.8194398880004883,2.891298770904541,0.010908202268183231,4.102325439453125,0.3976282477378845,0.6749652028083801,7.6748127937316895,0.0072716339491307735,2.190319538116455,1.2301745414733887,,,,,,,,,,,,,,,
,9.966006233768459e-05,9899,,,,,,,,,,,,,,,,,,,,,,,,,,,,,,
96,,9899,0.9742931127548218,0.47312942147254944,1.8821814060211182,0.02338373474776745,0.6755087971687317,1.639182209968567,2.689397096633911,0.006759652402251959,3.899078369140625,0.2845163345336914,0.7099605798721313,7.400625705718994,0.01676202192902565,2.1837432384490967,1.22700834274292,,,,,,,,,,,,,,,
,9.937793948076253e-05,9909,,,,,,,,,,,,,,,,,,,,,,,,,,,,,,
96,,9909,0.8946753144264221,0.3819349408149719,2.191272020339966,0.019751358777284622,0.6707798838615417,2.118004083633423,2.9291181564331055,0.004888903349637985,3.9159421920776367,0.09533070027828217,0.7305065393447876,7.671333312988281,0.013140277937054634,2.153254508972168,1.1357983350753784,,,,,,,,,,,,,,,
,9.909601857074236e-05,9919,,,,,,,,,,,,,,,,,,,,,,,,,,,,,,
96,,9919,0.8772811889648438,0.448153555393219,2.0225894451141357,0.038161445409059525,0.6859030723571777,1.746328592300415,2.9625561237335205,0.008765118196606636,3.947953939437866,0.12349585443735123,0.6597740054130554,7.54003381729126,0.018098259344697,2.2091829776763916,1.2220607995986938,,,,,,,,,,,,,,,
,9.88143007322928e-05,9929,,,,,,,,,,,,,,,,,,,,,,,,,,,,,,
96,,9929,0.8344634771347046,0.4252733588218689,2.146566867828369,0.04141534864902496,0.6664720773696899,1.9160778522491455,2.9489991664886475,0.004601760301738977,3.9139089584350586,0.21669024229049683,0.6839662194252014,7.5872321128845215,0.019325369969010353,2.2064762115478516,1.1515545845031738,,,,,,,,,,,,,,,
,9.853278708927268e-05,9939,,,,,,,,,,,,,,,,,,,,,,,,,,,,,,
96,,9939,1.0195235013961792,0.3955434262752533,2.008854389190674,0.036704644560813904,0.677584707736969,1.9951708316802979,2.9079487323760986,0.004980942700058222,4.008110046386719,0.21635574102401733,0.6846765875816345,7.750563621520996,0.017759859561920166,2.3418426513671875,1.1633849143981934,,,,,,,,,,,,,,,
,9.82514787647261e-05,9949,,,,,,,,,,,,,,,,,,,,,,,,,,,,,,
96,,9949,0.8218652606010437,0.36088863015174866,1.8323886394500732,0.04650324955582619,0.6795584559440613,1.7894142866134644,2.730917453765869,0.005026751663535833,3.8995847702026367,0.22167639434337616,0.709417462348938,7.3066020011901855,0.03386733680963516,2.329404592514038,0.9805150628089905,,,,,,,,,,,,,,,
,9.79703768808781e-05,9959,,,,,,,,,,,,,,,,,,,,,,,,,,,,,,
96,,9959,0.8415003418922424,0.27841097116470337,1.902295470237732,0.06687108427286148,0.6474838256835938,2.047132968902588,3.0112390518188477,0.007854158990085125,3.9946646690368652,0.1259215921163559,0.6614187359809875,7.523297309875488,0.011165031231939793,2.4003000259399414,0.8350642919540405,,,,,,,,,,,,,,,
,9.768948255913021e-05,9969,,,,,,,,,,,,,,,,,,,,,,,,,,,,,,
96,,9969,0.9275355935096741,0.32110926508903503,2.2502803802490234,0.022658826783299446,0.6766622066497803,1.9204967021942139,3.0547046661376953,0.004166522528976202,3.9540727138519287,0.2383682280778885,0.6904157400131226,7.743990898132324,0.02173527516424656,2.1944832801818848,1.357111930847168,,,,,,,,,,,,,,,
,9.740879692005589e-05,9979,,,,,,,,,,,,,,,,,,,,,,,,,,,,,,
96,,9979,1.084610104560852,0.3584735095500946,1.9253134727478027,0.03411322832107544,0.6633496284484863,1.905466079711914,2.8392040729522705,0.0045449272729456425,3.8556067943573,0.22791393101215363,0.721950888633728,7.466704368591309,0.022467724978923798,2.1999731063842773,0.9324467778205872,,,,,,,,,,,,,,,
,9.712832108339613e-05,9989,,,,,,,,,,,,,,,,,,,,,,,,,,,,,,
96,,9989,1.11601722240448,0.324558287858963,2.073324203491211,0.08999890089035034,0.6670188307762146,2.3819758892059326,2.814518928527832,0.004425614140927792,3.978795051574707,0.20790301263332367,0.6801960468292236,7.952628135681152,0.03564506769180298,2.254936456680298,1.01779043674469,,,,,,,,,,,,,,,
96,,9990,,,,,,,,,,,,,,,,1.2055249214172363,0.774442195892334,2.1940066814422607,0.03442525118589401,0.9665347337722778,3.432101249694824,3.490104913711548,0.47419312596321106,4.1079559326171875,0.23997020721435547,0.734411895275116,9.663740158081055,0.030282802879810333,2.306403875350952,1.4435100555419922
,9.684805616805485e-05,9999,,,,,,,,,,,,,,,,,,,,,,,,,,,,,,
97,,9999,0.7822220325469971,0.38591885566711426,2.1904735565185547,0.06362038850784302,0.6639988422393799,1.8478758335113525,3.088301658630371,0.0046113464049994946,3.895434856414795,0.1354922205209732,0.6799489855766296,7.562479019165039,0.020751364529132843,2.2676315307617188,1.1903802156448364,,,,,,,,,,,,,,,
,9.656800329209473e-05,10009,,,,,,,,,,,,,,,,,,,,,,,,,,,,,,
97,,10009,0.823365330696106,0.40537533164024353,1.9142473936080933,0.03429114818572998,0.6536370515823364,1.862302541732788,3.2314653396606445,0.0031346294563263655,3.813655376434326,0.2472827285528183,0.6841794848442078,7.371275424957275,0.027511920779943466,2.329362630844116,0.8940664529800415,,,,,,,,,,,,,,,
,9.628816357273242e-05,10019,,,,,,,,,,,,,,,,,,,,,,,,,,,,,,
97,,10019,0.8747405409812927,0.2906816899776459,2.0470666885375977,0.016378555446863174,0.6608802080154419,1.8581918478012085,3.0437233448028564,0.005302147939801216,4.030787944793701,0.14480867981910706,0.623662531375885,7.716954231262207,0.0037590505089610815,2.222376823425293,1.637545108795166,,,,,,,,,,,,,,,
,9.600853812633427e-05,10029,,,,,,,,,,,,,,,,,,,,,,,,,,,,,,
97,,10029,0.8047105073928833,0.33149632811546326,2.284313917160034,0.05555836856365204,0.6739956140518188,1.8260194063186646,2.949843645095825,0.0037954947911202908,3.9114673137664795,0.11566945910453796,0.7087481021881104,7.53098201751709,0.03643956780433655,2.28597092628479,1.0846829414367676,,,,,,,,,,,,,,,
,9.572912806841173e-05,10039,,,,,,,,,,,,,,,,,,,,,,,,,,,,,,
97,,10039,0.8559281826019287,0.4116736054420471,1.8061623573303223,0.05960887670516968,0.6638274788856506,1.4030485153198242,2.8247835636138916,0.007899447344243526,3.7762715816497803,0.2035197764635086,0.6773165464401245,7.079986572265625,0.01608320325613022,2.235644817352295,1.1532423496246338,,,,,,,,,,,,,,,
,9.544993451361722e-05,10049,,,,,,,,,,,,,,,,,,,,,,,,,,,,,,
97,,10049,0.8023127913475037,0.34642478823661804,1.8503471612930298,0.08218057453632355,0.6772845983505249,1.4141408205032349,2.8958795070648193,0.004380174912512302,3.87036395072937,0.15785281360149384,0.7112987637519836,7.217068672180176,0.023505374789237976,2.1538448333740234,1.251699447631836,,,,,,,,,,,,,,,
,9.517095857573925e-05,10059,,,,,,,,,,,,,,,,,,,,,,,,,,,,,,
97,,10059,0.8125924468040466,0.3250829577445984,1.6872588396072388,0.03988625854253769,0.6657379865646362,2.210545539855957,2.636594772338867,0.0049821469001472,3.8804078102111816,0.22549523413181305,0.7012163400650024,7.5168538093566895,0.010437478311359882,2.2895333766937256,1.4456993341445923,,,,,,,,,,,,,,,
,9.48922013676983e-05,10069,,,,,,,,,,,,,,,,,,,,,,,,,,,,,,
97,,10069,0.8585642576217651,0.3173682987689972,2.3896803855895996,0.08109832555055618,0.689531147480011,1.7030727863311768,3.2714173793792725,0.002230413956567645,3.9229629039764404,0.20921143889427185,0.6361313462257385,7.565359592437744,0.022354066371917725,2.2521939277648926,0.8773283958435059,,,,,,,,,,,,,,,
,9.461366400154217e-05,10079,,,,,,,,,,,,,,,,,,,,,,,,,,,,,,
97,,10079,0.8727765679359436,0.3824649453163147,1.8289448022842407,0.05600060150027275,0.6480026841163635,2.090505361557007,2.9798078536987305,0.001133808633312583,3.8744513988494873,0.17095701396465302,0.6757649779319763,7.45442533493042,0.0057605719193816185,2.331486701965332,0.8867306113243103,,,,,,,,,,,,,,,
,9.433534758844182e-05,10089,,,,,,,,,,,,,,,,,,,,,,,,,,,,,,
97,,10089,0.8393494486808777,0.40138891339302063,2.293327808380127,0.06359263509511948,0.6806575059890747,1.6873934268951416,3.30605411529541,0.00277460808865726,4.005365371704102,0.1317107230424881,0.6693078875541687,7.679365158081055,0.011757809668779373,2.250417470932007,1.1121771335601807,,,,,,,,,,,,,,,
97,,10093,,,,,,,,,,,,,,,,1.1555615663528442,0.6059518456459045,2.1260032653808594,0.02954648621380329,0.9152230620384216,3.864530324935913,3.4554898738861084,0.5599198341369629,3.9863319396972656,0.21569094061851501,0.6957323551177979,9.679411888122559,0.023825127631425858,2.307549238204956,1.4179383516311646
,9.405725323868661e-05,10099,,,,,,,,,,,,,,,,,,,,,,,,,,,,,,
98,,10099,0.8368406295776367,0.34839928150177,1.9637452363967896,0.05962461605668068,0.6751114130020142,1.6368073225021362,3.1347169876098633,0.0011353848967701197,3.869565010070801,0.35475650429725647,0.7101815938949585,7.307987213134766,0.01452517881989479,2.240729570388794,0.8337408900260925,,,,,,,,,,,,,,,
,9.377938206168005e-05,10109,,,,,,,,,,,,,,,,,,,,,,,,,,,,,,
98,,10109,0.8684786558151245,0.3478022515773773,1.9936248064041138,0.09030929952859879,0.6651124358177185,1.908536434173584,2.72347354888916,0.0013216082006692886,3.8230226039886475,0.21580196917057037,0.6751618981361389,7.424590587615967,0.008969896472990513,2.2448291778564453,1.2023423910140991,,,,,,,,,,,,,,,
,9.350173516593531e-05,10119,,,,,,,,,,,,,,,,,,,,,,,,,,,,,,
98,,10119,0.9448634386062622,0.35659363865852356,1.889109492301941,0.07867462188005447,0.6766570806503296,1.9188921451568604,2.9749505519866943,0.0006178774638101459,3.9368720054626465,0.14430314302444458,0.6905373930931091,7.545752048492432,0.022030819207429886,2.266695976257324,0.9788457155227661,,,,,,,,,,,,,,,
,9.322431365907101e-05,10129,,,,,,,,,,,,,,,,,,,,,,,,,,,,,,
98,,10129,0.7815215587615967,0.35567933320999146,1.6847264766693115,0.031943924725055695,0.6653423309326172,1.5461634397506714,2.9643261432647705,0.0028553889133036137,3.9412004947662354,0.25211894512176514,0.6646488308906555,7.1713547706604,0.01994255743920803,2.3301074504852295,0.9523831605911255,,,,,,,,,,,,,,,
,9.294711864780637e-05,10139,,,,,,,,,,,,,,,,,,,,,,,,,,,,,,
98,,10139,0.8126625418663025,0.3306888937950134,1.7885334491729736,0.01344325765967369,0.6977101564407349,1.616313099861145,2.780212163925171,0.004079923499375582,3.828789472579956,0.23532924056053162,0.6761914491653442,7.141856670379639,0.03590663522481918,2.2625577449798584,1.1209849119186401,,,,,,,,,,,,,,,
,9.267015123795725e-05,10149,,,,,,,,,,,,,,,,,,,,,,,,,,,,,,
98,,10149,0.8159896731376648,0.2846165597438812,2.120370864868164,0.04818832129240036,0.7201837301254272,1.475373387336731,3.057396411895752,0.0011239771265536547,4.004094123840332,0.17906968295574188,0.7184696793556213,7.345584869384766,0.010894972831010818,2.191762685775757,0.9023177027702332,,,,,,,,,,,,,,,
,9.239341253443148e-05,10159,,,,,,,,,,,,,,,,,,,,,,,,,,,,,,
98,,10159,0.8466086387634277,0.3402133285999298,2.019151449203491,0.060769420117139816,0.740054726600647,1.6734124422073364,2.9961180686950684,0.0010695072123780847,3.8958983421325684,0.21998237073421478,0.6670837998390198,7.396561622619629,0.023093052208423615,2.259591817855835,1.0447754859924316,,,,,,,,,,,,,,,
,9.211690364122445e-05,10169,,,,,,,,,,,,,,,,,,,,,,,,,,,,,,
98,,10169,0.8244857788085938,0.36951926350593567,2.048513650894165,0.0804179236292839,0.713954746723175,1.6557931900024414,2.8478829860687256,0.0017099416581913829,3.89884090423584,0.2756332457065582,0.6822894811630249,7.3944315910339355,0.02031279169023037,2.320486068725586,1.0746197700500488,,,,,,,,,,,,,,,
,9.184062566141485e-05,10179,,,,,,,,,,,,,,,,,,,,,,,,,,,,,,
98,,10179,0.9294829964637756,0.372051477432251,1.7216753959655762,0.024225302040576935,0.7266027331352234,1.589851975440979,2.7601890563964844,0.000982432859018445,3.945929527282715,0.17658588290214539,0.6495355367660522,7.1916022300720215,0.023624753579497337,2.2873454093933105,0.8125205636024475,,,,,,,,,,,,,,,
,9.156457969716005e-05,10189,,,,,,,,,,,,,,,,,,,,,,,,,,,,,,
98,,10189,0.852436363697052,0.32742926478385925,1.6149400472640991,0.018825415521860123,0.7164028882980347,1.527942180633545,2.583738327026367,0.0007801129249855876,3.880357503890991,0.28854289650917053,0.692920446395874,7.053727149963379,0.00847245380282402,2.321017026901245,1.1091601848602295,,,,,,,,,,,,,,,
98,,10196,,,,,,,,,,,,,,,,1.101846694946289,0.4052006006240845,2.028421401977539,0.020688097923994064,0.7044567465782166,3.7144863605499268,3.3363518714904785,0.23927249014377594,3.8930888175964355,0.2196686714887619,0.6589476466178894,8.881802558898926,0.016944361850619316,2.2694666385650635,1.193649172782898
,9.128876684969207e-05,10199,,,,,,,,,,,,,,,,,,,,,,,,,,,,,,
99,,10199,0.9368234872817993,0.29945316910743713,1.9849004745483398,0.06945819407701492,0.7075933814048767,1.4020826816558838,2.8636248111724854,0.001131880097091198,3.878901958465576,0.1422620564699173,0.6953709125518799,7.2419915199279785,0.021192435175180435,2.2356104850769043,1.111280918121338,,,,,,,,,,,,,,,
,9.101318821931278e-05,10209,,,,,,,,,,,,,,,,,,,,,,,,,,,,,,
99,,10209,0.8215226531028748,0.3950363099575043,2.014704465866089,0.044182855635881424,0.6734794974327087,1.8760284185409546,3.179705858230591,0.0006162786157801747,3.941335678100586,0.363828182220459,0.6773549318313599,7.6292924880981445,0.017853684723377228,2.1855626106262207,1.2025395631790161,,,,,,,,,,,,,,,
,9.073784490538972e-05,10219,,,,,,,,,,,,,,,,,,,,,,,,,,,,,,
99,,10219,0.8427878022193909,0.3140442967414856,2.0009312629699707,0.03093542344868183,0.6851834058761597,1.5656694173812866,2.9146575927734375,0.0013099529314786196,3.8877878189086914,0.13091516494750977,0.6682604551315308,7.279852867126465,0.04086923226714134,2.210315704345703,1.1185855865478516,,,,,,,,,,,,,,,
,9.046273800635163e-05,10229,,,,,,,,,,,,,,,,,,,,,,,,,,,,,,
99,,10229,0.9759640693664551,0.33538350462913513,1.9863272905349731,0.0674499124288559,0.6871745586395264,1.755725383758545,3.1555335521698,0.0007801016909070313,4.018518924713135,0.2605038583278656,0.6540403962135315,7.5968241691589355,0.02104901149868965,2.3425376415252686,0.8752326965332031,,,,,,,,,,,,,,,
,9.018786861968427e-05,10239,,,,,,,,,,,,,,,,,,,,,,,,,,,,,,
99,,10239,1.0541895627975464,0.3390757441520691,1.8907183408737183,0.06855607777833939,0.6847726702690125,1.9959349632263184,3.190187931060791,0.0010894350707530975,4.036705017089844,0.19629181921482086,0.6747808456420898,7.84804630279541,0.02503250539302826,2.3242552280426025,1.1853818893432617,,,,,,,,,,,,,,,
,8.99132378419258e-05,10249,,,,,,,,,,,,,,,,,,,,,,,,,,,,,,
99,,10249,0.7895447611808777,0.3393130600452423,1.8715964555740356,0.025205884128808975,0.6860676407814026,1.5251456499099731,2.896665573120117,0.0016017528250813484,3.8774192333221436,0.2480420619249344,0.6873711347579956,7.209144592285156,0.03132054954767227,2.218465805053711,1.1622788906097412,,,,,,,,,,,,,,,
,8.963884676866246e-05,10259,,,,,,,,,,,,,,,,,,,,,,,,,,,,,,
99,,10259,0.9130092859268188,0.3978000283241272,2.2218661308288574,0.09125985950231552,0.6871089935302734,1.6429636478424072,2.880315065383911,0.0016980677610263228,3.9336655139923096,0.12439657002687454,0.6847369074821472,7.506685256958008,0.008160190656781197,2.2516045570373535,1.0692417621612549,,,,,,,,,,,,,,,
,8.936469649452418e-05,10269,,,,,,,,,,,,,,,,,,,,,,,,,,,,,,
99,,10269,0.8867903351783752,0.4712775945663452,2.353985548019409,0.07502660155296326,0.6899504661560059,1.4811638593673706,3.07706618309021,0.0019310587085783482,3.9022538661956787,0.3611759841442108,0.6777814030647278,7.53676700592041,0.010107648558914661,2.2304224967956543,1.124258279800415,,,,,,,,,,,,,,,
,8.909078811318053e-05,10279,,,,,,,,,,,,,,,,,,,,,,,,,,,,,,
99,,10279,0.785780668258667,0.3442639410495758,1.7245622873306274,0.04542282596230507,0.6769267916679382,1.2849750518798828,2.8501875400543213,0.000990013126283884,3.9477624893188477,0.18494278192520142,0.6932864189147949,7.089066505432129,0.023032810539007187,2.247392177581787,1.1107622385025024,,,,,,,,,,,,,,,
,8.881712271733585e-05,10289,,,,,,,,,,,,,,,,,,,,,,,,,,,,,,
99,,10289,0.8365558981895447,0.31961333751678467,1.977787733078003,0.0619264617562294,0.6761981248855591,1.4695760011672974,3.070563316345215,0.0005898828385397792,3.8117053508758545,0.22053416073322296,0.6713863611221313,7.118934631347656,0.02078842557966709,2.24436354637146,0.8187643885612488,,,,,,,,,,,,,,,
,8.854370139872519e-05,10299,,,,,,,,,,,,,,,,,,,,,,,,,,,,,,
99,,10299,0.8836765885353088,0.37375831604003906,2.073479175567627,0.023523611947894096,0.6851505041122437,1.6804531812667847,2.568324565887451,0.0005667053046636283,3.8230996131896973,0.28041037917137146,0.6584860682487488,7.297680377960205,0.007441832683980465,2.2582199573516846,1.3410303592681885,,,,,,,,,,,,,,,
99,,10299,,,,,,,,,,,,,,,,1.1456904411315918,0.4179880917072296,1.9802870750427246,0.027531243860721588,0.6772919297218323,4.238577365875244,3.2793259620666504,0.2964722216129303,3.9001734256744385,0.22407403588294983,0.663409948348999,9.201160430908203,0.018095023930072784,2.255370616912842,1.1667523384094238
,8.82705252481099e-05,10309,,,,,,,,,,,,,,,,,,,,,,,,,,,,,,
100,,10309,0.8883184194564819,0.3572767972946167,2.055199146270752,0.05610635504126549,0.6742419004440308,1.4611907005310059,2.912598133087158,0.0009898324497044086,3.98404860496521,0.35663866996765137,0.6864797472953796,7.371236324310303,0.012997429817914963,2.2091896533966064,0.984558641910553,,,,,,,,,,,,,,,
,8.799759535527336e-05,10319,,,,,,,,,,,,,,,,,,,,,,,,,,,,,,
100,,10319,0.8418796062469482,0.39151862263679504,1.8166043758392334,0.03468801826238632,0.6694513559341431,1.1198513507843018,2.7526395320892334,0.0008916271617636085,3.9565224647521973,0.2440420538187027,0.6844573616981506,7.009812831878662,0.010733925737440586,2.2225821018218994,0.9850070476531982,,,,,,,,,,,,,,,
,8.772491280901649e-05,10329,,,,,,,,,,,,,,,,,,,,,,,,,,,,,,
100,,10329,0.8303793668746948,0.3341745436191559,1.7764379978179932,0.04198647290468216,0.6537303328514099,1.1098383665084839,2.8555707931518555,0.0016868163365870714,3.924994707107544,0.19054196774959564,0.6659058928489685,6.948188781738281,0.0206524059176445,2.3112587928771973,0.9435677528381348,,,,,,,,,,,,,,,
,8.745247869715338e-05,10339,,,,,,,,,,,,,,,,,,,,,,,,,,,,,,
100,,10339,0.8939347267150879,0.3281063437461853,2.1111578941345215,0.044045835733413696,0.6697319149971008,1.6472936868667603,3.0818300247192383,0.0008375726756639779,3.92149019241333,0.1746259182691574,0.6822624802589417,7.438234329223633,0.018036367371678352,2.229013204574585,1.060276746749878,,,,,,,,,,,,,,,
,8.718029410650733e-05,10349,,,,,,,,,,,,,,,,,,,,,,,,,,,,,,
100,,10349,1.0041074752807617,0.44458121061325073,2.116061210632324,0.024500666186213493,0.6739924550056458,1.7667142152786255,3.252387285232544,0.0008318295585922897,3.8993523120880127,0.11054685711860657,0.6733371615409851,7.6337571144104,0.015299201011657715,2.216768264770508,1.2095566987991333,,,,,,,,,,,,,,,
,8.690836012290582e-05,10359,,,,,,,,,,,,,,,,,,,,,,,,,,,,,,
100,,10359,0.9231403470039368,0.3635598123073578,1.8028497695922852,0.0494861900806427,0.6575698256492615,1.6125303506851196,2.80828595161438,0.00048421183601021767,3.9290578365325928,0.14754226803779602,0.6636345982551575,7.300220966339111,0.012337904423475266,2.2840614318847656,1.111393690109253,,,,,,,,,,,,,,,
,8.663667783117693e-05,10369,,,,,,,,,,,,,,,,,,,,,,,,,,,,,,
100,,10369,0.9508203864097595,0.27393290400505066,2.0543105602264404,0.03495148941874504,0.655301570892334,1.4951542615890503,3.1374459266662598,0.0013659046962857246,3.9402761459350586,0.15435729920864105,0.6998186111450195,7.4472808837890625,0.014817451126873493,2.255835771560669,1.319040060043335,,,,,,,,,,,,,,,
,8.636524831514436e-05,10379,,,,,,,,,,,,,,,,,,,,,,,,,,,,,,
100,,10379,0.8543028831481934,0.4076588451862335,2.106893539428711,0.026240656152367592,0.6586365103721619,1.3518157005310059,3.0700724124908447,0.0022202557884156704,3.913569688796997,0.25902217626571655,0.6515958905220032,7.265583038330078,0.012257297523319721,2.2841873168945312,1.0391827821731567,,,,,,,,,,,,,,,
,8.609407265762378e-05,10389,,,,,,,,,,,,,,,,,,,,,,,,,,,,,,
100,,10389,0.9445416331291199,0.33930477499961853,1.8736748695373535,0.020857566967606544,0.6452394127845764,1.8391287326812744,2.751774787902832,0.002474459819495678,3.9069159030914307,0.19420208036899567,0.6894619464874268,7.3151631355285645,0.017611393705010414,2.198786735534668,0.8712274432182312,,,,,,,,,,,,,,,
,8.582315194041776e-05,10399,,,,,,,,,,,,,,,,,,,,,,,,,,,,,,
100,,10399,0.9020586609840393,0.34184467792510986,1.9922486543655396,0.071904756128788,0.6595402359962463,1.3630067110061646,2.921233654022217,0.0018676355248317122,3.947721004486084,0.14790648221969604,0.6503024697303772,7.209993839263916,0.0175826046615839,2.2384142875671387,0.8551104664802551,,,,,,,,,,,,,,,
100,,10402,,,,,,,,,,,,,,,,1.0811550617218018,0.4094424247741699,2.0114381313323975,0.02799738571047783,0.6630324125289917,3.953195333480835,3.268089532852173,0.3009926974773407,3.8746554851531982,0.22658607363700867,0.6646532416343689,9.011382102966309,0.019756488502025604,2.2478842735290527,1.179653286933899
,8.555248724431215e-05,10409,,,,,,,,,,,,,,,,,,,,,,,,,,,,,,
101,,10409,0.9467935562133789,0.35792267322540283,1.6771339178085327,0.04740258678793907,0.6341772079467773,1.7322721481323242,2.829277276992798,0.0011293874122202396,3.9410738945007324,0.2630630135536194,0.658080518245697,7.270963668823242,0.021787334233522415,2.2507214546203613,0.7892999053001404,,,,,,,,,,,,,,,
,8.528207964907118e-05,10419,,,,,,,,,,,,,,,,,,,,,,,,,,,,,,
101,,10419,0.8646405935287476,0.3959217369556427,1.7243602275848389,0.014239688403904438,0.6668055057525635,1.3405598402023315,2.684823751449585,0.004733516369014978,3.779432535171509,0.18202006816864014,0.7120872139930725,6.968137741088867,0.021362898871302605,2.266798734664917,1.2082151174545288,,,,,,,,,,,,,,,
,8.50119302334336e-05,10429,,,,,,,,,,,,,,,,,,,,,,,,,,,,,,
101,,10429,0.7783013582229614,0.3478241264820099,2.280576467514038,0.06765976548194885,0.6484799981117249,1.281710147857666,3.079523801803589,0.0017281838227063417,3.851651906967163,0.16649271547794342,0.8557760715484619,7.202031135559082,0.011212457902729511,2.2173094749450684,0.9611373543739319,,,,,,,,,,,,,,,
,8.474204007510816e-05,10439,,,,,,,,,,,,,,,,,,,,,,,,,,,,,,
101,,10439,0.9249136447906494,0.3552708029747009,1.700420618057251,0.03684723377227783,0.6386598944664001,1.4744304418563843,2.7715208530426025,0.0035032532177865505,3.8014845848083496,0.1342024952173233,0.6640022397041321,7.0200886726379395,0.017961490899324417,2.289356231689453,1.0096988677978516,,,,,,,,,,,,,,,
,8.447241025076942e-05,10449,,,,,,,,,,,,,,,,,,,,,,,,,,,,,,
101,,10449,0.8130822777748108,0.4860396981239319,1.9087450504302979,0.0424673818051815,0.6391192078590393,1.585010290145874,2.7435872554779053,0.005922988522797823,3.8467049598693848,0.340252548456192,0.6597951650619507,7.269807815551758,0.012290220707654953,2.307027578353882,1.2255431413650513,,,,,,,,,,,,,,,
,8.420304183605322e-05,10459,,,,,,,,,,,,,,,,,,,,,,,,,,,,,,
101,,10459,0.8789353370666504,0.298592209815979,1.7532271146774292,0.062374547123909,0.6297756433486938,1.4678586721420288,2.890871524810791,0.00937039777636528,3.8572702407836914,0.22139695286750793,0.6674436330795288,7.111556529998779,0.022952623665332794,2.254246711730957,0.9797561764717102,,,,,,,,,,,,,,,
,8.393393590555268e-05,10469,,,,,,,,,,,,,,,,,,,,,,,,,,,,,,
101,,10469,0.7865884900093079,0.33749526739120483,1.8387137651443481,0.03840931877493858,0.6379453539848328,1.4409022331237793,2.797783374786377,0.006316717714071274,3.8565611839294434,0.26259496808052063,0.6868420839309692,7.0569024085998535,0.01925477385520935,2.2609684467315674,1.001044750213623,,,,,,,,,,,,,,,
,8.366509353281387e-05,10479,,,,,,,,,,,,,,,,,,,,,,,,,,,,,,
101,,10479,0.9320952296257019,0.3667268753051758,1.8498270511627197,0.03037452884018421,0.6215139031410217,1.9674201011657715,2.996663808822632,0.010471465066075325,3.8725173473358154,0.20053374767303467,0.6905764937400818,7.498810768127441,0.015472729690372944,2.272711753845215,1.1527944803237915,,,,,,,,,,,,,,,
,8.339651579033113e-05,10489,,,,,,,,,,,,,,,,,,,,,,,,,,,,,,
101,,10489,0.8034098744392395,0.3372159004211426,1.8841300010681152,0.037424035370349884,0.637039065361023,1.4005907773971558,2.87392258644104,0.008615957573056221,3.89363169670105,0.11434537917375565,0.7113568186759949,7.18461799621582,0.022009054198861122,2.214836835861206,1.2788257598876953,,,,,,,,,,,,,,,
,8.312820374954356e-05,10499,,,,,,,,,,,,,,,,,,,,,,,,,,,,,,
101,,10499,0.8232383728027344,0.39929255843162537,2.14438533782959,0.12022953480482101,0.6574625968933105,1.547023892402649,2.5957140922546387,0.0016413326375186443,3.742328643798828,0.12885671854019165,0.6798498630523682,7.057020664215088,0.05264770984649658,2.1991140842437744,0.6113877296447754,,,,,,,,,,,,,,,
101,,10505,,,,,,,,,,,,,,,,1.0128023624420166,0.38789528608322144,1.9876017570495605,0.031066015362739563,0.7158034443855286,4.219384670257568,3.2438273429870605,0.37978073954582214,3.915844678878784,0.2201874554157257,0.6521280407905579,9.228206634521484,0.020195145159959793,2.24009108543396,1.2014235258102417
,8.286015848082992e-05,10509,,,,,,,,,,,,,,,,,,,,,,,,,,,,,,
102,,10509,1.030699610710144,0.445793092250824,1.9171642065048218,0.0724751278758049,0.6451440453529358,1.505333662033081,2.790774345397949,0.00605348777025938,3.9882419109344482,0.22642335295677185,0.6756211519241333,7.4329400062561035,0.020359259098768234,2.228801965713501,0.9875321388244629,,,,,,,,,,,,,,,
,8.259238105350495e-05,10519,,,,,,,,,,,,,,,,,,,,,,,,,,,,,,
102,,10519,0.8024247884750366,0.3711002767086029,1.782934546470642,0.1263754814863205,0.6519917845726013,1.6908328533172607,2.7498295307159424,0.007640534080564976,3.8594601154327393,0.23284554481506348,0.6847986578941345,7.25036096572876,0.00965201761573553,2.306468963623047,0.9831377863883972,,,,,,,,,,,,,,,
,8.232487253581464e-05,10529,,,,,,,,,,,,,,,,,,,,,,,,,,,,,,
102,,10529,0.9403983950614929,0.36378026008605957,2.205181360244751,0.07957009971141815,0.6674302220344543,1.5712640285491943,2.8220162391662598,0.008803412318229675,3.81828236579895,0.21860472857952118,0.6661359071731567,7.466831207275391,0.021771417930722237,2.2264559268951416,1.4570865631103516,,,,,,,,,,,,,,,
,8.205763399493265e-05,10539,,,,,,,,,,,,,,,,,,,,,,,,,,,,,,
102,,10539,0.886597752571106,0.3426178991794586,2.1350998878479004,0.016582826152443886,0.6524877548217773,1.42526113986969,2.9818339347839355,0.009174691513180733,3.914518117904663,0.344759076833725,0.6654531955718994,7.2616987228393555,0.012044095434248447,2.2798566818237305,0.9416234493255615,,,,,,,,,,,,,,,
,8.179066649695518e-05,10549,,,,,,,,,,,,,,,,,,,,,,,,,,,,,,
102,,10549,0.9081297516822815,0.4207090735435486,1.7679730653762817,0.030517559498548508,0.6453923583030701,1.5736145973205566,3.148599863052368,0.013735733926296234,3.94950270652771,0.2987481951713562,0.6452257037162781,7.334018230438232,0.009947187267243862,2.225966215133667,0.8947052359580994,,,,,,,,,,,,,,,
,8.15239711068974e-05,10559,,,,,,,,,,,,,,,,,,,,,,,,,,,,,,
102,,10559,0.80681973695755,0.4697931706905365,1.8219058513641357,0.06431183218955994,0.6461341977119446,1.5375674962997437,2.8078973293304443,0.01122964732348919,3.848064422607422,0.33235183358192444,0.643136739730835,7.195024490356445,0.03769760578870773,2.229602813720703,0.9501684904098511,,,,,,,,,,,,,,,
,8.125754888868878e-05,10569,,,,,,,,,,,,,,,,,,,,,,,,,,,,,,
102,,10569,0.810731828212738,0.31546908617019653,2.0179128646850586,0.09433382004499435,0.6414096355438232,1.56405508518219,2.9462831020355225,0.01458217017352581,3.8549745082855225,0.30426377058029175,0.6600249409675598,7.304133415222168,0.01646692305803299,2.2773542404174805,1.1008437871932983,,,,,,,,,,,,,,,
,8.099140090516933e-05,10579,,,,,,,,,,,,,,,,,,,,,,,,,,,,,,
102,,10579,1.0844894647598267,0.3315003216266632,1.9627251625061035,0.03958112746477127,0.6611815690994263,1.6132135391235352,2.8629255294799805,0.011912742629647255,3.8376967906951904,0.17526738345623016,0.6743789315223694,7.364145278930664,0.013700115494430065,2.2602808475494385,1.1626415252685547,,,,,,,,,,,,,,,
,8.072552821808472e-05,10589,,,,,,,,,,,,,,,,,,,,,,,,,,,,,,
102,,10589,0.7970193028450012,0.3797916769981384,1.810092806816101,0.022899292409420013,0.6552847623825073,1.1794798374176025,2.807034969329834,0.008255153894424438,3.9928321838378906,0.2207484245300293,0.6782562136650085,7.080866813659668,0.01082669198513031,2.2533981800079346,1.095054268836975,,,,,,,,,,,,,,,
,8.045993188808262e-05,10599,,,,,,,,,,,,,,,,,,,,,,,,,,,,,,
102,,10599,0.8804067969322205,0.34147027134895325,1.7684710025787354,0.03323742747306824,0.6508246660232544,1.2695945501327515,2.7973649501800537,0.006940706167370081,3.864812135696411,0.1629047840833664,0.6714178919792175,6.971958637237549,0.012360469438135624,2.22293758392334,0.9723715782165527,,,,,,,,,,,,,,,
102,,10608,,,,,,,,,,,,,,,,0.9685298204421997,0.391295462846756,1.9197018146514893,0.03535296022891998,0.8027534484863281,4.30751895904541,3.1967248916625977,0.3467663526535034,4.097763538360596,0.20826157927513123,0.6554597616195679,9.413957595825195,0.023831237107515335,2.2427115440368652,1.2586346864700317
,8.019461297470794e-05,10609,,,,,,,,,,,,,,,,,,,,,,,,,,,,,,
103,,10609,0.9188318848609924,0.2857570946216583,1.8495334386825562,0.039771027863025665,0.6481991410255432,1.4026920795440674,3.0504300594329834,0.0071685099974274635,3.837364673614502,0.20894281566143036,0.6698700189590454,7.143199920654297,0.0124706095084548,2.242438316345215,1.088425874710083,,,,,,,,,,,,,,,
,7.992957253639931e-05,10619,,,,,,,,,,,,,,,,,,,,,,,,,,,,,,
103,,10619,0.8938485980033875,0.27238819003105164,1.9699385166168213,0.10216406732797623,0.6443952322006226,1.8270567655563354,2.9891176223754883,0.00882197916507721,3.8798165321350098,0.18329820036888123,0.6937649846076965,7.484290599822998,0.015538105741143227,2.2156710624694824,1.1431140899658203,,,,,,,,,,,,,,,
,7.966481163048405e-05,10629,,,,,,,,,,,,,,,,,,,,,,,,,,,,,,
103,,10629,0.8403967022895813,0.38874146342277527,1.966070532798767,0.048395734280347824,0.6414133906364441,1.2792928218841553,2.8211395740509033,0.005838708020746708,3.8231728076934814,0.13702383637428284,0.6763455867767334,6.956649303436279,0.025557609274983406,2.2319560050964355,0.7568685412406921,,,,,,,,,,,,,,,
,7.94003313131746e-05,10639,,,,,,,,,,,,,,,,,,,,,,,,,,,,,,
103,,10639,0.989745557308197,0.4711914360523224,1.851923942565918,0.04646547883749008,0.6306588649749756,1.4387426376342773,2.688448190689087,0.009311159141361713,3.87558913230896,0.3445943295955658,0.6775335073471069,7.27754020690918,0.01560730766505003,2.2342207431793213,1.1843225955963135,,,,,,,,,,,,,,,
,7.913613263956382e-05,10649,,,,,,,,,,,,,,,,,,,,,,,,,,,,,,
103,,10649,0.9358734488487244,0.3276042640209198,1.699671745300293,0.02615012228488922,0.6232905983924866,1.3226583003997803,2.896589994430542,0.007010835688561201,3.8165700435638428,0.13333284854888916,0.6912275552749634,7.032525539398193,0.008590170182287693,2.2310073375701904,1.2192649841308594,,,,,,,,,,,,,,,
,7.88722166636212e-05,10659,,,,,,,,,,,,,,,,,,,,,,,,,,,,,,
103,,10659,0.9060451984405518,0.33796584606170654,2.0096518993377686,0.02735251374542713,0.6108978390693665,1.806872010231018,3.0552279949188232,0.01196032389998436,3.8619308471679688,0.2073812484741211,0.6491364240646362,7.367287635803223,0.014745009131729603,2.2256920337677,0.9309729337692261,,,,,,,,,,,,,,,
,7.860858443818843e-05,10669,,,,,,,,,,,,,,,,,,,,,,,,,,,,,,
103,,10669,0.9345558881759644,0.32143357396125793,1.9266331195831299,0.022227488458156586,0.6481930017471313,1.3598954677581787,2.921828269958496,0.008639466017484665,3.8726563453674316,0.23355573415756226,0.7489762902259827,7.15797233581543,0.012415481731295586,2.214376926422119,1.0363683700561523,,,,,,,,,,,,,,,
,7.8345237014975e-05,10679,,,,,,,,,,,,,,,,,,,,,,,,,,,,,,
103,,10679,0.9416948556900024,0.42126286029815674,1.8559402227401733,0.023438287898898125,0.6497222185134888,1.4346723556518555,2.7545149326324463,0.004012507386505604,3.820749282836914,0.16516104340553284,0.6456362009048462,7.042265892028809,0.008162414655089378,2.2492904663085938,0.8915702700614929,,,,,,,,,,,,,,,
,7.808217544455468e-05,10689,,,,,,,,,,,,,,,,,,,,,,,,,,,,,,
103,,10689,0.8784387707710266,0.35096099972724915,1.9341264963150024,0.04172299802303314,0.6345375180244446,1.4033098220825195,2.799276828765869,0.009143520146608353,3.910602569580078,0.2050115317106247,0.6753956079483032,7.261036396026611,0.015505683608353138,2.269728899002075,1.3276036977767944,,,,,,,,,,,,,,,
,7.781940077636048e-05,10699,,,,,,,,,,,,,,,,,,,,,,,,,,,,,,
103,,10699,0.930940568447113,0.45645734667778015,2.1707100868225098,0.027169670909643173,0.6025047302246094,1.6854254007339478,3.1179423332214355,0.013123637065291405,3.9085798263549805,0.19979393482208252,0.6480619311332703,7.448270320892334,0.017274299636483192,2.174004077911377,0.8348331451416016,,,,,,,,,,,,,,,
,7.755691405868114e-05,10709,,,,,,,,,,,,,,,,,,,,,,,,,,,,,,
103,,10709,0.7818498015403748,0.32793352007865906,1.8266594409942627,0.05197121948003769,0.6153156757354736,1.6470985412597656,2.6826705932617188,0.018385877832770348,3.741762638092041,0.2879376709461212,0.6699264049530029,7.012588977813721,0.017819393426179886,2.202394723892212,0.9577732682228088,,,,,,,,,,,,,,,
103,,10711,,,,,,,,,,,,,,,,0.9573649764060974,0.3006923198699951,1.9240282773971558,0.01605125516653061,0.771186888217926,3.0070371627807617,3.233550786972046,0.10995222628116608,3.873133897781372,0.21961325407028198,0.6117632389068604,8.312185287475586,0.015816491097211838,2.208819627761841,1.536885142326355
,7.729471633865634e-05,10719,,,,,,,,,,,,,,,,,,,,,,,,,,,,,,
104,,10719,0.800142228603363,0.28230610489845276,2.03374981880188,0.023515397682785988,0.6169699430465698,1.6101274490356445,3.2868096828460693,0.017596421763300896,3.990229845046997,0.1515696942806244,0.6844618916511536,7.458577632904053,0.020242540165781975,2.2143325805664062,1.1441280841827393,,,,,,,,,,,,,,,
,7.703280866227336e-05,10729,,,,,,,,,,,,,,,,,,,,,,,,,,,,,,
104,,10729,0.8216240406036377,0.33815398812294006,1.667477011680603,0.034241046756505966,0.6101557016372681,1.194224238395691,2.8254733085632324,0.01463307160884142,3.817498207092285,0.1592012196779251,0.6748331189155579,6.787823677062988,0.02084571123123169,2.2301528453826904,0.798073947429657,,,,,,,,,,,,,,,
,7.677119207436192e-05,10739,,,,,,,,,,,,,,,,,,,,,,,,,,,,,,
104,,10739,0.9886465072631836,0.37505996227264404,1.870558738708496,0.037255894392728806,0.6360321044921875,1.3146522045135498,3.152169704437256,0.013357880525290966,3.877359390258789,0.18018674850463867,0.6568986773490906,7.251380443572998,0.013650027103722095,2.180457830429077,1.1381936073303223,,,,,,,,,,,,,,,
,7.650986761859083e-05,10749,,,,,,,,,,,,,,,,,,,,,,,,,,,,,,
104,,10749,0.8428629040718079,0.3282715678215027,1.6164028644561768,0.025187663733959198,0.6061707735061646,1.4479901790618896,2.7534468173980713,0.034731946885585785,3.831756830215454,0.18110886216163635,0.666835606098175,7.013624668121338,0.012108005583286285,2.201667070388794,1.1591548919677734,,,,,,,,,,,,,,,
,7.62488363374632e-05,10759,,,,,,,,,,,,,,,,,,,,,,,,,,,,,,
104,,10759,0.7947365045547485,0.3338896930217743,1.983847737312317,0.07833624631166458,0.6268846988677979,1.2032628059387207,2.9291670322418213,0.019942844286561012,3.708327293395996,0.16037298738956451,0.6842917203903198,6.916234493255615,0.025839531794190407,2.187220573425293,1.0205061435699463,,,,,,,,,,,,,,,
,7.5988099272313e-05,10769,,,,,,,,,,,,,,,,,,,,,,,,,,,,,,
104,,10769,0.8651065826416016,0.33014512062072754,1.9412235021591187,0.0728185623884201,0.6357564926147461,1.1226930618286133,2.853865146636963,0.011759592220187187,3.8327510356903076,0.20296037197113037,0.6911529302597046,7.08797550201416,0.025791672989726067,2.3044931888580322,1.3181647062301636,,,,,,,,,,,,,,,
,7.572765746330003e-05,10779,,,,,,,,,,,,,,,,,,,,,,,,,,,,,,
104,,10779,0.8481413125991821,0.33446821570396423,1.8624637126922607,0.02252037264406681,0.6316744089126587,1.268092155456543,2.8196003437042236,0.005873455666005611,3.9242687225341797,0.19989782571792603,0.672426700592041,7.030446529388428,0.01249921415001154,2.1773016452789307,0.9578427672386169,,,,,,,,,,,,,,,
,7.546751194940656e-05,10789,,,,,,,,,,,,,,,,,,,,,,,,,,,,,,
104,,10789,0.8440231680870056,0.3005650043487549,1.751881718635559,0.026341326534748077,0.638650119304657,1.4783211946487427,2.677304744720459,0.0057926722802221775,3.749417781829834,0.11373154819011688,0.642182469367981,6.907764434814453,0.019523289054632187,2.2053093910217285,1.084139347076416,,,,,,,,,,,,,,,
,7.52076637684325e-05,10799,,,,,,,,,,,,,,,,,,,,,,,,,,,,,,
104,,10799,0.9093402624130249,0.3136557936668396,2.062507152557373,0.08308712393045425,0.5992797613143921,1.3342069387435913,3.0476114749908447,0.007775989361107349,3.9206457138061523,0.19995181262493134,0.6672240495681763,7.290445804595947,0.02366391383111477,2.163992166519165,1.047085165977478,,,,,,,,,,,,,,,
,7.49481139569921e-05,10809,,,,,,,,,,,,,,,,,,,,,,,,,,,,,,
104,,10809,0.9035656452178955,0.3254275619983673,1.885054588317871,0.022220738232135773,0.6344932317733765,1.6681671142578125,2.787412643432617,0.004683888517320156,3.8549752235412598,0.19137828052043915,0.6620886921882629,7.166189193725586,0.013502420857548714,2.1584997177124023,0.9088425040245056,,,,,,,,,,,,,,,
104,,10814,,,,,,,,,,,,,,,,0.8483957648277283,0.2717703878879547,1.9787349700927734,0.013069303706288338,0.6406680941581726,4.375918865203857,3.280890464782715,0.05619001016020775,3.8072726726531982,0.22198359668254852,0.6171428561210632,8.805878639221191,0.01675289310514927,2.185983180999756,1.5366413593292236
,7.468886355050887e-05,10819,,,,,,,,,,,,,,,,,,,,,,,,,,,,,,
105,,10819,0.9647544622421265,0.4648265838623047,2.2062292098999023,0.06009894236922264,0.640253484249115,1.5636621713638306,2.940781354904175,0.0034389225766062737,3.8914740085601807,0.1618281900882721,0.6709859371185303,7.461741924285889,0.01720234751701355,2.2216718196868896,1.0792990922927856,,,,,,,,,,,,,,,
,7.442991358321207e-05,10829,,,,,,,,,,,,,,,,,,,,,,,,,,,,,,
105,,10829,0.8991928100585938,0.27551212906837463,2.1021058559417725,0.03333701193332672,0.6407082676887512,1.185401201248169,3.3865623474121094,0.005599087569862604,3.770117998123169,0.22469517588615417,0.672742486000061,7.106469631195068,0.025775983929634094,2.162648916244507,1.0447843074798584,,,,,,,,,,,,,,,
,7.417126508813253e-05,10839,,,,,,,,,,,,,,,,,,,,,,,,,,,,,,
105,,10839,1.1715219020843506,0.32698172330856323,1.907479166984558,0.06400374323129654,0.6610188484191895,1.2237505912780762,2.683021306991577,0.003246444510295987,3.8431735038757324,0.24716971814632416,0.6695789694786072,7.131457328796387,0.0064979358576238155,2.1727564334869385,1.02286958694458,,,,,,,,,,,,,,,
,7.391291909709817e-05,10849,,,,,,,,,,,,,,,,,,,,,,,,,,,,,,
105,,10849,0.8386291861534119,0.32386457920074463,1.789910912513733,0.05024212971329689,0.6351415514945984,1.2831590175628662,2.8769307136535645,0.0016858817543834448,3.8728861808776855,0.2547559142112732,0.6850215196609497,6.993236064910889,0.014828665181994438,2.2616138458251953,0.9098166823387146,,,,,,,,,,,,,,,
,7.365487664073034e-05,10859,,,,,,,,,,,,,,,,,,,,,,,,,,,,,,
105,,10859,0.79855877161026,0.362881064414978,1.9571826457977295,0.0965690091252327,0.6452176570892334,1.0756398439407349,2.6951704025268555,0.001852427376434207,3.8235745429992676,0.19314932823181152,0.6638127565383911,6.847407817840576,0.03235385939478874,2.186814546585083,0.7560632228851318,,,,,,,,,,,,,,,
,7.33971387484394e-05,10869,,,,,,,,,,,,,,,,,,,,,,,,,,,,,,
105,,10869,0.8055331110954285,0.3916802406311035,1.70304274559021,0.07696886360645294,0.64524245262146,1.1627867221832275,2.7404043674468994,0.0023624426685273647,3.8168935775756836,0.21860337257385254,0.6437166929244995,6.861536502838135,0.010574638843536377,2.1860899925231934,0.9834886193275452,,,,,,,,,,,,,,,
,7.31397064484208e-05,10879,,,,,,,,,,,,,,,,,,,,,,,,,,,,,,
105,,10879,0.8472309708595276,0.5165749788284302,1.794927954673767,0.04442054405808449,0.6464350819587708,1.2317241430282593,2.711383104324341,0.0016823874320834875,3.909182548522949,0.191478431224823,0.6669279932975769,7.041983604431152,0.01601477526128292,2.241668939590454,0.9484506249427795,,,,,,,,,,,,,,,
,7.28825807676507e-05,10889,,,,,,,,,,,,,,,,,,,,,,,,,,,,,,
105,,10889,0.8069711327552795,0.2609502673149109,1.8014905452728271,0.043429434299468994,0.6318709850311279,1.3713001012802124,2.993407726287842,0.0015962363686412573,3.8242146968841553,0.12176290154457092,0.6443653702735901,6.955005168914795,0.024644916877150536,2.294661521911621,0.9123334884643555,,,,,,,,,,,,,,,
,7.26257627318823e-05,10899,,,,,,,,,,,,,,,,,,,,,,,,,,,,,,
105,,10899,0.9488420486450195,0.32151496410369873,1.9040824174880981,0.06420864909887314,0.6552653908729553,1.323678970336914,2.679656505584717,0.0024934113025665283,3.832852840423584,0.18045976758003235,0.7532713413238525,7.0874505043029785,0.017977608367800713,2.2415719032287598,1.074576735496521,,,,,,,,,,,,,,,
,7.236925336564121e-05,10909,,,,,,,,,,,,,,,,,,,,,,,,,,,,,,
105,,10909,0.8788497447967529,0.36008039116859436,1.950416922569275,0.07476789504289627,0.6459122896194458,1.5417988300323486,2.5105741024017334,0.002972689690068364,3.881648540496826,0.13562946021556854,0.6792383193969727,7.138140678405762,0.025731265544891357,2.2205989360809326,0.8940856456756592,,,,,,,,,,,,,,,
105,,10917,,,,,,,,,,,,,,,,0.8488678932189941,0.2662934958934784,2.0468947887420654,0.018797587603330612,0.6461445689201355,4.7618913650512695,3.2088217735290527,0.03602796792984009,3.850364923477173,0.22496990859508514,0.604435920715332,9.058500289916992,0.021258242428302765,2.178154945373535,1.6257045269012451
,7.21130536922221e-05,10919,,,,,,,,,,,,,,,,,,,,,,,,,,,,,,
106,,10919,0.7279680967330933,0.39680659770965576,1.9079680442810059,0.04520772770047188,0.631945788860321,1.3199604749679565,2.825188159942627,0.0016138096107169986,3.7828190326690674,0.1489853858947754,0.6664685606956482,6.868983745574951,0.034292545169591904,2.1603617668151855,0.7668274641036987,,,,,,,,,,,,,,,
,7.185716473368373e-05,10929,,,,,,,,,,,,,,,,,,,,,,,,,,,,,,
106,,10929,1.0084174871444702,0.32714393734931946,1.926699161529541,0.0351036861538887,0.6507009863853455,1.2860641479492188,2.8727338314056396,0.0018286099657416344,3.9396140575408936,0.21869345009326935,0.6570056676864624,7.160552501678467,0.017548374831676483,2.2041053771972656,0.8842847347259521,,,,,,,,,,,,,,,
,7.160158751084565e-05,10939,,,,,,,,,,,,,,,,,,,,,,,,,,,,,,
106,,10939,0.9648135900497437,0.30709704756736755,2.051022529602051,0.05283968895673752,0.6413638591766357,1.0993611812591553,2.8250691890716553,0.0038232048973441124,3.9857537746429443,0.27230745553970337,0.6470682621002197,7.22825813293457,0.022016940638422966,2.1593973636627197,1.1890770196914673,,,,,,,,,,,,,,,
,7.13463230432835e-05,10949,,,,,,,,,,,,,,,,,,,,,,,,,,,,,,
106,,10949,0.8161099553108215,0.37432238459587097,1.8425344228744507,0.05747636407613754,0.6593469381332397,1.3163492679595947,2.738525390625,0.00224421382881701,3.8182291984558105,0.15179334580898285,0.6440097093582153,6.92929744720459,0.02599116787314415,2.188817262649536,0.8519968390464783,,,,,,,,,,,,,,,
,7.109137234932561e-05,10959,,,,,,,,,,,,,,,,,,,,,,,,,,,,,,
106,,10959,0.774723470211029,0.3174508213996887,1.863594889640808,0.04836603254079819,0.6451356410980225,0.9943450689315796,2.836350440979004,0.002851417288184166,3.7360122203826904,0.15741018950939178,0.6595262885093689,6.728512287139893,0.05998225510120392,2.2097132205963135,0.9493977427482605,,,,,,,,,,,,,,,
,7.083673644604823e-05,10969,,,,,,,,,,,,,,,,,,,,,,,,,,,,,,
106,,10969,0.821279764175415,0.5144695043563843,1.9185718297958374,0.06631141155958176,0.6262320280075073,0.8467769622802734,3.1922526359558105,0.002770590130239725,3.7299962043762207,0.17072980105876923,0.6517589092254639,6.818964958190918,0.02564392425119877,2.2533159255981445,0.8942420482635498,,,,,,,,,,,,,,,
,7.058241634927206e-05,10979,,,,,,,,,,,,,,,,,,,,,,,,,,,,,,
106,,10979,0.8440043926239014,0.34063416719436646,1.9414608478546143,0.05888509005308151,0.6406111717224121,1.1463022232055664,2.8179116249084473,0.00206670886836946,3.7522523403167725,0.19023896753787994,0.632527232170105,6.8977789878845215,0.03201919049024582,2.1888890266418457,1.0634610652923584,,,,,,,,,,,,,,,
,7.032841307355767e-05,10989,,,,,,,,,,,,,,,,,,,,,,,,,,,,,,
106,,10989,0.8226316571235657,0.3845272958278656,2.0299220085144043,0.08338267356157303,0.6257197260856628,2.169584274291992,3.0561249256134033,0.0025909901596605778,3.8819549083709717,0.3082229793071747,0.6447643041610718,7.637909412384033,0.024926908314228058,2.195899724960327,0.9683693647384644,,,,,,,,,,,,,,,
,7.007472763220217e-05,10999,,,,,,,,,,,,,,,,,,,,,,,,,,,,,,
106,,10999,0.9016194939613342,0.37136611342430115,1.8224347829818726,0.02615262381732464,0.6394610404968262,1.4169671535491943,2.7760727405548096,0.007644506171345711,3.9418141841888428,0.1605852246284485,0.6602145433425903,7.254007339477539,0.007753163576126099,2.1780941486358643,1.3535255193710327,,,,,,,,,,,,,,,
,6.982136103723428e-05,11009,,,,,,,,,,,,,,,,,,,,,,,,,,,,,,
106,,11009,0.8420578837394714,0.39164313673973083,1.955714225769043,0.04581606015563011,0.6328133344650269,1.171974778175354,3.1415536403656006,0.0029696975834667683,3.8102550506591797,0.23707593977451324,0.6742033362388611,7.110756874084473,0.02932373620569706,2.235513210296631,1.1933687925338745,,,,,,,,,,,,,,,
,6.956831429941101e-05,11019,,,,,,,,,,,,,,,,,,,,,,,,,,,,,,
106,,11019,0.792238175868988,0.280821293592453,1.8158022165298462,0.02281312271952629,0.6360509395599365,1.6026606559753418,2.9303197860717773,0.0037129295524209738,3.8292019367218018,0.1488882303237915,0.6539701819419861,7.072083950042725,0.00491071492433548,2.2131500244140625,1.040687084197998,,,,,,,,,,,,,,,
106,,11020,,,,,,,,,,,,,,,,0.8249625563621521,0.2629883289337158,1.9336721897125244,0.02049856446683407,0.6506069302558899,4.044896125793457,3.146426200866699,0.048893041908741,3.8064370155334473,0.20091509819030762,0.6063477396965027,8.544343948364258,0.018668493255972862,2.2032036781311035,1.4298486709594727
,6.931558842821327e-05,11029,,,,,,,,,,,,,,,,,,,,,,,,,,,,,,
107,,11029,0.8849926590919495,0.26796942949295044,2.006619930267334,0.031078966334462166,0.6136872172355652,2.0213897228240967,2.901139497756958,0.0014614348765462637,3.810816526412964,0.15336264669895172,0.6316130757331848,7.289040565490723,0.011919345706701279,2.2400548458099365,0.8112176656723022,,,,,,,,,,,,,,,
,6.906318443184203e-05,11039,,,,,,,,,,,,,,,,,,,,,,,,,,,,,,
107,,11039,0.7992172241210938,0.3306444585323334,2.0714566707611084,0.03147142380475998,0.5972111821174622,1.575919270515442,3.183685779571533,0.0028371275402605534,3.9920237064361572,0.23606914281845093,0.6463012099266052,7.440053939819336,0.010871399194002151,2.251732587814331,1.1723085641860962,,,,,,,,,,,,,,,
,6.8811103317214e-05,11049,,,,,,,,,,,,,,,,,,,,,,,,,,,,,,
107,,11049,0.8277688026428223,0.3104192912578583,1.784319281578064,0.09617979824542999,0.6262181401252747,1.1358100175857544,2.8418867588043213,0.0021291086450219154,3.7452476024627686,0.1994328647851944,0.6774979829788208,6.824407577514648,0.031247487291693687,2.208883285522461,0.9196982383728027,,,,,,,,,,,,,,,
,6.855934608995802e-05,11059,,,,,,,,,,,,,,,,,,,,,,,,,,,,,,
107,,11059,0.7832422256469727,0.4439201056957245,1.8654016256332397,0.047241415828466415,0.6120324730873108,1.7193949222564697,2.5916926860809326,0.002287111012265086,3.7304093837738037,0.2031456083059311,0.7025477290153503,7.045429229736328,0.017125464975833893,2.207512140274048,0.9598211646080017,,,,,,,,,,,,,,,
,6.83079137544108e-05,11069,,,,,,,,,,,,,,,,,,,,,,,,,,,,,,
107,,11069,0.9086162447929382,0.33463796973228455,1.8515191078186035,0.037921518087387085,0.6018985509872437,1.8770108222961426,2.8037056922912598,0.0012453554663807154,3.8115389347076416,0.13568229973316193,0.658267617225647,7.219444751739502,0.013960919342935085,2.256718158721924,0.8974893689155579,,,,,,,,,,,,,,,
,6.805680731361281e-05,11079,,,,,,,,,,,,,,,,,,,,,,,,,,,,,,
107,,11079,0.8645097613334656,0.36899885535240173,2.2105581760406494,0.06788111478090286,0.5977120995521545,1.2839033603668213,3.1688804626464844,0.002368937013670802,3.6785898208618164,0.23464322090148926,0.6316455602645874,7.092694282531738,0.03535550832748413,2.2565300464630127,1.0678400993347168,,,,,,,,,,,,,,,
,6.780602776930462e-05,11089,,,,,,,,,,,,,,,,,,,,,,,,,,,,,,
107,,11089,0.9266542196273804,0.34504052996635437,1.7467845678329468,0.03924494609236717,0.6279857158660889,2.104597806930542,2.990234613418579,0.002935694996267557,3.936007022857666,0.1873762309551239,0.6393656134605408,7.519326210021973,0.006889780052006245,2.2660934925079346,0.98679119348526,,,,,,,,,,,,,,,
,6.755557612192262e-05,11099,,,,,,,,,,,,,,,,,,,,,,,,,,,,,,
107,,11099,0.8781703114509583,0.3797656297683716,1.8776758909225464,0.03432454541325569,0.6286858916282654,1.6119699478149414,2.658771514892578,0.0024471739307045937,3.8161725997924805,0.22739501297473907,0.6509760022163391,7.141445159912109,0.006405413616448641,2.2335901260375977,1.1188266277313232,,,,,,,,,,,,,,,
,6.730545337059517e-05,11109,,,,,,,,,,,,,,,,,,,,,,,,,,,,,,
107,,11109,0.8380598425865173,0.28220734000205994,1.919249176979065,0.032669469714164734,0.6109095215797424,2.0581014156341553,2.9969451427459717,0.0013595507480204105,3.811464309692383,0.2364489734172821,0.6529978513717651,7.388655662536621,0.017658408731222153,2.304819107055664,1.0691165924072266,,,,,,,,,,,,,,,
,6.705566051313843e-05,11119,,,,,,,,,,,,,,,,,,,,,,,,,,,,,,
107,,11119,0.8278606534004211,0.3449799418449402,1.582672119140625,0.025464016944169998,0.6225733757019043,1.5371711254119873,2.5460729598999023,0.0012014980893582106,3.714137077331543,0.15545383095741272,0.6369771361351013,6.750919342041016,0.01568492129445076,2.220424175262451,0.8541556596755981,,,,,,,,,,,,,,,
107,,11123,,,,,,,,,,,,,,,,0.9132304787635803,0.259367972612381,1.9298797845840454,0.020142946392297745,0.6535874605178833,3.3213181495666504,3.1105523109436035,0.017270073294639587,3.8429267406463623,0.20996007323265076,0.6004872918128967,8.205121040344238,0.016700124368071556,2.194121837615967,1.3848965167999268
,6.680619854605274e-05,11129,,,,,,,,,,,,,,,,,,,,,,,,,,,,,,
108,,11129,0.9567905068397522,0.33481287956237793,1.8599412441253662,0.017728371545672417,0.6180497407913208,2.6194827556610107,2.7147650718688965,0.003635849803686142,3.8626344203948975,0.1515120565891266,0.6470165252685547,7.6622314453125,0.017321350052952766,2.205404043197632,0.9851106405258179,,,,,,,,,,,,,,,
,6.655706846451806e-05,11139,,,,,,,,,,,,,,,,,,,,,,,,,,,,,,
108,,11139,0.9350610971450806,0.28102999925613403,1.8573253154754639,0.051197249442338943,0.6016297340393066,1.833451271057129,3.0029449462890625,0.005060859024524689,3.8661797046661377,0.27011510729789734,0.6336854696273804,7.44406795501709,0.008605302311480045,2.249051332473755,1.3025357723236084,,,,,,,,,,,,,,,
,6.630827126239082e-05,11149,,,,,,,,,,,,,,,,,,,,,,,,,,,,,,
108,,11149,0.974797785282135,0.467727392911911,1.9913914203643799,0.07149802148342133,0.6115606427192688,1.944338083267212,3.010240316390991,0.005537186749279499,3.9313273429870605,0.19430966675281525,0.6148837208747864,7.60627555847168,0.024413881823420525,2.2479805946350098,0.9061625003814697,,,,,,,,,,,,,,,
,6.60598079321991e-05,11159,,,,,,,,,,,,,,,,,,,,,,,,,,,,,,
108,,11159,0.7887958884239197,0.3788309097290039,2.1952199935913086,0.03696686401963234,0.5776770114898682,1.2882193326950073,2.9047343730926514,0.0023456639610230923,3.6993837356567383,0.13619543612003326,0.6442075967788696,6.830442428588867,0.009738217107951641,2.2164275646209717,0.711762011051178,,,,,,,,,,,,,,,
,6.581167946513926e-05,11169,,,,,,,,,,,,,,,,,,,,,,,,,,,,,,
108,,11169,0.9391053318977356,0.2683393657207489,2.0392255783081055,0.030145864933729172,0.5983055830001831,1.646849513053894,3.179539442062378,0.005321127362549305,3.7765355110168457,0.19276581704616547,0.6422945261001587,7.258550643920898,0.010624531656503677,2.222698211669922,1.073360800743103,,,,,,,,,,,,,,,
,6.556388685107173e-05,11179,,,,,,,,,,,,,,,,,,,,,,,,,,,,,,
108,,11179,0.7576206922531128,0.3505764901638031,1.7888919115066528,0.05173858627676964,0.5880487561225891,1.190343976020813,2.6319992542266846,0.004161556251347065,3.7765235900878906,0.224007248878479,0.625113844871521,6.780428409576416,0.02329014614224434,2.2753398418426514,1.033991813659668,,,,,,,,,,,,,,,
,6.531643107851721e-05,11189,,,,,,,,,,,,,,,,,,,,,,,,,,,,,,
108,,11189,0.8459011316299438,0.3075377941131592,1.7974967956542969,0.03594319894909859,0.5720997452735901,1.5051745176315308,2.8938167095184326,0.008648058399558067,3.7823150157928467,0.4220997393131256,0.6332997679710388,7.039580345153809,0.00804428942501545,2.2424347400665283,1.0345784425735474,,,,,,,,,,,,,,,
,6.506931313465244e-05,11199,,,,,,,,,,,,,,,,,,,,,,,,,,,,,,
108,,11199,1.0378183126449585,0.5025325417518616,1.9130064249038696,0.04074461758136749,0.5759896039962769,1.9872305393218994,2.783555507659912,0.0055412971414625645,3.9191267490386963,0.17407552897930145,0.6392896175384521,7.685873985290527,0.03454754501581192,2.2264556884765625,1.348732829093933,,,,,,,,,,,,,,,
,6.482253400530662e-05,11209,,,,,,,,,,,,,,,,,,,,,,,,,,,,,,
108,,11209,0.992341160774231,0.2669031023979187,1.8326085805892944,0.03579593449831009,0.5928753018379211,1.8270553350448608,2.8903512954711914,0.004794076085090637,3.785841941833496,0.24502457678318024,0.6401835680007935,7.213663101196289,0.015436993911862373,2.2404444217681885,0.8998521566390991,,,,,,,,,,,,,,,
,6.457609467495726e-05,11219,,,,,,,,,,,,,,,,,,,,,,,,,,,,,,
108,,11219,0.9078026413917542,0.5681517124176025,1.7123616933822632,0.05235603079199791,0.59112149477005,1.6081244945526123,2.5224151611328125,0.0046974909491837025,3.704906463623047,0.1553867608308792,0.6317453384399414,6.97492790222168,0.033435821533203125,2.231942892074585,0.841860294342041,,,,,,,,,,,,,,,
108,,11226,,,,,,,,,,,,,,,,0.7851901650428772,0.2654125690460205,1.8765360116958618,0.01832394488155842,0.672645628452301,3.084239959716797,3.098363161087036,0.04078757390379906,3.7026994228363037,0.20363648235797882,0.5739070773124695,7.914713382720947,0.013669854030013084,2.1788203716278076,1.4910434484481812
,6.43299961267264e-05,11229,,,,,,,,,,,,,,,,,,,,,,,,,,,,,,
109,,11229,0.8466634750366211,0.3426212668418884,1.8368563652038574,0.03361012414097786,0.5758763551712036,1.5242925882339478,2.748373031616211,0.003816850483417511,3.7869269847869873,0.2236132174730301,0.6357626914978027,7.0209527015686035,0.009980340488255024,2.2481536865234375,1.0709269046783447,,,,,,,,,,,,,,,
,6.40842393423764e-05,11239,,,,,,,,,,,,,,,,,,,,,,,,,,,,,,
109,,11239,0.834389865398407,0.24968524277210236,1.952517032623291,0.05093853920698166,0.5632368922233582,1.5033668279647827,3.178234577178955,0.0045668333768844604,3.7993645668029785,0.1855650395154953,0.6388389468193054,7.159149646759033,0.02233249507844448,2.271566867828369,1.121565580368042,,,,,,,,,,,,,,,
,6.383882530230636e-05,11249,,,,,,,,,,,,,,,,,,,,,,,,,,,,,,
109,,11249,0.758582592010498,0.31396543979644775,1.6418774127960205,0.039544906467199326,0.5852974057197571,1.5643653869628906,2.706181764602661,0.003657685127109289,3.725444793701172,0.22048376500606537,0.6304428577423096,6.820237159729004,0.014402402564883232,2.2427613735198975,0.9184443354606628,,,,,,,,,,,,,,,
,6.359375498554812e-05,11259,,,,,,,,,,,,,,,,,,,,,,,,,,,,,,
109,,11259,0.9232153296470642,0.43205970525741577,1.7728543281555176,0.03587678074836731,0.6180961728096008,1.2079122066497803,2.656020164489746,0.003218946512788534,3.795325517654419,0.12763291597366333,0.6640082001686096,6.8780388832092285,0.027354583144187927,2.213568687438965,0.918479323387146,,,,,,,,,,,,,,,
,6.334902936976211e-05,11269,,,,,,,,,,,,,,,,,,,,,,,,,,,,,,
109,,11269,0.7630012035369873,0.31560152769088745,1.7444813251495361,0.04169521853327751,0.616573691368103,1.4050525426864624,2.6138124465942383,0.004869251046329737,3.783010482788086,0.28431856632232666,0.705757737159729,6.866170883178711,0.013462601229548454,2.206758499145508,0.9937534332275391,,,,,,,,,,,,,,,
,6.31046494312338e-05,11279,,,,,,,,,,,,,,,,,,,,,,,,,,,,,,
109,,11279,0.8977892398834229,0.3553091287612915,1.6744520664215088,0.043873175978660583,0.6177968978881836,1.4603946208953857,2.6720693111419678,0.009829863905906677,3.7824764251708984,0.11471866071224213,0.6398745775222778,6.965630531311035,0.013273200951516628,2.2461395263671875,1.0832558870315552,,,,,,,,,,,,,,,
,6.286061614486964e-05,11289,,,,,,,,,,,,,,,,,,,,,,,,,,,,,,
109,,11289,0.8241236805915833,0.34586891531944275,1.8729618787765503,0.022619931027293205,0.6046864986419678,2.246929407119751,2.9020092487335205,0.0025634164921939373,3.718113660812378,0.21018895506858826,0.6334217190742493,7.304086685180664,0.01519028004258871,2.2429161071777344,0.9165021777153015,,,,,,,,,,,,,,,
,6.261693048419314e-05,11299,,,,,,,,,,,,,,,,,,,,,,,,,,,,,,
109,,11299,1.1059218645095825,0.30992016196250916,1.8628841638565063,0.0497586764395237,0.6206619739532471,1.9993722438812256,3.141706705093384,0.004551154561340809,3.986825466156006,0.2018890380859375,0.6352577209472656,7.779397487640381,0.027913298457860947,2.247708797454834,1.2564705610275269,,,,,,,,,,,,,,,
,6.237359342134098e-05,11309,,,,,,,,,,,,,,,,,,,,,,,,,,,,,,
109,,11309,1.0765063762664795,0.4406261444091797,1.8798892498016357,0.060216739773750305,0.6071969866752625,1.8134039640426636,2.79598331451416,0.003589925356209278,3.8463168144226074,0.21866217255592346,0.6466605067253113,7.43135929107666,0.014753544703125954,2.2350611686706543,1.0279449224472046,,,,,,,,,,,,,,,
,6.213060592705926e-05,11319,,,,,,,,,,,,,,,,,,,,,,,,,,,,,,
109,,11319,0.857751190662384,0.4153294563293457,1.9243518114089966,0.06982060521841049,0.6023567318916321,2.2647974491119385,2.9365482330322266,0.003539598546922207,3.837510585784912,0.24859994649887085,0.6517513394355774,7.623956203460693,0.019744135439395905,2.1856112480163574,1.1208800077438354,,,,,,,,,,,,,,,
,6.18879689706994e-05,11329,,,,,,,,,,,,,,,,,,,,,,,,,,,,,,
109,,11329,0.8317798376083374,0.25940319895744324,1.8177344799041748,0.03473025560379028,0.6213962435722351,1.4784234762191772,3.130753993988037,0.002190807368606329,3.8286027908325195,0.1697942316532135,0.6282074451446533,7.070312976837158,0.01563812792301178,2.231680393218994,0.9860643148422241,,,,,,,,,,,,,,,
109,,11329,,,,,,,,,,,,,,,,0.783297061920166,0.2587040364742279,1.8781092166900635,0.01916934922337532,0.7937845587730408,2.6355814933776855,3.057542562484741,0.0293594840914011,3.8787384033203125,0.19610494375228882,0.5533707141876221,7.844229221343994,0.01619100756943226,2.1896557807922363,1.4049837589263916
,6.164568352021472e-05,11339,,,,,,,,,,,,,,,,,,,,,,,,,,,,,,
110,,11339,0.8729894161224365,0.33266231417655945,1.6534544229507446,0.020954348146915436,0.5944454073905945,1.9160104990005493,2.7505602836608887,0.0018340017413720489,3.809126615524292,0.1695825457572937,0.6169222593307495,7.123602390289307,0.01375618577003479,2.2572379112243652,0.8975211977958679,,,,,,,,,,,,,,,
,6.140375054215593e-05,11349,,,,,,,,,,,,,,,,,,,,,,,,,,,,,,
110,,11349,0.8349491357803345,0.34066203236579895,1.8210339546203613,0.025110943242907524,0.6071133017539978,1.7892454862594604,2.926865339279175,0.004789963364601135,3.8022677898406982,0.3208293318748474,0.6412505507469177,7.229231357574463,0.03290325775742531,2.2151176929473877,1.0320621728897095,,,,,,,,,,,,,,,
,6.11621710016678e-05,11359,,,,,,,,,,,,,,,,,,,,,,,,,,,,,,
110,,11359,0.971459150314331,0.46633920073509216,2.0489628314971924,0.037826769053936005,0.6047461628913879,1.202868938446045,3.171909809112549,0.0022813035175204277,3.746546506881714,0.27168211340904236,0.6316965818405151,7.156367301940918,0.010475415736436844,2.2536487579345703,1.198643445968628,,,,,,,,,,,,,,,
,6.0920945862485116e-05,11369,,,,,,,,,,,,,,,,,,,,,,,,,,,,,,
110,,11369,0.9328254461288452,0.3703276515007019,1.77327561378479,0.04413227736949921,0.6354709267616272,1.9709491729736328,2.5744688510894775,0.004693364724516869,3.814263343811035,0.09452570974826813,0.6765847206115723,7.245331287384033,0.026523074135184288,2.1543514728546143,0.9057918787002563,,,,,,,,,,,,,,,
,6.068007608692888e-05,11379,,,,,,,,,,,,,,,,,,,,,,,,,,,,,,
110,,11379,0.9501368999481201,0.5946797728538513,1.764946460723877,0.018756184726953506,0.6018692851066589,2.098809003829956,2.991536855697632,0.004632687661796808,4.005173206329346,0.20535585284233093,0.6415778398513794,7.695743083953857,0.007398663554340601,2.2182457447052,1.0349416732788086,,,,,,,,,,,,,,,
,6.043956263590228e-05,11389,,,,,,,,,,,,,,,,,,,,,,,,,,,,,,
110,,11389,0.9347590804100037,0.3556581735610962,2.1918540000915527,0.039136841893196106,0.6104267835617065,1.8136838674545288,2.899249792098999,0.0030120606534183025,3.8073132038116455,0.22743678092956543,0.6562319397926331,7.316727638244629,0.009524228051304817,2.2321887016296387,0.8030651807785034,,,,,,,,,,,,,,,
,6.0199406468887165e-05,11399,,,,,,,,,,,,,,,,,,,,,,,,,,,,,,
110,,11399,0.7849470973014832,0.2704758644104004,2.134964942932129,0.05489874258637428,0.6049712896347046,1.7118138074874878,3.2857837677001953,0.0029274814296513796,3.770261287689209,0.12311839312314987,0.6238868832588196,7.246505260467529,0.015074767172336578,2.22757625579834,0.9678278565406799,,,,,,,,,,,,,,,
,5.9959608543940065e-05,11409,,,,,,,,,,,,,,,,,,,,,,,,,,,,,,
110,,11409,0.8272840976715088,0.3023364245891571,2.006831645965576,0.04705489054322243,0.6343212723731995,1.4521633386611938,2.9494235515594482,0.003479953855276108,3.9207346439361572,0.183708056807518,0.7277622222900391,7.238921165466309,0.01796272024512291,2.1939339637756348,1.0597847700119019,,,,,,,,,,,,,,,
,5.972016981768837e-05,11419,,,,,,,,,,,,,,,,,,,,,,,,,,,,,,
110,,11419,1.0093698501586914,0.35596930980682373,2.04606556892395,0.019162926822900772,0.6203316450119019,2.077944278717041,2.887744188308716,0.0033974205143749714,3.8401715755462646,0.15569910407066345,0.6344356536865234,7.4598164558410645,0.007210233714431524,2.219728469848633,0.8758269548416138,,,,,,,,,,,,,,,
,5.948109124532639e-05,11429,,,,,,,,,,,,,,,,,,,,,,,,,,,,,,
110,,11429,0.82826828956604,0.3605119585990906,1.8164587020874023,0.04735933989286423,0.6181736588478088,1.7359061241149902,2.6431288719177246,0.005230385810136795,3.742389678955078,0.24937522411346436,0.6323096752166748,7.081244945526123,0.02518662065267563,2.267498254776001,1.035516381263733,,,,,,,,,,,,,,,
110,,11432,,,,,,,,,,,,,,,,0.764805793762207,0.256063848733902,1.8887128829956055,0.022123372182250023,0.8125759363174438,2.4962639808654785,3.054197072982788,0.014720139093697071,3.8615310192108154,0.19372673332691193,0.5407646298408508,7.752734661102295,0.017882347106933594,2.174025774002075,1.4433258771896362
,5.924237378061179e-05,11439,,,,,,,,,,,,,,,,,,,,,,,,,,,,,,
111,,11439,0.9458876252174377,0.37404435873031616,1.8313698768615723,0.050089746713638306,0.6195383071899414,1.354243278503418,2.839124917984009,0.0029260816518217325,3.787895917892456,0.1323598325252533,0.6417303681373596,6.99737548828125,0.020199792459607124,2.235745906829834,0.9143465757369995,,,,,,,,,,,,,,,
,5.9004018375861684e-05,11449,,,,,,,,,,,,,,,,,,,,,,,,,,,,,,
111,,11449,0.7795920372009277,0.2807156443595886,2.083162784576416,0.06024782359600067,0.6012741923332214,1.5861892700195312,3.2125399112701416,0.0025120116770267487,3.7570183277130127,0.1823093444108963,0.6380753517150879,7.1773786544799805,0.01116265170276165,2.2325820922851562,1.059656023979187,,,,,,,,,,,,,,,
,5.876602598194878e-05,11459,,,,,,,,,,,,,,,,,,,,,,,,,,,,,,
111,,11459,0.7561926245689392,0.4307088851928711,1.5044909715652466,0.026781568303704262,0.606865644454956,1.3473936319351196,2.7308554649353027,0.003604407422244549,3.71553111076355,0.1873466670513153,0.6285569667816162,6.794654369354248,0.01249172817915678,2.2324507236480713,1.2419270277023315,,,,,,,,,,,,,,,
,5.8528397548297565e-05,11469,,,,,,,,,,,,,,,,,,,,,,,,,,,,,,
111,,11469,0.9809457659721375,0.38092711567878723,1.7063041925430298,0.05963023751974106,0.5930984616279602,1.8006083965301514,2.7284672260284424,0.007760500069707632,3.8307411670684814,0.14709752798080444,0.6516038179397583,7.265219688415527,0.039435114711523056,2.251734495162964,0.9661221504211426,,,,,,,,,,,,,,,
,5.829113402288064e-05,11479,,,,,,,,,,,,,,,,,,,,,,,,,,,,,,
111,,11479,0.8633801341056824,0.4368155896663666,1.9668899774551392,0.05118235945701599,0.6191277503967285,1.7347131967544556,2.7733559608459473,0.011998031288385391,3.7941393852233887,0.21504093706607819,0.6584389805793762,7.27366304397583,0.014341071248054504,2.2445149421691895,1.086991548538208,,,,,,,,,,,,,,,
,5.805423635221494e-05,11489,,,,,,,,,,,,,,,,,,,,,,,,,,,,,,
111,,11489,0.9616094827651978,0.2674395740032196,2.270658493041992,0.038779117166996,0.6235514879226685,1.8717032670974731,3.507622718811035,0.13971036672592163,3.8362863063812256,0.17425471544265747,0.6276935338973999,7.782556533813477,0.02456297166645527,2.19311785697937,1.179721713066101,,,,,,,,,,,,,,,
,5.781770548135772e-05,11499,,,,,,,,,,,,,,,,,,,,,,,,,,,,,,
111,,11499,0.8510060906410217,0.36723849177360535,1.873924732208252,0.14435330033302307,0.6160920262336731,2.2668912410736084,2.7111268043518066,0.8702206611633301,3.8946423530578613,0.3491075038909912,0.6322571635246277,8.48824691772461,0.008622259832918644,2.19099497795105,0.9725465178489685,,,,,,,,,,,,,,,
,5.758154235390309e-05,11509,,,,,,,,,,,,,,,,,,,,,,,,,,,,,,
111,,11509,0.9624729156494141,0.3117903172969818,1.7662982940673828,0.03438393771648407,0.6232408285140991,1.92582368850708,2.8906445503234863,0.3769330680370331,3.916088581085205,0.23183682560920715,0.6314899921417236,7.897942543029785,0.01749049313366413,2.200395107269287,1.382490873336792,,,,,,,,,,,,,,,
,5.7345747911978125e-05,11519,,,,,,,,,,,,,,,,,,,,,,,,,,,,,,
111,,11519,0.8669235706329346,0.3847808539867401,1.9383662939071655,0.06417807191610336,0.6125645637512207,1.83708918094635,2.9157769680023193,0.05904970318078995,3.81129789352417,0.22116132080554962,0.6360399127006531,7.410696983337402,0.028271635994315147,2.2069222927093506,1.0600131750106812,,,,,,,,,,,,,,,
,5.711032309623908e-05,11529,,,,,,,,,,,,,,,,,,,,,,,,,,,,,,
111,,11529,0.7383094429969788,0.3448134958744049,2.0182015895843506,0.05636687949299812,0.6202067136764526,1.6780050992965698,2.69401478767395,0.08850261569023132,3.786531686782837,0.0984996035695076,0.6457344889640808,7.149425983428955,0.0133882537484169,2.2157182693481445,0.9353854656219482,,,,,,,,,,,,,,,
111,,11535,,,,,,,,,,,,,,,,0.6926251649856567,0.25513091683387756,1.8137762546539307,0.02505585178732872,0.9963679909706116,3.0307466983795166,2.99772572517395,0.16688144207000732,3.740196704864502,0.16080360114574432,0.4976571202278137,8.018949508666992,0.018641697242856026,2.136631727218628,1.460424780845642
,5.687526884586756e-05,11539,,,,,,,,,,,,,,,,,,,,,,,,,,,,,,
112,,11539,0.9516523480415344,0.3221019506454468,1.8897831439971924,0.027814731001853943,0.6094468235969543,1.6597559452056885,2.9363417625427246,0.00974996667355299,3.847153663635254,0.16532742977142334,0.6774753928184509,7.259617805480957,0.01854635961353779,2.201045036315918,1.0271024703979492,,,,,,,,,,,,,,,
,5.6640586098566984e-05,11549,,,,,,,,,,,,,,,,,,,,,,,,,,,,,,
112,,11549,0.945258378982544,0.23049508035182953,1.9099088907241821,0.012682149186730385,0.6067948937416077,1.7532696723937988,3.097569465637207,0.01383032463490963,3.916801691055298,0.21430537104606628,0.6236013770103455,7.336709976196289,0.003806808264926076,2.218585729598999,0.9739902019500732,,,,,,,,,,,,,,,
,5.640627579055871e-05,11559,,,,,,,,,,,,,,,,,,,,,,,,,,,,,,
112,,11559,1.0600796937942505,0.31984949111938477,1.9825087785720825,0.02416425570845604,0.6160805225372314,1.5629713535308838,3.104928731918335,0.015389610081911087,3.8049280643463135,0.21947668492794037,0.6537718176841736,7.268834114074707,0.007458920124918222,2.1575112342834473,0.9624904990196228,,,,,,,,,,,,,,,
,5.6172338856578366e-05,11569,,,,,,,,,,,,,,,,,,,,,,,,,,,,,,
112,,11569,1.1312792301177979,0.30976858735084534,2.130584478378296,0.043313659727573395,0.6160781979560852,1.9033682346343994,3.1095023155212402,0.014603877440094948,3.916597843170166,0.11486255377531052,0.6294395327568054,7.594248294830322,0.017536021769046783,2.2210376262664795,0.8242601156234741,,,,,,,,,,,,,,,
,5.593877622987191e-05,11579,,,,,,,,,,,,,,,,,,,,,,,,,,,,,,
112,,11579,1.0529202222824097,0.377479612827301,1.8521298170089722,0.04096964746713638,0.6373209953308105,1.7092432975769043,2.8538835048675537,0.013973246328532696,3.8818342685699463,0.21720163524150848,0.6562306880950928,7.398279666900635,0.011212126351892948,2.2454309463500977,1.086498498916626,,,,,,,,,,,,,,,
,5.570558884219225e-05,11589,,,,,,,,,,,,,,,,,,,,,,,,,,,,,,
112,,11589,1.0691838264465332,0.3046284317970276,1.7386260032653809,0.02790764532983303,0.6450144052505493,1.7114806175231934,3.012338638305664,0.012022903189063072,3.9154958724975586,0.1596130132675171,0.6606889963150024,7.35997200012207,0.018241118639707565,2.130692720413208,0.9403823018074036,,,,,,,,,,,,,,,
,5.5472777623795285e-05,11599,,,,,,,,,,,,,,,,,,,,,,,,,,,,,,
112,,11599,0.9282708764076233,0.36389589309692383,2.212360382080078,0.024379093199968338,0.6297526955604553,1.659372329711914,3.2314071655273438,0.01079590991139412,3.9047064781188965,0.14699135720729828,0.6082921028137207,7.4405741691589355,0.009257066994905472,2.2096426486968994,0.9311692714691162,,,,,,,,,,,,,,,
,5.52403435034363e-05,11609,,,,,,,,,,,,,,,,,,,,,,,,,,,,,,
112,,11609,0.8469032645225525,0.3228780925273895,1.8399873971939087,0.03905849531292915,0.6258329153060913,1.5294986963272095,3.0805327892303467,0.012460428290069103,3.823028564453125,0.27927324175834656,0.6348381638526917,7.194183826446533,0.013339377008378506,2.2035725116729736,1.1383270025253296,,,,,,,,,,,,,,,
,5.5008287408366074e-05,11619,,,,,,,,,,,,,,,,,,,,,,,,,,,,,,
112,,11619,0.8352221250534058,0.33247461915016174,1.793121099472046,0.07393873482942581,0.6230400800704956,2.035006523132324,2.6842737197875977,0.010695063509047031,3.8330318927764893,0.12499766796827316,0.692903459072113,7.322564601898193,0.0251616183668375,2.247972249984741,0.9651261568069458,,,,,,,,,,,,,,,
,5.477661026432752e-05,11629,,,,,,,,,,,,,,,,,,,,,,,,,,,,,,
112,,11629,0.8762144446372986,0.3437138795852661,1.719974160194397,0.09350906312465668,0.6338708400726318,2.338566303253174,2.7493062019348145,0.008835971355438232,3.904012680053711,0.2028704732656479,0.6477090716362,7.577022552490234,0.034435808658599854,2.2005412578582764,0.8986465930938721,,,,,,,,,,,,,,,
112,,11638,,,,,,,,,,,,,,,,0.8112696409225464,0.26302072405815125,1.9104276895523071,0.019512193277478218,0.6012660264968872,3.3460605144500732,3.1323182582855225,0.02006983757019043,3.633794069290161,0.1910242736339569,0.5930594801902771,8.030263900756836,0.01670687459409237,2.1701231002807617,1.6750597953796387
,5.454531299555168e-05,11639,,,,,,,,,,,,,,,,,,,,,,,,,,,,,,
113,,11639,0.9978320002555847,0.4763864576816559,1.8163336515426636,0.06957598775625229,0.6795531511306763,2.512964963912964,2.9539201259613037,0.271119087934494,3.966447353363037,0.4071033000946045,0.6506372690200806,8.289867401123047,0.03654656559228897,2.1934170722961426,1.1858761310577393,,,,,,,,,,,,,,,
,5.4314396524754263e-05,11649,,,,,,,,,,,,,,,,,,,,,,,,,,,,,,
113,,11649,0.8727269768714905,0.30427083373069763,2.1877284049987793,0.042402781546115875,0.621241569519043,2.0721559524536133,3.1277244091033936,0.024628780782222748,3.848639488220215,0.15016034245491028,0.665280282497406,7.554835319519043,0.01423224899917841,2.227059841156006,0.9388065934181213,,,,,,,,,,,,,,,
,5.408386177313167e-05,11659,,,,,,,,,,,,,,,,,,,,,,,,,,,,,,
113,,11659,1.1548244953155518,0.3593969941139221,1.9878101348876953,0.0407152995467186,0.64592444896698,2.854302167892456,2.818124294281006,0.003343373304232955,3.88812255859375,0.13683117926120758,0.6496909856796265,7.948829174041748,0.008104676380753517,2.2480173110961914,0.8246793746948242,,,,,,,,,,,,,,,
,5.3853709660357674e-05,11669,,,,,,,,,,,,,,,,,,,,,,,,,,,,,,
113,,11669,0.9077712893486023,0.4161822497844696,2.0466887950897217,0.03356669843196869,0.6327674984931946,1.900602102279663,2.900885820388794,0.005880439188331366,3.8566761016845703,0.15940439701080322,0.659466028213501,7.4990949630737305,0.042631685733795166,2.2430245876312256,1.121524691581726,,,,,,,,,,,,,,,
,5.3623941104579606e-05,11679,,,,,,,,,,,,,,,,,,,,,,,,,,,,,,
113,,11679,0.9367441534996033,0.32546573877334595,1.8675533533096313,0.04118947684764862,0.625209391117096,2.0015413761138916,2.709256172180176,0.015017213299870491,3.8709702491760254,0.20677661895751953,0.6418006420135498,7.43349027633667,0.015223262831568718,2.1732561588287354,1.128341555595398,,,,,,,,,,,,,,,
,5.339455702241448e-05,11689,,,,,,,,,,,,,,,,,,,,,,,,,,,,,,
113,,11689,0.9764281511306763,0.30377060174942017,2.1407759189605713,0.05163244903087616,0.632465660572052,2.0650665760040283,3.250751256942749,0.016418958082795143,3.9216079711914062,0.16884249448776245,0.617134153842926,7.853962421417236,0.016076749190688133,2.258063554763794,1.4806029796600342,,,,,,,,,,,,,,,
,5.3165558328945695e-05,11699,,,,,,,,,,,,,,,,,,,,,,,,,,,,,,
113,,11699,1.0740796327590942,0.42536789178848267,1.9714043140411377,0.09122706204652786,0.6541117429733276,2.2733004093170166,2.8502585887908936,0.006311923731118441,3.8114585876464844,0.1593027412891388,0.6562126874923706,7.698578357696533,0.03182079270482063,2.2263383865356445,0.9709045886993408,,,,,,,,,,,,,,,
,5.293694593771917e-05,11709,,,,,,,,,,,,,,,,,,,,,,,,,,,,,,
113,,11709,0.8902353644371033,0.3022571802139282,1.9095604419708252,0.05226739123463631,0.6544191241264343,1.7251830101013184,3.1017227172851562,0.011797606013715267,3.891864061355591,0.21218173205852509,0.6812638640403748,7.406773090362549,0.014703962951898575,2.23986554145813,1.0918138027191162,,,,,,,,,,,,,,,
,5.27087207607398e-05,11719,,,,,,,,,,,,,,,,,,,,,,,,,,,,,,
113,,11719,0.8586294651031494,0.39893263578414917,2.11850905418396,0.08364704996347427,0.9393578767776489,3.0011026859283447,2.910430908203125,0.37380698323249817,4.382064342498779,0.14349167048931122,0.6776941418647766,9.088820457458496,0.016408666968345642,2.112114429473877,1.2946393489837646,,,,,,,,,,,,,,,
,5.2480883708467615e-05,11729,,,,,,,,,,,,,,,,,,,,,,,,,,,,,,
113,,11729,0.7197043895721436,0.35008329153060913,1.86506986618042,0.05193722993135452,0.7128992676734924,2.701624631881714,2.8492321968078613,0.05390358716249466,3.9521079063415527,0.13239949941635132,0.6674039959907532,7.87800407409668,0.01913701370358467,2.161133289337158,1.1560850143432617,,,,,,,,,,,,,,,
,5.2253435689814416e-05,11739,,,,,,,,,,,,,,,,,,,,,,,,,,,,,,
113,,11739,0.8906407952308655,0.4242505133152008,1.7044249773025513,0.05711991712450981,0.6738711595535278,1.6906325817108154,2.585132360458374,0.016620304435491562,3.763655424118042,0.1721094697713852,0.6603638529777527,7.119428634643555,0.034642577171325684,2.29087495803833,1.0102851390838623,,,,,,,,,,,,,,,
113,,11741,,,,,,,,,,,,,,,,0.9115849137306213,0.2586149573326111,1.904167890548706,0.01690158061683178,0.6167862415313721,2.3433210849761963,3.1798720359802246,0.0048490785993635654,3.644674301147461,0.2089722603559494,0.6187352538108826,7.616281032562256,0.01891906186938286,2.184317111968994,1.7484352588653564
,5.202637761214001e-05,11749,,,,,,,,,,,,,,,,,,,,,,,,,,,,,,
114,,11749,0.8931546807289124,0.2854737937450409,1.7238192558288574,0.030698683112859726,0.6715313196182251,1.9706883430480957,2.8363630771636963,0.009437469765543938,3.918138027191162,0.41688114404678345,0.660658061504364,7.39670991897583,0.02068692445755005,2.225963830947876,0.9428473114967346,,,,,,,,,,,,,,,
,5.1799710381248654e-05,11759,,,,,,,,,,,,,,,,,,,,,,,,,,,,,,
114,,11759,0.9733701348304749,0.3414759635925293,1.9006844758987427,0.034294888377189636,0.6714833974838257,1.8604353666305542,3.1669771671295166,0.006588185206055641,3.857646942138672,0.20789019763469696,0.6588197350502014,7.4861555099487305,0.03098434954881668,2.169861078262329,1.0345978736877441,,,,,,,,,,,,,,,
,5.157343490138525e-05,11769,,,,,,,,,,,,,,,,,,,,,,,,,,,,,,
114,,11769,0.8996537327766418,0.4214789569377899,1.9296391010284424,0.018228430300951004,0.6669169068336487,1.8344417810440063,2.9118270874023438,0.005247193854302168,3.9207875728607178,0.16156452894210815,0.6690352559089661,7.405611515045166,0.014987226575613022,2.250838279724121,0.930340051651001,,,,,,,,,,,,,,,
,5.134755207523205e-05,11779,,,,,,,,,,,,,,,,,,,,,,,,,,,,,,
114,,11779,0.9155176877975464,0.2618081271648407,2.2479045391082764,0.04111383110284805,0.6740906238555908,1.8884915113449097,3.5771636962890625,0.01292547956109047,3.870413064956665,0.18428806960582733,0.6479620933532715,7.645407676696777,0.012857393361628056,2.2280046939849854,1.0231643915176392,,,,,,,,,,,,,,,
,5.1122062803904787e-05,11789,,,,,,,,,,,,,,,,,,,,,,,,,,,,,,
114,,11789,0.8670026063919067,0.2868177592754364,2.278238296508789,0.025189297273755074,0.630394458770752,2.3629491329193115,3.3420047760009766,0.008999910205602646,3.9641573429107666,0.2292548418045044,0.6213397979736328,7.866969585418701,0.004680318757891655,2.185713768005371,0.9967072606086731,,,,,,,,,,,,,,,
,5.0896967986949286e-05,11799,,,,,,,,,,,,,,,,,,,,,,,,,,,,,,
114,,11799,0.8601484894752502,0.3362612724304199,1.834226369857788,0.021988559514284134,0.66474449634552,1.862781286239624,2.8538637161254883,0.002325141802430153,3.831735610961914,0.31219878792762756,0.6470564603805542,7.282474994659424,0.013218013569712639,2.2365455627441406,1.0369247198104858,,,,,,,,,,,,,,,
,5.0672268522337604e-05,11809,,,,,,,,,,,,,,,,,,,,,,,,,,,,,,
114,,11809,0.8222964406013489,0.32543274760246277,1.9298992156982422,0.01942932978272438,0.6628120541572571,1.7014424800872803,3.0006089210510254,0.00358065078034997,3.7884957790374756,0.14072385430335999,0.6652310490608215,7.189443588256836,0.0112402169033885,2.212799549102783,1.085586428642273,,,,,,,,,,,,,,,
,5.044796530646476e-05,11819,,,,,,,,,,,,,,,,,,,,,,,,,,,,,,
114,,11819,0.9042698740959167,0.39725157618522644,1.8269633054733276,0.023368919268250465,0.6764323115348816,2.4260752201080322,2.821732997894287,0.003493353957310319,3.8520073890686035,0.39923426508903503,0.6668534278869629,7.720202922821045,0.020137611776590347,2.226888418197632,1.2707884311676025,,,,,,,,,,,,,,,
,5.022405923414497e-05,11829,,,,,,,,,,,,,,,,,,,,,,,,,,,,,,
114,,11829,0.8996139168739319,0.3456202447414398,1.8615233898162842,0.04462175443768501,0.6389475464820862,1.6855043172836304,2.9366369247436523,0.0047036223113536835,3.8511416912078857,0.3414213955402374,0.6846644282341003,7.277957916259766,0.010048342868685722,2.24145245552063,0.9871180057525635,,,,,,,,,,,,,,,
,5.000055119860819e-05,11839,,,,,,,,,,,,,,,,,,,,,,,,,,,,,,
114,,11839,0.885414719581604,0.36441531777381897,1.8139065504074097,0.012774028815329075,0.6349245309829712,1.6286170482635498,2.851555109024048,0.004671220201998949,3.8617188930511475,0.19889867305755615,0.6685676574707031,7.228157043457031,0.013661193661391735,2.234928846359253,1.1773632764816284,,,,,,,,,,,,,,,
114,,11844,,,,,,,,,,,,,,,,0.8913246989250183,0.25930365920066833,1.7936694622039795,0.014670059084892273,0.6654512882232666,1.800041675567627,3.0470523834228516,0.02181948535144329,3.6554934978485107,0.19642286002635956,0.5465314388275146,7.1546196937561035,0.017726890742778778,2.177802085876465,1.3016960620880127
,4.977744209149632e-05,11849,,,,,,,,,,,,,,,,,,,,,,,,,,,,,,
115,,11849,0.8045921921730042,0.32748278975486755,2.022066593170166,0.03775995969772339,0.641562283039093,1.5613399744033813,2.9388046264648438,0.004715988412499428,3.8163766860961914,0.3260054588317871,0.6596717238426208,7.208131790161133,0.008861946873366833,2.230783700942993,1.1463723182678223,,,,,,,,,,,,,,,
,4.955473280285994e-05,11859,,,,,,,,,,,,,,,,,,,,,,,,,,,,,,
115,,11859,0.818109393119812,0.3736116290092468,1.7762480974197388,0.013850159011781216,0.6078987717628479,1.7409579753875732,2.7926623821258545,0.004013138357549906,3.747419595718384,0.24146635830402374,0.6349433660507202,7.047444820404053,0.017675932496786118,2.2599267959594727,0.964278519153595,,,,,,,,,,,,,,,
,4.9332424221154625e-05,11869,,,,,,,,,,,,,,,,,,,,,,,,,,,,,,
115,,11869,0.8064759373664856,0.5607185959815979,2.1130590438842773,0.039248112589120865,0.6005539894104004,1.5857467651367188,3.246558904647827,0.004133456852287054,3.8400259017944336,0.263644814491272,0.6278696060180664,7.41295051574707,0.03425070643424988,2.27349853515625,1.0469238758087158,,,,,,,,,,,,,,,
,4.911051723323744e-05,11879,,,,,,,,,,,,,,,,,,,,,,,,,,,,,,
115,,11879,0.7780367732048035,0.2973250150680542,1.9338059425354004,0.03234553337097168,0.6331831216812134,1.634094476699829,2.852411985397339,0.003027543658390641,3.842046022415161,0.29597052931785583,0.6268311738967896,7.183462619781494,0.01065694261342287,2.1970765590667725,1.1636292934417725,,,,,,,,,,,,,,,
,4.8889012724363195e-05,11889,,,,,,,,,,,,,,,,,,,,,,,,,,,,,,
115,,11889,0.7748199701309204,0.33355870842933655,2.0797014236450195,0.05845627561211586,0.6224581003189087,1.4580082893371582,2.942812919616699,0.0036120289005339146,3.6897056102752686,0.1372757852077484,0.616521954536438,6.941195964813232,0.015158344060182571,2.2391531467437744,0.8843429088592529,,,,,,,,,,,,,,,
,4.866791157818129e-05,11899,,,,,,,,,,,,,,,,,,,,,,,,,,,,,,
115,,11899,0.8119285106658936,0.34873324632644653,1.733121633529663,0.03438889607787132,0.6185299754142761,1.5180596113204956,2.622741937637329,0.004195746965706348,3.759796380996704,0.15689334273338318,0.6349115967750549,6.864060878753662,0.006765362340956926,2.200756072998047,0.9121876358985901,,,,,,,,,,,,,,,
,4.844721467673193e-05,11909,,,,,,,,,,,,,,,,,,,,,,,,,,,,,,
115,,11909,0.8343051671981812,0.44007301330566406,1.863582730293274,0.025638431310653687,0.6105678081512451,1.6305303573608398,2.8785576820373535,0.004125657025724649,3.8755671977996826,0.17515121400356293,0.6222813725471497,7.1399641036987305,0.013819457031786442,2.2014260292053223,0.7676021456718445,,,,,,,,,,,,,,,
,4.822692290044254e-05,11919,,,,,,,,,,,,,,,,,,,,,,,,,,,,,,
115,,11919,0.882622480392456,0.3657686710357666,1.958381175994873,0.09226715564727783,0.6466915607452393,1.4215623140335083,2.791977882385254,0.004206613637506962,3.834624767303467,0.14554597437381744,0.6941144466400146,7.166805267333984,0.020059648901224136,2.2034928798675537,1.0313669443130493,,,,,,,,,,,,,,,
,4.8007037128124546e-05,11929,,,,,,,,,,,,,,,,,,,,,,,,,,,,,,
115,,11929,0.8093606233596802,0.29414084553718567,1.7874270677566528,0.030973179265856743,0.6262493133544922,1.483646035194397,2.99122953414917,0.0032829209230840206,3.6199469566345215,0.17959123849868774,0.6566206216812134,6.837968349456787,0.02613568864762783,2.1982076168060303,0.9820300936698914,,,,,,,,,,,,,,,
,4.7787558236969625e-05,11939,,,,,,,,,,,,,,,,,,,,,,,,,,,,,,
115,,11939,0.8376522660255432,0.32512083649635315,2.0216517448425293,0.02063138596713543,0.5866302251815796,1.6980862617492676,2.9523439407348633,0.002793837571516633,3.6912589073181152,0.2085176408290863,0.6734611988067627,7.08701229095459,0.011026459746062756,2.2492613792419434,1.020583987236023,,,,,,,,,,,,,,,
115,,11947,,,,,,,,,,,,,,,,0.7237879633903503,0.252887099981308,1.802667260169983,0.016826491802930832,0.6697364449501038,2.649446964263916,2.970928430557251,0.021852480247616768,3.5360543727874756,0.1957523226737976,0.4754018187522888,7.4314470291137695,0.018404942005872726,2.140315532684326,1.583753228187561
,4.756848710254634e-05,11949,,,,,,,,,,,,,,,,,,,,,,,,,,,,,,
116,,11949,0.8034210205078125,0.343597948551178,1.7835537195205688,0.041254058480262756,0.6272927522659302,1.5365015268325806,2.789066791534424,0.0023443272802978754,3.767845392227173,0.3340495228767395,0.6371296644210815,7.025434494018555,0.024892233312129974,2.2221508026123047,1.050027847290039,,,,,,,,,,,,,,,
,4.7349824598796414e-05,11959,,,,,,,,,,,,,,,,,,,,,,,,,,,,,,
116,,11959,0.7677574753761292,0.3082406520843506,1.9694691896438599,0.05990671366453171,0.6286668181419373,1.3811824321746826,2.9235832691192627,0.0015134976711124182,3.67091965675354,0.2131359875202179,0.6228746175765991,6.90339469909668,0.022500252351164818,2.217759609222412,1.0511338710784912,,,,,,,,,,,,,,,
,4.7131571598031595e-05,11969,,,,,,,,,,,,,,,,,,,,,,,,,,,,,,
116,,11969,0.7521061301231384,0.3256242573261261,1.781359076499939,0.034079667180776596,0.6410953402519226,1.5130934715270996,2.772197723388672,0.0021923412568867207,3.8178341388702393,0.20848926901817322,0.6444159746170044,6.969348907470703,0.010539333336055279,2.1970810890197754,0.9798863530158997,,,,,,,,,,,,,,,
,4.691372897092996e-05,11979,,,,,,,,,,,,,,,,,,,,,,,,,,,,,,
116,,11979,0.978280782699585,0.3014456629753113,1.935835599899292,0.0622246153652668,0.6048577427864075,1.4446510076522827,3.055919885635376,0.0016424148343503475,3.827014923095703,0.15543025732040405,0.6044418811798096,7.1334075927734375,0.02731895074248314,2.229215145111084,0.8100488781929016,,,,,,,,,,,,,,,
,4.6696297586532505e-05,11989,,,,,,,,,,,,,,,,,,,,,,,,,,,,,,
116,,11989,0.841840922832489,0.3975214958190918,1.8081774711608887,0.05655350908637047,0.6157432794570923,1.2270982265472412,2.7750186920166016,0.0018432580400258303,3.6374449729919434,0.304271936416626,0.6602380871772766,6.787768840789795,0.05037901923060417,2.1511030197143555,0.934124767780304,,,,,,,,,,,,,,,
,4.6479278312239506e-05,11999,,,,,,,,,,,,,,,,,,,,,,,,,,,,,,
116,,11999,0.9285377264022827,0.48015907406806946,1.8365504741668701,0.03921228274703026,0.6095170974731445,1.7338573932647705,2.9962174892425537,0.002894916106015444,3.7705953121185303,0.22428621351718903,0.6454386711120605,7.253517150878906,0.010059462860226631,2.1946394443511963,0.974549412727356,,,,,,,,,,,,,,,
,4.6262672013807325e-05,12009,,,,,,,,,,,,,,,,,,,,,,,,,,,,,,
116,,12009,0.8503398895263672,0.453321635723114,1.9320623874664307,0.025369973853230476,0.6277747750282288,1.5887174606323242,2.8961501121520996,0.0031430316157639027,3.7687556743621826,0.1778116226196289,0.6431902647018433,7.113443374633789,0.01190378051251173,2.209592580795288,0.9583435654640198,,,,,,,,,,,,,,,
,4.604647955534486e-05,12019,,,,,,,,,,,,,,,,,,,,,,,,,,,,,,
116,,12019,0.9053999781608582,0.2995980679988861,1.9817352294921875,0.04744262248277664,0.6483373641967773,1.6079460382461548,3.1067230701446533,0.0036566557828336954,3.862597942352295,0.2531726360321045,0.6363498568534851,7.283075332641602,0.009586776606738567,2.207759141921997,0.9491589665412903,,,,,,,,,,,,,,,
,4.583070179931008e-05,12029,,,,,,,,,,,,,,,,,,,,,,,,,,,,,,
116,,12029,0.7058345675468445,0.31499963998794556,1.7442213296890259,0.024346761405467987,0.6338050365447998,1.18589186668396,2.7801060676574707,0.0019423638004809618,3.7698497772216797,0.20639728009700775,0.6423105597496033,6.674140453338623,0.013254662044346333,2.226746082305908,0.8557249307632446,,,,,,,,,,,,,,,
,4.5615339606506365e-05,12039,,,,,,,,,,,,,,,,,,,,,,,,,,,,,,
116,,12039,0.7891665101051331,0.30810728669166565,1.8745709657669067,0.06046268343925476,0.607913076877594,1.6104847192764282,2.8860232830047607,0.0011086731683462858,3.70865797996521,0.14976653456687927,0.6347270011901855,7.000041961669922,0.02176094241440296,2.255613088607788,0.9990586638450623,,,,,,,,,,,,,,,
,4.5400393836079674e-05,12049,,,,,,,,,,,,,,,,,,,,,,,,,,,,,,
116,,12049,0.8134270906448364,0.3040359616279602,1.7704174518585205,0.02629958465695381,0.6117595434188843,1.74179208278656,2.862610340118408,0.0015501567395403981,3.769721746444702,0.3217984139919281,0.6348667740821838,7.083007335662842,0.027436397969722748,2.211430549621582,0.9460511803627014,,,,,,,,,,,,,,,
116,,12050,,,,,,,,,,,,,,,,0.7206439971923828,0.2563004493713379,1.8895913362503052,0.01735459454357624,0.5469189882278442,2.9225926399230957,3.016212224960327,0.004848463926464319,3.48673152923584,0.19225730001926422,0.49836465716362,7.588593006134033,0.020845800638198853,2.1521871089935303,1.8283421993255615
,4.518586534551434e-05,12059,,,,,,,,,,,,,,,,,,,,,,,,,,,,,,
117,,12059,0.8174682259559631,0.3760940730571747,2.117462396621704,0.03120533563196659,0.6430194973945618,1.4261378049850464,2.9962589740753174,0.0015247828559949994,3.7926156520843506,0.22638046741485596,0.6658300161361694,7.243756294250488,0.028492309153079987,2.2393240928649902,1.3516539335250854,,,,,,,,,,,,,,,
,4.4971754990630324e-05,12069,,,,,,,,,,,,,,,,,,,,,,,,,,,,,,
117,,12069,0.8957374095916748,0.37969183921813965,1.756165623664856,0.05148275941610336,0.626977801322937,1.3402869701385498,2.8289291858673096,0.0017798100598156452,3.7174530029296875,0.14972995221614838,0.6423704624176025,6.909341812133789,0.021396659314632416,2.269131898880005,1.0186015367507935,,,,,,,,,,,,,,,
,4.475806362557931e-05,12079,,,,,,,,,,,,,,,,,,,,,,,,,,,,,,
117,,12079,0.8097427487373352,0.43556734919548035,1.7042347192764282,0.038969025015830994,0.6177665591239929,1.6316394805908203,2.6904337406158447,0.0031903227791190147,3.8751165866851807,0.2414381504058838,0.6143490672111511,7.065520763397217,0.018663598224520683,2.1961536407470703,0.7908549308776855,,,,,,,,,,,,,,,
,4.4544792102841596e-05,12089,,,,,,,,,,,,,,,,,,,,,,,,,,,,,,
117,,12089,0.8236573934555054,0.4928382635116577,1.7658084630966187,0.02626671828329563,0.6249577403068542,1.4255064725875854,3.081226348876953,0.0020277672447264194,3.8832461833953857,0.22232511639595032,0.6187200546264648,7.1006550788879395,0.015306648798286915,2.1852095127105713,0.7956977486610413,,,,,,,,,,,,,,,
,4.433194127322265e-05,12099,,,,,,,,,,,,,,,,,,,,,,,,,,,,,,
117,,12099,1.0116491317749023,0.30790671706199646,1.7291762828826904,0.04171755537390709,0.6309807300567627,1.41505765914917,2.5041260719299316,0.0013675990048795938,3.7801501750946045,0.23254092037677765,0.6594541668891907,6.877982139587402,0.0027870838530361652,2.196042060852051,0.8204733729362488,,,,,,,,,,,,,,,
,4.411951198584964e-05,12109,,,,,,,,,,,,,,,,,,,,,,,,,,,,,,
117,,12109,0.7525554895401001,0.2776881754398346,1.8637373447418213,0.029363980516791344,0.6266314387321472,1.4878569841384888,2.881348133087158,0.0013021617196500301,3.681757926940918,0.1916910707950592,0.6750379800796509,6.872445106506348,0.013760614208877087,2.166210889816284,1.0503383874893188,,,,,,,,,,,,,,,
,4.390750508816796e-05,12119,,,,,,,,,,,,,,,,,,,,,,,,,,,,,,
117,,12119,0.7635101675987244,0.3032931983470917,1.6818362474441528,0.040670882910490036,0.62120121717453,1.4292657375335693,2.8393545150756836,0.0017442748649045825,3.717531681060791,0.13067470490932465,0.6113669872283936,6.757975101470947,0.02079187147319317,2.172595500946045,0.8265566229820251,,,,,,,,,,,,,,,
,4.3695921425938094e-05,12129,,,,,,,,,,,,,,,,,,,,,,,,,,,,,,
117,,12129,0.9390473961830139,0.3984609842300415,1.9015605449676514,0.02854815497994423,0.6026164293289185,1.2260150909423828,2.975435972213745,0.001544087310321629,3.785679340362549,0.09415462613105774,0.6520227193832397,6.921989917755127,0.017523275688290596,2.1639788150787354,0.790901780128479,,,,,,,,,,,,,,,
,4.3484761843232115e-05,12139,,,,,,,,,,,,,,,,,,,,,,,,,,,,,,
117,,12139,0.7747371792793274,0.281250923871994,1.759348750114441,0.01044186670333147,0.6111908555030823,1.5596535205841064,2.996455430984497,0.003313716035336256,3.7722740173339844,0.20177146792411804,0.6239162087440491,6.989317893981934,0.006499044131487608,2.2433464527130127,1.107762098312378,,,,,,,,,,,,,,,
,4.327402718243016e-05,12149,,,,,,,,,,,,,,,,,,,,,,,,,,,,,,
117,,12149,0.7979006171226501,0.2774363160133362,1.9614518880844116,0.019710535183548927,0.605476438999176,1.113682508468628,3.0940427780151367,0.001658582012169063,3.7360353469848633,0.13326595723628998,0.642188549041748,6.8033318519592285,0.02645585499703884,2.157226800918579,0.9698749780654907,,,,,,,,,,,,,,,
117,,12153,,,,,,,,,,,,,,,,0.8566990494728088,0.2563803791999817,1.8682905435562134,0.016085810959339142,0.542724072933197,3.0571258068084717,2.978538751602173,0.0030613497365266085,3.497606039047241,0.18971624970436096,0.5098183155059814,7.653934955596924,0.022358812391757965,2.168959140777588,1.6137796640396118
,4.3063718284217374e-05,12159,,,,,,,,,,,,,,,,,,,,,,,,,,,,,,
118,,12159,0.8166428804397583,0.34783297777175903,1.6671234369277954,0.043699052184820175,0.6344460248947144,1.1086747646331787,2.3918280601501465,0.002491275779902935,3.705990791320801,0.1805528700351715,0.6459741592407227,6.545017719268799,0.018920201808214188,2.1656785011291504,0.8638026714324951,,,,,,,,,,,,,,,
,4.2853835987580354e-05,12169,,,,,,,,,,,,,,,,,,,,,,,,,,,,,,
118,,12169,0.754786491394043,0.372453898191452,1.9395532608032227,0.04553346708416939,0.6218434572219849,1.5293660163879395,2.906602621078491,0.001375011634081602,3.874006986618042,0.17368744313716888,0.6706087589263916,7.205297470092773,0.017228512093424797,2.1768593788146973,1.173142910003662,,,,,,,,,,,,,,,
,4.2644381129803926e-05,12179,,,,,,,,,,,,,,,,,,,,,,,,,,,,,,
118,,12179,0.7071666121482849,0.3444197475910187,1.9417473077774048,0.06786025315523148,0.6256906390190125,1.5003186464309692,2.6370136737823486,0.000933515839278698,3.7522635459899902,0.16974104940891266,0.6612622737884521,6.970651626586914,0.005026424769312143,2.1809279918670654,1.1571435928344727,,,,,,,,,,,,,,,
,4.2435354546467505e-05,12189,,,,,,,,,,,,,,,,,,,,,,,,,,,,,,
118,,12189,0.7918313145637512,0.3282036781311035,1.7393593788146973,0.038451049476861954,0.6150813698768616,1.5430909395217896,2.7752156257629395,0.0014992606593295932,3.7541444301605225,0.23308663070201874,0.6330510377883911,6.96651029586792,0.00826762430369854,2.2398171424865723,1.114831805229187,,,,,,,,,,,,,,,
,4.222675707144232e-05,12199,,,,,,,,,,,,,,,,,,,,,,,,,,,,,,
118,,12199,0.7463583946228027,0.2744632363319397,1.845902681350708,0.032836660742759705,0.6129848957061768,1.3626441955566406,3.0598514080047607,0.0017938674427568913,3.7306458950042725,0.22406941652297974,0.636461079120636,6.863501071929932,0.012228545732796192,2.255551338195801,0.9627581834793091,,,,,,,,,,,,,,,
,4.201858953688746e-05,12209,,,,,,,,,,,,,,,,,,,,,,,,,,,,,,
118,,12209,0.8075970411300659,0.34356948733329773,1.9662820100784302,0.06159660592675209,0.639305830001831,1.8069562911987305,2.7797605991363525,0.0007301560835912824,3.749779462814331,0.15950638055801392,0.645812451839447,7.122524261474609,0.011848466470837593,2.205153465270996,0.8537552356719971,,,,,,,,,,,,,,,
,4.181085277324704e-05,12219,,,,,,,,,,,,,,,,,,,,,,,,,,,,,,
118,,12219,0.9474442005157471,0.2733423411846161,1.981959342956543,0.031799621880054474,0.6269341111183167,1.7171787023544312,3.1941397190093994,0.0015192003920674324,3.79312801361084,0.26010653376579285,0.6388533711433411,7.364780902862549,0.01014185044914484,2.255429744720459,1.2330037355422974,,,,,,,,,,,,,,,
,4.16035476092465e-05,12229,,,,,,,,,,,,,,,,,,,,,,,,,,,,,,
118,,12229,1.007948875427246,0.26474061608314514,1.9660871028900146,0.07060547918081284,0.6351274251937866,1.9999470710754395,3.1419782638549805,0.0070674829185009,3.9424428939819336,0.2408837080001831,0.6622973084449768,7.658000469207764,0.016019251197576523,2.1858420372009277,1.0310885906219482,,,,,,,,,,,,,,,
,4.139667487188981e-05,12239,,,,,,,,,,,,,,,,,,,,,,,,,,,,,,
118,,12239,0.9316966533660889,0.39677372574806213,1.701615810394287,0.039857082068920135,0.6653672456741333,1.796392798423767,2.7547004222869873,0.005675399210304022,3.8879470825195312,0.2409425973892212,0.6872309446334839,7.272515773773193,0.01352306455373764,2.1677989959716797,0.878900408744812,,,,,,,,,,,,,,,
,4.119023538645555e-05,12249,,,,,,,,,,,,,,,,,,,,,,,,,,,,,,
118,,12249,0.8963284492492676,0.27713271975517273,2.118410110473633,0.0794067308306694,0.6283220052719116,1.5387464761734009,3.2460997104644775,0.002748922910541296,3.85500168800354,0.18989503383636475,0.6438691020011902,7.3858642578125,0.03624909371137619,2.244629144668579,1.0755995512008667,,,,,,,,,,,,,,,
118,,12256,,,,,,,,,,,,,,,,1.1253981590270996,0.26242077350616455,1.9582988023757935,0.018936624750494957,0.483686238527298,3.025965452194214,3.0372793674468994,0.003057332942262292,3.513552665710449,0.185401052236557,0.5160310864448547,7.865067005157471,0.02410234697163105,2.246915340423584,1.7534030675888062
,4.0984229976494106e-05,12259,,,,,,,,,,,,,,,,,,,,,,,,,,,,,,
119,,12259,0.7222532629966736,0.3282732665538788,1.8372626304626465,0.06411943584680557,0.6188470125198364,1.0990070104599,2.8822009563446045,0.0013862913474440575,3.754256248474121,0.18551932275295258,0.635800302028656,6.752071857452393,0.0218333937227726,2.2377800941467285,0.9570297598838806,,,,,,,,,,,,,,,
,4.077865946382407e-05,12269,,,,,,,,,,,,,,,,,,,,,,,,,,,,,,
119,,12269,0.8269206881523132,0.4093329608440399,1.9345914125442505,0.00923948734998703,0.6215305924415588,1.5968544483184814,2.882723569869995,0.0017553193029016256,3.811034917831421,0.21747860312461853,0.6564980745315552,7.210394859313965,0.008569028228521347,2.208065986633301,1.2793760299682617,,,,,,,,,,,,,,,
,4.05735246685292e-05,12279,,,,,,,,,,,,,,,,,,,,,,,,,,,,,,
119,,12279,0.7511554956436157,0.2956417202949524,1.9347504377365112,0.034009821712970734,0.6485388875007629,1.1429105997085571,2.8873941898345947,0.002430051565170288,3.8598763942718506,0.23033295571804047,0.6392405033111572,6.889242172241211,0.03599300608038902,2.21804141998291,0.8827880620956421,,,,,,,,,,,,,,,
,4.036882640895505e-05,12289,,,,,,,,,,,,,,,,,,,,,,,,,,,,,,
119,,12289,0.7360087037086487,0.3053051829338074,2.1657934188842773,0.055177588015794754,0.6289055347442627,1.3336176872253418,3.1145455837249756,0.0018499827710911632,3.710211753845215,0.12901060283184052,0.7170767188072205,6.920724391937256,0.019689073786139488,2.2074689865112305,0.7616432905197144,,,,,,,,,,,,,,,
,4.0164565501705695e-05,12299,,,,,,,,,,,,,,,,,,,,,,,,,,,,,,
119,,12299,0.7729385495185852,0.3013888895511627,1.70393705368042,0.0746908038854599,0.6063271760940552,1.4505573511123657,3.021977424621582,0.0015723415417596698,3.7670252323150635,0.3030479848384857,0.6177001595497131,6.915303707122803,0.008616510778665543,2.287109851837158,0.8128023147583008,,,,,,,,,,,,,,,
,3.996074276164034e-05,12309,,,,,,,,,,,,,,,,,,,,,,,,,,,,,,
119,,12309,0.89913010597229,0.2808063328266144,1.9364490509033203,0.041557908058166504,0.602304220199585,1.4905699491500854,3.238629102706909,0.002913625445216894,3.7966063022613525,0.21813073754310608,0.6233163475990295,7.174786567687988,0.013327108696103096,2.274547815322876,1.0488606691360474,,,,,,,,,,,,,,,
,3.975735900187036e-05,12319,,,,,,,,,,,,,,,,,,,,,,,,,,,,,,
119,,12319,0.7481381297111511,0.3247169256210327,2.200862169265747,0.041540808975696564,0.6235391497612,1.2856661081314087,3.1855318546295166,0.002364892279729247,3.8516218662261963,0.18765583634376526,0.6396422386169434,7.148129463195801,0.01178333442658186,2.2290289402008057,1.0847572088241577,,,,,,,,,,,,,,,
,3.955441503375591e-05,12329,,,,,,,,,,,,,,,,,,,,,,,,,,,,,,
119,,12329,0.7251244187355042,0.3115757703781128,1.67807137966156,0.020418629050254822,0.6024402976036072,1.2406253814697266,2.8963167667388916,0.0014603263698518276,3.7157464027404785,0.27386200428009033,0.6266230344772339,6.670497417449951,0.013209420256316662,2.2855536937713623,0.8921414017677307,,,,,,,,,,,,,,,
,3.935191166690255e-05,12339,,,,,,,,,,,,,,,,,,,,,,,,,,,,,,
119,,12339,0.7920494675636292,0.3997241258621216,1.7494628429412842,0.03239547461271286,0.6049612760543823,1.2256189584732056,2.8019959926605225,0.0021239505149424076,3.8421850204467773,0.2124355286359787,0.6298602223396301,6.9212751388549805,0.011549178510904312,2.1853084564208984,1.0996071100234985,,,,,,,,,,,,,,,
,3.914984970915826e-05,12349,,,,,,,,,,,,,,,,,,,,,,,,,,,,,,
119,,12349,0.8529927730560303,0.2967936396598816,1.7487850189208984,0.0419885590672493,0.6109442114830017,1.2073659896850586,2.7813313007354736,0.0034553734585642815,3.7725231647491455,0.2682983875274658,0.6367019414901733,6.780483722686768,0.013644781894981861,2.204195976257324,0.865619421005249,,,,,,,,,,,,,,,
,3.894822996661006e-05,12359,,,,,,,,,,,,,,,,,,,,,,,,,,,,,,
119,,12359,0.7633565664291382,0.3654935956001282,1.8528989553451538,0.0327543281018734,0.5984930992126465,1.2508975267410278,2.836350202560425,0.0025808652862906456,3.828376531600952,0.20398761332035065,0.6586675047874451,7.043889999389648,0.00939156487584114,2.2860114574432373,1.468498945236206,,,,,,,,,,,,,,,
119,,12359,,,,,,,,,,,,,,,,1.3607839345932007,0.256700336933136,1.8367139101028442,0.020108716562390327,0.3723759651184082,3.5997087955474854,2.991187572479248,0.0013154324842616916,3.4082460403442383,0.1927148848772049,0.4943285286426544,8.046343803405762,0.022705404087901115,2.2560973167419434,1.6378788948059082
,3.87470532435809e-05,12369,,,,,,,,,,,,,,,,,,,,,,,,,,,,,,
120,,12369,0.775745689868927,0.31432169675827026,1.7007256746292114,0.03301483392715454,0.611697256565094,1.1917288303375244,2.9761154651641846,0.0014333997387439013,3.700697898864746,0.14576219022274017,0.6473164558410645,6.708061218261719,0.010889610275626183,2.25718092918396,0.9802042841911316,,,,,,,,,,,,,,,
,3.85463203426262e-05,12379,,,,,,,,,,,,,,,,,,,,,,,,,,,,,,
120,,12379,0.9411565065383911,0.3204649090766907,1.650963544845581,0.02550702542066574,0.5992482900619507,1.383253574371338,2.9017813205718994,0.0025313335936516523,3.7665724754333496,0.10005679726600647,0.6357097625732422,6.838772773742676,0.0200826246291399,2.2806220054626465,0.7366368770599365,,,,,,,,,,,,,,,
,3.8346032064531154e-05,12389,,,,,,,,,,,,,,,,,,,,,,,,,,,,,,
120,,12389,0.900227427482605,0.3035411834716797,1.8350880146026611,0.028550419956445694,0.5934320688247681,1.5625183582305908,2.8363587856292725,0.00251401262357831,3.7105300426483154,0.21810363233089447,0.6321927905082703,7.062197208404541,0.014630286954343319,2.1992998123168945,1.2868492603302002,,,,,,,,,,,,,,,
,3.8146189208306904e-05,12399,,,,,,,,,,,,,,,,,,,,,,,,,,,,,,
120,,12399,0.8248980045318604,0.2814054489135742,2.0914714336395264,0.030235374346375465,0.6040189862251282,1.3138821125030518,3.4257569313049316,0.0016880192561075091,3.827704906463623,0.1555350124835968,0.6246314644813538,7.078505992889404,0.01282426156103611,2.265932083129883,0.8032011389732361,,,,,,,,,,,,,,,
,3.7946792571187885e-05,12409,,,,,,,,,,,,,,,,,,,,,,,,,,,,,,
120,,12409,0.766856849193573,0.32310211658477783,1.9270765781402588,0.0294498223811388,0.587752640247345,1.2673256397247314,3.095219850540161,0.002182991011068225,3.7246506214141846,0.2467123419046402,0.6239344477653503,6.890157222747803,0.011886640451848507,2.2718095779418945,1.0499825477600098,,,,,,,,,,,,,,,
,3.774784294862823e-05,12419,,,,,,,,,,,,,,,,,,,,,,,,,,,,,,
120,,12419,0.8330745100975037,0.4172627329826355,1.8568459749221802,0.04159928858280182,0.5688654780387878,1.2494325637817383,2.9922070503234863,0.0009890637593343854,3.622657299041748,0.16297724843025208,0.6403486728668213,6.760220527648926,0.016304828226566315,2.2313430309295654,0.9022432565689087,,,,,,,,,,,,,,,
,3.7549341134299075e-05,12429,,,,,,,,,,,,,,,,,,,,,,,,,,,,,,
120,,12429,0.7014100551605225,0.33689796924591064,1.8349343538284302,0.03286336362361908,0.5905053615570068,1.1033740043640137,3.0065090656280518,0.0018162729684263468,3.765282154083252,0.11886037886142731,0.6199952363967896,6.700091361999512,0.012107746675610542,2.236567497253418,0.8643604516983032,,,,,,,,,,,,,,,
,3.735128792008481e-05,12439,,,,,,,,,,,,,,,,,,,,,,,,,,,,,,
120,,12439,0.8433781862258911,0.33828192949295044,1.8845503330230713,0.07724308967590332,0.609709620475769,1.4522725343704224,2.7498228549957275,0.002129149390384555,3.762561559677124,0.2495519071817398,0.6554489731788635,7.0073347091674805,0.010227917693555355,2.2204110622406006,0.99421626329422,,,,,,,,,,,,,,,
,3.715368409608046e-05,12449,,,,,,,,,,,,,,,,,,,,,,,,,,,,,,
120,,12449,0.7848955392837524,0.3245597183704376,1.8454989194869995,0.030514663085341454,0.581581711769104,1.2160444259643555,2.868403673171997,0.0030777379870414734,3.783612012863159,0.3420197069644928,0.6627076268196106,6.828884124755859,0.010408744215965271,2.2210452556610107,0.903286874294281,,,,,,,,,,,,,,,
,3.695653045058805e-05,12459,,,,,,,,,,,,,,,,,,,,,,,,,,,,,,
120,,12459,0.8223949670791626,0.34500768780708313,1.8889421224594116,0.041822537779808044,0.5753747820854187,1.1584466695785522,3.101553201675415,0.0022738000843673944,3.7639570236206055,0.18195463716983795,0.6615451574325562,6.927979946136475,0.015839919447898865,2.2030646800994873,1.1004878282546997,,,,,,,,,,,,,,,
120,,12462,,,,,,,,,,,,,,,,1.260955810546875,0.24770236015319824,1.8602941036224365,0.01847074180841446,0.30050283670425415,3.415931224822998,2.980100154876709,0.002959273988381028,3.2025482654571533,0.17172694206237793,0.4610441327095032,7.540557384490967,0.02076205611228943,2.2674806118011475,1.2069511413574219
,3.675982777011403e-05,12469,,,,,,,,,,,,,,,,,,,,,,,,,,,,,,
121,,12469,0.6930661201477051,0.405578076839447,1.661503553390503,0.03882940113544464,0.5982320308685303,1.013368010520935,2.591844320297241,0.0035629598423838615,3.708735466003418,0.22207653522491455,0.5921162366867065,6.452970027923584,0.01656467653810978,2.2271761894226074,0.7404155135154724,,,,,,,,,,,,,,,
,3.6563576839365474e-05,12479,,,,,,,,,,,,,,,,,,,,,,,,,,,,,,
121,,12479,0.7594650387763977,0.6084989905357361,2.029257297515869,0.034566912800073624,0.5988793969154358,1.1135472059249878,2.7620348930358887,0.0025481735356152058,3.664501667022705,0.16225679218769073,0.641247570514679,6.7242608070373535,0.018170012161135674,2.200129508972168,0.7432478070259094,,,,,,,,,,,,,,,
,3.6367778441247564e-05,12489,,,,,,,,,,,,,,,,,,,,,,,,,,,,,,
121,,12489,0.7396653890609741,0.2777979373931885,1.8060977458953857,0.046747371554374695,0.5810839533805847,1.205304503440857,2.968395709991455,0.0027347367722541094,3.7542502880096436,0.3344253599643707,0.6011368036270142,6.755152702331543,0.016875620931386948,2.1604816913604736,0.8378356695175171,,,,,,,,,,,,,,,
,3.6172433356859985e-05,12499,,,,,,,,,,,,,,,,,,,,,,,,,,,,,,
121,,12499,0.7632238268852234,0.3906840980052948,1.9086151123046875,0.09398407489061356,0.5905327796936035,1.201769232749939,3.165764093399048,0.0061744763515889645,3.686940908432007,0.1322890669107437,0.671256959438324,6.891076564788818,0.020305760204792023,2.209251642227173,0.9304928779602051,,,,,,,,,,,,,,,
,3.597754236549411e-05,12509,,,,,,,,,,,,,,,,,,,,,,,,,,,,,,
121,,12509,0.7449412941932678,0.36641404032707214,1.7546240091323853,0.04762887582182884,0.5983094573020935,0.9513214230537415,2.5014636516571045,0.0021441825665533543,3.679835319519043,0.174667626619339,0.6339328289031982,6.414886951446533,0.010556738823652267,2.2051708698272705,0.7523582577705383,,,,,,,,,,,,,,,
,3.578310624462983e-05,12519,,,,,,,,,,,,,,,,,,,,,,,,,,,,,,
121,,12519,0.8487522602081299,0.3160286545753479,1.7793574333190918,0.03191310167312622,0.588479220867157,1.2324132919311523,2.992405414581299,0.0025304132141172886,3.861173629760742,0.13578452169895172,0.5845551490783691,6.885167121887207,0.01016705110669136,2.1673519611358643,0.820271372795105,,,,,,,,,,,,,,,
,3.558912576993234e-05,12529,,,,,,,,,,,,,,,,,,,,,,,,,,,,,,
121,,12529,0.7519118189811707,0.29033780097961426,1.5342355966567993,0.03551154211163521,0.5891595482826233,1.0338547229766846,2.794163465499878,0.0023382173385471106,3.6142702102661133,0.14438480138778687,0.6352085471153259,6.412344455718994,0.012901555746793747,2.281162738800049,0.9450123906135559,,,,,,,,,,,,,,,
,3.539560171524922e-05,12539,,,,,,,,,,,,,,,,,,,,,,,,,,,,,,
121,,12539,0.731623649597168,0.36496779322624207,1.7276158332824707,0.014793870970606804,0.5754420757293701,0.9747125506401062,2.9480552673339844,0.002465742640197277,3.6897482872009277,0.21918433904647827,0.6283038258552551,6.58104133605957,0.01708175241947174,2.1804239749908447,1.0003310441970825,,,,,,,,,,,,,,,
,3.52025348526071e-05,12549,,,,,,,,,,,,,,,,,,,,,,,,,,,,,,
121,,12549,0.8473377227783203,0.44740059971809387,1.8362797498703003,0.058792971074581146,0.5758531093597412,1.2137162685394287,2.864339590072632,0.0032457136549055576,3.7264211177825928,0.12420827150344849,0.612249493598938,6.806966304779053,0.015595429576933384,2.2116785049438477,0.8046993613243103,,,,,,,,,,,,,,,
,3.5009925952208886e-05,12559,,,,,,,,,,,,,,,,,,,,,,,,,,,,,,
121,,12559,0.7173534035682678,0.2916205823421478,1.8188709020614624,0.04578722268342972,0.5781410932540894,1.0375139713287354,3.020778179168701,0.0027991237584501505,3.7533175945281982,0.26844269037246704,0.6013148427009583,6.669602394104004,0.00821663811802864,2.1832125186920166,0.8649301528930664,,,,,,,,,,,,,,,
121,,12565,,,,,,,,,,,,,,,,1.2623111009597778,0.24677032232284546,1.804266333580017,0.016381701454520226,0.271768182516098,3.8743720054626465,2.900012254714966,0.0023707703221589327,3.1766748428344727,0.16225530207157135,0.4247470200061798,7.645699501037598,0.019922474399209023,2.2880327701568604,1.0659579038619995
,3.481777578243037e-05,12569,,,,,,,,,,,,,,,,,,,,,,,,,,,,,,
122,,12569,0.7150830626487732,0.36507517099380493,1.9035307168960571,0.02577069401741028,0.57951420545578,0.7571240067481995,2.761906862258911,0.0038748590741306543,3.6303529739379883,0.1425890475511551,0.6490410566329956,6.4264678955078125,0.015762247145175934,2.2589266300201416,1.0365406274795532,,,,,,,,,,,,,,,
,3.462608510981757e-05,12579,,,,,,,,,,,,,,,,,,,,,,,,,,,,,,
122,,12579,0.796000063419342,0.33843374252319336,1.7828633785247803,0.03503402695059776,0.5861348509788513,1.0796090364456177,2.8474972248077393,0.002591590629890561,3.7342634201049805,0.17747801542282104,0.6253000497817993,6.707809925079346,0.012444481253623962,2.208970546722412,1.0178310871124268,,,,,,,,,,,,,,,
,3.443485469908317e-05,12589,,,,,,,,,,,,,,,,,,,,,,,,,,,,,,
122,,12589,0.7561511993408203,0.30892783403396606,1.9270976781845093,0.028365131467580795,0.5789305567741394,1.0538239479064941,2.8939144611358643,0.002282305620610714,3.6373796463012695,0.12021157145500183,0.6272732019424438,6.573943614959717,0.01546256523579359,2.1804540157318115,0.9068969488143921,,,,,,,,,,,,,,,
,3.424408531310391e-05,12599,,,,,,,,,,,,,,,,,,,,,,,,,,,,,,
122,,12599,0.873564600944519,0.35961493849754333,1.901611089706421,0.05804057791829109,0.5632165670394897,1.5083770751953125,3.0386581420898438,0.0027028233744204044,3.758920431137085,0.1333591490983963,0.6085709929466248,7.0948076248168945,0.013080659322440624,2.2488811016082764,1.0485872030258179,,,,,,,,,,,,,,,
,3.4053777712917165e-05,12609,,,,,,,,,,,,,,,,,,,,,,,,,,,,,,
122,,12609,0.7019838690757751,0.38030877709388733,1.8230870962142944,0.04377048835158348,0.5827854871749878,1.0041487216949463,2.78633975982666,0.0012996147852391005,3.5425221920013428,0.08105229586362839,0.6321197748184204,6.389059543609619,0.018909219652414322,2.218562126159668,0.8319312930107117,,,,,,,,,,,,,,,
,3.386393265771842e-05,12619,,,,,,,,,,,,,,,,,,,,,,,,,,,,,,
122,,12619,0.8502898812294006,0.4594075083732605,1.6632169485092163,0.03477667272090912,0.580695629119873,1.547048568725586,2.4756383895874023,0.0018503048922866583,3.7243878841400146,0.17535266280174255,0.6561954617500305,6.814460754394531,0.011979752220213413,2.1872777938842773,0.7948110103607178,,,,,,,,,,,,,,,
,3.36745509048576e-05,12629,,,,,,,,,,,,,,,,,,,,,,,,,,,,,,
122,,12629,0.8125658631324768,0.4787827730178833,1.6265686750411987,0.03819175064563751,0.5711691379547119,1.3256961107254028,2.813077449798584,0.0016929899575188756,3.5291550159454346,0.12483364343643188,0.5769680142402649,6.588524341583252,0.005865208338946104,2.218759775161743,0.9494167566299438,,,,,,,,,,,,,,,
,3.348563320983659e-05,12639,,,,,,,,,,,,,,,,,,,,,,,,,,,,,,
122,,12639,0.8230568766593933,0.3190608024597168,1.7992355823516846,0.026449473574757576,0.5920000672340393,0.8608070015907288,3.054922103881836,0.003853474510833621,3.781644821166992,0.1747291535139084,0.6356892585754395,6.743137359619141,0.023422613739967346,2.2407374382019043,1.1112061738967896,,,,,,,,,,,,,,,
,3.329718032630581e-05,12649,,,,,,,,,,,,,,,,,,,,,,,,,,,,,,
122,,12649,0.802604079246521,0.2883516848087311,1.920101523399353,0.04297131299972534,0.5794691443443298,1.2128486633300781,3.0953128337860107,0.0028535977471619844,3.750286817550659,0.12692411243915558,0.6611652970314026,6.930513381958008,0.009336581453680992,2.194007158279419,1.186668872833252,,,,,,,,,,,,,,,
,3.310919300606169e-05,12659,,,,,,,,,,,,,,,,,,,,,,,,,,,,,,
122,,12659,0.6978957056999207,0.29606884717941284,1.5483936071395874,0.03641023859381676,0.5730491876602173,0.9647641777992249,2.7522988319396973,0.004610911011695862,3.768890142440796,0.1945793628692627,0.6134885549545288,6.479905128479004,0.0136524373665452,2.2437546253204346,0.8628132939338684,,,,,,,,,,,,,,,
122,,12668,,,,,,,,,,,,,,,,1.2369297742843628,0.2427157461643219,1.7831064462661743,0.01646721363067627,0.2640572786331177,3.6226108074188232,2.845227003097534,0.0022703350987285376,3.092027187347412,0.1444845348596573,0.4035939574241638,7.344810485839844,0.020307863131165504,2.305401086807251,0.9074545502662659
,3.29216719990431e-05,12669,,,,,,,,,,,,,,,,,,,,,,,,,,,,,,
123,,12669,0.7951236963272095,0.3809358775615692,1.8902900218963623,0.047812048345804214,0.5899250507354736,1.0724284648895264,2.803438425064087,0.004848450887948275,3.8831653594970703,0.2730254530906677,0.6997683644294739,7.074918746948242,0.021105527877807617,2.2742247581481934,1.4516717195510864,,,,,,,,,,,,,,,
,3.273461805332885e-05,12679,,,,,,,,,,,,,,,,,,,,,,,,,,,,,,
123,,12679,0.7738223075866699,0.2999083399772644,1.8787401914596558,0.0375325046479702,0.5924525856971741,1.0310496091842651,3.0291800498962402,0.004094404634088278,3.6515064239501953,0.1500818431377411,0.6503716111183167,6.612484931945801,0.018637491390109062,2.2217013835906982,0.855657160282135,,,,,,,,,,,,,,,
,3.2548031915134266e-05,12689,,,,,,,,,,,,,,,,,,,,,,,,,,,,,,
123,,12689,0.7323991656303406,0.3899955451488495,1.9278134107589722,0.07360628992319107,0.5842934250831604,0.8678758144378662,3.000603675842285,0.013254985213279724,3.70158052444458,0.17665599286556244,0.6476426720619202,6.634021282196045,0.03153528273105621,2.2400660514831543,0.7577113509178162,,,,,,,,,,,,,,,
,3.236191432880879e-05,12699,,,,,,,,,,,,,,,,,,,,,,,,,,,,,,
123,,12699,0.6761057376861572,0.3150843679904938,1.7071080207824707,0.031467974185943604,0.5735480189323425,0.9465663433074951,2.676919937133789,0.008122850209474564,3.617253065109253,0.18347665667533875,0.6259840130805969,6.36356782913208,0.008233806118369102,2.2068426609039307,0.9455077648162842,,,,,,,,,,,,,,,
,3.2176266036832305e-05,12709,,,,,,,,,,,,,,,,,,,,,,,,,,,,,,
123,,12709,0.7441234588623047,0.3681015074253082,1.7174382209777832,0.0267462357878685,0.5845654010772705,1.2717528343200684,2.8889236450195312,0.012674994766712189,3.613044500350952,0.17357094585895538,0.6377773880958557,6.631068229675293,0.015384901314973831,2.223541736602783,0.9028113484382629,,,,,,,,,,,,,,,
,3.199108777981278e-05,12719,,,,,,,,,,,,,,,,,,,,,,,,,,,,,,
123,,12719,0.6768368482589722,0.3090806007385254,1.7335606813430786,0.06688439100980759,0.579147458076477,1.5554982423782349,2.7332637310028076,0.003088060300797224,3.7654223442077637,0.18980656564235687,0.6218718886375427,6.812891483306885,0.00992576964199543,2.222107172012329,0.7558493614196777,,,,,,,,,,,,,,,
,3.180638029648302e-05,12729,,,,,,,,,,,,,,,,,,,,,,,,,,,,,,
123,,12729,0.6797250509262085,0.35271400213241577,1.748462438583374,0.026750827208161354,0.5665944218635559,0.9124010801315308,2.7896790504455566,0.0028303603176027536,3.721937417984009,0.27623146772384644,0.6491139531135559,6.52847146987915,0.020064353942871094,2.2430343627929688,0.9495828151702881,,,,,,,,,,,,,,,
,3.162214432369765e-05,12739,,,,,,,,,,,,,,,,,,,,,,,,,,,,,,
123,,12739,0.7871913313865662,0.3210461437702179,1.845050573348999,0.04412161186337471,0.5775641798973083,1.3798359632492065,2.8412082195281982,0.002394560258835554,3.6448915004730225,0.1346975415945053,0.6826640367507935,6.803745269775391,0.011613192968070507,2.1958487033843994,1.0794880390167236,,,,,,,,,,,,,,,
,3.1438380596430476e-05,12749,,,,,,,,,,,,,,,,,,,,,,,,,,,,,,
123,,12749,0.6965395212173462,0.30569228529930115,1.671733021736145,0.02830229327082634,0.5803923010826111,0.8342409729957581,2.900665760040283,0.0016341963782906532,3.6757798194885254,0.2553587555885315,0.6369966268539429,6.420809268951416,0.011183207854628563,2.202075719833374,0.9291819334030151,,,,,,,,,,,,,,,
,3.125508984777116e-05,12759,,,,,,,,,,,,,,,,,,,,,,,,,,,,,,
123,,12759,0.8253740072250366,0.2870815694332123,1.8769569396972656,0.020552223548293114,0.5656494498252869,1.0865474939346313,3.0757715702056885,0.0018351491307839751,3.7720234394073486,0.17812880873680115,0.6038867235183716,6.734771251678467,0.008797994814813137,2.258151054382324,0.7994347810745239,,,,,,,,,,,,,,,
,3.107227280892279e-05,12769,,,,,,,,,,,,,,,,,,,,,,,,,,,,,,
123,,12769,0.7310552597045898,0.3251020610332489,1.653268814086914,0.03962409123778343,0.5846315622329712,1.2219984531402588,3.0117533206939697,0.0018008766928687692,3.7262508869171143,0.3015884757041931,0.6083970665931702,6.697497844696045,0.01502141822129488,2.190601110458374,0.8207944631576538,,,,,,,,,,,,,,,
123,,12771,,,,,,,,,,,,,,,,1.1841700077056885,0.24803628027439117,1.8240331411361694,0.019740471616387367,0.2693327069282532,3.752652883529663,2.865067481994629,0.0015886742621660233,3.1926560401916504,0.1430540680885315,0.40485891699790955,7.526758193969727,0.022929934784770012,2.324533462524414,0.9632575511932373
,3.088993020919839e-05,12779,,,,,,,,,,,,,,,,,,,,,,,,,,,,,,
124,,12779,0.7538893222808838,0.3894810974597931,1.956006407737732,0.027141932398080826,0.5765404105186462,1.4621293544769287,3.0023152828216553,0.003143443027511239,3.6986048221588135,0.24222427606582642,0.6398900151252747,6.936130523681641,0.005542891100049019,2.2086312770843506,0.9735620617866516,,,,,,,,,,,,,,,
,3.070806277601852e-05,12789,,,,,,,,,,,,,,,,,,,,,,,,,,,,,,
124,,12789,0.6277794241905212,0.5534204840660095,1.729906439781189,0.05422470346093178,0.5871545076370239,0.6834328174591064,2.8444478511810303,0.0020980562549084425,3.659125804901123,0.288506418466568,0.6592015027999878,6.441260814666748,0.029465053230524063,2.1927170753479004,0.8912819623947144,,,,,,,,,,,,,,,
,3.0526671234907946e-05,12799,,,,,,,,,,,,,,,,,,,,,,,,,,,,,,
124,,12799,0.7167720198631287,0.3463108241558075,2.02306866645813,0.07517018914222717,0.5729286074638367,0.828010082244873,2.7549495697021484,0.002866968745365739,3.6202869415283203,0.1330219954252243,0.6731300950050354,6.5253472328186035,0.038933418691158295,2.2998666763305664,0.9456846714019775,,,,,,,,,,,,,,,
,3.0345756309493218e-05,12809,,,,,,,,,,,,,,,,,,,,,,,,,,,,,,
124,,12809,0.697172224521637,0.3206973075866699,1.7244744300842285,0.04573599994182587,0.5558463931083679,1.0614875555038452,2.735055923461914,0.0018306155689060688,3.599130630493164,0.1547311395406723,0.6159270405769348,6.385701656341553,0.026985609903931618,2.2406482696533203,0.7264899015426636,,,,,,,,,,,,,,,
,3.0165318721499283e-05,12819,,,,,,,,,,,,,,,,,,,,,,,,,,,,,,
124,,12819,0.7514782547950745,0.3561428487300873,1.940822958946228,0.027951478958129883,0.5797414779663086,1.0388106107711792,3.185621500015259,0.0015437818365171552,3.7316083908081055,0.25330644845962524,0.6188772916793823,6.740674018859863,0.009246444329619408,2.221897840499878,0.8245449066162109,,,,,,,,,,,,,,,
,2.9985359190747006e-05,12829,,,,,,,,,,,,,,,,,,,,,,,,,,,,,,
124,,12829,0.7064889073371887,0.41809460520744324,1.8219146728515625,0.03452330455183983,0.5737085938453674,1.1453142166137695,3.01566219329834,0.0023580030538141727,3.806495428085327,0.19177338480949402,0.6602555513381958,6.858336448669434,0.020076636224985123,2.2159640789031982,0.9900301098823547,,,,,,,,,,,,,,,
,2.9805878435149948e-05,12839,,,,,,,,,,,,,,,,,,,,,,,,,,,,,,
124,,12839,0.7726985812187195,0.37561726570129395,1.7073895931243896,0.013460696674883366,0.5759745836257935,1.120737910270691,2.8795905113220215,0.00210138619877398,3.8146555423736572,0.1520971953868866,0.6226517558097839,6.747123718261719,0.009706320241093636,2.228801727294922,0.9559360146522522,,,,,,,,,,,,,,,
,2.9626877170711955e-05,12849,,,,,,,,,,,,,,,,,,,,,,,,,,,,,,
124,,12849,0.6583078503608704,0.32286807894706726,1.6459139585494995,0.02368597500026226,0.5520875453948975,0.5229325890541077,2.6813018321990967,0.0015572926495224237,3.6530749797821045,0.150793194770813,0.623245358467102,6.1481218338012695,0.011436314322054386,2.2052414417266846,0.9640322923660278,,,,,,,,,,,,,,,
,2.9448356111523774e-05,12859,,,,,,,,,,,,,,,,,,,,,,,,,,,,,,
124,,12859,0.7921330332756042,0.3852933347225189,2.0106852054595947,0.015603604726493359,0.5802451968193054,1.0384202003479004,2.960813283920288,0.0032668709754943848,3.737445592880249,0.14537544548511505,0.6780999302864075,6.7585296630859375,0.013082336634397507,2.2298786640167236,0.9127992391586304,,,,,,,,,,,,,,,
,2.9270315969760626e-05,12869,,,,,,,,,,,,,,,,,,,,,,,,,,,,,,
124,,12869,0.7286812663078308,0.4398534595966339,1.551243543624878,0.03784530982375145,0.5772011280059814,1.1220042705535889,2.7414793968200684,0.00804689060896635,3.72971510887146,0.20146101713180542,0.6299070119857788,6.586955547332764,0.010618064552545547,2.1509432792663574,0.8273400068283081,,,,,,,,,,,,,,,
124,,12874,,,,,,,,,,,,,,,,1.2773200273513794,0.24734042584896088,1.7735698223114014,0.016447080299258232,0.2736300528049469,4.044610977172852,2.8265390396118164,0.0016160219674929976,3.1845004558563232,0.13525280356407166,0.39299118518829346,7.650795936584473,0.021353691816329956,2.3301069736480713,0.8699252009391785
,2.909275745567915e-05,12879,,,,,,,,,,,,,,,,,,,,,,,,,,,,,,
125,,12879,0.6731584072113037,0.4893956780433655,2.085745334625244,0.05348751321434975,0.5778794288635254,0.8545982837677002,3.0099380016326904,0.0030849124304950237,3.601581573486328,0.10035497695207596,0.6327348351478577,6.5969648361206055,0.03573404997587204,2.269127607345581,0.9305413365364075,,,,,,,,,,,,,,,
,2.8915681277614682e-05,12889,,,,,,,,,,,,,,,,,,,,,,,,,,,,,,
125,,12889,0.7064056396484375,0.42991140484809875,2.0148255825042725,0.024322999641299248,0.5795031189918518,0.9150435924530029,2.9094953536987305,0.001163981854915619,3.624302387237549,0.14427514374256134,0.6166080832481384,6.534593105316162,0.016024040058255196,2.2270760536193848,0.8814335465431213,,,,,,,,,,,,,,,
,2.873908814197824e-05,12899,,,,,,,,,,,,,,,,,,,,,,,,,,,,,,
125,,12899,0.665644645690918,0.26756900548934937,1.6554189920425415,0.03990821912884712,0.5740866661071777,1.2417203187942505,3.1255078315734863,0.001378650777041912,3.687124252319336,0.22324468195438385,0.615759015083313,6.654067516326904,0.012000784277915955,2.207520008087158,0.9159426689147949,,,,,,,,,,,,,,,
,2.8562978753253956e-05,12909,,,,,,,,,,,,,,,,,,,,,,,,,,,,,,
125,,12909,0.7786765694618225,0.4377511739730835,1.7380831241607666,0.028843076899647713,0.5871630907058716,1.0043495893478394,3.047132730484009,0.001437781611457467,3.5478951930999756,0.15848208963871002,0.6228586435317993,6.456999778747559,0.014072364196181297,2.1915957927703857,0.7326473593711853,,,,,,,,,,,,,,,
,2.8387353813996165e-05,12919,,,,,,,,,,,,,,,,,,,,,,,,,,,,,,
125,,12919,0.7503916621208191,0.3288867175579071,1.631995439529419,0.011683258228003979,0.5624358057975769,1.1100138425827026,2.9840407371520996,0.003008732106536627,3.649709701538086,0.18496207892894745,0.6155432462692261,6.54182243347168,0.003693245118483901,2.1797831058502197,0.9496620893478394,,,,,,,,,,,,,,,
,2.8212214024826464e-05,12929,,,,,,,,,,,,,,,,,,,,,,,,,,,,,,
125,,12929,0.6892932057380676,0.373898446559906,1.887731671333313,0.06070448458194733,0.5934937596321106,1.0012867450714111,2.9272820949554443,0.0024587661027908325,3.7260501384735107,0.1503465622663498,0.6202697157859802,6.644209384918213,0.01588749885559082,2.191319465637207,0.8371325731277466,,,,,,,,,,,,,,,
,2.8037560084431104e-05,12939,,,,,,,,,,,,,,,,,,,,,,,,,,,,,,
125,,12939,0.6465871930122375,0.33415845036506653,1.7553461790084839,0.01680002175271511,0.5748554468154907,0.6286085247993469,2.8904690742492676,0.0011967385653406382,3.76285457611084,0.11158487200737,0.6150007843971252,6.3647565841674805,0.011184814386069775,2.245211124420166,0.8959529995918274,,,,,,,,,,,,,,,
,2.7863392689558185e-05,12949,,,,,,,,,,,,,,,,,,,,,,,,,,,,,,
125,,12949,0.6958738565444946,0.33579593896865845,1.8661352396011353,0.022633757442235947,0.5897834300994873,0.6744545698165894,2.7370243072509766,0.001580520300194621,3.549473285675049,0.19437190890312195,0.6044801473617554,6.253317832946777,0.017943402752280235,2.2311415672302246,1.0020333528518677,,,,,,,,,,,,,,,
,2.7689712535014795e-05,12959,,,,,,,,,,,,,,,,,,,,,,,,,,,,,,
125,,12959,0.7280668616294861,0.333706259727478,2.239015579223633,0.03890600427985191,0.5798322558403015,0.6580147743225098,2.873608112335205,0.002808238146826625,3.7704243659973145,0.13344010710716248,0.6279503703117371,6.655972480773926,0.01014093216508627,2.1962735652923584,1.0883302688598633,,,,,,,,,,,,,,,
,2.7516520313664176e-05,12969,,,,,,,,,,,,,,,,,,,,,,,,,,,,,,
125,,12969,0.744032084941864,0.3339504897594452,1.6815483570098877,0.05655452981591225,0.5942163467407227,1.0350650548934937,2.836186170578003,0.002417617943137884,3.8442623615264893,0.2480856031179428,0.6031304001808167,6.699606895446777,0.013042572885751724,2.2004244327545166,0.8009932041168213,,,,,,,,,,,,,,,
125,,12977,,,,,,,,,,,,,,,,1.1380268335342407,0.23608097434043884,1.7277214527130127,0.015667041763663292,0.26713523268699646,3.546320676803589,2.7884435653686523,0.0018183286301791668,3.1062114238739014,0.13016176223754883,0.37690290808677673,7.222036838531494,0.021432749927043915,2.3649649620056152,0.8772809505462646
,2.734381671642323e-05,12979,,,,,,,,,,,,,,,,,,,,,,,,,,,,,,
126,,12979,0.6165940761566162,0.33858969807624817,1.7924262285232544,0.029487745836377144,0.5787627696990967,0.7951367497444153,2.822507381439209,0.0010329853976145387,3.5401787757873535,0.21768492460250854,0.6291927695274353,6.212557792663574,0.02764124423265457,2.237999677658081,0.7545961141586304,,,,,,,,,,,,,,,
,2.7171602432259386e-05,12989,,,,,,,,,,,,,,,,,,,,,,,,,,,,,,
126,,12989,0.7960835099220276,0.36308908462524414,2.0119380950927734,0.019354620948433876,0.5916231274604797,0.9052016139030457,2.9327762126922607,0.0034316524397581816,3.662294864654541,0.17230035364627838,0.6391181349754333,6.642643928527832,0.02437403053045273,2.1959500312805176,0.9965337514877319,,,,,,,,,,,,,,,
,2.6999878148188298e-05,12999,,,,,,,,,,,,,,,,,,,,,,,,,,,,,,
126,,12999,0.770944356918335,0.3226722180843353,1.5926733016967773,0.03729036822915077,0.5805233716964722,0.9139208197593689,2.623839855194092,0.0031579514034092426,3.705207586288452,0.13889722526073456,0.6332948803901672,6.413915157318115,0.009565429762005806,2.2863237857818604,0.8693552613258362,,,,,,,,,,,,,,,
,2.68286445492706e-05,13009,,,,,,,,,,,,,,,,,,,,,,,,,,,,,,
126,,13009,0.717272162437439,0.38041922450065613,1.8198939561843872,0.02993703819811344,0.5860586166381836,0.8975756764411926,2.6854031085968018,0.002190771047025919,3.7829782962799072,0.22266998887062073,0.7279947996139526,6.666203498840332,0.023112313821911812,2.246169090270996,1.0852018594741821,,,,,,,,,,,,,,,
,2.665790231860967e-05,13019,,,,,,,,,,,,,,,,,,,,,,,,,,,,,,
126,,13019,0.7006813883781433,0.33123254776000977,1.716833233833313,0.0429811105132103,0.5944412350654602,0.8598266243934631,3.078716516494751,0.0010678274556994438,3.664074420928955,0.1068873405456543,0.6368119716644287,6.452291011810303,0.02128373086452484,2.172722578048706,0.7780081629753113,,,,,,,,,,,,,,,
,2.6487652137348397e-05,13029,,,,,,,,,,,,,,,,,,,,,,,,,,,,,,
126,,13029,0.6935350894927979,0.26125404238700867,1.5895440578460693,0.03862374275922775,0.5727242827415466,0.9323639869689941,2.905060291290283,0.0025441490579396486,3.6066224575042725,0.11087226867675781,0.6181967854499817,6.343994140625,0.01636969856917858,2.2380383014678955,0.9193458557128906,,,,,,,,,,,,,,,
,2.631789468466708e-05,13039,,,,,,,,,,,,,,,,,,,,,,,,,,,,,,
126,,13039,0.7328621745109558,0.34289437532424927,1.8598814010620117,0.0699264407157898,0.6079673171043396,0.7292091846466064,3.181746006011963,0.002544593997299671,3.7023067474365234,0.22990691661834717,0.6162623763084412,6.6479339599609375,0.01734156161546707,2.2267818450927734,1.0816353559494019,,,,,,,,,,,,,,,
,2.614863063778003e-05,13049,,,,,,,,,,,,,,,,,,,,,,,,,,,,,,
126,,13049,0.6552892327308655,0.31114956736564636,1.7247827053070068,0.050942312926054,0.5774322152137756,0.9466919302940369,2.648653030395508,0.002456360263749957,3.6503641605377197,0.13427908718585968,0.6188583970069885,6.383538246154785,0.025368278846144676,2.2638800144195557,0.8702881336212158,,,,,,,,,,,,,,,
,2.5979860671933452e-05,13059,,,,,,,,,,,,,,,,,,,,,,,,,,,,,,
126,,13059,0.7303251028060913,0.29153022170066833,1.8129559755325317,0.03502502292394638,0.5713192224502563,1.165543556213379,2.9192895889282227,0.0031309204641729593,3.7539632320404053,0.1394290328025818,0.6408231258392334,6.674960613250732,0.014150717295706272,2.16707181930542,0.7950872778892517,,,,,,,,,,,,,,,
,2.5811585460402384e-05,13069,,,,,,,,,,,,,,,,,,,,,,,,,,,,,,
126,,13069,0.710519552230835,0.39977335929870605,2.11881422996521,0.037895143032073975,0.5576794147491455,0.8085312247276306,3.3361053466796875,0.0018879629205912352,3.6371421813964844,0.13997012376785278,0.6474133729934692,6.662907123565674,0.004179466515779495,2.1955184936523438,1.0093287229537964,,,,,,,,,,,,,,,
,2.5643805674488233e-05,13079,,,,,,,,,,,,,,,,,,,,,,,,,,,,,,
126,,13079,0.7367697954177856,0.30900782346725464,1.6681249141693115,0.039152368903160095,0.5766595005989075,0.6900923848152161,3.003351926803589,0.0020865914411842823,3.764315605163574,0.23023341596126556,0.6475637555122375,6.488306045532227,0.009934068657457829,2.1623446941375732,0.9209858775138855,,,,,,,,,,,,,,,
126,,13080,,,,,,,,,,,,,,,,1.1066293716430664,0.2284960001707077,1.6813560724258423,0.014523440040647984,0.3039567768573761,3.853581190109253,2.764474630355835,0.008966466411948204,3.1317319869995117,0.13023823499679565,0.37666982412338257,7.380336284637451,0.022107889875769615,2.372190475463867,0.883728563785553
,2.5476521983515874e-05,13089,,,,,,,,,,,,,,,,,,,,,,,,,,,,,,
127,,13089,0.748152494430542,0.26749712228775024,1.7647536993026733,0.022161830216646194,0.5766171813011169,0.9401402473449707,2.958160877227783,0.0017738776514306664,3.711879253387451,0.22136950492858887,0.6254503726959229,6.598892688751221,0.028570113703608513,2.217155694961548,1.0398180484771729,,,,,,,,,,,,,,,
,2.5309735054831202e-05,13099,,,,,,,,,,,,,,,,,,,,,,,,,,,,,,
127,,13099,0.741166889667511,0.26593542098999023,1.6895543336868286,0.017642926424741745,0.5789062976837158,0.8896579742431641,2.876866579055786,0.0021373324561864138,3.683105945587158,0.13193267583847046,0.6059917211532593,6.436569690704346,0.010904055088758469,2.2375617027282715,0.9639855623245239,,,,,,,,,,,,,,,
,2.5143445553798354e-05,13109,,,,,,,,,,,,,,,,,,,,,,,,,,,,,,
127,,13109,0.7841742038726807,0.28762680292129517,1.9274382591247559,0.04442517086863518,0.5643818974494934,1.0022566318511963,3.208514928817749,0.002556926105171442,3.704802989959717,0.24832186102867126,0.6278048157691956,6.708371639251709,0.028274700045585632,2.172003984451294,0.7859371304512024,,,,,,,,,,,,,,,
,2.497765414379712e-05,13119,,,,,,,,,,,,,,,,,,,,,,,,,,,,,,
127,,13119,0.6226029992103577,0.30071890354156494,1.8557536602020264,0.04704228416085243,0.5850914120674133,0.7266914248466492,2.9673166275024414,0.002220806432887912,3.591609239578247,0.1506035029888153,0.5940591096878052,6.302727699279785,0.012385334819555283,2.1893274784088135,0.8943485617637634,,,,,,,,,,,,,,,
,2.4812361486220134e-05,13129,,,,,,,,,,,,,,,,,,,,,,,,,,,,,,
127,,13129,0.704556405544281,0.33384644985198975,2.09501576423645,0.06981052458286285,0.5768877863883972,0.6309311985969543,3.3095569610595703,0.00218405295163393,3.6424245834350586,0.11682072281837463,0.6240929365158081,6.499666213989258,0.017489314079284668,2.2090845108032227,0.7467252016067505,,,,,,,,,,,,,,,
,2.4647568240470455e-05,13139,,,,,,,,,,,,,,,,,,,,,,,,,,,,,,
127,,13139,0.7317469120025635,0.30802783370018005,1.8466461896896362,0.024209314957261086,0.5724025964736938,1.6203718185424805,3.0410120487213135,0.0015849645715206861,3.6674716472625732,0.21741747856140137,0.6518250107765198,6.887266635894775,0.0068065328523516655,2.211514711380005,0.8919937014579773,,,,,,,,,,,,,,,
,2.4483275063958846e-05,13149,,,,,,,,,,,,,,,,,,,,,,,,,,,,,,
127,,13149,0.7344812154769897,0.29043126106262207,1.8789077997207642,0.026040922850370407,0.5665784478187561,0.5971967577934265,3.1357743740081787,0.002929842099547386,3.685856819152832,0.2068837285041809,0.6206085085868835,6.441409111022949,0.01300742756575346,2.296751022338867,0.9571599960327148,,,,,,,,,,,,,,,
,2.4319482612101028e-05,13159,,,,,,,,,,,,,,,,,,,,,,,,,,,,,,
127,,13159,0.7331864833831787,0.3196183741092682,1.6661961078643799,0.03146623447537422,0.5811558365821838,0.7872225642204285,2.941436529159546,0.004220052622258663,3.6867032051086426,0.24292023479938507,0.6304405927658081,6.395473003387451,0.006604548543691635,2.213794708251953,0.7846469283103943,,,,,,,,,,,,,,,
,2.4156191538315316e-05,13169,,,,,,,,,,,,,,,,,,,,,,,,,,,,,,
127,,13169,0.657126247882843,0.39425188302993774,1.5747294425964355,0.061221133917570114,0.5920207500457764,0.6615676283836365,2.8356523513793945,0.0030924100428819656,3.7311222553253174,0.19807620346546173,0.6035908460617065,6.3331828117370605,0.007621991913765669,2.2416605949401855,0.7777041792869568,,,,,,,,,,,,,,,
,2.3993402494019703e-05,13179,,,,,,,,,,,,,,,,,,,,,,,,,,,,,,
127,,13179,0.7674826979637146,0.3845598101615906,1.7743116617202759,0.03534278646111488,0.5798753499984741,1.1971516609191895,2.6406843662261963,0.002994075184687972,3.7112109661102295,0.13934734463691711,0.6186365485191345,6.593392372131348,0.014255684800446033,2.2037792205810547,0.7046171426773071,,,,,,,,,,,,,,,
127,,13183,,,,,,,,,,,,,,,,1.0674704313278198,0.22902217507362366,1.7295939922332764,0.016944268718361855,0.30648359656333923,3.727637767791748,2.7522518634796143,0.007818649522960186,3.1372427940368652,0.12470453977584839,0.36898085474967957,7.31461763381958,0.023060040548443794,2.3593740463256836,0.8810867667198181
,2.383111612862971e-05,13189,,,,,,,,,,,,,,,,,,,,,,,,,,,,,,
128,,13189,0.8975874185562134,0.4267517030239105,1.7451688051223755,0.029689518734812737,0.5656924843788147,1.1695152521133423,3.0591073036193848,0.00181833456736058,3.756997585296631,0.1669846624135971,0.6191080212593079,6.84731912612915,0.008279302157461643,2.2213644981384277,0.892206609249115,,,,,,,,,,,,,,,
,2.3669333089555202e-05,13199,,,,,,,,,,,,,,,,,,,,,,,,,,,,,,
128,,13199,0.7360178828239441,0.3086637258529663,1.6709007024765015,0.02621021494269371,0.5848067998886108,1.1460766792297363,2.7538511753082275,0.002640268998220563,3.617912530899048,0.14340749382972717,0.6486645340919495,6.4716410636901855,0.014780400320887566,2.163405418395996,0.8613520264625549,,,,,,,,,,,,,,,
,2.3508054022198308e-05,13209,,,,,,,,,,,,,,,,,,,,,,,,,,,,,,
128,,13209,0.6976686716079712,0.32130271196365356,1.602979063987732,0.04139978811144829,0.5703948736190796,0.7233589291572571,2.723618745803833,0.003162575187161565,3.630077600479126,0.09812399744987488,0.6230964660644531,6.213446140289307,0.008679705671966076,2.2449872493743896,0.8245190382003784,,,,,,,,,,,,,,,
,2.3347279569950644e-05,13219,,,,,,,,,,,,,,,,,,,,,,,,,,,,,,
128,,13219,0.8331419825553894,0.4167182743549347,1.8646769523620605,0.033588964492082596,0.6073551177978516,0.8400169014930725,2.7603864669799805,0.00213144114241004,3.6348822116851807,0.2518630921840668,0.6034879684448242,6.479877471923828,0.014631707221269608,2.222541093826294,0.7718696594238281,,,,,,,,,,,,,,,
,2.3187010374190744e-05,13229,,,,,,,,,,,,,,,,,,,,,,,,,,,,,,
128,,13229,0.7614904642105103,0.35800960659980774,1.871004581451416,0.03632095456123352,0.5779863595962524,0.8219596743583679,2.7938473224639893,0.0014200563309714198,3.6702773571014404,0.19341668486595154,0.6328895092010498,6.498900413513184,0.01981160417199135,2.2195873260498047,0.9209691882133484,,,,,,,,,,,,,,,
,2.3027247074281456e-05,13239,,,,,,,,,,,,,,,,,,,,,,,,,,,,,,
128,,13239,0.727602481842041,0.283764511346817,1.6682531833648682,0.04349636286497116,0.5875256657600403,0.6771502494812012,2.855412721633911,0.0015871883369982243,3.7057039737701416,0.23559704422950745,0.6177060008049011,6.326292514801025,0.008794478140771389,2.1818292140960693,0.7691223621368408,,,,,,,,,,,,,,,
,2.2867990307567524e-05,13249,,,,,,,,,,,,,,,,,,,,,,,,,,,,,,
128,,13249,0.7024596929550171,0.3133426010608673,1.8212227821350098,0.02902250736951828,0.5961395502090454,1.0068631172180176,2.748957395553589,0.001557443174533546,3.811967611312866,0.23928071558475494,0.6705506443977356,6.640815734863281,0.013203857466578484,2.1430182456970215,0.8414116501808167,,,,,,,,,,,,,,,
,2.270924070937299e-05,13259,,,,,,,,,,,,,,,,,,,,,,,,,,,,,,
128,,13259,0.9588958621025085,0.3306286334991455,1.6319713592529297,0.0287801343947649,0.573499321937561,0.5790804028511047,2.7147254943847656,0.001998558174818754,3.688805341720581,0.10943498462438583,0.6675925254821777,6.336391448974609,0.013363156467676163,2.2239298820495605,0.8020768761634827,,,,,,,,,,,,,,,
,2.255099891299863e-05,13269,,,,,,,,,,,,,,,,,,,,,,,,,,,,,,
128,,13269,0.7756867408752441,0.2880602777004242,1.6060534715652466,0.03195011243224144,0.5918298959732056,0.7727867364883423,2.821073532104492,0.001066661556251347,3.6441149711608887,0.16153773665428162,0.5886321663856506,6.351748943328857,0.010304717347025871,2.283968925476074,0.9928418397903442,,,,,,,,,,,,,,,
,2.2393265549719364e-05,13279,,,,,,,,,,,,,,,,,,,,,,,,,,,,,,
128,,13279,0.7096886038780212,0.31632155179977417,1.7945350408554077,0.01754128746688366,0.5877260565757751,0.5859199166297913,2.810980796813965,0.0034445873461663723,3.7073874473571777,0.23950113356113434,0.6351968050003052,6.240250587463379,0.009428679943084717,2.210151195526123,0.5903791189193726,,,,,,,,,,,,,,,
128,,13286,,,,,,,,,,,,,,,,1.045768141746521,0.22358368337154388,1.6854488849639893,0.015699269250035286,0.3317089378833771,3.5329763889312744,2.73599910736084,0.01833057776093483,3.1065123081207275,0.12667609751224518,0.35047152638435364,7.17879056930542,0.022702431306242943,2.3812806606292725,0.9169411063194275
,2.2236041248781912e-05,13289,,,,,,,,,,,,,,,,,,,,,,,,,,,,,,
129,,13289,0.7614046335220337,0.5615479350090027,1.6627777814865112,0.022797415032982826,0.5827659368515015,1.242851734161377,2.668247938156128,0.002222950104624033,3.597419261932373,0.16394464671611786,0.625336766242981,6.589745998382568,0.004735187161713839,2.2426023483276367,0.9152605533599854,,,,,,,,,,,,,,,
,2.2079326637402184e-05,13299,,,,,,,,,,,,,,,,,,,,,,,,,,,,,,
129,,13299,0.8279131650924683,0.3274987041950226,1.8227063417434692,0.028136275708675385,0.5847606658935547,1.0582352876663208,2.852207899093628,0.002619741717353463,3.644787549972534,0.14739353954792023,0.6414763927459717,6.626319408416748,0.0048899599350988865,2.195880889892578,1.0511772632598877,,,,,,,,,,,,,,,
,2.1923122340762754e-05,13309,,,,,,,,,,,,,,,,,,,,,,,,,,,,,,
129,,13309,0.76148521900177,0.3146001100540161,1.7274463176727295,0.05024394392967224,0.5666897296905518,0.8986914157867432,2.997581720352173,0.0021345196291804314,3.6546313762664795,0.1360865980386734,0.6268842220306396,6.539783000946045,0.03011857531964779,2.2023367881774902,0.9721164703369141,,,,,,,,,,,,,,,
,2.176742898201036e-05,13319,,,,,,,,,,,,,,,,,,,,,,,,,,,,,,
129,,13319,0.7000123262405396,0.3322773873806,1.4650989770889282,0.06019270047545433,0.5866265892982483,0.7487796545028687,2.367107391357422,0.0045441631227731705,3.5737452507019043,0.2325899451971054,0.6138235330581665,6.071094989776611,0.020862285047769547,2.201395273208618,0.7294281125068665,,,,,,,,,,,,,,,
,2.1612247182253496e-05,13329,,,,,,,,,,,,,,,,,,,,,,,,,,,,,,
129,,13329,0.6993503570556641,0.2775850296020508,1.8013288974761963,0.016864467412233353,0.5837445259094238,0.7989831566810608,2.994069814682007,0.0031953887082636356,3.782058000564575,0.2308942824602127,0.6137748956680298,6.59489631652832,0.016948016360402107,2.2583577632904053,1.077959656715393,,,,,,,,,,,,,,,
,2.145757756055994e-05,13339,,,,,,,,,,,,,,,,,,,,,,,,,,,,,,
129,,13339,0.7584481835365295,0.29865825176239014,1.828784704208374,0.07936979830265045,0.5760673880577087,0.5820024013519287,2.7916224002838135,0.003413112834095955,3.7054526805877686,0.2709086835384369,0.6295437812805176,6.447425365447998,0.01879430189728737,2.2685329914093018,0.9786768555641174,,,,,,,,,,,,,,,
,2.1303420733954098e-05,13349,,,,,,,,,,,,,,,,,,,,,,,,,,,,,,
129,,13349,0.789888322353363,0.42971912026405334,1.644388198852539,0.035778921097517014,0.5952506065368652,1.2627097368240356,2.843454599380493,0.0030784793198108673,3.7349917888641357,0.15850374102592468,0.6939043998718262,6.805595874786377,0.010411879047751427,2.1518406867980957,1.0253292322158813,,,,,,,,,,,,,,,
,2.114977731741481e-05,13359,,,,,,,,,,,,,,,,,,,,,,,,,,,,,,
129,,13359,0.7480347156524658,0.3446846902370453,1.8623589277267456,0.0680769607424736,0.5945696830749512,1.1033748388290405,2.574824810028076,0.003778514452278614,3.6788971424102783,0.18481288850307465,0.6786752939224243,6.540735244750977,0.016120752319693565,2.184282064437866,0.6525657176971436,,,,,,,,,,,,,,,
,2.0996647923872693e-05,13369,,,,,,,,,,,,,,,,,,,,,,,,,,,,,,
129,,13369,0.7719792723655701,0.34651121497154236,1.6754891872406006,0.04513338953256607,0.5746352076530457,0.8190946578979492,2.7804434299468994,0.0038987714797258377,3.7161121368408203,0.14766107499599457,0.6455007791519165,6.465281009674072,0.013231310062110424,2.213543176651001,0.8669933676719666,,,,,,,,,,,,,,,
,2.084403316420784e-05,13379,,,,,,,,,,,,,,,,,,,,,,,,,,,,,,
129,,13379,0.6217147707939148,0.3426242470741272,1.604757308959961,0.06711999326944351,0.59287029504776,0.9329892992973328,2.72806715965271,0.002166702877730131,3.659574508666992,0.2432672679424286,0.6172744631767273,6.482565879821777,0.01682141050696373,2.2426705360412598,1.169582486152649,,,,,,,,,,,,,,,
,2.0691933647247204e-05,13389,,,,,,,,,,,,,,,,,,,,,,,,,,,,,,
129,,13389,0.964394748210907,0.3287699222564697,2.1543049812316895,0.052828893065452576,0.573461651802063,1.505487322807312,2.9226670265197754,0.0015931281959638,3.8993237018585205,0.3003891408443451,0.5953333377838135,7.257198333740234,0.01676688715815544,2.146106004714966,0.785960853099823,,,,,,,,,,,,,,,
129,,13389,,,,,,,,,,,,,,,,1.0596601963043213,0.22447367012500763,1.6582046747207642,0.017968935891985893,0.38594281673431396,3.463513135910034,2.723487615585327,0.03156857192516327,3.168287515640259,0.12395082414150238,0.349240243434906,7.277519226074219,0.02342473901808262,2.3818137645721436,1.07211172580719
,2.0540349979762354e-05,13399,,,,,,,,,,,,,,,,,,,,,,,,,,,,,,
130,,13399,0.6523723602294922,0.3607516884803772,1.7154464721679688,0.018913641571998596,0.5704424381256104,0.540249764919281,2.731452703475952,0.006302683148533106,3.672119140625,0.21405237913131714,0.6314770579338074,6.236632347106934,0.009636257775127888,2.24668025970459,0.968458354473114,,,,,,,,,,,,,,,
,2.038928276646697e-05,13409,,,,,,,,,,,,,,,,,,,,,,,,,,,,,,
130,,13409,0.6941426396369934,0.3156574070453644,1.6964503526687622,0.019067272543907166,0.574617326259613,0.8461523652076721,2.951732873916626,0.002426021732389927,3.6365292072296143,0.12584279477596283,0.6286540031433105,6.351189136505127,0.007066100835800171,2.2431907653808594,0.8485320210456848,,,,,,,,,,,,,,,
,2.0238732610014457e-05,13419,,,,,,,,,,,,,,,,,,,,,,,,,,,,,,
130,,13419,0.941679835319519,0.36271312832832336,1.940041422843933,0.03036775067448616,0.5622678995132446,0.6978369951248169,2.843377113342285,0.003827884327620268,3.747901201248169,0.13094733655452728,0.6662517786026001,6.712058067321777,0.03245985880494118,2.2260024547576904,1.1544735431671143,,,,,,,,,,,,,,,
,2.0088700110995414e-05,13429,,,,,,,,,,,,,,,,,,,,,,,,,,,,,,
130,,13429,0.751028835773468,0.38943958282470703,1.5300519466400146,0.04562699422240257,0.5882498025894165,0.7369017004966736,2.6201586723327637,0.005468104965984821,3.7044596672058105,0.08425860852003098,0.6295264959335327,6.227665901184082,0.011372472159564495,2.1834802627563477,0.5377852320671082,,,,,,,,,,,,,,,
,1.9939185867935487e-05,13439,,,,,,,,,,,,,,,,,,,,,,,,,,,,,,
130,,13439,0.6753395795822144,0.33553722500801086,1.8533461093902588,0.07184995710849762,0.5804652571678162,0.6694497466087341,2.9098360538482666,0.0036202664487063885,3.5622544288635254,0.10771726071834564,0.6379501819610596,6.2910685539245605,0.007365143392235041,2.138432264328003,0.890140175819397,,,,,,,,,,,,,,,
,1.979019047729277e-05,13449,,,,,,,,,,,,,,,,,,,,,,,,,,,,,,
130,,13449,0.8650418519973755,0.30602219700813293,1.8663511276245117,0.027569714933633804,0.5803821682929993,1.5166881084442139,3.1162638664245605,0.0020888871513307095,3.669793128967285,0.1692398488521576,0.5953665971755981,6.9532880783081055,0.01046292670071125,2.166705846786499,1.0052464008331299,,,,,,,,,,,,,,,
,1.9641714533455526e-05,13459,,,,,,,,,,,,,,,,,,,,,,,,,,,,,,
130,,13459,0.7148781418800354,0.3490770757198334,1.8649805784225464,0.04310284182429314,0.5735116004943848,0.7621446251869202,2.582090139389038,0.0021319168154150248,3.6204755306243896,0.06958895921707153,0.6245351433753967,6.253999710083008,0.006361254956573248,2.1457433700561523,0.7334851026535034,,,,,,,,,,,,,,,
,1.9493758628739714e-05,13469,,,,,,,,,,,,,,,,,,,,,,,,,,,,,,
130,,13469,0.684687077999115,0.350654274225235,1.6108791828155518,0.026427961885929108,0.5431466102600098,0.6932153105735779,2.8854103088378906,0.0020245613995939493,3.7072362899780273,0.36625009775161743,0.5796110033988953,6.378853797912598,0.01500509213656187,2.279967784881592,0.9589492082595825,,,,,,,,,,,,,,,
,1.9346323353386754e-05,13479,,,,,,,,,,,,,,,,,,,,,,,,,,,,,,
130,,13479,0.6025810837745667,0.3817600905895233,1.804295539855957,0.07923566550016403,0.5660741925239563,0.7079389095306396,2.6149067878723145,0.001599781448021531,3.524064779281616,0.18620313704013824,0.6232284903526306,6.180508136749268,0.05358285829424858,2.187272310256958,0.749836802482605,,,,,,,,,,,,,,,
,1.9199409295561135e-05,13489,,,,,,,,,,,,,,,,,,,,,,,,,,,,,,
130,,13489,0.5926083922386169,0.32859960198402405,1.6967546939849854,0.03262895718216896,0.5817728042602539,0.42208632826805115,2.744493246078491,0.002860092557966709,3.609956979751587,0.15777374804019928,0.5931061506271362,5.969915390014648,0.02016514725983143,2.2467875480651855,0.6087883114814758,,,,,,,,,,,,,,,
130,,13492,,,,,,,,,,,,,,,,0.9714389443397522,0.22069686651229858,1.6705279350280762,0.01739232800900936,0.4264870584011078,3.608344793319702,2.7220914363861084,0.019902758300304413,3.160419464111328,0.12131424993276596,0.3401244282722473,7.2869391441345215,0.02388479746878147,2.3790524005889893,1.0421470403671265
,1.905301704134805e-05,13499,,,,,,,,,,,,,,,,,,,,,,,,,,,,,,
131,,13499,0.7156718373298645,0.29821839928627014,1.7621554136276245,0.030855966731905937,0.5987754464149475,0.6456365585327148,3.0465123653411865,0.0011594726238399744,3.6702749729156494,0.16589859127998352,0.6183715462684631,6.334222316741943,0.021071068942546844,2.2220091819763184,0.7413056492805481,,,,,,,,,,,,,,,
,1.8907147174750963e-05,13509,,,,,,,,,,,,,,,,,,,,,,,,,,,,,,
131,,13509,0.7739292979240417,0.3355749249458313,1.7422904968261719,0.04009842872619629,0.5820328593254089,0.5963882803916931,2.780853271484375,0.0037688734009861946,3.686751365661621,0.2617366313934326,0.6699780225753784,6.426494121551514,0.014635362662374973,2.224675178527832,1.0839544534683228,,,,,,,,,,,,,,,
,1.876180027768947e-05,13519,,,,,,,,,,,,,,,,,,,,,,,,,,,,,,
131,,13519,0.8280293941497803,0.3427625298500061,1.682544231414795,0.04227512329816818,0.5913704633712769,0.8166331052780151,2.665318012237549,0.004720624536275864,3.6220321655273438,0.33057570457458496,0.6237139105796814,6.4142255783081055,0.0286713894456625,2.203906297683716,0.8794177770614624,,,,,,,,,,,,,,,
,1.8616976929996886e-05,13529,,,,,,,,,,,,,,,,,,,,,,,,,,,,,,
131,,13529,0.8568238019943237,0.26594826579093933,1.6234465837478638,0.04079372435808182,0.5775704383850098,1.0354825258255005,2.892385721206665,0.003658534726127982,3.758113145828247,0.1799662709236145,0.6367213129997253,6.655872821807861,0.009639440104365349,2.1691629886627197,0.9409117102622986,,,,,,,,,,,,,,,
,1.8472677709417877e-05,13539,,,,,,,,,,,,,,,,,,,,,,,,,,,,,,
131,,13539,0.7167248129844666,0.3070075809955597,1.6192232370376587,0.04158300533890724,0.5993908643722534,0.9170069694519043,2.853726625442505,0.003968303557485342,3.637237548828125,0.2880587875843048,0.6492870450019836,6.385319709777832,0.00772300036624074,2.225419282913208,0.7767565846443176,,,,,,,,,,,,,,,
,1.8328903191606203e-05,13549,,,,,,,,,,,,,,,,,,,,,,,,,,,,,,
131,,13549,0.6714388132095337,0.2890820801258087,1.9015840291976929,0.0407397523522377,0.5812709331512451,0.6962261199951172,2.970757246017456,0.004662676248699427,3.59158992767334,0.1454237550497055,0.6577374339103699,6.313387870788574,0.0315072275698185,2.154783248901367,0.7785999774932861,,,,,,,,,,,,,,,
,1.8185653950122446e-05,13559,,,,,,,,,,,,,,,,,,,,,,,,,,,,,,
131,,13559,0.7599667906761169,0.27436232566833496,1.7157297134399414,0.01665830798447132,0.5601836442947388,0.5974363684654236,3.0199246406555176,0.006111798342317343,3.7731451988220215,0.18265648186206818,0.5923203229904175,6.388899803161621,0.013834183104336262,2.155808925628662,0.7836508750915527,,,,,,,,,,,,,,,
,1.8042930556431767e-05,13569,,,,,,,,,,,,,,,,,,,,,,,,,,,,,,
131,,13569,0.8448527455329895,0.4083445966243744,1.711060881614685,0.034694962203502655,0.5447582006454468,0.8409250378608704,2.8996376991271973,0.002139077056199312,3.7177894115448,0.2068091630935669,0.6109769940376282,6.55037784576416,0.019654251635074615,2.2160086631774902,0.8074628114700317,,,,,,,,,,,,,,,
,1.790073357990138e-05,13579,,,,,,,,,,,,,,,,,,,,,,,,,,,,,,
131,,13579,0.6591490507125854,0.28991228342056274,1.9775948524475098,0.05453140661120415,0.5962839126586914,0.7063298225402832,3.044494152069092,0.0035255609545856714,3.649548292160034,0.11865663528442383,0.6301125288009644,6.388124465942383,0.01839681901037693,2.236583948135376,0.7204157710075378,,,,,,,,,,,,,,,
,1.7759063587798645e-05,13589,,,,,,,,,,,,,,,,,,,,,,,,,,,,,,
131,,13589,0.7041721343994141,0.31107017397880554,1.7159589529037476,0.026668895035982132,0.5891589522361755,1.082337737083435,2.7047274112701416,0.005114019848406315,3.6124885082244873,0.163554385304451,0.6262581944465637,6.421982288360596,0.02476484514772892,2.1405487060546875,0.8240616917610168,,,,,,,,,,,,,,,
131,,13595,,,,,,,,,,,,,,,,0.907193660736084,0.21547377109527588,1.6618540287017822,0.014279910363256931,0.47950220108032227,3.161440372467041,2.7423505783081055,0.048516158014535904,3.191492795944214,0.12777172029018402,0.35143500566482544,7.076547145843506,0.022728389129042625,2.401986837387085,0.9518369436264038
,1.7617921145288533e-05,13599,,,,,,,,,,,,,,,,,,,,,,,,,,,,,,
132,,13599,0.6904330849647522,0.35343191027641296,1.5819151401519775,0.015376792289316654,0.5789307951927185,0.6228757500648499,2.768645763397217,0.005055021028965712,3.6442813873291016,0.18364033102989197,0.6185153722763062,6.209526062011719,0.0072677903808653355,2.2253081798553467,0.9226672649383545,,,,,,,,,,,,,,,
,1.747730681543148e-05,13609,,,,,,,,,,,,,,,,,,,,,,,,,,,,,,
132,,13609,0.969190776348114,0.3789771795272827,1.7734730243682861,0.03810133412480354,0.5706375241279602,0.9110444784164429,3.070841073989868,0.003953705541789532,3.7059383392333984,0.13178013265132904,0.6124352812767029,6.65313196182251,0.014653250575065613,2.2070424556732178,0.7137071490287781,,,,,,,,,,,,,,,
,1.733722115918107e-05,13619,,,,,,,,,,,,,,,,,,,,,,,,,,,,,,
132,,13619,0.7387972474098206,0.3171813488006592,1.7397353649139404,0.05458090826869011,0.5737124085426331,0.6137997508049011,2.851480007171631,0.008365181274712086,3.6705379486083984,0.13818009197711945,0.5800754427909851,6.314134120941162,0.016377823427319527,2.164499521255493,0.8204668164253235,,,,,,,,,,,,,,,
,1.7197664735381904e-05,13629,,,,,,,,,,,,,,,,,,,,,,,,,,,,,,
132,,13629,0.7012953162193298,0.3098684847354889,1.6182664632797241,0.03927842155098915,0.5946402549743652,0.7276821136474609,2.849057912826538,0.002891751704737544,3.7112386226654053,0.0978902131319046,0.6291049122810364,6.2867431640625,0.009346888400614262,2.175215721130371,0.6621412038803101,,,,,,,,,,,,,,,
,1.7058638100767312e-05,13639,,,,,,,,,,,,,,,,,,,,,,,,,,,,,,
132,,13639,0.8157539963722229,0.3004491925239563,1.7322014570236206,0.0441865548491478,0.5843627452850342,0.6543806791305542,2.879906177520752,0.006995180621743202,3.7522220611572266,0.21548277139663696,0.6040492653846741,6.480661392211914,0.019296830520033836,2.2873106002807617,0.8795127868652344,,,,,,,,,,,,,,,
,1.692014180995713e-05,13649,,,,,,,,,,,,,,,,,,,,,,,,,,,,,,
132,,13649,0.6405010223388672,0.36236751079559326,1.590293526649475,0.0259295292198658,0.5725448727607727,0.694560170173645,2.6905176639556885,0.006238194182515144,3.5802876949310303,0.17521469295024872,0.5875070095062256,6.171933174133301,0.01632116176187992,2.2778193950653076,0.9801409244537354,,,,,,,,,,,,,,,
,1.6782176415455408e-05,13659,,,,,,,,,,,,,,,,,,,,,,,,,,,,,,
132,,13659,0.7585519552230835,0.38327836990356445,1.8086150884628296,0.04364233836531639,0.588261604309082,1.241455078125,2.554591417312622,0.005583734251558781,3.6283411979675293,0.2934923768043518,0.6322135925292969,6.600771903991699,0.011388543993234634,2.1514523029327393,0.8657881617546082,,,,,,,,,,,,,,,
,1.6644742467648403e-05,13669,,,,,,,,,,,,,,,,,,,,,,,,,,,,,,
132,,13669,0.6329843997955322,0.2738003730773926,1.6280663013458252,0.02482803910970688,0.5880792140960693,0.605932891368866,2.8225772380828857,0.00920922588557005,3.6560041904449463,0.15667808055877686,0.6460475325584412,6.278573989868164,0.009203865192830563,2.2700674533843994,1.1885149478912354,,,,,,,,,,,,,,,
,1.65078405148022e-05,13679,,,,,,,,,,,,,,,,,,,,,,,,,,,,,,
132,,13679,0.8046855926513672,0.33368298411369324,1.7598034143447876,0.02164795808494091,0.5561719536781311,0.6909943222999573,3.0243771076202393,0.005193743854761124,3.720747947692871,0.21014522016048431,0.5850620865821838,6.4897780418396,0.004656751174479723,2.1943249702453613,0.9486860036849976,,,,,,,,,,,,,,,
,1.6371471103060662e-05,13689,,,,,,,,,,,,,,,,,,,,,,,,,,,,,,
132,,13689,0.7204921245574951,0.4113885462284088,1.7245802879333496,0.040587637573480606,0.57657790184021,0.5576625466346741,2.8514199256896973,0.0018247866537421942,3.736921548843384,0.17175698280334473,0.6158701777458191,6.425083160400391,0.00955511350184679,2.197641372680664,1.0308332443237305,,,,,,,,,,,,,,,
132,,13698,,,,,,,,,,,,,,,,0.8986744284629822,0.21846985816955566,1.65349543094635,0.018481165170669556,0.4698649048805237,2.7742977142333984,2.7196500301361084,0.03140317276120186,3.172050952911377,0.12531603872776031,0.3386079967021942,6.841456413269043,0.023525135591626167,2.409423351287842,0.9739172458648682
,1.623563477644307e-05,13699,,,,,,,,,,,,,,,,,,,,,,,,,,,,,,
133,,13699,0.6711835861206055,0.3813035786151886,1.7095013856887817,0.05279522016644478,0.5859419703483582,0.8428179025650024,2.698737144470215,0.0012762718833982944,3.605269193649292,0.18718615174293518,0.6445674300193787,6.367999076843262,0.008769135922193527,2.204435110092163,0.9978504180908203,,,,,,,,,,,,,,,
,1.6100332076842165e-05,13709,,,,,,,,,,,,,,,,,,,,,,,,,,,,,,
133,,13709,0.7543172836303711,0.34056293964385986,1.8720955848693848,0.030758339911699295,0.6021403670310974,0.819053053855896,2.8334133625030518,0.0011939433170482516,3.6420669555664062,0.19392575323581696,0.607983410358429,6.449735641479492,0.015207805670797825,2.1786320209503174,0.887985348701477,,,,,,,,,,,,,,,
,1.5965563544021836e-05,13719,,,,,,,,,,,,,,,,,,,,,,,,,,,,,,
133,,13719,0.6828261613845825,0.31100839376449585,1.5748684406280518,0.02574160508811474,0.5798988938331604,0.7764673829078674,2.6627533435821533,0.003198189428076148,3.6403608322143555,0.13798640668392181,0.6130501627922058,6.190876007080078,0.02955358475446701,2.272549867630005,0.7051336169242859,,,,,,,,,,,,,,,
,1.5831329715615072e-05,13729,,,,,,,,,,,,,,,,,,,,,,,,,,,,,,
133,,13729,0.7241971492767334,0.31044334173202515,1.6777794361114502,0.05125666782259941,0.5768690705299377,0.7743355631828308,2.624021053314209,0.0026992966886609793,3.584467649459839,0.13894523680210114,0.5797408819198608,6.215991973876953,0.009446019306778908,2.197845697402954,0.8477717638015747,,,,,,,,,,,,,,,
,1.5697631127121646e-05,13739,,,,,,,,,,,,,,,,,,,,,,,,,,,,,,
133,,13739,0.7838295698165894,0.27349716424942017,1.7002512216567993,0.027893872931599617,0.5823286771774292,0.5697699785232544,2.9894862174987793,0.008656172081828117,3.658024549484253,0.2198515385389328,0.6296239495277405,6.3445329666137695,0.007813557051122189,2.142518997192383,0.9800501465797424,,,,,,,,,,,,,,,
,1.5564468311906214e-05,13749,,,,,,,,,,,,,,,,,,,,,,,,,,,,,,
133,,13749,0.7563588619232178,0.3577267825603485,1.6714524030685425,0.04837239161133766,0.5303913950920105,0.6248270869255066,3.1106162071228027,0.0024384772405028343,3.650552272796631,0.1686500906944275,0.6029550433158875,6.392575263977051,0.02921881712973118,2.2074646949768066,0.9024437069892883,,,,,,,,,,,,,,,
,1.543184180119607e-05,13759,,,,,,,,,,,,,,,,,,,,,,,,,,,,,,
133,,13759,0.7107776403427124,0.2869691848754883,1.5655417442321777,0.037556882947683334,0.5659611821174622,0.6363085508346558,2.9305906295776367,0.002779837232083082,3.707359790802002,0.15664491057395935,0.5680060386657715,6.20402193069458,0.008894464001059532,2.242767095565796,0.5940075516700745,,,,,,,,,,,,,,,
,1.529975212407889e-05,13769,,,,,,,,,,,,,,,,,,,,,,,,,,,,,,
133,,13769,0.6715766787528992,0.3348442018032074,1.580544114112854,0.029565809294581413,0.5955924391746521,0.7201659679412842,2.697910785675049,0.005055817309767008,3.6101531982421875,0.22802653908729553,0.6314504146575928,6.167498588562012,0.016651583835482597,2.2030067443847656,0.7274332046508789,,,,,,,,,,,,,,,
,1.5168199807500909e-05,13779,,,,,,,,,,,,,,,,,,,,,,,,,,,,,,
133,,13779,0.8074169158935547,0.4010607600212097,1.664508581161499,0.03916776180267334,0.5800696015357971,1.1143760681152344,2.5493288040161133,0.0018362468108534813,3.665586471557617,0.2658023536205292,0.6278262734413147,6.5255889892578125,0.02573716640472412,2.169401168823242,0.7493414878845215,,,,,,,,,,,,,,,
,1.5037185376264576e-05,13789,,,,,,,,,,,,,,,,,,,,,,,,,,,,,,
133,,13789,0.7643513679504395,0.2850956916809082,1.779337763786316,0.061375051736831665,0.5809114575386047,0.8398153781890869,3.044180393218994,0.005351679399609566,3.7222611904144287,0.1914377063512802,0.5824499726295471,6.556039810180664,0.011637079529464245,2.1925692558288574,0.8467110991477966,,,,,,,,,,,,,,,
,1.4906709353026614e-05,13799,,,,,,,,,,,,,,,,,,,,,,,,,,,,,,
133,,13799,0.6964152455329895,0.3860384225845337,1.5746147632598877,0.049030520021915436,0.5684022903442383,0.5691871047019958,2.7017924785614014,0.0027075796388089657,3.6583645343780518,0.1644967496395111,0.5483334064483643,6.188973426818848,0.01549804862588644,2.1820218563079834,0.8396083116531372,,,,,,,,,,,,,,,
133,,13801,,,,,,,,,,,,,,,,0.8568278551101685,0.21619637310504913,1.6674144268035889,0.015767507255077362,0.5251448154449463,2.7041351795196533,2.7323577404022217,0.03534490615129471,3.2005529403686523,0.13093091547489166,0.33175334334373474,6.813338279724121,0.023670503869652748,2.4094796180725098,0.9015074372291565
,1.4776772258295788e-05,13809,,,,,,,,,,,,,,,,,,,,,,,,,,,,,,
134,,13809,0.8013559579849243,0.39945217967033386,1.579709768295288,0.02746472880244255,0.5769663453102112,1.2124930620193481,2.4486641883850098,0.0019341550068929791,3.609647274017334,0.1709708571434021,0.6684870719909668,6.415258884429932,0.019605102017521858,2.2042317390441895,0.6674595475196838,,,,,,,,,,,,,,,
,1.464737461043099e-05,13819,,,,,,,,,,,,,,,,,,,,,,,,,,,,,,
134,,13819,0.6943536400794983,0.3033253252506256,1.71672523021698,0.04740766063332558,0.5831104516983032,0.726527988910675,2.860105276107788,0.002627328969538212,3.611755847930908,0.07903480529785156,0.6420316696166992,6.220527648925781,0.005573129281401634,2.1491451263427734,0.6843628883361816,,,,,,,,,,,,,,,
,1.4518516925639062e-05,13829,,,,,,,,,,,,,,,,,,,,,,,,,,,,,,
134,,13829,0.7501033544540405,0.26081517338752747,1.5641676187515259,0.010944537818431854,0.5542710423469543,0.596385657787323,2.8686487674713135,0.005202602595090866,3.645979404449463,0.16092783212661743,0.6191688179969788,6.231977939605713,0.008044599555432796,2.267381429672241,1.0376096963882446,,,,,,,,,,,,,,,
,1.4390199717972789e-05,13839,,,,,,,,,,,,,,,,,,,,,,,,,,,,,,
134,,13839,0.7196410298347473,0.3328458070755005,1.6220755577087402,0.01720537804067135,0.5768641829490662,0.6680783033370972,2.820486545562744,0.004264594987034798,3.6618947982788086,0.14283177256584167,0.6420404314994812,6.314574241638184,0.01097011286765337,2.2274627685546875,1.0248279571533203,,,,,,,,,,,,,,,
,1.4262423499328762e-05,13849,,,,,,,,,,,,,,,,,,,,,,,,,,,,,,
134,,13849,0.683255672454834,0.2750329077243805,1.8669230937957764,0.03908780962228775,0.5820138454437256,0.766295850276947,3.0413665771484375,0.004711895249783993,3.662644863128662,0.14223746955394745,0.6069492101669312,6.396578311920166,0.024993909522891045,2.22998309135437,0.7390096783638,,,,,,,,,,,,,,,
,1.4135188779445466e-05,13859,,,,,,,,,,,,,,,,,,,,,,,,,,,,,,
134,,13859,0.7030870318412781,0.2928521931171417,1.7448512315750122,0.050609733909368515,0.5824674367904663,0.7169886231422424,2.708632707595825,0.0068974243476986885,3.6995506286621094,0.15822866559028625,0.6365933418273926,6.334261894226074,0.026965122669935226,2.219600200653076,0.7525906562805176,,,,,,,,,,,,,,,
,1.4008496065901181e-05,13869,,,,,,,,,,,,,,,,,,,,,,,,,,,,,,
134,,13869,0.7863467931747437,0.37891048192977905,1.690708041191101,0.04114838317036629,0.5748395323753357,0.7269884347915649,2.873694896697998,0.0032994658686220646,3.606062173843384,0.20647674798965454,0.630702793598175,6.420735836029053,0.009934507310390472,2.2409090995788574,1.0853393077850342,,,,,,,,,,,,,,,
,1.388234586411195e-05,13879,,,,,,,,,,,,,,,,,,,,,,,,,,,,,,
134,,13879,0.7858852744102478,0.33875080943107605,1.7626090049743652,0.045547936111688614,0.5765537023544312,0.7292851209640503,2.790398597717285,0.0029432782903313637,3.5581345558166504,0.12453455477952957,0.6196868419647217,6.282495498657227,0.013478937558829784,2.1938915252685547,0.8538931012153625,,,,,,,,,,,,,,,
,1.3756738677329477e-05,13889,,,,,,,,,,,,,,,,,,,,,,,,,,,,,,
134,,13889,0.7541929483413696,0.2834140360355377,1.5850967168807983,0.045173536986112595,0.5700214505195618,0.6081814169883728,2.8958699703216553,0.0043543437495827675,3.6763458251953125,0.29227545857429504,0.5903560519218445,6.286425590515137,0.007759151980280876,2.2037782669067383,0.8477526307106018,,,,,,,,,,,,,,,
,1.3631675006639404e-05,13899,,,,,,,,,,,,,,,,,,,,,,,,,,,,,,
134,,13899,0.7105734348297119,0.31153610348701477,1.5760642290115356,0.029185760766267776,0.5780776739120483,0.9016017317771912,2.4949681758880615,0.0032603794243186712,3.621283531188965,0.2950059771537781,0.6087827086448669,6.217090129852295,0.0416298434138298,2.2179627418518066,0.6131340861320496,,,,,,,,,,,,,,,
134,,13904,,,,,,,,,,,,,,,,0.8865322470664978,0.21451832354068756,1.6512887477874756,0.015810534358024597,0.5203102231025696,2.7484538555145264,2.7402563095092773,0.048485055565834045,3.1779873371124268,0.12736010551452637,0.34767577052116394,6.85504150390625,0.023800214752554893,2.3926315307617188,0.9549680948257446
,1.3507155350958954e-05,13909,,,,,,,,,,,,,,,,,,,,,,,,,,,,,,
135,,13909,0.7012873291969299,0.3832937479019165,1.4948619604110718,0.0289982371032238,0.5818070769309998,0.6302332878112793,2.825550079345703,0.0032570362091064453,3.6758697032928467,0.09375831484794617,0.6049420833587646,6.270444393157959,0.008708758279681206,2.17685866355896,0.9972755908966064,,,,,,,,,,,,,,,
,1.3383180207035187e-05,13919,,,,,,,,,,,,,,,,,,,,,,,,,,,,,,
135,,13919,0.6975725889205933,0.385970801115036,1.6151483058929443,0.05814677104353905,0.5944514274597168,0.6884762048721313,2.4337403774261475,0.004575960338115692,3.565711498260498,0.19250759482383728,0.6513585448265076,6.169402122497559,0.007284024264663458,2.138465404510498,0.9517658352851868,,,,,,,,,,,,,,,
,1.3259750069442888e-05,13929,,,,,,,,,,,,,,,,,,,,,,,,,,,,,,
135,,13929,0.784067690372467,0.33317238092422485,1.6277108192443848,0.040975481271743774,0.5798731446266174,0.8347005248069763,2.7292771339416504,0.004836880601942539,3.660639524459839,0.3479335904121399,0.6077916026115417,6.485304832458496,0.019042950123548508,2.22151517868042,1.0926909446716309,,,,,,,,,,,,,,,
,1.3136865430582689e-05,13939,,,,,,,,,,,,,,,,,,,,,,,,,,,,,,
135,,13939,0.7736971378326416,0.3703087568283081,1.7468050718307495,0.04481009766459465,0.5808655619621277,0.6445382237434387,2.7211732864379883,0.006580405868589878,3.6106557846069336,0.1456909030675888,0.6651463508605957,6.281976222991943,0.020198408514261246,2.1781115531921387,0.7935205101966858,,,,,,,,,,,,,,,
,1.301452678067907e-05,13949,,,,,,,,,,,,,,,,,,,,,,,,,,,,,,
135,,13949,0.8974213600158691,0.5419536232948303,1.9648607969284058,0.05938282608985901,0.5893742442131042,1.1482443809509277,2.617506504058838,0.00289686257019639,3.7049567699432373,0.23007668554782867,0.6705976724624634,7.007490158081055,0.02505459636449814,2.1730525493621826,1.3859153985977173,,,,,,,,,,,,,,,
,1.2892734607778365e-05,13959,,,,,,,,,,,,,,,,,,,,,,,,,,,,,,
135,,13959,0.6378366351127625,0.308830201625824,1.5795344114303589,0.039171889424324036,0.5756008625030518,0.6031226515769958,2.552694797515869,0.004171034321188927,3.470794916152954,0.1916978359222412,0.6299957036972046,5.9442243576049805,0.029748443514108658,2.2617454528808594,0.8187949657440186,,,,,,,,,,,,,,,
,1.2771489397746809e-05,13969,,,,,,,,,,,,,,,,,,,,,,,,,,,,,,
135,,13969,0.7165559530258179,0.294364333152771,1.8088122606277466,0.0277334526181221,0.558799147605896,1.0623798370361328,2.9787888526916504,0.005803294479846954,3.6070497035980225,0.22905103862285614,0.5871373414993286,6.521871566772461,0.030716367065906525,2.1933376789093018,0.8817658424377441,,,,,,,,,,,,,,,
,1.265079163426871e-05,13979,,,,,,,,,,,,,,,,,,,,,,,,,,,,,,
135,,13979,0.7368464469909668,0.32972195744514465,1.9215811491012573,0.06637072563171387,0.5916019082069397,0.687438428401947,2.7015116214752197,0.0047386810183525085,3.5993871688842773,0.1747221201658249,0.6270017623901367,6.360623836517334,0.004809357225894928,2.199526071548462,0.9664186835289001,,,,,,,,,,,,,,,
,1.253064179884442e-05,13989,,,,,,,,,,,,,,,,,,,,,,,,,,,,,,
135,,13989,0.7358779311180115,0.29868996143341064,1.644093632698059,0.044666338711977005,0.6002331376075745,0.6156589388847351,3.0292141437530518,0.0050230491906404495,3.698298692703247,0.2505182921886444,0.645506739616394,6.378876686096191,0.018230052664875984,2.2179505825042725,0.8338184952735901,,,,,,,,,,,,,,,
,1.2411040370788383e-05,13999,,,,,,,,,,,,,,,,,,,,,,,,,,,,,,
135,,13999,0.8266891837120056,0.43475133180618286,1.6283063888549805,0.04270104691386223,0.5750068426132202,0.6587418913841248,2.6872715950012207,0.005216538440436125,3.7189104557037354,0.17540790140628815,0.6058385968208313,6.378570556640625,0.014356907457113266,2.230280876159668,0.7640968561172485,,,,,,,,,,,,,,,
135,,14007,,,,,,,,,,,,,,,,0.8178091645240784,0.21211138367652893,1.614658236503601,0.016713285818696022,0.5841554999351501,2.4424729347229004,2.7381129264831543,0.05112432315945625,3.19724178314209,0.13258706033229828,0.33240559697151184,6.685155868530273,0.0236753448843956,2.39640212059021,0.9336057305335999
,1.2291987827227335e-05,14009,,,,,,,,,,,,,,,,,,,,,,,,,,,,,,
136,,14009,0.6664740443229675,0.28600239753723145,2.049443006515503,0.05663350224494934,0.584812581539154,0.3949328362941742,2.924891710281372,0.006924331188201904,3.5598652362823486,0.16293388605117798,0.6520076990127563,6.221524238586426,0.024697402492165565,2.2092089653015137,0.937329113483429,,,,,,,,,,,,,,,
,1.2173484643098363e-05,14019,,,,,,,,,,,,,,,,,,,,,,,,,,,,,,
136,,14019,0.6859842538833618,0.41025489568710327,1.8438640832901,0.03602050244808197,0.5682278275489807,0.7348630428314209,2.7944440841674805,0.0032835453748703003,3.626756191253662,0.3229910135269165,0.6250088810920715,6.387003421783447,0.022728020325303078,2.2253799438476562,0.8547061681747437,,,,,,,,,,,,,,,
,1.2055531291146964e-05,14029,,,,,,,,,,,,,,,,,,,,,,,,,,,,,,
136,,14029,0.6576886773109436,0.35857653617858887,1.574164867401123,0.04523259401321411,0.5869700312614441,0.6299965381622314,2.572150945663452,0.008827298879623413,3.585573196411133,0.11375456303358078,0.653815746307373,6.132440090179443,0.01492568664252758,2.1891531944274902,0.935839831829071,,,,,,,,,,,,,,,
,1.1938128241925115e-05,14039,,,,,,,,,,,,,,,,,,,,,,,,,,,,,,
136,,14039,0.6828795075416565,0.24691838026046753,1.5787746906280518,0.03130444884300232,0.5843364000320435,0.9292288422584534,2.865386724472046,0.0051505956798791885,3.6657793521881104,0.14690206944942474,0.6450095176696777,6.390378952026367,0.016114678233861923,2.2287702560424805,0.9336938261985779,,,,,,,,,,,,,,,
,1.1821275963789573e-05,14049,,,,,,,,,,,,,,,,,,,,,,,,,,,,,,
136,,14049,0.7275100350379944,0.4203059673309326,2.013312578201294,0.023517634719610214,0.5641496777534485,0.7615485787391663,2.860333204269409,0.005784383974969387,3.5582680702209473,0.1646481454372406,0.6293587684631348,6.342789649963379,0.01308849360793829,2.2163586616516113,0.7293174266815186,,,,,,,,,,,,,,,
,1.1704974922899879e-05,14059,,,,,,,,,,,,,,,,,,,,,,,,,,,,,,
136,,14059,0.6656980514526367,0.33488547801971436,1.7261229753494263,0.043187465518713,0.5733256936073303,0.6139192581176758,2.794266939163208,0.007437599822878838,3.511751413345337,0.10248413681983948,0.6200572848320007,6.1034255027771,0.02457910031080246,2.2213308811187744,0.8119580745697021,,,,,,,,,,,,,,,
,1.1589225583216488e-05,14069,,,,,,,,,,,,,,,,,,,,,,,,,,,,,,
136,,14069,0.6739257574081421,0.36621811985969543,1.8353134393692017,0.048078618943691254,0.5712870955467224,0.47726207971572876,2.8245036602020264,0.003071219427511096,3.7046470642089844,0.1268986612558365,0.6098767518997192,6.259243488311768,0.012777947820723057,2.2392845153808594,0.7601179480552673,,,,,,,,,,,,,,,
,1.1474028406498915e-05,14079,,,,,,,,,,,,,,,,,,,,,,,,,,,,,,
136,,14079,0.6303106546401978,0.28826168179512024,1.5317888259887695,0.020593417808413506,0.5625912547111511,0.664652407169342,2.9501640796661377,0.005347299389541149,3.537745475769043,0.1205921545624733,0.6177011728286743,6.06528377532959,0.00841138232499361,2.24989652633667,0.8368135094642639,,,,,,,,,,,,,,,
,1.1359383852304066e-05,14089,,,,,,,,,,,,,,,,,,,,,,,,,,,,,,
136,,14089,0.7051942348480225,0.3520236611366272,1.917676568031311,0.04014737531542778,0.5572899580001831,0.7069412469863892,2.9452176094055176,0.005210646893829107,3.7391624450683594,0.23122966289520264,0.6195554137229919,6.55139684677124,0.009443288668990135,2.169236183166504,1.0034350156784058,,,,,,,,,,,,,,,
,1.1245292377984116e-05,14099,,,,,,,,,,,,,,,,,,,,,,,,,,,,,,
136,,14099,0.7431842684745789,0.30828145146369934,1.8174225091934204,0.03652754798531532,0.5625945329666138,0.727077841758728,3.0119781494140625,0.009450146928429604,3.7050039768218994,0.13579440116882324,0.6601337194442749,6.508490562438965,0.040341828018426895,2.148507595062256,0.8915252685546875,,,,,,,,,,,,,,,
,1.113175443868492e-05,14109,,,,,,,,,,,,,,,,,,,,,,,,,,,,,,
136,,14109,0.6707713603973389,0.3486468493938446,1.6539373397827148,0.058611009269952774,0.57513427734375,0.562596321105957,2.7432098388671875,0.004589066840708256,3.6115214824676514,0.2655209004878998,0.6011403203010559,6.259891986846924,0.02521403506398201,2.1974399089813232,1.0599654912948608,,,,,,,,,,,,,,,
136,,14110,,,,,,,,,,,,,,,,0.7637955546379089,0.2123342603445053,1.6371312141418457,0.01633976586163044,0.5920494794845581,2.3982863426208496,2.7568113803863525,0.05457253381609917,3.232862710952759,0.12966495752334595,0.34013745188713074,6.687138557434082,0.02401909790933132,2.3873565196990967,0.9251251816749573
,1.1018770487344014e-05,14119,,,,,,,,,,,,,,,,,,,,,,,,,,,,,,
137,,14119,0.7121710777282715,0.3527192771434784,1.7086865901947021,0.04808482155203819,0.5739350318908691,0.6133887767791748,2.84151554107666,0.006694722920656204,3.6282927989959717,0.20875565707683563,0.6518942713737488,6.31329870223999,0.010268082842230797,2.177398204803467,0.9597663879394531,,,,,,,,,,,,,,,
,1.0906340974689104e-05,14129,,,,,,,,,,,,,,,,,,,,,,,,,,,,,,
137,,14129,0.7340242862701416,0.3873276710510254,1.6408579349517822,0.1001281812787056,0.5651642680168152,0.5169842839241028,2.59104061126709,0.005259067751467228,3.554600238800049,0.1406625360250473,0.645374059677124,6.185013294219971,0.03746652230620384,2.237313747406006,0.918804943561554,,,,,,,,,,,,,,,
,1.0794466349235863e-05,14139,,,,,,,,,,,,,,,,,,,,,,,,,,,,,,
137,,14139,0.7391020059585571,0.4224463701248169,1.793327808380127,0.02347685769200325,0.5843991041183472,0.8147324919700623,2.939223051071167,0.0034101256169378757,3.663604736328125,0.21744544804096222,0.6143583059310913,6.4661431312561035,0.020377762615680695,2.2425243854522705,0.7832847237586975,,,,,,,,,,,,,,,
,1.0683147057286473e-05,14149,,,,,,,,,,,,,,,,,,,,,,,,,,,,,,
137,,14149,0.7126780152320862,0.2905709147453308,1.7387911081314087,0.025010477751493454,0.5773420333862305,0.8218722939491272,2.81255841255188,0.005890221334993839,3.6002278327941895,0.2376193106174469,0.640046238899231,6.352499008178711,0.029848434031009674,2.1901330947875977,0.9175102710723877,,,,,,,,,,,,,,,
,1.0572383542927632e-05,14159,,,,,,,,,,,,,,,,,,,,,,,,,,,,,,
137,,14159,0.7422137260437012,0.41567450761795044,1.9530593156814575,0.05699282884597778,0.5859168171882629,0.7976888418197632,2.9873456954956055,0.0014658223371952772,3.814986228942871,0.25873255729675293,0.6040120124816895,6.708368301391602,0.022752314805984497,2.1112091541290283,0.7903497219085693,,,,,,,,,,,,,,,
,1.0462176248028947e-05,14169,,,,,,,,,,,,,,,,,,,,,,,,,,,,,,
137,,14169,0.6782265901565552,0.2949012517929077,1.6997750997543335,0.0782422423362732,0.5641452074050903,0.789811909198761,3.064870834350586,0.0029660272412002087,3.6872403621673584,0.24023276567459106,0.6366466879844666,6.477468967437744,0.019418248906731606,2.208611488342285,0.8569031953811646,,,,,,,,,,,,,,,
,1.0352525612241069e-05,14179,,,,,,,,,,,,,,,,,,,,,,,,,,,,,,
137,,14179,0.7262056469917297,0.4568469822406769,1.6596124172210693,0.030912067741155624,0.5865692496299744,0.739016056060791,2.860334873199463,0.009991858154535294,3.6309492588043213,0.22039353847503662,0.6177121996879578,6.44703483581543,0.021847086027264595,2.2248005867004395,1.072579026222229,,,,,,,,,,,,,,,
,1.0243432072993974e-05,14189,,,,,,,,,,,,,,,,,,,,,,,,,,,,,,
137,,14189,0.7674586772918701,0.419650137424469,1.5552066564559937,0.02132106013596058,0.5805227756500244,0.719883382320404,2.584956407546997,0.005397427827119827,3.622192859649658,0.2420550286769867,0.6096017956733704,6.172878742218018,0.006086204666644335,2.197321891784668,0.6339626312255859,,,,,,,,,,,,,,,
,1.0134896065495179e-05,14199,,,,,,,,,,,,,,,,,,,,,,,,,,,,,,
137,,14199,0.7117541432380676,0.41719990968704224,1.650014877319336,0.03240758553147316,0.5582150220870972,0.4636237919330597,2.9548499584198,0.0060212379321455956,3.643775224685669,0.24681377410888672,0.6428042054176331,6.257561206817627,0.01780187338590622,2.2257332801818848,0.880443811416626,,,,,,,,,,,,,,,
,1.0026918022728054e-05,14209,,,,,,,,,,,,,,,,,,,,,,,,,,,,,,
137,,14209,0.7241325378417969,0.2481466829776764,1.677859902381897,0.034661006182432175,0.5563938617706299,0.5432273745536804,2.8012990951538086,0.005309712141752243,3.673767566680908,0.14231444895267487,0.5981502532958984,6.2066521644592285,0.004912908188998699,2.2044060230255127,0.9043494462966919,,,,,,,,,,,,,,,
137,,14213,,,,,,,,,,,,,,,,0.7730203866958618,0.210537850856781,1.6275886297225952,0.013876393437385559,0.6833164095878601,2.4048168659210205,2.7508797645568848,0.052875418215990067,3.2663793563842773,0.132823184132576,0.3263970613479614,6.7199201583862305,0.023314230144023895,2.4030327796936035,0.8610442280769348
,9.919498375450108e-06,14219,,,,,,,,,,,,,,,,,,,,,,,,,,,,,,
138,,14219,0.6906216144561768,0.36896854639053345,1.970279335975647,0.04144246131181717,0.5851414799690247,0.5556897521018982,2.948383092880249,0.0013623989652842283,3.5615079402923584,0.10396823287010193,0.5965085029602051,6.18633508682251,0.012423789128661156,2.2086868286132812,0.631643533706665,,,,,,,,,,,,,,,
,9.812637552191139e-06,14229,,,,,,,,,,,,,,,,,,,,,,,,,,,,,,
138,,14229,0.7213299870491028,0.3699728548526764,1.8630586862564087,0.0389009565114975,0.5619863867759705,0.8873921632766724,2.890904426574707,0.003429972566664219,3.6192431449890137,0.17479704320430756,0.6354967355728149,6.465138912200928,0.015451551415026188,2.1963536739349365,0.8676797151565552,,,,,,,,,,,,,,,
,9.70633597925179e-06,14239,,,,,,,,,,,,,,,,,,,,,,,,,,,,,,
138,,14239,0.7443605661392212,0.3594561219215393,1.6113100051879883,0.04146295040845871,0.5531821250915527,0.6252081990242004,2.6355748176574707,0.004305195063352585,3.727942943572998,0.20175446569919586,0.6694103479385376,6.307974815368652,0.03222811222076416,2.1722490787506104,0.7624714970588684,,,,,,,,,,,,,,,
,9.600594080701524e-06,14249,,,,,,,,,,,,,,,,,,,,,,,,,,,,,,
138,,14249,0.6295174360275269,0.31732138991355896,1.504730463027954,0.026916837319731712,0.5760685801506042,0.5893029570579529,2.7615833282470703,0.004765230230987072,3.5500361919403076,0.20251242816448212,0.6291355490684509,6.050119876861572,0.022749487310647964,2.2250168323516846,0.8909231424331665,,,,,,,,,,,,,,,
,9.495412278377207e-06,14259,,,,,,,,,,,,,,,,,,,,,,,,,,,,,,
138,,14259,0.7315486073493958,0.48624926805496216,1.4438930749893188,0.04894481971859932,0.551068127155304,0.49590998888015747,2.5385701656341553,0.0012840279377996922,3.6134884357452393,0.21093378961086273,0.620209276676178,6.032364845275879,0.012536772526800632,2.2388625144958496,0.6220737099647522,,,,,,,,,,,,,,,
,9.390790991881176e-06,14269,,,,,,,,,,,,,,,,,,,,,,,,,,,,,,
138,,14269,0.6874275207519531,0.32369956374168396,1.5037908554077148,0.04093853011727333,0.547149121761322,0.6596000790596008,2.949220657348633,0.0037887655198574066,3.6406335830688477,0.29001083970069885,0.5684992671012878,6.219676971435547,0.010080196894705296,2.1993134021759033,0.7960357666015625,,,,,,,,,,,,,,,
,9.286730638579886e-06,14279,,,,,,,,,,,,,,,,,,,,,,,,,,,,,,
138,,14279,0.7740342020988464,0.35687151551246643,1.560450792312622,0.033451810479164124,0.5914864540100098,0.49713629484176636,2.7431294918060303,0.004413601476699114,3.667588472366333,0.24547089636325836,0.6085141897201538,6.202157497406006,0.00502464035525918,2.1897780895233154,0.8434421420097351,,,,,,,,,,,,,,,
,9.183231633601873e-06,14289,,,,,,,,,,,,,,,,,,,,,,,,,,,,,,
138,,14289,0.8879891633987427,0.4077942967414856,1.8732870817184448,0.0420592799782753,0.565158486366272,0.9923263788223267,2.9176106452941895,0.0047891754657030106,3.7499382495880127,0.14619147777557373,0.6020385026931763,6.770376682281494,0.0287765059620142,2.24159574508667,0.8884074091911316,,,,,,,,,,,,,,,
,9.080294389836423e-06,14299,,,,,,,,,,,,,,,,,,,,,,,,,,,,,,
138,,14299,0.6921055912971497,0.4068664312362671,1.7203726768493652,0.03324442729353905,0.5507529377937317,0.7156450748443604,2.7512741088867188,0.00507541187107563,3.7120604515075684,0.1665991246700287,0.6247886419296265,6.325508117675781,0.0060523203574121,2.192237377166748,0.7029580473899841,,,,,,,,,,,,,,,
,8.977919317931653e-06,14309,,,,,,,,,,,,,,,,,,,,,,,,,,,,,,
138,,14309,0.7031285166740417,0.4484703242778778,1.7142596244812012,0.018862398341298103,0.5781062841415405,0.5192568898200989,2.904219388961792,0.004407014697790146,3.670407772064209,0.14582698047161102,0.6180591583251953,6.2519402503967285,0.01280837133526802,2.201444387435913,0.7484285831451416,,,,,,,,,,,,,,,
138,,14316,,,,,,,,,,,,,,,,0.7530058026313782,0.21046452224254608,1.6823410987854004,0.013590809889137745,0.6865095496177673,1.9889004230499268,2.808236837387085,0.06030481308698654,3.2370052337646484,0.1371583342552185,0.326833039522171,6.523746967315674,0.023160390555858612,2.394216537475586,0.9007232785224915
,8.876106826293155e-06,14319,,,,,,,,,,,,,,,,,,,,,,,,,,,,,,
139,,14319,0.7927929162979126,0.35512638092041016,1.6914582252502441,0.031928543001413345,0.5721918344497681,0.844028890132904,2.66937518119812,0.0055063143372535706,3.6783955097198486,0.2314571738243103,0.6202317476272583,6.446268558502197,0.02003185823559761,2.191620349884033,0.9111707806587219,,,,,,,,,,,,,,,
,8.774857321082084e-06,14329,,,,,,,,,,,,,,,,,,,,,,,,,,,,,,
139,,14329,0.6398290991783142,0.3925267159938812,1.7563053369522095,0.032054271548986435,0.554379403591156,0.7735047936439514,2.8964767456054688,0.003970184829086065,3.583432197570801,0.19628125429153442,0.5742872357368469,6.232316493988037,0.013528634794056416,2.233208179473877,0.6724924445152283,,,,,,,,,,,,,,,
,8.674171206213742e-06,14339,,,,,,,,,,,,,,,,,,,,,,,,,,,,,,
139,,14339,0.6493205428123474,0.3717721104621887,1.5126495361328125,0.02401411160826683,0.5757308006286621,0.27198073267936707,3.0035996437072754,0.005838991142809391,3.571579694747925,0.1489570587873459,0.6367427706718445,5.991348743438721,0.0074331630021333694,2.211329460144043,0.9160143136978149,,,,,,,,,,,,,,,
,8.574048883355877e-06,14349,,,,,,,,,,,,,,,,,,,,,,,,,,,,,,
139,,14349,0.6616390347480774,0.32118573784828186,1.7400262355804443,0.08563157916069031,0.5761646628379822,0.5353666543960571,2.792722463607788,0.0056102462112903595,3.582453966140747,0.16226284205913544,0.647698163986206,6.300055980682373,0.019736280664801598,2.157470941543579,1.20512855052948,,,,,,,,,,,,,,,
,8.47449075192707e-06,14359,,,,,,,,,,,,,,,,,,,,,,,,,,,,,,
139,,14359,0.7586122155189514,0.28863057494163513,1.7362853288650513,0.03385506942868233,0.5668988227844238,0.6986608505249023,2.8721702098846436,0.004900406114757061,3.6510753631591797,0.19752441346645355,0.6144063472747803,6.341122150421143,0.014150732196867466,2.1555967330932617,0.8662972450256348,,,,,,,,,,,,,,,
,8.375497209095223e-06,14369,,,,,,,,,,,,,,,,,,,,,,,,,,,,,,
139,,14369,0.6687777042388916,0.28530579805374146,1.7107784748077393,0.028979390859603882,0.5585837364196777,0.41012874245643616,2.810133934020996,0.009238505735993385,3.5406970977783203,0.1477477103471756,0.6409834623336792,6.074599742889404,0.01917523890733719,2.2381796836853027,1.0572093725204468,,,,,,,,,,,,,,,
,8.277068649775914e-06,14379,,,,,,,,,,,,,,,,,,,,,,,,,,,,,,
139,,14379,0.7468321323394775,0.32287511229515076,1.8316248655319214,0.04780588299036026,0.582736611366272,0.5386298298835754,2.8425300121307373,0.003683998715132475,3.67167329788208,0.11740906536579132,0.6396327018737793,6.312723159790039,0.01228721160441637,2.1664252281188965,0.8468344807624817,,,,,,,,,,,,,,,
,8.179205466630767e-06,14389,,,,,,,,,,,,,,,,,,,,,,,,,,,,,,
139,,14389,0.7831200957298279,0.31696751713752747,1.8198566436767578,0.028894081711769104,0.5461117625236511,0.6778920292854309,2.8695666790008545,0.006441765930503607,3.734361410140991,0.103602834045887,0.611863911151886,6.487843036651611,0.012766677886247635,2.2196476459503174,1.0343196392059326,,,,,,,,,,,,,,,
,8.081908050065988e-06,14399,,,,,,,,,,,,,,,,,,,,,,,,,,,,,,
139,,14399,0.7179370522499084,0.3248322010040283,1.675174355506897,0.03669866919517517,0.5630213022232056,0.7059026956558228,2.7237210273742676,0.0037833070382475853,3.611467123031616,0.23583605885505676,0.6418631672859192,6.242084980010986,0.01918022148311138,2.1773879528045654,0.8037201762199402,,,,,,,,,,,,,,,
,7.985176788230824e-06,14409,,,,,,,,,,,,,,,,,,,,,,,,,,,,,,
139,,14409,0.6912732720375061,0.2847110629081726,1.7367243766784668,0.045716505497694016,0.5727099776268005,0.6514278054237366,2.7407431602478027,0.0028891798574477434,3.635876178741455,0.3236057460308075,0.6274423599243164,6.303651332855225,0.016273537650704384,2.173686981201172,0.9808361530303955,,,,,,,,,,,,,,,
,7.88901206701581e-06,14419,,,,,,,,,,,,,,,,,,,,,,,,,,,,,,
139,,14419,0.6607305407524109,0.258783221244812,1.6584187746047974,0.02958708256483078,0.5665682554244995,0.45153388381004333,3.076016902923584,0.003841917496174574,3.692836046218872,0.37873443961143494,0.5877095460891724,6.194126129150391,0.01441239845007658,2.210115671157837,0.7042636275291443,,,,,,,,,,,,,,,
139,,14419,,,,,,,,,,,,,,,,0.7822336554527283,0.21209771931171417,1.6421977281570435,0.013697197660803795,0.6782166957855225,2.113966464996338,2.7755935192108154,0.061785951256752014,3.254772424697876,0.13621756434440613,0.3348970115184784,6.592923164367676,0.023402458056807518,2.3894975185394287,0.8760067224502563
,7.793414270051556e-06,14429,,,,,,,,,,,,,,,,,,,,,,,,,,,,,,
140,,14429,0.8669679760932922,0.31125378608703613,1.7674171924591064,0.03313786908984184,0.5788612365722656,0.8490182161331177,3.0286858081817627,0.0027870493941009045,3.6414527893066406,0.16331757605075836,0.629794180393219,6.511993408203125,0.023647943511605263,2.149352550506592,0.819683313369751,,,,,,,,,,,,,,,
,7.698383778706902e-06,14439,,,,,,,,,,,,,,,,,,,,,,,,,,,,,,
140,,14439,0.6869847178459167,0.3060069978237152,1.5834468603134155,0.03316434100270271,0.5699737668037415,0.557336151599884,2.7291908264160156,0.0081603042781353,3.6164424419403076,0.16095569729804993,0.6183153986930847,6.147644519805908,0.01576838083565235,2.266942262649536,0.9397138953208923,,,,,,,,,,,,,,,
,7.603920972087607e-06,14449,,,,,,,,,,,,,,,,,,,,,,,,,,,,,,
140,,14449,0.7669788599014282,0.30766066908836365,1.6612404584884644,0.009559034369885921,0.5380447506904602,0.5942750573158264,3.138514995574951,0.007010839879512787,3.7788379192352295,0.12865616381168365,0.6014962792396545,6.411474227905273,0.004573189187794924,2.253782033920288,0.8356386423110962,,,,,,,,,,,,,,,
,7.510026227034682e-06,14459,,,,,,,,,,,,,,,,,,,,,,,,,,,,,,
140,,14459,0.7222739458084106,0.3189338743686676,1.8556045293807983,0.03557835519313812,0.5693676471710205,0.5368293523788452,2.950019359588623,0.0054490529000759125,3.568972587585449,0.20625509321689606,0.6091862320899963,6.293942451477051,0.0209413543343544,2.2366273403167725,1.0552419424057007,,,,,,,,,,,,,,,
,7.416699918123098e-06,14469,,,,,,,,,,,,,,,,,,,,,,,,,,,,,,
140,,14469,0.8704158067703247,0.29856908321380615,1.6783086061477661,0.02829860895872116,0.5663890242576599,0.8232356905937195,3.1260387897491455,0.0026394573505967855,3.609856605529785,0.1503617912530899,0.5993046164512634,6.444004058837891,0.013066284358501434,2.2174007892608643,0.8495838046073914,,,,,,,,,,,,,,,
,7.323942417660023e-06,14479,,,,,,,,,,,,,,,,,,,,,,,,,,,,,,
140,,14479,0.7238918542861938,0.3855842053890228,1.755868911743164,0.03437396511435509,0.563136875629425,0.7084031105041504,2.5025761127471924,0.006618252955377102,3.6133577823638916,0.20445308089256287,0.6494337320327759,6.26738166809082,0.018199894577264786,2.1937010288238525,0.9023571610450745,,,,,,,,,,,,,,,
,7.231754095683556e-06,14489,,,,,,,,,,,,,,,,,,,,,,,,,,,,,,
140,,14489,0.8407588601112366,0.28810733556747437,1.6587004661560059,0.04208999127149582,0.550771951675415,0.7840591073036194,3.1091525554656982,0.0061760591343045235,3.6540918350219727,0.1968453824520111,0.6469861268997192,6.554904937744141,0.01880975440144539,2.2122175693511963,1.1152311563491821,,,,,,,,,,,,,,,
,7.140135319961116e-06,14499,,,,,,,,,,,,,,,,,,,,,,,,,,,,,,
140,,14499,0.8480765223503113,0.37872129678726196,2.2483367919921875,0.04029688239097595,0.5549681782722473,0.6428911685943604,3.051499128341675,0.005569439847022295,3.722015380859375,0.12269304692745209,0.6279036998748779,6.655858993530273,0.016787229105830193,2.267962694168091,0.8470509648323059,,,,,,,,,,,,,,,
,7.049086455988118e-06,14509,,,,,,,,,,,,,,,,,,,,,,,,,,,,,,
140,,14509,0.6809430718421936,0.3165246546268463,1.624010443687439,0.04043779522180557,0.5615422129631042,0.4770754873752594,2.714742660522461,0.004822221584618092,3.558751106262207,0.21964718401432037,0.5976857542991638,6.036042213439941,0.017027243971824646,2.191288948059082,0.8354189395904541,,,,,,,,,,,,,,,
,6.958607866986299e-06,14519,,,,,,,,,,,,,,,,,,,,,,,,,,,,,,
140,,14519,0.7681268453598022,0.4625190496444702,1.9589086771011353,0.03450803831219673,0.5864303708076477,0.44632354378700256,3.1191487312316895,0.0072727445513010025,3.553734540939331,0.2319474071264267,0.6107473969459534,6.363719940185547,0.02540314383804798,2.253382921218872,0.9318675398826599,,,,,,,,,,,,,,,
140,,14522,,,,,,,,,,,,,,,,0.7748041152954102,0.2125658243894577,1.6967473030090332,0.013140970841050148,0.6434909701347351,1.9420469999313354,2.8170957565307617,0.07262364029884338,3.2678534984588623,0.1338183879852295,0.3514466881752014,6.559638977050781,0.02301367186009884,2.399492025375366,0.9167408347129822
,6.8686999139024975e-06,14529,,,,,,,,,,,,,,,,,,,,,,,,,,,,,,
141,,14529,0.7880836725234985,0.33278757333755493,1.736746072769165,0.03740774840116501,0.553790271282196,0.6977919340133667,2.841803550720215,0.005957247689366341,3.6781888008117676,0.2620980739593506,0.6111462116241455,6.4109110832214355,0.013082390651106834,2.1611204147338867,0.8958507180213928,,,,,,,,,,,,,,,
,6.779362955407025e-06,14539,,,,,,,,,,,,,,,,,,,,,,,,,,,,,,
141,,14539,0.6303359270095825,0.4005524814128876,1.7766422033309937,0.034926023334264755,0.5477477312088013,0.5584279298782349,2.609440326690674,0.005717480089515448,3.4919521808624268,0.1624494343996048,0.6332173347473145,6.061385631561279,0.05129118263721466,2.230897903442383,0.8319842219352722,,,,,,,,,,,,,,,
,6.690597347892429e-06,14549,,,,,,,,,,,,,,,,,,,,,,,,,,,,,,
141,,14549,0.736817479133606,0.35629531741142273,1.7159605026245117,0.05002245679497719,0.542580783367157,0.6943824887275696,2.7882485389709473,0.0025880602188408375,3.549832582473755,0.13130278885364532,0.6109331250190735,6.228882312774658,0.02695314772427082,2.1942877769470215,0.8399672508239746,,,,,,,,,,,,,,,
,6.602403445471865e-06,14559,,,,,,,,,,,,,,,,,,,,,,,,,,,,,,
141,,14559,0.6715922355651855,0.31009626388549805,1.5210715532302856,0.03908591717481613,0.558165967464447,0.42649567127227783,2.657116413116455,0.006439991295337677,3.6477346420288086,0.22156286239624023,0.6327117681503296,6.062576770782471,0.009820950217545033,2.2179534435272217,0.8883134126663208,,,,,,,,,,,,,,,
,6.5147815999778145e-06,14569,,,,,,,,,,,,,,,,,,,,,,,,,,,,,,
141,,14569,0.6593452095985413,0.47768670320510864,1.7526289224624634,0.04095945134758949,0.5637140274047852,0.46482983231544495,2.730792999267578,0.010247360914945602,3.6059937477111816,0.1985408067703247,0.6210079193115234,6.20930290222168,0.027172008529305458,2.155758857727051,0.8945663571357727,,,,,,,,,,,,,,,
,6.427732160960697e-06,14579,,,,,,,,,,,,,,,,,,,,,,,,,,,,,,
141,,14579,0.6497716307640076,0.397874653339386,1.8409006595611572,0.037674177438020706,0.5510326623916626,0.4077732563018799,2.6479625701904297,0.009062429890036583,3.5707333087921143,0.17105087637901306,0.6220847368240356,6.081766605377197,0.011615641415119171,2.2303969860076904,0.8755514621734619,,,,,,,,,,,,,,,
,6.341255475687329e-06,14589,,,,,,,,,,,,,,,,,,,,,,,,,,,,,,
141,,14589,0.6306464672088623,0.29098519682884216,1.645180106163025,0.031594790518283844,0.5525043606758118,0.6585283279418945,2.612119674682617,0.00484997546300292,3.518864393234253,0.15041932463645935,0.6537249088287354,6.054771900177002,0.01948762871325016,2.2296411991119385,0.9365844130516052,,,,,,,,,,,,,,,
,6.255351889139703e-06,14599,,,,,,,,,,,,,,,,,,,,,,,,,,,,,,
141,,14599,0.8220083117485046,0.32704803347587585,1.5922616720199585,0.013396166265010834,0.5538929104804993,0.4641338586807251,2.6529650688171387,0.006642811931669712,3.683969020843506,0.1926862597465515,0.6098732352256775,6.1558051109313965,0.00878890510648489,2.247612953186035,0.7961574196815491,,,,,,,,,,,,,,,
,6.170021744013543e-06,14609,,,,,,,,,,,,,,,,,,,,,,,,,,,,,,
141,,14609,0.8978023529052734,0.33559444546699524,1.8290684223175049,0.023268863558769226,0.5594990849494934,0.7766535878181458,3.0462214946746826,0.0033086282201111317,3.6919074058532715,0.1736331433057785,0.6067806482315063,6.519164085388184,0.00908221211284399,2.194444417953491,0.7419326901435852,,,,,,,,,,,,,,,
,6.085265380716931e-06,14619,,,,,,,,,,,,,,,,,,,,,,,,,,,,,,
141,,14619,0.6532806158065796,0.32553863525390625,1.5853350162506104,0.036535054445266724,0.5345313549041748,0.6796191334724426,2.629441976547241,0.006104231812059879,3.5550739765167236,0.08035247772932053,0.6157934069633484,5.991761684417725,0.010998627170920372,2.197291851043701,0.6152639389038086,,,,,,,,,,,,,,,
141,,14625,,,,,,,,,,,,,,,,0.7849761843681335,0.21297864615917206,1.6886767148971558,0.011262347921729088,0.6855225563049316,1.8764573335647583,2.8350794315338135,0.07630371302366257,3.3151755332946777,0.13284707069396973,0.3434429466724396,6.594845771789551,0.0226054135710001,2.3990046977996826,0.9274006485939026
,6.001083137368951e-06,14629,,,,,,,,,,,,,,,,,,,,,,,,,,,,,,
142,,14629,0.6574711799621582,0.30556926131248474,1.714906096458435,0.0512390173971653,0.553220808506012,0.4879792034626007,2.7147724628448486,0.006411420181393623,3.5120763778686523,0.150164395570755,0.5926666855812073,6.054035663604736,0.01435848232358694,2.2178685665130615,1.008232831954956,,,,,,,,,,,,,,,
,5.9174753497983674e-06,14639,,,,,,,,,,,,,,,,,,,,,,,,,,,,,,
142,,14639,0.7190120220184326,0.3985156714916229,1.641432285308838,0.0487576462328434,0.5767412781715393,0.5009130239486694,2.819176435470581,0.006812695879489183,3.5784075260162354,0.22845213115215302,0.6180827617645264,6.160642147064209,0.019388500601053238,2.2199912071228027,0.795377254486084,,,,,,,,,,,,,,,
,5.8344423515421955e-06,14649,,,,,,,,,,,,,,,,,,,,,,,,,,,,,,
142,,14649,0.7974148988723755,0.35738056898117065,1.612074851989746,0.013405956327915192,0.557991087436676,0.9660406112670898,2.864236831665039,0.004551182966679335,3.5834107398986816,0.18556468188762665,0.6313608288764954,6.3645548820495605,0.017535828053951263,2.176640272140503,0.758949339389801,,,,,,,,,,,,,,,
,5.751984473844567e-06,14659,,,,,,,,,,,,,,,,,,,,,,,,,,,,,,
142,,14659,0.8887700438499451,0.36615437269210815,1.6819034814834595,0.06668919324874878,0.5426474213600159,0.9967316389083862,2.729645013809204,0.005910829640924931,3.6194894313812256,0.07122686505317688,0.6136225461959839,6.522724628448486,0.03015800751745701,2.193504810333252,0.8507059812545776,,,,,,,,,,,,,,,
,5.67010204565515e-06,14669,,,,,,,,,,,,,,,,,,,,,,,,,,,,,,
142,,14669,0.7859436869621277,0.37967449426651,1.9258358478546143,0.09379440546035767,0.5644955039024353,0.7589583396911621,2.8759844303131104,0.006452762521803379,3.691986560821533,0.302000492811203,0.600152313709259,6.591673851013184,0.017440663650631905,2.2217164039611816,0.8482586741447449,,,,,,,,,,,,,,,
,5.588795393628082e-06,14679,,,,,,,,,,,,,,,,,,,,,,,,,,,,,,
142,,14679,0.6801280975341797,0.30456650257110596,1.6266840696334839,0.03727894648909569,0.5903966426849365,0.5913616418838501,2.8079185485839844,0.004866598639637232,3.613344430923462,0.12406791746616364,0.5922096967697144,6.157932281494141,0.013020849786698818,2.2153351306915283,0.8573779463768005,,,,,,,,,,,,,,,
,5.508064842120402e-06,14689,,,,,,,,,,,,,,,,,,,,,,,,,,,,,,
142,,14689,0.6971338391304016,0.2807718813419342,1.7026201486587524,0.038657523691654205,0.5737921595573425,0.7562047243118286,2.7665927410125732,0.009872812777757645,3.5775082111358643,0.1580347865819931,0.6346768140792847,6.324276924133301,0.015608517453074455,2.2448325157165527,1.1570978164672852,,,,,,,,,,,,,,,
,5.427910713191125e-06,14699,,,,,,,,,,,,,,,,,,,,,,,,,,,,,,
142,,14699,0.6860613822937012,0.300942987203598,1.8238420486450195,0.020712509751319885,0.5523070693016052,0.5566277503967285,2.9374771118164062,0.004027719143778086,3.6164917945861816,0.2525372803211212,0.6399909853935242,6.2511115074157715,0.017207160592079163,2.2032973766326904,0.8849120736122131,,,,,,,,,,,,,,,
,5.348333326599519e-06,14709,,,,,,,,,,,,,,,,,,,,,,,,,,,,,,
142,,14709,0.7108553647994995,0.3242419958114624,1.59318208694458,0.0742952972650528,0.5575789213180542,0.7100179195404053,2.714564561843872,0.010706781409680843,3.6647980213165283,0.1483393907546997,0.5935075283050537,6.325259685516357,0.02987566962838173,2.2113420963287354,0.8950239419937134,,,,,,,,,,,,,,,
,5.26933299980421e-06,14719,,,,,,,,,,,,,,,,,,,,,,,,,,,,,,
142,,14719,0.6795597672462463,0.34148865938186646,1.5583231449127197,0.044177841395139694,0.5729939341545105,0.5128292441368103,2.740309953689575,0.006243497133255005,3.553712844848633,0.24502702057361603,0.5782309174537659,6.050204753875732,0.00628980528563261,2.2183923721313477,0.8625563979148865,,,,,,,,,,,,,,,
142,,14728,,,,,,,,,,,,,,,,0.758392870426178,0.21268917620182037,1.6396483182907104,0.011525089852511883,0.7604644298553467,1.8973907232284546,2.787025213241577,0.08476576954126358,3.329052686691284,0.13187633454799652,0.34630051255226135,6.622833728790283,0.022613007575273514,2.3834660053253174,0.9803377985954285
,5.1909100479616325e-06,14729,,,,,,,,,,,,,,,,,,,,,,,,,,,,,,
143,,14729,0.7957045435905457,0.40805479884147644,1.5957262516021729,0.05826465040445328,0.5648458003997803,0.7807998657226562,2.4045801162719727,0.005322026088833809,3.570232391357422,0.18889862298965454,0.6054959297180176,6.242946624755859,0.01366135198622942,2.202582359313965,0.9116120338439941,,,,,,,,,,,,,,,
,5.113064783925047e-06,14739,,,,,,,,,,,,,,,,,,,,,,,,,,,,,,
143,,14739,0.7010723352432251,0.29751306772232056,1.8533772230148315,0.035831280052661896,0.5566549301147461,0.7206897735595703,2.8479437828063965,0.009409595280885696,3.6226227283477783,0.16546332836151123,0.631508469581604,6.313673973083496,0.010627779178321362,2.153545618057251,0.823374330997467,,,,,,,,,,,,,,,
,5.035797518242973e-06,14749,,,,,,,,,,,,,,,,,,,,,,,,,,,,,,
143,,14749,0.6933218836784363,0.3363937437534332,1.4083070755004883,0.03895743563771248,0.5675747990608215,0.6023764610290527,2.696723461151123,0.006880541797727346,3.6429271697998047,0.2631641626358032,0.6347785592079163,6.13472318649292,0.021067988127470016,2.251631259918213,0.7916198372840881,,,,,,,,,,,,,,,
,4.9591085591582096e-06,14759,,,,,,,,,,,,,,,,,,,,,,,,,,,,,,
143,,14759,0.7776177525520325,0.3463160991668701,1.7376940250396729,0.031193429604172707,0.5872003436088562,0.9962020516395569,2.5796151161193848,0.005414760671555996,3.572786569595337,0.1761683225631714,0.6137691140174866,6.316492080688477,0.017527684569358826,2.1429412364959717,0.6731417179107666,,,,,,,,,,,,,,,
,4.882998212606548e-06,14769,,,,,,,,,,,,,,,,,,,,,,,,,,,,,,
143,,14769,0.6192196011543274,0.3307826817035675,1.7096117734909058,0.08197376877069473,0.5569097995758057,0.5045347809791565,2.8772521018981934,0.005697175394743681,3.5197057723999023,0.23477111756801605,0.6188129186630249,6.123668193817139,0.004794349428266287,2.225266218185425,0.9563486576080322,,,,,,,,,,,,,,,
,4.807466782215413e-06,14779,,,,,,,,,,,,,,,,,,,,,,,,,,,,,,
143,,14779,0.7874451279640198,0.30953270196914673,1.6230628490447998,0.043073154985904694,0.5671546459197998,0.8078283071517944,2.694133996963501,0.004994625691324472,3.595280647277832,0.2482089102268219,0.614859402179718,6.315675735473633,0.021258018910884857,2.2511630058288574,0.8905850648880005,,,,,,,,,,,,,,,
,4.732514569302825e-06,14789,,,,,,,,,,,,,,,,,,,,,,,,,,,,,,
143,,14789,0.6861436367034912,0.27902236580848694,1.4716506004333496,0.02984599396586418,0.536430299282074,0.35638347268104553,2.670786142349243,0.004184912424534559,3.6067070960998535,0.393153578042984,0.5366305112838745,5.96556282043457,0.0062794252298772335,2.2404110431671143,0.9202473163604736,,,,,,,,,,,,,,,
,4.65814187287612e-06,14799,,,,,,,,,,,,,,,,,,,,,,,,,,,,,,
143,,14799,0.6598262786865234,0.2676583528518677,1.6155242919921875,0.05307671055197716,0.5523582696914673,0.8138308525085449,2.9261059761047363,0.005345367826521397,3.6363563537597656,0.23513005673885345,0.5793308615684509,6.300064563751221,0.009989354759454727,2.2326178550720215,0.8199849128723145,,,,,,,,,,,,,,,
,4.584348989630782e-06,14809,,,,,,,,,,,,,,,,,,,,,,,,,,,,,,
143,,14809,0.6305813193321228,0.3122342824935913,1.6305726766586304,0.04423023760318756,0.5744526386260986,0.45020267367362976,2.8611907958984375,0.008077410981059074,3.5403828620910645,0.24083641171455383,0.5987514853477478,6.015181064605713,0.028658272698521614,2.231201171875,0.7486246824264526,,,,,,,,,,,,,,,
,4.511136213949179e-06,14819,,,,,,,,,,,,,,,,,,,,,,,,,,,,,,
143,,14819,0.7184603214263916,0.3662109673023224,1.6486878395080566,0.046586133539676666,0.5658831000328064,0.6648802161216736,2.8414905071258545,0.0022454634308815002,3.490924835205078,0.3026583194732666,0.6036994457244873,6.127829551696777,0.010460912249982357,2.2293126583099365,0.7562312483787537,,,,,,,,,,,,,,,
,4.438503837899532e-06,14829,,,,,,,,,,,,,,,,,,,,,,,,,,,,,,
143,,14829,0.6619654297828674,0.24510440230369568,1.7002549171447754,0.028492355719208717,0.5351572632789612,0.3822096586227417,3.0247464179992676,0.0042410981841385365,3.5533719062805176,0.1542220413684845,0.6194159984588623,6.03035831451416,0.005793469492346048,2.2106921672821045,0.9042021632194519,,,,,,,,,,,,,,,
143,,14831,,,,,,,,,,,,,,,,0.7386765480041504,0.2169334441423416,1.7291215658187866,0.01223484706133604,0.6999180316925049,1.764054536819458,2.8590314388275146,0.08696390688419342,3.335069417953491,0.1336318999528885,0.34868165850639343,6.570204734802246,0.023216407746076584,2.392263412475586,0.921086847782135
,4.366452151234578e-06,14839,,,,,,,,,,,,,,,,,,,,,,,,,,,,,,
144,,14839,0.642814040184021,0.34922096133232117,1.7457122802734375,0.06035201996564865,0.5628232359886169,0.6176120042800903,2.5712673664093018,0.00495062954723835,3.541100263595581,0.24870172142982483,0.6051884889602661,6.098448276519775,0.0286059882491827,2.233156681060791,0.7598643898963928,,,,,,,,,,,,,,,
,4.294981441390627e-06,14849,,,,,,,,,,,,,,,,,,,,,,,,,,,,,,
144,,14849,0.7234497666358948,0.3169368803501129,1.6579418182373047,0.012885226868093014,0.5890823006629944,0.5390802621841431,3.01318621635437,0.00930393673479557,3.5866119861602783,0.23269887268543243,0.6016424298286438,6.25586462020874,0.009773493744432926,2.2159199714660645,1.086889386177063,,,,,,,,,,,,,,,
,4.224091993486189e-06,14859,,,,,,,,,,,,,,,,,,,,,,,,,,,,,,
144,,14859,0.6083732843399048,0.4974529445171356,1.7306702136993408,0.03220537304878235,0.5586937069892883,0.567276656627655,2.799140691757202,0.0064144316129386425,3.575190305709839,0.2500453293323517,0.6980944275856018,6.207879066467285,0.02709849365055561,2.176882266998291,0.8145948052406311,,,,,,,,,,,,,,,
,4.153784090321e-06,14869,,,,,,,,,,,,,,,,,,,,,,,,,,,,,,
144,,14869,0.7893695831298828,0.36053401231765747,1.888393521308899,0.03402160108089447,0.5692980885505676,0.7168487310409546,2.758803367614746,0.003985666669905186,3.627237558364868,0.2936083674430847,0.5605000257492065,6.45486307144165,0.023788228631019592,2.1736435890197754,1.0460761785507202,,,,,,,,,,,,,,,
,4.084058012374763e-06,14879,,,,,,,,,,,,,,,,,,,,,,,,,,,,,,
144,,14879,0.8585174083709717,0.43994349241256714,1.565765380859375,0.01977500133216381,0.5531880259513855,0.579595148563385,2.8286540508270264,0.008017899468541145,3.590603828430176,0.20984750986099243,0.6064517498016357,6.280836582183838,0.02139742113649845,2.2074453830718994,0.9268355965614319,,,,,,,,,,,,,,,
,4.0149140378062435e-06,14889,,,,,,,,,,,,,,,,,,,,,,,,,,,,,,
144,,14889,0.7803028225898743,0.41466134786605835,1.4481059312820435,0.02375573292374611,0.5643115043640137,0.47388383746147156,2.4743480682373047,0.008099877275526524,3.655517578125,0.2128613442182541,0.6256624460220337,6.071677207946777,0.01157329324632883,2.2282867431640625,0.7620494365692139,,,,,,,,,,,,,,,
,3.946352442451861e-06,14899,,,,,,,,,,,,,,,,,,,,,,,,,,,,,,
144,,14899,0.6868557333946228,0.3037213385105133,1.6794975996017456,0.03143797069787979,0.5462960004806519,0.7928860783576965,2.8463785648345947,0.008196588605642319,3.6123414039611816,0.2632749378681183,0.59822016954422,6.292123794555664,0.0251730028539896,2.201801300048828,0.8082094788551331,,,,,,,,,,,,,,,
,3.878373499824844e-06,14909,,,,,,,,,,,,,,,,,,,,,,,,,,,,,,
144,,14909,0.7033957839012146,0.26686766743659973,1.748613953590393,0.0212742630392313,0.5618354082107544,0.4270647466182709,2.929417610168457,0.006964835338294506,3.569190263748169,0.21185515820980072,0.5917522311210632,6.071001052856445,0.010373847559094429,2.236828327178955,0.8123133778572083,,,,,,,,,,,,,,,
,3.8109774811140136e-06,14919,,,,,,,,,,,,,,,,,,,,,,,,,,,,,,
144,,14919,0.7680163979530334,0.31229421496391296,1.848842978477478,0.014602439478039742,0.5601823925971985,0.6614585518836975,3.068247079849243,0.005827544257044792,3.662168502807617,0.14925016462802887,0.6246530413627625,6.469714641571045,0.004905192647129297,2.1725149154663086,1.111590027809143,,,,,,,,,,,,,,,
,3.744164655182719e-06,14929,,,,,,,,,,,,,,,,,,,,,,,,,,,,,,
144,,14929,0.6934623122215271,0.2390272170305252,1.750791311264038,0.07288944721221924,0.5626779794692993,0.5833570957183838,2.8151583671569824,0.00392003171145916,3.567084550857544,0.1394539773464203,0.5838544964790344,6.138148784637451,0.011972161941230297,2.1358444690704346,0.8029255270957947,,,,,,,,,,,,,,,
144,,14934,,,,,,,,,,,,,,,,0.7634103298187256,0.21570302546024323,1.7553622722625732,0.011291279457509518,0.7202440500259399,1.7033637762069702,2.8736722469329834,0.0872562825679779,3.329655885696411,0.1303364783525467,0.33874207735061646,6.575885772705078,0.02255488745868206,2.3901522159576416,0.9769079685211182
,3.677935288567785e-06,14939,,,,,,,,,,,,,,,,,,,,,,,,,,,,,,
145,,14939,0.6302347183227539,0.30870434641838074,1.5757800340652466,0.028116995468735695,0.5442260503768921,0.4339454770088196,2.9624154567718506,0.009301451966166496,3.5388903617858887,0.19585564732551575,0.6440953016281128,6.070287704467773,0.017534665763378143,2.196650981903076,1.044267177581787,,,,,,,,,,,,,,,
,3.612289645478433e-06,14949,,,,,,,,,,,,,,,,,,,,,,,,,,,,,,
145,,14949,0.7066787481307983,0.3657386600971222,1.8790043592453003,0.09576484560966492,0.5600612759590149,0.5938088297843933,2.73120379447937,0.006004014052450657,3.6363537311553955,0.18928350508213043,0.6536795496940613,6.315122604370117,0.02334987372159958,2.209947109222412,0.7048864960670471,,,,,,,,,,,,,,,
,3.547227987795248e-06,14959,,,,,,,,,,,,,,,,,,,,,,,,,,,,,,
145,,14959,0.6415224671363831,0.3147832453250885,1.5373536348342896,0.027433056384325027,0.5715247988700867,0.30824577808380127,2.668499708175659,0.005161759443581104,3.5442216396331787,0.2332378327846527,0.6027359962463379,5.886050701141357,0.019947629421949387,2.2761027812957764,0.8724799156188965,,,,,,,,,,,,,,,
,3.4827505750691097e-06,14969,,,,,,,,,,,,,,,,,,,,,,,,,,,,,,
145,,14969,0.7449156045913696,0.28402969241142273,1.5796977281570435,0.03270453214645386,0.5707916617393494,0.5047781467437744,2.9081547260284424,0.006424656603485346,3.6492133140563965,0.2203710526227951,0.5692409873008728,6.170962810516357,0.005419129505753517,2.2392070293426514,0.8273088932037354,,,,,,,,,,,,,,,
,3.418857664520147e-06,14979,,,,,,,,,,,,,,,,,,,,,,,,,,,,,,
145,,14979,0.685398519039154,0.38036683201789856,1.690445899963379,0.0189597737044096,0.5685327053070068,0.5397151708602905,2.627516031265259,0.008046949282288551,3.6099941730499268,0.19375599920749664,0.6012778282165527,6.145430564880371,0.01285555399954319,2.1845834255218506,0.9180192351341248,,,,,,,,,,,,,,,
,3.355549511036737e-06,14989,,,,,,,,,,,,,,,,,,,,,,,,,,,,,,
145,,14989,0.7131069898605347,0.29637905955314636,1.6786816120147705,0.020917635411024094,0.551726222038269,0.6146562099456787,2.971020460128784,0.005444295704364777,3.6265790462493896,0.1942039132118225,0.6431119441986084,6.23369026184082,0.012601208873093128,2.267284631729126,0.8122355341911316,,,,,,,,,,,,,,,
,3.2928263671745393e-06,14999,,,,,,,,,,,,,,,,,,,,,,,,,,,,,,
145,,14999,0.6884775161743164,0.3159303367137909,1.7882165908813477,0.05518146604299545,0.5769861936569214,0.5837374925613403,2.6544275283813477,0.005310766864567995,3.582338809967041,0.19143135845661163,0.6238658428192139,6.157992839813232,0.010416483506560326,2.158980369567871,0.8148649334907532,,,,,,,,,,,,,,,
,3.2306884831553303e-06,15009,,,,,,,,,,,,,,,,,,,,,,,,,,,,,,
145,,15009,0.674748420715332,0.31464454531669617,1.5274349451065063,0.030255932360887527,0.5467077493667603,0.44620999693870544,2.6522936820983887,0.005735546350479126,3.575146436691284,0.1679655760526657,0.612415075302124,5.997349739074707,0.017946863546967506,2.2352802753448486,0.9208988547325134,,,,,,,,,,,,,,,
,3.1691361068661714e-06,15019,,,,,,,,,,,,,,,,,,,,,,,,,,,,,,
145,,15019,0.6784823536872864,0.3737356960773468,1.6815121173858643,0.04876108095049858,0.5717836618423462,0.603769838809967,2.6202807426452637,0.0074677132070064545,3.544611692428589,0.23738539218902588,0.5417976975440979,6.102416515350342,0.03634032607078552,2.2229230403900146,0.7605966329574585,,,,,,,,,,,,,,,
,3.1081694838583583e-06,15029,,,,,,,,,,,,,,,,,,,,,,,,,,,,,,
145,,15029,0.7289170622825623,0.3332087993621826,1.6478272676467896,0.04346177726984024,0.5700471997261047,0.5856577754020691,2.77793025970459,0.006314562633633614,3.5784313678741455,0.36564522981643677,0.608983039855957,6.239620685577393,0.009946447797119617,2.267996311187744,1.0096971988677979,,,,,,,,,,,,,,,
145,,15037,,,,,,,,,,,,,,,,0.7490895986557007,0.21380160748958588,1.706017017364502,0.010806147009134293,0.7090592384338379,1.609447717666626,2.84329891204834,0.08478891104459763,3.338243246078491,0.128644660115242,0.33970269560813904,6.492674350738525,0.022272339090704918,2.389878749847412,0.9488082528114319
,3.0477888573464225e-06,15039,,,,,,,,,,,,,,,,,,,,,,,,,,,,,,
146,,15039,0.8843914270401001,0.307224839925766,1.837622046470642,0.05975725129246712,0.548879086971283,0.6430757641792297,2.9301342964172363,0.0067506833001971245,3.668997049331665,0.13127541542053223,0.6418348550796509,6.4790802001953125,0.016715100035071373,2.2036895751953125,0.9037918448448181,,,,,,,,,,,,,,,
,2.9879944682071668e-06,15049,,,,,,,,,,,,,,,,,,,,,,,,,,,,,,
146,,15049,0.6818735599517822,0.489747017621994,1.9472235441207886,0.03214871883392334,0.562719464302063,0.5496906042098999,2.9243247509002686,0.0053502232767641544,3.6335771083831787,0.13840092718601227,0.6239747405052185,6.355254650115967,0.016305357217788696,2.176204204559326,0.8490304946899414,,,,,,,,,,,,,,,
,2.9287865549787126e-06,15059,,,,,,,,,,,,,,,,,,,,,,,,,,,,,,
146,,15059,0.669053852558136,0.4028033912181854,1.6634118556976318,0.0535244420170784,0.5454419255256653,0.5423734784126282,2.6565310955047607,0.004772129934281111,3.5456247329711914,0.15456664562225342,0.6514660716056824,6.119339942932129,0.04289054498076439,2.187483549118042,0.8423242568969727,,,,,,,,,,,,,,,
,2.870165353859538e-06,15069,,,,,,,,,,,,,,,,,,,,,,,,,,,,,,
146,,15069,0.7253198027610779,0.3100457787513733,1.7514766454696655,0.04853254184126854,0.5577731132507324,0.8503545522689819,2.764788866043091,0.004512120969593525,3.569295644760132,0.14608503878116608,0.6139339804649353,6.30078125,0.019779078662395477,2.225724697113037,0.820076584815979,,,,,,,,,,,,,,,
,2.8121310987076097e-06,15079,,,,,,,,,,,,,,,,,,,,,,,,,,,,,,
146,,15079,0.7646877765655518,0.3806998133659363,1.6809027194976807,0.03576280176639557,0.5502464771270752,0.47086402773857117,2.868034839630127,0.007044170517474413,3.677523374557495,0.227785125374794,0.60841304063797,6.301414489746094,0.016728516668081284,2.2403671741485596,0.9320279359817505,,,,,,,,,,,,,,,
,2.7546840210393163e-06,15089,,,,,,,,,,,,,,,,,,,,,,,,,,,,,,
146,,15089,0.614169180393219,0.32475441694259644,1.5915745496749878,0.04247615858912468,0.5536999106407166,0.8320339322090149,2.5274899005889893,0.007842270657420158,3.4270386695861816,0.13440105319023132,0.6501193046569824,5.964775085449219,0.013902328908443451,2.1675989627838135,0.7418619990348816,,,,,,,,,,,,,,,
,2.6978243500286545e-06,15099,,,,,,,,,,,,,,,,,,,,,,,,,,,,,,
146,,15099,0.7408091425895691,0.30734729766845703,1.5463273525238037,0.04625497758388519,0.5642333626747131,0.5429127216339111,2.874962091445923,0.006226454861462116,3.689725637435913,0.24735121428966522,0.6134279370307922,6.288961410522461,0.018726663663983345,2.215310573577881,0.9324741959571838,,,,,,,,,,,,,,,
,2.641552312506262e-06,15109,,,,,,,,,,,,,,,,,,,,,,,,,,,,,,
146,,15109,0.6105909943580627,0.2878556251525879,1.7001559734344482,0.06636984646320343,0.5462077260017395,0.5950080156326294,2.700153112411499,0.004130695015192032,3.588588237762451,0.17605231702327728,0.5881420969963074,6.101255416870117,0.0130156883969903,2.2495226860046387,0.8184525370597839,,,,,,,,,,,,,,,
,2.5858681329585517e-06,15119,,,,,,,,,,,,,,,,,,,,,,,,,,,,,,
146,,15119,0.6540610790252686,0.45259007811546326,1.820143222808838,0.023112861439585686,0.5554364919662476,0.4772033393383026,3.137495994567871,0.007055467460304499,3.590108871459961,0.22670936584472656,0.6492019891738892,6.269338607788086,0.01516093872487545,2.1880955696105957,0.8470295667648315,,,,,,,,,,,,,,,
,2.5307720335267123e-06,15129,,,,,,,,,,,,,,,,,,,,,,,,,,,,,,
146,,15129,0.7052979469299316,0.32382985949516296,1.7542349100112915,0.03548059239983559,0.564008355140686,0.6749457716941833,3.0379738807678223,0.005622949451208115,3.5866522789001465,0.18184813857078552,0.6348419785499573,6.3155999183654785,0.015523302368819714,2.1830215454101562,0.9055178761482239,,,,,,,,,,,,,,,
,2.4762642340060092e-06,15139,,,,,,,,,,,,,,,,,,,,,,,,,,,,,,
146,,15139,0.6793473362922668,0.3464858829975128,1.576664686203003,0.0565691813826561,0.5579420924186707,0.7916244864463806,2.6149585247039795,0.006776374764740467,3.6165032386779785,0.21854135394096375,0.6358638405799866,6.223522186279297,0.015491604804992676,2.2319610118865967,0.7597440481185913,,,,,,,,,,,,,,,
146,,15140,,,,,,,,,,,,,,,,0.6933822631835938,0.21316318213939667,1.710059404373169,0.010681984014809132,0.6882054805755615,1.422728419303894,2.846175193786621,0.08323076367378235,3.282270908355713,0.13176406919956207,0.33264535665512085,6.316322326660156,0.02207927592098713,2.3713996410369873,0.972774088382721
,2.422344951844718e-06,15149,,,,,,,,,,,,,,,,,,,,,,,,,,,,,,
147,,15149,0.7188917398452759,0.30990397930145264,1.5953788757324219,0.03893096372485161,0.5381156802177429,0.6356328129768372,2.891935348510742,0.005611920729279518,3.5512351989746094,0.24561092257499695,0.6104928255081177,6.143666744232178,0.008679645135998726,2.1702463626861572,0.8097273111343384,,,,,,,,,,,,,,,
,2.3690144021433934e-06,15159,,,,,,,,,,,,,,,,,,,,,,,,,,,,,,
147,,15159,0.6502589583396912,0.4797467291355133,1.6073215007781982,0.037094902247190475,0.547615647315979,0.6393265128135681,2.640676498413086,0.007139937020838261,3.587480068206787,0.26645219326019287,0.5986513495445251,6.201606750488281,0.00949733518064022,2.168056011199951,0.9491179585456848,,,,,,,,,,,,,,,
,2.316272797653901e-06,15169,,,,,,,,,,,,,,,,,,,,,,,,,,,,,,
147,,15169,0.6307191848754883,0.3030965030193329,1.584427833557129,0.031082943081855774,0.570941686630249,0.6941891312599182,2.7420425415039062,0.004745027981698513,3.457594633102417,0.21358464658260345,0.6074070334434509,5.974621295928955,0.018165841698646545,2.190911293029785,0.7408207058906555,,,,,,,,,,,,,,,
,2.264120348778653e-06,15179,,,,,,,,,,,,,,,,,,,,,,,,,,,,,,
147,,15179,0.6507769823074341,0.3975222408771515,1.5619819164276123,0.04545077681541443,0.5525241494178772,0.5461759567260742,2.5556156635284424,0.00585793424397707,3.5292980670928955,0.19353751838207245,0.6179215312004089,6.001471519470215,0.009955281391739845,2.203782796859741,0.8505985736846924,,,,,,,,,,,,,,,
,2.2125572635697752e-06,15189,,,,,,,,,,,,,,,,,,,,,,,,,,,,,,
147,,15189,0.8116551041603088,0.27471962571144104,1.6124142408370972,0.022444095462560654,0.5563555955886841,0.6007808446884155,2.863521099090576,0.005589846521615982,3.684445381164551,0.12750126421451569,0.6033554077148438,6.258833408355713,0.0067072040401399136,2.2401695251464844,0.8168359994888306,,,,,,,,,,,,,,,
,2.1615837477281737e-06,15199,,,,,,,,,,,,,,,,,,,,,,,,,,,,,,
147,,15199,0.6916550397872925,0.43904635310173035,1.534464716911316,0.060512643307447433,0.5678974986076355,0.7223590612411499,2.6186842918395996,0.004845109768211842,3.559060573577881,0.15252457559108734,0.6016613841056824,6.189670085906982,0.014224797487258911,2.240478038787842,0.8940194845199585,,,,,,,,,,,,,,,
,2.11120000460282e-06,15209,,,,,,,,,,,,,,,,,,,,,,,,,,,,,,
147,,15209,0.6994057297706604,0.3156733214855194,1.7575021982192993,0.05083153396844864,0.5613448023796082,0.8201580047607422,2.8688976764678955,0.006162753328680992,3.6251156330108643,0.1440609246492386,0.6022494435310364,6.399071216583252,0.019722063094377518,2.273766040802002,0.947726845741272,,,,,,,,,,,,,,,
,2.061406235189883e-06,15219,,,,,,,,,,,,,,,,,,,,,,,,,,,,,,
147,,15219,0.7399460077285767,0.32774192094802856,1.5297921895980835,0.10262152552604675,0.5545725226402283,0.7891051173210144,2.69935941696167,0.0053015961311757565,3.531184196472168,0.24287362396717072,0.6291715502738953,6.268498420715332,0.02380451187491417,2.207109212875366,0.9175927639007568,,,,,,,,,,,,,,,
,2.012202638131999e-06,15229,,,,,,,,,,,,,,,,,,,,,,,,,,,,,,
147,,15229,0.6245763301849365,0.30726543068885803,1.6290011405944824,0.04072637856006622,0.5551720857620239,1.1191622018814087,2.8627190589904785,0.003886713180691004,3.530773639678955,0.16188398003578186,0.5922996997833252,6.36063289642334,0.01809774339199066,2.2045669555664062,0.9548578858375549,,,,,,,,,,,,,,,
,1.9635894097173367e-06,15239,,,,,,,,,,,,,,,,,,,,,,,,,,,,,,
147,,15239,0.6439616084098816,0.5281692743301392,1.6876314878463745,0.03015180490911007,0.5569595694541931,0.571535587310791,2.883387327194214,0.004990528803318739,3.586165428161621,0.22326771914958954,0.6251688003540039,6.193836688995361,0.019286569207906723,2.226261854171753,0.6977505087852478,,,,,,,,,,,,,,,
147,,15243,,,,,,,,,,,,,,,,0.6875308752059937,0.21489743888378143,1.7412843704223633,0.011151773855090141,0.672721266746521,1.464735746383667,2.8666975498199463,0.07913558185100555,3.304041624069214,0.13288913667201996,0.332122802734375,6.351109504699707,0.022148700430989265,2.3649163246154785,0.9298075437545776
,1.9155667438789823e-06,15249,,,,,,,,,,,,,,,,,,,,,,,,,,,,,,
148,,15249,0.698474645614624,0.33056172728538513,1.6613155603408813,0.025205498561263084,0.5634640455245972,0.5910902619361877,2.715768575668335,0.005403128918260336,3.5556528568267822,0.18331646919250488,0.6277470588684082,6.090452194213867,0.020168351009488106,2.2494723796844482,0.7858862280845642,,,,,,,,,,,,,,,
,1.8681348321940238e-06,15259,,,,,,,,,,,,,,,,,,,,,,,,,,,,,,
148,,15259,0.6533967852592468,0.3168145418167114,1.6250338554382324,0.04154527559876442,0.5495659708976746,0.6391929984092712,2.7533111572265625,0.004989145323634148,3.6798925399780273,0.25870227813720703,0.6282705664634705,6.185421943664551,0.005425779148936272,2.1950438022613525,0.6761986017227173,,,,,,,,,,,,,,,
,1.8212938638829333e-06,15269,,,,,,,,,,,,,,,,,,,,,,,,,,,,,,
148,,15269,0.7412286996841431,0.355708509683609,1.620030164718628,0.05566113442182541,0.5315192341804504,0.6809167265892029,2.662477731704712,0.006626816000789404,3.655074119567871,0.15879620611667633,0.5839330554008484,6.250306129455566,0.020467624068260193,2.204700469970703,0.7800182700157166,,,,,,,,,,,,,,,
,1.7750440258086197e-06,15279,,,,,,,,,,,,,,,,,,,,,,,,,,,,,,
148,,15279,0.7128307819366455,0.2918468713760376,1.7388620376586914,0.023952893912792206,0.569735050201416,0.35212811827659607,2.7812118530273438,0.006671919487416744,3.598938465118408,0.1634107381105423,0.6119178533554077,6.0892791748046875,0.015303854830563068,2.2107081413269043,0.9630088806152344,,,,,,,,,,,,,,,
,1.729385502475894e-06,15289,,,,,,,,,,,,,,,,,,,,,,,,,,,,,,
148,,15289,0.7629480361938477,0.35175278782844543,1.589783787727356,0.023255275562405586,0.5543250441551208,0.5909993052482605,2.6723055839538574,0.008265153504908085,3.5652801990509033,0.21297457814216614,0.6175161004066467,6.094094276428223,0.015435554087162018,2.2296249866485596,0.7504696249961853,,,,,,,,,,,,,,,
,1.6843184760305718e-06,15299,,,,,,,,,,,,,,,,,,,,,,,,,,,,,,
148,,15299,0.6870172023773193,0.26409411430358887,1.5247585773468018,0.040563568472862244,0.5583723783493042,0.3732670545578003,2.8524811267852783,0.005894610192626715,3.5594115257263184,0.3334033191204071,0.6165772676467896,6.045098781585693,0.006564265117049217,2.2287590503692627,1.0447269678115845,,,,,,,,,,,,,,,
,1.6398431262588386e-06,15309,,,,,,,,,,,,,,,,,,,,,,,,,,,,,,
148,,15309,0.7943894863128662,0.31145352125167847,1.8574126958847046,0.03341411426663399,0.5598283410072327,0.7484374046325684,2.8008391857147217,0.004954216070473194,3.5407676696777344,0.15907888114452362,0.6308485269546509,6.278310775756836,0.004141677636653185,2.2159435749053955,0.8387187719345093,,,,,,,,,,,,,,,
,1.5959596305864519e-06,15319,,,,,,,,,,,,,,,,,,,,,,,,,,,,,,
148,,15319,0.6244475245475769,0.3977378308773041,1.617040991783142,0.044427599757909775,0.550857663154602,0.47447898983955383,2.8359992504119873,0.004995320923626423,3.5799193382263184,0.15915881097316742,0.6054561138153076,6.157633304595947,0.01998712681233883,2.1975157260894775,1.076513648033142,,,,,,,,,,,,,,,
,1.5526681640781247e-06,15329,,,,,,,,,,,,,,,,,,,,,,,,,,,,,,
148,,15329,0.6491565704345703,0.32835450768470764,1.684390664100647,0.035559672862291336,0.5633181929588318,0.8273059129714966,2.805290699005127,0.004302098415791988,3.599445104598999,0.22525542974472046,0.5940011739730835,6.3237433433532715,0.020021582022309303,2.2653751373291016,0.982614278793335,,,,,,,,,,,,,,,
,1.509968899436792e-06,15339,,,,,,,,,,,,,,,,,,,,,,,,,,,,,,
148,,15339,0.6617440581321716,0.3006025552749634,1.6548590660095215,0.04258924722671509,0.5444633364677429,0.42400017380714417,2.591705560684204,0.005587163381278515,3.5642306804656982,0.19807706773281097,0.6260786056518555,5.972794532775879,0.011380620300769806,2.1887078285217285,0.8348872661590576,,,,,,,,,,,,,,,
148,,15346,,,,,,,,,,,,,,,,0.7072567343711853,0.21416200697422028,1.7704217433929443,0.011040725745260715,0.6282362937927246,1.583175778388977,2.8888893127441406,0.07774332910776138,3.297781229019165,0.13254636526107788,0.3332820534706116,6.4216132164001465,0.021796243265271187,2.3665685653686523,0.9514127969741821
,1.4678620070029124e-06,15349,,,,,,,,,,,,,,,,,,,,,,,,,,,,,,
149,,15349,0.7239466905593872,0.30490270256996155,1.4918981790542603,0.024494120851159096,0.5376491546630859,0.6973854899406433,2.830199718475342,0.007596014067530632,3.6942362785339355,0.19691906869411469,0.6169041991233826,6.2565016746521,0.0074040647596120834,2.261967658996582,0.8256464004516602,,,,,,,,,,,,,,,
,1.4263476547537177e-06,15359,,,,,,,,,,,,,,,,,,,,,,,,,,,,,,
149,,15359,0.7485360503196716,0.29942819476127625,1.88337242603302,0.02697128988802433,0.5590997934341431,0.7364921569824219,2.9577128887176514,0.005472846329212189,3.5890097618103027,0.21649199724197388,0.6414271593093872,6.328171730041504,0.020972687751054764,2.1531126499176025,0.7282837629318237,,,,,,,,,,,,,,,
,1.3854260083027148e-06,15369,,,,,,,,,,,,,,,,,,,,,,,,,,,,,,
149,,15369,0.7380345463752747,0.40439024567604065,1.8765616416931152,0.05314495414495468,0.5533894300460815,0.5276989936828613,2.932434558868408,0.003301607444882393,3.6860439777374268,0.20323702692985535,0.625429630279541,6.409572601318359,0.008475947193801403,2.203122138977051,0.913292646408081,,,,,,,,,,,,,,,
,1.3450972308988673e-06,15379,,,,,,,,,,,,,,,,,,,,,,,,,,,,,,
149,,15379,0.6891318559646606,0.28508830070495605,1.7673649787902832,0.050006475299596786,0.5769820809364319,0.4609825313091278,2.7918145656585693,0.007984139956533909,3.5919315814971924,0.1327190101146698,0.6319242715835571,6.050827503204346,0.01625032350420952,2.1976213455200195,0.5895374417304993,,,,,,,,,,,,,,,
,1.3053614834260484e-06,15389,,,,,,,,,,,,,,,,,,,,,,,,,,,,,,
149,,15389,0.6937282681465149,0.30019378662109375,1.8191983699798584,0.04223361611366272,0.5562098026275635,0.7870308756828308,2.9640355110168457,0.005912359803915024,3.5854666233062744,0.2260381132364273,0.6589575409889221,6.389670372009277,0.02166491560637951,2.1675548553466797,0.941390335559845,,,,,,,,,,,,,,,
,1.2662189244022736e-06,15399,,,,,,,,,,,,,,,,,,,,,,,,,,,,,,
149,,15399,0.788636326789856,0.36108770966529846,1.8517478704452515,0.08116351068019867,0.5501034259796143,0.5435881614685059,2.8508098125457764,0.0033178057055920362,3.672529935836792,0.1359756588935852,0.6027591824531555,6.338061332702637,0.03148530423641205,2.201312303543091,0.6410565376281738,,,,,,,,,,,,,,,
,1.2276697099792343e-06,15409,,,,,,,,,,,,,,,,,,,,,,,,,,,,,,
149,,15409,0.7277596592903137,0.35416167974472046,1.7556300163269043,0.037560947239398956,0.5556973814964294,0.5804086327552795,2.855272054672241,0.004113496746867895,3.623035430908203,0.23229584097862244,0.5866396427154541,6.226747035980225,0.008905064314603806,2.184832811355591,0.7525994777679443,,,,,,,,,,,,,,,
,1.1897139939415322e-06,15419,,,,,,,,,,,,,,,,,,,,,,,,,,,,,,
149,,15419,0.7284778356552124,0.2818582057952881,1.8309930562973022,0.06278950721025467,0.5717779397964478,1.5819169282913208,2.9124062061309814,0.006273494102060795,3.5769004821777344,0.15516723692417145,0.6237198114395142,6.7845377922058105,0.012260299175977707,2.223693370819092,0.9667026400566101,,,,,,,,,,,,,,,
,1.1523519277061633e-06,15429,,,,,,,,,,,,,,,,,,,,,,,,,,,,,,
149,,15429,0.6815363764762878,0.32668253779411316,1.7873295545578003,0.06075260415673256,0.5562818050384521,0.8214690685272217,3.1198883056640625,0.003535255789756775,3.5447912216186523,0.26772502064704895,0.6162126064300537,6.356975078582764,0.019199782982468605,2.2500076293945312,0.7595922946929932,,,,,,,,,,,,,,,
,1.1155836603218337e-06,15439,,,,,,,,,,,,,,,,,,,,,,,,,,,,,,
149,,15439,0.7082342505455017,0.3561471998691559,1.8806393146514893,0.11470257490873337,0.5813173651695251,0.5915025472640991,2.624007225036621,0.005365669261664152,3.6188228130340576,0.10226807743310928,0.6154388785362244,6.275681495666504,0.04733650013804436,2.173717975616455,0.6439177393913269,,,,,,,,,,,,,,,
,1.0794093384684122e-06,15449,,,,,,,,,,,,,,,,,,,,,,,,,,,,,,
149,,15449,0.6635240912437439,0.2899729013442993,1.5561078786849976,0.0663449764251709,0.5644558668136597,0.3358354866504669,2.670527935028076,0.0037953024730086327,3.5112428665161133,0.15501467883586884,0.6148591041564941,5.958857536315918,0.01515376940369606,2.2410292625427246,1.0828313827514648,,,,,,,,,,,,,,,
149,,15449,,,,,,,,,,,,,,,,0.7105735540390015,0.213400200009346,1.7823487520217896,0.01071403082460165,0.6199601888656616,1.5396376848220825,2.9023780822753906,0.0757741704583168,3.284125328063965,0.1346506029367447,0.33528223633766174,6.382613658905029,0.021452773362398148,2.369428873062134,0.9251280426979065
