epoch,lr-AdamW,step,train/accidental,train/downbeat,train/duration,train/grace,train/hand,train/keysignature,train/offset,train/pad,train/pitch,train/staccato,train/stem,train/total,train/trill,train/velocity,train/voice,val/accidental,val/downbeat,val/duration,val/grace,val/hand,val/keysignature,val/offset,val/pad,val/pitch,val/staccato,val/stem,val/total,val/trill,val/velocity,val/voice
,7.211538461538461e-06,9,,,,,,,,,,,,,,,,,,,,,,,,,,,,,,
0,,9,1.8718382120132446,4.562062740325928,4.7794647216796875,0.25421106815338135,1.2937064170837402,2.951185464859009,4.941215515136719,0.6967719793319702,5.131567001342773,0.7155776023864746,1.1191787719726562,14.435419082641602,0.1890152543783188,2.092397928237915,2.012580394744873,,,,,,,,,,,,,,,
,1.4423076923076923e-05,19,,,,,,,,,,,,,,,,,,,,,,,,,,,,,,
0,,19,1.3203895092010498,2.035464286804199,4.36710786819458,0.05638720095157623,1.0193251371383667,2.9128732681274414,4.7870965003967285,0.44254764914512634,4.998836517333984,0.4592934548854828,1.006377935409546,12.065726280212402,0.05823333561420441,2.0607192516326904,1.8233256340026855,,,,,,,,,,,,,,,
,2.163461538461538e-05,29,,,,,,,,,,,,,,,,,,,,,,,,,,,,,,
0,,29,1.1315374374389648,0.6708083748817444,3.6593847274780273,0.03933139517903328,0.7825973033905029,2.7827775478363037,4.486898422241211,0.4222421944141388,4.747077465057373,0.2317432016134262,0.8909759521484375,10.552816390991211,0.04050561413168907,2.0373690128326416,1.5001094341278076,,,,,,,,,,,,,,,
,2.8846153846153845e-05,39,,,,,,,,,,,,,,,,,,,,,,,,,,,,,,
0,,39,1.0851659774780273,0.6174895167350769,2.7350125312805176,0.058036550879478455,0.7910489439964294,2.69874906539917,4.1412034034729,0.3433893918991089,4.50305700302124,0.28694891929626465,0.794059693813324,9.71541976928711,0.029160555452108383,2.009646415710449,1.291339635848999,,,,,,,,,,,,,,,
,3.6057692307692304e-05,49,,,,,,,,,,,,,,,,,,,,,,,,,,,,,,
0,,49,1.1089386940002441,0.580874502658844,2.4568753242492676,0.032344430685043335,0.7352375388145447,2.6602139472961426,3.706437826156616,0.22511067986488342,4.264094352722168,0.3037848472595215,0.7753767371177673,9.109170913696289,0.03058272786438465,2.098965883255005,1.306628704071045,,,,,,,,,,,,,,,
,4.326923076923076e-05,59,,,,,,,,,,,,,,,,,,,,,,,,,,,,,,
0,,59,1.0739521980285645,0.561158299446106,2.4061288833618164,0.028176620602607727,0.7344312071800232,2.681361675262451,3.3412764072418213,0.1389060765504837,4.196173667907715,0.2969204783439636,0.7577382922172546,8.77780532836914,0.018142081797122955,2.051745653152466,1.191451907157898,,,,,,,,,,,,,,,
,5.048076923076923e-05,69,,,,,,,,,,,,,,,,,,,,,,,,,,,,,,
0,,69,1.1408332586288452,0.5487926602363586,2.5149765014648438,0.02902812696993351,0.716741144657135,2.6936140060424805,3.269131898880005,0.08479593694210052,4.131485939025879,0.28804928064346313,0.737239420413971,8.727110862731934,0.019858544692397118,2.0906670093536377,1.2786211967468262,,,,,,,,,,,,,,,
,5.769230769230769e-05,79,,,,,,,,,,,,,,,,,,,,,,,,,,,,,,
0,,79,1.1411595344543457,0.4598241448402405,2.037822723388672,0.049821384251117706,0.7012225389480591,2.664175033569336,3.084245204925537,0.08282417804002762,4.163723945617676,0.22478078305721283,0.7079862356185913,8.51642894744873,0.015232114121317863,2.1737780570983887,1.2840086221694946,,,,,,,,,,,,,,,
,6.490384615384615e-05,89,,,,,,,,,,,,,,,,,,,,,,,,,,,,,,
0,,89,1.004228115081787,0.45868873596191406,2.137598752975464,0.055756088346242905,0.6937848925590515,2.7331998348236084,3.0588183403015137,0.09679612517356873,4.104082107543945,0.36317363381385803,0.7300238013267517,8.516712188720703,0.017160899937152863,2.0868701934814453,1.3693851232528687,,,,,,,,,,,,,,,
,7.211538461538461e-05,99,,,,,,,,,,,,,,,,,,,,,,,,,,,,,,
0,,99,1.0394068956375122,0.41884732246398926,1.956153392791748,0.04691578075289726,0.6986455917358398,2.585278034210205,2.8089096546173096,0.07512712478637695,4.071642875671387,0.2262123078107834,0.7156317830085754,8.170923233032227,0.012748520821332932,2.1946065425872803,1.1460456848144531,,,,,,,,,,,,,,,
,7.932692307692308e-05,109,,,,,,,,,,,,,,,,,,,,,,,,,,,,,,
0,,109,1.0823965072631836,0.36747056245803833,2.1465983390808105,0.03202276676893234,0.6820502281188965,2.829085350036621,3.0419061183929443,0.07995529472827911,4.067724227905273,0.22355134785175323,0.6819843649864197,8.378907203674316,0.01564106158912182,2.202486038208008,1.119789958000183,,,,,,,,,,,,,,,
,8.653846153846152e-05,119,,,,,,,,,,,,,,,,,,,,,,,,,,,,,,
0,,119,1.029504418373108,0.4147142767906189,2.092440128326416,0.013222136534750462,0.688969075679779,2.6143088340759277,2.9925854206085205,0.07955571264028549,4.0520243644714355,0.28895339369773865,0.681511402130127,8.21920394897461,0.016099531203508377,2.2336580753326416,1.1424813270568848,,,,,,,,,,,,,,,
,9.374999999999999e-05,129,,,,,,,,,,,,,,,,,,,,,,,,,,,,,,
0,,129,0.8294016718864441,0.34590789675712585,1.9724081754684448,0.01947350613772869,0.6906934380531311,2.375603437423706,2.955639600753784,0.05935768783092499,3.924550771713257,0.12681691348552704,0.6667221784591675,7.735518932342529,0.007429261226207018,2.14583158493042,1.093898057937622,,,,,,,,,,,,,,,
,0.00010096153846153846,139,,,,,,,,,,,,,,,,,,,,,,,,,,,,,,
0,,139,0.7255025506019592,0.3700135350227356,2.061232328414917,0.051566530019044876,0.685257613658905,2.086268424987793,2.9814870357513428,0.07630066573619843,3.97287917137146,0.26967090368270874,0.674860954284668,7.7018046379089355,0.013448894023895264,2.062561511993408,1.0774673223495483,,,,,,,,,,,,,,,
,0.00010817307692307691,149,,,,,,,,,,,,,,,,,,,,,,,,,,,,,,
0,,149,0.7032144665718079,0.4124371409416199,1.9223716259002686,0.041113827377557755,0.6917420029640198,1.7132632732391357,2.8397879600524902,0.09469665586948395,3.804565906524658,0.2002955675125122,0.6617317199707031,7.333223342895508,0.009174281731247902,2.1829257011413574,1.294912576675415,,,,,,,,,,,,,,,
,0.00011538461538461538,159,,,,,,,,,,,,,,,,,,,,,,,,,,,,,,
0,,159,0.696462094783783,0.4039076268672943,1.8998793363571167,0.02392970211803913,0.6991629600524902,1.2551215887069702,2.8834688663482666,0.07160796225070953,3.7872188091278076,0.24908074736595154,0.6416195034980774,6.995268821716309,0.02648243121802807,2.1115472316741943,1.057889699935913,,,,,,,,,,,,,,,
,0.00012259615384615382,169,,,,,,,,,,,,,,,,,,,,,,,,,,,,,,
0,,169,0.7542654871940613,0.3282317817211151,2.181166410446167,0.0433141365647316,0.6934917569160461,1.105947494506836,3.089022397994995,0.0871674120426178,3.790377378463745,0.22841396927833557,0.6560036540031433,7.0747761726379395,0.006669770460575819,2.1216676235198975,1.0680228471755981,,,,,,,,,,,,,,,
,0.0001298076923076923,179,,,,,,,,,,,,,,,,,,,,,,,,,,,,,,
0,,179,0.7545835971832275,0.4254910349845886,1.7972263097763062,0.017656315118074417,0.6842179894447327,0.5713962912559509,2.846703290939331,0.08731461316347122,3.8313608169555664,0.1257610321044922,0.6460461020469666,6.742485523223877,0.007058057934045792,2.303804636001587,1.3197945356369019,,,,,,,,,,,,,,,
,0.00013701923076923076,189,,,,,,,,,,,,,,,,,,,,,,,,,,,,,,
0,,189,0.7273825407028198,0.35536330938339233,1.7935532331466675,0.02982080727815628,0.6714787483215332,0.4577014446258545,2.843120813369751,0.07295132428407669,3.84158992767334,0.23631244897842407,0.6147422194480896,6.602492809295654,0.008388564921915531,2.187033176422119,1.13314688205719,,,,,,,,,,,,,,,
,0.00014423076923076922,199,,,,,,,,,,,,,,,,,,,,,,,,,,,,,,
0,,199,0.7237507104873657,0.3947676420211792,1.9111888408660889,0.026507757604122162,0.679733395576477,0.3690258264541626,2.6817331314086914,0.07223621755838394,3.88132905960083,0.24646252393722534,0.622783899307251,6.590766906738281,0.007985777221620083,2.1301419734954834,1.0772117376327515,,,,,,,,,,,,,,,
,0.00015144230769230767,209,,,,,,,,,,,,,,,,,,,,,,,,,,,,,,
0,,209,0.6788954138755798,0.33412596583366394,1.8258211612701416,0.04128634184598923,0.6755449771881104,0.28068339824676514,3.0094385147094727,0.07807356864213943,3.8289287090301514,0.22070841491222382,0.5903732776641846,6.494516372680664,0.010845624841749668,2.1405787467956543,1.005899429321289,,,,,,,,,,,,,,,
,0.00015865384615384616,219,,,,,,,,,,,,,,,,,,,,,,,,,,,,,,
0,,219,0.6978214979171753,0.35513266921043396,1.7286298274993896,0.01743602566421032,0.6650431752204895,0.13662713766098022,2.8875274658203125,0.08711153268814087,3.771860122680664,0.20478498935699463,0.6291775107383728,6.316311359405518,0.00994014460593462,2.1505017280578613,1.024670958518982,,,,,,,,,,,,,,,
,0.0001658653846153846,229,,,,,,,,,,,,,,,,,,,,,,,,,,,,,,
0,,229,0.6548513174057007,0.3564986288547516,1.6937843561172485,0.03434718772768974,0.6809625625610352,0.17541372776031494,2.8318991661071777,0.07080617547035217,3.7935984134674072,0.15937763452529907,0.6112726926803589,6.306224822998047,0.006508753169327974,2.1101505756378174,1.0357351303100586,,,,,,,,,,,,,,,
,0.00017307692307692304,239,,,,,,,,,,,,,,,,,,,,,,,,,,,,,,
0,,239,0.6776710748672485,0.3924383223056793,1.8994309902191162,0.03330883011221886,0.689045250415802,0.23673169314861298,2.8176448345184326,0.06737746298313141,3.7485299110412598,0.18871763348579407,0.6555891036987305,6.410635948181152,0.01050993986427784,2.1552865505218506,1.1026859283447266,,,,,,,,,,,,,,,
,0.00018028846153846152,249,,,,,,,,,,,,,,,,,,,,,,,,,,,,,,
0,,249,0.7411834001541138,0.43783876299858093,1.7049058675765991,0.01752493903040886,0.6615797877311707,0.1391841024160385,2.822573661804199,0.08220089972019196,3.652453660964966,0.1370631605386734,0.5895575881004333,6.222177505493164,0.016997456550598145,2.176490545272827,1.0556695461273193,,,,,,,,,,,,,,,
,0.00018749999999999998,259,,,,,,,,,,,,,,,,,,,,,,,,,,,,,,
0,,259,0.5852446556091309,0.3169894814491272,1.7080004215240479,0.017358683049678802,0.7164672613143921,0.11702612042427063,2.8590028285980225,0.08047452569007874,3.4532113075256348,0.1875794380903244,0.6406412124633789,5.900008201599121,0.008727670647203922,2.1968796253204346,0.9992402791976929,,,,,,,,,,,,,,,
,0.00019471153846153846,269,,,,,,,,,,,,,,,,,,,,,,,,,,,,,,
0,,269,0.6198964715003967,0.46788740158081055,1.9093549251556396,0.06329259276390076,0.6749013662338257,0.18820536136627197,2.759833812713623,0.04534589499235153,3.117978572845459,0.12439162284135818,0.6181674599647522,5.6906633377075195,0.009150402620434761,2.348721504211426,0.966357946395874,,,,,,,,,,,,,,,
,0.00020192307692307691,279,,,,,,,,,,,,,,,,,,,,,,,,,,,,,,
0,,279,0.4242740869522095,0.3694957494735718,1.7454662322998047,0.028299149125814438,0.6266645789146423,0.16669446229934692,2.7688381671905518,0.062462709844112396,2.6767005920410156,0.1631501019001007,0.5961576700210571,5.04843807220459,0.009510724805295467,2.2382545471191406,1.0398739576339722,,,,,,,,,,,,,,,
,0.00020913461538461534,289,,,,,,,,,,,,,,,,,,,,,,,,,,,,,,
0,,289,0.471308171749115,0.36565253138542175,1.6621047258377075,0.027366919443011284,0.590679407119751,0.17699845135211945,2.715787887573242,0.05774575471878052,2.142180919647217,0.212725430727005,0.5930481553077698,4.508627891540527,0.010997138917446136,2.0945897102355957,1.080521583557129,,,,,,,,,,,,,,,
,0.00021634615384615383,299,,,,,,,,,,,,,,,,,,,,,,,,,,,,,,
0,,299,0.32970574498176575,0.4032956063747406,1.6335675716400146,0.025143854320049286,0.5337283611297607,0.14710624516010284,2.728861093521118,0.05958842486143112,1.4799801111221313,0.1718897968530655,0.6165165901184082,3.6930301189422607,0.005556313320994377,2.2530412673950195,0.8941086530685425,,,,,,,,,,,,,,,
,0.00022355769230769228,309,,,,,,,,,,,,,,,,,,,,,,,,,,,,,,
0,,309,0.31772130727767944,0.4090690612792969,1.7011929750442505,0.024068305268883705,0.5244863033294678,0.17195004224777222,2.795372486114502,0.06645012646913528,1.168198585510254,0.11107998341321945,0.6223075985908508,3.447821855545044,0.012796560302376747,2.130650043487549,0.9546627998352051,,,,,,,,,,,,,,,
,0.00023076923076923076,319,,,,,,,,,,,,,,,,,,,,,,,,,,,,,,
0,,319,0.3981723189353943,0.3118315041065216,1.658011794090271,0.03718276694417,0.5312846899032593,0.1682550311088562,2.8349356651306152,0.05885270982980728,1.4890406131744385,0.1299028992652893,0.5801703333854675,3.791217088699341,0.01733444631099701,2.291327476501465,1.0212740898132324,,,,,,,,,,,,,,,
,0.0002379807692307692,329,,,,,,,,,,,,,,,,,,,,,,,,,,,,,,
0,,329,0.32865819334983826,0.3281437158584595,1.5867019891738892,0.04160241782665253,0.5014005303382874,0.09999113529920578,2.738790512084961,0.08401855826377869,1.4200650453567505,0.23933281004428864,0.5676246881484985,3.5898425579071045,0.005971538834273815,2.2226650714874268,0.8570656180381775,,,,,,,,,,,,,,,
,0.00024519230769230765,339,,,,,,,,,,,,,,,,,,,,,,,,,,,,,,
0,,339,0.28035402297973633,0.31689727306365967,1.6383380889892578,0.1046908050775528,0.4608711898326874,0.11106937378644943,2.582858085632324,0.05148027092218399,0.8528021574020386,0.1768510341644287,0.6030667424201965,2.9867942333221436,0.015592786483466625,2.1867501735687256,0.8006106615066528,,,,,,,,,,,,,,,
,0.00025240384615384616,349,,,,,,,,,,,,,,,,,,,,,,,,,,,,,,
0,,349,0.349134624004364,0.3030112683773041,1.4043762683868408,0.019221162423491478,0.5157824158668518,0.13211874663829803,2.604306697845459,0.09138213098049164,1.2829495668411255,0.18402329087257385,0.5830278992652893,3.382997512817383,0.011943846940994263,2.223442792892456,0.9004182815551758,,,,,,,,,,,,,,,
,0.0002596153846153846,359,,,,,,,,,,,,,,,,,,,,,,,,,,,,,,
0,,359,0.33845388889312744,0.355072021484375,1.4700833559036255,0.020311696454882622,0.4743208885192871,0.09387053549289703,2.68707013130188,0.07224537432193756,1.1626514196395874,0.2488016039133072,0.5874870419502258,3.321291446685791,0.023364461958408356,2.2832632064819336,0.9944580793380737,,,,,,,,,,,,,,,
,0.000266826923076923,369,,,,,,,,,,,,,,,,,,,,,,,,,,,,,,
0,,369,0.3043833076953888,0.31561827659606934,1.3546736240386963,0.030893750488758087,0.39026015996932983,0.10444015264511108,2.6627209186553955,0.0638074055314064,1.0576436519622803,0.17645013332366943,0.5543001890182495,3.0151405334472656,0.010928113013505936,2.148836851119995,0.7141116261482239,,,,,,,,,,,,,,,
,0.0002740384615384615,379,,,,,,,,,,,,,,,,,,,,,,,,,,,,,,
0,,379,0.2809062600135803,0.3130069077014923,1.393375277519226,0.03299899771809578,0.4351331889629364,0.09398633241653442,2.5067546367645264,0.04757175222039223,0.9588926434516907,0.15535491704940796,0.5786739587783813,2.938021183013916,0.018782922998070717,2.2419044971466064,0.9153438210487366,,,,,,,,,,,,,,,
,0.00028125,389,,,,,,,,,,,,,,,,,,,,,,,,,,,,,,
0,,389,0.22181440889835358,0.2823460102081299,1.1141602993011475,0.011832565069198608,0.3704240322113037,0.0610506609082222,2.604623556137085,0.059708017855882645,0.6131349802017212,0.13170744478702545,0.5276872515678406,2.387686252593994,0.017928019165992737,2.2341907024383545,0.758027195930481,,,,,,,,,,,,,,,
,0.00028846153846153843,399,,,,,,,,,,,,,,,,,,,,,,,,,,,,,,
0,,399,0.25502341985702515,0.3186562955379486,1.5439928770065308,0.03978332504630089,0.3911440074443817,0.12171944230794907,2.554480791091919,0.05074884369969368,0.8248869776725769,0.18224936723709106,0.545734167098999,2.8289365768432617,0.02441878244280815,2.241875171661377,0.7905890941619873,,,,,,,,,,,,,,,
,0.0002956730769230769,409,,,,,,,,,,,,,,,,,,,,,,,,,,,,,,
0,,409,0.22409819066524506,0.35269516706466675,1.1981490850448608,0.017562616616487503,0.3175888657569885,0.05941442772746086,2.559187412261963,0.040704354643821716,0.5733755826950073,0.16796986758708954,0.5107690095901489,2.3155007362365723,0.01296374574303627,2.265620470046997,0.6069065928459167,,,,,,,,,,,,,,,
,0.000299999983998051,419,,,,,,,,,,,,,,,,,,,,,,,,,,,,,,
0,,419,0.24221299588680267,0.27618005871772766,1.1403846740722656,0.016350574791431427,0.3194845914840698,0.09041056782007217,2.4398951530456543,0.05707031860947609,0.5907692909240723,0.08337476849555969,0.5024554133415222,2.261425733566284,0.01000022329390049,2.287889242172241,0.5516461730003357,,,,,,,,,,,,,,,
,0.0002999996995190534,429,,,,,,,,,,,,,,,,,,,,,,,,,,,,,,
0,,429,0.24762502312660217,0.2982993721961975,1.3040971755981445,0.04841737076640129,0.39449194073677063,0.09146489948034286,2.604424476623535,0.05771765112876892,0.8642555475234985,0.14073383808135986,0.5499976277351379,2.7433316707611084,0.008243984542787075,2.2467191219329834,0.6792159080505371,,,,,,,,,,,,,,,
,0.00029999905944196634,439,,,,,,,,,,,,,,,,,,,,,,,,,,,,,,
0,,439,0.28886523842811584,0.2586323916912079,1.1231039762496948,0.03616774082183838,0.32501232624053955,0.09656880795955658,2.476430892944336,0.05397644639015198,0.6628945469856262,0.1728813797235489,0.4951186180114746,2.409451961517334,0.012636558152735233,2.2631285190582275,0.6178618669509888,,,,,,,,,,,,,,,
,0.00029999806376830725,449,,,,,,,,,,,,,,,,,,,,,,,,,,,,,,
0,,449,0.29016566276550293,0.3072740137577057,1.0872734785079956,0.027491968125104904,0.34790053963661194,0.09694778174161911,2.4785783290863037,0.05806947499513626,0.798610270023346,0.10900489240884781,0.5273116827011108,2.5394163131713867,0.014339354820549488,2.3642523288726807,0.5660794377326965,,,,,,,,,,,,,,,
,0.0002999967125004365,459,,,,,,,,,,,,,,,,,,,,,,,,,,,,,,
0,,459,0.18054363131523132,0.2674582004547119,1.1004608869552612,0.01447976753115654,0.3229861855506897,0.06336914747953415,2.376516103744507,0.0533219650387764,0.7617455720901489,0.17672669887542725,0.4869065582752228,2.3790512084960938,0.008104684762656689,2.28662371635437,0.611850917339325,,,,,,,,,,,,,,,
,0.0002999950056415575,469,,,,,,,,,,,,,,,,,,,,,,,,,,,,,,
0,,469,0.22919456660747528,0.26492270827293396,0.9633209109306335,0.02619265206158161,0.318314790725708,0.08317510038614273,2.377110004425049,0.04301717132329941,0.5832425951957703,0.08616916835308075,0.48938891291618347,2.193830966949463,0.012424281798303127,2.263336181640625,0.6438161730766296,,,,,,,,,,,,,,,
,0.0002999929431957165,479,,,,,,,,,,,,,,,,,,,,,,,,,,,,,,
0,,479,0.23761074244976044,0.3366558849811554,1.1043338775634766,0.020930491387844086,0.3423389494419098,0.12673234939575195,2.2534749507904053,0.06596068292856216,0.6232717633247375,0.18961359560489655,0.5468651652336121,2.3400113582611084,0.0048851128667593,2.2318544387817383,0.6335350871086121,,,,,,,,,,,,,,,
,0.00029999052516780316,489,,,,,,,,,,,,,,,,,,,,,,,,,,,,,,
0,,489,0.24228939414024353,0.24565061926841736,1.065529465675354,0.01615181565284729,0.31385329365730286,0.05714603513479233,2.4094793796539307,0.05403333902359009,0.7033544182777405,0.14233148097991943,0.484767884016037,2.3103766441345215,0.005262963008135557,2.220982074737549,0.5493364930152893,,,,,,,,,,,,,,,
,0.0002999877515635495,499,,,,,,,,,,,,,,,,,,,,,,,,,,,,,,
0,,499,0.2572631239891052,0.25310492515563965,0.9448330998420715,0.019011424854397774,0.3513298034667969,0.09066032618284225,2.343789577484131,0.053547654300928116,0.6078008413314819,0.1730702668428421,0.49179017543792725,2.2163052558898926,0.008460127748548985,2.249394655227661,0.5691098570823669,,,,,,,,,,,,,,,
,0.00029998462238953097,509,,,,,,,,,,,,,,,,,,,,,,,,,,,,,,
0,,509,0.21518509089946747,0.2648777663707733,1.1234103441238403,0.023508207872509956,0.28959548473358154,0.05995767563581467,2.1362366676330566,0.05074378475546837,0.511029839515686,0.13563162088394165,0.5204715132713318,2.08358097076416,0.010606507770717144,2.239064931869507,0.5874994397163391,,,,,,,,,,,,,,,
,0.00029998113765316567,519,,,,,,,,,,,,,,,,,,,,,,,,,,,,,,
0,,519,0.17491373419761658,0.31981608271598816,1.1668167114257812,0.03874935954809189,0.3764322102069855,0.04043159633874893,2.2240700721740723,0.05483192577958107,0.5977905988693237,0.11490258574485779,0.4834638237953186,2.2234010696411133,0.019265197217464447,2.209517240524292,0.5435536503791809,,,,,,,,,,,,,,,
,0.0002999772973627148,529,,,,,,,,,,,,,,,,,,,,,,,,,,,,,,
0,,529,0.20150205492973328,0.2621627449989319,1.1498067378997803,0.015431595034897327,0.3124764561653137,0.06379921734333038,2.1461923122406006,0.06033964455127716,0.5174081325531006,0.11790850758552551,0.4853150546550751,2.074352979660034,0.010338101536035538,2.1914894580841064,0.5298710465431213,,,,,,,,,,,,,,,
,0.0002999731015272823,539,,,,,,,,,,,,,,,,,,,,,,,,,,,,,,
0,,539,0.17072774469852448,0.26812177896499634,1.0641156435012817,0.0274423249065876,0.3023572564125061,0.05867692828178406,2.0155997276306152,0.0525701567530632,0.4909495711326599,0.16301020979881287,0.4705621302127838,1.9735528230667114,0.012810655869543552,2.280146598815918,0.5018033981323242,,,,,,,,,,,,,,,
,0.0002999685501568151,549,,,,,,,,,,,,,,,,,,,,,,,,,,,,,,
0,,549,0.17117531597614288,0.23204688727855682,1.0980253219604492,0.02927776426076889,0.288449764251709,0.04047275707125664,2.2594761848449707,0.044146232306957245,0.6126115322113037,0.11926081031560898,0.48281145095825195,2.142383575439453,0.010140435770154,2.2480077743530273,0.5557472705841064,,,,,,,,,,,,,,,
,0.00029996364326210297,559,,,,,,,,,,,,,,,,,,,,,,,,,,,,,,
0,,559,0.13787312805652618,0.29926973581314087,0.9928123950958252,0.010772508569061756,0.2202564924955368,0.06381645798683167,1.6841485500335693,0.03380877897143364,0.290200412273407,0.14749231934547424,0.4117041230201721,1.5517959594726562,0.0028300227131694555,2.259667158126831,0.3840731680393219,,,,,,,,,,,,,,,
,0.0002999583808547784,569,,,,,,,,,,,,,,,,,,,,,,,,,,,,,,
0,,569,0.17567960917949677,0.23893694579601288,1.048492670059204,0.017786459997296333,0.3018155097961426,0.03945297747850418,1.7230284214019775,0.03859495744109154,0.6326766610145569,0.12296578288078308,0.5015925168991089,2.0166938304901123,0.005469318013638258,2.232501745223999,0.5983433723449707,,,,,,,,,,,,,,,
,0.0002999527629473169,579,,,,,,,,,,,,,,,,,,,,,,,,,,,,,,
0,,579,0.2466493546962738,0.1893020123243332,1.0033901929855347,0.012420138344168663,0.30895715951919556,0.04011837765574455,1.727874994277954,0.055356550961732864,0.7005854845046997,0.18616558611392975,0.4565868377685547,2.1037075519561768,0.012913414277136326,2.1419832706451416,0.5795331001281738,,,,,,,,,,,,,,,
,0.0002999467895530365,589,,,,,,,,,,,,,,,,,,,,,,,,,,,,,,
0,,589,0.23530372977256775,0.22413155436515808,1.0237659215927124,0.03654708340764046,0.29667040705680847,0.037396494299173355,1.6626970767974854,0.04611815884709358,0.7170804738998413,0.14823363721370697,0.4735005795955658,2.113286018371582,0.010992620140314102,2.3173890113830566,0.5421277284622192,,,,,,,,,,,,,,,
,0.0002999404606860981,599,,,,,,,,,,,,,,,,,,,,,,,,,,,,,,
0,,599,0.2352733016014099,0.23864834010601044,1.0560001134872437,0.014325444586575031,0.30586597323417664,0.03325647488236427,1.754909634590149,0.043414726853370667,0.5312552452087402,0.12450568377971649,0.47733476758003235,1.9310271739959717,0.003800363279879093,2.24446439743042,0.54123455286026,,,,,,,,,,,,,,,
,0.00029993377636150536,609,,,,,,,,,,,,,,,,,,,,,,,,,,,,,,
0,,609,0.19522474706172943,0.19565068185329437,0.9632362127304077,0.02551327273249626,0.279942125082016,0.043385714292526245,1.6337196826934814,0.04754225164651871,0.574430525302887,0.1630231738090515,0.4390985369682312,1.8865225315093994,0.01243686955422163,2.258146047592163,0.4979153573513031,,,,,,,,,,,,,,,
,0.0002999267365951044,619,,,,,,,,,,,,,,,,,,,,,,,,,,,,,,
0,,619,0.2425629049539566,0.18749231100082397,0.8766276836395264,0.009334912523627281,0.3105008006095886,0.06106358766555786,1.4640908241271973,0.053432103246450424,0.6774653196334839,0.15958702564239502,0.4542776048183441,1.9632999897003174,0.01111360639333725,2.2970049381256104,0.5457136034965515,,,,,,,,,,,,,,,
,0.00029991934140358417,629,,,,,,,,,,,,,,,,,,,,,,,,,,,,,,
0,,629,0.32899579405784607,0.20968666672706604,1.006264090538025,0.020431915298104286,0.31959763169288635,0.04853471741080284,1.6708769798278809,0.06456366181373596,0.866899311542511,0.1506342738866806,0.4620256721973419,2.3122928142547607,0.0102514224126935,2.231520652770996,0.5433626770973206,,,,,,,,,,,,,,,
,0.0002999115908044762,639,,,,,,,,,,,,,,,,,,,,,,,,,,,,,,
0,,639,0.19147907197475433,0.18210281431674957,1.1425670385360718,0.014114193618297577,0.2533451318740845,0.05085483193397522,1.4610270261764526,0.040634214878082275,0.407866895198822,0.11251531541347504,0.4843249022960663,1.698278546333313,0.008406605571508408,2.169555187225342,0.49381062388420105,,,,,,,,,,,,,,,
,0.0002999034848161544,649,,,,,,,,,,,,,,,,,,,,,,,,,,,,,,
0,,649,0.22073815762996674,0.29290616512298584,1.0049331188201904,0.007143295835703611,0.26098787784576416,0.06145397201180458,1.5060895681381226,0.05699418857693672,0.5659202933311462,0.09606833010911942,0.43216946721076965,1.901374340057373,0.009577162563800812,2.2482404708862305,0.5312912464141846,,,,,,,,,,,,,,,
,0.0002998950234578354,659,,,,,,,,,,,,,,,,,,,,,,,,,,,,,,
0,,659,0.18812552094459534,0.19981461763381958,0.9313467741012573,0.027163902297616005,0.2477116584777832,0.047680508345365524,1.4657256603240967,0.03437772020697594,0.4782657325267792,0.18916736543178558,0.41282200813293457,1.7000393867492676,0.0035855164751410484,2.2713699340820312,0.4670493006706238,,,,,,,,,,,,,,,
,0.00029988620674957815,669,,,,,,,,,,,,,,,,,,,,,,,,,,,,,,
0,,669,0.17792287468910217,0.18744324147701263,0.9425948858261108,0.01581411249935627,0.23317229747772217,0.0518125481903553,1.3810698986053467,0.043871454894542694,0.4510144591331482,0.19649317860603333,0.4524943232536316,1.6645398139953613,0.011784449219703674,2.279733896255493,0.4863276183605194,,,,,,,,,,,,,,,
,0.00029987703471228403,679,,,,,,,,,,,,,,,,,,,,,,,,,,,,,,
0,,679,0.1848198026418686,0.20583347976207733,0.9861018061637878,0.030151091516017914,0.2506304979324341,0.045611392706632614,1.496168613433838,0.04132166504859924,0.5082138776779175,0.1268668919801712,0.4464358687400818,1.780707597732544,0.00556173175573349,2.23425555229187,0.5235428214073181,,,,,,,,,,,,,,,
,0.0002998675073676969,689,,,,,,,,,,,,,,,,,,,,,,,,,,,,,,
0,,689,0.2478640228509903,0.15068835020065308,0.933925986289978,0.027762986719608307,0.2968769669532776,0.052546288818120956,1.4292490482330322,0.047133706510066986,0.7104131579399109,0.11579111218452454,0.44186535477638245,1.9951127767562866,0.011524153873324394,2.2757861614227295,0.5678241848945618,,,,,,,,,,,,,,,
0,,694,,,,,,,,,,,,,,,,0.3363874852657318,0.07904393970966339,0.5522261261940002,0.017549103125929832,0.17653179168701172,0.015837840735912323,0.923941433429718,0.05508089065551758,0.48565664887428284,0.11208195984363556,0.32084694504737854,1.4014579057693481,0.018138982355594635,2.2420167922973633,0.31844720244407654
,0.0002998576247384027,699,,,,,,,,,,,,,,,,,,,,,,,,,,,,,,
1,,699,0.17256085574626923,0.19917696714401245,0.8666566014289856,0.021783074364066124,0.3051747679710388,0.026469187811017036,1.2554824352264404,0.05018552392721176,0.573575496673584,0.09702584892511368,0.45454642176628113,1.7233924865722656,0.0073602693155407906,2.174332857131958,0.4522593021392822,,,,,,,,,,,,,,,
,0.0002998473868478299,709,,,,,,,,,,,,,,,,,,,,,,,,,,,,,,
1,,709,0.16438724100589752,0.13860823214054108,0.8435357809066772,0.014256575144827366,0.25655192136764526,0.036757033318281174,1.1551669836044312,0.030447382479906082,0.5134970545768738,0.14225125312805176,0.45867422223091125,1.5812387466430664,0.009031635709106922,2.233020782470703,0.4630924165248871,,,,,,,,,,,,,,,
,0.000299836793720249,719,,,,,,,,,,,,,,,,,,,,,,,,,,,,,,
1,,719,0.21901114284992218,0.14543229341506958,0.8662131428718567,0.014025462791323662,0.2666333317756653,0.06477907299995422,1.242871880531311,0.06142082065343857,0.5948839783668518,0.11490397155284882,0.4608520567417145,1.7913317680358887,0.00627921475097537,2.3863158226013184,0.5600264072418213,,,,,,,,,,,,,,,
,0.0002998258453807727,729,,,,,,,,,,,,,,,,,,,,,,,,,,,,,,
1,,729,0.19113346934318542,0.15126559138298035,0.9590729475021362,0.01828821375966072,0.24559004604816437,0.0352800115942955,1.1537809371948242,0.0387008935213089,0.4695867896080017,0.13755552470684052,0.40353575348854065,1.5784595012664795,0.01683661714196205,2.2591466903686523,0.4080956280231476,,,,,,,,,,,,,,,
,0.00029981454185535575,739,,,,,,,,,,,,,,,,,,,,,,,,,,,,,,
1,,739,0.2120940238237381,0.12549905478954315,0.887184739112854,0.019122600555419922,0.2631908059120178,0.04476252198219299,1.1187916994094849,0.0436013862490654,0.5737215280532837,0.13479721546173096,0.4285110533237457,1.687132716178894,0.002663091290742159,2.2407920360565186,0.5060774683952332,,,,,,,,,,,,,,,
,0.00029980288317079496,749,,,,,,,,,,,,,,,,,,,,,,,,,,,,,,
1,,749,0.20889444649219513,0.1372380554676056,0.8197623491287231,0.030204741284251213,0.2911810874938965,0.036873750388622284,1.1896862983703613,0.04340030252933502,0.6310174465179443,0.10682964324951172,0.4298190772533417,1.7499399185180664,0.008614794351160526,2.308793306350708,0.4692980647087097,,,,,,,,,,,,,,,
,0.0002997908693547291,759,,,,,,,,,,,,,,,,,,,,,,,,,,,,,,
1,,759,0.18802154064178467,0.23125699162483215,0.9267656803131104,0.01469775103032589,0.25340697169303894,0.04437148943543434,1.2267320156097412,0.036874763667583466,0.4040808081626892,0.12227203696966171,0.4359016716480255,1.5805913209915161,0.014039169996976852,2.2431578636169434,0.4953792095184326,,,,,,,,,,,,,,,
,0.0002997785004356388,769,,,,,,,,,,,,,,,,,,,,,,,,,,,,,,
1,,769,0.11278654634952545,0.17048145830631256,0.961052656173706,0.01595146581530571,0.2732045352458954,0.032243140041828156,1.0348376035690308,0.02943791076540947,0.3037770986557007,0.11753792315721512,0.45045918226242065,1.3903290033340454,0.006456202361732721,2.28444766998291,0.5698330402374268,,,,,,,,,,,,,,,
,0.0002997657764428466,779,,,,,,,,,,,,,,,,,,,,,,,,,,,,,,
1,,779,0.262105256319046,0.12117026746273041,0.812638521194458,0.04138008877635002,0.3166411817073822,0.035568274557590485,1.1472504138946533,0.06903261691331863,0.9070070385932922,0.14555884897708893,0.46692225337028503,2.1148359775543213,0.013495366089046001,2.154751777648926,0.53877854347229,,,,,,,,,,,,,,,
,0.0002997526974065167,789,,,,,,,,,,,,,,,,,,,,,,,,,,,,,,
1,,789,0.14647109806537628,0.17210647463798523,0.7537876963615417,0.0138102350756526,0.2489008605480194,0.045030366629362106,1.111512541770935,0.0337410643696785,0.40156668424606323,0.1108512356877327,0.4207046627998352,1.4173067808151245,0.004462634678930044,2.273319721221924,0.44041547179222107,,,,,,,,,,,,,,,
,0.000299739263357655,799,,,,,,,,,,,,,,,,,,,,,,,,,,,,,,
1,,799,0.1480541080236435,0.11675383895635605,0.8938884735107422,0.019260047003626823,0.2697013318538666,0.03631239011883736,1.088868260383606,0.05493707209825516,0.5075096487998962,0.11835885792970657,0.4355291426181793,1.5929826498031616,0.009887159802019596,2.260791540145874,0.4994508624076843,,,,,,,,,,,,,,,
,0.00029972547432810916,809,,,,,,,,,,,,,,,,,,,,,,,,,,,,,,
1,,809,0.22724005579948425,0.127040833234787,0.6958978176116943,0.009583507664501667,0.25149837136268616,0.03190423548221588,0.9868074059486389,0.04131607338786125,0.5539831519126892,0.16738171875476837,0.4323868751525879,1.5741848945617676,0.0075898077338933945,2.2857377529144287,0.5046447515487671,,,,,,,,,,,,,,,
,0.00029971133035056817,819,,,,,,,,,,,,,,,,,,,,,,,,,,,,,,
1,,819,0.19108714163303375,0.24097925424575806,0.8672188520431519,0.02229779213666916,0.25574153661727905,0.03696982562541962,1.2167984247207642,0.06484414637088776,0.5850393772125244,0.14174208045005798,0.4020918011665344,1.779510736465454,0.026952596381306648,2.2909111976623535,0.4665871858596802,,,,,,,,,,,,,,,
,0.0002996968314585626,829,,,,,,,,,,,,,,,,,,,,,,,,,,,,,,
1,,829,0.15336166322231293,0.12015867978334427,0.8482591509819031,0.01950983703136444,0.23135362565517426,0.025291701778769493,1.0385479927062988,0.040632106363773346,0.47610920667648315,0.1664762794971466,0.4001016318798065,1.4775679111480713,0.008468394167721272,2.197401762008667,0.3950439989566803,,,,,,,,,,,,,,,
,0.00029968197768646433,839,,,,,,,,,,,,,,,,,,,,,,,,,,,,,,
1,,839,0.21565929055213928,0.16398675739765167,0.9100236296653748,0.020780058577656746,0.26038074493408203,0.05187083035707474,1.009086012840271,0.036672938615083694,0.4954887628555298,0.10362712293863297,0.4194013178348541,1.6186604499816895,0.0052151186391711235,2.2661960124969482,0.5711519718170166,,,,,,,,,,,,,,,
,0.00029966676906948667,849,,,,,,,,,,,,,,,,,,,,,,,,,,,,,,
1,,849,0.1790807843208313,0.1159205362200737,0.7662022113800049,0.031386278569698334,0.2393956184387207,0.023012850433588028,0.913528561592102,0.03510410338640213,0.45492643117904663,0.06563885509967804,0.43293648958206177,1.463922142982483,0.03471120819449425,2.2791764736175537,0.48618075251579285,,,,,,,,,,,,,,,
,0.00029965120564368395,859,,,,,,,,,,,,,,,,,,,,,,,,,,,,,,
1,,859,0.12237579375505447,0.16643126308918,0.8662120699882507,0.012093153782188892,0.23756654560565948,0.02694140002131462,1.0846786499023438,0.04151502251625061,0.3421141803264618,0.08305481821298599,0.42357319593429565,1.352813482284546,0.008742955513298512,2.2104594707489014,0.39839789271354675,,,,,,,,,,,,,,,
,0.00029963528744595183,869,,,,,,,,,,,,,,,,,,,,,,,,,,,,,,
1,,869,0.13554148375988007,0.12109197676181793,0.9322834014892578,0.03843076899647713,0.2393292635679245,0.03897061571478844,1.0353434085845947,0.030518412590026855,0.39803430438041687,0.09789770096540451,0.3921983242034912,1.4252673387527466,0.01198364607989788,2.2575769424438477,0.3970988094806671,,,,,,,,,,,,,,,
,0.0002996190145140269,879,,,,,,,,,,,,,,,,,,,,,,,,,,,,,,
1,,879,0.10208609700202942,0.1605188399553299,0.9339939951896667,0.04846848547458649,0.19829630851745605,0.03770444169640541,0.8567960262298584,0.022342022508382797,0.3268028199672699,0.10109886527061462,0.457041472196579,1.3219473361968994,0.003954723477363586,2.1778879165649414,0.45244017243385315,,,,,,,,,,,,,,,
,0.00029960238688648676,889,,,,,,,,,,,,,,,,,,,,,,,,,,,,,,
1,,889,0.14395545423030853,0.10957890003919601,0.9558629989624023,0.010300974361598492,0.25064587593078613,0.03643361106514931,1.017877221107483,0.024317102506756783,0.34834370017051697,0.1554555594921112,0.4190703332424164,1.3758795261383057,0.011357411742210388,2.182830333709717,0.45504045486450195,,,,,,,,,,,,,,,
,0.00029958540460274974,899,,,,,,,,,,,,,,,,,,,,,,,,,,,,,,
1,,899,0.187117338180542,0.13538183271884918,0.9046180248260498,0.03346801549196243,0.28116628527641296,0.05147314444184303,1.0525312423706055,0.05314530432224274,0.5971108675003052,0.11656634509563446,0.42173343896865845,1.7233822345733643,0.005250551272183657,2.267220973968506,0.5143941044807434,,,,,,,,,,,,,,,
,0.00029956806770307514,909,,,,,,,,,,,,,,,,,,,,,,,,,,,,,,
1,,909,0.22905714809894562,0.14228883385658264,0.8292686939239502,0.01766970381140709,0.2500445544719696,0.024849819019436836,1.086890697479248,0.05386759340763092,0.6374813318252563,0.12142577022314072,0.4189154803752899,1.7160204648971558,0.008971665985882282,2.3486897945404053,0.4304991662502289,,,,,,,,,,,,,,,
,0.0002995503762285628,919,,,,,,,,,,,,,,,,,,,,,,,,,,,,,,
1,,919,0.22325913608074188,0.17875006794929504,0.8550119400024414,0.01709047518670559,0.22899968922138214,0.04282915219664574,0.9790382385253906,0.0369550958275795,0.4892432689666748,0.11973275989294052,0.4427018165588379,1.5435538291931152,0.009346465580165386,2.2767434120178223,0.4045366644859314,,,,,,,,,,,,,,,
,0.00029953233022115313,929,,,,,,,,,,,,,,,,,,,,,,,,,,,,,,
1,,929,0.2024584859609604,0.09755954146385193,0.7240530252456665,0.021941890940070152,0.21942470967769623,0.03677267208695412,0.8230337500572205,0.04367479681968689,0.6111687421798706,0.12179948389530182,0.3966522216796875,1.5349061489105225,0.00479505117982626,2.2273056507110596,0.3975180387496948,,,,,,,,,,,,,,,
,0.0002995139297236271,939,,,,,,,,,,,,,,,,,,,,,,,,,,,,,,
1,,939,0.10577104240655899,0.10494863241910934,0.6801332235336304,0.01828600838780403,0.19944410026073456,0.026843523606657982,0.7610598802566528,0.031967323273420334,0.33843353390693665,0.125321164727211,0.38016650080680847,1.157198429107666,0.005538641940802336,2.2577438354492188,0.3856290578842163,,,,,,,,,,,,,,,
,0.000299495174779606,949,,,,,,,,,,,,,,,,,,,,,,,,,,,,,,
1,,949,0.1940344274044037,0.13362431526184082,0.8831568956375122,0.025486109778285027,0.2863660156726837,0.030224813148379326,0.9980290532112122,0.062233585864305496,0.5884115099906921,0.14835192263126373,0.45527008175849915,1.7111334800720215,0.007627109065651894,2.2178142070770264,0.5414773225784302,,,,,,,,,,,,,,,
,0.0002994760654335514,959,,,,,,,,,,,,,,,,,,,,,,,,,,,,,,
1,,959,0.19282136857509613,0.10218735039234161,0.8604413866996765,0.026547087356448174,0.23102976381778717,0.0293489471077919,0.8850920796394348,0.04864012822508812,0.4621695578098297,0.13890886306762695,0.40576884150505066,1.4815423488616943,0.011370180174708366,2.2523841857910156,0.4723412096500397,,,,,,,,,,,,,,,
,0.00029945660173076496,969,,,,,,,,,,,,,,,,,,,,,,,,,,,,,,
1,,969,0.17328736186027527,0.08556141704320908,0.8147917985916138,0.01635327935218811,0.18493947386741638,0.030582621693611145,0.7518723011016846,0.03695608675479889,0.3398289680480957,0.06245780736207962,0.4259280860424042,1.2419710159301758,0.018500080332159996,2.278596878051758,0.403260737657547,,,,,,,,,,,,,,,
,0.0002994367837173886,979,,,,,,,,,,,,,,,,,,,,,,,,,,,,,,
1,,979,0.16185371577739716,0.08536098152399063,0.6316602826118469,0.007926953956484795,0.21668459475040436,0.023876626044511795,0.871907114982605,0.044930074363946915,0.4439595937728882,0.11881465464830399,0.3710257112979889,1.3004910945892334,0.006725616287440062,2.1868929862976074,0.3875526189804077,,,,,,,,,,,,,,,
,0.00029941661144040405,989,,,,,,,,,,,,,,,,,,,,,,,,,,,,,,
1,,989,0.16385075449943542,0.12240491062402725,0.751017153263092,0.012775128707289696,0.20399139821529388,0.0316731221973896,0.9083225727081299,0.03257286548614502,0.45011910796165466,0.10902886092662811,0.40242674946784973,1.3660407066345215,0.002219642512500286,2.256593704223633,0.4046885371208191,,,,,,,,,,,,,,,
,0.0002993960849476328,999,,,,,,,,,,,,,,,,,,,,,,,,,,,,,,
1,,999,0.1409878432750702,0.11396477371454239,0.8207422494888306,0.006476294249296188,0.21067234873771667,0.02064330503344536,0.8410966992378235,0.03629187121987343,0.4432260990142822,0.07841423898935318,0.3973540663719177,1.3556389808654785,0.006924382410943508,2.2991836071014404,0.4530699849128723,,,,,,,,,,,,,,,
,0.0002993752042877362,1009,,,,,,,,,,,,,,,,,,,,,,,,,,,,,,
1,,1009,0.17489203810691833,0.10687567293643951,0.7389368414878845,0.029920004308223724,0.21822603046894073,0.04917207732796669,0.8647072315216064,0.03827706351876259,0.43033117055892944,0.11935649812221527,0.38478487730026245,1.3893671035766602,0.010158741846680641,2.2507245540618896,0.46207669377326965,,,,,,,,,,,,,,,
,0.00029935396951021525,1019,,,,,,,,,,,,,,,,,,,,,,,,,,,,,,
1,,1019,0.17705366015434265,0.1176573857665062,0.7145379185676575,0.034466393291950226,0.21333403885364532,0.029955053701996803,0.7988083958625793,0.042104028165340424,0.46628445386886597,0.14742411673069,0.37260743975639343,1.3652464151382446,0.003897329093888402,2.2983617782592773,0.34631603956222534,,,,,,,,,,,,,,,
,0.00029933238066541024,1029,,,,,,,,,,,,,,,,,,,,,,,,,,,,,,
1,,1029,0.16843926906585693,0.11733344197273254,0.7242321968078613,0.029598258435726166,0.23381170630455017,0.027607645839452744,0.760948896408081,0.0374346598982811,0.4191700220108032,0.10097768902778625,0.397260844707489,1.3209413290023804,0.008832098916172981,2.258812189102173,0.4013029634952545,,,,,,,,,,,,,,,
,0.00029931043780450105,1039,,,,,,,,,,,,,,,,,,,,,,,,,,,,,,
1,,1039,0.22259759902954102,0.104008249938488,0.6867455840110779,0.008843143470585346,0.2318357527256012,0.03855590522289276,0.9328101277351379,0.03893420472741127,0.7299587726593018,0.08620411157608032,0.39838579297065735,1.665712833404541,0.0069071329198777676,2.371056079864502,0.3969886004924774,,,,,,,,,,,,,,,
,0.0002992881409795066,1049,,,,,,,,,,,,,,,,,,,,,,,,,,,,,,
1,,1049,0.13364700973033905,0.1003381535410881,0.8670514822006226,0.011628750711679459,0.2013036459684372,0.03916887193918228,0.8603172898292542,0.03284091502428055,0.3365608751773834,0.06593019515275955,0.4347495138645172,1.274787187576294,0.005024464335292578,2.287959337234497,0.466096431016922,,,,,,,,,,,,,,,
,0.00029926549024328515,1059,,,,,,,,,,,,,,,,,,,,,,,,,,,,,,
1,,1059,0.08363927155733109,0.11547496169805527,0.7525752186775208,0.018932802602648735,0.19506961107254028,0.019201263785362244,0.7085170149803162,0.015912780538201332,0.22781352698802948,0.0818854421377182,0.3660680651664734,1.001351237297058,0.005633369088172913,2.2689049243927,0.3276090919971466,,,,,,,,,,,,,,,
,0.00029924248564953385,1069,,,,,,,,,,,,,,,,,,,,,,,,,,,,,,
1,,1069,0.16547854244709015,0.11249600350856781,0.7052837610244751,0.05860413983464241,0.17809540033340454,0.03392265364527702,0.8361354470252991,0.02268969640135765,0.34751006960868835,0.09451866149902344,0.37574535608291626,1.2500805854797363,0.022664019837975502,2.203263282775879,0.33147984743118286,,,,,,,,,,,,,,,
,0.0002992191272527887,1079,,,,,,,,,,,,,,,,,,,,,,,,,,,,,,
1,,1079,0.13767997920513153,0.1092950701713562,0.6850365400314331,0.00993536226451397,0.2071237862110138,0.03170964866876602,0.6787844300270081,0.027530677616596222,0.30600705742836,0.10420290380716324,0.3956944942474365,1.103844404220581,0.0032943564001470804,2.2064859867095947,0.35635581612586975,,,,,,,,,,,,,,,
,0.0002991954151084245,1089,,,,,,,,,,,,,,,,,,,,,,,,,,,,,,
1,,1089,0.17376363277435303,0.1351071000099182,0.8387697339057922,0.0349784791469574,0.25168806314468384,0.02741081640124321,0.9420798420906067,0.0374310240149498,0.5058389902114868,0.060985080897808075,0.4055294692516327,1.532581090927124,0.0212975163012743,2.2470810413360596,0.4602615535259247,,,,,,,,,,,,,,,
,0.00029917134927265473,1099,,,,,,,,,,,,,,,,,,,,,,,,,,,,,,
1,,1099,0.17624270915985107,0.0965004488825798,0.72248375415802,0.024775056168437004,0.24907836318016052,0.019664306193590164,0.7880344390869141,0.03759697824716568,0.45895320177078247,0.12221357226371765,0.3969307243824005,1.379072904586792,0.021523980423808098,2.1503279209136963,0.41976213455200195,,,,,,,,,,,,,,,
,0.0002991469298025311,1109,,,,,,,,,,,,,,,,,,,,,,,,,,,,,,
1,,1109,0.14686433970928192,0.09502366185188293,0.608758270740509,0.011514607816934586,0.24397039413452148,0.01839614473283291,0.6619327068328857,0.03596128523349762,0.42787325382232666,0.09933672100305557,0.3687191307544708,1.212175965309143,0.0027190749533474445,2.2731237411499023,0.3857349753379822,,,,,,,,,,,,,,,
,0.00029912215675594403,1119,,,,,,,,,,,,,,,,,,,,,,,,,,,,,,
1,,1119,0.13823552429676056,0.08555327355861664,0.7453877925872803,0.00798635184764862,0.18458165228366852,0.020741255953907967,0.7082690000534058,0.03458036482334137,0.3889477849006653,0.09547324478626251,0.4104918837547302,1.202530860900879,0.0037153558805584908,2.2134203910827637,0.36780986189842224,,,,,,,,,,,,,,,
,0.0002990970301916218,1129,,,,,,,,,,,,,,,,,,,,,,,,,,,,,,
1,,1129,0.20354534685611725,0.09349425137042999,0.6765909194946289,0.01671731285750866,0.19446198642253876,0.027165308594703674,0.7380598187446594,0.025920787826180458,0.37007415294647217,0.10716883093118668,0.3759055435657501,1.2097151279449463,0.0030510304495692253,2.179788589477539,0.37944895029067993,,,,,,,,,,,,,,,
,0.000299071550169131,1139,,,,,,,,,,,,,,,,,,,,,,,,,,,,,,
1,,1139,0.1383860558271408,0.13587412238121033,0.713825523853302,0.018501779064536095,0.18972761929035187,0.030675793066620827,0.7689000964164734,0.033848077058792114,0.2748359739780426,0.09619932621717453,0.4023854732513428,1.1293976306915283,0.00631111953407526,2.2005467414855957,0.3610280454158783,,,,,,,,,,,,,,,
,0.0002990457167488761,1149,,,,,,,,,,,,,,,,,,,,,,,,,,,,,,
1,,1149,0.1659984439611435,0.10066680610179901,0.7021811008453369,0.029533643275499344,0.21176248788833618,0.03679618984460831,0.7362053990364075,0.029702505096793175,0.4341435730457306,0.1630135029554367,0.38461193442344666,1.3244600296020508,0.012596610002219677,2.269603729248047,0.42599689960479736,,,,,,,,,,,,,,,
,0.00029901952999209923,1159,,,,,,,,,,,,,,,,,,,,,,,,,,,,,,
1,,1159,0.17760762572288513,0.09786014258861542,0.7423402667045593,0.03034324385225773,0.21369440853595734,0.03412545844912529,0.7344778776168823,0.032471686601638794,0.3994458019733429,0.11174418777227402,0.41953685879707336,1.3253836631774902,0.005529021844267845,2.2411022186279297,0.5072301626205444,,,,,,,,,,,,,,,
,0.0002989929899608803,1169,,,,,,,,,,,,,,,,,,,,,,,,,,,,,,
1,,1169,0.1206919401884079,0.181999072432518,0.7187492847442627,0.03194836154580116,0.21659742295742035,0.03916209936141968,0.8180956840515137,0.025839878246188164,0.3361983597278595,0.1365271806716919,0.37398335337638855,1.2456245422363281,0.011549694463610649,2.321648359298706,0.392626017332077,,,,,,,,,,,,,,,
,0.0002989660967181367,1179,,,,,,,,,,,,,,,,,,,,,,,,,,,,,,
1,,1179,0.2066095769405365,0.09924791008234024,0.7867709398269653,0.031265001744031906,0.21762710809707642,0.02431637980043888,0.7867262363433838,0.044664643704891205,0.4796677529811859,0.09589099138975143,0.4045698046684265,1.4379795789718628,0.01800204999744892,2.182546615600586,0.422669380903244,,,,,,,,,,,,,,,
,0.00029893885032762304,1189,,,,,,,,,,,,,,,,,,,,,,,,,,,,,,
1,,1189,0.10880658030509949,0.1049150675535202,0.6175435185432434,0.005813265684992075,0.1629914939403534,0.029742531478405,0.6448079943656921,0.015094427391886711,0.18638166785240173,0.10094120353460312,0.3505222499370575,0.8951600790023804,0.006080158986151218,2.2456729412078857,0.3269714117050171,,,,,,,,,,,,,,,
,0.00029891125085393133,1199,,,,,,,,,,,,,,,,,,,,,,,,,,,,,,
1,,1199,0.13276062905788422,0.14411596953868866,0.6554533839225769,0.0056054117158055305,0.1957177370786667,0.021722733974456787,0.7078170776367188,0.022105328738689423,0.25209927558898926,0.09367503970861435,0.37140151858329773,1.0377001762390137,0.004381753969937563,2.240846633911133,0.3592301309108734,,,,,,,,,,,,,,,
,0.00029888329836249037,1209,,,,,,,,,,,,,,,,,,,,,,,,,,,,,,
1,,1209,0.11539014428853989,0.12106771767139435,0.7296790480613708,0.013534685596823692,0.2176682949066162,0.0345952995121479,0.6997698545455933,0.03494957834482193,0.33689355850219727,0.13495339453220367,0.3500191271305084,1.1543853282928467,0.008802498690783978,2.1691231727600098,0.32758429646492004,,,,,,,,,,,,,,,
,0.0002988549929195661,1219,,,,,,,,,,,,,,,,,,,,,,,,,,,,,,
1,,1219,0.2062489241361618,0.08762037754058838,0.6859775185585022,0.016644135117530823,0.21467329561710358,0.0405191034078598,0.6485598087310791,0.0528821125626564,0.5370603203773499,0.10774123668670654,0.371965616941452,1.3978487253189087,0.014881170354783535,2.1884284019470215,0.35264331102371216,,,,,,,,,,,,,,,
,0.000298826334592261,1229,,,,,,,,,,,,,,,,,,,,,,,,,,,,,,
1,,1229,0.1251467913389206,0.08022788166999817,0.6954789757728577,0.010056301020085812,0.2280997931957245,0.012838118709623814,0.6213640570640564,0.023880237713456154,0.3611617386341095,0.09570906311273575,0.3737046420574188,1.1452142000198364,0.010794781148433685,2.17627215385437,0.4271019995212555,,,,,,,,,,,,,,,
,0.0002987973234485141,1239,,,,,,,,,,,,,,,,,,,,,,,,,,,,,,
1,,1239,0.16285036504268646,0.05870722234249115,0.5804029107093811,0.01886707916855812,0.1830393224954605,0.02114633284509182,0.5969004034996033,0.04614393785595894,0.47383633255958557,0.110595703125,0.38729128241539,1.2351104021072388,0.010435830801725388,2.1842901706695557,0.35730868577957153,,,,,,,,,,,,,,,
,0.00029876795955710106,1249,,,,,,,,,,,,,,,,,,,,,,,,,,,,,,
1,,1249,0.17218168079853058,0.08934999257326126,0.6471614241600037,0.018695591017603874,0.20788122713565826,0.02654128149151802,0.7747224569320679,0.04741736128926277,0.48066481947898865,0.1388852745294571,0.3510368764400482,1.314255952835083,0.005882659461349249,2.2759037017822266,0.31884852051734924,,,,,,,,,,,,,,,
,0.00029873824298763365,1259,,,,,,,,,,,,,,,,,,,,,,,,,,,,,,
1,,1259,0.17026740312576294,0.08873523026704788,0.6741164326667786,0.02116544358432293,0.19544528424739838,0.026355667039752007,0.6196495294570923,0.042665742337703705,0.45809033513069153,0.054766274988651276,0.3771916329860687,1.2562793493270874,0.006661702413111925,2.2664284706115723,0.3474292457103729,,,,,,,,,,,,,,,
,0.0002987081738105596,1269,,,,,,,,,,,,,,,,,,,,,,,,,,,,,,
1,,1269,0.18694716691970825,0.06322335451841354,0.6470504999160767,0.011465172283351421,0.2019941806793213,0.023276764899492264,0.6047378182411194,0.028229760006070137,0.4188252091407776,0.08048787713050842,0.3949722945690155,1.193674087524414,0.004321622662246227,2.2151038646698,0.3785499334335327,,,,,,,,,,,,,,,
,0.0002986777520971627,1279,,,,,,,,,,,,,,,,,,,,,,,,,,,,,,
1,,1279,0.20180024206638336,0.08034120500087738,0.6870704293251038,0.01765441708266735,0.21030710637569427,0.04033141955733299,0.7313997149467468,0.057476308196783066,0.5315504670143127,0.09275982528924942,0.3747711181640625,1.4289871454238892,0.013107863254845142,2.3251326084136963,0.41859856247901917,,,,,,,,,,,,,,,
,0.0002986469779195625,1289,,,,,,,,,,,,,,,,,,,,,,,,,,,,,,
1,,1289,0.18268591165542603,0.08253035694360733,0.7263432741165161,0.025931240990757942,0.2808658182621002,0.026175864040851593,0.7381037473678589,0.04892704263329506,0.679581880569458,0.09554793685674667,0.4223564863204956,1.6110670566558838,0.008541041985154152,2.3183674812316895,0.463980108499527,,,,,,,,,,,,,,,
,0.00029861585135071406,1299,,,,,,,,,,,,,,,,,,,,,,,,,,,,,,
1,,1299,0.1439320594072342,0.07973191887140274,0.698106586933136,0.019377289339900017,0.20920582115650177,0.02089414745569229,0.6505558490753174,0.027469249442219734,0.3990024924278259,0.11920873820781708,0.4316399097442627,1.2321449518203735,0.012216099537909031,2.21370792388916,0.4373072385787964,,,,,,,,,,,,,,,
,0.0002985843724644078,1309,,,,,,,,,,,,,,,,,,,,,,,,,,,,,,
1,,1309,0.15746836364269257,0.06799892336130142,0.6198599338531494,0.012049115262925625,0.18890775740146637,0.023209666833281517,0.5921066403388977,0.03411872684955597,0.3812595009803772,0.09741298854351044,0.3790423572063446,1.1425988674163818,0.013665014877915382,2.2221426963806152,0.3744528889656067,,,,,,,,,,,,,,,
,0.00029855254133526947,1319,,,,,,,,,,,,,,,,,,,,,,,,,,,,,,
1,,1319,0.12253164499998093,0.1031547263264656,0.6986982822418213,0.020669056102633476,0.17857271432876587,0.02667316235601902,0.5824268460273743,0.02640376053750515,0.3143860995769501,0.09764427691698074,0.37476861476898193,1.0645415782928467,0.0031965060625225306,2.2439486980438232,0.3152070641517639,,,,,,,,,,,,,,,
,0.00029852035803875975,1329,,,,,,,,,,,,,,,,,,,,,,,,,,,,,,
1,,1329,0.11269394308328629,0.1192145124077797,0.7768490314483643,0.022286394611001015,0.18606075644493103,0.026657549664378166,0.7475308179855347,0.02753908932209015,0.2917783856391907,0.0446544773876667,0.34672439098358154,1.132449984550476,0.010715019889175892,2.3105416297912598,0.40091264247894287,,,,,,,,,,,,,,,
,0.00029848782265117434,1339,,,,,,,,,,,,,,,,,,,,,,,,,,,,,,
1,,1339,0.14061133563518524,0.09281884133815765,0.6677737236022949,0.015922188758850098,0.18228159844875336,0.04806208610534668,0.6638337969779968,0.03637120500206947,0.2592804431915283,0.0647030621767044,0.36168327927589417,1.0497404336929321,0.007379349786788225,2.319002866744995,0.3513999879360199,,,,,,,,,,,,,,,
,0.0002984549352496435,1349,,,,,,,,,,,,,,,,,,,,,,,,,,,,,,
1,,1349,0.17653913795948029,0.0680425837635994,0.5678810477256775,0.01642657071352005,0.158444344997406,0.034163232892751694,0.6496392488479614,0.034840986132621765,0.3785441517829895,0.08249044418334961,0.3493134081363678,1.1215567588806152,0.007966901175677776,2.233957052230835,0.32196149230003357,,,,,,,,,,,,,,,
,0.00029842169591213195,1359,,,,,,,,,,,,,,,,,,,,,,,,,,,,,,
1,,1359,0.14473192393779755,0.0959782525897026,0.6348874568939209,0.026001257821917534,0.17257612943649292,0.018308157101273537,0.6857378482818604,0.03205262869596481,0.46121495962142944,0.09438758343458176,0.36639630794525146,1.2356089353561401,0.005628024693578482,2.2393250465393066,0.32772913575172424,,,,,,,,,,,,,,,
,0.00029838810471743895,1369,,,,,,,,,,,,,,,,,,,,,,,,,,,,,,
1,,1369,0.20336109399795532,0.09148600697517395,0.6863667964935303,0.021109484136104584,0.23434273898601532,0.06906941533088684,0.720975399017334,0.05344779044389725,0.5304767489433289,0.10423652827739716,0.38791537284851074,1.4656881093978882,0.00821677315980196,2.2495925426483154,0.47223207354545593,,,,,,,,,,,,,,,
,0.00029835416174519766,1379,,,,,,,,,,,,,,,,,,,,,,,,,,,,,,
1,,1379,0.14187754690647125,0.07221764326095581,0.5997109413146973,0.025312716141343117,0.15526679158210754,0.028426846489310265,0.6201069951057434,0.032378677278757095,0.34404587745666504,0.09248511493206024,0.35543128848075867,1.0833208560943604,0.0051934318616986275,2.30263090133667,0.3454504609107971,,,,,,,,,,,,,,,
,0.00029831986707587536,1389,,,,,,,,,,,,,,,,,,,,,,,,,,,,,,
1,,1389,0.17473722994327545,0.057631272822618484,0.5966331362724304,0.02085578627884388,0.18655215203762054,0.009455402381718159,0.5979945659637451,0.04177906736731529,0.392281711101532,0.09823574870824814,0.3589206635951996,1.1311231851577759,0.009600259363651276,2.187009334564209,0.2993713617324829,,,,,,,,,,,,,,,
1,,1389,,,,,,,,,,,,,,,,0.2857765257358551,0.04071812331676483,0.37060683965682983,0.012516677379608154,0.11300352960824966,0.00481256702914834,0.3755851089954376,0.0328565388917923,0.3162221312522888,0.0855545699596405,0.22169055044651031,0.8926990628242493,0.013248846866190434,2.2785940170288086,0.2192416936159134
,0.00029828522079077295,1399,,,,,,,,,,,,,,,,,,,,,,,,,,,,,,
2,,1399,0.13720092177391052,0.08067410439252853,0.6792473196983337,0.015658637508749962,0.18563607335090637,0.03126256912946701,0.6375992894172668,0.026563340798020363,0.2995621860027313,0.08170458674430847,0.3943791389465332,1.0737340450286865,0.0026287196669727564,2.2091948986053467,0.373684287071228,,,,,,,,,,,,,,,
,0.00029825022297202497,1409,,,,,,,,,,,,,,,,,,,,,,,,,,,,,,
2,,1409,0.2143062949180603,0.11897861212491989,0.7812232971191406,0.014135638251900673,0.26769745349884033,0.02839001454412937,0.7055497169494629,0.046879686415195465,0.563136875629425,0.10108267515897751,0.42912307381629944,1.5385661125183105,0.012286276556551456,2.2488796710968018,0.5150743126869202,,,,,,,,,,,,,,,
,0.0002982148737025992,1419,,,,,,,,,,,,,,,,,,,,,,,,,,,,,,
2,,1419,0.11619503051042557,0.10207393020391464,0.6700329780578613,0.003613745328038931,0.21778926253318787,0.02033018134534359,0.6396303772926331,0.028663508594036102,0.38586896657943726,0.08009538799524307,0.4122978448867798,1.171055555343628,0.00579841248691082,2.223210573196411,0.42726659774780273,,,,,,,,,,,,,,,
,0.00029817917306629684,1429,,,,,,,,,,,,,,,,,,,,,,,,,,,,,,
2,,1429,0.18222470581531525,0.13562434911727905,0.6825466752052307,0.03754595294594765,0.20674999058246613,0.04111378267407417,0.7816804051399231,0.041663818061351776,0.48484402894973755,0.09781213849782944,0.35167810320854187,1.374947190284729,0.005723300389945507,2.2942802906036377,0.34124013781547546,,,,,,,,,,,,,,,
,0.0002981431211477519,1439,,,,,,,,,,,,,,,,,,,,,,,,,,,,,,
2,,1439,0.10475379228591919,0.10092948377132416,0.7142471671104431,0.01569455862045288,0.21044258773326874,0.036326296627521515,0.6232220530509949,0.05209719389677048,0.3711106777191162,0.05580231919884682,0.3808337152004242,1.1946512460708618,0.004289803560823202,2.158457040786743,0.4443993866443634,,,,,,,,,,,,,,,
,0.00029810671803243106,1449,,,,,,,,,,,,,,,,,,,,,,,,,,,,,,
2,,1449,0.13392500579357147,0.07494128495454788,0.6985911130905151,0.007683999836444855,0.20018017292022705,0.02498871460556984,0.7033401131629944,0.025258895009756088,0.304686039686203,0.10088670253753662,0.3568805456161499,1.0958900451660156,0.007883906364440918,2.2213900089263916,0.3965911567211151,,,,,,,,,,,,,,,
,0.0002980699638066338,1459,,,,,,,,,,,,,,,,,,,,,,,,,,,,,,
2,,1459,0.15435455739498138,0.05820901319384575,0.6585472822189331,0.010842712596058846,0.1917528212070465,0.02363256737589836,0.5437950491905212,0.049214091151952744,0.415702223777771,0.09505203366279602,0.38563695549964905,1.1646560430526733,0.005279507488012314,2.2106759548187256,0.32834675908088684,,,,,,,,,,,,,,,
,0.00029803285855749175,1469,,,,,,,,,,,,,,,,,,,,,,,,,,,,,,
2,,1469,0.13546551764011383,0.09858635067939758,0.6932679414749146,0.001658394350670278,0.18410155177116394,0.022922011092305183,0.5505267381668091,0.02576730027794838,0.2664933204650879,0.0979212075471878,0.381268173456192,1.0045489072799683,0.0030839447863399982,2.193255662918091,0.3544611632823944,,,,,,,,,,,,,,,
,0.0002979954023729689,1479,,,,,,,,,,,,,,,,,,,,,,,,,,,,,,
2,,1479,0.12985646724700928,0.12890510261058807,0.6561895608901978,0.010657381266355515,0.18593832850456238,0.024245506152510643,0.6019434332847595,0.018775153905153275,0.26788565516471863,0.11513572931289673,0.3668265640735626,1.016196608543396,0.010340644046664238,2.191037178039551,0.3182058036327362,,,,,,,,,,,,,,,
,0.000297957595341861,1489,,,,,,,,,,,,,,,,,,,,,,,,,,,,,,
2,,1489,0.11657395213842392,0.07386792451143265,0.5316359400749207,0.01974809356033802,0.17370140552520752,0.0174202062189579,0.5996690988540649,0.048443861305713654,0.34056320786476135,0.10146486014127731,0.35714924335479736,1.0556248426437378,0.00783565640449524,2.169898271560669,0.34335631132125854,,,,,,,,,,,,,,,
,0.0002979194375537956,1499,,,,,,,,,,,,,,,,,,,,,,,,,,,,,,
2,,1499,0.19624574482440948,0.07477376610040665,0.7006790637969971,0.011397028341889381,0.22754588723182678,0.02670936845242977,0.6253442764282227,0.03763658553361893,0.5023327469825745,0.12114675343036652,0.38251933455467224,1.353066086769104,0.008178647607564926,2.1879894733428955,0.4467732906341553,,,,,,,,,,,,,,,
,0.00029788092909923184,1509,,,,,,,,,,,,,,,,,,,,,,,,,,,,,,
2,,1509,0.1776759773492813,0.1174570769071579,0.6413553357124329,0.00847432017326355,0.20966365933418274,0.01764337345957756,0.7087422013282776,0.04533702880144119,0.5176705121994019,0.10436542332172394,0.3789885938167572,1.35294771194458,0.006789568345993757,2.2074379920959473,0.38857683539390564,,,,,,,,,,,,,,,
,0.0002978420700694601,1519,,,,,,,,,,,,,,,,,,,,,,,,,,,,,,
2,,1519,0.1605009287595749,0.12459419667720795,0.5956336259841919,0.015421546064317226,0.1785198599100113,0.04601454362273216,0.6319021582603455,0.02635909803211689,0.32690030336380005,0.13232886791229248,0.3421858847141266,1.104335904121399,0.008608143776655197,2.234694004058838,0.3478977382183075,,,,,,,,,,,,,,,
,0.0002978028605566019,1529,,,,,,,,,,,,,,,,,,,,,,,,,,,,,,
2,,1529,0.1742945909500122,0.06848379969596863,0.5990890860557556,0.010308029130101204,0.1407518833875656,0.026363274082541466,0.5322549343109131,0.016338873654603958,0.26619336009025574,0.08696599304676056,0.3388998210430145,0.9438488483428955,0.0033356568310409784,2.212336301803589,0.3038240671157837,,,,,,,,,,,,,,,
,0.0002977633006536095,1539,,,,,,,,,,,,,,,,,,,,,,,,,,,,,,
2,,1539,0.160292387008667,0.1002732366323471,0.7796436548233032,0.02339962124824524,0.2109328657388687,0.020130131393671036,0.7436088919639587,0.046985745429992676,0.44332051277160645,0.10899639129638672,0.38079550862312317,1.3282471895217896,0.007212040945887566,2.301940679550171,0.37323862314224243,,,,,,,,,,,,,,,
,0.00029772339045426615,1549,,,,,,,,,,,,,,,,,,,,,,,,,,,,,,
2,,1549,0.11017411202192307,0.11946108937263489,0.6309938430786133,0.01760014332830906,0.160011887550354,0.023683613166213036,0.5791366696357727,0.020262785255908966,0.27231788635253906,0.08621396869421005,0.3392031490802765,1.002813458442688,0.011418982408940792,2.1372170448303223,0.3721412718296051,,,,,,,,,,,,,,,
,0.00029768313005318516,1559,,,,,,,,,,,,,,,,,,,,,,,,,,,,,,
2,,1559,0.13145965337753296,0.08445413410663605,0.6422948837280273,0.007288216147571802,0.16372603178024292,0.02024649828672409,0.5727589130401611,0.03569614887237549,0.3890398144721985,0.10479003190994263,0.39805901050567627,1.1220672130584717,0.003548781154677272,2.171802282333374,0.3490651249885559,,,,,,,,,,,,,,,
,0.00029764251954581016,1569,,,,,,,,,,,,,,,,,,,,,,,,,,,,,,
2,,1569,0.08499576896429062,0.09210756421089172,0.6382678151130676,0.014450403861701488,0.17635874450206757,0.010898829437792301,0.6034421920776367,0.03609403222799301,0.25704482197761536,0.06953933835029602,0.35296615958213806,0.9720575213432312,0.005552435293793678,2.2786126136779785,0.3555694818496704,,,,,,,,,,,,,,,
,0.00029760155902841485,1579,,,,,,,,,,,,,,,,,,,,,,,,,,,,,,
2,,1579,0.11425236612558365,0.08880650997161865,0.5747976303100586,0.014654035679996014,0.15266890823841095,0.00908629596233368,0.5081814527511597,0.01784680411219597,0.2596023380756378,0.09745243936777115,0.32462215423583984,0.8915183544158936,0.00350770796649158,2.149858236312866,0.2717376947402954,,,,,,,,,,,,,,,
,0.00029756024859810276,1589,,,,,,,,,,,,,,,,,,,,,,,,,,,,,,
2,,1589,0.15766356885433197,0.11349423229694366,0.5993210673332214,0.009028567932546139,0.20234589278697968,0.02260316163301468,0.505369246006012,0.03488694876432419,0.39528435468673706,0.07108614593744278,0.37674379348754883,1.1540905237197876,0.0072997440584003925,2.2711143493652344,0.431077241897583,,,,,,,,,,,,,,,
,0.0002975185883528066,1599,,,,,,,,,,,,,,,,,,,,,,,,,,,,,,
2,,1599,0.11687560379505157,0.06600584834814072,0.5153560638427734,0.006205117795616388,0.14371950924396515,0.02692479081451893,0.4944108724594116,0.017045283690094948,0.14128176867961884,0.06920959055423737,0.3000398278236389,0.7432727217674255,0.0035085033159703016,2.2981960773468018,0.30800187587738037,,,,,,,,,,,,,,,
,0.00029747657839128877,1609,,,,,,,,,,,,,,,,,,,,,,,,,,,,,,
2,,1609,0.15705610811710358,0.07308945059776306,0.5421357154846191,0.015637921169400215,0.16078251600265503,0.020099373534321785,0.488330215215683,0.02536582574248314,0.397333562374115,0.12348516285419464,0.34218937158584595,1.0631886720657349,0.004028945695608854,2.1877756118774414,0.3037644922733307,,,,,,,,,,,,,,,
,0.0002974342188131404,1619,,,,,,,,,,,,,,,,,,,,,,,,,,,,,,
2,,1619,0.08974410593509674,0.14736253023147583,0.5171474814414978,0.00841277651488781,0.1763785481452942,0.013631951063871384,0.5444819927215576,0.023810185492038727,0.1806904673576355,0.1433718055486679,0.37005066871643066,0.8590918779373169,0.00427683861926198,2.247558832168579,0.3346445560455322,,,,,,,,,,,,,,,
,0.00029739150971878176,1629,,,,,,,,,,,,,,,,,,,,,,,,,,,,,,
2,,1629,0.11362209916114807,0.06344830989837646,0.5651952028274536,0.010563267394900322,0.1763930469751358,0.028195498511195183,0.5659575462341309,0.034993819892406464,0.4527841806411743,0.10185454040765762,0.3713666498661041,1.137953758239746,0.006423364859074354,2.2482805252075195,0.30734455585479736,,,,,,,,,,,,,,,
,0.0002973484512094614,1639,,,,,,,,,,,,,,,,,,,,,,,,,,,,,,
2,,1639,0.09988562017679214,0.05604306980967522,0.5253238677978516,0.005922735668718815,0.17337264120578766,0.013235853984951973,0.5311364531517029,0.02983463741838932,0.3331668972969055,0.07783939689397812,0.3533352017402649,0.9693070650100708,0.0030069597996771336,2.2508151531219482,0.341101735830307,,,,,,,,,,,,,,,
,0.00029730504338725645,1649,,,,,,,,,,,,,,,,,,,,,,,,,,,,,,
2,,1649,0.10794100165367126,0.08058614283800125,0.7229084968566895,0.023330451920628548,0.15986977517604828,0.014405013993382454,0.5718819499015808,0.01727287843823433,0.26790136098861694,0.0870344266295433,0.3199285864830017,0.9925310015678406,0.02161659300327301,2.216900110244751,0.30716967582702637,,,,,,,,,,,,,,,
,0.0002972612863550719,1659,,,,,,,,,,,,,,,,,,,,,,,,,,,,,,
2,,1659,0.16768433153629303,0.11960102617740631,0.6755982637405396,0.016933877021074295,0.1985848993062973,0.012651546858251095,0.6449289917945862,0.03068389929831028,0.44163185358047485,0.11536107212305069,0.37376272678375244,1.2583346366882324,0.0033204618375748396,2.2251999378204346,0.4071384370326996,,,,,,,,,,,,,,,
,0.0002972171802166409,1669,,,,,,,,,,,,,,,,,,,,,,,,,,,,,,
2,,1669,0.18059849739074707,0.0825204849243164,0.6179187893867493,0.01782381720840931,0.19614209234714508,0.026227327063679695,0.65594083070755,0.043927550315856934,0.4130238890647888,0.1300245225429535,0.36705559492111206,1.2161657810211182,0.008455964736640453,2.1978540420532227,0.3506743609905243,,,,,,,,,,,,,,,
,0.0002971727250765239,1679,,,,,,,,,,,,,,,,,,,,,,,,,,,,,,
2,,1679,0.17344777286052704,0.08836222440004349,0.7132689952850342,0.010862685739994049,0.1733475774526596,0.026553522795438766,0.6103515028953552,0.022533604875206947,0.33733654022216797,0.10874701291322708,0.38226571679115295,1.1205394268035889,0.0014333532890304923,2.172722101211548,0.3678571879863739,,,,,,,,,,,,,,,
,0.000297127921040109,1689,,,,,,,,,,,,,,,,,,,,,,,,,,,,,,
2,,1689,0.12247885763645172,0.0809132382273674,0.5676289796829224,0.0068946233950555325,0.16217157244682312,0.02398320473730564,0.48639577627182007,0.027338732033967972,0.2530539631843567,0.10186431556940079,0.3565579652786255,0.9260274767875671,0.008287535980343819,2.2986996173858643,0.3527816832065582,,,,,,,,,,,,,,,
,0.00029708276821361116,1699,,,,,,,,,,,,,,,,,,,,,,,,,,,,,,
2,,1699,0.11757475882768631,0.07675762474536896,0.5675960183143616,0.013371627777814865,0.17521564662456512,0.017507238313555717,0.5439385175704956,0.01917915791273117,0.36038848757743835,0.11120312660932541,0.34712064266204834,1.0235161781311035,0.0049791657365858555,2.1801600456237793,0.30393874645233154,,,,,,,,,,,,,,,
,0.00029703726670407245,1709,,,,,,,,,,,,,,,,,,,,,,,,,,,,,,
2,,1709,0.13884779810905457,0.06970197707414627,0.6330947875976562,0.008961700834333897,0.18021173775196075,0.027805054560303688,0.5669072866439819,0.02773558348417282,0.2962067425251007,0.08963266760110855,0.339312344789505,1.009595513343811,0.007326232269406319,2.175684928894043,0.3338083326816559,,,,,,,,,,,,,,,
,0.00029699141661936133,1719,,,,,,,,,,,,,,,,,,,,,,,,,,,,,,
2,,1719,0.13713660836219788,0.07584536075592041,0.6398202180862427,0.013935237191617489,0.16861595213413239,0.026694608852267265,0.500323474407196,0.031257979571819305,0.3024871349334717,0.08431318402290344,0.35974347591400146,1.016814947128296,0.007493420038372278,2.174004554748535,0.35203590989112854,,,,,,,,,,,,,,,
,0.0002969452180681727,1729,,,,,,,,,,,,,,,,,,,,,,,,,,,,,,
2,,1729,0.13482876121997833,0.09821083396673203,0.5598981380462646,0.019767168909311295,0.14679042994976044,0.029416805133223534,0.5405601859092712,0.025899134576320648,0.3034365475177765,0.10784465819597244,0.3133590519428253,0.9770994186401367,0.00981768500059843,2.20743465423584,0.2603873014450073,,,,,,,,,,,,,,,
,0.00029689867116002754,1739,,,,,,,,,,,,,,,,,,,,,,,,,,,,,,
2,,1739,0.13376638293266296,0.057763341814279556,0.49726516008377075,0.010678792372345924,0.15541256964206696,0.014898880384862423,0.4526064395904541,0.026581842452287674,0.28524845838546753,0.07806780189275742,0.3266008496284485,0.8744600415229797,0.00379155483096838,2.2526960372924805,0.241689071059227,,,,,,,,,,,,,,,
,0.0002968517760052727,1749,,,,,,,,,,,,,,,,,,,,,,,,,,,,,,
2,,1749,0.16477659344673157,0.08389026671648026,0.724310040473938,0.020758258178830147,0.21222518384456635,0.02127980999648571,0.6447427272796631,0.039095841348171234,0.5020722150802612,0.14798323810100555,0.33880147337913513,1.327678918838501,0.010632069781422615,2.2146027088165283,0.35681185126304626,,,,,,,,,,,,,,,
,0.00029680453271508067,1759,,,,,,,,,,,,,,,,,,,,,,,,,,,,,,
2,,1759,0.11374596506357193,0.10238035768270493,0.606425404548645,0.01089379470795393,0.17811264097690582,0.01546914130449295,0.5892747640609741,0.022020451724529266,0.2124619036912918,0.09622499346733093,0.36996695399284363,0.9121314287185669,0.005314977839589119,2.197174072265625,0.3122628927230835,,,,,,,,,,,,,,,
,0.00029675694140144905,1769,,,,,,,,,,,,,,,,,,,,,,,,,,,,,,
2,,1769,0.11129939556121826,0.05581892654299736,0.49920257925987244,0.008382395841181278,0.12266324460506439,0.026538819074630737,0.351471871137619,0.022310256958007812,0.23185229301452637,0.07171537727117538,0.32642489671707153,0.7781181931495667,0.006008656695485115,2.1747305393218994,0.24660342931747437,,,,,,,,,,,,,,,
,0.0002967090021772007,1779,,,,,,,,,,,,,,,,,,,,,,,,,,,,,,
2,,1779,0.11796264350414276,0.08911314606666565,0.6421533823013306,0.006009950768202543,0.17874135076999664,0.043080005794763565,0.5426011681556702,0.03359905630350113,0.343853622674942,0.10041597485542297,0.3435057997703552,1.0771249532699585,0.008265458978712559,2.2690141201019287,0.3749502897262573,,,,,,,,,,,,,,,
,0.000296660715155983,1789,,,,,,,,,,,,,,,,,,,,,,,,,,,,,,
2,,1789,0.18248920142650604,0.06641768664121628,0.5652470588684082,0.021400637924671173,0.14952485263347626,0.027110278606414795,0.486212819814682,0.027880866080522537,0.3581688404083252,0.08590821176767349,0.31943318247795105,1.0378679037094116,0.00535611342638731,2.1900250911712646,0.2947109341621399,,,,,,,,,,,,,,,
,0.0002966120804522682,1799,,,,,,,,,,,,,,,,,,,,,,,,,,,,,,
2,,1799,0.18723341822624207,0.06509729474782944,0.49151355028152466,0.010513409972190857,0.14188747107982635,0.01742425002157688,0.4745427072048187,0.026831964030861855,0.40422961115837097,0.08989821374416351,0.3200608491897583,1.0403388738632202,0.006589175667613745,2.271915912628174,0.28249478340148926,,,,,,,,,,,,,,,
,0.00029656309818135244,1809,,,,,,,,,,,,,,,,,,,,,,,,,,,,,,
2,,1809,0.10268358141183853,0.08022503554821014,0.657600998878479,0.011375519447028637,0.14254172146320343,0.01593603566288948,0.555668294429779,0.022022249177098274,0.21521912515163422,0.10597430169582367,0.34662219882011414,0.8946502804756165,0.005210947711020708,2.2981770038604736,0.3078974485397339,,,,,,,,,,,,,,,
,0.000296513768459356,1819,,,,,,,,,,,,,,,,,,,,,,,,,,,,,,
2,,1819,0.12118137627840042,0.0682767778635025,0.5161863565444946,0.011221361346542835,0.13173837959766388,0.01621365360915661,0.38605111837387085,0.01490611769258976,0.19096627831459045,0.10015399754047394,0.33042094111442566,0.7603534460067749,0.006323418579995632,2.2902638912200928,0.2517249584197998,,,,,,,,,,,,,,,
,0.00029646409140322285,1829,,,,,,,,,,,,,,,,,,,,,,,,,,,,,,
2,,1829,0.14998231828212738,0.05421406030654907,0.5428266525268555,0.009044429287314415,0.13511119782924652,0.01871095597743988,0.5058989524841309,0.02282225713133812,0.26787737011909485,0.05216890946030617,0.339669406414032,0.8962638974189758,0.003755816724151373,2.2019989490509033,0.2929070293903351,,,,,,,,,,,,,,,
,0.00029641406713072025,1839,,,,,,,,,,,,,,,,,,,,,,,,,,,,,,
2,,1839,0.06386251747608185,0.0732005387544632,0.6991883516311646,0.007731500081717968,0.16301974654197693,0.014588204212486744,0.5733982920646667,0.019337719306349754,0.21067340672016144,0.07871993631124496,0.3345182538032532,0.8856822848320007,0.009672003798186779,2.233840227127075,0.3239647150039673,,,,,,,,,,,,,,,
,0.0002963636957604388,1849,,,,,,,,,,,,,,,,,,,,,,,,,,,,,,
2,,1849,0.10534312576055527,0.07726071774959564,0.5499075055122375,0.015343000181019306,0.13233956694602966,0.020714709535241127,0.45670285820961,0.022576965391635895,0.2593383193016052,0.08742212504148483,0.3354606628417969,0.8977099657058716,0.044093456119298935,2.2919225692749023,0.23328891396522522,,,,,,,,,,,,,,,
,0.0002963129774117917,1859,,,,,,,,,,,,,,,,,,,,,,,,,,,,,,
2,,1859,0.10815442353487015,0.06257070600986481,0.49968668818473816,0.01570243015885353,0.1411600261926651,0.017369048669934273,0.44553208351135254,0.026782536879181862,0.25636783242225647,0.08001478761434555,0.3247230648994446,0.8477587699890137,0.005203236825764179,2.280360460281372,0.2746228277683258,,,,,,,,,,,,,,,
,0.0002962619122050149,1869,,,,,,,,,,,,,,,,,,,,,,,,,,,,,,
2,,1869,0.14969788491725922,0.12329929322004318,0.5997923016548157,0.011769567616283894,0.15657293796539307,0.01813782937824726,0.5410441160202026,0.037265367805957794,0.4035329520702362,0.1255822628736496,0.3269495368003845,1.1288402080535889,0.009774122387170792,2.22564959526062,0.31563833355903625,,,,,,,,,,,,,,,
,0.0002962105002611666,1879,,,,,,,,,,,,,,,,,,,,,,,,,,,,,,
2,,1879,0.08607350289821625,0.049861397594213486,0.5777530074119568,0.009276406839489937,0.14304299652576447,0.01516267191618681,0.4940769672393799,0.01740282215178013,0.255860298871994,0.09358222782611847,0.314284086227417,0.8528439998626709,0.004445423372089863,2.2556302547454834,0.28598782420158386,,,,,,,,,,,,,,,
,0.000296158741702127,1889,,,,,,,,,,,,,,,,,,,,,,,,,,,,,,
2,,1889,0.15119190514087677,0.10569287836551666,0.6236988306045532,0.012798049487173557,0.18390923738479614,0.01959165185689926,0.6046343445777893,0.031678736209869385,0.3917821943759918,0.11679449677467346,0.35448217391967773,1.166314721107483,0.009716023690998554,2.22036075592041,0.4000317454338074,,,,,,,,,,,,,,,
,0.0002961066366505979,1899,,,,,,,,,,,,,,,,,,,,,,,,,,,,,,
2,,1899,0.13388113677501678,0.06554442644119263,0.48112210631370544,0.0067441132850945,0.12717023491859436,0.021975239738821983,0.37484267354011536,0.017188100144267082,0.22615543007850647,0.05786743015050888,0.2873035967350006,0.778279721736908,0.009540294297039509,2.172028064727783,0.2617502212524414,,,,,,,,,,,,,,,
,0.00029605418523010255,1909,,,,,,,,,,,,,,,,,,,,,,,,,,,,,,
2,,1909,0.08855124562978745,0.05520879477262497,0.5707545280456543,0.016467701643705368,0.1537017524242401,0.01858719065785408,0.4170990586280823,0.026828721165657043,0.35560885071754456,0.07541237771511078,0.35080066323280334,0.974921464920044,0.009050071239471436,2.3059377670288086,0.3197159171104431,,,,,,,,,,,,,,,
,0.0002960013875649855,1919,,,,,,,,,,,,,,,,,,,,,,,,,,,,,,
2,,1919,0.15234887599945068,0.09625008702278137,0.6505181193351746,0.012754987925291061,0.19437867403030396,0.029441222548484802,0.6040284037590027,0.04445236548781395,0.4842512905597687,0.0871318057179451,0.3597787618637085,1.2708256244659424,0.006114886607974768,2.272355556488037,0.3802475929260254,,,,,,,,,,,,,,,
,0.0002959482437804119,1929,,,,,,,,,,,,,,,,,,,,,,,,,,,,,,
2,,1929,0.14248479902744293,0.05814724788069725,0.48078522086143494,0.012296479195356369,0.1838354617357254,0.03750208392739296,0.464641809463501,0.03729284554719925,0.38065648078918457,0.11190899461507797,0.36075377464294434,1.049003005027771,0.0011075594229623675,2.1977081298828125,0.3636845648288727,,,,,,,,,,,,,,,
,0.00029589475400236754,1939,,,,,,,,,,,,,,,,,,,,,,,,,,,,,,
2,,1939,0.14185617864131927,0.06326543539762497,0.5567536354064941,0.008384780026972294,0.17266318202018738,0.03013814613223076,0.49734583497047424,0.032999295741319656,0.38837188482284546,0.0820276141166687,0.31411924958229065,1.060035228729248,0.00741774495691061,2.2648448944091797,0.3396727442741394,,,,,,,,,,,,,,,
,0.00029584091835765843,1949,,,,,,,,,,,,,,,,,,,,,,,,,,,,,,
2,,1949,0.12249299138784409,0.10027310252189636,0.6791742444038391,0.00723223527893424,0.15694795548915863,0.01591983623802662,0.5023577809333801,0.020368073135614395,0.2406972199678421,0.0838327556848526,0.3250924348831177,0.9343435764312744,0.016611620783805847,2.2350916862487793,0.31315574049949646,,,,,,,,,,,,,,,
,0.0002957867369739106,1959,,,,,,,,,,,,,,,,,,,,,,,,,,,,,,
2,,1959,0.07382750511169434,0.18437255918979645,0.7348938584327698,0.011834644712507725,0.14949962496757507,0.013541942462325096,0.6523687839508057,0.020487137138843536,0.18752942979335785,0.07130581885576248,0.3366064429283142,0.943239688873291,0.007806452922523022,2.144814968109131,0.33065274357795715,,,,,,,,,,,,,,,
,0.0002957322099795694,1969,,,,,,,,,,,,,,,,,,,,,,,,,,,,,,
2,,1969,0.0936010554432869,0.07154393941164017,0.5768371224403381,0.005798893980681896,0.13806021213531494,0.013249033130705357,0.4789179265499115,0.01906360127031803,0.195173978805542,0.061575666069984436,0.3294137716293335,0.7873409986495972,0.011229761876165867,2.219794988632202,0.2387247085571289,,,,,,,,,,,,,,,
,0.00029567733750389993,1979,,,,,,,,,,,,,,,,,,,,,,,,,,,,,,
2,,1979,0.07412313669919968,0.07165992259979248,0.6136765480041504,0.019229838624596596,0.16844305396080017,0.02261136658489704,0.4994314908981323,0.023571070283651352,0.3529830574989319,0.10081864148378372,0.3449399769306183,1.011427640914917,0.00632872199639678,2.235764503479004,0.32367101311683655,,,,,,,,,,,,,,,
,0.00029562211967698604,1989,,,,,,,,,,,,,,,,,,,,,,,,,,,,,,
2,,1989,0.08908754587173462,0.08754915744066238,0.6407127976417542,0.008939236402511597,0.14106367528438568,0.020740872249007225,0.5601503252983093,0.02016482688486576,0.27037161588668823,0.08073282986879349,0.32756507396698,0.9353376626968384,0.011386590078473091,2.247988224029541,0.2980042099952698,,,,,,,,,,,,,,,
,0.0002955665566297303,1999,,,,,,,,,,,,,,,,,,,,,,,,,,,,,,
2,,1999,0.1700376570224762,0.07418617606163025,0.6651588082313538,0.021822158247232437,0.23152846097946167,0.03159092366695404,0.6675543189048767,0.051283299922943115,0.6531410217285156,0.09854846447706223,0.35050100088119507,1.4950708150863647,0.0014204579638317227,2.2140769958496094,0.4257137179374695,,,,,,,,,,,,,,,
,0.00029551064849385374,2009,,,,,,,,,,,,,,,,,,,,,,,,,,,,,,
2,,2009,0.17769037187099457,0.06856395304203033,0.5311925411224365,0.015077616088092327,0.16022539138793945,0.035563305020332336,0.5552225112915039,0.034240394830703735,0.39289313554763794,0.08464840054512024,0.32671302556991577,1.0972328186035156,0.0052028861828148365,2.2225072383880615,0.33168914914131165,,,,,,,,,,,,,,,
,0.0002954543954018956,2019,,,,,,,,,,,,,,,,,,,,,,,,,,,,,,
2,,2019,0.14721329510211945,0.07569622248411179,0.5155030488967896,0.022611824795603752,0.1615464985370636,0.014163061045110226,0.43638283014297485,0.026774093508720398,0.332079142332077,0.13226287066936493,0.32053515315055847,0.9642354846000671,0.002238128101453185,2.166104555130005,0.27161961793899536,,,,,,,,,,,,,,,
,0.00029539779748721253,2029,,,,,,,,,,,,,,,,,,,,,,,,,,,,,,
2,,2029,0.16978926956653595,0.07441237568855286,0.6437625288963318,0.01586809754371643,0.14724336564540863,0.0178519356995821,0.5556260943412781,0.03125562518835068,0.33510053157806396,0.09902630746364594,0.3472975492477417,1.057136058807373,0.007596608251333237,2.2112362384796143,0.3019000291824341,,,,,,,,,,,,,,,
,0.00029534085488397904,2039,,,,,,,,,,,,,,,,,,,,,,,,,,,,,,
2,,2039,0.127831369638443,0.07605700939893723,0.6403185129165649,0.009148696437478065,0.16034473478794098,0.00955799501389265,0.5138307213783264,0.015534700825810432,0.2055904120206833,0.09680637717247009,0.3086496591567993,0.8603067398071289,0.008320608176290989,2.237199544906616,0.2856816351413727,,,,,,,,,,,,,,,
,0.0002952835677271866,2049,,,,,,,,,,,,,,,,,,,,,,,,,,,,,,
2,,2049,0.21425588428974152,0.06247710809111595,0.6755073666572571,0.012039782479405403,0.20486362278461456,0.015823937952518463,0.5800045132637024,0.037444040179252625,0.5223760604858398,0.12615947425365448,0.38472458720207214,1.336001992225647,0.004869431257247925,2.12011981010437,0.41501283645629883,,,,,,,,,,,,,,,
,0.0002952259361526434,2059,,,,,,,,,,,,,,,,,,,,,,,,,,,,,,
2,,2059,0.17759405076503754,0.05210724100470543,0.49111780524253845,0.01629726216197014,0.2009953260421753,0.014439055696129799,0.45975086092948914,0.03190494701266289,0.43562179803848267,0.12006232142448425,0.3250977694988251,1.1024484634399414,0.004758997354656458,2.242147922515869,0.33818358182907104,,,,,,,,,,,,,,,
,0.0002951679602969743,2069,,,,,,,,,,,,,,,,,,,,,,,,,,,,,,
2,,2069,0.14028547704219818,0.13319793343544006,0.5271228551864624,0.017059987410902977,0.1599898338317871,0.01816345378756523,0.496578574180603,0.019387751817703247,0.29784533381462097,0.08137625455856323,0.33440181612968445,0.9559425115585327,0.0008888102020137012,2.213603973388672,0.2896375358104706,,,,,,,,,,,,,,,
,0.0002951096402976203,2079,,,,,,,,,,,,,,,,,,,,,,,,,,,,,,
2,,2079,0.16601894795894623,0.11540250480175018,0.6211305260658264,0.012663042172789574,0.1683262586593628,0.03118840605020523,0.5825241208076477,0.03440577909350395,0.3600894510746002,0.10693985223770142,0.32996341586112976,1.1114647388458252,0.0080014793202281,2.2475719451904297,0.31818264722824097,,,,,,,,,,,,,,,
2,,2084,,,,,,,,,,,,,,,,0.21618753671646118,0.02920163981616497,0.3215036392211914,0.008976336568593979,0.08919757604598999,0.006611625663936138,0.2724967896938324,0.03171217441558838,0.264983206987381,0.07825703173875809,0.19345155358314514,0.7268174886703491,0.009670490399003029,2.236337900161743,0.17030492424964905
,0.0002950509762928382,2089,,,,,,,,,,,,,,,,,,,,,,,,,,,,,,
3,,2089,0.12541387975215912,0.05360756814479828,0.5521239042282104,0.01499378215521574,0.1443483531475067,0.022987013682723045,0.44720888137817383,0.01766432821750641,0.2669174373149872,0.09266531467437744,0.30588164925575256,0.873920738697052,0.002566065639257431,2.1675758361816406,0.29177677631378174,,,,,,,,,,,,,,,
,0.00029499196842170023,2099,,,,,,,,,,,,,,,,,,,,,,,,,,,,,,
3,,2099,0.109317347407341,0.06882292777299881,0.6807534694671631,0.010754159651696682,0.1738317459821701,0.016174111515283585,0.4523717761039734,0.026519902050495148,0.328450083732605,0.044339101761579514,0.354167103767395,1.0066852569580078,0.0056276218965649605,2.207942485809326,0.35599103569984436,,,,,,,,,,,,,,,
,0.000294932616824094,2109,,,,,,,,,,,,,,,,,,,,,,,,,,,,,,
3,,2109,0.13105937838554382,0.04117463901638985,0.3973242938518524,0.0028339652344584465,0.1564679592847824,0.01783202774822712,0.39881011843681335,0.025729507207870483,0.26532819867134094,0.12960833311080933,0.30703917145729065,0.799491286277771,0.0027682692743837833,2.248623847961426,0.24349942803382874,,,,,,,,,,,,,,,
,0.0002948729216407219,2119,,,,,,,,,,,,,,,,,,,,,,,,,,,,,,
3,,2119,0.08729038387537003,0.06971298903226852,0.5640944242477417,0.018804389983415604,0.15715515613555908,0.01626678556203842,0.4394610822200775,0.015848767012357712,0.2622492015361786,0.129703089594841,0.3187650442123413,0.886313796043396,0.01032351702451706,2.181640863418579,0.32611069083213806,,,,,,,,,,,,,,,
,0.0002948128830131008,2129,,,,,,,,,,,,,,,,,,,,,,,,,,,,,,
3,,2129,0.10997913777828217,0.08851315081119537,0.6284134387969971,0.007706459145992994,0.16562430560588837,0.015955433249473572,0.4591255486011505,0.020759643986821175,0.24442358314990997,0.08437946438789368,0.3687305152416229,0.9250516295433044,0.01979871839284897,2.240752696990967,0.34292033314704895,,,,,,,,,,,,,,,
,0.00029475250108356186,2139,,,,,,,,,,,,,,,,,,,,,,,,,,,,,,
3,,2139,0.10819680243730545,0.0628918781876564,0.5784379243850708,0.009381097741425037,0.1444823294878006,0.010491742752492428,0.42413589358329773,0.038311831653118134,0.3113710582256317,0.06377188861370087,0.3321070075035095,0.9394933581352234,0.00403114827349782,2.258114814758301,0.33408021926879883,,,,,,,,,,,,,,,
,0.0002946917759952499,2149,,,,,,,,,,,,,,,,,,,,,,,,,,,,,,
3,,2149,0.050020065158605576,0.06562192738056183,0.5921086668968201,0.007913382723927498,0.11453139036893845,0.014137824065983295,0.4262657165527344,0.008270621299743652,0.13080812990665436,0.08057071268558502,0.3399972915649414,0.6973719596862793,0.012526247650384903,2.11995530128479,0.2886965274810791,,,,,,,,,,,,,,,
,0.0002946307078921235,2159,,,,,,,,,,,,,,,,,,,,,,,,,,,,,,
3,,2159,0.16572736203670502,0.059257447719573975,0.5528873801231384,0.011001230217516422,0.18596923351287842,0.03148748353123665,0.4927949905395508,0.041454218327999115,0.4995932877063751,0.09900116175413132,0.3485555648803711,1.2115027904510498,0.006878642365336418,2.2117066383361816,0.3671548068523407,,,,,,,,,,,,,,,
,0.0002945692969189542,2169,,,,,,,,,,,,,,,,,,,,,,,,,,,,,,
3,,2169,0.1408648043870926,0.07250995188951492,0.5149370431900024,0.009588781744241714,0.17750413715839386,0.021896379068493843,0.506531834602356,0.04363122582435608,0.3682421147823334,0.0782984122633934,0.3332212567329407,1.0541714429855347,0.009727093391120434,2.2948524951934814,0.3623948097229004,,,,,,,,,,,,,,,
,0.00029450754322132654,2179,,,,,,,,,,,,,,,,,,,,,,,,,,,,,,
3,,2179,0.20248782634735107,0.08903035521507263,0.6298953294754028,0.018070776015520096,0.15921877324581146,0.0318911112844944,0.5794758796691895,0.04420395940542221,0.4490238428115845,0.10272765159606934,0.32498398423194885,1.2350109815597534,0.015287206508219242,2.2348623275756836,0.33858469128608704,,,,,,,,,,,,,,,
,0.0002944454469456374,2189,,,,,,,,,,,,,,,,,,,,,,,,,,,,,,
3,,2189,0.17618407309055328,0.053542379289865494,0.6280776262283325,0.016212129965424538,0.15496952831745148,0.02138400636613369,0.501846969127655,0.03306516632437706,0.35402992367744446,0.07894042134284973,0.31786108016967773,1.0629838705062866,0.01701241359114647,2.1990468502044678,0.314741849899292,,,,,,,,,,,,,,,
,0.0002943830082390958,2199,,,,,,,,,,,,,,,,,,,,,,,,,,,,,,
3,,2199,0.11960409581661224,0.05516374111175537,0.5385332703590393,0.010897091589868069,0.13918130099773407,0.021742509678006172,0.42877689003944397,0.01988784223794937,0.18837179243564606,0.10857511311769485,0.31574738025665283,0.7822268009185791,0.007292662747204304,2.2483010292053223,0.26684439182281494,,,,,,,,,,,,,,,
,0.0002943202272497227,2209,,,,,,,,,,,,,,,,,,,,,,,,,,,,,,
3,,2209,0.07510875165462494,0.06395493447780609,0.5325056314468384,0.012489572167396545,0.14537277817726135,0.01869545876979828,0.39858537912368774,0.015211003832519054,0.23730038106441498,0.08233901858329773,0.30145493149757385,0.80440753698349,0.005583927966654301,2.2885570526123047,0.3098514974117279,,,,,,,,,,,,,,,
,0.0002942571041263504,2219,,,,,,,,,,,,,,,,,,,,,,,,,,,,,,
3,,2219,0.13287407159805298,0.06664266437292099,0.5944534540176392,0.01578698679804802,0.17198863625526428,0.013081353157758713,0.47885823249816895,0.024057738482952118,0.2709239721298218,0.10544013977050781,0.31842389702796936,0.9472427368164062,0.016296330839395523,2.2371530532836914,0.33331477642059326,,,,,,,,,,,,,,,
,0.00029419363901862224,2229,,,,,,,,,,,,,,,,,,,,,,,,,,,,,,
3,,2229,0.09567488729953766,0.0663347914814949,0.5270410776138306,0.010068819858133793,0.14366833865642548,0.016756678000092506,0.41290467977523804,0.018017061054706573,0.26180824637413025,0.06514540314674377,0.3056059777736664,0.8277955651283264,0.0032331948168575764,2.2156825065612793,0.27923277020454407,,,,,,,,,,,,,,,
,0.00029412983207699234,2239,,,,,,,,,,,,,,,,,,,,,,,,,,,,,,
3,,2239,0.14170388877391815,0.06223198026418686,0.4978921711444855,0.009496060200035572,0.1603022962808609,0.036854829639196396,0.4420267939567566,0.037986449897289276,0.3521372377872467,0.13742350041866302,0.3088432252407074,0.984184205532074,0.006008310709148645,2.1868062019348145,0.27350613474845886,,,,,,,,,,,,,,,
,0.00029406568345272517,2249,,,,,,,,,,,,,,,,,,,,,,,,,,,,,,
3,,2249,0.14547185599803925,0.04251914843916893,0.5149654746055603,0.01957046613097191,0.1287066489458084,0.012677034363150597,0.4259547293186188,0.023428864777088165,0.30600446462631226,0.10606016218662262,0.297792911529541,0.903694212436676,0.0036178596783429384,2.1719918251037598,0.28789272904396057,,,,,,,,,,,,,,,
,0.0002940011932978952,2259,,,,,,,,,,,,,,,,,,,,,,,,,,,,,,
3,,2259,0.11378956586122513,0.05845711752772331,0.5863038301467896,0.02014956623315811,0.15726181864738464,0.023689473047852516,0.4882788062095642,0.026139836758375168,0.28658953309059143,0.06338749080896378,0.3480043113231659,0.9514479041099548,0.005829496309161186,2.23213267326355,0.34743911027908325,,,,,,,,,,,,,,,
,0.00029393636176538665,2269,,,,,,,,,,,,,,,,,,,,,,,,,,,,,,
3,,2269,0.1304282248020172,0.0788702443242073,0.48825591802597046,0.016953732818365097,0.15707309544086456,0.03226260468363762,0.3798123598098755,0.024067342281341553,0.30069029331207275,0.0969916507601738,0.3356374204158783,0.9014049768447876,0.004293722566217184,2.208446979522705,0.2671070396900177,,,,,,,,,,,,,,,
,0.0002938711890088929,2279,,,,,,,,,,,,,,,,,,,,,,,,,,,,,,
3,,2279,0.11150269955396652,0.06809645146131516,0.58229660987854,0.014088086783885956,0.13824453949928284,0.021522168070077896,0.4449743330478668,0.03710068762302399,0.2665773928165436,0.08866827189922333,0.32369109988212585,0.9015099406242371,0.00299437646754086,2.1839027404785156,0.2948874533176422,,,,,,,,,,,,,,,
,0.0002938056751829163,2289,,,,,,,,,,,,,,,,,,,,,,,,,,,,,,
3,,2289,0.11101261526346207,0.06257080286741257,0.5161546468734741,0.010808033868670464,0.149655282497406,0.015650741755962372,0.433881938457489,0.027474597096443176,0.3658674955368042,0.09929326176643372,0.330912709236145,0.9694207310676575,0.0031903344206511974,2.223729133605957,0.306376576423645,,,,,,,,,,,,,,,
,0.0002937398204427678,2299,,,,,,,,,,,,,,,,,,,,,,,,,,,,,,
3,,2299,0.14161317050457,0.05156718194484711,0.5089811682701111,0.01979302056133747,0.14235292375087738,0.02356904000043869,0.4270111620426178,0.022597583010792732,0.29697340726852417,0.09619356691837311,0.3183232843875885,0.912281334400177,0.005381963215768337,2.184644937515259,0.30396127700805664,,,,,,,,,,,,,,,
,0.0002936736249445665,2309,,,,,,,,,,,,,,,,,,,,,,,,,,,,,,
3,,2309,0.15524891018867493,0.06018109992146492,0.5457184314727783,0.01039806753396988,0.1487695723772049,0.02657749503850937,0.40949293971061707,0.03589219972491264,0.3134874701499939,0.07860210537910461,0.35652703046798706,0.9740087389945984,0.004517434164881706,2.221362590789795,0.36116987466812134,,,,,,,,,,,,,,,
,0.00029360708884523936,2319,,,,,,,,,,,,,,,,,,,,,,,,,,,,,,
3,,2319,0.10678988695144653,0.08781706541776657,0.5247542858123779,0.00460197776556015,0.10128414630889893,0.023003607988357544,0.3957254886627197,0.012867363169789314,0.16523489356040955,0.07127810269594193,0.2929350435733795,0.7126342058181763,0.005447500851005316,2.1844475269317627,0.24500516057014465,,,,,,,,,,,,,,,
,0.0002935402123025207,2329,,,,,,,,,,,,,,,,,,,,,,,,,,,,,,
3,,2329,0.17264921963214874,0.06997004896402359,0.5434467792510986,0.010199637152254581,0.18121293187141418,0.017630744725465775,0.4920511841773987,0.03841036558151245,0.43112418055534363,0.1357734501361847,0.3302589952945709,1.1169036626815796,0.004874317441135645,2.218674898147583,0.3046640455722809,,,,,,,,,,,,,,,
,0.00029347299547495195,2339,,,,,,,,,,,,,,,,,,,,,,,,,,,,,,
3,,2339,0.07547664642333984,0.10547236353158951,0.5740599632263184,0.011521510779857635,0.13752982020378113,0.011207536794245243,0.4925920069217682,0.02270418405532837,0.24697594344615936,0.07789458334445953,0.3307967185974121,0.8697813153266907,0.007538532838225365,2.2575957775115967,0.2930600941181183,,,,,,,,,,,,,,,
,0.00029340543852188146,2349,,,,,,,,,,,,,,,,,,,,,,,,,,,,,,
3,,2349,0.10632071644067764,0.047586847096681595,0.5145606398582458,0.01415355782955885,0.12530340254306793,0.015534180216491222,0.400139182806015,0.01843961887061596,0.27465376257896423,0.09934205561876297,0.3000156879425049,0.8375633358955383,0.011968720704317093,2.176164150238037,0.2591741681098938,,,,,,,,,,,,,,,
,0.0002933375416034635,2359,,,,,,,,,,,,,,,,,,,,,,,,,,,,,,
3,,2359,0.11729249358177185,0.045210953801870346,0.4496115446090698,0.030170604586601257,0.17150074243545532,0.026976006105542183,0.3657998740673065,0.03566674888134003,0.33952105045318604,0.09269572794437408,0.2988256514072418,0.9250568151473999,0.004341323394328356,2.2389283180236816,0.2742012143135071,,,,,,,,,,,,,,,
,0.00029326930488065856,2369,,,,,,,,,,,,,,,,,,,,,,,,,,,,,,
3,,2369,0.1177535355091095,0.059440769255161285,0.5237158536911011,0.0040844399482011795,0.15552563965320587,0.017369642853736877,0.4851181209087372,0.026064414530992508,0.35930177569389343,0.08647553622722626,0.3428226113319397,0.965395450592041,0.002964611165225506,2.2744314670562744,0.27610230445861816,,,,,,,,,,,,,,,
,0.00029320072851523265,2379,,,,,,,,,,,,,,,,,,,,,,,,,,,,,,
3,,2379,0.12529657781124115,0.07681035250425339,0.5062145590782166,0.0060366918332874775,0.14097940921783447,0.014039465226233006,0.35079094767570496,0.02010612189769745,0.30382534861564636,0.06441812962293625,0.328567773103714,0.8779112100601196,0.006250263657420874,2.2984087467193604,0.30372434854507446,,,,,,,,,,,,,,,
,0.00029313181266975687,2389,,,,,,,,,,,,,,,,,,,,,,,,,,,,,,
3,,2389,0.14847001433372498,0.10126852244138718,0.4783921539783478,0.024500565603375435,0.14039072394371033,0.022091440856456757,0.4229397177696228,0.02638980932533741,0.2910919785499573,0.08723053336143494,0.2888903319835663,0.9077812433242798,0.004240657202899456,2.1877405643463135,0.26852425932884216,,,,,,,,,,,,,,,
,0.0002930625575076072,2399,,,,,,,,,,,,,,,,,,,,,,,,,,,,,,
3,,2399,0.10011198371648788,0.057854145765304565,0.5098646879196167,0.009675582870841026,0.14821822941303253,0.014452065341174603,0.4185456335544586,0.01885610818862915,0.21559247374534607,0.1286187320947647,0.300081342458725,0.7834751605987549,0.005726029630750418,2.168829917907715,0.2641392648220062,,,,,,,,,,,,,,,
,0.00029299296319296403,2409,,,,,,,,,,,,,,,,,,,,,,,,,,,,,,
3,,2409,0.12136676162481308,0.10631943494081497,0.5355573892593384,0.010403010062873363,0.1633194386959076,0.016402190551161766,0.4851207137107849,0.022746481001377106,0.37680989503860474,0.09015905112028122,0.30394458770751953,1.0082263946533203,0.0012189466506242752,2.1447343826293945,0.2951520085334778,,,,,,,,,,,,,,,
,0.0002929230298908116,2419,,,,,,,,,,,,,,,,,,,,,,,,,,,,,,
3,,2419,0.07675287872552872,0.06706774234771729,0.5696884393692017,0.0024040548596531153,0.11000234633684158,0.01422286406159401,0.43888378143310547,0.014913586899638176,0.1930551826953888,0.07517991214990616,0.3100542426109314,0.7386177182197571,0.0017955354414880276,2.1630733013153076,0.24239514768123627,,,,,,,,,,,,,,,
,0.00029285275776693803,2429,,,,,,,,,,,,,,,,,,,,,,,,,,,,,,
3,,2429,0.09929440915584564,0.046909984201192856,0.36865097284317017,0.003154807025566697,0.11079130321741104,0.017240270972251892,0.30536967515945435,0.016947122290730476,0.2309941053390503,0.06789471209049225,0.28608211874961853,0.6769896149635315,0.00395540613681078,2.2635879516601562,0.20956885814666748,,,,,,,,,,,,,,,
,0.00029278214698793447,2439,,,,,,,,,,,,,,,,,,,,,,,,,,,,,,
3,,2439,0.07162071764469147,0.06341373175382614,0.46443215012550354,0.005460274405777454,0.13671746850013733,0.01805683970451355,0.3800942301750183,0.01683065854012966,0.12677589058876038,0.09649725258350372,0.3088400661945343,0.6568581461906433,0.006513417232781649,2.235811233520508,0.2876613736152649,,,,,,,,,,,,,,,
,0.000292711197721195,2449,,,,,,,,,,,,,,,,,,,,,,,,,,,,,,
3,,2449,0.10396081209182739,0.053990282118320465,0.6744699478149414,0.017819831147789955,0.20055459439754486,0.016285767778754234,0.5039640665054321,0.025976140052080154,0.41473665833473206,0.12137403339147568,0.3501710593700409,1.124414086341858,0.0024893381632864475,2.1640138626098633,0.3832056522369385,,,,,,,,,,,,,,,
,0.00029263991013491614,2459,,,,,,,,,,,,,,,,,,,,,,,,,,,,,,
3,,2459,0.08383501321077347,0.08254597336053848,0.5447981357574463,0.015839923173189163,0.15927070379257202,0.015197367407381535,0.4583249092102051,0.01584809273481369,0.23582468926906586,0.10311515629291534,0.33744245767593384,0.847874104976654,0.002198789268732071,2.2035768032073975,0.31611254811286926,,,,,,,,,,,,,,,
,0.0002925682843980964,2469,,,,,,,,,,,,,,,,,,,,,,,,,,,,,,
3,,2469,0.11753714829683304,0.04925527051091194,0.5807024836540222,0.015087448060512543,0.17044250667095184,0.014696239493787289,0.4052223265171051,0.025000767782330513,0.3650946021080017,0.09616748243570328,0.3585687577724457,1.0161532163619995,0.004917484242469072,2.1623992919921875,0.38656121492385864,,,,,,,,,,,,,,,
,0.00029249632068053594,2479,,,,,,,,,,,,,,,,,,,,,,,,,,,,,,
3,,2479,0.1514364629983902,0.04790615290403366,0.5307508707046509,0.007613740861415863,0.13430564105510712,0.015603741630911827,0.4762797951698303,0.017575589939951897,0.32776427268981934,0.12026961892843246,0.3249069154262543,0.9467614889144897,0.004816940054297447,2.2122185230255127,0.3047163784503937,,,,,,,,,,,,,,,
,0.00029242401915283617,2489,,,,,,,,,,,,,,,,,,,,,,,,,,,,,,
3,,2489,0.10564752668142319,0.08003756403923035,0.5334210991859436,0.010322310961782932,0.14804573357105255,0.03205861896276474,0.47105929255485535,0.023418571799993515,0.335689514875412,0.041317205876111984,0.3583044707775116,0.9616760015487671,0.003973265644162893,2.188351631164551,0.3158104717731476,,,,,,,,,,,,,,,
,0.0002923513799863994,2499,,,,,,,,,,,,,,,,,,,,,,,,,,,,,,
3,,2499,0.12126675248146057,0.11745231598615646,0.5981080532073975,0.014332477003335953,0.1589612513780594,0.01915155164897442,0.5706062912940979,0.023716522380709648,0.2803484797477722,0.08960453420877457,0.34778308868408203,0.9875718355178833,0.0053732809610664845,2.1890342235565186,0.3392980098724365,,,,,,,,,,,,,,,
,0.0002922784033534282,2509,,,,,,,,,,,,,,,,,,,,,,,,,,,,,,
3,,2509,0.1188700869679451,0.05634802579879761,0.48054638504981995,0.009576931595802307,0.14290529489517212,0.04400616139173508,0.4538896679878235,0.030311139300465584,0.30062350630760193,0.05728021636605263,0.294902503490448,0.8883001208305359,0.007180087734013796,2.159485101699829,0.2523198127746582,,,,,,,,,,,,,,,
,0.0002922050894269253,2519,,,,,,,,,,,,,,,,,,,,,,,,,,,,,,
3,,2519,0.1410394012928009,0.05767601728439331,0.44955211877822876,0.009333501569926739,0.15670374035835266,0.022645726799964905,0.4108577370643616,0.023640241473913193,0.26079171895980835,0.0902620479464531,0.3248979449272156,0.8512349128723145,0.008640935644507408,2.173142671585083,0.2954687476158142,,,,,,,,,,,,,,,
,0.000292131438380693,2529,,,,,,,,,,,,,,,,,,,,,,,,,,,,,,
3,,2529,0.16338041424751282,0.04663756489753723,0.5582946538925171,0.016483165323734283,0.16650013625621796,0.017377659678459167,0.4108664393424988,0.033239275217056274,0.32409775257110596,0.08893940597772598,0.3440554141998291,0.9775108098983765,0.00584779866039753,2.1955883502960205,0.31608912348747253,,,,,,,,,,,,,,,
,0.00029205745038933284,2539,,,,,,,,,,,,,,,,,,,,,,,,,,,,,,
3,,2539,0.07630221545696259,0.060462404042482376,0.4716007113456726,0.011059442535042763,0.11225753277540207,0.038341958075761795,0.39167967438697815,0.017231350764632225,0.18081337213516235,0.10205717384815216,0.2917262315750122,0.7128469347953796,0.011149599216878414,2.2572786808013916,0.23322591185569763,,,,,,,,,,,,,,,
,0.000291983125628245,2549,,,,,,,,,,,,,,,,,,,,,,,,,,,,,,
3,,2549,0.09153655171394348,0.044931795448064804,0.44696298241615295,0.007366582751274109,0.12556672096252441,0.012184306979179382,0.3602527379989624,0.0103788822889328,0.16745860874652863,0.07616420090198517,0.27118024230003357,0.6586263179779053,0.004639374557882547,2.240339994430542,0.2591509222984314,,,,,,,,,,,,,,,
,0.00029190846427362823,2559,,,,,,,,,,,,,,,,,,,,,,,,,,,,,,
3,,2559,0.11164816468954086,0.07717858254909515,0.5571051836013794,0.013570481911301613,0.1712632030248642,0.016784625127911568,0.4705602526664734,0.02745771035552025,0.4118693768978119,0.07144709676504135,0.3399696946144104,1.0738674402236938,0.011208318173885345,2.1764895915985107,0.36125075817108154,,,,,,,,,,,,,,,
,0.00029183346650247903,2569,,,,,,,,,,,,,,,,,,,,,,,,,,,,,,
3,,2569,0.12941326200962067,0.05494947358965874,0.5788463950157166,0.013120465911924839,0.16162903606891632,0.032259631901979446,0.49059945344924927,0.016134824603796005,0.2791765034198761,0.07369561493396759,0.310302197933197,0.9139338731765747,0.0017484455602243543,2.228553295135498,0.30370548367500305,,,,,,,,,,,,,,,
,0.0002917581324925915,2579,,,,,,,,,,,,,,,,,,,,,,,,,,,,,,
3,,2579,0.12753966450691223,0.042058538645505905,0.4617508351802826,0.007689992897212505,0.13579154014587402,0.01976902224123478,0.3564542829990387,0.022087708115577698,0.25795185565948486,0.1150202602148056,0.30686432123184204,0.8038144111633301,0.005954704713076353,2.195918083190918,0.26479917764663696,,,,,,,,,,,,,,,
,0.00029168246242255693,2589,,,,,,,,,,,,,,,,,,,,,,,,,,,,,,
3,,2589,0.11759255081415176,0.07451404631137848,0.5330225825309753,0.009259164333343506,0.13694313168525696,0.024004239588975906,0.4102017879486084,0.019134553149342537,0.16980944573879242,0.05224786326289177,0.3293514847755432,0.778677225112915,0.011351630091667175,2.2149055004119873,0.3270597457885742,,,,,,,,,,,,,,,
,0.00029160645647176325,2599,,,,,,,,,,,,,,,,,,,,,,,,,,,,,,
3,,2599,0.13539206981658936,0.0832778587937355,0.5712695717811584,0.004550882615149021,0.1515428125858307,0.014776280149817467,0.44380006194114685,0.018083643168210983,0.36434581875801086,0.09615331143140793,0.3625252842903137,1.0077295303344727,0.006302529945969582,2.2379820346832275,0.3296889662742615,,,,,,,,,,,,,,,
,0.0002915301148203946,2609,,,,,,,,,,,,,,,,,,,,,,,,,,,,,,
3,,2609,0.1393067091703415,0.054662495851516724,0.5462383031845093,0.011811377480626106,0.1541779786348343,0.045803144574165344,0.40111348032951355,0.03138900548219681,0.31569841504096985,0.08271925151348114,0.34522125124931335,0.9659999012947083,0.008286812342703342,2.2118396759033203,0.3341594636440277,,,,,,,,,,,,,,,
,0.00029145343764943086,2619,,,,,,,,,,,,,,,,,,,,,,,,,,,,,,
3,,2619,0.13918156921863556,0.07819949090480804,0.6330165266990662,0.022860446944832802,0.14966987073421478,0.019198935478925705,0.4895721673965454,0.02112317644059658,0.2833636403083801,0.08496765792369843,0.3074938654899597,0.956110954284668,0.008870360441505909,2.152914524078369,0.28487956523895264,,,,,,,,,,,,,,,
,0.0002913764251406476,2629,,,,,,,,,,,,,,,,,,,,,,,,,,,,,,
3,,2629,0.08658906072378159,0.08383321762084961,0.5741410255432129,0.0035457711201161146,0.12927041947841644,0.017922716215252876,0.3977140486240387,0.022360755130648613,0.2568606734275818,0.0649188756942749,0.33227890729904175,0.8358733057975769,0.0032855530735105276,2.2251250743865967,0.2794977128505707,,,,,,,,,,,,,,,
,0.0002912990774766151,2639,,,,,,,,,,,,,,,,,,,,,,,,,,,,,,
3,,2639,0.12308578193187714,0.05054183676838875,0.502903938293457,0.004524571355432272,0.14306698739528656,0.02220030501484871,0.4011442959308624,0.025995930656790733,0.2331063598394394,0.0766000971198082,0.31283169984817505,0.7978360652923584,0.0016929369885474443,2.187197208404541,0.2622538208961487,,,,,,,,,,,,,,,
,0.0002912213948406983,2649,,,,,,,,,,,,,,,,,,,,,,,,,,,,,,
3,,2649,0.1011926680803299,0.06499642133712769,0.5042060017585754,0.011240330524742603,0.1249738484621048,0.009694628417491913,0.4190291464328766,0.01752529852092266,0.25193026661872864,0.10178497433662415,0.295340359210968,0.8071562051773071,0.003300617216154933,2.2214295864105225,0.267063707113266,,,,,,,,,,,,,,,
,0.00029114337741705627,2659,,,,,,,,,,,,,,,,,,,,,,,,,,,,,,
3,,2659,0.1522608995437622,0.057873401790857315,0.5519527196884155,0.01761423982679844,0.1273389756679535,0.026189448311924934,0.422787606716156,0.025362959131598473,0.27014151215553284,0.06012119725346565,0.29818040132522583,0.8743131756782532,0.0031042080372571945,2.1640782356262207,0.24648039042949677,,,,,,,,,,,,,,,
,0.0002910650253906416,2669,,,,,,,,,,,,,,,,,,,,,,,,,,,,,,
3,,2669,0.12391886860132217,0.0516665019094944,0.504153847694397,0.016736380755901337,0.11676248162984848,0.025769907981157303,0.38480186462402344,0.021294094622135162,0.22497522830963135,0.10654103755950928,0.3193100094795227,0.8044490218162537,0.004912965930998325,2.1713390350341797,0.2817963659763336,,,,,,,,,,,,,,,
,0.0002909863389472002,2679,,,,,,,,,,,,,,,,,,,,,,,,,,,,,,
3,,2679,0.11570411175489426,0.05319235846400261,0.515001654624939,0.01614380069077015,0.16360478103160858,0.009440978989005089,0.34611067175865173,0.019294630736112595,0.3446948230266571,0.07448390126228333,0.3705267310142517,0.9371103048324585,0.0031208426225930452,2.2055180072784424,0.3426647186279297,,,,,,,,,,,,,,,
,0.0002909073182732708,2689,,,,,,,,,,,,,,,,,,,,,,,,,,,,,,
3,,2689,0.08830516785383224,0.10119655728340149,0.6001414060592651,0.006847387179732323,0.13860881328582764,0.013935199938714504,0.45477256178855896,0.018862413242459297,0.23427052795886993,0.07019193470478058,0.3092953562736511,0.851781964302063,0.013818515464663506,2.214646100997925,0.2853623032569885,,,,,,,,,,,,,,,
,0.00029082796355618445,2699,,,,,,,,,,,,,,,,,,,,,,,,,,,,,,
3,,2699,0.09792976826429367,0.058729641139507294,0.5916329622268677,0.008464155718684196,0.12215964496135712,0.023305390030145645,0.42280662059783936,0.014903778210282326,0.22667118906974792,0.06297797709703445,0.32419687509536743,0.8037718534469604,0.0038495229091495275,2.1520943641662598,0.25918757915496826,,,,,,,,,,,,,,,
,0.0002907482749840642,2709,,,,,,,,,,,,,,,,,,,,,,,,,,,,,,
3,,2709,0.09210094809532166,0.08759219199419022,0.5228642821311951,0.007579021621495485,0.14098671078681946,0.009325495921075344,0.4570799171924591,0.023238204419612885,0.21079717576503754,0.07316986471414566,0.32945650815963745,0.7818489670753479,0.007288643158972263,2.2599430084228516,0.21317681670188904,,,,,,,,,,,,,,,
,0.00029066825274582427,2719,,,,,,,,,,,,,,,,,,,,,,,,,,,,,,
3,,2719,0.15693338215351105,0.0630006492137909,0.510556161403656,0.0114451227709651,0.15006807446479797,0.03849749639630318,0.49083903431892395,0.029500922188162804,0.43628454208374023,0.07225703448057175,0.31663259863853455,1.0763643980026245,0.005802744068205357,2.229499578475952,0.27618858218193054,,,,,,,,,,,,,,,
,0.00029058789703117013,2729,,,,,,,,,,,,,,,,,,,,,,,,,,,,,,
3,,2729,0.1468951553106308,0.06219806149601936,0.5611536502838135,0.017407884821295738,0.16459757089614868,0.009375563822686672,0.46220242977142334,0.03320247679948807,0.3444412052631378,0.08215413242578506,0.34772542119026184,1.0104398727416992,0.005331186577677727,2.2009689807891846,0.3337608277797699,,,,,,,,,,,,,,,
,0.0002905072080305978,2739,,,,,,,,,,,,,,,,,,,,,,,,,,,,,,
3,,2739,0.1502494215965271,0.0727149173617363,0.48620226979255676,0.013632414862513542,0.1301865577697754,0.04172985628247261,0.4326310157775879,0.022518955171108246,0.32438841462135315,0.07708070427179337,0.2925710678100586,0.9235884547233582,0.006863162387162447,2.184098482131958,0.24822813272476196,,,,,,,,,,,,,,,
,0.00029042618593539337,2749,,,,,,,,,,,,,,,,,,,,,,,,,,,,,,
3,,2749,0.11580932885408401,0.03786454722285271,0.35508817434310913,0.005928260274231434,0.11589271575212479,0.034153103828430176,0.35026317834854126,0.023389268666505814,0.3218594193458557,0.08386213332414627,0.26391419768333435,0.8054478168487549,0.0049553546123206615,2.2103238105773926,0.23586958646774292,,,,,,,,,,,,,,,
,0.00029034483093763255,2759,,,,,,,,,,,,,,,,,,,,,,,,,,,,,,
3,,2759,0.17270633578300476,0.07567261904478073,0.6307388544082642,0.02228141762316227,0.17160581052303314,0.02179010584950447,0.4943458139896393,0.02478928677737713,0.4507488012313843,0.0754607617855072,0.3213967978954315,1.1672847270965576,0.009134532883763313,2.214428663253784,0.33835169672966003,,,,,,,,,,,,,,,
,0.00029026314323018023,2769,,,,,,,,,,,,,,,,,,,,,,,,,,,,,,
3,,2769,0.07386499643325806,0.08652334660291672,0.49927887320518494,0.018099872395396233,0.15241111814975739,0.02758052945137024,0.3927793502807617,0.016872014850378036,0.3216575086116791,0.08925545960664749,0.297148197889328,0.8886773586273193,0.0021325666457414627,2.2021243572235107,0.28561344742774963,,,,,,,,,,,,,,,
,0.00029018112300669015,2779,,,,,,,,,,,,,,,,,,,,,,,,,,,,,,
3,,2779,0.09248166531324387,0.08164595812559128,0.5949265956878662,0.026261799037456512,0.13578414916992188,0.018323877826333046,0.4103088080883026,0.006910617463290691,0.18310552835464478,0.057478971779346466,0.2804098129272461,0.7911601066589355,0.001701402012258768,2.0904805660247803,0.35138192772865295,,,,,,,,,,,,,,,
3,,2779,,,,,,,,,,,,,,,,0.1973343789577484,0.028369484469294548,0.29296255111694336,0.007469496224075556,0.07890865206718445,0.004116441123187542,0.22588321566581726,0.02623439021408558,0.24366874992847443,0.06807152181863785,0.19425369799137115,0.6578763723373413,0.009021829813718796,2.1635396480560303,0.15420155227184296
,0.0002900987704616042,2789,,,,,,,,,,,,,,,,,,,,,,,,,,,,,,
4,,2789,0.12559954822063446,0.05023800954222679,0.5055543780326843,0.007483576890081167,0.12857329845428467,0.020604204386472702,0.35869714617729187,0.020834460854530334,0.2623896896839142,0.06753002852201462,0.34571677446365356,0.821007251739502,0.003160866443067789,2.2288107872009277,0.27061569690704346,,,,,,,,,,,,,,,
,0.00029001608579015225,2799,,,,,,,,,,,,,,,,,,,,,,,,,,,,,,
4,,2799,0.09789109230041504,0.04739345610141754,0.44853925704956055,0.006328096613287926,0.14747320115566254,0.01171875186264515,0.33990737795829773,0.0162036269903183,0.2840958535671234,0.09799297899007797,0.33747774362564087,0.8222323656082153,0.002534948755055666,2.179375648498535,0.3356873691082001,,,,,,,,,,,,,,,
,0.00028993306918835137,2809,,,,,,,,,,,,,,,,,,,,,,,,,,,,,,
4,,2809,0.09680233895778656,0.05135396867990494,0.4488593637943268,0.00895307119935751,0.1201716735959053,0.013299413025379181,0.3282928168773651,0.022997863590717316,0.20545841753482819,0.05086936056613922,0.2945430278778076,0.7098405361175537,0.012343639507889748,2.2657313346862793,0.23727363348007202,,,,,,,,,,,,,,,
,0.0002898497208530055,2819,,,,,,,,,,,,,,,,,,,,,,,,,,,,,,
4,,2819,0.1369185894727707,0.05548032000660896,0.4347290098667145,0.004797305911779404,0.12222104519605637,0.01479306910187006,0.34829241037368774,0.01899683102965355,0.19935812056064606,0.08080059289932251,0.2623690366744995,0.7128844261169434,0.007012167479842901,2.2095460891723633,0.24010390043258667,,,,,,,,,,,,,,,
,0.00028976604098170523,2829,,,,,,,,,,,,,,,,,,,,,,,,,,,,,,
4,,2829,0.0875408723950386,0.04688442870974541,0.4643070697784424,0.00877784937620163,0.11964051425457001,0.010001893155276775,0.37793296575546265,0.015056755393743515,0.20050561428070068,0.08470138162374496,0.3113219141960144,0.7134783267974854,0.0028993140440434217,2.212552070617676,0.26686182618141174,,,,,,,,,,,,,,,
,0.0002896820297728269,2839,,,,,,,,,,,,,,,,,,,,,,,,,,,,,,
4,,2839,0.08857058733701706,0.10522254556417465,0.4825512170791626,0.006013126578181982,0.11151713877916336,0.021919451653957367,0.4210955500602722,0.019243793562054634,0.201748326420784,0.06049937754869461,0.29759153723716736,0.7421640753746033,0.0025136126205325127,2.2905337810516357,0.22933103144168854,,,,,,,,,,,,,,,
,0.0002895976874255325,2849,,,,,,,,,,,,,,,,,,,,,,,,,,,,,,
4,,2849,0.1308620721101761,0.04606475681066513,0.484485000371933,0.009929857216775417,0.15101358294487,0.010637659579515457,0.36150556802749634,0.03630857169628143,0.3660176694393158,0.1239432841539383,0.3096131682395935,0.9472878575325012,0.007392031606286764,2.241270065307617,0.2815819978713989,,,,,,,,,,,,,,,
,0.0002895130141397689,2859,,,,,,,,,,,,,,,,,,,,,,,,,,,,,,
4,,2859,0.18098841607570648,0.06573907285928726,0.4781211018562317,0.011900132521986961,0.14262093603610992,0.01551725436002016,0.42281168699264526,0.03746572136878967,0.35173720121383667,0.09708523005247116,0.3105470836162567,0.9757800102233887,0.0023098625242710114,2.187500238418579,0.2878398001194,,,,,,,,,,,,,,,
,0.00028942801011626746,2869,,,,,,,,,,,,,,,,,,,,,,,,,,,,,,
4,,2869,0.1360606849193573,0.09191381931304932,0.5608161687850952,0.012300579808652401,0.14835162460803986,0.019871247932314873,0.40897172689437866,0.024799983948469162,0.24828381836414337,0.11394016444683075,0.32125324010849,0.8821902871131897,0.005912174470722675,2.184807777404785,0.29081618785858154,,,,,,,,,,,,,,,
,0.00028934267555654386,2879,,,,,,,,,,,,,,,,,,,,,,,,,,,,,,
4,,2879,0.09465023875236511,0.033318422734737396,0.39855316281318665,0.007769739720970392,0.10357242077589035,0.015584120526909828,0.26339206099510193,0.022374862805008888,0.20323589444160461,0.07026118040084839,0.30320852994918823,0.659713089466095,0.0026946980506181717,2.2066378593444824,0.24235130846500397,,,,,,,,,,,,,,,
,0.0002892570106628971,2889,,,,,,,,,,,,,,,,,,,,,,,,,,,,,,
4,,2889,0.09749658405780792,0.05865704268217087,0.5858572721481323,0.006942783948034048,0.14957281947135925,0.027771979570388794,0.4452408254146576,0.02595648355782032,0.2549941837787628,0.08698026090860367,0.2991330325603485,0.8665631413459778,0.004573401529341936,2.1988072395324707,0.30221641063690186,,,,,,,,,,,,,,,
,0.0002891710156384095,2899,,,,,,,,,,,,,,,,,,,,,,,,,,,,,,
4,,2899,0.08065325766801834,0.06403200328350067,0.5337231159210205,0.013217534869909286,0.1332840770483017,0.011489232070744038,0.42040637135505676,0.00949763786047697,0.19001662731170654,0.09772614389657974,0.28245946764945984,0.7396626472473145,0.009886317886412144,2.1694953441619873,0.2522335648536682,,,,,,,,,,,,,,,
,0.00028908469068694584,2909,,,,,,,,,,,,,,,,,,,,,,,,,,,,,,
4,,2909,0.10591289401054382,0.07999618351459503,0.4869765639305115,0.009991643019020557,0.1390886753797531,0.02615063264966011,0.40998584032058716,0.018933895975351334,0.2171902358531952,0.054747555404901505,0.34050610661506653,0.7913153171539307,0.002148123225197196,2.2634775638580322,0.28448715806007385,,,,,,,,,,,,,,,
,0.0002889980360131531,2919,,,,,,,,,,,,,,,,,,,,,,,,,,,,,,
4,,2919,0.1512691080570221,0.062165915966033936,0.4637417495250702,0.027172459289431572,0.1369955688714981,0.01843119040131569,0.3721747398376465,0.026103124022483826,0.3181766867637634,0.06159859895706177,0.29123905301094055,0.9114328026771545,0.013652524910867214,2.165095329284668,0.2756962180137634,,,,,,,,,,,,,,,
,0.00028891105182246005,2929,,,,,,,,,,,,,,,,,,,,,,,,,,,,,,
4,,2929,0.061301928013563156,0.05318019166588783,0.5236348509788513,0.009425238706171513,0.1333683878183365,0.014248448424041271,0.34217196702957153,0.01313684694468975,0.18514320254325867,0.04968729987740517,0.29763680696487427,0.6903710961341858,0.0016066349344328046,2.165412187576294,0.2635197043418884,,,,,,,,,,,,,,,
,0.0002888237383210764,2939,,,,,,,,,,,,,,,,,,,,,,,,,,,,,,
4,,2939,0.15445785224437714,0.04061581566929817,0.45601874589920044,0.015833547338843346,0.15515966713428497,0.016472263261675835,0.37680503726005554,0.02653535082936287,0.3534393608570099,0.1289072036743164,0.29686465859413147,0.9334737658500671,0.00426870072260499,2.2400503158569336,0.277265340089798,,,,,,,,,,,,,,,
,0.00028873609571599264,2949,,,,,,,,,,,,,,,,,,,,,,,,,,,,,,
4,,2949,0.13016217947006226,0.06516615301370621,0.47627121210098267,0.007728069555014372,0.1451568752527237,0.03854374215006828,0.3424376845359802,0.022848309949040413,0.2607877254486084,0.09291937202215195,0.32085445523262024,0.8313927054405212,0.004747884813696146,2.2220370769500732,0.27324187755584717,,,,,,,,,,,,,,,
,0.00028864812421497963,2959,,,,,,,,,,,,,,,,,,,,,,,,,,,,,,
4,,2959,0.09368931502103806,0.05640287324786186,0.493355929851532,0.009196151979267597,0.1329810470342636,0.018385713919997215,0.3531937897205353,0.027260543778538704,0.19650466740131378,0.07230883836746216,0.30148980021476746,0.7379685640335083,0.007058560848236084,2.0949461460113525,0.26218390464782715,,,,,,,,,,,,,,,
,0.0002885598240265876,2969,,,,,,,,,,,,,,,,,,,,,,,,,,,,,,
4,,2969,0.15941694378852844,0.06937713176012039,0.4949535131454468,0.018703151494264603,0.15504808723926544,0.011143322102725506,0.44639813899993896,0.03815465047955513,0.43126678466796875,0.11103323101997375,0.32347798347473145,1.0714584589004517,0.005542247090488672,2.155432939529419,0.28187528252601624,,,,,,,,,,,,,,,
,0.00028847119536014624,2979,,,,,,,,,,,,,,,,,,,,,,,,,,,,,,
4,,2979,0.10509133338928223,0.06179192289710045,0.49421244859695435,0.011263322085142136,0.15098898112773895,0.008182207122445107,0.36730077862739563,0.027089212089776993,0.286886990070343,0.06481129676103592,0.31027787923812866,0.8494905829429626,0.002172047970816493,2.2111968994140625,0.3037067651748657,,,,,,,,,,,,,,,
,0.0002883822384257639,2989,,,,,,,,,,,,,,,,,,,,,,,,,,,,,,
4,,2989,0.1238623633980751,0.07160741090774536,0.5299567580223083,0.013673379085958004,0.13764157891273499,0.030518226325511932,0.38940054178237915,0.019016513600945473,0.29256805777549744,0.08487385511398315,0.3148818612098694,0.8956944346427917,0.004943587351590395,2.2186198234558105,0.31068214774131775,,,,,,,,,,,,,,,
,0.00028829295343432704,2999,,,,,,,,,,,,,,,,,,,,,,,,,,,,,,
4,,2999,0.07454773783683777,0.041739385575056076,0.4069443941116333,0.006646425928920507,0.11028343439102173,0.025131480768322945,0.29629382491111755,0.02339811623096466,0.19963717460632324,0.04928130656480789,0.30754542350769043,0.6609219312667847,0.004261830355972052,2.1195461750030518,0.22604727745056152,,,,,,,,,,,,,,,
,0.0002882033405974999,3009,,,,,,,,,,,,,,,,,,,,,,,,,,,,,,
4,,3009,0.08913394063711166,0.07774166017770767,0.5206926465034485,0.01082842517644167,0.10862124711275101,0.015325155109167099,0.3801138997077942,0.010562431998550892,0.13317543268203735,0.07463283836841583,0.2629748284816742,0.664509654045105,0.0015327109722420573,2.2158358097076416,0.27634328603744507,,,,,,,,,,,,,,,
,0.000288113400127724,3019,,,,,,,,,,,,,,,,,,,,,,,,,,,,,,
4,,3019,0.0611216276884079,0.05804407224059105,0.5338903069496155,0.007091290317475796,0.12093053013086319,0.00988009199500084,0.3551988899707794,0.012126944959163666,0.14664968848228455,0.05216364935040474,0.2662544250488281,0.6271696090698242,0.005021456629037857,2.1980550289154053,0.19095614552497864,,,,,,,,,,,,,,,
,0.00028802313223821744,3029,,,,,,,,,,,,,,,,,,,,,,,,,,,,,,
4,,3029,0.10298529267311096,0.04755787551403046,0.49095088243484497,0.005231487099081278,0.1465819776058197,0.015960432589054108,0.318785697221756,0.011410835199058056,0.2048274576663971,0.09359817206859589,0.2966423034667969,0.7189006209373474,0.0009425856987945735,2.1610305309295654,0.26998957991600037,,,,,,,,,,,,,,,
,0.00028793253714297454,3039,,,,,,,,,,,,,,,,,,,,,,,,,,,,,,
4,,3039,0.10728765279054642,0.049315717071294785,0.4671967327594757,0.0038712199311703444,0.1303558349609375,0.023725198581814766,0.3565467596054077,0.017230208963155746,0.20919711887836456,0.07762762159109116,0.33128491044044495,0.7410330772399902,0.003064569551497698,2.1786115169525146,0.27550503611564636,,,,,,,,,,,,,,,
,0.00028784161505676544,3049,,,,,,,,,,,,,,,,,,,,,,,,,,,,,,
4,,3049,0.13378265500068665,0.05458219721913338,0.5286900997161865,0.013001015409827232,0.15294687449932098,0.011784505099058151,0.4175426959991455,0.02541397511959076,0.2855866849422455,0.11742576956748962,0.28443607687950134,0.8813617825508118,0.007803193759173155,2.1909995079040527,0.2640329599380493,,,,,,,,,,,,,,,
,0.00028775036619513533,3059,,,,,,,,,,,,,,,,,,,,,,,,,,,,,,
4,,3059,0.10808377712965012,0.05676780641078949,0.5050203204154968,0.009825194254517555,0.11913274973630905,0.01513725146651268,0.4135306179523468,0.02226920612156391,0.2388228327035904,0.07988191395998001,0.3246215581893921,0.7964470982551575,0.0034732830245047808,2.162137746810913,0.2538684606552124,,,,,,,,,,,,,,,
,0.00028765879077440406,3069,,,,,,,,,,,,,,,,,,,,,,,,,,,,,,
4,,3069,0.09762006998062134,0.04879077151417732,0.5029046535491943,0.008074650540947914,0.11805479228496552,0.012418623082339764,0.3584618866443634,0.020463183522224426,0.20671023428440094,0.06995003670454025,0.3072335124015808,0.7405551075935364,0.005182324443012476,2.1972687244415283,0.2788306772708893,,,,,,,,,,,,,,,
,0.00028756688901166583,3079,,,,,,,,,,,,,,,,,,,,,,,,,,,,,,
4,,3079,0.12509652972221375,0.045573409646749496,0.4287531077861786,0.009562725201249123,0.1051398366689682,0.022466477006673813,0.3238004446029663,0.019679181277751923,0.299841970205307,0.07523110508918762,0.2812047004699707,0.8034483194351196,0.007867434993386269,2.171670913696289,0.23699863255023956,,,,,,,,,,,,,,,
,0.00028747466112478824,3089,,,,,,,,,,,,,,,,,,,,,,,,,,,,,,
4,,3089,0.10675295442342758,0.08863548934459686,0.44981035590171814,0.0056915911845862865,0.13632357120513916,0.017582975327968597,0.33182480931282043,0.014275486581027508,0.22044390439987183,0.10752656310796738,0.3045520782470703,0.7529616355895996,0.004573941696435213,2.2262656688690186,0.2711167633533478,,,,,,,,,,,,,,,
,0.00028738210733241214,3099,,,,,,,,,,,,,,,,,,,,,,,,,,,,,,
4,,3099,0.14028187096118927,0.03124176524579525,0.41621702909469604,0.004725855775177479,0.13550733029842377,0.018623555079102516,0.29936492443084717,0.02862740121781826,0.28042200207710266,0.08432182669639587,0.3128207325935364,0.8016291260719299,0.0025701888371258974,2.1642613410949707,0.2817952334880829,,,,,,,,,,,,,,,
,0.000287289227853951,3109,,,,,,,,,,,,,,,,,,,,,,,,,,,,,,
4,,3109,0.09934473782777786,0.059174180030822754,0.5513850450515747,0.01665453054010868,0.15084756910800934,0.012381181120872498,0.4425742030143738,0.03983362764120102,0.3609960675239563,0.1111033633351326,0.32504475116729736,0.9879951477050781,0.005500847473740578,2.2490506172180176,0.3001067042350769,,,,,,,,,,,,,,,
,0.00028719602290959044,3119,,,,,,,,,,,,,,,,,,,,,,,,,,,,,,
4,,3119,0.09270942956209183,0.05256786197423935,0.4454663097858429,0.0043095750734210014,0.12164835631847382,0.015586826018989086,0.30103811621665955,0.012752826325595379,0.15118210017681122,0.10138458758592606,0.2938130795955658,0.6375091075897217,0.00429393257945776,2.1468355655670166,0.2550453841686249,,,,,,,,,,,,,,,
,0.00028710249272028744,3129,,,,,,,,,,,,,,,,,,,,,,,,,,,,,,
4,,3129,0.12595577538013458,0.043532151728868484,0.4659704267978668,0.009810630232095718,0.15404707193374634,0.025388991460204124,0.4062187075614929,0.036648064851760864,0.3942696452140808,0.08214377611875534,0.32073330879211426,0.9869307279586792,0.0021336907520890236,2.1441447734832764,0.31552553176879883,,,,,,,,,,,,,,,
,0.00028700863750777015,3139,,,,,,,,,,,,,,,,,,,,,,,,,,,,,,
4,,3139,0.08885662257671356,0.059481069445610046,0.4899679124355316,0.004827903583645821,0.10815519839525223,0.01711023971438408,0.34382447600364685,0.014595720916986465,0.13502052426338196,0.09350775927305222,0.29903653264045715,0.642755389213562,0.0033352752216160297,2.1548144817352295,0.24793772399425507,,,,,,,,,,,,,,,
,0.00028691445749453735,3149,,,,,,,,,,,,,,,,,,,,,,,,,,,,,,
4,,3149,0.10794486105442047,0.040826503187417984,0.4962882101535797,0.0065518636256456375,0.11320481449365616,0.020228873938322067,0.3433610200881958,0.01835336536169052,0.17827697098255157,0.07553788274526596,0.30321410298347473,0.698632538318634,0.0037159272469580173,2.202535629272461,0.2543851137161255,,,,,,,,,,,,,,,
,0.0002868199529038577,3159,,,,,,,,,,,,,,,,,,,,,,,,,,,,,,
4,,3159,0.14823246002197266,0.06485354900360107,0.4811307489871979,0.005312031134963036,0.18690554797649384,0.035365741699934006,0.41270712018013,0.018594879657030106,0.33064189553260803,0.07260305434465408,0.30315715074539185,0.9422784447669983,0.0014536856906488538,2.239910364151001,0.34257015585899353,,,,,,,,,,,,,,,
,0.00028672512395976925,3169,,,,,,,,,,,,,,,,,,,,,,,,,,,,,,
4,,3169,0.15498733520507812,0.061977170407772064,0.46475544571876526,0.006273393053561449,0.14591604471206665,0.010956747457385063,0.34655219316482544,0.022231973707675934,0.2907765507698059,0.0915648341178894,0.3007570505142212,0.8426671028137207,0.003186811925843358,2.2169597148895264,0.2533523738384247,,,,,,,,,,,,,,,
,0.0002866299708870791,3179,,,,,,,,,,,,,,,,,,,,,,,,,,,,,,
4,,3179,0.12979216873645782,0.032414235174655914,0.3631230890750885,0.011306338012218475,0.10630691796541214,0.014166858047246933,0.3284081816673279,0.020921891555190086,0.29863864183425903,0.09611436724662781,0.2678067088127136,0.7734997272491455,0.0067020198330283165,2.2053916454315186,0.21797135472297668,,,,,,,,,,,,,,,
,0.0002865344939113627,3189,,,,,,,,,,,,,,,,,,,,,,,,,,,,,,
4,,3189,0.1528884619474411,0.052424751222133636,0.36235079169273376,0.006548890843987465,0.13434246182441711,0.022239921614527702,0.30684584379196167,0.014032421633601189,0.3341653645038605,0.07856429368257523,0.27946627140045166,0.8292989134788513,0.001025169505737722,2.1570894718170166,0.2610427439212799,,,,,,,,,,,,,,,
,0.0002864386932589634,3199,,,,,,,,,,,,,,,,,,,,,,,,,,,,,,
4,,3199,0.11835966259241104,0.046807363629341125,0.5240862369537354,0.005877496208995581,0.12031831592321396,0.015435679815709591,0.32949966192245483,0.01788155362010002,0.22955787181854248,0.06701605021953583,0.31532609462738037,0.7781477570533752,0.003201097249984741,2.2123711109161377,0.3107036352157593,,,,,,,,,,,,,,,
,0.0002863425691569918,3209,,,,,,,,,,,,,,,,,,,,,,,,,,,,,,
4,,3209,0.11466189473867416,0.15565314888954163,0.5092368125915527,0.006820846349000931,0.14394137263298035,0.026039356365799904,0.43279582262039185,0.019304366782307625,0.23734019696712494,0.0801457092165947,0.32555919885635376,0.8674497604370117,0.0042119924910366535,2.110156536102295,0.3102380335330963,,,,,,,,,,,,,,,
,0.00028624612183332537,3219,,,,,,,,,,,,,,,,,,,,,,,,,,,,,,
4,,3219,0.07858385890722275,0.06739301234483719,0.5387752652168274,0.019284700974822044,0.09750199317932129,0.018887722864747047,0.33100634813308716,0.009250044822692871,0.16790485382080078,0.07177601754665375,0.288425087928772,0.6823524832725525,0.009268766269087791,2.1360909938812256,0.21246692538261414,,,,,,,,,,,,,,,
,0.0002861493515166078,3229,,,,,,,,,,,,,,,,,,,,,,,,,,,,,,
4,,3229,0.09209524095058441,0.05865311995148659,0.5031534433364868,0.007902845740318298,0.11080537736415863,0.035914309322834015,0.3369222581386566,0.021016132086515427,0.16391612589359283,0.056287676095962524,0.2827019691467285,0.677455723285675,0.004622242879122496,2.1462717056274414,0.21556979417800903,,,,,,,,,,,,,,,
,0.0002860522584362484,3239,,,,,,,,,,,,,,,,,,,,,,,,,,,,,,
4,,3239,0.13809505105018616,0.036682501435279846,0.4614909887313843,0.003154885023832321,0.1337786614894867,0.03510681912302971,0.2942714989185333,0.01912706159055233,0.3879339098930359,0.06992059201002121,0.2903275191783905,0.9163159132003784,0.005692551843822002,2.1435799598693848,0.2837342321872711,,,,,,,,,,,,,,,
,0.0002859548428224218,3249,,,,,,,,,,,,,,,,,,,,,,,,,,,,,,
4,,3249,0.12753242254257202,0.10892888903617859,0.5400502681732178,0.0053180973045527935,0.1273333579301834,0.02182718925178051,0.47905001044273376,0.03504187613725662,0.21732406318187714,0.04196092486381531,0.31714850664138794,0.8448785543441772,0.002860716078430414,2.2686121463775635,0.2758253812789917,,,,,,,,,,,,,,,
,0.0002858571049060672,3259,,,,,,,,,,,,,,,,,,,,,,,,,,,,,,
4,,3259,0.12274148315191269,0.05115152522921562,0.4709317088127136,0.014120988547801971,0.14323821663856506,0.03815636411309242,0.35768651962280273,0.022969495505094528,0.29127559065818787,0.12261009961366653,0.30450665950775146,0.8574134111404419,0.0021167811937630177,2.1652731895446777,0.26739150285720825,,,,,,,,,,,,,,,
,0.0002857590449188878,3269,,,,,,,,,,,,,,,,,,,,,,,,,,,,,,
4,,3269,0.0928383320569992,0.04500292241573334,0.410895973443985,0.005253841634839773,0.0985238179564476,0.022612666711211205,0.3376392722129822,0.017820488661527634,0.17754583060741425,0.08110471069812775,0.2929146885871887,0.6507253646850586,0.0027828675229102373,2.157813310623169,0.22845789790153503,,,,,,,,,,,,,,,
,0.0002856606630933504,3279,,,,,,,,,,,,,,,,,,,,,,,,,,,,,,
4,,3279,0.10218425840139389,0.06682267040014267,0.49593448638916016,0.008919762447476387,0.1236913651227951,0.01405574195086956,0.35804447531700134,0.02655140869319439,0.20713703334331512,0.07295065373182297,0.27655038237571716,0.7405925989151001,0.002513717859983444,2.2268433570861816,0.25051549077033997,,,,,,,,,,,,,,,
,0.00028556195966268464,3289,,,,,,,,,,,,,,,,,,,,,,,,,,,,,,
4,,3289,0.11989898979663849,0.09718940407037735,0.45276889204978943,0.007323381025344133,0.14042794704437256,0.01739860326051712,0.41156187653541565,0.02117312327027321,0.263908714056015,0.08771305531263351,0.2795540988445282,0.8217355012893677,0.00229972368106246,2.191675901412964,0.25536713004112244,,,,,,,,,,,,,,,
,0.0002854629348608827,3299,,,,,,,,,,,,,,,,,,,,,,,,,,,,,,
4,,3299,0.0774950236082077,0.0697135254740715,0.486410915851593,0.00817260891199112,0.09227199107408524,0.01975005306303501,0.4150104224681854,0.012154989875853062,0.1730692833662033,0.060864854604005814,0.2732952833175659,0.6725345253944397,0.008278029970824718,2.231797695159912,0.19272997975349426,,,,,,,,,,,,,,,
,0.0002853635889226986,3309,,,,,,,,,,,,,,,,,,,,,,,,,,,,,,
4,,3309,0.061003878712654114,0.06340108066797256,0.5321938395500183,0.012465179897844791,0.14175772666931152,0.016796806827187538,0.3520604968070984,0.010933488607406616,0.13039466738700867,0.07183999568223953,0.34150660037994385,0.6853427886962891,0.0068273767828941345,2.2575490474700928,0.32757073640823364,,,,,,,,,,,,,,,
,0.0002852639220836477,3319,,,,,,,,,,,,,,,,,,,,,,,,,,,,,,
4,,3319,0.11437038332223892,0.07618100196123123,0.4574922025203705,0.010937235318124294,0.13282524049282074,0.020640719681978226,0.3887161314487457,0.0301204901188612,0.2990274131298065,0.07831396162509918,0.2869783639907837,0.8630113005638123,0.008062368258833885,2.1950652599334717,0.2670338749885559,,,,,,,,,,,,,,,
,0.0002851639345800059,3329,,,,,,,,,,,,,,,,,,,,,,,,,,,,,,
4,,3329,0.07992827147245407,0.04426436871290207,0.45758071541786194,0.0044834245927631855,0.09189722687005997,0.024415969848632812,0.3422604203224182,0.024854149669408798,0.1921110898256302,0.07575465738773346,0.3003479838371277,0.6808164119720459,0.0030248991679400206,2.2939422130584717,0.23072850704193115,,,,,,,,,,,,,,,
,0.0002850636266488096,3339,,,,,,,,,,,,,,,,,,,,,,,,,,,,,,
4,,3339,0.10436423867940903,0.056166741997003555,0.40877723693847656,0.007331085857003927,0.13761647045612335,0.029103081673383713,0.31505584716796875,0.03011370822787285,0.2508736848831177,0.06282376497983932,0.296004980802536,0.7740640044212341,0.006561345420777798,2.192502021789551,0.285193532705307,,,,,,,,,,,,,,,
,0.0002849629985278546,3349,,,,,,,,,,,,,,,,,,,,,,,,,,,,,,
4,,3349,0.07575401663780212,0.07113003730773926,0.47466880083084106,0.006230371538549662,0.09087944775819778,0.026437481865286827,0.3356461524963379,0.010420789942145348,0.09816031157970428,0.05768575146794319,0.2850939929485321,0.5846360325813293,0.007780794519931078,2.2967405319213867,0.2259741723537445,,,,,,,,,,,,,,,
,0.0002848620504556959,3359,,,,,,,,,,,,,,,,,,,,,,,,,,,,,,
4,,3359,0.13070307672023773,0.05344963073730469,0.45561251044273376,0.004985729232430458,0.12524235248565674,0.010767651721835136,0.41963884234428406,0.026892874389886856,0.2966154217720032,0.07445603609085083,0.25919753313064575,0.8283549547195435,0.004884085152298212,2.273306131362915,0.223165363073349,,,,,,,,,,,,,,,
,0.0002847607826716469,3369,,,,,,,,,,,,,,,,,,,,,,,,,,,,,,
4,,3369,0.11737926304340363,0.05900934338569641,0.5320156216621399,0.008959045633673668,0.14892080426216125,0.01754419505596161,0.38691824674606323,0.04005490243434906,0.34601813554763794,0.10268532484769821,0.2755333483219147,0.932046115398407,0.004048213828355074,2.1775238513946533,0.2594214081764221,,,,,,,,,,,,,,,
,0.0002846591954157788,3379,,,,,,,,,,,,,,,,,,,,,,,,,,,,,,
4,,3379,0.06996727734804153,0.0688730850815773,0.5455051064491272,0.009695116430521011,0.09922249615192413,0.010498425923287868,0.33440545201301575,0.01794075407087803,0.19620008766651154,0.05918871983885765,0.2661530077457428,0.6969423294067383,0.005767123773694038,2.154395818710327,0.21796612441539764,,,,,,,,,,,,,,,
,0.0002845572889289205,3389,,,,,,,,,,,,,,,,,,,,,,,,,,,,,,
4,,3389,0.145833820104599,0.03801089897751808,0.3777186870574951,0.009218694642186165,0.11912774294614792,0.011948904022574425,0.2334330677986145,0.02826547808945179,0.2852165997028351,0.07507555186748505,0.2862844169139862,0.776078999042511,0.00462387315928936,2.177673816680908,0.2822817265987396,,,,,,,,,,,,,,,
,0.00028445506345265743,3399,,,,,,,,,,,,,,,,,,,,,,,,,,,,,,
4,,3399,0.0637473538517952,0.04387212172150612,0.4595525860786438,0.005654146429151297,0.10132507234811783,0.008279690518975258,0.34358954429626465,0.011464519426226616,0.142806738615036,0.04589545726776123,0.26412656903266907,0.5887592434883118,0.003938476089388132,2.1933329105377197,0.20842979848384857,,,,,,,,,,,,,,,
,0.0002843525192293313,3409,,,,,,,,,,,,,,,,,,,,,,,,,,,,,,
4,,3409,0.08544083684682846,0.04654962942004204,0.46452030539512634,0.004225912969559431,0.09310793876647949,0.016773993149399757,0.2954191565513611,0.01954827457666397,0.21694017946720123,0.048283256590366364,0.28225937485694885,0.6880612969398499,0.007735201623290777,2.1893274784088135,0.23234081268310547,,,,,,,,,,,,,,,
,0.00028424965650203945,3419,,,,,,,,,,,,,,,,,,,,,,,,,,,,,,
4,,3419,0.08524784445762634,0.06132687255740166,0.5082753896713257,0.012185463681817055,0.11694424599409103,0.007236987352371216,0.35777226090431213,0.021738417446613312,0.19573642313480377,0.04104018583893776,0.28679007291793823,0.7239786386489868,0.00786358118057251,2.170384168624878,0.2700190842151642,,,,,,,,,,,,,,,
,0.0002841464755146343,3429,,,,,,,,,,,,,,,,,,,,,,,,,,,,,,
4,,3429,0.09005875885486603,0.08138731867074966,0.5550856590270996,0.008118635043501854,0.1156625896692276,0.017301982268691063,0.35597163438796997,0.010275143198668957,0.20527586340904236,0.06205810233950615,0.2758699059486389,0.7432790398597717,0.00813884474337101,2.1832900047302246,0.25439417362213135,,,,,,,,,,,,,,,
,0.00028404297651172275,3439,,,,,,,,,,,,,,,,,,,,,,,,,,,,,,
4,,3439,0.08783739805221558,0.026872597634792328,0.4177701473236084,0.006488073151558638,0.08940453827381134,0.023138750344514847,0.28787481784820557,0.018565718084573746,0.1696198731660843,0.06470832228660583,0.2544116973876953,0.6079798936843872,0.0036633682902902365,2.173729658126831,0.21055404841899872,,,,,,,,,,,,,,,
,0.00028393915973866563,3449,,,,,,,,,,,,,,,,,,,,,,,,,,,,,,
4,,3449,0.11192892491817474,0.04624125733971596,0.4223770499229431,0.006204838398844004,0.09278803318738937,0.012475356459617615,0.29878953099250793,0.015776973217725754,0.2083887755870819,0.09910564124584198,0.27327024936676025,0.6799253821372986,0.0013538706116378307,2.1476151943206787,0.2445828765630722,,,,,,,,,,,,,,,
,0.0002838350254415771,3459,,,,,,,,,,,,,,,,,,,,,,,,,,,,,,
4,,3459,0.09744540601968765,0.04883701726794243,0.4873542785644531,0.004905040375888348,0.1152040958404541,0.021087901666760445,0.3661591410636902,0.016607707366347313,0.3040105402469635,0.06335868686437607,0.30349692702293396,0.8037688732147217,0.002179256174713373,2.2199344635009766,0.201715350151062,,,,,,,,,,,,,,,
,0.00028373057386732394,3469,,,,,,,,,,,,,,,,,,,,,,,,,,,,,,
4,,3469,0.091863714158535,0.05407202988862991,0.4813184440135956,0.009121662937104702,0.13369466364383698,0.009328902699053288,0.4487348794937134,0.018131764605641365,0.271165132522583,0.08256734162569046,0.28733327984809875,0.8039752244949341,0.0028913673013448715,2.1698386669158936,0.23528455197811127,,,,,,,,,,,,,,,
4,,3474,,,,,,,,,,,,,,,,0.19204562902450562,0.030670609325170517,0.2763707935810089,0.005797023884952068,0.0694834291934967,0.0032294278498739004,0.18199658393859863,0.024446312338113785,0.2078201174736023,0.06980922818183899,0.188241645693779,0.5921430587768555,0.008507422171533108,2.159818172454834,0.1392182558774948
,0.00028362580526352526,3479,,,,,,,,,,,,,,,,,,,,,,,,,,,,,,
5,,3479,0.11129339784383774,0.03864309936761856,0.41290944814682007,0.00980876013636589,0.13448764383792877,0.02493753656744957,0.3375483453273773,0.022956395521759987,0.31306302547454834,0.07481439411640167,0.2871032655239105,0.8202397227287292,0.002718203468248248,2.2095108032226562,0.258652925491333,,,,,,,,,,,,,,,
,0.0002835207198785517,3489,,,,,,,,,,,,,,,,,,,,,,,,,,,,,,
5,,3489,0.12848731875419617,0.04049275815486908,0.4024129807949066,0.01252643670886755,0.12034108489751816,0.012455856427550316,0.2849958837032318,0.031263988465070724,0.20916368067264557,0.04918596148490906,0.3010176122188568,0.7118365168571472,0.005538029596209526,2.240844488143921,0.2567872107028961,,,,,,,,,,,,,,,
,0.0002834153179615247,3499,,,,,,,,,,,,,,,,,,,,,,,,,,,,,,
5,,3499,0.1358519345521927,0.045991450548172,0.4107154607772827,0.009126008488237858,0.11825279891490936,0.01602412387728691,0.3620929718017578,0.03174745291471481,0.32695990800857544,0.0622926689684391,0.28776928782463074,0.8528499603271484,0.00379495183005929,2.233574628829956,0.255627304315567,,,,,,,,,,,,,,,
,0.00028330959976231634,3509,,,,,,,,,,,,,,,,,,,,,,,,,,,,,,
5,,3509,0.09429529309272766,0.10848252475261688,0.4849904775619507,0.00727812759578228,0.12330486625432968,0.013189560733735561,0.3797459602355957,0.02492448128759861,0.22354671359062195,0.08229797333478928,0.2967536747455597,0.7797443866729736,0.003384576179087162,2.2559685707092285,0.268399178981781,,,,,,,,,,,,,,,
,0.0002832035655315484,3519,,,,,,,,,,,,,,,,,,,,,,,,,,,,,,
5,,3519,0.11431888490915298,0.054976578801870346,0.5141885876655579,0.00741208391264081,0.13592353463172913,0.011813018471002579,0.3283015489578247,0.02641928941011429,0.2807437777519226,0.05771989747881889,0.3201989531517029,0.845523476600647,0.004632610362023115,2.128363609313965,0.3274952173233032,,,,,,,,,,,,,,,
,0.0002830972155205918,3529,,,,,,,,,,,,,,,,,,,,,,,,,,,,,,
5,,3529,0.10225912928581238,0.0542016364634037,0.42416414618492126,0.0112875672057271,0.11628198623657227,0.01639346405863762,0.30228391289711,0.02138775773346424,0.21355095505714417,0.08310826122760773,0.2689847946166992,0.6955611109733582,0.005484558641910553,2.1754422187805176,0.21563133597373962,,,,,,,,,,,,,,,
,0.0002829905499815661,3539,,,,,,,,,,,,,,,,,,,,,,,,,,,,,,
5,,3539,0.1281757801771164,0.07557912915945053,0.5125917196273804,0.022202858701348305,0.13656212389469147,0.02210807055234909,0.37671542167663574,0.025041110813617706,0.28541624546051025,0.06927680224180222,0.31712639331817627,0.8924822807312012,0.010227066464722157,2.1519062519073486,0.2943589389324188,,,,,,,,,,,,,,,
,0.00028288356916733885,3549,,,,,,,,,,,,,,,,,,,,,,,,,,,,,,
5,,3549,0.0816834345459938,0.05811290442943573,0.5137656331062317,0.012509246356785297,0.11910107731819153,0.015850676223635674,0.37231847643852234,0.0180971622467041,0.21906395256519318,0.07773053646087646,0.2675108015537262,0.7479390501976013,0.004947563633322716,2.2365386486053467,0.2638757526874542,,,,,,,,,,,,,,,
,0.0002827762733315252,3559,,,,,,,,,,,,,,,,,,,,,,,,,,,,,,
5,,3559,0.09222172945737839,0.051832664757966995,0.4579949378967285,0.016866331920027733,0.14192107319831848,0.014983215369284153,0.3206454813480377,0.025600064545869827,0.29281094670295715,0.07531990855932236,0.2943880259990692,0.820975661277771,0.0008350605494342744,2.1981704235076904,0.29104024171829224,,,,,,,,,,,,,,,
,0.0002826686627284868,3569,,,,,,,,,,,,,,,,,,,,,,,,,,,,,,
5,,3569,0.11839791387319565,0.034834206104278564,0.33463117480278015,0.017532458528876305,0.10991612076759338,0.01794908009469509,0.21702903509140015,0.017687227576971054,0.21538913249969482,0.11824886500835419,0.24450314044952393,0.6458950638771057,0.0034423128236085176,2.2202770709991455,0.203243687748909,,,,,,,,,,,,,,,
,0.00028256073761333175,3579,,,,,,,,,,,,,,,,,,,,,,,,,,,,,,
5,,3579,0.12956564128398895,0.06555689126253128,0.4809591472148895,0.011937701143324375,0.12977905571460724,0.0327020101249218,0.40007269382476807,0.01938079670071602,0.2873435318470001,0.05055784434080124,0.30366504192352295,0.8462629914283752,0.002316736150532961,2.214306354522705,0.2428678572177887,,,,,,,,,,,,,,,
,0.00028245249824191364,3589,,,,,,,,,,,,,,,,,,,,,,,,,,,,,,
5,,3589,0.11659316718578339,0.04324096068739891,0.4437026083469391,0.014300861395895481,0.12893995642662048,0.009774220176041126,0.3233700692653656,0.029182815924286842,0.30150899291038513,0.11723490059375763,0.2997456192970276,0.8407341837882996,0.005120101384818554,2.2068378925323486,0.28806251287460327,,,,,,,,,,,,,,,
,0.000282343944870831,3599,,,,,,,,,,,,,,,,,,,,,,,,,,,,,,
5,,3599,0.11483947187662125,0.0441373847424984,0.38295456767082214,0.004913021810352802,0.10381508618593216,0.006561370566487312,0.31233352422714233,0.016076738014817238,0.2435314804315567,0.09342716634273529,0.2576138377189636,0.6953758001327515,0.004061024636030197,2.175919532775879,0.21325917541980743,,,,,,,,,,,,,,,
,0.00028223507775742695,3609,,,,,,,,,,,,,,,,,,,,,,,,,,,,,,
5,,3609,0.17019309103488922,0.04184940457344055,0.4063502252101898,0.004837635438889265,0.10282617062330246,0.023842215538024902,0.2942873239517212,0.025707852095365524,0.2523660361766815,0.0670856237411499,0.26002854108810425,0.7447822690010071,0.00177252315916121,2.2387595176696777,0.21029599010944366,,,,,,,,,,,,,,,
,0.0002821258971597882,3619,,,,,,,,,,,,,,,,,,,,,,,,,,,,,,
5,,3619,0.06783224642276764,0.05768395960330963,0.4062561094760895,0.01151608768850565,0.06686518341302872,0.01721167378127575,0.2711111605167389,0.006245488300919533,0.12587156891822815,0.04515577852725983,0.21588334441184998,0.519578754901886,0.0050628213211894035,2.244765520095825,0.16322095692157745,,,,,,,,,,,,,,,
,0.0002820164033367446,3629,,,,,,,,,,,,,,,,,,,,,,,,,,,,,,
5,,3629,0.1056634932756424,0.04314153268933296,0.4638620615005493,0.010706966742873192,0.13384555280208588,0.015019233338534832,0.2901226878166199,0.022900154814124107,0.3211582899093628,0.05148650333285332,0.29420599341392517,0.8362104296684265,0.0034272344782948494,2.1626970767974854,0.29568326473236084,,,,,,,,,,,,,,,
,0.0002819065965478688,3639,,,,,,,,,,,,,,,,,,,,,,,,,,,,,,
5,,3639,0.09807492047548294,0.038481760770082474,0.3570626676082611,0.009794708341360092,0.09095335006713867,0.01598091423511505,0.30133315920829773,0.013206273317337036,0.2257768213748932,0.08900103718042374,0.24769137799739838,0.6409492492675781,0.0032887731213122606,2.191411256790161,0.1612776666879654,,,,,,,,,,,,,,,
,0.0002817964770534751,3649,,,,,,,,,,,,,,,,,,,,,,,,,,,,,,
5,,3649,0.11116085201501846,0.10046473145484924,0.49313822388648987,0.011978420428931713,0.11846458911895752,0.02843448892235756,0.38688915967941284,0.021331265568733215,0.20364931225776672,0.04436158761382103,0.2784668207168579,0.7606673240661621,0.002094449708238244,2.243386745452881,0.25000885128974915,,,,,,,,,,,,,,,
,0.0002816860451146192,3659,,,,,,,,,,,,,,,,,,,,,,,,,,,,,,
5,,3659,0.12460597604513168,0.05830006301403046,0.392075777053833,0.014613006263971329,0.13262085616588593,0.01877644658088684,0.3491479456424713,0.0236043781042099,0.29924991726875305,0.05939878523349762,0.2747870683670044,0.8133845329284668,0.0017920132959261537,2.195665121078491,0.2572726905345917,,,,,,,,,,,,,,,
,0.00028157530099309763,3669,,,,,,,,,,,,,,,,,,,,,,,,,,,,,,
5,,3669,0.07191352546215057,0.052395328879356384,0.43171361088752747,0.005562561564147472,0.08772306889295578,0.020396919921040535,0.28901761770248413,0.004474951885640621,0.07291273027658463,0.0639975294470787,0.2513641119003296,0.5010446906089783,0.003048012498766184,2.217841386795044,0.2145378440618515,,,,,,,,,,,,,,,
,0.00028146424495144686,3679,,,,,,,,,,,,,,,,,,,,,,,,,,,,,,
5,,3679,0.0998460203409195,0.046214256435632706,0.4403742849826813,0.009806358255445957,0.09176133573055267,0.01748262345790863,0.27202504873275757,0.01556004211306572,0.18309657275676727,0.07794612646102905,0.2679709494113922,0.634758472442627,0.0009852770017459989,2.1464381217956543,0.199383944272995,,,,,,,,,,,,,,,
,0.0002813528772529429,3689,,,,,,,,,,,,,,,,,,,,,,,,,,,,,,
5,,3689,0.106530100107193,0.10671395063400269,0.49995970726013184,0.018782595172524452,0.13510790467262268,0.038501664996147156,0.39314913749694824,0.02212429605424404,0.2280699908733368,0.0664418414235115,0.29502323269844055,0.8187711238861084,0.0033333178143948317,2.205517292022705,0.26745426654815674,,,,,,,,,,,,,,,
,0.00028124119816160046,3699,,,,,,,,,,,,,,,,,,,,,,,,,,,,,,
5,,3699,0.08187151700258255,0.05589798465371132,0.3870337903499603,0.006996575277298689,0.10115157812833786,0.01646098494529724,0.34235629439353943,0.01662287674844265,0.1557573527097702,0.09552368521690369,0.2735406756401062,0.6192934513092041,0.006035716272890568,2.2310757637023926,0.22110562026500702,,,,,,,,,,,,,,,
,0.0002811292079421726,3709,,,,,,,,,,,,,,,,,,,,,,,,,,,,,,
5,,3709,0.10234002023935318,0.03387463092803955,0.4039822220802307,0.008777465671300888,0.11205287277698517,0.0105333486571908,0.28026267886161804,0.022422147914767265,0.2627255320549011,0.06774596124887466,0.29500895738601685,0.7286653518676758,0.0045072585344314575,2.227583408355713,0.2393641620874405,,,,,,,,,,,,,,,
,0.00028101690686014994,3719,,,,,,,,,,,,,,,,,,,,,,,,,,,,,,
5,,3719,0.10942219942808151,0.0772676020860672,0.5107831954956055,0.0100272037088871,0.12921558320522308,0.041376955807209015,0.4105391502380371,0.023231225088238716,0.20874612033367157,0.08039624243974686,0.2765570282936096,0.7828885912895203,0.0024529770016670227,2.1944916248321533,0.25526654720306396,,,,,,,,,,,,,,,
,0.00028090429518176,3729,,,,,,,,,,,,,,,,,,,,,,,,,,,,,,
5,,3729,0.07554791122674942,0.030112918466329575,0.3380982577800751,0.0022289303597062826,0.08518969267606735,0.010513823479413986,0.1913532167673111,0.00678124837577343,0.12386425584554672,0.025812411680817604,0.2411050796508789,0.4684741199016571,0.0019688336178660393,2.230639934539795,0.1863223910331726,,,,,,,,,,,,,,,
,0.0002807913731739666,3739,,,,,,,,,,,,,,,,,,,,,,,,,,,,,,
5,,3739,0.07375404238700867,0.040342818945646286,0.38300561904907227,0.004043165594339371,0.08486121892929077,0.020696409046649933,0.2646706998348236,0.011681953445076942,0.14669811725616455,0.06731050461530685,0.24505332112312317,0.5507574081420898,0.004481279756873846,2.202406406402588,0.19699537754058838,,,,,,,,,,,,,,,
,0.0002806781411044693,3749,,,,,,,,,,,,,,,,,,,,,,,,,,,,,,
5,,3749,0.13499239087104797,0.05519433692097664,0.46484139561653137,0.009056958369910717,0.13710400462150574,0.010489528998732567,0.30577850341796875,0.014159133657813072,0.26995253562927246,0.061579182744026184,0.2842927873134613,0.7942032217979431,0.008038904517889023,2.2048258781433105,0.2730284035205841,,,,,,,,,,,,,,,
,0.00028056459924170267,3759,,,,,,,,,,,,,,,,,,,,,,,,,,,,,,
5,,3759,0.06123843789100647,0.060971230268478394,0.48482272028923035,0.004851099569350481,0.0853770524263382,0.013092384673655033,0.29533475637435913,0.011943737044930458,0.10904014855623245,0.05510088801383972,0.2570701837539673,0.5551527738571167,0.0029127842281013727,2.2360551357269287,0.21515727043151855,,,,,,,,,,,,,,,
,0.00028045074785483574,3769,,,,,,,,,,,,,,,,,,,,,,,,,,,,,,
5,,3769,0.09086809307336807,0.04424348473548889,0.46234843134880066,0.004331352189183235,0.11412814259529114,0.011171054095029831,0.30693989992141724,0.0122379120439291,0.1697007119655609,0.08259345591068268,0.3023744225502014,0.6507155895233154,0.008778213523328304,2.1526410579681396,0.2337164729833603,,,,,,,,,,,,,,,
,0.00028033658721377127,3779,,,,,,,,,,,,,,,,,,,,,,,,,,,,,,
5,,3779,0.11330622434616089,0.08325690776109695,0.4351162016391754,0.019915157929062843,0.09793713688850403,0.014949687756597996,0.29075342416763306,0.015719151124358177,0.19948624074459076,0.06371627748012543,0.259382963180542,0.6956816911697388,0.0037331311032176018,2.255419969558716,0.23418588936328888,,,,,,,,,,,,,,,
,0.0002802221175891452,3789,,,,,,,,,,,,,,,,,,,,,,,,,,,,,,
5,,3789,0.12075182795524597,0.0657799020409584,0.4580325484275818,0.013234060257673264,0.14716726541519165,0.02851545251905918,0.32713669538497925,0.022771183401346207,0.2433457225561142,0.08319185674190521,0.30230599641799927,0.7878910899162292,0.0034591108560562134,2.1204912662506104,0.25069868564605713,,,,,,,,,,,,,,,
,0.00028010733925232586,3799,,,,,,,,,,,,,,,,,,,,,,,,,,,,,,
5,,3799,0.10362433642148972,0.053157076239585876,0.5196288228034973,0.010468054562807083,0.13356620073318481,0.012448975816369057,0.36254429817199707,0.01692662015557289,0.2117251753807068,0.07536988705396652,0.2859875559806824,0.751024603843689,0.0017632727976888418,2.216128349304199,0.27474215626716614,,,,,,,,,,,,,,,
,0.0002799922524754136,3809,,,,,,,,,,,,,,,,,,,,,,,,,,,,,,
5,,3809,0.08000639081001282,0.04929627105593681,0.5235403180122375,0.0162793081253767,0.10473668575286865,0.026893502101302147,0.2995245158672333,0.009249921888113022,0.12437842786312103,0.08312644064426422,0.2933815121650696,0.626945972442627,0.0018684898968786001,2.166795253753662,0.2424289882183075,,,,,,,,,,,,,,,
,0.00027987685753123984,3819,,,,,,,,,,,,,,,,,,,,,,,,,,,,,,
5,,3819,0.06830873340368271,0.04677130654454231,0.4089481830596924,0.0013928749831393361,0.09632743895053864,0.00804957002401352,0.2330598682165146,0.016112834215164185,0.18798066675662994,0.061378687620162964,0.27830296754837036,0.6020053029060364,0.001862740027718246,2.166642189025879,0.2262328416109085,,,,,,,,,,,,,,,
,0.0002797611546933666,3829,,,,,,,,,,,,,,,,,,,,,,,,,,,,,,
5,,3829,0.06339505314826965,0.07545993477106094,0.4302946627140045,0.005340336821973324,0.09657718986272812,0.009493718855082989,0.3386949896812439,0.016373179852962494,0.20979362726211548,0.0760507807135582,0.26243188977241516,0.6744083762168884,0.00373173039406538,2.1692955493927,0.2358025312423706,,,,,,,,,,,,,,,
,0.0002796451442360859,3839,,,,,,,,,,,,,,,,,,,,,,,,,,,,,,
5,,3839,0.0936800166964531,0.05934061110019684,0.4409976601600647,0.010690142400562763,0.1136929839849472,0.02143622562289238,0.3424946069717407,0.022474011406302452,0.2231106460094452,0.06319674849510193,0.3058982789516449,0.7529748678207397,0.01940065436065197,2.189985990524292,0.2633323669433594,,,,,,,,,,,,,,,
,0.0002795288264344188,3849,,,,,,,,,,,,,,,,,,,,,,,,,,,,,,
5,,3849,0.11603980511426926,0.0509314239025116,0.40578803420066833,0.0041465554386377335,0.12055308371782303,0.04559498280286789,0.3669436573982239,0.029294634237885475,0.2626836895942688,0.08166113495826721,0.2750817835330963,0.7841139435768127,0.0029668398201465607,2.1876060962677,0.24318736791610718,,,,,,,,,,,,,,,
,0.0002794122015641152,3859,,,,,,,,,,,,,,,,,,,,,,,,,,,,,,
5,,3859,0.08378437161445618,0.035621676594018936,0.4152722656726837,0.013058778829872608,0.10897953063249588,0.01236698217689991,0.2530737817287445,0.014659393578767776,0.1533707231283188,0.08950668573379517,0.26481956243515015,0.5912941694259644,0.0014475579373538494,2.195906639099121,0.2164948433637619,,,,,,,,,,,,,,,
,0.00027929526990165283,3869,,,,,,,,,,,,,,,,,,,,,,,,,,,,,,
5,,3869,0.11880894750356674,0.059361569583415985,0.47533032298088074,0.009795264340937138,0.11426416039466858,0.02318236418068409,0.3414556384086609,0.018476806581020355,0.30108246207237244,0.0749325081706047,0.2823527455329895,0.8328815698623657,0.00391458161175251,2.1745316982269287,0.2687753140926361,,,,,,,,,,,,,,,
,0.00027917803172423683,3879,,,,,,,,,,,,,,,,,,,,,,,,,,,,,,
5,,3879,0.03928803652524948,0.04946371540427208,0.48386964201927185,0.004054403863847256,0.11866697669029236,0.01009119302034378,0.3114788830280304,0.014448489993810654,0.17988614737987518,0.040145184844732285,0.30694302916526794,0.6524683237075806,0.0026248570065945387,2.1796793937683105,0.2895720899105072,,,,,,,,,,,,,,,
,0.00027906048730979877,3889,,,,,,,,,,,,,,,,,,,,,,,,,,,,,,
5,,3889,0.11316128075122833,0.0573626384139061,0.5212772488594055,0.008450046181678772,0.12785160541534424,0.022294629365205765,0.38083580136299133,0.030423402786254883,0.25977861881256104,0.09113799780607224,0.2913171648979187,0.8226912021636963,0.005333741661161184,2.1957075595855713,0.2418108880519867,,,,,,,,,,,,,,,
,0.00027894263693699643,3899,,,,,,,,,,,,,,,,,,,,,,,,,,,,,,
5,,3899,0.09239975363016129,0.06102404370903969,0.47618335485458374,0.009084740653634071,0.12351768463850021,0.011925560422241688,0.31759849190711975,0.02673165127635002,0.2169150412082672,0.043979860842227936,0.27579206228256226,0.7501336932182312,0.005522625055164099,2.1434459686279297,0.33472609519958496,,,,,,,,,,,,,,,
,0.0002788244808852128,3909,,,,,,,,,,,,,,,,,,,,,,,,,,,,,,
5,,3909,0.04378476366400719,0.060574982315301895,0.5330005288124084,0.00821028370410204,0.10524828732013702,0.004822954069823027,0.3775317966938019,0.01597326435148716,0.17373928427696228,0.07675869762897491,0.2702505886554718,0.6629708409309387,0.0029216210823506117,2.1572623252868652,0.22477810084819794,,,,,,,,,,,,,,,
,0.00027870601943455546,3919,,,,,,,,,,,,,,,,,,,,,,,,,,,,,,
5,,3919,0.11493374407291412,0.08069654554128647,0.5501347780227661,0.011711719445884228,0.13348591327667236,0.011038597673177719,0.3930676281452179,0.0187186598777771,0.21426920592784882,0.0703812837600708,0.31609147787094116,0.8119329214096069,0.006426868494600058,2.1330132484436035,0.31695809960365295,,,,,,,,,,,,,,,
,0.00027858725286585625,3929,,,,,,,,,,,,,,,,,,,,,,,,,,,,,,
5,,3929,0.11572838574647903,0.06423471868038177,0.45450499653816223,0.004564252216368914,0.10502403974533081,0.019983762875199318,0.33554017543792725,0.02132301777601242,0.27071619033813477,0.08176983147859573,0.2811354100704193,0.7787613272666931,0.0022876434959471226,2.148893356323242,0.23778384923934937,,,,,,,,,,,,,,,
,0.00027846818146067004,3939,,,,,,,,,,,,,,,,,,,,,,,,,,,,,,
5,,3939,0.11588744074106216,0.030754586681723595,0.33084574341773987,0.009516770951449871,0.10161548107862473,0.03787941858172417,0.3167140483856201,0.020842906087636948,0.25730618834495544,0.07587476074695587,0.24231386184692383,0.6993176937103271,0.0020547243766486645,2.2408299446105957,0.18910589814186096,,,,,,,,,,,,,,,
,0.0002783488055012745,3949,,,,,,,,,,,,,,,,,,,,,,,,,,,,,,
5,,3949,0.10747171193361282,0.046115241944789886,0.39249852299690247,0.011323354206979275,0.13141228258609772,0.01613985374569893,0.32082459330558777,0.030921831727027893,0.2910630702972412,0.07776568084955215,0.28931859135627747,0.7944994568824768,0.00263523799367249,2.2069358825683594,0.259889155626297,,,,,,,,,,,,,,,
,0.0002782291252706693,3959,,,,,,,,,,,,,,,,,,,,,,,,,,,,,,
5,,3959,0.14851485192775726,0.03157921880483627,0.4087474048137665,0.008084766566753387,0.1433517187833786,0.025825483724474907,0.3660087287425995,0.02501305192708969,0.45704081654548645,0.11482787877321243,0.2815968692302704,0.9923352003097534,0.001879613264463842,2.2099103927612305,0.2566904127597809,,,,,,,,,,,,,,,
,0.0002781091410525754,3969,,,,,,,,,,,,,,,,,,,,,,,,,,,,,,
5,,3969,0.1252581924200058,0.05491577088832855,0.39734119176864624,0.006381813902407885,0.12530475854873657,0.01659107394516468,0.2558514475822449,0.01633581891655922,0.23953233659267426,0.08373165875673294,0.29379600286483765,0.7284230589866638,0.00395997054874897,2.2012135982513428,0.27837276458740234,,,,,,,,,,,,,,,
,0.00027798885313143454,3979,,,,,,,,,,,,,,,,,,,,,,,,,,,,,,
5,,3979,0.15477654337882996,0.034509506076574326,0.3483535349369049,0.006580287590622902,0.12600748240947723,0.011690736748278141,0.2784401476383209,0.032884206622838974,0.35219618678092957,0.05892104655504227,0.2620823085308075,0.8318884372711182,0.0014925736468285322,2.183210611343384,0.24941694736480713,,,,,,,,,,,,,,,
,0.00027786826179240814,3989,,,,,,,,,,,,,,,,,,,,,,,,,,,,,,
5,,3989,0.1001514345407486,0.07931501418352127,0.43747249245643616,0.0012691807933151722,0.10920558124780655,0.018763812258839607,0.3564569056034088,0.02420344576239586,0.27250662446022034,0.0821768194437027,0.3105212152004242,0.7866742610931396,0.0020000061485916376,2.2081727981567383,0.24474449455738068,,,,,,,,,,,,,,,
,0.00027774736732137726,3999,,,,,,,,,,,,,,,,,,,,,,,,,,,,,,
5,,3999,0.1522093415260315,0.0813882052898407,0.49738526344299316,0.008853615261614323,0.16050325334072113,0.02454953081905842,0.39546269178390503,0.02167530171573162,0.33409571647644043,0.09866543114185333,0.31322169303894043,0.9454275965690613,0.003085605800151825,2.181199312210083,0.30377134680747986,,,,,,,,,,,,,,,
,0.00027762617000494133,4009,,,,,,,,,,,,,,,,,,,,,,,,,,,,,,
5,,4009,0.12841103971004486,0.03547481447458267,0.4975522458553314,0.011600732803344727,0.13939978182315826,0.01059641782194376,0.3782527446746826,0.028679918497800827,0.3571050763130188,0.09338395297527313,0.31125810742378235,0.9167042970657349,0.00148151651956141,2.1532516479492188,0.26401805877685547,,,,,,,,,,,,,,,
,0.0002775046701304179,4019,,,,,,,,,,,,,,,,,,,,,,,,,,,,,,
5,,4019,0.10890043526887894,0.06235794350504875,0.5096182227134705,0.010874380357563496,0.10358849912881851,0.01171084027737379,0.3485426604747772,0.02107807621359825,0.21929931640625,0.08824404329061508,0.2863081395626068,0.7465546131134033,0.005532664246857166,2.2108449935913086,0.22701598703861237,,,,,,,,,,,,,,,
,0.00027738286798584163,4029,,,,,,,,,,,,,,,,,,,,,,,,,,,,,,
5,,4029,0.0965087041258812,0.03499801829457283,0.43905290961265564,0.00557964202016592,0.11346685141324997,0.01285586692392826,0.2395576685667038,0.01655725948512554,0.17695488035678864,0.056685201823711395,0.2889520227909088,0.6374348402023315,0.002488095546141267,2.2267837524414062,0.2696942985057831,,,,,,,,,,,,,,,
,0.0002772607638599638,4039,,,,,,,,,,,,,,,,,,,,,,,,,,,,,,
5,,4039,0.10378105193376541,0.096785768866539,0.43655383586883545,0.004560408182442188,0.11138647794723511,0.020955035462975502,0.3776813745498657,0.02465004473924637,0.22920791804790497,0.07546070963144302,0.2933445870876312,0.7484062910079956,0.0033710203133523464,2.1558046340942383,0.20771126449108124,,,,,,,,,,,,,,,
,0.0002771383580422518,4049,,,,,,,,,,,,,,,,,,,,,,,,,,,,,,
5,,4049,0.09106291830539703,0.08226793259382248,0.5078583359718323,0.0038119847886264324,0.10781589150428772,0.012301528826355934,0.3409920036792755,0.019045894965529442,0.19559715688228607,0.06219656765460968,0.31275731325149536,0.7175717353820801,0.0018081269226968288,2.182737350463867,0.2542625665664673,,,,,,,,,,,,,,,
,0.0002770156508228878,4059,,,,,,,,,,,,,,,,,,,,,,,,,,,,,,
5,,4059,0.06424624472856522,0.07543476670980453,0.49711301922798157,0.011306134052574635,0.11755624413490295,0.009755504317581654,0.34217602014541626,0.013517548330128193,0.158565491437912,0.08356224000453949,0.2704763412475586,0.6534063220024109,0.005081648007035255,2.168060064315796,0.22354693710803986,,,,,,,,,,,,,,,
,0.00027689264249276894,4069,,,,,,,,,,,,,,,,,,,,,,,,,,,,,,
5,,4069,0.08590447902679443,0.05458046495914459,0.3584032356739044,0.005539686419069767,0.09427319467067719,0.011873613111674786,0.32251617312431335,0.015221110545098782,0.18647246062755585,0.06285411864519119,0.23143801093101501,0.6015645265579224,0.002334129996597767,2.201228380203247,0.17947320640087128,,,,,,,,,,,,,,,
,0.00027676933334350585,4079,,,,,,,,,,,,,,,,,,,,,,,,,,,,,,
5,,4079,0.1336255669593811,0.026279842481017113,0.4499722421169281,0.010932108387351036,0.1394941210746765,0.023257402703166008,0.3061022162437439,0.029415927827358246,0.29991957545280457,0.10119657218456268,0.3180633783340454,0.8555376529693604,0.005210218485444784,2.1868388652801514,0.3197449743747711,,,,,,,,,,,,,,,
,0.0002766457236674225,4089,,,,,,,,,,,,,,,,,,,,,,,,,,,,,,
5,,4089,0.05987003073096275,0.06118272244930267,0.44162052869796753,0.014592946507036686,0.07773854583501816,0.014564058743417263,0.31625935435295105,0.009982725605368614,0.1435895413160324,0.07636214047670364,0.2775430381298065,0.6084825396537781,0.011227798648178577,2.167815923690796,0.23150292038917542,,,,,,,,,,,,,,,
,0.00027652181375755527,4099,,,,,,,,,,,,,,,,,,,,,,,,,,,,,,
5,,4099,0.08199404180049896,0.04936365783214569,0.40241312980651855,0.007311689201742411,0.09837500005960464,0.017957620322704315,0.2555124759674072,0.014864643104374409,0.15958449244499207,0.05960670858621597,0.2689346671104431,0.5991536378860474,0.017766522243618965,2.1583621501922607,0.1932707279920578,,,,,,,,,,,,,,,
,0.00027639760390765213,4109,,,,,,,,,,,,,,,,,,,,,,,,,,,,,,
5,,4109,0.13431046903133392,0.05270214378833771,0.5050416588783264,0.008101006969809532,0.15941010415554047,0.022005068138241768,0.3960740864276886,0.02220582589507103,0.4163694977760315,0.07778195291757584,0.2904023826122284,0.9926581382751465,0.003749067895114422,2.159130096435547,0.2762093245983124,,,,,,,,,,,,,,,
,0.00027627309441217236,4119,,,,,,,,,,,,,,,,,,,,,,,,,,,,,,
5,,4119,0.06247520074248314,0.029850423336029053,0.4411299526691437,0.007302295416593552,0.09390012174844742,0.0075157079845666885,0.27959144115448,0.010708123445510864,0.13076220452785492,0.045413386076688766,0.23339533805847168,0.5367568135261536,0.002643388696014881,2.288191080093384,0.1973407119512558,,,,,,,,,,,,,,,
,0.0002761482855662855,4129,,,,,,,,,,,,,,,,,,,,,,,,,,,,,,
5,,4129,0.09197480976581573,0.06655791401863098,0.3953578770160675,0.014447931200265884,0.100400410592556,0.017505984753370285,0.30303993821144104,0.023671656847000122,0.18514998257160187,0.057286981493234634,0.2723221182823181,0.6506218910217285,0.0050233411602675915,2.244276762008667,0.19480189681053162,,,,,,,,,,,,,,,
,0.0002760231776658706,4139,,,,,,,,,,,,,,,,,,,,,,,,,,,,,,
5,,4139,0.10740930587053299,0.0337577722966671,0.33878156542778015,0.0034484779462218285,0.13783855736255646,0.02661161497235298,0.29796892404556274,0.01804027147591114,0.28284668922424316,0.07994423061609268,0.2627769410610199,0.7364860773086548,0.0043833088129758835,2.2009928226470947,0.2404012829065323,,,,,,,,,,,,,,,
,0.00027589777100751585,4149,,,,,,,,,,,,,,,,,,,,,,,,,,,,,,
5,,4149,0.11975059658288956,0.04577070102095604,0.4551016390323639,0.013041088357567787,0.1089332327246666,0.007046747021377087,0.3697511851787567,0.026256272569298744,0.22183141112327576,0.07499255239963531,0.28409168124198914,0.7425341010093689,0.0036840206012129784,2.2074382305145264,0.23915165662765503,,,,,,,,,,,,,,,
,0.00027577206588851765,4159,,,,,,,,,,,,,,,,,,,,,,,,,,,,,,
5,,4159,0.05109986662864685,0.04378120228648186,0.3113994002342224,0.0016582147218286991,0.07947098463773727,0.02155882492661476,0.255079448223114,0.01672344282269478,0.13760818541049957,0.06759136915206909,0.22318048775196075,0.49343615770339966,0.002273761900141835,2.222665548324585,0.16499502956867218,,,,,,,,,,,,,,,
,0.00027564606260687996,4169,,,,,,,,,,,,,,,,,,,,,,,,,,,,,,
5,,4169,0.09996841102838516,0.07711505889892578,0.5621510148048401,0.01755831576883793,0.15370556712150574,0.017317669466137886,0.4422445297241211,0.026555387303233147,0.31333720684051514,0.06814107298851013,0.31151092052459717,0.9584494829177856,0.009946663863956928,2.2321205139160156,0.3713553249835968,,,,,,,,,,,,,,,
5,,4169,,,,,,,,,,,,,,,,0.1871979534626007,0.023634616285562515,0.2676112949848175,0.006956033408641815,0.06717147678136826,0.002854057354852557,0.17691929638385773,0.026935197412967682,0.21724958717823029,0.06521765887737274,0.184803768992424,0.5940971374511719,0.009159859269857407,2.1513874530792236,0.13755717873573303
,0.0002755197614613135,4179,,,,,,,,,,,,,,,,,,,,,,,,,,,,,,
6,,4179,0.15002810955047607,0.0577646940946579,0.46904823184013367,0.00811691116541624,0.1319970190525055,0.023728201165795326,0.35276034474372864,0.024344557896256447,0.312408983707428,0.11320982128381729,0.2911193072795868,0.8788292407989502,0.006134788505733013,2.200613260269165,0.269102543592453,,,,,,,,,,,,,,,
,0.0002753931627512352,4189,,,,,,,,,,,,,,,,,,,,,,,,,,,,,,
6,,4189,0.11992435902357101,0.043036412447690964,0.3336179256439209,0.009816531091928482,0.1060255840420723,0.016991298645734787,0.25583508610725403,0.01730600744485855,0.231020987033844,0.04696470499038696,0.2619592845439911,0.6584936380386353,0.002419133437797427,2.2250418663024902,0.20757144689559937,,,,,,,,,,,,,,,
,0.0002752662667767674,4199,,,,,,,,,,,,,,,,,,,,,,,,,,,,,,
6,,4199,0.11173231154680252,0.04610045626759529,0.38299864530563354,0.008287164382636547,0.09075802564620972,0.019529832527041435,0.355179101228714,0.017733335494995117,0.22724303603172302,0.078892283141613,0.24172157049179077,0.6853286027908325,0.0009817040991038084,2.1441173553466797,0.20149998366832733,,,,,,,,,,,,,,,
,0.00027513907383873703,4209,,,,,,,,,,,,,,,,,,,,,,,,,,,,,,
6,,4209,0.13586899638175964,0.10057862102985382,0.42183825373649597,0.009379034861922264,0.1251640021800995,0.015249951742589474,0.4030647277832031,0.028730524703860283,0.3122822940349579,0.09053820371627808,0.270018994808197,0.8747588992118835,0.004484392236918211,2.1556193828582764,0.25966158509254456,,,,,,,,,,,,,,,
,0.00027501158423867526,4219,,,,,,,,,,,,,,,,,,,,,,,,,,,,,,
6,,4219,0.08290385454893112,0.04904032126069069,0.4659828841686249,0.009724773466587067,0.1132042333483696,0.008623598143458366,0.3416159451007843,0.01197807677090168,0.14978037774562836,0.05590574070811272,0.28377580642700195,0.6526903510093689,0.005453028250485659,2.208944797515869,0.3057776689529419,,,,,,,,,,,,,,,
,0.00027488379827881644,4229,,,,,,,,,,,,,,,,,,,,,,,,,,,,,,
6,,4229,0.11945193260908127,0.035113416612148285,0.5611741542816162,0.006020575296133757,0.11376895755529404,0.02228064090013504,0.34040746092796326,0.02127698063850403,0.25661933422088623,0.06097964569926262,0.3113257586956024,0.8044707179069519,0.005012241657823324,2.205885887145996,0.2577384114265442,,,,,,,,,,,,,,,
,0.0002747557162620974,4239,,,,,,,,,,,,,,,,,,,,,,,,,,,,,,
6,,4239,0.058265767991542816,0.05061096325516701,0.4508145749568939,0.003966658376157284,0.09913609176874161,0.009656471200287342,0.2953903079032898,0.011436618864536285,0.12172728031873703,0.08421952277421951,0.2667149603366852,0.5621411204338074,0.01178540475666523,2.1879630088806152,0.1972256749868393,,,,,,,,,,,,,,,
,0.0002746273384921569,4249,,,,,,,,,,,,,,,,,,,,,,,,,,,,,,
6,,4249,0.09251978248357773,0.09241608530282974,0.46459493041038513,0.007328609935939312,0.1256960779428482,0.014796502888202667,0.4106522500514984,0.017901677638292313,0.24340738356113434,0.10785845667123795,0.28879281878471375,0.7928579449653625,0.005269872024655342,2.2134363651275635,0.26974278688430786,,,,,,,,,,,,,,,
,0.0002744986652733347,4259,,,,,,,,,,,,,,,,,,,,,,,,,,,,,,
6,,4259,0.1198064535856247,0.08196187764406204,0.5869073867797852,0.007260546553879976,0.14472328126430511,0.012609479948878288,0.48310378193855286,0.02993178740143776,0.348297119140625,0.05947890505194664,0.311612993478775,0.9942396283149719,0.01896328665316105,2.163455009460449,0.2884024679660797,,,,,,,,,,,,,,,
,0.0002743696969106713,4269,,,,,,,,,,,,,,,,,,,,,,,,,,,,,,
6,,4269,0.13025106489658356,0.08083564043045044,0.47168317437171936,0.009881503880023956,0.13386546075344086,0.024651464074850082,0.36511287093162537,0.021464038640260696,0.246195450425148,0.0735839381814003,0.2942519187927246,0.803633451461792,0.0021701103542000055,2.237393856048584,0.25999805331230164,,,,,,,,,,,,,,,
,0.0002742404337099065,4279,,,,,,,,,,,,,,,,,,,,,,,,,,,,,,
6,,4279,0.055721260607242584,0.042739059776067734,0.48648011684417725,0.015125179663300514,0.14835332334041595,0.013965735211968422,0.33258721232414246,0.014180846512317657,0.254474937915802,0.07988528162240982,0.28310123085975647,0.7548144459724426,0.004140243865549564,2.160750150680542,0.26723960041999817,,,,,,,,,,,,,,,
,0.0002741108759774793,4289,,,,,,,,,,,,,,,,,,,,,,,,,,,,,,
6,,4289,0.08123348653316498,0.03190763294696808,0.4011850953102112,0.003105300012975931,0.08254501968622208,0.020917514339089394,0.2246537208557129,0.010580871254205704,0.1616440713405609,0.04762914404273033,0.2513827383518219,0.5490837693214417,0.0013289671624079347,2.1478121280670166,0.18003295361995697,,,,,,,,,,,,,,,
,0.0002739810240205269,4299,,,,,,,,,,,,,,,,,,,,,,,,,,,,,,
6,,4299,0.13787783682346344,0.02791842445731163,0.3614170551300049,0.0033966186456382275,0.11342929303646088,0.015414188615977764,0.2582705616950989,0.022836722433567047,0.28949296474456787,0.08531840890645981,0.27845168113708496,0.7438056468963623,0.0025327664334326982,2.1287429332733154,0.2263163924217224,,,,,,,,,,,,,,,
,0.0002738508781468839,4309,,,,,,,,,,,,,,,,,,,,,,,,,,,,,,
6,,4309,0.08884035050868988,0.07336463034152985,0.41341572999954224,0.006827256642282009,0.10491092503070831,0.015729453414678574,0.3109171986579895,0.01474335603415966,0.15649649500846863,0.0990847647190094,0.2758491337299347,0.6354769468307495,0.005170095711946487,2.242783546447754,0.24198243021965027,,,,,,,,,,,,,,,
,0.0002737204386650817,4319,,,,,,,,,,,,,,,,,,,,,,,,,,,,,,
6,,4319,0.04234524816274643,0.05175784230232239,0.4214871823787689,0.0044724238105118275,0.08938001841306686,0.02604583650827408,0.27726101875305176,0.005176061764359474,0.09249167144298553,0.05221397802233696,0.2512959837913513,0.5158228874206543,0.024622779339551926,2.1187491416931152,0.1932118833065033,,,,,,,,,,,,,,,
,0.0002735897058843479,4329,,,,,,,,,,,,,,,,,,,,,,,,,,,,,,
6,,4329,0.09229061752557755,0.07890459895133972,0.4661576747894287,0.007218287792056799,0.10946901887655258,0.022712284699082375,0.3289441764354706,0.019380532205104828,0.21882621943950653,0.04513222724199295,0.27450740337371826,0.720119297504425,0.00275315809994936,2.2119719982147217,0.23918643593788147,,,,,,,,,,,,,,,
,0.0002734586801146053,4339,,,,,,,,,,,,,,,,,,,,,,,,,,,,,,
6,,4339,0.06753343343734741,0.03956219181418419,0.5002802610397339,0.011918449774384499,0.11648710072040558,0.010319354943931103,0.30164003372192383,0.01700136810541153,0.12281006574630737,0.0807022899389267,0.29277798533439636,0.6178708672523499,0.0043571712449193,2.1776106357574463,0.27251920104026794,,,,,,,,,,,,,,,
,0.00027332736166647115,4349,,,,,,,,,,,,,,,,,,,,,,,,,,,,,,
6,,4349,0.056391581892967224,0.03209356963634491,0.3941816985607147,0.006852563004940748,0.084222711622715,0.008356192149221897,0.23018385469913483,0.014661621302366257,0.11833347380161285,0.056444063782691956,0.24764207005500793,0.5108337998390198,0.003576205112040043,2.172586679458618,0.22449137270450592,,,,,,,,,,,,,,,
,0.0002731957508512568,4359,,,,,,,,,,,,,,,,,,,,,,,,,,,,,,
6,,4359,0.06707149744033813,0.042928725481033325,0.4929022192955017,0.0031299572438001633,0.11539839953184128,0.009458831511437893,0.275501549243927,0.013698702678084373,0.16280846297740936,0.08459366112947464,0.3261086940765381,0.6346831321716309,0.005521340295672417,2.1655495166778564,0.23527191579341888,,,,,,,,,,,,,,,
,0.0002730638479809665,4369,,,,,,,,,,,,,,,,,,,,,,,,,,,,,,
6,,4369,0.1063576266169548,0.05616031214594841,0.47916439175605774,0.006547780707478523,0.13869349658489227,0.02688872441649437,0.39920103549957275,0.022826753556728363,0.29051217436790466,0.09789485484361649,0.27907487750053406,0.8354925513267517,0.0023616314865648746,2.128147840499878,0.2514491677284241,,,,,,,,,,,,,,,
,0.000272931653368297,4379,,,,,,,,,,,,,,,,,,,,,,,,,,,,,,
6,,4379,0.07836534082889557,0.030035607516765594,0.40320122241973877,0.009592469781637192,0.10218733549118042,0.006960347294807434,0.3279029130935669,0.021322183310985565,0.23178647458553314,0.0890168771147728,0.24481068551540375,0.6702373623847961,0.005788138136267662,2.190011739730835,0.18757806718349457,,,,,,,,,,,,,,,
,0.0002727991673266365,4389,,,,,,,,,,,,,,,,,,,,,,,,,,,,,,
6,,4389,0.09731822460889816,0.04418526217341423,0.4345819652080536,0.006299528293311596,0.12251021713018417,0.011053535155951977,0.3705802261829376,0.0293966643512249,0.28466126322746277,0.08864374458789825,0.28777065873146057,0.7962464094161987,0.002218974521383643,2.160395860671997,0.2577071487903595,,,,,,,,,,,,,,,
,0.0002726663901700643,4399,,,,,,,,,,,,,,,,,,,,,,,,,,,,,,
6,,4399,0.07937486469745636,0.047853413969278336,0.3875701129436493,0.008984814397990704,0.08913452178239822,0.017925824970006943,0.2904239296913147,0.018406465649604797,0.2098846584558487,0.031358879059553146,0.2370416522026062,0.6232929229736328,0.004745945334434509,2.2287559509277344,0.16735509037971497,,,,,,,,,,,,,,,
,0.00027253332221334963,4409,,,,,,,,,,,,,,,,,,,,,,,,,,,,,,
6,,4409,0.09383809566497803,0.03637648746371269,0.39651137590408325,0.004759570118039846,0.0914522260427475,0.015552621334791183,0.249662846326828,0.02342512458562851,0.17559140920639038,0.068914033472538,0.27720558643341064,0.6193996667861938,0.0019232421182096004,2.2103381156921387,0.24814654886722565,,,,,,,,,,,,,,,
,0.00027239996377195123,4419,,,,,,,,,,,,,,,,,,,,,,,,,,,,,,
6,,4419,0.07285751402378082,0.03889195993542671,0.4755692780017853,0.009408256970345974,0.0907275453209877,0.004432600922882557,0.25990477204322815,0.013941394165158272,0.1618981510400772,0.050988711416721344,0.2772365212440491,0.5978626012802124,0.007129712961614132,2.1731605529785156,0.1928626298904419,,,,,,,,,,,,,,,
,0.0002722663151620165,4429,,,,,,,,,,,,,,,,,,,,,,,,,,,,,,
6,,4429,0.1037779152393341,0.04508257284760475,0.48305845260620117,0.004684902261942625,0.11605566740036011,0.015083951875567436,0.31479817628860474,0.020936306565999985,0.18495337665081024,0.0843595564365387,0.2775493562221527,0.683918833732605,0.003928744234144688,2.2153098583221436,0.2371891587972641,,,,,,,,,,,,,,,
,0.0002721323767003806,4439,,,,,,,,,,,,,,,,,,,,,,,,,,,,,,
6,,4439,0.10032934695482254,0.027606690302491188,0.35932087898254395,0.0046895332634449005,0.10940281301736832,0.018252462148666382,0.2869493067264557,0.023336973041296005,0.27333372831344604,0.07989558577537537,0.23953893780708313,0.6997962594032288,0.002984345657750964,2.2213265895843506,0.1944722682237625,,,,,,,,,,,,,,,
,0.00027199814870456593,4449,,,,,,,,,,,,,,,,,,,,,,,,,,,,,,
6,,4449,0.08478827774524689,0.04361365735530853,0.39133405685424805,0.008796180598437786,0.08845391124486923,0.00797068141400814,0.2474074363708496,0.015185846015810966,0.1787864714860916,0.07569066435098648,0.22940215468406677,0.5844560861587524,0.004979189019650221,2.1959166526794434,0.1809459626674652,,,,,,,,,,,,,,,
,0.00027186363149278125,4459,,,,,,,,,,,,,,,,,,,,,,,,,,,,,,
6,,4459,0.0792398452758789,0.04167536273598671,0.5094823241233826,0.009112194180488586,0.1222228854894638,0.01505650021135807,0.3607422113418579,0.018974516540765762,0.24193726480007172,0.05608778074383736,0.3146784007549286,0.7609846591949463,0.0057945032604038715,2.2132444381713867,0.254709929227829,,,,,,,,,,,,,,,
,0.00027172882538392093,4469,,,,,,,,,,,,,,,,,,,,,,,,,,,,,,
6,,4469,0.08516934514045715,0.030948815867304802,0.3716825246810913,0.010473130270838737,0.09587840735912323,0.010465779341757298,0.23409081995487213,0.014486734755337238,0.16308395564556122,0.06325346231460571,0.2682790160179138,0.5670263767242432,0.002531415084376931,2.133920192718506,0.19704404473304749,,,,,,,,,,,,,,,
,0.0002715937306975643,4479,,,,,,,,,,,,,,,,,,,,,,,,,,,,,,
6,,4479,0.07148706167936325,0.042603135108947754,0.3729977011680603,0.009877006523311138,0.11329780519008636,0.020987505093216896,0.2653651535511017,0.013217471539974213,0.20694036781787872,0.08969583362340927,0.23884987831115723,0.6216372847557068,0.0019874314311891794,2.22273850440979,0.1951569765806198,,,,,,,,,,,,,,,
,0.00027145834775397473,4489,,,,,,,,,,,,,,,,,,,,,,,,,,,,,,
6,,4489,0.06756119430065155,0.07915475964546204,0.38561737537384033,0.0037123633082956076,0.11109861731529236,0.005290450528264046,0.31058409810066223,0.010694965720176697,0.24856135249137878,0.08177618682384491,0.2647480070590973,0.6767491698265076,0.006297285668551922,2.2009470462799072,0.17691169679164886,,,,,,,,,,,,,,,
,0.000271322676874099,4499,,,,,,,,,,,,,,,,,,,,,,,,,,,,,,
6,,4499,0.09447299689054489,0.06996234506368637,0.392410546541214,0.011320507153868675,0.08660715818405151,0.02722758986055851,0.3533107042312622,0.019962608814239502,0.17016050219535828,0.06995199620723724,0.24137085676193237,0.6545537114143372,0.019713321700692177,2.226552724838257,0.19363971054553986,,,,,,,,,,,,,,,
,0.00027118671837956637,4509,,,,,,,,,,,,,,,,,,,,,,,,,,,,,,
6,,4509,0.10248726606369019,0.03816244378685951,0.40638408064842224,0.006856003776192665,0.10547012835741043,0.35322168469429016,0.3047909140586853,0.015279930084943771,0.20890574157238007,0.10134254395961761,0.26338616013526917,0.8394153714179993,0.006515010260045528,2.173187017440796,0.22126702964305878,,,,,,,,,,,,,,,
,0.0002710504725926881,4519,,,,,,,,,,,,,,,,,,,,,,,,,,,,,,
6,,4519,0.07773783802986145,0.05482498183846474,0.4873838722705841,0.005011364351958036,0.12648695707321167,0.020759938284754753,0.3338664174079895,0.02422502636909485,0.23589107394218445,0.07051655650138855,0.2826007008552551,0.7416800260543823,0.0017012797761708498,2.221634864807129,0.2509039342403412,,,,,,,,,,,,,,,
,0.0002709139398364564,4529,,,,,,,,,,,,,,,,,,,,,,,,,,,,,,
6,,4529,0.052826397120952606,0.05395498499274254,0.4463180601596832,0.00502985343337059,0.09871768951416016,0.011009464971721172,0.33397698402404785,0.011350162327289581,0.1490936428308487,0.058724693953990936,0.2783041298389435,0.6011247634887695,0.002250025514513254,2.1727023124694824,0.24454164505004883,,,,,,,,,,,,,,,
,0.0002707771204345439,4539,,,,,,,,,,,,,,,,,,,,,,,,,,,,,,
6,,4539,0.08430878818035126,0.05587012320756912,0.3682621419429779,0.003888939507305622,0.08180040866136551,0.015900539234280586,0.3044707775115967,0.023738820105791092,0.19475817680358887,0.07317552715539932,0.2484506219625473,0.6147580742835999,0.0017806990072131157,2.243981122970581,0.16808602213859558,,,,,,,,,,,,,,,
,0.0002706400147113026,4549,,,,,,,,,,,,,,,,,,,,,,,,,,,,,,
6,,4549,0.07463594526052475,0.06885296106338501,0.5377675890922546,0.014037232846021652,0.1172177791595459,0.01095200888812542,0.43899092078208923,0.02336690202355385,0.2795542776584625,0.05530097335577011,0.27826231718063354,0.8337004780769348,0.0044506811536848545,2.1609561443328857,0.25875386595726013,,,,,,,,,,,,,,,
,0.0002705026229917635,4559,,,,,,,,,,,,,,,,,,,,,,,,,,,,,,
6,,4559,0.07769885659217834,0.05200091749429703,0.29019415378570557,0.006948831491172314,0.07294348627328873,0.011218331754207611,0.2501838803291321,0.013599231839179993,0.12931059300899506,0.07531281560659409,0.19407589733600616,0.47818663716316223,0.003875819267705083,2.267831563949585,0.1374700963497162,,,,,,,,,,,,,,,
,0.00027036494560163534,4569,,,,,,,,,,,,,,,,,,,,,,,,,,,,,,
6,,4569,0.09561475366353989,0.038612764328718185,0.35563528537750244,0.004199966788291931,0.09349267184734344,0.04446880891919136,0.24546527862548828,0.02072184905409813,0.21652589738368988,0.06976719945669174,0.24788543581962585,0.6391769051551819,0.002480128314346075,2.1464622020721436,0.19429954886436462,,,,,,,,,,,,,,,
,0.00027022698286730435,4579,,,,,,,,,,,,,,,,,,,,,,,,,,,,,,
6,,4579,0.11292892694473267,0.046752434223890305,0.4392729103565216,0.007262811530381441,0.12838469445705414,0.011697548441588879,0.33625319600105286,0.013681713491678238,0.3413791060447693,0.03757385164499283,0.28963446617126465,0.8419097065925598,0.0018453829688951373,2.2067902088165283,0.28407394886016846,,,,,,,,,,,,,,,
,0.000270088735115833,4589,,,,,,,,,,,,,,,,,,,,,,,,,,,,,,
6,,4589,0.0909574031829834,0.03854314237833023,0.40496161580085754,0.00513805728405714,0.09298811852931976,0.015202218666672707,0.2933284044265747,0.02436540648341179,0.2351224571466446,0.06001369282603264,0.2650449872016907,0.6849572658538818,0.0020482188556343317,2.195742130279541,0.23235838115215302,,,,,,,,,,,,,,,
,0.0002699502026749595,4599,,,,,,,,,,,,,,,,,,,,,,,,,,,,,,
6,,4599,0.11190257966518402,0.06684967875480652,0.3861611783504486,0.006847458891570568,0.08342278003692627,0.026280442252755165,0.2910255193710327,0.014361776411533356,0.1485377550125122,0.05501320958137512,0.2564825713634491,0.6015315055847168,0.0044883061200380325,2.1987087726593018,0.20818592607975006,,,,,,,,,,,,,,,
,0.00026981138587309705,4609,,,,,,,,,,,,,,,,,,,,,,,,,,,,,,
6,,4609,0.07684072107076645,0.04487590864300728,0.49088379740715027,0.003918042406439781,0.09178273379802704,0.008847548626363277,0.26668256521224976,0.01695125550031662,0.14571122825145721,0.10167831927537918,0.26177355647087097,0.5911668539047241,0.0029747779481112957,2.165593147277832,0.18776367604732513,,,,,,,,,,,,,,,
,0.0002696722850393329,4619,,,,,,,,,,,,,,,,,,,,,,,,,,,,,,
6,,4619,0.06785203516483307,0.04061387479305267,0.44890737533569336,0.004776635207235813,0.12360274791717529,0.007265204098075628,0.36752793192863464,0.013306450098752975,0.27941158413887024,0.07447733730077744,0.2541792392730713,0.7421895265579224,0.002988021820783615,2.202836036682129,0.2281341254711151,,,,,,,,,,,,,,,
,0.0002695329005034276,4629,,,,,,,,,,,,,,,,,,,,,,,,,,,,,,
6,,4629,0.10710622370243073,0.04483455419540405,0.4854573905467987,0.004530132282525301,0.14197590947151184,0.03544848412275314,0.33346280455589294,0.02821347676217556,0.30217352509498596,0.07395519316196442,0.29040175676345825,0.8249461054801941,0.0010749554494395852,2.115713596343994,0.22024096548557281,,,,,,,,,,,,,,,
,0.0002693932325958143,4639,,,,,,,,,,,,,,,,,,,,,,,,,,,,,,
6,,4639,0.09012003988027573,0.05802619829773903,0.5516406297683716,0.007176075596362352,0.13602975010871887,0.008051957935094833,0.3480621576309204,0.016486454755067825,0.22908668220043182,0.08236479759216309,0.3199048638343811,0.7851892709732056,0.0030956321861594915,2.1324310302734375,0.3139898478984833,,,,,,,,,,,,,,,
,0.00026925328164759804,4649,,,,,,,,,,,,,,,,,,,,,,,,,,,,,,
6,,4649,0.0887237936258316,0.03396109491586685,0.339409738779068,0.0031307132449001074,0.08042674511671066,0.033015038818120956,0.21896857023239136,0.030949309468269348,0.23962530493736267,0.07911428809165955,0.2312193363904953,0.6380040645599365,0.004688585177063942,2.2308783531188965,0.16791188716888428,,,,,,,,,,,,,,,
,0.0002691130479905547,4659,,,,,,,,,,,,,,,,,,,,,,,,,,,,,,
6,,4659,0.06914684921503067,0.036258894950151443,0.37192389369010925,0.005220077000558376,0.11567339301109314,0.018042491748929024,0.23038189113140106,0.019732333719730377,0.1955500990152359,0.07415813952684402,0.2644750475883484,0.6062163710594177,0.0037412880919873714,2.226421594619751,0.20588214695453644,,,,,,,,,,,,,,,
,0.00026897253195713034,4669,,,,,,,,,,,,,,,,,,,,,,,,,,,,,,
6,,4669,0.044957805424928665,0.034323763102293015,0.4771168828010559,0.010336960665881634,0.09322752803564072,0.007826035842299461,0.28215813636779785,0.005932113155722618,0.13662472367286682,0.0555189810693264,0.23909497261047363,0.5555550456047058,0.006654034368693829,2.1942555904388428,0.20919132232666016,,,,,,,,,,,,,,,
,0.00026883173388044066,4679,,,,,,,,,,,,,,,,,,,,,,,,,,,,,,
6,,4679,0.11318478733301163,0.03776021674275398,0.3728690445423126,0.005916963797062635,0.11273778975009918,0.00906543992459774,0.28604406118392944,0.021076805889606476,0.22995389997959137,0.10901599377393723,0.28564274311065674,0.6923031806945801,0.004742602352052927,2.12380313873291,0.23115520179271698,,,,,,,,,,,,,,,
,0.00026869065409426966,4689,,,,,,,,,,,,,,,,,,,,,,,,,,,,,,
6,,4689,0.08434904366731644,0.03044493868947029,0.3631223738193512,0.004464973695576191,0.08392027765512466,0.007818028330802917,0.26343032717704773,0.00956244207918644,0.1498444825410843,0.06279339641332626,0.2620306611061096,0.537638247013092,0.0013124101096764207,2.124453067779541,0.1886429637670517,,,,,,,,,,,,,,,
,0.0002685492929330695,4699,,,,,,,,,,,,,,,,,,,,,,,,,,,,,,
6,,4699,0.07217474281787872,0.04086718335747719,0.3603338301181793,0.009245430119335651,0.07444661110639572,0.015012734569609165,0.23992754518985748,0.010068085044622421,0.11655750125646591,0.05632061883807182,0.24971960484981537,0.5068479776382446,0.008795438334345818,2.2313742637634277,0.19051727652549744,,,,,,,,,,,,,,,
,0.0002684076507319592,4709,,,,,,,,,,,,,,,,,,,,,,,,,,,,,,
6,,4709,0.08821829408407211,0.02258153073489666,0.4030129313468933,0.005972240585833788,0.08699222654104233,0.00546538969501853,0.21918803453445435,0.010121719911694527,0.1828058362007141,0.03413726016879082,0.2511376142501831,0.5768871903419495,0.0017830176511779428,2.1022911071777344,0.22510959208011627,,,,,,,,,,,,,,,
,0.00026826572782672414,4719,,,,,,,,,,,,,,,,,,,,,,,,,,,,,,
6,,4719,0.09689073264598846,0.044628214091062546,0.473392128944397,0.007724156603217125,0.11945708096027374,0.01782079041004181,0.3717505633831024,0.021201923489570618,0.23951280117034912,0.11107373237609863,0.2772921919822693,0.7588031888008118,0.0037035918794572353,2.164156436920166,0.24838201701641083,,,,,,,,,,,,,,,
,0.00026812352455381493,4729,,,,,,,,,,,,,,,,,,,,,,,,,,,,,,
6,,4729,0.09260639548301697,0.04779444634914398,0.45346876978874207,0.0009998934110626578,0.12400104850530624,0.016981709748506546,0.30709269642829895,0.01251285895705223,0.3056600093841553,0.05240865424275398,0.2921445667743683,0.7904558181762695,0.003329262137413025,2.2614047527313232,0.2797921299934387,,,,,,,,,,,,,,,
,0.00026798104125034714,4739,,,,,,,,,,,,,,,,,,,,,,,,,,,,,,
6,,4739,0.07825051248073578,0.03540968894958496,0.3773554265499115,0.017147080972790718,0.10590684413909912,0.009552315808832645,0.24561172723770142,0.01985142007470131,0.24273216724395752,0.0392506942152977,0.24061277508735657,0.6642230749130249,0.009941136464476585,2.200051784515381,0.2046315222978592,,,,,,,,,,,,,,,
,0.00026783827825409994,4749,,,,,,,,,,,,,,,,,,,,,,,,,,,,,,
6,,4749,0.13673146069049835,0.03991817310452461,0.4332396686077118,0.01621616818010807,0.12679700553417206,0.01683087646961212,0.29244452714920044,0.0277650598436594,0.2598510682582855,0.07938199490308762,0.32030418515205383,0.7886114716529846,0.0018488309578970075,2.1835503578186035,0.2647716701030731,,,,,,,,,,,,,,,
,0.0002676952359035158,4759,,,,,,,,,,,,,,,,,,,,,,,,,,,,,,
6,,4759,0.06494174152612686,0.06921879202127457,0.45127949118614197,0.006903328001499176,0.08972546458244324,0.014158150181174278,0.3052964210510254,0.023194245994091034,0.15096451342105865,0.034233544021844864,0.2641156315803528,0.602491021156311,0.0007963430252857506,2.2399017810821533,0.20432540774345398,,,,,,,,,,,,,,,
,0.00026755191453769914,4769,,,,,,,,,,,,,,,,,,,,,,,,,,,,,,
6,,4769,0.07474526017904282,0.04333597794175148,0.3908562958240509,0.011534592136740685,0.09093282371759415,0.01235807966440916,0.3008595407009125,0.01113579049706459,0.1675781011581421,0.08599365502595901,0.24482356011867523,0.5838462710380554,0.003064086427912116,2.1447737216949463,0.17526283860206604,,,,,,,,,,,,,,,
,0.0002674083144964161,4779,,,,,,,,,,,,,,,,,,,,,,,,,,,,,,
6,,4779,0.07449119538068771,0.064969003200531,0.44505575299263,0.00845110323280096,0.08808296918869019,0.02312496118247509,0.26092690229415894,0.008731426671147346,0.12052357196807861,0.06947658956050873,0.30141428112983704,0.5571123957633972,0.00288057466968894,2.170393705368042,0.16752177476882935,,,,,,,,,,,,,,,
,0.00026726443612009346,4789,,,,,,,,,,,,,,,,,,,,,,,,,,,,,,
6,,4789,0.07312648743391037,0.06330892443656921,0.3825863003730774,0.00950863678008318,0.09543883800506592,0.012277871370315552,0.2882625162601471,0.019926199689507484,0.21488367021083832,0.08625880628824234,0.27272918820381165,0.6545461416244507,0.0017570025520399213,2.1539783477783203,0.2075301855802536,,,,,,,,,,,,,,,
,0.0002671202797498175,4799,,,,,,,,,,,,,,,,,,,,,,,,,,,,,,
6,,4799,0.10237307101488113,0.05000938102602959,0.39179515838623047,0.008713433519005775,0.11003536731004715,0.009657024405896664,0.2947981059551239,0.028410695493221283,0.23727303743362427,0.11075437813997269,0.28907302021980286,0.7181129455566406,0.001774426898919046,2.212207078933716,0.24249275028705597,,,,,,,,,,,,,,,
,0.000266975845727334,4809,,,,,,,,,,,,,,,,,,,,,,,,,,,,,,
6,,4809,0.06173061579465866,0.046060334891080856,0.3569348156452179,0.007206589449197054,0.086664117872715,0.01120150275528431,0.2444240301847458,0.010434849187731743,0.11633464694023132,0.09725286066532135,0.23916533589363098,0.5017253756523132,0.006804099306464195,2.207674264907837,0.17927168309688568,,,,,,,,,,,,,,,
,0.0002668311343950466,4819,,,,,,,,,,,,,,,,,,,,,,,,,,,,,,
6,,4819,0.11011113971471786,0.052952155470848083,0.39152300357818604,0.013512871228158474,0.09434974938631058,0.01666274666786194,0.2912503182888031,0.008365661837160587,0.19484800100326538,0.06269639730453491,0.2525162994861603,0.6381638646125793,0.007153306156396866,2.113896608352661,0.18650510907173157,,,,,,,,,,,,,,,
,0.0002666861460960165,4829,,,,,,,,,,,,,,,,,,,,,,,,,,,,,,
6,,4829,0.11096905171871185,0.02862129546701908,0.3349461257457733,0.0036441872362047434,0.0976526066660881,0.0278762336820364,0.22858762741088867,0.015590192750096321,0.22580015659332275,0.06723331660032272,0.23975422978401184,0.6445120573043823,0.018762042745947838,2.1895999908447266,0.1992150843143463,,,,,,,,,,,,,,,
,0.00026654088117396155,4839,,,,,,,,,,,,,,,,,,,,,,,,,,,,,,
6,,4839,0.0935230553150177,0.05168256163597107,0.3614996075630188,0.0013740182621404529,0.08888036012649536,0.01664465293288231,0.21853792667388916,0.015791364014148712,0.17895294725894928,0.06664972007274628,0.23323014378547668,0.5735039114952087,0.0011822814121842384,2.139219045639038,0.19499492645263672,,,,,,,,,,,,,,,
,0.0002663953399732551,4849,,,,,,,,,,,,,,,,,,,,,,,,,,,,,,
6,,4849,0.07902265340089798,0.05025116354227066,0.4808564782142639,0.01149500161409378,0.11579635739326477,0.01689995266497135,0.35636794567108154,0.007963605225086212,0.15024372935295105,0.09302423149347305,0.2929924726486206,0.6488891839981079,0.002216503955423832,2.1998722553253174,0.24686144292354584,,,,,,,,,,,,,,,
,0.0002662495228389259,4859,,,,,,,,,,,,,,,,,,,,,,,,,,,,,,
6,,4859,0.06517728418111801,0.03633718192577362,0.3780214786529541,0.00489956745877862,0.06876654922962189,0.023965585976839066,0.2637178897857666,0.01384836994111538,0.15906761586666107,0.06289492547512054,0.2181035429239273,0.5324297547340393,0.004610022995620966,2.1725478172302246,0.13771779835224152,,,,,,,,,,,,,,,
6,,4864,,,,,,,,,,,,,,,,0.1811603456735611,0.02309959940612316,0.25760477781295776,0.005859960801899433,0.06851132959127426,0.0020755708683282137,0.1473291516304016,0.020351501181721687,0.18226777017116547,0.06077950447797775,0.18075677752494812,0.5334742069244385,0.00837539229542017,2.1023101806640625,0.13083972036838531
,0.0002661034301166565,4869,,,,,,,,,,,,,,,,,,,,,,,,,,,,,,
7,,4869,0.07861209660768509,0.0742567852139473,0.480759859085083,0.01015558373183012,0.11674317717552185,0.011608674190938473,0.3441883623600006,0.016627278178930283,0.20814642310142517,0.09419919550418854,0.28348270058631897,0.7198367118835449,0.008417815901339054,2.1416471004486084,0.23796413838863373,,,,,,,,,,,,,,,
,0.00026595706215278285,4879,,,,,,,,,,,,,,,,,,,,,,,,,,,,,,
7,,4879,0.08749818056821823,0.05671767145395279,0.4640901982784271,0.005001779180020094,0.08195047080516815,0.011233437806367874,0.3069157600402832,0.015597181394696236,0.13172659277915955,0.09545345604419708,0.26928120851516724,0.5958752632141113,0.005506753921508789,2.2756924629211426,0.20457398891448975,,,,,,,,,,,,,,,
,0.0002658104192942934,4889,,,,,,,,,,,,,,,,,,,,,,,,,,,,,,
7,,4889,0.08127817511558533,0.026923049241304398,0.3303634226322174,0.0035049624275416136,0.0993746742606163,0.009005965664982796,0.20816057920455933,0.012613214552402496,0.14584510028362274,0.09132898598909378,0.26843878626823425,0.5287654399871826,0.001549332868307829,2.126115560531616,0.2198718935251236,,,,,,,,,,,,,,,
,0.0002656635018888284,4899,,,,,,,,,,,,,,,,,,,,,,,,,,,,,,
7,,4899,0.08126692473888397,0.036355968564748764,0.38649147748947144,0.006416443269699812,0.08947265148162842,0.009731581434607506,0.24444177746772766,0.02062283083796501,0.20884180068969727,0.045474227517843246,0.2463696449995041,0.6058090925216675,0.002036001067608595,2.1930694580078125,0.17443077266216278,,,,,,,,,,,,,,,
,0.0002655163102846789,4909,,,,,,,,,,,,,,,,,,,,,,,,,,,,,,
7,,4909,0.10656139999628067,0.03629358112812042,0.46217232942581177,0.004186459816992283,0.1274164617061615,0.015186486765742302,0.272037148475647,0.018769152462482452,0.23934009671211243,0.06538932770490646,0.2829160988330841,0.7295076251029968,0.005416665691882372,2.149672746658325,0.2716570496559143,,,,,,,,,,,,,,,
,0.0002653688448307858,4919,,,,,,,,,,,,,,,,,,,,,,,,,,,,,,
7,,4919,0.07703450322151184,0.047409530729055405,0.42150092124938965,0.00394587405025959,0.09439567476511002,0.028381353244185448,0.3143370747566223,0.015207734890282154,0.15804171562194824,0.06603831797838211,0.2623567581176758,0.6190475821495056,0.021238215267658234,2.1715304851531982,0.19310565292835236,,,,,,,,,,,,,,,
,0.0002652211058767395,4929,,,,,,,,,,,,,,,,,,,,,,,,,,,,,,
7,,4929,0.10494489222764969,0.033911120146512985,0.3932720422744751,0.006804911885410547,0.12672412395477295,0.020145602524280548,0.262012243270874,0.01602339744567871,0.31340649724006653,0.07202152907848358,0.27777740359306335,0.781442403793335,0.009484524838626385,2.2571911811828613,0.26029661297798157,,,,,,,,,,,,,,,
,0.00026507309377277866,4939,,,,,,,,,,,,,,,,,,,,,,,,,,,,,,
7,,4939,0.07067593187093735,0.04018141329288483,0.37920570373535156,0.006051455158740282,0.09169158339500427,0.01730508543550968,0.2710382342338562,0.009533923119306564,0.1332509070634842,0.09024281054735184,0.2601161301136017,0.5370058417320251,0.0012452203081920743,2.157621145248413,0.18952491879463196,,,,,,,,,,,,,,,
,0.00026492480886978933,4949,,,,,,,,,,,,,,,,,,,,,,,,,,,,,,
7,,4949,0.09609992802143097,0.07828187197446823,0.49534642696380615,0.006566043943166733,0.1012367457151413,0.020650941878557205,0.3697713315486908,0.01912103220820427,0.2133295238018036,0.07525689899921417,0.26434525847435,0.7400133609771729,0.004807560238987207,2.1570746898651123,0.253291517496109,,,,,,,,,,,,,,,
,0.0002647762515193045,4959,,,,,,,,,,,,,,,,,,,,,,,,,,,,,,
7,,4959,0.08354763686656952,0.044190190732479095,0.42622095346450806,0.002959626726806164,0.08862289041280746,0.01233748346567154,0.28335079550743103,0.014926302246749401,0.1456516534090042,0.0742984190583229,0.2518513798713684,0.5659661293029785,0.0013158328365534544,2.163975954055786,0.17706447839736938,,,,,,,,,,,,,,,
,0.0002646274220735028,4969,,,,,,,,,,,,,,,,,,,,,,,,,,,,,,
7,,4969,0.12412436306476593,0.0303681381046772,0.36207711696624756,0.0013980403309687972,0.09616128355264664,0.011713212355971336,0.2486872673034668,0.026455849409103394,0.23742860555648804,0.06191990152001381,0.24505488574504852,0.6537147760391235,0.002642879029735923,2.1870055198669434,0.17529694736003876,,,,,,,,,,,,,,,
,0.00026447832088520823,4979,,,,,,,,,,,,,,,,,,,,,,,,,,,,,,
7,,4979,0.12004587054252625,0.040976632386446,0.35409143567085266,0.010080450214445591,0.0891677513718605,0.023621609434485435,0.20559540390968323,0.012472100555896759,0.16366006433963776,0.09890920668840408,0.2649272382259369,0.5979191660881042,0.0015918293502181768,2.1393370628356934,0.24716748297214508,,,,,,,,,,,,,,,
,0.0002643289483078888,4989,,,,,,,,,,,,,,,,,,,,,,,,,,,,,,
7,,4989,0.0965551882982254,0.06508249044418335,0.3968483805656433,0.0050827935338020325,0.09366922080516815,0.01443484053015709,0.3337159752845764,0.025205416604876518,0.22425027191638947,0.06512360274791718,0.2779443860054016,0.6926293969154358,0.004102762322872877,2.1936299800872803,0.2040061503648758,,,,,,,,,,,,,,,
,0.0002641793046956557,4999,,,,,,,,,,,,,,,,,,,,,,,,,,,,,,
7,,4999,0.07046014815568924,0.03965155780315399,0.3735617995262146,0.004430832806974649,0.0657987967133522,0.007914022542536259,0.2311469167470932,0.01466742530465126,0.10018520802259445,0.06646373122930527,0.25440892577171326,0.47238874435424805,0.0021362591069191694,2.1307852268218994,0.16255013644695282,,,,,,,,,,,,,,,
,0.00026402939040326315,5009,,,,,,,,,,,,,,,,,,,,,,,,,,,,,,
7,,5009,0.06871054321527481,0.03356855735182762,0.3558160662651062,0.0036831756588071585,0.09013243019580841,0.005352912005037069,0.21626080572605133,0.014080842956900597,0.11672323942184448,0.07953503727912903,0.2576177418231964,0.4960583746433258,0.002940206089988351,2.1581623554229736,0.20458272099494934,,,,,,,,,,,,,,,
,0.0002638792057861065,5019,,,,,,,,,,,,,,,,,,,,,,,,,,,,,,
7,,5019,0.10043317079544067,0.09626102447509766,0.47129371762275696,0.013299900107085705,0.09672632813453674,0.02828601375222206,0.3118461072444916,0.018961314111948013,0.15458838641643524,0.0747816413640976,0.2667347192764282,0.6719894409179688,0.005176783539354801,2.191220998764038,0.23001205921173096,,,,,,,,,,,,,,,
,0.0002637287512002224,5029,,,,,,,,,,,,,,,,,,,,,,,,,,,,,,
7,,5029,0.09931090474128723,0.029933828860521317,0.3673478960990906,0.008306866511702538,0.10840117186307907,0.013398735783994198,0.25355181097984314,0.016059676185250282,0.24090667068958282,0.07709933817386627,0.2501525580883026,0.6693646311759949,0.0012521183816716075,2.2032687664031982,0.24074316024780273,,,,,,,,,,,,,,,
,0.0002635780270022872,5039,,,,,,,,,,,,,,,,,,,,,,,,,,,,,,
7,,5039,0.08575426787137985,0.0569002740085125,0.3933463990688324,0.006058966740965843,0.08950716257095337,0.02669702097773552,0.24159452319145203,0.012361845001578331,0.1717303991317749,0.03585412725806236,0.2586212158203125,0.5949809551239014,0.002377601806074381,2.155714511871338,0.2186155766248703,,,,,,,,,,,,,,,
,0.00026342703354961664,5049,,,,,,,,,,,,,,,,,,,,,,,,,,,,,,
7,,5049,0.11780333518981934,0.04775490239262581,0.4505208134651184,0.003908821381628513,0.12342321872711182,0.11557777971029282,0.3448956310749054,0.02869204431772232,0.26497340202331543,0.07438617199659348,0.29525572061538696,0.833810567855835,0.0032124242279678583,2.167436122894287,0.24928759038448334,,,,,,,,,,,,,,,
,0.0002632757712001646,5059,,,,,,,,,,,,,,,,,,,,,,,,,,,,,,
7,,5059,0.12543870508670807,0.0416940338909626,0.3830522298812866,0.010239459574222565,0.1255047470331192,0.00721761817112565,0.3519744873046875,0.020984448492527008,0.3371601998806,0.0559760220348835,0.2504919767379761,0.8156965970993042,0.0018480131402611732,2.168750762939453,0.23226121068000793,,,,,,,,,,,,,,,
,0.00026312424031252243,5069,,,,,,,,,,,,,,,,,,,,,,,,,,,,,,
7,,5069,0.0949835330247879,0.04022660851478577,0.3964616656303406,0.004065799526870251,0.10380914062261581,0.08553735166788101,0.33525219559669495,0.028744541108608246,0.30207881331443787,0.062176093459129333,0.2543238401412964,0.7954630851745605,0.0017079830868169665,2.1709301471710205,0.21206620335578918,,,,,,,,,,,,,,,
,0.00026297244124591826,5079,,,,,,,,,,,,,,,,,,,,,,,,,,,,,,
7,,5079,0.10402629524469376,0.0351601243019104,0.3469558656215668,0.006582976784557104,0.09746232628822327,0.029545994475483894,0.24441955983638763,0.03160736709833145,0.27131006121635437,0.07255293428897858,0.2549891769886017,0.7172450423240662,0.005735825747251511,2.1718320846557617,0.23240189254283905,,,,,,,,,,,,,,,
,0.00026282037436021577,5089,,,,,,,,,,,,,,,,,,,,,,,,,,,,,,
7,,5089,0.07079867273569107,0.04874495416879654,0.4226241111755371,0.002446073805913329,0.0881202444434166,0.010730929672718048,0.2635854482650757,0.020083047449588776,0.20764465630054474,0.04295473173260689,0.27428773045539856,0.624608039855957,0.0027219445910304785,2.201683759689331,0.18478377163410187,,,,,,,,,,,,,,,
,0.00026266804001591373,5099,,,,,,,,,,,,,,,,,,,,,,,,,,,,,,
7,,5099,0.09112896770238876,0.05605858936905861,0.400520384311676,0.008996718563139439,0.09947404265403748,0.030496638268232346,0.3073011040687561,0.018655870109796524,0.20704402029514313,0.05871250480413437,0.2622152864933014,0.6744647026062012,0.0015402946155518293,2.152552604675293,0.23963916301727295,,,,,,,,,,,,,,,
,0.0002625154385741447,5109,,,,,,,,,,,,,,,,,,,,,,,,,,,,,,
7,,5109,0.11687039583921432,0.05553663149476051,0.4615495502948761,0.011794022284448147,0.11806647479534149,0.01422120165079832,0.3192330002784729,0.024231791496276855,0.2612142860889435,0.08895751088857651,0.2823188900947571,0.7941409349441528,0.00612716656178236,2.184020519256592,0.28471997380256653,,,,,,,,,,,,,,,
,0.00026236257039667486,5119,,,,,,,,,,,,,,,,,,,,,,,,,,,,,,
7,,5119,0.055708546191453934,0.042398083955049515,0.4188576936721802,0.007879301905632019,0.0669880136847496,0.015474474057555199,0.25784164667129517,0.012146581895649433,0.14344985783100128,0.05506550148129463,0.22906024754047394,0.5258758664131165,0.0017357512842863798,2.248722553253174,0.15725667774677277,,,,,,,,,,,,,,,
,0.0002622094358459023,5129,,,,,,,,,,,,,,,,,,,,,,,,,,,,,,
7,,5129,0.08781158179044724,0.04321349412202835,0.4040347635746002,0.004132973961532116,0.10272522270679474,0.007148263975977898,0.2875862419605255,0.01483919471502304,0.21276456117630005,0.06611521542072296,0.29154279828071594,0.6636375188827515,0.005435566417872906,2.1660876274108887,0.24895258247852325,,,,,,,,,,,,,,,
,0.00026205603528485684,5139,,,,,,,,,,,,,,,,,,,,,,,,,,,,,,
7,,5139,0.0789719671010971,0.041703011840581894,0.39103326201438904,0.0026346996892243624,0.09688673913478851,0.008875655941665173,0.2540970742702484,0.025212513282895088,0.2015186846256256,0.04129798710346222,0.25673121213912964,0.6118133664131165,0.0017863078974187374,2.1663544178009033,0.19153082370758057,,,,,,,,,,,,,,,
,0.00026190236907719887,5149,,,,,,,,,,,,,,,,,,,,,,,,,,,,,,
7,,5149,0.062221553176641464,0.049826446920633316,0.39532607793807983,0.007429355755448341,0.08781744539737701,0.02424086071550846,0.2774551510810852,0.009029444307088852,0.1303502470254898,0.07046926021575928,0.24696947634220123,0.5471367239952087,0.0031649526208639145,2.207200288772583,0.21373572945594788,,,,,,,,,,,,,,,
,0.00026174843758721843,5159,,,,,,,,,,,,,,,,,,,,,,,,,,,,,,
7,,5159,0.07034161686897278,0.05380236729979515,0.39137423038482666,0.00697722053155303,0.08587281405925751,0.008424687199294567,0.2589765191078186,0.0160374715924263,0.16329404711723328,0.0646175816655159,0.24787428975105286,0.5763289928436279,0.003909499850124121,2.190040349960327,0.2077149599790573,,,,,,,,,,,,,,,
,0.0002615942411798346,5169,,,,,,,,,,,,,,,,,,,,,,,,,,,,,,
7,,5169,0.08232226222753525,0.035932689905166626,0.34997475147247314,0.002119921613484621,0.06838622689247131,0.028057903051376343,0.19753533601760864,0.009587207809090614,0.15366922318935394,0.0506407730281353,0.2295055240392685,0.5127053260803223,0.002059080870822072,2.116485357284546,0.16912230849266052,,,,,,,,,,,,,,,
,0.00026143978022059443,5179,,,,,,,,,,,,,,,,,,,,,,,,,,,,,,
7,,5179,0.0669228658080101,0.02898557297885418,0.3425016403198242,0.002613592427223921,0.0672263577580452,0.01622638665139675,0.19088929891586304,0.008639136329293251,0.09943311661481857,0.03655282035470009,0.21823757886886597,0.42127135396003723,0.0004097761702723801,2.155329704284668,0.13532328605651855,,,,,,,,,,,,,,,
,0.00026128505507567215,5189,,,,,,,,,,,,,,,,,,,,,,,,,,,,,,
7,,5189,0.09845928102731705,0.037073615938425064,0.32838258147239685,0.01628355123102665,0.10215412080287933,0.012932014651596546,0.2795717716217041,0.023129068315029144,0.2355959713459015,0.0731000006198883,0.22773174941539764,0.6561819911003113,0.005491805262863636,2.2246668338775635,0.18232981860637665,,,,,,,,,,,,,,,
,0.0002611300661118683,5199,,,,,,,,,,,,,,,,,,,,,,,,,,,,,,
7,,5199,0.06505906581878662,0.0707661509513855,0.45497918128967285,0.010124838910996914,0.08769106864929199,0.013012614101171494,0.2838222086429596,0.014747537672519684,0.14756760001182556,0.08456109464168549,0.26261138916015625,0.5967517495155334,0.001436004415154457,2.1835007667541504,0.20318323373794556,,,,,,,,,,,,,,,
,0.00026097481369660865,5209,,,,,,,,,,,,,,,,,,,,,,,,,,,,,,
7,,5209,0.06256361305713654,0.04581538215279579,0.4493611454963684,0.005026991944760084,0.10323750972747803,0.0244057048112154,0.25321686267852783,0.012101903557777405,0.14294612407684326,0.03834926337003708,0.2688228487968445,0.57616126537323,0.005212882068008184,2.145249128341675,0.21874551475048065,,,,,,,,,,,,,,,
,0.0002608192981979439,5219,,,,,,,,,,,,,,,,,,,,,,,,,,,,,,
7,,5219,0.08628720790147781,0.043087877333164215,0.41284626722335815,0.011911929585039616,0.09754055738449097,0.016096968203783035,0.27553579211235046,0.015596026554703712,0.1944052129983902,0.08128773421049118,0.2814878821372986,0.6411283612251282,0.008637160994112492,2.0992586612701416,0.1884569376707077,,,,,,,,,,,,,,,
,0.0002606635199845481,5229,,,,,,,,,,,,,,,,,,,,,,,,,,,,,,
7,,5229,0.08285786956548691,0.07561566680669785,0.4347870647907257,0.004960361402481794,0.10490230470895767,0.031405117362737656,0.3247297406196594,0.016141407191753387,0.18690475821495056,0.062174465507268906,0.2481178641319275,0.6555595993995667,0.0007528812275268137,2.145482301712036,0.20876197516918182,,,,,,,,,,,,,,,
,0.0002605074794257182,5239,,,,,,,,,,,,,,,,,,,,,,,,,,,,,,
7,,5239,0.06534285843372345,0.07894507050514221,0.4435290992259979,0.005834798328578472,0.10150370001792908,0.01996244303882122,0.29241305589675903,0.02230820432305336,0.18657639622688293,0.08693532645702362,0.26166465878486633,0.6567870378494263,0.003892212174832821,2.178546190261841,0.22344553470611572,,,,,,,,,,,,,,,
,0.00026035117689137316,5249,,,,,,,,,,,,,,,,,,,,,,,,,,,,,,
7,,5249,0.05703677982091904,0.0324941910803318,0.3587430715560913,0.0043281870894134045,0.08506356924772263,0.011532502248883247,0.23531386256217957,0.011582721956074238,0.09379890561103821,0.07331263273954391,0.26661062240600586,0.4683159589767456,0.00379569991491735,2.1181280612945557,0.1849726438522339,,,,,,,,,,,,,,,
,0.000260194612752053,5259,,,,,,,,,,,,,,,,,,,,,,,,,,,,,,
7,,5259,0.03665672987699509,0.025642938911914825,0.3638134002685547,0.0030117302667349577,0.0881979838013649,0.02522381581366062,0.16829951107501984,0.017658613622188568,0.16932806372642517,0.07860952615737915,0.2551102042198181,0.5305780172348022,0.000763622228987515,2.179537296295166,0.20845559239387512,,,,,,,,,,,,,,,
,0.00026003778737891767,5269,,,,,,,,,,,,,,,,,,,,,,,,,,,,,,
7,,5269,0.07905983924865723,0.05854777991771698,0.4412062168121338,0.003989350516349077,0.08814315497875214,0.009559981524944305,0.30584290623664856,0.017875179648399353,0.20950135588645935,0.07155226916074753,0.25911152362823486,0.6722362637519836,0.006352564319968224,2.190460443496704,0.24458442628383636,,,,,,,,,,,,,,,
,0.0002598807011437467,5279,,,,,,,,,,,,,,,,,,,,,,,,,,,,,,
7,,5279,0.13948006927967072,0.06609243154525757,0.501650869846344,0.0033467186149209738,0.1075962707400322,0.014750027097761631,0.3643113374710083,0.0249885693192482,0.26089751720428467,0.09251942485570908,0.28584855794906616,0.8127312064170837,0.003690635086968541,2.172943353652954,0.25578615069389343,,,,,,,,,,,,,,,
,0.00025972335441893805,5289,,,,,,,,,,,,,,,,,,,,,,,,,,,,,,
7,,5289,0.04912428557872772,0.051890626549720764,0.4977984130382538,0.0019523829687386751,0.09397535771131516,0.009950986132025719,0.3268391788005829,0.006208932958543301,0.09558452665805817,0.021864643320441246,0.25755560398101807,0.5335915088653564,0.0025279608089476824,2.172881841659546,0.22563299536705017,,,,,,,,,,,,,,,
,0.00025956574757750696,5299,,,,,,,,,,,,,,,,,,,,,,,,,,,,,,
7,,5299,0.0965493842959404,0.0350281186401844,0.37627360224723816,0.006078451871871948,0.08946594595909119,0.01199868880212307,0.30183127522468567,0.019208867102861404,0.2508407533168793,0.09194444119930267,0.23310011625289917,0.6661313772201538,0.0019736208487302065,2.252643346786499,0.16208778321743011,,,,,,,,,,,,,,,
,0.00025940788099308547,5309,,,,,,,,,,,,,,,,,,,,,,,,,,,,,,
7,,5309,0.07974843680858612,0.04453640058636665,0.3387300968170166,0.006080694496631622,0.07868368178606033,0.011831706389784813,0.23062096536159515,0.01812993362545967,0.20646077394485474,0.09321407228708267,0.24774286150932312,0.5834954977035522,0.0024162239860743284,2.1943607330322266,0.14775802195072174,,,,,,,,,,,,,,,
,0.0002592497550399214,5319,,,,,,,,,,,,,,,,,,,,,,,,,,,,,,
7,,5319,0.10470658540725708,0.033377692103385925,0.35855355858802795,0.010492565110325813,0.07644564658403397,0.01810985803604126,0.24867743253707886,0.01565774716436863,0.1614995002746582,0.07705726474523544,0.24822492897510529,0.5836405754089355,0.012845607474446297,2.190128803253174,0.19445158541202545,,,,,,,,,,,,,,,
,0.0002590913700928774,5329,,,,,,,,,,,,,,,,,,,,,,,,,,,,,,
7,,5329,0.054577432572841644,0.028829172253608704,0.32305166125297546,0.0022799510043114424,0.08556931465864182,0.00787923950701952,0.23197245597839355,0.013036143966019154,0.1577564924955368,0.06172296404838562,0.21398118138313293,0.49822404980659485,0.005522517487406731,2.2200334072113037,0.16171103715896606,,,,,,,,,,,,,,,
,0.00025893272652743014,5339,,,,,,,,,,,,,,,,,,,,,,,,,,,,,,
7,,5339,0.10304014384746552,0.06066976115107536,0.37902623414993286,0.005401297938078642,0.08187391608953476,0.008237820118665695,0.2758798599243164,0.01569630205631256,0.14902693033218384,0.058169856667518616,0.24446208775043488,0.5690735578536987,0.003790040034800768,2.191293716430664,0.18162602186203003,,,,,,,,,,,,,,,
,0.00025877382471966936,5349,,,,,,,,,,,,,,,,,,,,,,,,,,,,,,
7,,5349,0.058796968311071396,0.04031287133693695,0.3597770035266876,0.009445133619010448,0.09814301133155823,0.008266364224255085,0.24009425938129425,0.024940747767686844,0.18616175651550293,0.08165252208709717,0.25275999307632446,0.593809962272644,0.0025554888416081667,2.1020634174346924,0.21919222176074982,,,,,,,,,,,,,,,
,0.00025861466504629695,5359,,,,,,,,,,,,,,,,,,,,,,,,,,,,,,
7,,5359,0.10951092094182968,0.03766166418790817,0.3942384123802185,0.009063181467354298,0.12370355427265167,0.010428127832710743,0.2554134428501129,0.018133290112018585,0.23981204628944397,0.06159184128046036,0.2532839775085449,0.6901607513427734,0.0057563334703445435,2.172471761703491,0.23138467967510223,,,,,,,,,,,,,,,
,0.0002584552478846263,5369,,,,,,,,,,,,,,,,,,,,,,,,,,,,,,
7,,5369,0.10964436829090118,0.029445568099617958,0.35047903656959534,0.008088260889053345,0.09822649508714676,0.013414926826953888,0.20219716429710388,0.01979660801589489,0.18556760251522064,0.06555789709091187,0.26774996519088745,0.5974066257476807,0.0017341704806312919,2.153343677520752,0.21759597957134247,,,,,,,,,,,,,,,
,0.0002582955736125809,5379,,,,,,,,,,,,,,,,,,,,,,,,,,,,,,
7,,5379,0.10202945023775101,0.05446268618106842,0.45338836312294006,0.0061006671749055386,0.12005721032619476,0.02772967889904976,0.3071120083332062,0.02107098512351513,0.2650632858276367,0.05926937237381935,0.2733442485332489,0.7592920064926147,0.004206656012684107,2.2290525436401367,0.23272587358951569,,,,,,,,,,,,,,,
,0.00025813564260869417,5389,,,,,,,,,,,,,,,,,,,,,,,,,,,,,,
7,,5389,0.07923131436109543,0.044815272092819214,0.3439393937587738,0.0025596499908715487,0.08177710324525833,0.0062700253911316395,0.2088521122932434,0.014959661290049553,0.17556044459342957,0.04500667750835419,0.2474355250597,0.5385969281196594,0.0023432443849742413,2.223184585571289,0.16806632280349731,,,,,,,,,,,,,,,
,0.00025797545525210774,5399,,,,,,,,,,,,,,,,,,,,,,,,,,,,,,
7,,5399,0.07403607666492462,0.040746718645095825,0.36188194155693054,0.007968079298734665,0.06169692799448967,0.02127802185714245,0.2270023375749588,0.010130261071026325,0.13666674494743347,0.0780043825507164,0.2196693867444992,0.511552631855011,0.0025587251875549555,2.169696092605591,0.1796637773513794,,,,,,,,,,,,,,,
,0.00025781501192257127,5409,,,,,,,,,,,,,,,,,,,,,,,,,,,,,,
7,,5409,0.0808565616607666,0.026114962995052338,0.35621166229248047,0.0021201649215072393,0.10472697019577026,0.015457157045602798,0.21726681292057037,0.021666627377271652,0.18931028246879578,0.047711845487356186,0.24575772881507874,0.5768058896064758,0.0018865644233301282,2.165158271789551,0.19849690794944763,,,,,,,,,,,,,,,
,0.0002576543130004411,5419,,,,,,,,,,,,,,,,,,,,,,,,,,,,,,
7,,5419,0.08836878836154938,0.03350214287638664,0.36084893345832825,0.0051162466406822205,0.09801726043224335,0.007421072106808424,0.2212747037410736,0.017367679625749588,0.18048831820487976,0.0586707703769207,0.2662309408187866,0.5691700577735901,0.0018595836590975523,2.144249677658081,0.1763932853937149,,,,,,,,,,,,,,,
,0.0002574933588666795,5429,,,,,,,,,,,,,,,,,,,,,,,,,,,,,,
7,,5429,0.045799802988767624,0.04635215178132057,0.4668179750442505,0.003821563208475709,0.08019744604825974,0.01559850201010704,0.2733566164970398,0.007633787114173174,0.07102371752262115,0.055360812693834305,0.27229946851730347,0.4906696081161499,0.0035966658033430576,2.1375715732574463,0.213853120803833,,,,,,,,,,,,,,,
,0.00025733214990285384,5439,,,,,,,,,,,,,,,,,,,,,,,,,,,,,,
7,,5439,0.09942987561225891,0.08845130354166031,0.4036144018173218,0.0029684207402169704,0.14011912047863007,0.016603421419858932,0.312832772731781,0.009353872388601303,0.21490144729614258,0.10115867853164673,0.2677519619464874,0.7048068046569824,0.006452262867242098,2.1612515449523926,0.24895703792572021,,,,,,,,,,,,,,,
,0.0002571706864911355,5449,,,,,,,,,,,,,,,,,,,,,,,,,,,,,,
7,,5449,0.09929408878087997,0.025493690744042397,0.32619190216064453,0.0038224568124860525,0.10745733976364136,0.012843369506299496,0.20914389193058014,0.014024840667843819,0.30450189113616943,0.07701414823532104,0.26774197816848755,0.7019355297088623,0.003935360815376043,2.147031545639038,0.22425472736358643,,,,,,,,,,,,,,,
,0.0002570089690142991,5459,,,,,,,,,,,,,,,,,,,,,,,,,,,,,,
7,,5459,0.12232208997011185,0.033830929547548294,0.3361412584781647,0.002803478157147765,0.08343154191970825,0.014166604727506638,0.25680118799209595,0.022420689463615417,0.21528945863246918,0.05545690655708313,0.22568997740745544,0.6186823844909668,0.007962111383676529,2.181736946105957,0.16357611119747162,,,,,,,,,,,,,,,
,0.00025684699785572164,5469,,,,,,,,,,,,,,,,,,,,,,,,,,,,,,
7,,5469,0.07306481897830963,0.03308754786849022,0.3900611102581024,0.012161809019744396,0.10555227845907211,0.014050097204744816,0.22361117601394653,0.01632937788963318,0.21004168689250946,0.0746987909078598,0.2606217563152313,0.6222996711730957,0.0007438983302563429,2.1572580337524414,0.21197344362735748,,,,,,,,,,,,,,,
,0.00025668477339938145,5479,,,,,,,,,,,,,,,,,,,,,,,,,,,,,,
7,,5479,0.11870060861110687,0.05070758983492851,0.4801560640335083,0.008234197273850441,0.11488035321235657,0.02010318823158741,0.30123138427734375,0.016822725534439087,0.21658606827259064,0.09206463396549225,0.3021406829357147,0.7266965508460999,0.003916955087333918,2.1811556816101074,0.2304634302854538,,,,,,,,,,,,,,,
,0.00025652229602985733,5489,,,,,,,,,,,,,,,,,,,,,,,,,,,,,,
7,,5489,0.0835137888789177,0.038706108927726746,0.33626654744148254,0.007635955698788166,0.07501780241727829,0.011341875419020653,0.21143211424350739,0.011575275100767612,0.14849281311035156,0.08122966438531876,0.24939313530921936,0.5241588950157166,0.0016613720217719674,2.1548514366149902,0.19109247624874115,,,,,,,,,,,,,,,
,0.0002563595661323276,5499,,,,,,,,,,,,,,,,,,,,,,,,,,,,,,
7,,5499,0.09607245028018951,0.055809199810028076,0.33357712626457214,0.002664223313331604,0.07798944413661957,0.013801855966448784,0.24019159376621246,0.013908570632338524,0.15933381021022797,0.05141805484890938,0.20165905356407166,0.5247579216957092,0.0022602579556405544,2.2303340435028076,0.1388910561800003,,,,,,,,,,,,,,,
,0.00025619658409256943,5509,,,,,,,,,,,,,,,,,,,,,,,,,,,,,,
7,,5509,0.07913514226675034,0.044393785297870636,0.3830859661102295,0.0027917574625462294,0.08997354656457901,0.02304377220571041,0.24963167309761047,0.015115159563720226,0.12859082221984863,0.06018046662211418,0.23828966915607452,0.5244640111923218,0.003123179078102112,2.2037065029144287,0.1649467796087265,,,,,,,,,,,,,,,
,0.0002560333502969575,5519,,,,,,,,,,,,,,,,,,,,,,,,,,,,,,
7,,5519,0.10026005655527115,0.029972001910209656,0.3203877806663513,0.008055740967392921,0.0916375145316124,0.020463325083255768,0.3039998710155487,0.01971408724784851,0.2083909958600998,0.07232194393873215,0.2041189968585968,0.6082602143287659,0.0037183475214987993,2.1907670497894287,0.16444240510463715,,,,,,,,,,,,,,,
,0.00025586986513246343,5529,,,,,,,,,,,,,,,,,,,,,,,,,,,,,,
7,,5529,0.04821677505970001,0.05545208603143692,0.35784539580345154,0.004657813813537359,0.07856801897287369,0.017472557723522186,0.31716665625572205,0.01216161996126175,0.14293764531612396,0.06348157674074173,0.2403239756822586,0.5393663048744202,0.0011866673594340682,2.2347347736358643,0.19840921461582184,,,,,,,,,,,,,,,
,0.0002557061289866549,5539,,,,,,,,,,,,,,,,,,,,,,,,,,,,,,
7,,5539,0.06726574897766113,0.03083774261176586,0.333413690328598,0.0024905677419155836,0.08516205847263336,0.010614458471536636,0.21438121795654297,0.014148134738206863,0.18717660009860992,0.04949069768190384,0.23695503175258636,0.5362303256988525,0.003510129638016224,2.211003065109253,0.1596837341785431,,,,,,,,,,,,,,,
,0.00025554214224769413,5549,,,,,,,,,,,,,,,,,,,,,,,,,,,,,,
7,,5549,0.03510062023997307,0.04350702837109566,0.473571240901947,0.0039570811204612255,0.0936589315533638,0.009481912478804588,0.2385309487581253,0.010658904910087585,0.10749832540750504,0.041458286345005035,0.2713824212551117,0.5205062031745911,0.0034743892028927803,2.2257468700408936,0.23203109204769135,,,,,,,,,,,,,,,
,0.000255377905304338,5559,,,,,,,,,,,,,,,,,,,,,,,,,,,,,,
7,,5559,0.09877707064151764,0.037425845861434937,0.3987818956375122,0.0005874284543097019,0.1045285239815712,0.019962534308433533,0.24036723375320435,0.019804755225777626,0.20374354720115662,0.0296418946236372,0.2662152051925659,0.6286767721176147,0.0027758434880524874,2.13962984085083,0.21292397379875183,,,,,,,,,,,,,,,
7,,5559,,,,,,,,,,,,,,,,0.17836378514766693,0.024467194452881813,0.24959631264209747,0.006617778446525335,0.056411754339933395,0.0016004687640815973,0.18102651834487915,0.02023453265428543,0.19041861593723297,0.06256996840238571,0.18111468851566315,0.5464285016059875,0.010108995251357555,2.1037819385528564,0.13144230842590332
,0.00025521341854593604,5569,,,,,,,,,,,,,,,,,,,,,,,,,,,,,,
8,,5569,0.09281865507364273,0.03469377011060715,0.320272296667099,0.002856865292415023,0.08108270168304443,0.008786107413470745,0.21248500049114227,0.009499957785010338,0.14082954823970795,0.0804973617196083,0.20635898411273956,0.5000014305114746,0.0033795058261603117,2.173121213912964,0.18645210564136505,,,,,,,,,,,,,,,
,0.00025504868236243036,5579,,,,,,,,,,,,,,,,,,,,,,,,,,,,,,
8,,5579,0.07006519287824631,0.029524292796850204,0.33355313539505005,0.006544951815158129,0.0808030292391777,0.02249499037861824,0.2101656198501587,0.010750658810138702,0.1323087364435196,0.08332457393407822,0.23938527703285217,0.48527079820632935,0.002322295680642128,2.16721773147583,0.14023511111736298,,,,,,,,,,,,,,,
,0.00025488369714435415,5589,,,,,,,,,,,,,,,,,,,,,,,,,,,,,,
8,,5589,0.060504380613565445,0.03987886384129524,0.3713437616825104,0.003704171162098646,0.07789143174886703,0.006018194369971752,0.24809767305850983,0.01630321517586708,0.16299930214881897,0.05318642780184746,0.2589951455593109,0.5433130264282227,0.001051151193678379,2.1385135650634766,0.19121651351451874,,,,,,,,,,,,,,,
,0.000254718463282831,5599,,,,,,,,,,,,,,,,,,,,,,,,,,,,,,
8,,5599,0.0687762126326561,0.07967407256364822,0.3940730094909668,0.012931616976857185,0.09261800348758698,0.010416110046207905,0.2629643976688385,0.010698364116251469,0.16132809221744537,0.07943738996982574,0.25996723771095276,0.5867122411727905,0.007311615161597729,2.196791648864746,0.1731673628091812,,,,,,,,,,,,,,,
,0.00025455298116957415,5609,,,,,,,,,,,,,,,,,,,,,,,,,,,,,,
8,,5609,0.10536758601665497,0.026821888983249664,0.32662826776504517,0.005242850165814161,0.07074012607336044,0.011160924099385738,0.21435385942459106,0.01816198229789734,0.20867854356765747,0.0798787847161293,0.23662596940994263,0.5880163908004761,0.0018945183837786317,2.161616086959839,0.18825489282608032,,,,,,,,,,,,,,,
,0.00025438725119688503,5619,,,,,,,,,,,,,,,,,,,,,,,,,,,,,,
8,,5619,0.10290172696113586,0.03270028531551361,0.4041110575199127,0.006511696148663759,0.09201044589281082,0.014071191661059856,0.286189466714859,0.016052834689617157,0.19500212371349335,0.08650998771190643,0.2756325304508209,0.6396536231040955,0.0008731422713026404,2.1450719833374023,0.2192031294107437,,,,,,,,,,,,,,,
,0.000254221273757653,5629,,,,,,,,,,,,,,,,,,,,,,,,,,,,,,
8,,5629,0.05368683859705925,0.03189713507890701,0.4298219680786133,0.0012823967263102531,0.0800308957695961,0.009542799554765224,0.22308559715747833,0.011392926797270775,0.11005160212516785,0.04068047180771828,0.24900217354297638,0.48462849855422974,0.0016846072394400835,2.172318935394287,0.18405009806156158,,,,,,,,,,,,,,,
,0.00025405504924535377,5639,,,,,,,,,,,,,,,,,,,,,,,,,,,,,,
8,,5639,0.06104584038257599,0.044071879237890244,0.4025276005268097,0.01141335628926754,0.08518756926059723,0.01106916181743145,0.2087005078792572,0.00888160802423954,0.11147185415029526,0.02715400978922844,0.27900752425193787,0.5105705261230469,0.007076687645167112,2.196718454360962,0.2131194770336151,,,,,,,,,,,,,,,
,0.000253888578054049,5649,,,,,,,,,,,,,,,,,,,,,,,,,,,,,,
8,,5649,0.07224733382463455,0.03297806158661842,0.41862940788269043,0.0023038811050355434,0.06925413757562637,0.011127774603664875,0.2631312906742096,0.013562132604420185,0.17577022314071655,0.05242501199245453,0.241852268576622,0.5670339465141296,0.0015935731353238225,2.200014114379883,0.1800198256969452,,,,,,,,,,,,,,,
,0.000253721860578385,5659,,,,,,,,,,,,,,,,,,,,,,,,,,,,,,
8,,5659,0.060893021523952484,0.049970585852861404,0.3924504220485687,0.006983921397477388,0.0853683203458786,0.014176254160702229,0.23811452090740204,0.017225252464413643,0.1695934236049652,0.061570946127176285,0.24991774559020996,0.5669863820075989,0.011214299127459526,2.1353955268859863,0.15540513396263123,,,,,,,,,,,,,,,
,0.0002535548972135922,5669,,,,,,,,,,,,,,,,,,,,,,,,,,,,,,
8,,5669,0.10431436449289322,0.028581110760569572,0.35758423805236816,0.005467077251523733,0.08761442452669144,0.014353266917169094,0.234907865524292,0.016946755349636078,0.21101859211921692,0.07837693393230438,0.21881628036499023,0.5979370474815369,0.0049790204502642155,2.1663832664489746,0.1511121243238449,,,,,,,,,,,,,,,
,0.0002533876883554835,5679,,,,,,,,,,,,,,,,,,,,,,,,,,,,,,
8,,5679,0.09692882001399994,0.03229830414056778,0.3269435465335846,0.007461850065737963,0.08683598041534424,0.02020309679210186,0.24047555029392242,0.021108098328113556,0.1910240203142166,0.06096005439758301,0.2643697261810303,0.6062824726104736,0.002213910687714815,2.2074103355407715,0.2368680238723755,,,,,,,,,,,,,,,
,0.0002532202344004542,5689,,,,,,,,,,,,,,,,,,,,,,,,,,,,,,
8,,5689,0.0591537170112133,0.03415680676698685,0.3846397399902344,0.002409478649497032,0.07779249548912048,0.009040425531566143,0.2161940187215805,0.01506764441728592,0.12233921140432358,0.05351155623793602,0.250026673078537,0.49917590618133545,0.006420382298529148,2.148333787918091,0.1941959410905838,,,,,,,,,,,,,,,
,0.00025305253574548034,5699,,,,,,,,,,,,,,,,,,,,,,,,,,,,,,
8,,5699,0.07251869887113571,0.046703606843948364,0.39737358689308167,0.002479820977896452,0.0915868803858757,0.016570167616009712,0.2932557165622711,0.012799309566617012,0.17833314836025238,0.03852970525622368,0.24089036881923676,0.5785077810287476,0.0016861336771398783,2.1693902015686035,0.16867753863334656,,,,,,,,,,,,,,,
,0.0002528845927881183,5709,,,,,,,,,,,,,,,,,,,,,,,,,,,,,,
8,,5709,0.10601595789194107,0.046479757875204086,0.3821224570274353,0.004730043932795525,0.09800488501787186,0.01802915707230568,0.25093740224838257,0.014821453019976616,0.1786511093378067,0.07483319938182831,0.2769978642463684,0.6059877276420593,0.003348694182932377,2.1165976524353027,0.18441684544086456,,,,,,,,,,,,,,,
,0.00025271640592650345,5719,,,,,,,,,,,,,,,,,,,,,,,,,,,,,,
8,,5719,0.05460893362760544,0.028832701966166496,0.3482096493244171,0.004988679196685553,0.09395664930343628,0.011522536166012287,0.2254103273153305,0.012305155396461487,0.14090462028980255,0.024681488052010536,0.25243955850601196,0.5023502111434937,0.0019140816293656826,2.1754326820373535,0.197146937251091,,,,,,,,,,,,,,,
,0.00025254797555934944,5729,,,,,,,,,,,,,,,,,,,,,,,,,,,,,,
8,,5729,0.057279039174318314,0.05091271921992302,0.4473669230937958,0.006349439267069101,0.08397787064313889,0.013196278363466263,0.2861475646495819,0.018693214282393456,0.18143020570278168,0.07512090355157852,0.26531752943992615,0.6134057641029358,0.0021199926268309355,2.179304599761963,0.19379013776779175,,,,,,,,,,,,,,,
,0.0002523793020859472,5739,,,,,,,,,,,,,,,,,,,,,,,,,,,,,,
8,,5739,0.08251189440488815,0.047835249453783035,0.40406060218811035,0.007627852726727724,0.08881331980228424,0.020547255873680115,0.2657431662082672,0.020544057711958885,0.19081807136535645,0.06777147948741913,0.28564465045928955,0.6391817331314087,0.004510736558586359,2.1669504642486572,0.22621801495552063,,,,,,,,,,,,,,,
,0.000252210385906164,5749,,,,,,,,,,,,,,,,,,,,,,,,,,,,,,
8,,5749,0.08186853677034378,0.02757834643125534,0.3249923884868622,0.005253650713711977,0.08154516667127609,0.011063498444855213,0.19849370419979095,0.010814216919243336,0.12750446796417236,0.0760999545454979,0.2459147423505783,0.490844190120697,0.004292359575629234,2.1568093299865723,0.19125576317310333,,,,,,,,,,,,,,,
,0.00025204122742044234,5759,,,,,,,,,,,,,,,,,,,,,,,,,,,,,,
8,,5759,0.11716228723526001,0.03751087561249733,0.3943863809108734,0.005992258433252573,0.12063025683164597,0.017933884635567665,0.32849133014678955,0.02047867700457573,0.2673618793487549,0.07901884615421295,0.24348238110542297,0.7498894333839417,0.0076951514929533005,2.173546314239502,0.24887815117835999,,,,,,,,,,,,,,,
,0.0002518718270297994,5769,,,,,,,,,,,,,,,,,,,,,,,,,,,,,,
8,,5769,0.08852176368236542,0.039839841425418854,0.38524186611175537,0.005877983756363392,0.08331532031297684,0.010133798234164715,0.23413091897964478,0.007623608689755201,0.22862286865711212,0.07705727219581604,0.23972675204277039,0.6243791580200195,0.005905668251216412,2.16825008392334,0.18882422149181366,,,,,,,,,,,,,,,
,0.00025170218513582553,5779,,,,,,,,,,,,,,,,,,,,,,,,,,,,,,
8,,5779,0.0710482969880104,0.034275420010089874,0.3833909332752228,0.006486237980425358,0.07427484542131424,0.00989293958991766,0.21427161991596222,0.012282222509384155,0.11467111855745316,0.06647931784391403,0.23773854970932007,0.4853191375732422,0.003956200554966927,2.151345729827881,0.1635635644197464,,,,,,,,,,,,,,,
,0.0002515323021406838,5789,,,,,,,,,,,,,,,,,,,,,,,,,,,,,,
8,,5789,0.07825625687837601,0.036060791462659836,0.4002068042755127,0.0067126136273145676,0.07220697402954102,0.01805943436920643,0.25768008828163147,0.01719065010547638,0.15719719231128693,0.07039178162813187,0.24908392131328583,0.5729093551635742,0.0085469214245677,2.2256357669830322,0.19256815314292908,,,,,,,,,,,,,,,
,0.0002513621784471089,5799,,,,,,,,,,,,,,,,,,,,,,,,,,,,,,
8,,5799,0.07600248605012894,0.04773542284965515,0.44742998480796814,0.0037731898482888937,0.09203770011663437,0.03182568773627281,0.2703785300254822,0.010042604990303516,0.19872575998306274,0.05813248082995415,0.26445427536964417,0.6406289935112,0.0041234917007386684,2.1849071979522705,0.21503977477550507,,,,,,,,,,,,,,,
,0.000251191814458406,5809,,,,,,,,,,,,,,,,,,,,,,,,,,,,,,
8,,5809,0.07765823602676392,0.054258208721876144,0.5103074908256531,0.003827911801636219,0.09362868964672089,0.019003698602318764,0.3091605603694916,0.013458101078867912,0.12553441524505615,0.06210505589842796,0.28137531876564026,0.6076993942260742,0.005090001504868269,2.197965383529663,0.23458121716976166,,,,,,,,,,,,,,,
,0.0002510212105784499,5819,,,,,,,,,,,,,,,,,,,,,,,,,,,,,,
8,,5819,0.05457909032702446,0.03975812345743179,0.38415220379829407,0.0021739965304732323,0.08152002841234207,0.008313015103340149,0.21125644445419312,0.00804770365357399,0.13571514189243317,0.05991048365831375,0.25446465611457825,0.49872881174087524,0.001894338522106409,2.1559970378875732,0.18409684300422668,,,,,,,,,,,,,,,
,0.00025085036721168424,5829,,,,,,,,,,,,,,,,,,,,,,,,,,,,,,
8,,5829,0.0622737854719162,0.0441315621137619,0.4223284125328064,0.008368254639208317,0.07869001477956772,0.006686829030513763,0.2726203501224518,0.007100621238350868,0.11693549901247025,0.07440594583749771,0.2499530166387558,0.5172950029373169,0.0026308114174753428,2.146926164627075,0.18149776756763458,,,,,,,,,,,,,,,
,0.0002506792847631203,5839,,,,,,,,,,,,,,,,,,,,,,,,,,,,,,
8,,5839,0.08997446298599243,0.027187887579202652,0.29243454337120056,0.005617565009742975,0.07222119718790054,0.011384033598005772,0.2179657518863678,0.01803266443312168,0.156152606010437,0.04371613264083862,0.22196437418460846,0.5027450919151306,0.0047384523786604404,2.1534767150878906,0.15140658617019653,,,,,,,,,,,,,,,
,0.0002505079636383362,5849,,,,,,,,,,,,,,,,,,,,,,,,,,,,,,
8,,5849,0.08533728867769241,0.02425280585885048,0.2906595468521118,0.0023841317743062973,0.06951931864023209,0.011340594850480556,0.176979199051857,0.013259506784379482,0.11954964697360992,0.049768488854169846,0.18797914683818817,0.43341144919395447,0.0012205546954646707,2.1267495155334473,0.15024639666080475,,,,,,,,,,,,,,,
,0.00025033640424347575,5859,,,,,,,,,,,,,,,,,,,,,,,,,,,,,,
8,,5859,0.046577464789152145,0.028941016644239426,0.29030129313468933,0.0023550279438495636,0.05976055935025215,0.01337924599647522,0.17477251589298248,0.01177307404577732,0.09446243941783905,0.02009434811770916,0.21037983894348145,0.3929533064365387,0.00405333936214447,2.1753199100494385,0.15980283915996552,,,,,,,,,,,,,,,
,0.00025016460698524786,5869,,,,,,,,,,,,,,,,,,,,,,,,,,,,,,
8,,5869,0.05141329765319824,0.07921331375837326,0.40578529238700867,0.0020472765900194645,0.0853724256157875,0.01732630841434002,0.32167044281959534,0.019801456481218338,0.12937931716442108,0.05298776179552078,0.2568341791629791,0.5555945634841919,0.01278106402605772,2.1562671661376953,0.14239682257175446,,,,,,,,,,,,,,,
,0.00024999257227092513,5879,,,,,,,,,,,,,,,,,,,,,,,,,,,,,,
8,,5879,0.07959084957838058,0.030174851417541504,0.3676905930042267,0.004244386684149504,0.09976649284362793,0.02710779570043087,0.22333307564258575,0.017603138461709023,0.1629352569580078,0.0934358462691307,0.23691710829734802,0.5641171336174011,0.0031843159813433886,2.1280765533447266,0.1941664218902588,,,,,,,,,,,,,,,
,0.00024982030050834313,5889,,,,,,,,,,,,,,,,,,,,,,,,,,,,,,
8,,5889,0.06416136026382446,0.0703078955411911,0.4147113561630249,0.0032109522726386786,0.09951367974281311,0.011907880194485188,0.29312196373939514,0.009468249045312405,0.15897779166698456,0.042121581733226776,0.27827560901641846,0.5836093425750732,0.00667617516592145,2.1912567615509033,0.18190892040729523,,,,,,,,,,,,,,,
,0.0002496477921058994,5899,,,,,,,,,,,,,,,,,,,,,,,,,,,,,,
8,,5899,0.08699383586645126,0.03357561677694321,0.3549712598323822,0.002577172825112939,0.08680731803178787,0.014930748380720615,0.2142239362001419,0.01970767043530941,0.17366106808185577,0.06744571775197983,0.23604829609394073,0.5480425357818604,0.00346034811809659,2.1476848125457764,0.15056023001670837,,,,,,,,,,,,,,,
,0.00024947504747255256,5909,,,,,,,,,,,,,,,,,,,,,,,,,,,,,,
8,,5909,0.09007031470537186,0.04721885547041893,0.3140126168727875,0.0021539609879255295,0.06865434348583221,0.01876583881676197,0.26897281408309937,0.011415917426347733,0.10070174187421799,0.05883093178272247,0.22527854144573212,0.47091442346572876,0.0010999101214110851,2.197526693344116,0.1658211350440979,,,,,,,,,,,,,,,
,0.00024930206701782105,5919,,,,,,,,,,,,,,,,,,,,,,,,,,,,,,
8,,5919,0.06822814047336578,0.026221292093396187,0.312377393245697,0.0016228295862674713,0.07501295953989029,0.0052231005392968655,0.1813344657421112,0.015179832465946674,0.13387197256088257,0.06819581985473633,0.2340618371963501,0.4572095274925232,0.0010106191039085388,2.2175450325012207,0.1448945701122284,,,,,,,,,,,,,,,
,0.0002491288511517826,5929,,,,,,,,,,,,,,,,,,,,,,,,,,,,,,
8,,5929,0.07236497849225998,0.03844701126217842,0.4340526759624481,0.0031960816122591496,0.0799495130777359,0.01658720336854458,0.237031027674675,0.01367974653840065,0.10267388820648193,0.06150444597005844,0.2699243724346161,0.511294424533844,0.0006777444505132735,2.199738025665283,0.19513531029224396,,,,,,,,,,,,,,,
,0.0002489554002850729,5939,,,,,,,,,,,,,,,,,,,,,,,,,,,,,,
8,,5939,0.08313702791929245,0.029234642162919044,0.31764379143714905,0.0034137547481805086,0.07116659730672836,0.01241541188210249,0.2223118245601654,0.01737905852496624,0.21119709312915802,0.0602402463555336,0.21722501516342163,0.5638574957847595,0.002760882955044508,2.1882638931274414,0.1616429090499878,,,,,,,,,,,,,,,
,0.00024878171482888467,5949,,,,,,,,,,,,,,,,,,,,,,,,,,,,,,
8,,5949,0.07825586944818497,0.03871941938996315,0.32403433322906494,0.002354780910536647,0.07985962182283401,0.016130266711115837,0.24653582274913788,0.008601171895861626,0.160954549908638,0.05085451900959015,0.24246695637702942,0.5247648358345032,0.001921866089105606,2.1985254287719727,0.17773620784282684,,,,,,,,,,,,,,,
,0.0002486077951949669,5959,,,,,,,,,,,,,,,,,,,,,,,,,,,,,,
8,,5959,0.0646812915802002,0.04867526516318321,0.3941696584224701,0.007917209528386593,0.06955079734325409,0.013889779336750507,0.2666829228401184,0.01166890561580658,0.12739691138267517,0.052061568945646286,0.22882451117038727,0.5090559720993042,0.0029133681673556566,2.1321563720703125,0.1484016478061676,,,,,,,,,,,,,,,
,0.00024843364179562364,5969,,,,,,,,,,,,,,,,,,,,,,,,,,,,,,
8,,5969,0.052238579839468,0.026841165497899055,0.26518818736076355,0.00775350583717227,0.04546056687831879,0.009561391547322273,0.16435891389846802,0.009742071852087975,0.10141350328922272,0.04385458678007126,0.1929064840078354,0.36998412013053894,0.0017802099464461207,2.163499355316162,0.1016252338886261,,,,,,,,,,,,,,,
,0.0002482592550437133,5979,,,,,,,,,,,,,,,,,,,,,,,,,,,,,,
8,,5979,0.08335278183221817,0.027449805289506912,0.2758292853832245,0.0037903785705566406,0.07552212476730347,0.00861063227057457,0.19574996829032898,0.009102512151002884,0.1504824310541153,0.06104035675525665,0.20328673720359802,0.47219687700271606,0.003226892091333866,2.192603349685669,0.16084274649620056,,,,,,,,,,,,,,,
,0.0002480846353526471,5989,,,,,,,,,,,,,,,,,,,,,,,,,,,,,,
8,,5989,0.07998667657375336,0.0497741661965847,0.3983527421951294,0.006445921026170254,0.09342285245656967,0.011681259609758854,0.30473801493644714,0.011225408874452114,0.20182093977928162,0.045398078858852386,0.2622956931591034,0.6326296329498291,0.004208260215818882,2.1014769077301025,0.21623528003692627,,,,,,,,,,,,,,,
,0.0002479097831363889,5999,,,,,,,,,,,,,,,,,,,,,,,,,,,,,,
8,,5999,0.11903361976146698,0.027460843324661255,0.3625771701335907,0.007067836821079254,0.10118567198514938,0.01650940626859665,0.2567765414714813,0.020551282912492752,0.23001432418823242,0.056277498602867126,0.24999269843101501,0.6504625082015991,0.0011799813946709037,2.1508944034576416,0.18729786574840546,,,,,,,,,,,,,,,
,0.0002477346988094536,6009,,,,,,,,,,,,,,,,,,,,,,,,,,,,,,
8,,6009,0.05861392244696617,0.029047591611742973,0.4010820984840393,0.0030971949454396963,0.0765170007944107,0.021946776658296585,0.19617585837841034,0.007553336676210165,0.0773431733250618,0.10306291282176971,0.25804999470710754,0.4555805027484894,0.003947089891880751,2.101262331008911,0.18724355101585388,,,,,,,,,,,,,,,
,0.0002475593827869064,6019,,,,,,,,,,,,,,,,,,,,,,,,,,,,,,
8,,6019,0.07313379645347595,0.029681308194994926,0.4411693513393402,0.0053275953978300095,0.06718512624502182,0.019193509593605995,0.2540007531642914,0.011854411102831364,0.12238579243421555,0.03938800469040871,0.24412596225738525,0.5105355978012085,0.0014970313059166074,2.138108968734741,0.14684636890888214,,,,,,,,,,,,,,,
,0.0002473838354843616,6029,,,,,,,,,,,,,,,,,,,,,,,,,,,,,,
8,,6029,0.09801425039768219,0.03922712057828903,0.3534723222255707,0.0014531383058056235,0.0775451734662056,0.02666028030216694,0.2405845671892166,0.013598265126347542,0.14731524884700775,0.03675098717212677,0.2064250111579895,0.5273603796958923,0.0023236682172864676,2.1757826805114746,0.1742340326309204,,,,,,,,,,,,,,,
,0.00024720805731798213,6039,,,,,,,,,,,,,,,,,,,,,,,,,,,,,,
8,,6039,0.05387892574071884,0.08814828097820282,0.34621429443359375,0.0031391873490065336,0.0728420689702034,0.03359629586338997,0.25204533338546753,0.008324207738041878,0.10644125938415527,0.07420410960912704,0.22117187082767487,0.48546332120895386,0.0005298026371747255,2.23372483253479,0.15860266983509064,,,,,,,,,,,,,,,
,0.000247032048704478,6049,,,,,,,,,,,,,,,,,,,,,,,,,,,,,,
8,,6049,0.07809028029441833,0.02863423153758049,0.3860958218574524,0.006383122410625219,0.08422739058732986,0.013645614497363567,0.23283439874649048,0.023191772401332855,0.2070484161376953,0.06522245705127716,0.23057547211647034,0.6085549592971802,0.0012749566230922937,2.1395366191864014,0.20780809223651886,,,,,,,,,,,,,,,
,0.0002468558100611054,6059,,,,,,,,,,,,,,,,,,,,,,,,,,,,,,
8,,6059,0.07023194432258606,0.025253362953662872,0.3238816261291504,0.0026254388503730297,0.09226226806640625,0.023549452424049377,0.21842142939567566,0.014861876145005226,0.15863282978534698,0.06194286793470383,0.23985238373279572,0.5276329517364502,0.000987729523330927,2.195521831512451,0.20478561520576477,,,,,,,,,,,,,,,
,0.00024667934180566616,6069,,,,,,,,,,,,,,,,,,,,,,,,,,,,,,
8,,6069,0.04122158885002136,0.07455479353666306,0.4004242718219757,0.008515735156834126,0.0694989562034607,0.014744006097316742,0.26956525444984436,0.007479020860046148,0.09287959337234497,0.043179214000701904,0.2199098765850067,0.4724673628807068,0.003364823991432786,2.2024312019348145,0.1569042205810547,,,,,,,,,,,,,,,
,0.0002465026443565062,6079,,,,,,,,,,,,,,,,,,,,,,,,,,,,,,
8,,6079,0.08251915872097015,0.03503592684864998,0.3479151427745819,0.004707476124167442,0.07936318963766098,0.01022294070571661,0.22390267252922058,0.017654631286859512,0.22416789829730988,0.058861441910266876,0.2570963501930237,0.6108072400093079,0.001776242395862937,2.180495262145996,0.20558705925941467,,,,,,,,,,,,,,,
,0.00024632571813251486,6089,,,,,,,,,,,,,,,,,,,,,,,,,,,,,,
8,,6089,0.058583538979291916,0.033613886684179306,0.28755566477775574,0.005034887697547674,0.05594136565923691,0.007259313948452473,0.16760335862636566,0.0086375642567873,0.11522576957941055,0.03664262220263481,0.17926813662052155,0.3992879390716553,0.002964732935652137,2.2102255821228027,0.12518367171287537,,,,,,,,,,,,,,,
,0.0002461485635531239,6099,,,,,,,,,,,,,,,,,,,,,,,,,,,,,,
8,,6099,0.06166718527674675,0.08375883847475052,0.5037590265274048,0.005010256543755531,0.0963137224316597,0.011119830422103405,0.34874093532562256,0.012077733874320984,0.17825479805469513,0.06253212690353394,0.274900883436203,0.6605406999588013,0.007184997200965881,2.206646203994751,0.20454852283000946,,,,,,,,,,,,,,,
,0.0002459711810383063,6109,,,,,,,,,,,,,,,,,,,,,,,,,,,,,,
8,,6109,0.051044952124357224,0.035288456827402115,0.4134427309036255,0.010962133295834064,0.07184887677431107,0.010236152447760105,0.23810291290283203,0.009389765560626984,0.12050000578165054,0.05056997388601303,0.25282981991767883,0.5071132779121399,0.0008809548453427851,2.1766297817230225,0.20317420363426208,,,,,,,,,,,,,,,
,0.00024579357100857545,6119,,,,,,,,,,,,,,,,,,,,,,,,,,,,,,
8,,6119,0.12163230031728745,0.048088397830724716,0.3881816864013672,0.0041429223492741585,0.08314747363328934,0.005411696620285511,0.250643253326416,0.017429746687412262,0.21148352324962616,0.05577752739191055,0.2321498990058899,0.6240603923797607,0.005664773751050234,2.1521501541137695,0.15961067378520966,,,,,,,,,,,,,,,
,0.00024561573388498417,6129,,,,,,,,,,,,,,,,,,,,,,,,,,,,,,
8,,6129,0.0846298336982727,0.03278875723481178,0.40551015734672546,0.005872512701898813,0.09102647751569748,0.014943049289286137,0.2365693897008896,0.014186599291861057,0.15182790160179138,0.09142390638589859,0.2544375956058502,0.5669072866439819,0.0024404707364737988,2.2095425128936768,0.20508237183094025,,,,,,,,,,,,,,,
,0.0002454376700891235,6139,,,,,,,,,,,,,,,,,,,,,,,,,,,,,,
8,,6139,0.06966821849346161,0.06606432050466537,0.3435703217983246,0.004614616744220257,0.07595992088317871,0.006963529624044895,0.23861178755760193,0.005554909817874432,0.10383684933185577,0.023373711854219437,0.2222156524658203,0.45581284165382385,0.0009784187423065305,2.2182576656341553,0.1547439694404602,,,,,,,,,,,,,,,
,0.000245259380043122,6149,,,,,,,,,,,,,,,,,,,,,,,,,,,,,,
8,,6149,0.10661538690328598,0.05398057401180267,0.38452935218811035,0.00670282868668437,0.11645505577325821,0.015943335369229317,0.2940286695957184,0.016504179686307907,0.232378289103508,0.0411495715379715,0.24985376000404358,0.6869332194328308,0.005531725473701954,2.199406147003174,0.2294054925441742,,,,,,,,,,,,,,,
,0.00024508086416964443,6159,,,,,,,,,,,,,,,,,,,,,,,,,,,,,,
8,,6159,0.07510743290185928,0.0703144371509552,0.35781562328338623,0.005131183657795191,0.06574909389019012,0.01356975082308054,0.264565110206604,0.010038483887910843,0.11157342791557312,0.054780032485723495,0.21753288805484772,0.4956188499927521,0.0048001776449382305,2.196322441101074,0.16654789447784424,,,,,,,,,,,,,,,
,0.0002449021228918911,6169,,,,,,,,,,,,,,,,,,,,,,,,,,,,,,
8,,6169,0.042219191789627075,0.03041253797709942,0.34070199728012085,0.0067474027164280415,0.07098537683486938,0.014905902557075024,0.22506368160247803,0.007554468233138323,0.07348746806383133,0.06271255761384964,0.23796336352825165,0.4152083396911621,0.003408417571336031,2.1653971672058105,0.16686861217021942,,,,,,,,,,,,,,,
,0.00024472315663359647,6179,,,,,,,,,,,,,,,,,,,,,,,,,,,,,,
8,,6179,0.040472958236932755,0.03604215383529663,0.3598689138889313,0.0008644935442134738,0.06195436418056488,0.008290907368063927,0.18985643982887268,0.006123053841292858,0.047037143260240555,0.04116356000304222,0.22830519080162048,0.3653993606567383,0.0031247101724147797,2.1549720764160156,0.1556740403175354,,,,,,,,,,,,,,,
,0.00024454396581902855,6189,,,,,,,,,,,,,,,,,,,,,,,,,,,,,,
8,,6189,0.06491919606924057,0.0684436485171318,0.31644171476364136,0.002430639462545514,0.07647918909788132,0.013511497527360916,0.2672176659107208,0.009338470175862312,0.13127510249614716,0.05616365000605583,0.23520763218402863,0.4950772225856781,0.0028330148197710514,2.157092332839966,0.1542813777923584,,,,,,,,,,,,,,,
,0.0002443645508729875,6199,,,,,,,,,,,,,,,,,,,,,,,,,,,,,,
8,,6199,0.05440031737089157,0.024495506659150124,0.2775348126888275,0.009809529408812523,0.0770251452922821,0.009334815666079521,0.16142143309116364,0.008229723200201988,0.17856557667255402,0.043126802891492844,0.2279568612575531,0.485232412815094,0.0013515711762011051,2.146315336227417,0.16892579197883606,,,,,,,,,,,,,,,
,0.00024418491222080496,6209,,,,,,,,,,,,,,,,,,,,,,,,,,,,,,
8,,6209,0.08603981137275696,0.029953226447105408,0.35182061791419983,0.01369962003082037,0.098955437541008,0.010087708942592144,0.2005223035812378,0.018158670514822006,0.18926042318344116,0.05459742993116379,0.24678687751293182,0.5759102702140808,0.0017484211130067706,2.160102128982544,0.1834515929222107,,,,,,,,,,,,,,,
,0.0002440050502883429,6219,,,,,,,,,,,,,,,,,,,,,,,,,,,,,,
8,,6219,0.04902061074972153,0.03592730686068535,0.30561602115631104,0.0036221088375896215,0.0699654147028923,0.01791328564286232,0.2006346881389618,0.015811707824468613,0.11442125588655472,0.06503475457429886,0.19232569634914398,0.4377743601799011,0.002479363000020385,2.153550863265991,0.15348950028419495,,,,,,,,,,,,,,,
,0.00024382496550199255,6229,,,,,,,,,,,,,,,,,,,,,,,,,,,,,,
8,,6229,0.04702768474817276,0.0407145731151104,0.3731452226638794,0.008349651470780373,0.08271408826112747,0.012951555661857128,0.22893822193145752,0.013340158388018608,0.08626671880483627,0.06546229124069214,0.2207718938589096,0.45890986919403076,0.005966557189822197,2.1787867546081543,0.18293647468090057,,,,,,,,,,,,,,,
,0.0002436446582886734,6239,,,,,,,,,,,,,,,,,,,,,,,,,,,,,,
8,,6239,0.0550956055521965,0.03509311005473137,0.4441128373146057,0.007075481582432985,0.07433157414197922,0.011763804592192173,0.2808162569999695,0.00677602831274271,0.09638253599405289,0.054756294935941696,0.2182876318693161,0.49574434757232666,0.003132999874651432,2.1781280040740967,0.20339523255825043,,,,,,,,,,,,,,,
,0.00024346412907583242,6249,,,,,,,,,,,,,,,,,,,,,,,,,,,,,,
8,,6249,0.0687309056520462,0.03793077915906906,0.4015365540981293,0.0010837328154593706,0.06631790846586227,0.011994530446827412,0.29570144414901733,0.008899429813027382,0.1083664745092392,0.048693589866161346,0.24424432218074799,0.5002898573875427,0.0010326624615117908,2.116062641143799,0.19417937099933624,,,,,,,,,,,,,,,
8,,6254,,,,,,,,,,,,,,,,0.17498253285884857,0.03428271785378456,0.2520718276500702,0.008124133571982384,0.05909968540072441,0.0017336915479972959,0.17991851270198822,0.021238723769783974,0.1807662546634674,0.05807541310787201,0.17110110819339752,0.5361093282699585,0.007874952629208565,2.1084885597229004,0.12575477361679077
,0.0002432833782914427,6259,,,,,,,,,,,,,,,,,,,,,,,,,,,,,,
9,,6259,0.0888359323143959,0.02356237731873989,0.25186800956726074,0.00283040595240891,0.06314937770366669,0.01696603372693062,0.18921011686325073,0.018076196312904358,0.1786222606897354,0.042810142040252686,0.2186320275068283,0.4930485486984253,0.004316078033298254,2.1968114376068115,0.1269313097000122,,,,,,,,,,,,,,,
,0.00024310240636400265,6269,,,,,,,,,,,,,,,,,,,,,,,,,,,,,,
9,,6269,0.05185648798942566,0.025771254673600197,0.30490320920944214,0.001457114121876657,0.05541684851050377,0.007446528412401676,0.17231157422065735,0.012911499477922916,0.10701636970043182,0.0573086179792881,0.20824368298053741,0.405881404876709,0.001558205345645547,2.191347360610962,0.1477668434381485,,,,,,,,,,,,,,,
,0.00024292121372253495,6279,,,,,,,,,,,,,,,,,,,,,,,,,,,,,,
9,,6279,0.05093713104724884,0.04913194850087166,0.43552151322364807,0.003701098496094346,0.08804009109735489,0.009471118450164795,0.2720611095428467,0.011482753790915012,0.0790654793381691,0.058887798339128494,0.24472038447856903,0.489139586687088,0.005862897727638483,2.1768686771392822,0.2023715078830719,,,,,,,,,,,,,,,
,0.00024273980079658552,6289,,,,,,,,,,,,,,,,,,,,,,,,,,,,,,
9,,6289,0.05612773820757866,0.03389358147978783,0.35951924324035645,0.006328487768769264,0.0831121951341629,0.010183953680098057,0.22558313608169556,0.008577214553952217,0.09486934542655945,0.07048080116510391,0.22872020304203033,0.45225176215171814,0.000854427576996386,2.158576011657715,0.17854414880275726,,,,,,,,,,,,,,,
,0.00024255816801622247,6299,,,,,,,,,,,,,,,,,,,,,,,,,,,,,,
9,,6299,0.058328621089458466,0.08131719380617142,0.44090282917022705,0.011273582465946674,0.10439247637987137,0.00890593882650137,0.33304375410079956,0.015372324734926224,0.1541687399148941,0.077183797955513,0.24713894724845886,0.6213700771331787,0.005634999368339777,2.166226863861084,0.22046974301338196,,,,,,,,,,,,,,,
,0.00024237631581203512,6309,,,,,,,,,,,,,,,,,,,,,,,,,,,,,,
9,,6309,0.06324508041143417,0.04847490042448044,0.3423427939414978,0.006916162092238665,0.08488750457763672,0.015682561323046684,0.21638458967208862,0.01302645355463028,0.14636337757110596,0.0599297396838665,0.21647892892360687,0.509706437587738,0.0019951793365180492,2.1786201000213623,0.1741512417793274,,,,,,,,,,,,,,,
,0.000242194244615133,6319,,,,,,,,,,,,,,,,,,,,,,,,,,,,,,
9,,6319,0.10336342453956604,0.030726315453648567,0.4231416583061218,0.0064855036325752735,0.10705795884132385,0.024347538128495216,0.29690060019493103,0.02329171635210514,0.21556900441646576,0.08004463464021683,0.23659636080265045,0.6810804009437561,0.006623776163905859,2.1468241214752197,0.21902059018611908,,,,,,,,,,,,,,,
,0.00024201195485714475,6329,,,,,,,,,,,,,,,,,,,,,,,,,,,,,,
9,,6329,0.08381086587905884,0.054355036467313766,0.29260802268981934,0.005563927348703146,0.07719232887029648,0.014774196781218052,0.23799940943717957,0.015378974378108978,0.1769341677427292,0.08600690960884094,0.24253882467746735,0.5438370704650879,0.004179023671895266,2.152229070663452,0.14252430200576782,,,,,,,,,,,,,,,
,0.00024182944697021723,6339,,,,,,,,,,,,,,,,,,,,,,,,,,,,,,
9,,6339,0.10790607333183289,0.025288555771112442,0.34700122475624084,0.006323521491140127,0.1014539897441864,0.017915619537234306,0.20644834637641907,0.016883183270692825,0.21742799878120422,0.06018125265836716,0.24885189533233643,0.6209375858306885,0.0018438929691910744,2.130927562713623,0.2185308337211609,,,,,,,,,,,,,,,
,0.00024164672138701423,6349,,,,,,,,,,,,,,,,,,,,,,,,,,,,,,
9,,6349,0.13061831891536713,0.04764484614133835,0.3636227250099182,0.004065131302922964,0.08378685265779495,0.015008683316409588,0.25159522891044617,0.015397870913147926,0.15559716522693634,0.05789349973201752,0.23316995799541473,0.5720496773719788,0.0031884044874459505,2.146543264389038,0.17893077433109283,,,,,,,,,,,,,,,
,0.0002414637785407158,6359,,,,,,,,,,,,,,,,,,,,,,,,,,,,,,
9,,6359,0.10267797112464905,0.023042114451527596,0.30458226799964905,0.007494834251701832,0.09448923915624619,0.018625587224960327,0.22937655448913574,0.019669337198138237,0.24860304594039917,0.054836343973875046,0.25809502601623535,0.6416504383087158,0.0015216784086078405,2.213660717010498,0.2076910436153412,,,,,,,,,,,,,,,
,0.0002412806188650171,6369,,,,,,,,,,,,,,,,,,,,,,,,,,,,,,
9,,6369,0.06708460301160812,0.03421000763773918,0.3433956205844879,0.007928667590022087,0.09909304231405258,0.013869544491171837,0.28508028388023376,0.01643628254532814,0.19246704876422882,0.06201004609465599,0.27508917450904846,0.6005030274391174,0.0021248157136142254,2.1835224628448486,0.21334601938724518,,,,,,,,,,,,,,,
,0.000241097242794127,6379,,,,,,,,,,,,,,,,,,,,,,,,,,,,,,
9,,6379,0.08714599907398224,0.07513079792261124,0.42875370383262634,0.009846550412476063,0.09020281583070755,0.004868159536272287,0.3035013973712921,0.011430162005126476,0.14984798431396484,0.07354523986577988,0.22667089104652405,0.5878015160560608,0.005834897980093956,2.1873412132263184,0.171214759349823,,,,,,,,,,,,,,,
,0.00024091365076276766,6389,,,,,,,,,,,,,,,,,,,,,,,,,,,,,,
9,,6389,0.0497610904276371,0.05512222647666931,0.4043674170970917,0.003665950847789645,0.08690695464611053,0.007084252312779427,0.2625606656074524,0.008064446970820427,0.08794396370649338,0.019185561686754227,0.2236596792936325,0.4572727382183075,0.002595753176137805,2.244313955307007,0.16081377863883972,,,,,,,,,,,,,,,
,0.0002407298432061732,6399,,,,,,,,,,,,,,,,,,,,,,,,,,,,,,
9,,6399,0.08513537049293518,0.05195547267794609,0.3483573794364929,0.003197755664587021,0.09482765197753906,0.015965744853019714,0.2796684205532074,0.013478082604706287,0.3214627802371979,0.08082245290279388,0.23851579427719116,0.729361355304718,0.0025073119904845953,2.238821506500244,0.1980832815170288,,,,,,,,,,,,,,,
,0.00024054582056008843,6409,,,,,,,,,,,,,,,,,,,,,,,,,,,,,,
9,,6409,0.08792006969451904,0.04214799776673317,0.39643269777297974,0.00631974171847105,0.08417730778455734,0.012451383285224438,0.29133036732673645,0.014759570360183716,0.19524657726287842,0.06658158451318741,0.23574388027191162,0.6031152606010437,0.001570273656398058,2.1278762817382812,0.1607714295387268,,,,,,,,,,,,,,,
,0.0002403615832607684,6419,,,,,,,,,,,,,,,,,,,,,,,,,,,,,,
9,,6419,0.07815012335777283,0.02399143949151039,0.24557620286941528,0.0036210124380886555,0.06893274188041687,0.011709420941770077,0.23958195745944977,0.01272575557231903,0.19503210484981537,0.07064712047576904,0.20136027038097382,0.5092509388923645,0.0012604603543877602,2.1920394897460938,0.13471539318561554,,,,,,,,,,,,,,,
,0.00024017713174497683,6429,,,,,,,,,,,,,,,,,,,,,,,,,,,,,,
9,,6429,0.09843060374259949,0.04476824402809143,0.4404153823852539,0.007161896675825119,0.08302295953035355,0.010076666250824928,0.28906530141830444,0.00984610989689827,0.18898636102676392,0.06689536571502686,0.24416375160217285,0.6320406198501587,0.009938834235072136,2.1623659133911133,0.19977575540542603,,,,,,,,,,,,,,,
,0.00023999246644998523,6439,,,,,,,,,,,,,,,,,,,,,,,,,,,,,,
9,,6439,0.05436316505074501,0.045554500073194504,0.37059810757637024,0.003200934501364827,0.08285468071699142,0.007951419800519943,0.21262677013874054,0.010367185808718204,0.14573317766189575,0.07944338023662567,0.23657137155532837,0.512085497379303,0.0027968178037554026,2.131770610809326,0.18775880336761475,,,,,,,,,,,,,,,
,0.00023980758781357204,6449,,,,,,,,,,,,,,,,,,,,,,,,,,,,,,
9,,6449,0.03709151968359947,0.027000438421964645,0.27465322613716125,0.0031398762948811054,0.07423363626003265,0.006192863918840885,0.18133269250392914,0.007913410663604736,0.122630275785923,0.04421726241707802,0.21248722076416016,0.41459420323371887,0.005140042398124933,2.1926374435424805,0.15970204770565033,,,,,,,,,,,,,,,
,0.00023962249627402138,6459,,,,,,,,,,,,,,,,,,,,,,,,,,,,,,
9,,6459,0.1289801448583603,0.039586141705513,0.27017471194267273,0.004082020837813616,0.07191339880228043,0.022228043526411057,0.2046882063150406,0.020548870787024498,0.1995537132024765,0.06898041069507599,0.2068856805562973,0.5670404434204102,0.0026013334281742573,2.1593167781829834,0.15629632771015167,,,,,,,,,,,,,,,
,0.00023943719227012214,6469,,,,,,,,,,,,,,,,,,,,,,,,,,,,,,
9,,6469,0.08650986850261688,0.04981345683336258,0.35816702246665955,0.0035706316120922565,0.10586313903331757,0.015276714228093624,0.26923102140426636,0.019862838089466095,0.24138064682483673,0.08977080881595612,0.2236105054616928,0.6581941246986389,0.005378855392336845,2.145538091659546,0.1925704926252365,,,,,,,,,,,,,,,
,0.00023925167624116685,6479,,,,,,,,,,,,,,,,,,,,,,,,,,,,,,
9,,6479,0.09932410717010498,0.03744152933359146,0.4028473496437073,0.006445122882723808,0.08304940909147263,0.02288949303328991,0.24725854396820068,0.026927394792437553,0.1920919418334961,0.08573901653289795,0.24942433834075928,0.630329430103302,0.0047447276301681995,2.176126003265381,0.19286641478538513,,,,,,,,,,,,,,,
,0.00023906594862695065,6489,,,,,,,,,,,,,,,,,,,,,,,,,,,,,,
9,,6489,0.07627461850643158,0.031009187921881676,0.380123496055603,0.006403845734894276,0.06422733515501022,0.035423826426267624,0.2357863038778305,0.012769382447004318,0.13041292130947113,0.05819441005587578,0.24345149099826813,0.5145265460014343,0.0012755001662299037,2.180807113647461,0.16317377984523773,,,,,,,,,,,,,,,
,0.00023888000986777046,6499,,,,,,,,,,,,,,,,,,,,,,,,,,,,,,
9,,6499,0.09415210783481598,0.05258125066757202,0.3905506134033203,0.007971471175551414,0.09313993155956268,0.022377951070666313,0.26468801498413086,0.011018002405762672,0.2987428605556488,0.03777185454964638,0.2339971661567688,0.709214985370636,0.0010583802359178662,2.1422312259674072,0.1734643280506134,,,,,,,,,,,,,,,
,0.00023869386040442346,6509,,,,,,,,,,,,,,,,,,,,,,,,,,,,,,
9,,6509,0.05932774394750595,0.02116023376584053,0.277326375246048,0.0031907835509628057,0.06260433048009872,0.02517678216099739,0.16438205540180206,0.013035248965024948,0.1373988687992096,0.04291090741753578,0.22805963456630707,0.4425966739654541,0.0033092775847762823,2.199497938156128,0.14317700266838074,,,,,,,,,,,,,,,
,0.00023850750067820657,6519,,,,,,,,,,,,,,,,,,,,,,,,,,,,,,
9,,6519,0.08643408864736557,0.038440436124801636,0.26578930020332336,0.004116754978895187,0.08812249451875687,0.013983296230435371,0.2023436725139618,0.014342455193400383,0.28761276602745056,0.06798442453145981,0.24155950546264648,0.6468696594238281,0.010404249653220177,2.2052032947540283,0.17981912195682526,,,,,,,,,,,,,,,
,0.00023832093113091503,6529,,,,,,,,,,,,,,,,,,,,,,,,,,,,,,
9,,6529,0.06612834334373474,0.03849615156650543,0.35631299018859863,0.006507274229079485,0.09534846246242523,0.010612650774419308,0.23500187695026398,0.015280869789421558,0.17752403020858765,0.06501221656799316,0.25262174010276794,0.568323016166687,0.004696590825915337,2.1359760761260986,0.20262543857097626,,,,,,,,,,,,,,,
,0.00023813415220484162,6539,,,,,,,,,,,,,,,,,,,,,,,,,,,,,,
9,,6539,0.07502925395965576,0.03632061555981636,0.33552801609039307,0.002368796616792679,0.08285878598690033,0.013989223167300224,0.21296004951000214,0.01580972783267498,0.1401090770959854,0.0743267834186554,0.24756945669651031,0.5123937129974365,0.0013100446667522192,2.182839870452881,0.19494180381298065,,,,,,,,,,,,,,,
,0.00023794716434277546,6549,,,,,,,,,,,,,,,,,,,,,,,,,,,,,,
9,,6549,0.08862757682800293,0.036523062735795975,0.2655126452445984,0.0023006258998066187,0.07701119780540466,0.010129815898835659,0.20486381649971008,0.01730477437376976,0.19714082777500153,0.04433140531182289,0.2260817140340805,0.5306861400604248,0.002431774279102683,2.1553447246551514,0.15177223086357117,,,,,,,,,,,,,,,
,0.00023775996798800077,6559,,,,,,,,,,,,,,,,,,,,,,,,,,,,,,
9,,6559,0.08431010693311691,0.04663517326116562,0.3693450093269348,0.004584061913192272,0.08987102657556534,0.00797063484787941,0.25323188304901123,0.011595888063311577,0.15709379315376282,0.04812127351760864,0.2315976768732071,0.5398958325386047,0.004163430538028479,2.1552717685699463,0.15849095582962036,,,,,,,,,,,,,,,
,0.00023757256358429644,6569,,,,,,,,,,,,,,,,,,,,,,,,,,,,,,
9,,6569,0.07472196966409683,0.025878120213747025,0.34983399510383606,0.00395159749314189,0.08970335125923157,0.010270373895764351,0.2069208025932312,0.01653832569718361,0.1890537589788437,0.048836372792720795,0.2119409441947937,0.5427552461624146,0.0029254585970193148,2.24747633934021,0.16206257045269012,,,,,,,,,,,,,,,
,0.00023738495157593422,6579,,,,,,,,,,,,,,,,,,,,,,,,,,,,,,
9,,6579,0.07981418073177338,0.03457687422633171,0.36642932891845703,0.004162939731031656,0.10415814816951752,0.005190262105315924,0.21724914014339447,0.015019349753856659,0.13220924139022827,0.06076709181070328,0.2378164678812027,0.5131969451904297,0.0007798526203259826,2.2073819637298584,0.19244545698165894,,,,,,,,,,,,,,,
,0.00023719713240767814,6589,,,,,,,,,,,,,,,,,,,,,,,,,,,,,,
9,,6589,0.0753554254770279,0.037688806653022766,0.34144267439842224,0.007945082150399685,0.07177682965993881,0.011349251493811607,0.2571519911289215,0.016361866146326065,0.17703817784786224,0.057853180915117264,0.2198576033115387,0.5445584654808044,0.004313815850764513,2.127781867980957,0.1438569724559784,,,,,,,,,,,,,,,
,0.00023700910652478337,6599,,,,,,,,,,,,,,,,,,,,,,,,,,,,,,
9,,6599,0.04820965602993965,0.054525624960660934,0.30647048354148865,0.0037063737399876118,0.060553982853889465,0.016171185299754143,0.21452145278453827,0.012018470093607903,0.1023322343826294,0.05247572436928749,0.20212338864803314,0.4145529270172119,0.0007366469944827259,2.138498306274414,0.10917492210865021,,,,,,,,,,,,,,,
,0.0002368208743729951,6609,,,,,,,,,,,,,,,,,,,,,,,,,,,,,,
9,,6609,0.0589476078748703,0.03358808159828186,0.3888501226902008,0.007530671544373035,0.07768097519874573,0.014257755130529404,0.2459145188331604,0.01340673677623272,0.1388421654701233,0.0907711312174797,0.23995736241340637,0.53191077709198,0.002664725761860609,2.2046396732330322,0.20089180767536163,,,,,,,,,,,,,,,
,0.00023663243639854747,6619,,,,,,,,,,,,,,,,,,,,,,,,,,,,,,
9,,6619,0.09534551948308945,0.060111869126558304,0.2833755612373352,0.006085314322263002,0.07882452011108398,0.012091749347746372,0.29307711124420166,0.021140331402420998,0.2212795615196228,0.07084354013204575,0.2257431596517563,0.6069384217262268,0.00405577989295125,2.1360883712768555,0.14283619821071625,,,,,,,,,,,,,,,
,0.00023644379304816267,6629,,,,,,,,,,,,,,,,,,,,,,,,,,,,,,
9,,6629,0.05800965800881386,0.04717891290783882,0.37660348415374756,0.008137797936797142,0.06332232803106308,0.01352632511407137,0.24787527322769165,0.014634354040026665,0.1170671135187149,0.06479112803936005,0.22046852111816406,0.48438888788223267,0.007195965852588415,2.133223533630371,0.12707096338272095,,,,,,,,,,,,,,,
,0.0002362549447690497,6639,,,,,,,,,,,,,,,,,,,,,,,,,,,,,,
9,,6639,0.06806056201457977,0.04837025701999664,0.3373386263847351,0.0037359825801104307,0.08707302063703537,0.015860386192798615,0.23082366585731506,0.013234952464699745,0.14769712090492249,0.06947468221187592,0.22107675671577454,0.5197557210922241,0.006458904594182968,2.1665163040161133,0.17335942387580872,,,,,,,,,,,,,,,
,0.0002360658920089033,6649,,,,,,,,,,,,,,,,,,,,,,,,,,,,,,
9,,6649,0.07339686155319214,0.04303927719593048,0.3483703136444092,0.0041867648251354694,0.06282386183738708,0.013057013973593712,0.2388390302658081,0.014610306359827518,0.15045756101608276,0.04756104201078415,0.19830918312072754,0.5120517015457153,0.009390243329107761,2.194243907928467,0.15413787961006165,,,,,,,,,,,,,,,
,0.0002358766352159031,6659,,,,,,,,,,,,,,,,,,,,,,,,,,,,,,
9,,6659,0.052170831710100174,0.056950587779283524,0.4006483554840088,0.0015133306151255965,0.0907660573720932,0.006872410885989666,0.2547016739845276,0.011183211579918861,0.1395992487668991,0.07101517915725708,0.25123706459999084,0.5286402106285095,0.002892001299187541,2.1347458362579346,0.17896506190299988,,,,,,,,,,,,,,,
,0.0002356871748387123,6669,,,,,,,,,,,,,,,,,,,,,,,,,,,,,,
9,,6669,0.07508523017168045,0.03316260874271393,0.3145902454853058,0.008984381332993507,0.05311630666255951,0.011378413066267967,0.2445114254951477,0.008215634152293205,0.11624713242053986,0.05902329087257385,0.19482752680778503,0.4488793909549713,0.0038164856377989054,2.156384229660034,0.12838628888130188,,,,,,,,,,,,,,,
,0.00023549751132647683,6679,,,,,,,,,,,,,,,,,,,,,,,,,,,,,,
9,,6679,0.08105074614286423,0.03170280531048775,0.35242846608161926,0.0027025314047932625,0.06811133772134781,0.013104368932545185,0.1851285845041275,0.013255438767373562,0.09095615893602371,0.05432881787419319,0.22157545387744904,0.43726423382759094,0.0033589915838092566,2.131138324737549,0.1524316370487213,,,,,,,,,,,,,,,
,0.00023530764512882412,6689,,,,,,,,,,,,,,,,,,,,,,,,,,,,,,
9,,6689,0.06711925566196442,0.05577893182635307,0.35361579060554504,0.002144919941201806,0.06455903500318527,0.015721427276730537,0.2773776352405548,0.012729968875646591,0.11756434291601181,0.046213917434215546,0.19143885374069214,0.48230302333831787,0.0016384304035454988,2.1868460178375244,0.15901564061641693,,,,,,,,,,,,,,,
,0.00023511757669586217,6699,,,,,,,,,,,,,,,,,,,,,,,,,,,,,,
9,,6699,0.08730674535036087,0.07708293944597244,0.425908625125885,0.00518300523981452,0.11832593381404877,0.006881672888994217,0.3381057381629944,0.0114707937464118,0.2646503448486328,0.06548003107309341,0.2619228661060333,0.7333037853240967,0.008316355757415295,2.104463577270508,0.20556269586086273,,,,,,,,,,,,,,,
,0.0002349273064781783,6709,,,,,,,,,,,,,,,,,,,,,,,,,,,,,,
9,,6709,0.06033956632018089,0.035946547985076904,0.3006110191345215,0.004661899525672197,0.05815977603197098,0.006813406012952328,0.19365982711315155,0.012921269983053207,0.14476965367794037,0.052834875881671906,0.20163357257843018,0.4479609429836273,0.00492143677547574,2.202155351638794,0.1044713705778122,,,,,,,,,,,,,,,
,0.00023473683492683823,6719,,,,,,,,,,,,,,,,,,,,,,,,,,,,,,
9,,6719,0.0820915549993515,0.04836558923125267,0.3497949242591858,0.005487011279910803,0.06952626258134842,0.01808171719312668,0.22174732387065887,0.016729123890399933,0.18170303106307983,0.05074531212449074,0.25285130739212036,0.5684289932250977,0.0016113643068820238,2.165958881378174,0.1917555183172226,,,,,,,,,,,,,,,
,0.00023454616249338512,6729,,,,,,,,,,,,,,,,,,,,,,,,,,,,,,
9,,6729,0.06958047300577164,0.06622457504272461,0.32942667603492737,0.001956388121470809,0.07748778909444809,0.014622640796005726,0.25087887048721313,0.010679790750145912,0.13635468482971191,0.07045688480138779,0.22354482114315033,0.5034968256950378,0.005770120769739151,2.1330745220184326,0.1464908868074417,,,,,,,,,,,,,,,
,0.0002343552896298381,6739,,,,,,,,,,,,,,,,,,,,,,,,,,,,,,
9,,6739,0.06213800609111786,0.029092051088809967,0.3398928642272949,0.011794442310929298,0.05984730273485184,0.008006298914551735,0.24272343516349792,0.008092242293059826,0.125277578830719,0.07969271391630173,0.22403298318386078,0.4801355302333832,0.0007026726962067187,2.163062334060669,0.17729510366916656,,,,,,,,,,,,,,,
,0.00023416421678869166,6749,,,,,,,,,,,,,,,,,,,,,,,,,,,,,,
9,,6749,0.07679301500320435,0.05096077546477318,0.2995400130748749,0.0027860954869538546,0.07246310263872147,0.005956497509032488,0.23969633877277374,0.007929427549242973,0.12011955678462982,0.043530337512493134,0.21367383003234863,0.4636824429035187,0.004299981519579887,2.169421672821045,0.1654071807861328,,,,,,,,,,,,,,,
,0.0002339729444229142,6759,,,,,,,,,,,,,,,,,,,,,,,,,,,,,,
9,,6759,0.08475327491760254,0.02839813195168972,0.34506461024284363,0.0031755641102790833,0.08733537048101425,0.015941638499498367,0.22355912625789642,0.010974965058267117,0.16345544159412384,0.06270264089107513,0.2305375188589096,0.525336742401123,0.0015837468672543764,2.152822256088257,0.1589481085538864,,,,,,,,,,,,,,,
,0.00023378147298594735,6769,,,,,,,,,,,,,,,,,,,,,,,,,,,,,,
9,,6769,0.09240523725748062,0.08656448870897293,0.373186320066452,0.005825094413012266,0.1123584732413292,0.017616072669625282,0.31839901208877563,0.01094371173530817,0.25720974802970886,0.06632865220308304,0.2564186453819275,0.7162142992019653,0.00665148114785552,2.145318031311035,0.2168983370065689,,,,,,,,,,,,,,,
,0.00023358980293170442,6779,,,,,,,,,,,,,,,,,,,,,,,,,,,,,,
9,,6779,0.06749147921800613,0.03254188969731331,0.321445107460022,0.0034619313664734364,0.07589299976825714,0.0065194531343877316,0.22709567844867706,0.009468479081988335,0.13588334619998932,0.05320945382118225,0.20622867345809937,0.4777870774269104,0.004743552301079035,2.148707866668701,0.17599910497665405,,,,,,,,,,,,,,,
,0.0002333979347145697,6789,,,,,,,,,,,,,,,,,,,,,,,,,,,,,,
9,,6789,0.08249270170927048,0.09091832488775253,0.42708247900009155,0.007300188764929771,0.08829605579376221,0.007222231477499008,0.3154744505882263,0.016895456239581108,0.2098415344953537,0.0516873374581337,0.2488345503807068,0.6553268432617188,0.0033228970132768154,2.1249256134033203,0.16718223690986633,,,,,,,,,,,,,,,
,0.00023320586878939733,6799,,,,,,,,,,,,,,,,,,,,,,,,,,,,,,
9,,6799,0.07163388282060623,0.055095236748456955,0.37230780720710754,0.006948351394385099,0.0709468424320221,0.01624968834221363,0.2671821713447571,0.010928943753242493,0.15564733743667603,0.08153250068426132,0.22446006536483765,0.5368691086769104,0.0005132858641445637,2.1424989700317383,0.1450159102678299,,,,,,,,,,,,,,,
,0.00023301360561150996,6809,,,,,,,,,,,,,,,,,,,,,,,,,,,,,,
9,,6809,0.12050528824329376,0.030715230852365494,0.35908666253089905,0.004570698831230402,0.09914728254079819,0.016687916591763496,0.27597561478614807,0.01677285134792328,0.2456885725259781,0.06891115009784698,0.25354403257369995,0.678359866142273,0.002160004572942853,2.1323089599609375,0.21910925209522247,,,,,,,,,,,,,,,
,0.00023282114563669799,6819,,,,,,,,,,,,,,,,,,,,,,,,,,,,,,
9,,6819,0.05790005996823311,0.03961706906557083,0.2816101312637329,0.0015650379937142134,0.05500428378582001,0.008243754506111145,0.21184396743774414,0.010240072384476662,0.12426041066646576,0.05079400911927223,0.19483183324337006,0.4114053547382355,0.0005481470143422484,2.163036584854126,0.0936412364244461,,,,,,,,,,,,,,,
,0.00023262848932121833,6829,,,,,,,,,,,,,,,,,,,,,,,,,,,,,,
9,,6829,0.10700690001249313,0.04230491816997528,0.39113879203796387,0.0018032529624179006,0.11158854514360428,0.017683865502476692,0.2540234923362732,0.01407721545547247,0.174296036362648,0.057415783405303955,0.2753250002861023,0.6164645552635193,0.0010463729267939925,2.202845335006714,0.2451745718717575,,,,,,,,,,,,,,,
,0.0002324356371217934,6839,,,,,,,,,,,,,,,,,,,,,,,,,,,,,,
9,,6839,0.09390786290168762,0.06817855685949326,0.43584731221199036,0.002732677385210991,0.09988410025835037,0.011869603767991066,0.28674495220184326,0.014786511659622192,0.21698987483978271,0.06888756901025772,0.25463324785232544,0.6717720627784729,0.004528835415840149,2.1547129154205322,0.21300950646400452,,,,,,,,,,,,,,,
,0.0002322425894956099,6849,,,,,,,,,,,,,,,,,,,,,,,,,,,,,,
9,,6849,0.0745459496974945,0.030454397201538086,0.37908264994621277,0.002003701403737068,0.07461948692798615,0.013549774885177612,0.23158201575279236,0.012841545976698399,0.16862232983112335,0.06023349240422249,0.23281978070735931,0.5366724133491516,0.005171351600438356,2.1551482677459717,0.15309885144233704,,,,,,,,,,,,,,,
,0.00023204934690031784,6859,,,,,,,,,,,,,,,,,,,,,,,,,,,,,,
9,,6859,0.08639451861381531,0.05924993380904198,0.37119653820991516,0.004674007650464773,0.08407579362392426,0.0273678470402956,0.2681241035461426,0.02095802128314972,0.18560555577278137,0.06862261891365051,0.23709805309772491,0.5982431769371033,0.002727302722632885,2.1771435737609863,0.15525057911872864,,,,,,,,,,,,,,,
,0.00023185590979402947,6869,,,,,,,,,,,,,,,,,,,,,,,,,,,,,,
9,,6869,0.05228067561984062,0.043996039777994156,0.38437989354133606,0.011430542916059494,0.0858498215675354,0.0075919535011053085,0.20146599411964417,0.00990316178649664,0.09512096643447876,0.0502341203391552,0.23661263287067413,0.47239434719085693,0.003985629882663488,2.2162039279937744,0.20806241035461426,,,,,,,,,,,,,,,
,0.00023166227863531815,6879,,,,,,,,,,,,,,,,,,,,,,,,,,,,,,
9,,6879,0.08046329021453857,0.028152575716376305,0.2814369201660156,0.0026091192848980427,0.06024759262800217,0.016284529119729996,0.2041674256324768,0.012508312240242958,0.11042272299528122,0.043506402522325516,0.21074888110160828,0.4304230511188507,0.001816252712160349,2.1372039318084717,0.14740382134914398,,,,,,,,,,,,,,,
,0.00023146845388321725,6889,,,,,,,,,,,,,,,,,,,,,,,,,,,,,,
9,,6889,0.0442473329603672,0.03679267317056656,0.3861595690250397,0.0060471720062196255,0.07465315610170364,0.015219846740365028,0.2190016210079193,0.007223019376397133,0.100117526948452,0.06857482343912125,0.2070484757423401,0.4469875693321228,0.0020000655204057693,2.166822671890259,0.15397211909294128,,,,,,,,,,,,,,,
,0.00023127443599721919,6899,,,,,,,,,,,,,,,,,,,,,,,,,,,,,,
9,,6899,0.06250398606061935,0.030577929690480232,0.3834555447101593,0.006732180714607239,0.08213309198617935,0.022678107023239136,0.19958661496639252,0.011926250532269478,0.12918448448181152,0.05115487053990364,0.2369644194841385,0.5118575096130371,0.0019662901759147644,2.1418211460113525,0.222311332821846,,,,,,,,,,,,,,,
,0.00023108022543727398,6909,,,,,,,,,,,,,,,,,,,,,,,,,,,,,,
9,,6909,0.04805818572640419,0.022458473220467567,0.2837284207344055,0.004814850632101297,0.07512933760881424,0.006651158444583416,0.1924971491098404,0.015261320397257805,0.11925143003463745,0.048354439437389374,0.20569787919521332,0.4270216226577759,0.0023941113613545895,2.1468358039855957,0.16181309521198273,,,,,,,,,,,,,,,
,0.00023088582266378872,6919,,,,,,,,,,,,,,,,,,,,,,,,,,,,,,
9,,6919,0.04661214351654053,0.0585462786257267,0.38250935077667236,0.0028704232536256313,0.069310262799263,0.014275542460381985,0.22434161603450775,0.004883783869445324,0.052210733294487,0.06317567080259323,0.20455673336982727,0.4079981744289398,0.0033846681471914053,2.1455445289611816,0.17410904169082642,,,,,,,,,,,,,,,
,0.00023069122813762594,6929,,,,,,,,,,,,,,,,,,,,,,,,,,,,,,
9,,6929,0.12397376447916031,0.0365438275039196,0.3470016121864319,0.005271830130368471,0.08008662611246109,0.01810404658317566,0.2340269237756729,0.014935304410755634,0.20244857668876648,0.06572744995355606,0.22164438664913177,0.6013606190681458,0.00045569505891762674,2.12807297706604,0.18591979146003723,,,,,,,,,,,,,,,
,0.00023049644232010295,6939,,,,,,,,,,,,,,,,,,,,,,,,,,,,,,
9,,6939,0.08111022412776947,0.05312352627515793,0.39625465869903564,0.004556596744805574,0.07696647942066193,0.006581414956599474,0.27597567439079285,0.021862169727683067,0.18256917595863342,0.047479115426540375,0.22730153799057007,0.5937328934669495,0.003439890453591943,2.222588062286377,0.18838569521903992,,,,,,,,,,,,,,,
,0.00023030146567299038,6949,,,,,,,,,,,,,,,,,,,,,,,,,,,,,,
9,,6949,0.045394327491521835,0.018046041950583458,0.23572185635566711,0.002583876485005021,0.0593966506421566,0.01058841310441494,0.17290082573890686,0.012753075920045376,0.12071888148784637,0.09279991686344147,0.20158438384532928,0.3948041796684265,0.005141581874340773,2.1973612308502197,0.11789726465940475,,,,,,,,,,,,,,,
9,,6949,,,,,,,,,,,,,,,,0.1755150556564331,0.039445340633392334,0.24990631639957428,0.008251073770225048,0.055716946721076965,0.0015794929349794984,0.16510355472564697,0.02803332358598709,0.173356294631958,0.05643767490983009,0.18210014700889587,0.5343784689903259,0.008523446507751942,2.0895578861236572,0.1227540448307991
,0.00023010629865851125,6959,,,,,,,,,,,,,,,,,,,,,,,,,,,,,,
10,,6959,0.08910927176475525,0.040409285575151443,0.3476142883300781,0.008350594900548458,0.10429997742176056,0.01683814264833927,0.2289680391550064,0.020428599789738655,0.2033299058675766,0.0752529427409172,0.2511512339115143,0.6155029535293579,0.00913371704518795,2.200073719024658,0.1866772621870041,,,,,,,,,,,,,,,
,0.00022991094173934005,6969,,,,,,,,,,,,,,,,,,,,,,,,,,,,,,
10,,6969,0.07625511288642883,0.0290813148021698,0.2517578899860382,0.006985022220760584,0.05786668136715889,0.015419180504977703,0.1691204160451889,0.013284461572766304,0.14322136342525482,0.07323911041021347,0.19353549182415009,0.44521865248680115,0.0008670508395880461,2.13749098777771,0.13807989656925201,,,,,,,,,,,,,,,
,0.00022971539537860124,6979,,,,,,,,,,,,,,,,,,,,,,,,,,,,,,
10,,6979,0.06393233686685562,0.09201660752296448,0.3620002567768097,0.005897256545722485,0.08173081278800964,0.010493407025933266,0.30565643310546875,0.010495774447917938,0.11703082174062729,0.04923984408378601,0.23726710677146912,0.5262001156806946,0.0032762603368610144,2.1978743076324463,0.18398070335388184,,,,,,,,,,,,,,,
,0.00022951966003986857,6989,,,,,,,,,,,,,,,,,,,,,,,,,,,,,,
10,,6989,0.1055675819516182,0.06791210919618607,0.30513960123062134,0.0073470366187393665,0.05288947373628616,0.013979698531329632,0.22960005700588226,0.009754551574587822,0.14053884148597717,0.06605016440153122,0.2162030190229416,0.5016511678695679,0.0009259922080673277,2.1910860538482666,0.13611280918121338,,,,,,,,,,,,,,,
,0.00022932373618716375,6999,,,,,,,,,,,,,,,,,,,,,,,,,,,,,,
10,,6999,0.0697837620973587,0.03863883018493652,0.3206477761268616,0.004694362636655569,0.05956220626831055,0.008026824332773685,0.2078411728143692,0.014878500252962112,0.13726671040058136,0.09275953471660614,0.21483585238456726,0.48033878207206726,0.005911733023822308,2.2312803268432617,0.14433449506759644,,,,,,,,,,,,,,,
,0.00022912762428495522,7009,,,,,,,,,,,,,,,,,,,,,,,,,,,,,,
10,,7009,0.07778945565223694,0.029637830331921577,0.28308483958244324,0.0025605352129787207,0.08522658050060272,0.011043249629437923,0.21927402913570404,0.015612213872373104,0.1995634287595749,0.09452860802412033,0.22742648422718048,0.5407922863960266,0.001546546001918614,2.1705799102783203,0.14840972423553467,,,,,,,,,,,,,,,
,0.0002289313247981576,7019,,,,,,,,,,,,,,,,,,,,,,,,,,,,,,
10,,7019,0.0913558155298233,0.030085444450378418,0.26924431324005127,0.006972865201532841,0.07412237673997879,0.014518641866743565,0.20300862193107605,0.021999936550855637,0.19067183136940002,0.06754294782876968,0.21748344600200653,0.5413913130760193,0.005222646053880453,2.1308653354644775,0.15956144034862518,,,,,,,,,,,,,,,
,0.00022873483819212969,7029,,,,,,,,,,,,,,,,,,,,,,,,,,,,,,
10,,7029,0.077035091817379,0.028966166079044342,0.26522955298423767,0.0014752865536138415,0.059720586985349655,0.013642199337482452,0.18506629765033722,0.008899323642253876,0.13231097161769867,0.0669226199388504,0.1943570077419281,0.4312261939048767,0.0006400921265594661,2.1440844535827637,0.13766668736934662,,,,,,,,,,,,,,,
,0.0002285381649326744,7039,,,,,,,,,,,,,,,,,,,,,,,,,,,,,,
10,,7039,0.07940639555454254,0.03654537349939346,0.3543250560760498,0.004066009074449539,0.07866358011960983,0.011927079409360886,0.1990136206150055,0.013234643265604973,0.14492453634738922,0.052901238203048706,0.2371629923582077,0.5099062919616699,0.0005241528269834816,2.161379337310791,0.185958132147789,,,,,,,,,,,,,,,
,0.00022834130548603676,7049,,,,,,,,,,,,,,,,,,,,,,,,,,,,,,
10,,7049,0.07811139523983002,0.04638504609465599,0.3739342987537384,0.001661984482780099,0.07669680565595627,0.011829213239252567,0.20288808643817902,0.014375321567058563,0.12301328778266907,0.03517638519406319,0.2512214183807373,0.5092988610267639,0.003247868502512574,2.136268138885498,0.21959613263607025,,,,,,,,,,,,,,,
,0.00022814426031890337,7059,,,,,,,,,,,,,,,,,,,,,,,,,,,,,,
10,,7059,0.06518293172121048,0.054883960634469986,0.2924741208553314,0.0019048695685341954,0.05587281659245491,0.015339559875428677,0.19404488801956177,0.006987176835536957,0.08792512118816376,0.0576404370367527,0.22144779562950134,0.40449094772338867,0.0055246674455702305,2.162277936935425,0.12258995324373245,,,,,,,,,,,,,,,
,0.00022794702989840113,7069,,,,,,,,,,,,,,,,,,,,,,,,,,,,,,
10,,7069,0.04193035885691643,0.029622673988342285,0.319654256105423,0.006988344248384237,0.062782883644104,0.011550297960639,0.15868182480335236,0.0036122542805969715,0.05666850507259369,0.07261143624782562,0.2277829945087433,0.37546825408935547,0.007363354321569204,2.1921958923339844,0.181785449385643,,,,,,,,,,,,,,,
,0.0002277496146920959,7079,,,,,,,,,,,,,,,,,,,,,,,,,,,,,,
10,,7079,0.08700672537088394,0.027550917118787766,0.32506123185157776,0.007942678406834602,0.07089922577142715,0.009344082325696945,0.1913394331932068,0.01570284552872181,0.1588839888572693,0.05744371563196182,0.22126415371894836,0.5052922368049622,0.0014182949671521783,2.177015781402588,0.15400394797325134,,,,,,,,,,,,,,,
,0.00022755201516799187,7089,,,,,,,,,,,,,,,,,,,,,,,,,,,,,,
10,,7089,0.08853153884410858,0.031767651438713074,0.3417026996612549,0.002770505379885435,0.08723340183496475,0.12091517448425293,0.23055890202522278,0.010739834047853947,0.2137746512889862,0.045616745948791504,0.22734394669532776,0.6349860429763794,0.001549205626361072,2.1493542194366455,0.18150433897972107,,,,,,,,,,,,,,,
,0.00022735423179453005,7099,,,,,,,,,,,,,,,,,,,,,,,,,,,,,,
10,,7099,0.07036607712507248,0.04690750688314438,0.33086878061294556,0.00987444818019867,0.06859168410301208,0.013668025843799114,0.23422877490520477,0.018524179235100746,0.1393297165632248,0.0635732114315033,0.23492446541786194,0.5077500343322754,0.0026874428149312735,2.178169012069702,0.15022510290145874,,,,,,,,,,,,,,,
,0.00022715626504058733,7109,,,,,,,,,,,,,,,,,,,,,,,,,,,,,,
10,,7109,0.08222320675849915,0.026880938559770584,0.32510799169540405,0.003534652991220355,0.08321820944547653,0.014798002317547798,0.2108154296875,0.016584059223532677,0.1887281835079193,0.06032329797744751,0.2196192741394043,0.5479114055633545,0.003089133184403181,2.1520237922668457,0.17566433548927307,,,,,,,,,,,,,,,
,0.00022695811537547524,7119,,,,,,,,,,,,,,,,,,,,,,,,,,,,,,
10,,7119,0.05324308201670647,0.0637911707162857,0.36526408791542053,0.010048452764749527,0.06623445451259613,0.01323834341019392,0.24131175875663757,0.009731068275868893,0.08028540760278702,0.06359624117612839,0.22951526939868927,0.46222567558288574,0.01781972125172615,2.1686313152313232,0.14558517932891846,,,,,,,,,,,,,,,
,0.000226759783268939,7129,,,,,,,,,,,,,,,,,,,,,,,,,,,,,,
10,,7129,0.07138202339410782,0.029465673491358757,0.36267757415771484,0.0009371674968861043,0.0616634376347065,0.009014648385345936,0.2246982753276825,0.013411324471235275,0.12038328498601913,0.05935152992606163,0.21751295030117035,0.45978817343711853,0.002510975580662489,2.1615562438964844,0.1258726269006729,,,,,,,,,,,,,,,
,0.00022656126919115644,7139,,,,,,,,,,,,,,,,,,,,,,,,,,,,,,
10,,7139,0.06361766159534454,0.02647891826927662,0.2506820857524872,0.0036390693858265877,0.04914584755897522,0.012930106371641159,0.18278826773166656,0.01276431791484356,0.10536211729049683,0.040193792432546616,0.21215790510177612,0.3901684880256653,0.0034491526894271374,2.161505699157715,0.11479862034320831,,,,,,,,,,,,,,,
,0.00022636257361273663,7149,,,,,,,,,,,,,,,,,,,,,,,,,,,,,,
10,,7149,0.046864964067935944,0.03371753543615341,0.3313695788383484,0.003669820027425885,0.0684066042304039,0.025783011689782143,0.22064276039600372,0.016352631151676178,0.1431703269481659,0.05837636440992355,0.22900988161563873,0.5086181163787842,0.016814816743135452,2.1570041179656982,0.1752261370420456,,,,,,,,,,,,,,,
,0.00022616369700471895,7159,,,,,,,,,,,,,,,,,,,,,,,,,,,,,,
10,,7159,0.07635286450386047,0.03216344863176346,0.31706950068473816,0.0085457693785429,0.05912105366587639,0.01020903792232275,0.2259972244501114,0.010134641081094742,0.14485394954681396,0.06591513752937317,0.20309530198574066,0.48900988698005676,0.0031795783434063196,2.1751253604888916,0.16414296627044678,,,,,,,,,,,,,,,
,0.00022596463983857196,7169,,,,,,,,,,,,,,,,,,,,,,,,,,,,,,
10,,7169,0.07551627606153488,0.044948577880859375,0.3161148428916931,0.004995153285562992,0.058474838733673096,0.00973526481539011,0.20375408232212067,0.007851147092878819,0.11784926056861877,0.11092078685760498,0.21017558872699738,0.44959014654159546,0.0031915437430143356,2.1524908542633057,0.12010958045721054,,,,,,,,,,,,,,,
,0.0002257654025861923,7179,,,,,,,,,,,,,,,,,,,,,,,,,,,,,,
10,,7179,0.05662563815712929,0.03462062403559685,0.34860995411872864,0.0066321236081421375,0.0844537615776062,0.008460082113742828,0.24079450964927673,0.021440548822283745,0.21469847857952118,0.05817839875817299,0.23220020532608032,0.5909927487373352,0.0012280849041417241,2.179381847381592,0.19846835732460022,,,,,,,,,,,,,,,
,0.0002255659857199034,7189,,,,,,,,,,,,,,,,,,,,,,,,,,,,,,
10,,7189,0.078369140625,0.030076025053858757,0.2886385917663574,0.0032337834127247334,0.06926535069942474,0.007059198338538408,0.19201725721359253,0.01080714724957943,0.12452641129493713,0.04681900516152382,0.2101576179265976,0.4479252099990845,0.003379704663529992,2.1438379287719727,0.1675565242767334,,,,,,,,,,,,,,,
,0.0002253663897124547,7199,,,,,,,,,,,,,,,,,,,,,,,,,,,,,,
10,,7199,0.061695028096437454,0.03988860547542572,0.31912699341773987,0.007937422953546047,0.05612006038427353,0.00793595053255558,0.20732687413692474,0.011973412707448006,0.11700984090566635,0.047231439501047134,0.19458718597888947,0.4436185657978058,0.0035338967572897673,2.1598408222198486,0.1493036150932312,,,,,,,,,,,,,,,
,0.00022516661503702012,7209,,,,,,,,,,,,,,,,,,,,,,,,,,,,,,
10,,7209,0.09573110193014145,0.03475414961576462,0.30860400199890137,0.0022998733911663294,0.0848761796951294,0.01861768215894699,0.19170914590358734,0.018293704837560654,0.17796145379543304,0.05269496515393257,0.2266133725643158,0.5441778898239136,0.0025653282646089792,2.210620641708374,0.19009016454219818,,,,,,,,,,,,,,,
,0.00022496666216719724,7219,,,,,,,,,,,,,,,,,,,,,,,,,,,,,,
10,,7219,0.04781843349337578,0.036196570843458176,0.34542539715766907,0.004135454539209604,0.07262715697288513,0.021367067471146584,0.19426991045475006,0.010851215571165085,0.1226915568113327,0.08125846832990646,0.20446911454200745,0.48177003860473633,0.01941007748246193,2.1378846168518066,0.17391955852508545,,,,,,,,,,,,,,,
,0.0002247665315770061,7229,,,,,,,,,,,,,,,,,,,,,,,,,,,,,,
10,,7229,0.05900504067540169,0.028566744178533554,0.285457581281662,0.003894429188221693,0.06632617115974426,0.01844608224928379,0.19126449525356293,0.013144966214895248,0.10505949705839157,0.056572068482637405,0.19476252794265747,0.41638824343681335,0.004945600870996714,2.1777093410491943,0.13906079530715942,,,,,,,,,,,,,,,
,0.00022456622374088803,7239,,,,,,,,,,,,,,,,,,,,,,,,,,,,,,
10,,7239,0.09294314682483673,0.029266202822327614,0.40278998017311096,0.006140492390841246,0.09104917198419571,0.017498869448900223,0.24486805498600006,0.010178633034229279,0.22919154167175293,0.046326447278261185,0.23585759103298187,0.6319563388824463,0.004515530075877905,2.107297897338867,0.18688613176345825,,,,,,,,,,,,,,,
,0.00022436573913370452,7249,,,,,,,,,,,,,,,,,,,,,,,,,,,,,,
10,,7249,0.05344579368829727,0.048008788377046585,0.386645644903183,0.004667861852794886,0.0525246262550354,0.022409765049815178,0.25338995456695557,0.010401778854429722,0.07664428651332855,0.03396531194448471,0.22922386229038239,0.4353001117706299,0.003920032177120447,2.164456844329834,0.1304098516702652,,,,,,,,,,,,,,,
,0.0002241650782307361,7259,,,,,,,,,,,,,,,,,,,,,,,,,,,,,,
10,,7259,0.06246108189225197,0.07783269137144089,0.4298606812953949,0.006044275127351284,0.0992700532078743,0.01599074713885784,0.350073903799057,0.014209644868969917,0.21293538808822632,0.04695975035429001,0.23318147659301758,0.6483323574066162,0.002520504407584667,2.223752975463867,0.15763026475906372,,,,,,,,,,,,,,,
,0.0002239642415076813,7269,,,,,,,,,,,,,,,,,,,,,,,,,,,,,,
10,,7269,0.07015061378479004,0.03463248535990715,0.2499566525220871,0.0012483284808695316,0.05653853341937065,0.019722867757081985,0.16990531980991364,0.012817482464015484,0.11110419034957886,0.05510801076889038,0.21016167104244232,0.4053572118282318,0.0008219763985835016,2.2018673419952393,0.12892989814281464,,,,,,,,,,,,,,,
,0.00022376322944065555,7279,,,,,,,,,,,,,,,,,,,,,,,,,,,,,,
10,,7279,0.07850737869739532,0.019697675481438637,0.2745008170604706,0.005072950851172209,0.09056278318166733,0.04413795471191406,0.2267085164785385,0.01702140085399151,0.20150932669639587,0.06970522552728653,0.22096122801303864,0.5624818801879883,0.0019293498480692506,2.1944198608398438,0.17143672704696655,,,,,,,,,,,,,,,
,0.0002235620425061897,7289,,,,,,,,,,,,,,,,,,,,,,,,,,,,,,
10,,7289,0.06597456336021423,0.04845443367958069,0.34689316153526306,0.001352730207145214,0.06596095114946365,0.007766263093799353,0.2195398211479187,0.01115833967924118,0.10546219348907471,0.050092000514268875,0.2336396872997284,0.44867783784866333,0.0013206199510022998,2.1396913528442383,0.14482297003269196,,,,,,,,,,,,,,,
,0.00022336068118122935,7299,,,,,,,,,,,,,,,,,,,,,,,,,,,,,,
10,,7299,0.11654078215360641,0.021199118345975876,0.21540512144565582,0.00223048054613173,0.07353711128234863,0.024583933874964714,0.17249038815498352,0.012979762628674507,0.17943139374256134,0.05572346970438957,0.19416597485542297,0.4910553991794586,0.000850536220241338,2.094026565551758,0.14400364458560944,,,,,,,,,,,,,,,
,0.0002231591459431335,7309,,,,,,,,,,,,,,,,,,,,,,,,,,,,,,
10,,7309,0.0459771491587162,0.031434085220098495,0.2524416744709015,0.0016298370901495218,0.062310703098773956,0.012053624726831913,0.17844845354557037,0.014311710372567177,0.11988095939159393,0.07142669707536697,0.194344624876976,0.40745800733566284,0.0007140259840525687,2.177328109741211,0.14609070122241974,,,,,,,,,,,,,,,
,0.00022295743726967346,7319,,,,,,,,,,,,,,,,,,,,,,,,,,,,,,
10,,7319,0.0429312139749527,0.03143933042883873,0.3198310434818268,0.0006990072433836758,0.06701400130987167,0.009921110235154629,0.18192262947559357,0.006172689609229565,0.07197092473506927,0.0487220361828804,0.24113303422927856,0.37715691328048706,0.0019464228535071015,2.135499954223633,0.14549191296100616,,,,,,,,,,,,,,,
,0.00022275555563903152,7329,,,,,,,,,,,,,,,,,,,,,,,,,,,,,,
10,,7329,0.09375928342342377,0.02869412489235401,0.3054603338241577,0.004113659728318453,0.08913204073905945,0.009814172051846981,0.21952567994594574,0.01652640476822853,0.2547183632850647,0.03955342248082161,0.20835915207862854,0.6116714477539062,0.0018240767531096935,2.1475331783294678,0.18272395431995392,,,,,,,,,,,,,,,
,0.00022255350152980015,7339,,,,,,,,,,,,,,,,,,,,,,,,,,,,,,
10,,7339,0.08846694231033325,0.03588935360312462,0.43200430274009705,0.006773447152227163,0.10325286537408829,0.014436992816627026,0.24944430589675903,0.013244116678833961,0.15487390756607056,0.05997684225440025,0.2624724507331848,0.5950438380241394,0.0016058776527643204,2.1644904613494873,0.24490736424922943,,,,,,,,,,,,,,,
,0.0002223512754209808,7349,,,,,,,,,,,,,,,,,,,,,,,,,,,,,,
10,,7349,0.09708932787179947,0.036705709993839264,0.29997774958610535,0.004236957058310509,0.09527009725570679,0.03826579451560974,0.20469626784324646,0.0184338316321373,0.23092281818389893,0.044464170932769775,0.26563534140586853,0.6387894153594971,0.01722133159637451,2.218144655227661,0.20277675986289978,,,,,,,,,,,,,,,
,0.0002221488777919824,7359,,,,,,,,,,,,,,,,,,,,,,,,,,,,,,
10,,7359,0.05253538861870766,0.029954904690384865,0.31659814715385437,0.004934877157211304,0.07881723344326019,0.014423858374357224,0.19955523312091827,0.009685181081295013,0.1273943930864334,0.07767478376626968,0.23069298267364502,0.4673886001110077,0.00745139317587018,2.2303402423858643,0.16699595749378204,,,,,,,,,,,,,,,
,0.00022194630912262072,7369,,,,,,,,,,,,,,,,,,,,,,,,,,,,,,
10,,7369,0.07063733041286469,0.05674505978822708,0.3604414165019989,0.005694898776710033,0.06921450048685074,0.005767150316387415,0.21911275386810303,0.005969898775219917,0.1264476776123047,0.058305807411670685,0.21414414048194885,0.47889018058776855,0.0021014499943703413,2.155369281768799,0.15329009294509888,,,,,,,,,,,,,,,
,0.00022174356989311696,7379,,,,,,,,,,,,,,,,,,,,,,,,,,,,,,
10,,7379,0.05958160385489464,0.033682744950056076,0.29009535908699036,0.003985736984759569,0.06163565069437027,0.00587934534996748,0.16160760819911957,0.010935145430266857,0.10970591753721237,0.04493873938918114,0.19917429983615875,0.4084605872631073,0.001247756532393396,2.1553924083709717,0.15655790269374847,,,,,,,,,,,,,,,
,0.00022154066058409656,7389,,,,,,,,,,,,,,,,,,,,,,,,,,,,,,
10,,7389,0.05827312916517258,0.03172552213072777,0.2603369355201721,0.004737956915050745,0.05517958477139473,0.008172353729605675,0.1621059626340866,0.010016579180955887,0.11724217236042023,0.02899569272994995,0.19794389605522156,0.3968031704425812,0.005811151582747698,2.1988508701324463,0.1224059984087944,,,,,,,,,,,,,,,
,0.0002213375816765883,7399,,,,,,,,,,,,,,,,,,,,,,,,,,,,,,
10,,7399,0.06591739505529404,0.04190251603722572,0.36148136854171753,0.005971601698547602,0.07579245418310165,0.00839476939290762,0.2391616255044937,0.016959115862846375,0.1756964474916458,0.05410787835717201,0.23151323199272156,0.5438094735145569,0.005038534291088581,2.1538784503936768,0.1487496793270111,,,,,,,,,,,,,,,
,0.00022113433365202287,7409,,,,,,,,,,,,,,,,,,,,,,,,,,,,,,
10,,7409,0.05384582281112671,0.04526388272643089,0.4374659061431885,0.0031520903576165438,0.062105897814035416,0.005405328702181578,0.27704811096191406,0.009270861744880676,0.21464861929416656,0.052635252475738525,0.22826170921325684,0.614399254322052,0.006475536152720451,2.1656060218811035,0.2118171751499176,,,,,,,,,,,,,,,
,0.00022093091699223208,7419,,,,,,,,,,,,,,,,,,,,,,,,,,,,,,
10,,7419,0.05538042634725571,0.02553718350827694,0.36245104670524597,0.00880084466189146,0.08067980408668518,0.010156383737921715,0.2043977826833725,0.011924865655601025,0.1465764045715332,0.08539143204689026,0.25718021392822266,0.5136465430259705,0.004189653787761927,2.1555657386779785,0.1830735057592392,,,,,,,,,,,,,,,
,0.00022072733217944732,7429,,,,,,,,,,,,,,,,,,,,,,,,,,,,,,
10,,7429,0.09314607083797455,0.0372140109539032,0.31714779138565063,0.0025337724946439266,0.07404949516057968,0.011052909307181835,0.20301781594753265,0.01683380827307701,0.11594334989786148,0.06590953469276428,0.24945977330207825,0.474417120218277,0.0017762441420927644,2.1269748210906982,0.1538510024547577,,,,,,,,,,,,,,,
,0.00022052357969629867,7439,,,,,,,,,,,,,,,,,,,,,,,,,,,,,,
10,,7439,0.06882847845554352,0.03098229318857193,0.3189019560813904,0.0020430332515388727,0.07031996548175812,0.018231363967061043,0.1900252252817154,0.010906457901000977,0.1373458057641983,0.03491334244608879,0.21040895581245422,0.4669249653816223,0.004639282822608948,2.128849744796753,0.15997254848480225,,,,,,,,,,,,,,,
,0.00022031966002581383,7449,,,,,,,,,,,,,,,,,,,,,,,,,,,,,,
10,,7449,0.108445905148983,0.02633889578282833,0.31243857741355896,0.0052117775194346905,0.08985969424247742,0.016053322702646255,0.23121227324008942,0.018106717616319656,0.23699820041656494,0.05074716731905937,0.2555670440196991,0.6309646368026733,0.002714333590120077,2.131702184677124,0.2080778330564499,,,,,,,,,,,,,,,
,0.00022011557365141663,7459,,,,,,,,,,,,,,,,,,,,,,,,,,,,,,
10,,7459,0.06195221096277237,0.027802538126707077,0.2827267348766327,0.0029135120566934347,0.06724376231431961,0.004531501326709986,0.18418467044830322,0.013922030106186867,0.11928041279315948,0.0629209503531456,0.19271975755691528,0.42202627658843994,0.0027879986446350813,2.1326839923858643,0.14367403090000153,,,,,,,,,,,,,,,
,0.00021991132105692626,7469,,,,,,,,,,,,,,,,,,,,,,,,,,,,,,
10,,7469,0.05508051812648773,0.055016085505485535,0.37645894289016724,0.002249377779662609,0.08688534051179886,0.011396866291761398,0.3009040951728821,0.011271873489022255,0.11922314018011093,0.05290469154715538,0.22697849571704865,0.5106955170631409,0.005079200025647879,2.148699998855591,0.1813676804304123,,,,,,,,,,,,,,,
,0.00021970690272655587,7479,,,,,,,,,,,,,,,,,,,,,,,,,,,,,,
10,,7479,0.05755117908120155,0.033621471375226974,0.2223128229379654,0.009923445992171764,0.06774937361478806,0.005701202433556318,0.16283971071243286,0.008044794201850891,0.09967736899852753,0.05692121013998985,0.1949070543050766,0.3738853335380554,0.0028660823591053486,2.1262080669403076,0.12146040052175522,,,,,,,,,,,,,,,
,0.0002195023191449116,7489,,,,,,,,,,,,,,,,,,,,,,,,,,,,,,
10,,7489,0.0585751011967659,0.03609246388077736,0.3022485077381134,0.00711255194619298,0.07570645213127136,0.009247600100934505,0.22588926553726196,0.013848859816789627,0.15748737752437592,0.05108882486820221,0.22526250779628754,0.5012025237083435,0.0052770934998989105,2.110530138015747,0.16779685020446777,,,,,,,,,,,,,,,
,0.00021929757079699127,7499,,,,,,,,,,,,,,,,,,,,,,,,,,,,,,
10,,7499,0.07187452167272568,0.038918837904930115,0.3103505074977875,0.003310885513201356,0.06706151366233826,0.01355514582246542,0.24517928063869476,0.008332772180438042,0.1463097631931305,0.0729679986834526,0.21607071161270142,0.4806612730026245,0.0020489119924604893,2.1299993991851807,0.12350621074438095,,,,,,,,,,,,,,,
,0.00021909265816818325,7509,,,,,,,,,,,,,,,,,,,,,,,,,,,,,,
10,,7509,0.07631475478410721,0.0271274596452713,0.31673291325569153,0.009629722684621811,0.071189746260643,0.008972367271780968,0.19749508798122406,0.015794847160577774,0.15591485798358917,0.08018207550048828,0.21591763198375702,0.5033172965049744,0.005849350709468126,2.1667606830596924,0.15077343583106995,,,,,,,,,,,,,,,
,0.0002188875817442656,7519,,,,,,,,,,,,,,,,,,,,,,,,,,,,,,
10,,7519,0.04110540449619293,0.06609281897544861,0.40989047288894653,0.0016357459826394916,0.07206645607948303,0.01018834114074707,0.2404104322195053,0.006051274016499519,0.052442003041505814,0.04584610462188721,0.23918010294437408,0.42446789145469666,0.002379666781052947,2.1543407440185547,0.18025299906730652,,,,,,,,,,,,,,,
,0.00021868234201140438,7529,,,,,,,,,,,,,,,,,,,,,,,,,,,,,,
10,,7529,0.09226854890584946,0.07270275801420212,0.3444279730319977,0.0047004334628582,0.07069357484579086,0.008252644911408424,0.2662200331687927,0.019478023052215576,0.2001388967037201,0.05181308090686798,0.22267994284629822,0.5988631248474121,0.006586153991520405,2.1485636234283447,0.16251063346862793,,,,,,,,,,,,,,,
,0.000218476939456153,7539,,,,,,,,,,,,,,,,,,,,,,,,,,,,,,
10,,7539,0.07786796241998672,0.039864618331193924,0.3850146234035492,0.0032284914050251245,0.07726198434829712,0.004467099439352751,0.2762695848941803,0.007544560357928276,0.25783613324165344,0.049717675894498825,0.22636069357395172,0.6277588605880737,0.0030411435291171074,2.135453939437866,0.14126016199588776,,,,,,,,,,,,,,,
,0.00021827137456545086,7549,,,,,,,,,,,,,,,,,,,,,,,,,,,,,,
10,,7549,0.06716979295015335,0.023067854344844818,0.30945953726768494,0.0014048473676666617,0.060629867017269135,0.006598715670406818,0.19432726502418518,0.008931752294301987,0.08826462179422379,0.03664936125278473,0.21126414835453033,0.39461496472358704,0.0011908698361366987,2.138974189758301,0.14794707298278809,,,,,,,,,,,,,,,
,0.00021806564782662208,7559,,,,,,,,,,,,,,,,,,,,,,,,,,,,,,
10,,7559,0.07603967189788818,0.06699904054403305,0.3351420760154724,0.0008118690457195044,0.0656215026974678,0.009837971068918705,0.25067028403282166,0.013330604881048203,0.13822124898433685,0.06285284459590912,0.213340625166893,0.4994758069515228,0.003014830406755209,2.160569190979004,0.1421571522951126,,,,,,,,,,,,,,,
,0.00021785975972737456,7569,,,,,,,,,,,,,,,,,,,,,,,,,,,,,,
10,,7569,0.07519205659627914,0.03559952974319458,0.3559029996395111,0.00522253243252635,0.09891447424888611,0.011689736507833004,0.2928369641304016,0.022235320881009102,0.3133906126022339,0.04864087328314781,0.23742157220840454,0.7277088761329651,0.0044943769462406635,2.1562366485595703,0.21732014417648315,,,,,,,,,,,,,,,
,0.0002176537107557987,7579,,,,,,,,,,,,,,,,,,,,,,,,,,,,,,
10,,7579,0.05371614545583725,0.033034633845090866,0.3027440905570984,0.005174527410417795,0.07933646440505981,0.011534009128808975,0.22669513523578644,0.008338794112205505,0.15578097105026245,0.04224938526749611,0.19840295612812042,0.47740256786346436,0.0025069171097129583,2.1642940044403076,0.1547110378742218,,,,,,,,,,,,,,,
,0.00021744750140036633,7589,,,,,,,,,,,,,,,,,,,,,,,,,,,,,,
10,,7589,0.07383739948272705,0.03638499602675438,0.31416311860084534,0.005678100977092981,0.09428046643733978,0.013509317301213741,0.26891303062438965,0.01930617168545723,0.22602905333042145,0.07012364268302917,0.23195596039295197,0.6012095212936401,0.004583084024488926,2.130638360977173,0.15142887830734253,,,,,,,,,,,,,,,
,0.0002172411321499294,7599,,,,,,,,,,,,,,,,,,,,,,,,,,,,,,
10,,7599,0.056392643600702286,0.024259241297841072,0.2837180495262146,0.00602749502286315,0.06684786826372147,0.009394785389304161,0.18881452083587646,0.009123899042606354,0.13026174902915955,0.06933517009019852,0.20317843556404114,0.4303217828273773,0.0010514113819226623,2.120192766189575,0.13730941712856293,,,,,,,,,,,,,,,
,0.00021703460349371893,7609,,,,,,,,,,,,,,,,,,,,,,,,,,,,,,
10,,7609,0.07888856530189514,0.030378567054867744,0.31401732563972473,0.0023722758051007986,0.07141517102718353,0.005984306801110506,0.20813827216625214,0.011934071779251099,0.1512954980134964,0.08497095853090286,0.2351558655500412,0.4991688132286072,0.00515777338296175,2.1442110538482666,0.16650323569774628,,,,,,,,,,,,,,,
,0.00021682791592134395,7619,,,,,,,,,,,,,,,,,,,,,,,,,,,,,,
10,,7619,0.11840102821588516,0.05297883599996567,0.32149845361709595,0.0035399883054196835,0.0926983654499054,0.01766684465110302,0.3084248900413513,0.020931504666805267,0.22322548925876617,0.0614037923514843,0.2560543119907379,0.6489323973655701,0.0038526945281773806,2.137955904006958,0.17001836001873016,,,,,,,,,,,,,,,
,0.00021662106992279014,7629,,,,,,,,,,,,,,,,,,,,,,,,,,,,,,
10,,7629,0.05393781140446663,0.03497505187988281,0.3252086341381073,0.0025031722616404295,0.0552653931081295,0.013010464608669281,0.21973903477191925,0.012003924697637558,0.14499782025814056,0.05591948330402374,0.19281667470932007,0.45876654982566833,0.0023590512573719025,2.1340458393096924,0.12057805061340332,,,,,,,,,,,,,,,
,0.00021641406598841873,7639,,,,,,,,,,,,,,,,,,,,,,,,,,,,,,
10,,7639,0.08939076215028763,0.0302725862711668,0.3167762756347656,0.005446095950901508,0.06641191244125366,0.012584090232849121,0.1748267412185669,0.0081490408629179,0.145869180560112,0.058624181896448135,0.20942966639995575,0.47556859254837036,0.004176101181656122,2.1819958686828613,0.1426984667778015,,,,,,,,,,,,,,,
10,,7644,,,,,,,,,,,,,,,,0.16872452199459076,0.04669943451881409,0.2587841749191284,0.009143851697444916,0.05979795381426811,0.002022437285631895,0.16721178591251373,0.026881545782089233,0.17451618611812592,0.06291279196739197,0.1977178454399109,0.5465861558914185,0.00955192744731903,2.126487970352173,0.1302374303340912
,0.00021620690460896535,7649,,,,,,,,,,,,,,,,,,,,,,,,,,,,,,
11,,7649,0.0770876482129097,0.03506194055080414,0.3311138451099396,0.001638741116039455,0.07960937917232513,0.01705903746187687,0.22825691103935242,0.014086958020925522,0.17493745684623718,0.047551266849040985,0.2069564163684845,0.5220054388046265,0.003681710921227932,2.1564643383026123,0.13912595808506012,,,,,,,,,,,,,,,
,0.00021599958627553905,7659,,,,,,,,,,,,,,,,,,,,,,,,,,,,,,
11,,7659,0.06629543751478195,0.024679841473698616,0.3121022880077362,0.006154668051749468,0.0635816752910614,0.012067552655935287,0.1961968094110489,0.008972728624939919,0.15826402604579926,0.043864477425813675,0.190165176987648,0.4715377390384674,0.000994741334579885,2.1986210346221924,0.14970047771930695,,,,,,,,,,,,,,,
,0.0002157921114796207,7669,,,,,,,,,,,,,,,,,,,,,,,,,,,,,,
11,,7669,0.0500699020922184,0.04845387488603592,0.3331581950187683,0.00553984334692359,0.058188166469335556,0.01212052907794714,0.21102462708950043,0.005367878824472427,0.07128899544477463,0.04004047065973282,0.21032068133354187,0.39811909198760986,0.0005765741225332022,2.1960151195526123,0.16516044735908508,,,,,,,,,,,,,,,
,0.0002155844807130623,7679,,,,,,,,,,,,,,,,,,,,,,,,,,,,,,
11,,7679,0.07926428318023682,0.13820724189281464,0.3738609254360199,0.001752598793245852,0.07863989472389221,0.017435342073440552,0.30331575870513916,0.013132860884070396,0.14266766607761383,0.05082903429865837,0.2438175231218338,0.5664627552032471,0.001450764131732285,2.1475722789764404,0.13263702392578125,,,,,,,,,,,,,,,
,0.00021537669446808553,7689,,,,,,,,,,,,,,,,,,,,,,,,,,,,,,
11,,7689,0.0414755716919899,0.038681305944919586,0.33291080594062805,0.003055282635614276,0.05994236841797829,0.016478078439831734,0.21842172741889954,0.013291209936141968,0.08657508343458176,0.059946972876787186,0.1944432556629181,0.4074867367744446,0.003481339430436492,2.1284143924713135,0.1309649646282196,,,,,,,,,,,,,,,
,0.00021516875323728064,7699,,,,,,,,,,,,,,,,,,,,,,,,,,,,,,
11,,7699,0.0690135806798935,0.05009645223617554,0.3556765019893646,0.0027880347333848476,0.0685184895992279,0.016108743846416473,0.25394463539123535,0.01581701636314392,0.09807742387056351,0.0577281154692173,0.22858302295207977,0.4799932539463043,0.0019738879054784775,2.11336088180542,0.19014190137386322,,,,,,,,,,,,,,,
,0.0002149606575136053,7709,,,,,,,,,,,,,,,,,,,,,,,,,,,,,,
11,,7709,0.04375191032886505,0.03506625071167946,0.35356593132019043,0.0050229160115122795,0.04600461572408676,0.011084556579589844,0.19392171502113342,0.004717014729976654,0.05774141475558281,0.05705080181360245,0.21303266286849976,0.37026724219322205,0.0021836915984749794,2.1207470893859863,0.13980643451213837,,,,,,,,,,,,,,,
,0.00021475240779038343,7719,,,,,,,,,,,,,,,,,,,,,,,,,,,,,,
11,,7719,0.050625577569007874,0.029491044580936432,0.2907440960407257,0.0018231027061119676,0.03907515108585358,0.006886624731123447,0.20680029690265656,0.004550015088170767,0.08114910870790482,0.06680779904127121,0.16372191905975342,0.34600964188575745,0.00042926380410790443,2.18943190574646,0.08682670444250107,,,,,,,,,,,,,,,
,0.0002145440045613041,7729,,,,,,,,,,,,,,,,,,,,,,,,,,,,,,
11,,7729,0.09843991696834564,0.0269376989454031,0.3318229913711548,0.005038639530539513,0.06942220777273178,0.014068558812141418,0.2117476463317871,0.011336786672472954,0.11532296240329742,0.0623374842107296,0.21559400856494904,0.47197774052619934,0.006047493312507868,2.198134183883667,0.14964567124843597,,,,,,,,,,,,,,,
,0.0002143354483204202,7739,,,,,,,,,,,,,,,,,,,,,,,,,,,,,,
11,,7739,0.07244172692298889,0.04719649255275726,0.30281132459640503,0.002014179714024067,0.05155264958739281,0.007482551503926516,0.16706246137619019,0.005887772887945175,0.08742997795343399,0.04717782512307167,0.19525590538978577,0.3848457932472229,0.0023003150708973408,2.173652410507202,0.12249252945184708,,,,,,,,,,,,,,,
,0.00021412673956214737,7749,,,,,,,,,,,,,,,,,,,,,,,,,,,,,,
11,,7749,0.07521697133779526,0.05527937412261963,0.31156936287879944,0.00644507072865963,0.0652589350938797,0.020643606781959534,0.26554030179977417,0.01112002320587635,0.19517391920089722,0.053911883383989334,0.2118554711341858,0.5573706030845642,0.006337839178740978,2.221858263015747,0.138744056224823,,,,,,,,,,,,,,,
,0.00021391787878126292,7759,,,,,,,,,,,,,,,,,,,,,,,,,,,,,,
11,,7759,0.05713754519820213,0.0418899767100811,0.27197420597076416,0.004176465794444084,0.0646660178899765,0.009611786343157291,0.18270859122276306,0.012991496361792088,0.1265745609998703,0.055172666907310486,0.18058449029922485,0.42281341552734375,0.002369878115132451,2.1187610626220703,0.12913881242275238,,,,,,,,,,,,,,,
,0.00021370886647290437,7769,,,,,,,,,,,,,,,,,,,,,,,,,,,,,,
11,,7769,0.04283253848552704,0.031186390668153763,0.3196614384651184,0.0038802684284746647,0.08466818183660507,0.006838400848209858,0.21710734069347382,0.01614665985107422,0.1580987423658371,0.05026037245988846,0.2277463674545288,0.4971413314342499,0.0011737624881789088,2.145573139190674,0.18700413405895233,,,,,,,,,,,,,,,
,0.0002134997031325686,7779,,,,,,,,,,,,,,,,,,,,,,,,,,,,,,
11,,7779,0.06887613236904144,0.0220495592802763,0.303627610206604,0.0030914414674043655,0.06463044136762619,0.010713040828704834,0.15930365025997162,0.012651242315769196,0.14574553072452545,0.037428587675094604,0.20888997614383698,0.4558093249797821,0.0041350689716637135,2.112077474594116,0.15702500939369202,,,,,,,,,,,,,,,
,0.00021329038925611054,7789,,,,,,,,,,,,,,,,,,,,,,,,,,,,,,
11,,7789,0.0697825476527214,0.043770406395196915,0.33635905385017395,0.007115938235074282,0.071649469435215,0.011673453263938427,0.264199435710907,0.011048243381083012,0.12308165431022644,0.06712780892848969,0.2232242226600647,0.4855201542377472,0.003877561539411545,2.1807327270507812,0.1419222056865692,,,,,,,,,,,,,,,
,0.00021308092533974194,7799,,,,,,,,,,,,,,,,,,,,,,,,,,,,,,
11,,7799,0.08498014509677887,0.03395387530326843,0.3387945592403412,0.004549588542431593,0.07552938908338547,0.015204906463623047,0.2007473260164261,0.013047329150140285,0.17235824465751648,0.02622513473033905,0.2470015287399292,0.5275396108627319,0.0007780021987855434,2.158022880554199,0.16363593935966492,,,,,,,,,,,,,,,
,0.00021287131188003016,7809,,,,,,,,,,,,,,,,,,,,,,,,,,,,,,
11,,7809,0.07299865037202835,0.033418990671634674,0.24980685114860535,0.0016846924554556608,0.055437054485082626,0.009024628438055515,0.18544317781925201,0.018644321709871292,0.15312762558460236,0.05824565887451172,0.19730843603610992,0.4460359811782837,0.001550082117319107,2.126682758331299,0.1109645739197731,,,,,,,,,,,,,,,
,0.00021266154937389726,7819,,,,,,,,,,,,,,,,,,,,,,,,,,,,,,
11,,7819,0.07435411214828491,0.022694604471325874,0.31312477588653564,0.004505779594182968,0.08107687532901764,0.010014792904257774,0.20719541609287262,0.015907851979136467,0.13956409692764282,0.09645664691925049,0.2357647567987442,0.496489942073822,0.0011996692046523094,2.1790573596954346,0.1880776733160019,,,,,,,,,,,,,,,
,0.00021245163831861853,7829,,,,,,,,,,,,,,,,,,,,,,,,,,,,,,
11,,7829,0.09484792500734329,0.06495261192321777,0.3565002679824829,0.007587979547679424,0.08582784980535507,0.02467866986989975,0.2556857764720917,0.01008276641368866,0.19061101973056793,0.0773482471704483,0.23193766176700592,0.6093105673789978,0.001904742093756795,2.1478958129882812,0.21020497381687164,,,,,,,,,,,,,,,
,0.0002122415792118214,7839,,,,,,,,,,,,,,,,,,,,,,,,,,,,,,
11,,7839,0.08121707290410995,0.04412238299846649,0.29617297649383545,0.003356533357873559,0.0688147321343422,0.008351659402251244,0.19411563873291016,0.02141277864575386,0.16325795650482178,0.05949150025844574,0.2466227114200592,0.515520453453064,0.0038148669991642237,2.157902956008911,0.16137398779392242,,,,,,,,,,,,,,,
,0.00021203137255148438,7849,,,,,,,,,,,,,,,,,,,,,,,,,,,,,,
11,,7849,0.0621819794178009,0.04078347235918045,0.3672162592411041,0.005925673060119152,0.05812910944223404,0.009395929053425789,0.21491739153862,0.007163480389863253,0.1102169081568718,0.03963076323270798,0.22355306148529053,0.4541327953338623,0.0027655696030706167,2.1224942207336426,0.15625682473182678,,,,,,,,,,,,,,,
,0.00021182101883593566,7859,,,,,,,,,,,,,,,,,,,,,,,,,,,,,,
11,,7859,0.07037568092346191,0.021427884697914124,0.30546849966049194,0.001713777775876224,0.061040591448545456,0.010885048657655716,0.193786159157753,0.01983887143433094,0.20237016677856445,0.0636536106467247,0.22621272504329681,0.5308864712715149,0.0013395369751378894,2.1909680366516113,0.1542825549840927,,,,,,,,,,,,,,,
,0.00021161051856385208,7869,,,,,,,,,,,,,,,,,,,,,,,,,,,,,,
11,,7869,0.07176155596971512,0.050791528075933456,0.29759952425956726,0.0016334065003320575,0.07633113861083984,0.005578027572482824,0.2235497236251831,0.010573060251772404,0.12607736885547638,0.08227946609258652,0.21539092063903809,0.46332603693008423,0.0007583635742776096,2.110719680786133,0.152090921998024,,,,,,,,,,,,,,,
,0.000211399872234258,7879,,,,,,,,,,,,,,,,,,,,,,,,,,,,,,
11,,7879,0.09208432585000992,0.06956145912408829,0.3737356662750244,0.00842585600912571,0.0713745653629303,0.025260761380195618,0.2505742907524109,0.012469908222556114,0.15546029806137085,0.03352104127407074,0.21204467117786407,0.5484402775764465,0.0022418845910578966,2.146517753601074,0.14433395862579346,,,,,,,,,,,,,,,
,0.00021118908034652392,7889,,,,,,,,,,,,,,,,,,,,,,,,,,,,,,
11,,7889,0.05977482348680496,0.04043694958090782,0.3449523150920868,0.007918738760054111,0.08452985435724258,0.007613456342369318,0.2261977195739746,0.0068061454221606255,0.11552249640226364,0.04200989753007889,0.21892951428890228,0.47721338272094727,0.008215932175517082,2.2207772731781006,0.19208721816539764,,,,,,,,,,,,,,,
,0.0002109781434003655,7899,,,,,,,,,,,,,,,,,,,,,,,,,,,,,,
11,,7899,0.051733244210481644,0.02141934633255005,0.32768675684928894,0.004999884404242039,0.06464236974716187,0.00539347855374217,0.18083682656288147,0.011309174820780754,0.12350781261920929,0.053012799471616745,0.22609516978263855,0.44139838218688965,0.0017851755255833268,2.1850311756134033,0.16606131196022034,,,,,,,,,,,,,,,
,0.0002107670618958422,7909,,,,,,,,,,,,,,,,,,,,,,,,,,,,,,
11,,7909,0.10169205814599991,0.023389622569084167,0.2706989347934723,0.0026382904034107924,0.05918794497847557,0.01752769574522972,0.17065666615962982,0.014680027030408382,0.14385278522968292,0.05928748473525047,0.2249431163072586,0.47026121616363525,0.0018466173205524683,2.1171064376831055,0.15241721272468567,,,,,,,,,,,,,,,
,0.00021055583633335632,7919,,,,,,,,,,,,,,,,,,,,,,,,,,,,,,
11,,7919,0.048651475459337234,0.04348805546760559,0.2609077990055084,0.0015962624456733465,0.03428734466433525,0.009213801473379135,0.17572200298309326,0.0077201612293720245,0.09705284237861633,0.04094650223851204,0.1632014811038971,0.35476040840148926,0.0024902760051190853,2.1665351390838623,0.1000533252954483,,,,,,,,,,,,,,,
,0.00021034446721365142,7929,,,,,,,,,,,,,,,,,,,,,,,,,,,,,,
11,,7929,0.097221240401268,0.014781080186367035,0.2628532648086548,0.004564090631902218,0.06678908318281174,0.013784489594399929,0.17081904411315918,0.00900043174624443,0.18060433864593506,0.055894698947668076,0.22792483866214752,0.5036038160324097,0.0007403619820252061,2.1765031814575195,0.18350717425346375,,,,,,,,,,,,,,,
,0.0002101329550378116,7939,,,,,,,,,,,,,,,,,,,,,,,,,,,,,,
11,,7939,0.11508305370807648,0.025771332904696465,0.23388995230197906,0.0030820320826023817,0.0712219700217247,0.02008669078350067,0.20002834498882294,0.029571013525128365,0.19804595410823822,0.082790307700634,0.20480485260486603,0.5428641438484192,0.0015014229575172067,2.1365466117858887,0.13803744316101074,,,,,,,,,,,,,,,
,0.00020992130030726006,7949,,,,,,,,,,,,,,,,,,,,,,,,,,,,,,
11,,7949,0.05934639647603035,0.06203007698059082,0.27362340688705444,0.002104926621541381,0.057620253413915634,0.01052332017570734,0.2173541933298111,0.010012511163949966,0.11651802808046341,0.0485178604722023,0.19792285561561584,0.4450201988220215,0.00762150576338172,2.163733720779419,0.1710781455039978,,,,,,,,,,,,,,,
,0.00020970950352375796,7959,,,,,,,,,,,,,,,,,,,,,,,,,,,,,,
11,,7959,0.06584803760051727,0.028017817065119743,0.26977992057800293,0.006174338981509209,0.0669156163930893,0.01936531625688076,0.2112007588148117,0.015626149252057076,0.15368084609508514,0.0455695278942585,0.19902054965496063,0.4712928533554077,0.0048123691231012344,2.138197422027588,0.13360919058322906,,,,,,,,,,,,,,,
,0.0002094975651894031,7969,,,,,,,,,,,,,,,,,,,,,,,,,,,,,,
11,,7969,0.07592625916004181,0.027385825291275978,0.30053913593292236,0.0037236297503113747,0.06752689927816391,0.008566583506762981,0.18241606652736664,0.012170716188848019,0.14601851999759674,0.05591042339801788,0.20772907137870789,0.4616662561893463,0.0018460099818184972,2.0950844287872314,0.14042262732982635,,,,,,,,,,,,,,,
,0.0002092854858066289,7979,,,,,,,,,,,,,,,,,,,,,,,,,,,,,,
11,,7979,0.10325247049331665,0.02419893629848957,0.27936962246894836,0.008135072886943817,0.0660773515701294,0.014313929714262486,0.1647450178861618,0.015458483248949051,0.15398968756198883,0.057438723742961884,0.2117956280708313,0.4827330708503723,0.0028896473813802004,2.1183698177337646,0.1376865953207016,,,,,,,,,,,,,,,
,0.00020907326587820332,7989,,,,,,,,,,,,,,,,,,,,,,,,,,,,,,
11,,7989,0.04654713720083237,0.031980644911527634,0.3743867576122284,0.004143505822867155,0.06959345936775208,0.005764640402048826,0.24359241127967834,0.010937737300992012,0.11076390743255615,0.028500819578766823,0.23785385489463806,0.4549584984779358,0.002183800097554922,2.159547805786133,0.15174353122711182,,,,,,,,,,,,,,,
,0.00020886090590722736,7999,,,,,,,,,,,,,,,,,,,,,,,,,,,,,,
11,,7999,0.05982076749205589,0.026254842057824135,0.28346508741378784,0.004271805752068758,0.06581833958625793,0.008981580846011639,0.1657831221818924,0.013110404834151268,0.13577485084533691,0.054511260241270065,0.2235497087240219,0.43359383940696716,0.001946558360941708,2.168546199798584,0.12586866319179535,,,,,,,,,,,,,,,
,0.0002086484063971339,8009,,,,,,,,,,,,,,,,,,,,,,,,,,,,,,
11,,8009,0.05045874044299126,0.06272543221712112,0.2851775288581848,0.0022576171904802322,0.06868547201156616,0.006025494076311588,0.1955554038286209,0.009328074753284454,0.09504424780607224,0.051937658339738846,0.1919519007205963,0.40500909090042114,0.0016169921727851033,2.2028512954711914,0.15211793780326843,,,,,,,,,,,,,,,
,0.00020843576785168683,8019,,,,,,,,,,,,,,,,,,,,,,,,,,,,,,
11,,8019,0.08650324493646622,0.03362211957573891,0.25823065638542175,0.0019675588700920343,0.06698727607727051,0.00950134452432394,0.2155781090259552,0.015556709840893745,0.19646939635276794,0.05650104954838753,0.1997477263212204,0.5176399946212769,0.005149641074240208,2.13486909866333,0.1350344717502594,,,,,,,,,,,,,,,
,0.0002082229907749796,8029,,,,,,,,,,,,,,,,,,,,,,,,,,,,,,
11,,8029,0.09185716509819031,0.03615796938538551,0.2630923092365265,0.0020250636152923107,0.07916376739740372,0.013595647178590298,0.20106682181358337,0.018590494990348816,0.22966603934764862,0.051655154675245285,0.23469187319278717,0.573994517326355,0.0006658736965619028,2.157058000564575,0.17395147681236267,,,,,,,,,,,,,,,
,0.00020801007567143397,8039,,,,,,,,,,,,,,,,,,,,,,,,,,,,,,
11,,8039,0.1084912121295929,0.0302731953561306,0.33600085973739624,0.004663432482630014,0.09668432921171188,0.018549684435129166,0.2060292810201645,0.017773298546671867,0.22698624432086945,0.06552478671073914,0.24280193448066711,0.6132552623748779,0.0006168547552078962,2.099226951599121,0.1757265329360962,,,,,,,,,,,,,,,
,0.00020779702304579898,8049,,,,,,,,,,,,,,,,,,,,,,,,,,,,,,
11,,8049,0.04608871787786484,0.06784142553806305,0.3372954726219177,0.002595402067527175,0.07080819457769394,0.005345737561583519,0.2443830966949463,0.013731496408581734,0.13527193665504456,0.041751712560653687,0.20658525824546814,0.4822646677494049,0.0028623256366699934,2.136758804321289,0.15794487297534943,,,,,,,,,,,,,,,
,0.00020758383340314972,8059,,,,,,,,,,,,,,,,,,,,,,,,,,,,,,
11,,8059,0.08877450227737427,0.033727020025253296,0.2898368537425995,0.006787171587347984,0.08524148911237717,0.019652312621474266,0.22476667165756226,0.019000016152858734,0.22447745501995087,0.06680672615766525,0.2166338413953781,0.5907474756240845,0.002161511918529868,2.260165214538574,0.17605403065681458,,,,,,,,,,,,,,,
,0.0002073705072488861,8069,,,,,,,,,,,,,,,,,,,,,,,,,,,,,,
11,,8069,0.03961125761270523,0.033725518733263016,0.24259528517723083,0.0007852976559661329,0.0502045638859272,0.01281002163887024,0.1501295417547226,0.0058038122951984406,0.06846857815980911,0.031142743304371834,0.1958540380001068,0.31752389669418335,0.0017637357814237475,2.179596424102783,0.11432448029518127,,,,,,,,,,,,,,,
,0.00020715704508873154,8079,,,,,,,,,,,,,,,,,,,,,,,,,,,,,,
11,,8079,0.08158522099256516,0.030593011528253555,0.39034146070480347,0.00751696340739727,0.08129948377609253,0.02640661783516407,0.21703943610191345,0.007275531068444252,0.1126922145485878,0.06860840320587158,0.22423936426639557,0.4990103244781494,0.004005517344921827,2.1125361919403076,0.1815354973077774,,,,,,,,,,,,,,,
,0.000206943447428732,8089,,,,,,,,,,,,,,,,,,,,,,,,,,,,,,
11,,8089,0.09952927380800247,0.026912739500403404,0.2826724052429199,0.0007543997489847243,0.07002764195203781,0.02083905227482319,0.16531704366207123,0.01218695379793644,0.17734472453594208,0.06798205524682999,0.18494611978530884,0.49332088232040405,0.0022515878081321716,2.1629843711853027,0.13003185391426086,,,,,,,,,,,,,,,
,0.00020672971477525462,8099,,,,,,,,,,,,,,,,,,,,,,,,,,,,,,
11,,8099,0.07028942555189133,0.03515546768903732,0.2776394486427307,0.006278866436332464,0.05617961660027504,0.02397429198026657,0.1466795951128006,0.006231192033737898,0.0921376422047615,0.05168949067592621,0.2024756371974945,0.39242929220199585,0.0019617194775491953,2.1309592723846436,0.1412353664636612,,,,,,,,,,,,,,,
,0.00020651584763498653,8109,,,,,,,,,,,,,,,,,,,,,,,,,,,,,,
11,,8109,0.05208714306354523,0.05590604990720749,0.37763985991477966,0.0005312791327014565,0.06254582107067108,0.008078043349087238,0.23371705412864685,0.01356879435479641,0.12822583317756653,0.033429063856601715,0.2547288239002228,0.48879295587539673,0.00046882228343747556,2.1628448963165283,0.16745135188102722,,,,,,,,,,,,,,,
,0.0002063018465149338,8119,,,,,,,,,,,,,,,,,,,,,,,,,,,,,,
11,,8119,0.1012868881225586,0.052421700209379196,0.3836359679698944,0.006896502338349819,0.08036120980978012,0.012666287831962109,0.2660675346851349,0.013741269707679749,0.187555730342865,0.05134165659546852,0.24567356705665588,0.603868305683136,0.0012373003410175443,2.1301538944244385,0.19319424033164978,,,,,,,,,,,,,,,
,0.00020608771192242,8129,,,,,,,,,,,,,,,,,,,,,,,,,,,,,,
11,,8129,0.044777072966098785,0.03308756276965141,0.32947900891304016,0.005330000072717667,0.0531211793422699,0.0057138120755553246,0.18669851124286652,0.009923113510012627,0.11505503952503204,0.0691954717040062,0.19357259571552277,0.4127664864063263,0.0015656384639441967,2.1114931106567383,0.11506573110818863,,,,,,,,,,,,,,,
,0.0002058734443650852,8139,,,,,,,,,,,,,,,,,,,,,,,,,,,,,,
11,,8139,0.08152901381254196,0.03481118008494377,0.2836090922355652,0.008286876603960991,0.06373441219329834,0.016663989052176476,0.18396924436092377,0.012149196118116379,0.15653099119663239,0.06737952679395676,0.1747267246246338,0.47765612602233887,0.0049777585081756115,2.1710050106048584,0.1354314386844635,,,,,,,,,,,,,,,
,0.00020565904435088458,8149,,,,,,,,,,,,,,,,,,,,,,,,,,,,,,
11,,8149,0.05668002739548683,0.03604675829410553,0.3299395442008972,0.001812141272239387,0.07642267644405365,0.0029454324394464493,0.20790177583694458,0.008104021660983562,0.12050735205411911,0.05341861769556999,0.23372256755828857,0.4447215497493744,0.0029542960692197084,2.178852081298828,0.1409733146429062,,,,,,,,,,,,,,,
,0.00020544451238808738,8159,,,,,,,,,,,,,,,,,,,,,,,,,,,,,,
11,,8159,0.046833280473947525,0.03865501657128334,0.3900613486766815,0.0009747816948220134,0.0798480436205864,0.011085637845098972,0.22523896396160126,0.005134949926286936,0.07574313133955002,0.07935599982738495,0.23180168867111206,0.4314614534378052,0.0028716756496578455,2.134572982788086,0.16920515894889832,,,,,,,,,,,,,,,
,0.00020522984898527577,8169,,,,,,,,,,,,,,,,,,,,,,,,,,,,,,
11,,8169,0.04480166360735893,0.031827691942453384,0.32446786761283875,0.0035744053311645985,0.07855474948883057,0.01136795710772276,0.1862582266330719,0.011617791838943958,0.12705810368061066,0.05425994098186493,0.2098357379436493,0.4450666010379791,0.0008389289723709226,2.112180471420288,0.1583724468946457,,,,,,,,,,,,,,,
,0.00020501505465134333,8179,,,,,,,,,,,,,,,,,,,,,,,,,,,,,,
11,,8179,0.08395678550004959,0.06043227016925812,0.2789432406425476,0.003497255500406027,0.06359078735113144,0.022577282041311264,0.25358760356903076,0.012152394279837608,0.1911129355430603,0.0522909015417099,0.2029835432767868,0.5375420451164246,0.005512412637472153,2.19586181640625,0.12136399745941162,,,,,,,,,,,,,,,
,0.0002048001298954941,8189,,,,,,,,,,,,,,,,,,,,,,,,,,,,,,
11,,8189,0.06621863692998886,0.04555865377187729,0.2937738299369812,0.0063355350866913795,0.06384586542844772,0.006910666357725859,0.19598092138767242,0.006781840696930885,0.09879448264837265,0.054168324917554855,0.2274726778268814,0.4090423583984375,0.004929684568196535,2.182746171951294,0.10234694927930832,,,,,,,,,,,,,,,
,0.00020458507522724137,8199,,,,,,,,,,,,,,,,,,,,,,,,,,,,,,
11,,8199,0.07028216868638992,0.026600535959005356,0.27559128403663635,0.004556216765195131,0.06661481410264969,0.010485725477337837,0.20318272709846497,0.008904793299734592,0.12185514718294144,0.0646539106965065,0.17940980195999146,0.419258713722229,0.0008247251971624792,2.191530466079712,0.12128949165344238,,,,,,,,,,,,,,,
,0.00020436989115640633,8209,,,,,,,,,,,,,,,,,,,,,,,,,,,,,,
11,,8209,0.10425309836864471,0.025475500151515007,0.2883227467536926,0.00871515367180109,0.0637190043926239,0.014856217429041862,0.1948649138212204,0.019518304616212845,0.18221817910671234,0.07819683849811554,0.22189725935459137,0.5331584215164185,0.008440806530416012,2.113950490951538,0.12423097342252731,,,,,,,,,,,,,,,
,0.00020415457819311696,8219,,,,,,,,,,,,,,,,,,,,,,,,,,,,,,
11,,8219,0.0497882217168808,0.06429418176412582,0.3813082277774811,0.0020673219114542007,0.04898831993341446,0.007614200469106436,0.2969672679901123,0.010922053828835487,0.08487452566623688,0.03305170685052872,0.19937823712825775,0.4321027994155884,0.0011386750265955925,2.226111888885498,0.10988838225603104,,,,,,,,,,,,,,,
,0.00020393913684780678,8229,,,,,,,,,,,,,,,,,,,,,,,,,,,,,,
11,,8229,0.07372360676527023,0.06122038513422012,0.24944712221622467,0.0035974550992250443,0.05239039659500122,0.01515144295990467,0.2126123160123825,0.009201209992170334,0.11399687826633453,0.07181400060653687,0.1695132851600647,0.4112544655799866,0.000630284077487886,2.17825984954834,0.09714457392692566,,,,,,,,,,,,,,,
,0.00020372356763121373,8239,,,,,,,,,,,,,,,,,,,,,,,,,,,,,,
11,,8239,0.10119623690843582,0.05392953380942345,0.3075125515460968,0.0024438933469355106,0.06964917480945587,0.014410161413252354,0.2612157166004181,0.016156956553459167,0.1979236751794815,0.054681792855262756,0.22584709525108337,0.5780348777770996,0.0032225940376520157,2.138274669647217,0.16857019066810608,,,,,,,,,,,,,,,
,0.00020350787105437881,8249,,,,,,,,,,,,,,,,,,,,,,,,,,,,,,
11,,8249,0.06964831054210663,0.03670164570212364,0.31977611780166626,0.0063002947717905045,0.07681071758270264,0.017780166119337082,0.18850824236869812,0.017450658604502678,0.19516359269618988,0.04087916389107704,0.21302394568920135,0.5481740236282349,0.0021237696055322886,2.1401820182800293,0.19247180223464966,,,,,,,,,,,,,,,
,0.00020329204762864502,8259,,,,,,,,,,,,,,,,,,,,,,,,,,,,,,
11,,8259,0.08700834959745407,0.018418626859784126,0.24900102615356445,0.0028582653030753136,0.05735807120800018,0.012961842119693756,0.14438125491142273,0.009362527169287205,0.12300366163253784,0.023975925520062447,0.1652064025402069,0.39715126156806946,0.0038250216748565435,2.135795831680298,0.129921555519104,,,,,,,,,,,,,,,
,0.00020307609786565601,8269,,,,,,,,,,,,,,,,,,,,,,,,,,,,,,
11,,8269,0.09448897838592529,0.02874876745045185,0.26527172327041626,0.0018632650608196855,0.06148342043161392,0.016404880210757256,0.1776667982339859,0.012492973357439041,0.12834393978118896,0.0491219200193882,0.205597922205925,0.43981659412384033,0.0007339957519434392,2.14023494720459,0.1385967880487442,,,,,,,,,,,,,,,
,0.00020286002227735497,8279,,,,,,,,,,,,,,,,,,,,,,,,,,,,,,
11,,8279,0.07424093037843704,0.037041373550891876,0.3403679132461548,0.008668407797813416,0.07801561057567596,0.019250381737947464,0.22794482111930847,0.008548087440431118,0.11875585466623306,0.07443222403526306,0.20936843752861023,0.48195523023605347,0.0028790414799004793,2.141817569732666,0.16634196043014526,,,,,,,,,,,,,,,
,0.0002026438213759834,8289,,,,,,,,,,,,,,,,,,,,,,,,,,,,,,
11,,8289,0.06371854990720749,0.03525363281369209,0.39930447936058044,0.004863782785832882,0.11640334129333496,0.010919052176177502,0.26811227202415466,0.01639428734779358,0.15921637415885925,0.08493892848491669,0.24082307517528534,0.5715734958648682,0.00051011802861467,2.1284587383270264,0.2078099101781845,,,,,,,,,,,,,,,
,0.00020242749567407978,8299,,,,,,,,,,,,,,,,,,,,,,,,,,,,,,
11,,8299,0.039235860109329224,0.02980014868080616,0.22026056051254272,0.01092217955738306,0.05074616149067879,0.009752115234732628,0.13955746591091156,0.007910030893981457,0.09851384162902832,0.03833313286304474,0.17380651831626892,0.3447851538658142,0.0007743684691376984,2.193815231323242,0.12028439342975616,,,,,,,,,,,,,,,
,0.00020221104568447854,8309,,,,,,,,,,,,,,,,,,,,,,,,,,,,,,
11,,8309,0.0478547178208828,0.04897506162524223,0.3200291395187378,0.0035368006210774183,0.05532880499958992,0.012837172485888004,0.19076256453990936,0.007016059011220932,0.09424087405204773,0.0695931538939476,0.2201748937368393,0.41694045066833496,0.007059997413307428,2.157960891723633,0.14381738007068634,,,,,,,,,,,,,,,
,0.0002019944719203087,8319,,,,,,,,,,,,,,,,,,,,,,,,,,,,,,
11,,8319,0.02633580006659031,0.08446526527404785,0.33443671464920044,0.001215292839333415,0.039729055017232895,0.01013709045946598,0.25082552433013916,0.006432186812162399,0.07166003435850143,0.05185697227716446,0.19094285368919373,0.38052552938461304,0.001473192940466106,2.2270917892456055,0.09595172852277756,,,,,,,,,,,,,,,
,0.00020177777489499275,8329,,,,,,,,,,,,,,,,,,,,,,,,,,,,,,
11,,8329,0.04255294427275658,0.03267743065953255,0.29452767968177795,0.005885588005185127,0.07573442906141281,0.010285749100148678,0.1958107352256775,0.012932263314723969,0.1645694077014923,0.07058966904878616,0.2143322229385376,0.48712366819381714,0.011127712205052376,2.170842170715332,0.14472968876361847,,,,,,,,,,,,,,,
,0.00020156095512224547,8339,,,,,,,,,,,,,,,,,,,,,,,,,,,,,,
11,,8339,0.039540667086839676,0.03336215764284134,0.3923492133617401,0.003878822783008218,0.06670606136322021,0.014882436953485012,0.21174167096614838,0.011876764707267284,0.060847144573926926,0.08776348829269409,0.24395734071731567,0.4154605269432068,0.00040833893581293523,2.1097288131713867,0.16206784546375275,,,,,,,,,,,,,,,
11,,8339,,,,,,,,,,,,,,,,0.16459769010543823,0.03446291759610176,0.2575993239879608,0.008698632940649986,0.06280243396759033,0.0019192127510905266,0.14647187292575836,0.02162225730717182,0.18049503862857819,0.06202462688088417,0.17932000756263733,0.5346912741661072,0.009756247512996197,2.0966148376464844,0.1410314440727234
,0.00020134401311607239,8349,,,,,,,,,,,,,,,,,,,,,,,,,,,,,,
12,,8349,0.100197434425354,0.03292582929134369,0.2740479111671448,0.0019366262713447213,0.07002561539411545,0.010214756242930889,0.1946479082107544,0.01229921542108059,0.14797542989253998,0.044205956161022186,0.20213352143764496,0.47503823041915894,0.0018905679462477565,2.1587541103363037,0.15706534683704376,,,,,,,,,,,,,,,
,0.00020112694939076897,8359,,,,,,,,,,,,,,,,,,,,,,,,,,,,,,
12,,8359,0.09861025959253311,0.02567145600914955,0.310396671295166,0.002836207626387477,0.08903812617063522,0.008398707024753094,0.21820785105228424,0.010276272892951965,0.16558170318603516,0.06947033852338791,0.20741814374923706,0.5212659239768982,0.003341223578900099,2.1044375896453857,0.17874260246753693,,,,,,,,,,,,,,,
,0.00020090976446091935,8369,,,,,,,,,,,,,,,,,,,,,,,,,,,,,,
12,,8369,0.06867373734712601,0.05199432745575905,0.31647664308547974,0.004963897168636322,0.04700271040201187,0.005420114379376173,0.20294836163520813,0.006545244716107845,0.08022100478410721,0.04652702808380127,0.1751672923564911,0.38223811984062195,0.002266431925818324,2.180276870727539,0.10317869484424591,,,,,,,,,,,,,,,
,0.00020069245884139482,8379,,,,,,,,,,,,,,,,,,,,,,,,,,,,,,
12,,8379,0.02594960853457451,0.03636282682418823,0.3159787356853485,0.0019329737406224012,0.05726919695734978,0.0038431843277066946,0.1776762455701828,0.007565476931631565,0.049684762954711914,0.0342298224568367,0.19191622734069824,0.3214033544063568,0.002386879874393344,2.221693754196167,0.11114667356014252,,,,,,,,,,,,,,,
,0.0002004750330473527,8389,,,,,,,,,,,,,,,,,,,,,,,,,,,,,,
12,,8389,0.06386637687683105,0.03594108670949936,0.315593957901001,0.0027703538071364164,0.04902657866477966,0.02223113924264908,0.16440284252166748,0.009875817224383354,0.12031526118516922,0.060011498630046844,0.21648016571998596,0.43368402123451233,0.00143392663449049,2.1439619064331055,0.13843366503715515,,,,,,,,,,,,,,,
,0.00020025748759423543,8399,,,,,,,,,,,,,,,,,,,,,,,,,,,,,,
12,,8399,0.03911497816443443,0.03540848568081856,0.29425153136253357,0.004014683421701193,0.03775770217180252,0.008526600897312164,0.17289498448371887,0.0042093670926988125,0.05483067408204079,0.05585802346467972,0.17186525464057922,0.319103866815567,0.0008390967268496752,2.1703274250030518,0.11178486049175262,,,,,,,,,,,,,,,
,0.00020003982299776908,8409,,,,,,,,,,,,,,,,,,,,,,,,,,,,,,
12,,8409,0.04190099984407425,0.04764540493488312,0.3101191520690918,0.0012975384015589952,0.07281451672315598,0.00912302266806364,0.19458863139152527,0.01077597588300705,0.08564186841249466,0.051047176122665405,0.19525232911109924,0.39713308215141296,0.0019909434486180544,2.2068021297454834,0.15420843660831451,,,,,,,,,,,,,,,
,0.00019982203977396206,8419,,,,,,,,,,,,,,,,,,,,,,,,,,,,,,
12,,8419,0.056336741894483566,0.04778861254453659,0.3262992203235626,0.0014078147942200303,0.06242598593235016,0.033715032041072845,0.22278988361358643,0.011083107441663742,0.11460210382938385,0.06947415322065353,0.19137556850910187,0.44650840759277344,0.0012876192340627313,2.180098295211792,0.12032163888216019,,,,,,,,,,,,,,,
,0.00019960413843910402,8429,,,,,,,,,,,,,,,,,,,,,,,,,,,,,,
12,,8429,0.04149646311998367,0.02079717442393303,0.22726821899414062,0.0023600682616233826,0.06396843492984772,0.024707984179258347,0.1543693244457245,0.012981519103050232,0.10685452073812485,0.05248071253299713,0.19791190326213837,0.38100674748420715,0.001886505982838571,2.159976005554199,0.1509454995393753,,,,,,,,,,,,,,,
,0.00019938611950976473,8439,,,,,,,,,,,,,,,,,,,,,,,,,,,,,,
12,,8439,0.03663887828588486,0.031000150367617607,0.3089595139026642,0.003435492515563965,0.05934957414865494,0.013459635898470879,0.18530572950839996,0.00836285762488842,0.10341398417949677,0.04595063254237175,0.20115375518798828,0.3924461603164673,0.0014455007622018456,2.1300134658813477,0.12454665452241898,,,,,,,,,,,,,,,
,0.00019916798350279265,8449,,,,,,,,,,,,,,,,,,,,,,,,,,,,,,
12,,8449,0.06440391391515732,0.05103711411356926,0.3576381504535675,0.0007377570727840066,0.056905511766672134,0.013060178607702255,0.2621816098690033,0.014304143376648426,0.13450661301612854,0.03831179067492485,0.23572403192520142,0.4845384359359741,0.0004802804614882916,2.108816623687744,0.11802647262811661,,,,,,,,,,,,,,,
,0.00019894973093531374,8459,,,,,,,,,,,,,,,,,,,,,,,,,,,,,,
12,,8459,0.10451444983482361,0.032955579459667206,0.32842907309532166,0.005958625115454197,0.09040984511375427,0.014540965668857098,0.2183726727962494,0.02278319001197815,0.2873016893863678,0.07442548125982285,0.22893722355365753,0.6753746271133423,0.0032638527918606997,2.1761934757232666,0.16893915832042694,,,,,,,,,,,,,,,
,0.0001987313623247303,8469,,,,,,,,,,,,,,,,,,,,,,,,,,,,,,
12,,8469,0.030170058831572533,0.06179468706250191,0.4172990322113037,0.0038737391587346792,0.07673779875040054,0.01881817728281021,0.2877689003944397,0.004819168243557215,0.08648645132780075,0.07089915871620178,0.22191683948040009,0.4644668698310852,0.0008632760727778077,2.1166439056396484,0.159591943025589,,,,,,,,,,,,,,,
,0.00019851287818871993,8479,,,,,,,,,,,,,,,,,,,,,,,,,,,,,,
12,,8479,0.05865444988012314,0.033003367483615875,0.3674108684062958,0.002350475173443556,0.07149367779493332,0.01690555550158024,0.22994650900363922,0.015141068026423454,0.12802544236183167,0.038907233625650406,0.21885362267494202,0.48453620076179504,0.0010103487875312567,2.1316752433776855,0.1727912425994873,,,,,,,,,,,,,,,
,0.00019829427904523381,8489,,,,,,,,,,,,,,,,,,,,,,,,,,,,,,
12,,8489,0.0730297639966011,0.03441426530480385,0.23453493416309357,0.0035660029388964176,0.055449191480875015,0.006033158861100674,0.18184924125671387,0.009507646784186363,0.11890362203121185,0.03503238037228584,0.16851747035980225,0.39319026470184326,0.0014135089004412293,2.1614441871643066,0.12619614601135254,,,,,,,,,,,,,,,
,0.00019807556541249593,8499,,,,,,,,,,,,,,,,,,,,,,,,,,,,,,
12,,8499,0.05758032575249672,0.023322254419326782,0.2545662522315979,0.0052984124049544334,0.07025140523910522,0.012139496393501759,0.18848250806331635,0.01031331717967987,0.15867482125759125,0.02385856956243515,0.1685567945241928,0.4391908049583435,0.0017583452863618731,2.174039125442505,0.13537859916687012,,,,,,,,,,,,,,,
,0.00019785673780900174,8509,,,,,,,,,,,,,,,,,,,,,,,,,,,,,,
12,,8509,0.04584934189915657,0.04042973741889,0.282828688621521,0.0032587761525064707,0.05173540487885475,0.008074291050434113,0.19415508210659027,0.01184883713722229,0.14086565375328064,0.04477904364466667,0.2061038613319397,0.4358854591846466,0.004499014467000961,2.1338095664978027,0.12673546373844147,,,,,,,,,,,,,,,
,0.00019763779675351675,8519,,,,,,,,,,,,,,,,,,,,,,,,,,,,,,
12,,8519,0.06090304255485535,0.02711034193634987,0.3531758785247803,0.0032588958274573088,0.06330078095197678,0.027967974543571472,0.24451559782028198,0.010089416988193989,0.1214667558670044,0.08001138269901276,0.2120622843503952,0.4704323410987854,0.0019950130954384804,2.137523889541626,0.13673852384090424,,,,,,,,,,,,,,,
,0.00019741874276507534,8529,,,,,,,,,,,,,,,,,,,,,,,,,,,,,,
12,,8529,0.094385527074337,0.017648112028837204,0.21678565442562103,0.002723125508055091,0.06765978783369064,0.013046265579760075,0.15535598993301392,0.01296277903020382,0.18458767235279083,0.06176416575908661,0.20375925302505493,0.47894150018692017,0.0024543371982872486,2.1758556365966797,0.14877444505691528,,,,,,,,,,,,,,,
,0.00019719957636297992,8539,,,,,,,,,,,,,,,,,,,,,,,,,,,,,,
12,,8539,0.06343414634466171,0.029601484537124634,0.2754228115081787,0.004994203336536884,0.06749925762414932,0.03174765408039093,0.16307711601257324,0.014669319614768028,0.1835794895887375,0.07935652881860733,0.21650853753089905,0.5068780779838562,0.003555688075721264,2.180572271347046,0.15057256817817688,,,,,,,,,,,,,,,
,0.00019698029806679922,8549,,,,,,,,,,,,,,,,,,,,,,,,,,,,,,
12,,8549,0.08101563155651093,0.0534406341612339,0.35978594422340393,0.0024456740356981754,0.07625061273574829,0.017121171578764915,0.21339747309684753,0.009485146030783653,0.11960442364215851,0.03762727603316307,0.22394222021102905,0.48626792430877686,0.0007342440658248961,2.1497132778167725,0.17591136693954468,,,,,,,,,,,,,,,
,0.00019676090839636709,8559,,,,,,,,,,,,,,,,,,,,,,,,,,,,,,
12,,8559,0.0997094064950943,0.030228648334741592,0.3163607716560364,0.0025851165410131216,0.06990333646535873,0.057822808623313904,0.18281061947345734,0.015038887970149517,0.17551466822624207,0.06155683845281601,0.2237829566001892,0.5518193244934082,0.0010757471900433302,2.1319758892059326,0.18223485350608826,,,,,,,,,,,,,,,
,0.00019654140787178168,8569,,,,,,,,,,,,,,,,,,,,,,,,,,,,,,
12,,8569,0.06882710754871368,0.025547189638018608,0.2739410102367401,0.00573496799916029,0.0663003996014595,0.006626080255955458,0.20226316154003143,0.01716570183634758,0.144913911819458,0.06291116774082184,0.20544219017028809,0.4614253044128418,0.0017023241380229592,2.13082218170166,0.1470487415790558,,,,,,,,,,,,,,,
,0.00019632179701340382,8579,,,,,,,,,,,,,,,,,,,,,,,,,,,,,,
12,,8579,0.04023858532309532,0.03165914863348007,0.38801467418670654,0.0015107005601748824,0.05029989778995514,0.016623377799987793,0.22269532084465027,0.004789124242961407,0.048068512231111526,0.04095589742064476,0.1928374320268631,0.36686497926712036,0.0016143426764756441,2.104170322418213,0.13474521040916443,,,,,,,,,,,,,,,
,0.00019610207634185585,8589,,,,,,,,,,,,,,,,,,,,,,,,,,,,,,
12,,8589,0.06279303878545761,0.04860994219779968,0.3516472280025482,0.0012240498326718807,0.06837556511163712,0.01843443512916565,0.206559419631958,0.008284786716103554,0.1189018189907074,0.03437121585011482,0.22327110171318054,0.4621025025844574,0.0013479037443175912,2.125171661376953,0.16082802414894104,,,,,,,,,,,,,,,
,0.0001958822463780205,8599,,,,,,,,,,,,,,,,,,,,,,,,,,,,,,
12,,8599,0.07004240155220032,0.023040058091282845,0.2563358247280121,0.0017271253746002913,0.0688760057091713,0.01434246264398098,0.14800237119197845,0.019726019352674484,0.14428500831127167,0.05060857906937599,0.20001079142093658,0.43900159001350403,0.001922460040077567,2.1759033203125,0.13739576935768127,,,,,,,,,,,,,,,
,0.00019566230764303953,8609,,,,,,,,,,,,,,,,,,,,,,,,,,,,,,
12,,8609,0.04519420489668846,0.024500926956534386,0.364126056432724,0.0014817910268902779,0.08697649836540222,0.012963395565748215,0.21696549654006958,0.0067715030163526535,0.14551973342895508,0.07290467619895935,0.23679162561893463,0.5043188333511353,0.0024131450336426497,2.134305715560913,0.21912027895450592,,,,,,,,,,,,,,,
,0.00019544226065831271,8619,,,,,,,,,,,,,,,,,,,,,,,,,,,,,,
12,,8619,0.06179441511631012,0.021944483742117882,0.20770952105522156,0.0023827014956623316,0.05803758278489113,0.00456740939989686,0.14001822471618652,0.009361263364553452,0.13689768314361572,0.04257917031645775,0.17482727766036987,0.38139429688453674,0.0016805768245831132,2.193424940109253,0.11978083103895187,,,,,,,,,,,,,,,
,0.00019522210594549627,8629,,,,,,,,,,,,,,,,,,,,,,,,,,,,,,
12,,8629,0.07880318909883499,0.03074163757264614,0.24722202122211456,0.005360796581953764,0.06178389862179756,0.007298015523701906,0.18556854128837585,0.013047583401203156,0.14277352392673492,0.04576574265956879,0.21246393024921417,0.4488884210586548,0.0013068488333374262,2.134484052658081,0.15230020880699158,,,,,,,,,,,,,,,
,0.00019500184402650186,8639,,,,,,,,,,,,,,,,,,,,,,,,,,,,,,
12,,8639,0.05780534818768501,0.020760057494044304,0.3194672167301178,0.00613929471001029,0.05951343849301338,0.029217524453997612,0.18717890977859497,0.016262607648968697,0.1894851177930832,0.041712820529937744,0.21582238376140594,0.5075505971908569,0.003637472167611122,2.149033308029175,0.11091995239257812,,,,,,,,,,,,,,,
,0.00019478147542349543,8649,,,,,,,,,,,,,,,,,,,,,,,,,,,,,,
12,,8649,0.04916607216000557,0.03010181151330471,0.34080642461776733,0.0017540499102324247,0.0573279932141304,0.010416898876428604,0.17575833201408386,0.010574698448181152,0.07341058552265167,0.034385696053504944,0.22724033892154694,0.3770028054714203,0.0029134429059922695,2.108901262283325,0.11799456924200058,,,,,,,,,,,,,,,
,0.0001945610006588956,8659,,,,,,,,,,,,,,,,,,,,,,,,,,,,,,
12,,8659,0.11098310351371765,0.04242098703980446,0.3029233515262604,0.0033188890665769577,0.07238276302814484,0.006523781456053257,0.21466925740242004,0.011773223988711834,0.15713761746883392,0.049311935901641846,0.19932591915130615,0.5046628713607788,0.0006995212752372026,2.176482915878296,0.1536993831396103,,,,,,,,,,,,,,,
,0.00019434042025537283,8669,,,,,,,,,,,,,,,,,,,,,,,,,,,,,,
12,,8669,0.04744860529899597,0.036087360233068466,0.2828761339187622,0.001095221028663218,0.046541955322027206,0.010956928133964539,0.1880258470773697,0.008963024243712425,0.09010425955057144,0.04025815799832344,0.2056330442428589,0.36544275283813477,0.002088409848511219,2.16459059715271,0.09627998620271683,,,,,,,,,,,,,,,
,0.00019411973473584793,8679,,,,,,,,,,,,,,,,,,,,,,,,,,,,,,
12,,8679,0.06865451484918594,0.05587758868932724,0.3795594573020935,0.00894838571548462,0.09871168434619904,0.016546668484807014,0.25417011976242065,0.0107806995511055,0.16847307980060577,0.061164963990449905,0.22852914035320282,0.5707204937934875,0.0010145304258912802,2.1584479808807373,0.19861073791980743,,,,,,,,,,,,,,,
,0.0001938989446234911,8689,,,,,,,,,,,,,,,,,,,,,,,,,,,,,,
12,,8689,0.0660514160990715,0.019006794318556786,0.25805172324180603,0.0015905603067949414,0.07339795678853989,0.008967319503426552,0.13400906324386597,0.00963073130697012,0.09835934638977051,0.06345666944980621,0.23022593557834625,0.39084866642951965,0.0010346588678658009,2.1931939125061035,0.16763433814048767,,,,,,,,,,,,,,,
,0.00019367805044172008,8699,,,,,,,,,,,,,,,,,,,,,,,,,,,,,,
12,,8699,0.04232059791684151,0.024536747485399246,0.2996368706226349,0.002320820465683937,0.06160649284720421,0.01350579597055912,0.15701234340667725,0.01059213187545538,0.1253485232591629,0.049460556358098984,0.21645687520503998,0.4164814054965973,0.0030857508536428213,2.151235818862915,0.1405000537633896,,,,,,,,,,,,,,,
,0.00019345705271419977,8709,,,,,,,,,,,,,,,,,,,,,,,,,,,,,,
12,,8709,0.07983247190713882,0.027668001130223274,0.24400675296783447,0.005455771926790476,0.07253281772136688,0.011008599773049355,0.1717344969511032,0.009446831420063972,0.16938026249408722,0.04156792163848877,0.18075846135616302,0.46380332112312317,0.004085254855453968,2.194916248321533,0.1409725695848465,,,,,,,,,,,,,,,
,0.0001932359519648403,8719,,,,,,,,,,,,,,,,,,,,,,,,,,,,,,
12,,8719,0.05340274050831795,0.03205657750368118,0.32996076345443726,0.0024018031544983387,0.06140468642115593,0.009629623964428902,0.17551904916763306,0.0043198829516768456,0.09416079521179199,0.047671280801296234,0.2168818861246109,0.40917256474494934,0.006119351834058762,2.152839422225952,0.1636190265417099,,,,,,,,,,,,,,,
,0.0001930147487177961,8729,,,,,,,,,,,,,,,,,,,,,,,,,,,,,,
12,,8729,0.06957599520683289,0.04355650022625923,0.2794548571109772,0.00612181331962347,0.05151165649294853,0.008459939621388912,0.18556906282901764,0.007631269283592701,0.10608933120965958,0.05296427756547928,0.1951865404844284,0.4125213325023651,0.004574873950332403,2.196735382080078,0.1385830193758011,,,,,,,,,,,,,,,
,0.0001927934434974645,8739,,,,,,,,,,,,,,,,,,,,,,,,,,,,,,
12,,8739,0.07913556694984436,0.03275708109140396,0.2945786416530609,0.007330894470214844,0.05964595079421997,0.01893891952931881,0.18923470377922058,0.011928185820579529,0.1531459540128708,0.06355616450309753,0.2239733636379242,0.4869980812072754,0.000673071772325784,2.151303768157959,0.15619345009326935,,,,,,,,,,,,,,,
,0.0001925720368284847,8749,,,,,,,,,,,,,,,,,,,,,,,,,,,,,,
12,,8749,0.04990129545331001,0.03204261139035225,0.2978481352329254,0.007052581757307053,0.059291351586580276,0.009475740604102612,0.18099641799926758,0.005964277312159538,0.07277502864599228,0.05378042533993721,0.20040711760520935,0.37076079845428467,0.007032341789454222,2.186494827270508,0.12618711590766907,,,,,,,,,,,,,,,
,0.00019235052923573636,8759,,,,,,,,,,,,,,,,,,,,,,,,,,,,,,
12,,8759,0.0567798987030983,0.018576737493276596,0.16891001164913177,0.00434103375300765,0.06332853436470032,0.007897366769611835,0.18405956029891968,0.011970356106758118,0.1547980010509491,0.048129431903362274,0.1619960367679596,0.39524170756340027,0.0010978574864566326,2.167783737182617,0.10375486314296722,,,,,,,,,,,,,,,
,0.00019212892124433826,8769,,,,,,,,,,,,,,,,,,,,,,,,,,,,,,
12,,8769,0.06325169652700424,0.02953123115003109,0.27513545751571655,0.002863815985620022,0.06827268749475479,0.0157216414809227,0.169584259390831,0.009021952748298645,0.10185785591602325,0.04244869574904442,0.19679877161979675,0.3979475498199463,0.0035067147109657526,2.1601672172546387,0.13888706266880035,,,,,,,,,,,,,,,
,0.00019190721337964742,8779,,,,,,,,,,,,,,,,,,,,,,,,,,,,,,
12,,8779,0.0985737219452858,0.04891210421919823,0.2906785011291504,0.006070722360163927,0.06848867982625961,0.011776947416365147,0.2295435070991516,0.011958759278059006,0.14930714666843414,0.04966367036104202,0.21651053428649902,0.49694013595581055,0.002140443306416273,2.1086742877960205,0.13419866561889648,,,,,,,,,,,,,,,
,0.00019168540616725752,8789,,,,,,,,,,,,,,,,,,,,,,,,,,,,,,
12,,8789,0.06184893846511841,0.017213908955454826,0.28600001335144043,0.0041136895306408405,0.053222231566905975,0.009354094974696636,0.1845398247241974,0.010808456689119339,0.13252238929271698,0.047140929847955704,0.1849927008152008,0.4175216555595398,0.0004895864403806627,2.1950550079345703,0.12596745789051056,,,,,,,,,,,,,,,
,0.00019146350013299769,8799,,,,,,,,,,,,,,,,,,,,,,,,,,,,,,
12,,8799,0.04730970412492752,0.0516282320022583,0.32943475246429443,0.008323424495756626,0.06458790600299835,0.01687631569802761,0.22855058312416077,0.009395827539265156,0.1299632042646408,0.02653016708791256,0.20892956852912903,0.45837876200675964,0.001533410744741559,2.2102808952331543,0.128460094332695,,,,,,,,,,,,,,,
,0.00019124149580293143,8809,,,,,,,,,,,,,,,,,,,,,,,,,,,,,,
12,,8809,0.0502302423119545,0.03596457093954086,0.2836727797985077,0.003658728441223502,0.06549180299043655,0.013857794925570488,0.22270150482654572,0.009476499632000923,0.09052814543247223,0.059521693736314774,0.17960023880004883,0.40270015597343445,0.014902343042194843,2.11301326751709,0.11902044713497162,,,,,,,,,,,,,,,
,0.00019101939370335527,8819,,,,,,,,,,,,,,,,,,,,,,,,,,,,,,
12,,8819,0.06332185119390488,0.03154797852039337,0.305251806974411,0.0038916717749089003,0.06956090033054352,0.006406256463378668,0.19841106235980988,0.012484249658882618,0.11979638785123825,0.06649327278137207,0.2155042290687561,0.4530215263366699,0.006497519556432962,2.1434779167175293,0.17075024545192719,,,,,,,,,,,,,,,
,0.00019079719436079735,8829,,,,,,,,,,,,,,,,,,,,,,,,,,,,,,
12,,8829,0.057419098913669586,0.05401630327105522,0.31750190258026123,0.003243199782446027,0.07035236805677414,0.013083143159747124,0.21445408463478088,0.00905662588775158,0.08659989386796951,0.01997249759733677,0.19728873670101166,0.40508806705474854,0.002185582648962736,2.17006778717041,0.12746432423591614,,,,,,,,,,,,,,,
,0.0001905748983020166,8839,,,,,,,,,,,,,,,,,,,,,,,,,,,,,,
12,,8839,0.05148479714989662,0.034935832023620605,0.27366143465042114,0.002704004757106304,0.05955559387803078,0.010062972083687782,0.19790811836719513,0.00913558155298233,0.09775412827730179,0.0497451089322567,0.18666650354862213,0.3749932646751404,0.001076022512279451,2.160609483718872,0.0943862795829773,,,,,,,,,,,,,,,
,0.00019035250605400103,8849,,,,,,,,,,,,,,,,,,,,,,,,,,,,,,
12,,8849,0.03998476266860962,0.030045190826058388,0.33650240302085876,0.004438894800841808,0.05653970316052437,0.00863719079643488,0.18590468168258667,0.006883624941110611,0.07149321585893631,0.05311693623661995,0.2036045491695404,0.3717021048069,0.004493718966841698,2.1668620109558105,0.12604448199272156,,,,,,,,,,,,,,,
,0.00019013001814396682,8859,,,,,,,,,,,,,,,,,,,,,,,,,,,,,,
12,,8859,0.06642279773950577,0.029135659337043762,0.2566176950931549,0.002469739643856883,0.08321981877088547,0.010449436493217945,0.22455288469791412,0.008368764072656631,0.1379110962152481,0.05071655660867691,0.21316121518611908,0.4542224407196045,0.0017723767086863518,2.1480603218078613,0.16480620205402374,,,,,,,,,,,,,,,
,0.00018990743509935678,8869,,,,,,,,,,,,,,,,,,,,,,,,,,,,,,
12,,8869,0.07549326121807098,0.028777431696653366,0.28155288100242615,0.003198926569893956,0.05685238540172577,0.013761410489678383,0.17737534642219543,0.005210805218666792,0.10380426049232483,0.02840006723999977,0.17398937046527863,0.3833272159099579,0.0025608567520976067,2.1939101219177246,0.10111130774021149,,,,,,,,,,,,,,,
,0.0001896847574478394,8879,,,,,,,,,,,,,,,,,,,,,,,,,,,,,,
12,,8879,0.07077544182538986,0.05157112702727318,0.3515050411224365,0.002152603818103671,0.05496460571885109,0.01984342932701111,0.2316056191921234,0.018723145127296448,0.1052250862121582,0.05712849274277687,0.21836784482002258,0.4559342563152313,0.0023948217276483774,2.1771819591522217,0.1072126105427742,,,,,,,,,,,,,,,
,0.00018946198571730743,8889,,,,,,,,,,,,,,,,,,,,,,,,,,,,,,
12,,8889,0.06478452682495117,0.047339923679828644,0.3739089369773865,0.004518727771937847,0.06868909299373627,0.00798066146671772,0.20950078964233398,0.009257309138774872,0.11024874448776245,0.045369744300842285,0.22560547292232513,0.4573236405849457,0.004088062327355146,2.1400527954101562,0.13415178656578064,,,,,,,,,,,,,,,
,0.00018923912043587645,8899,,,,,,,,,,,,,,,,,,,,,,,,,,,,,,
12,,8899,0.05498170852661133,0.02338915877044201,0.2984893321990967,0.0015087334904819727,0.05724957957863808,0.011208422482013702,0.16954641044139862,0.016631513833999634,0.11846457421779633,0.07196439802646637,0.18795378506183624,0.4081506133079529,0.0016960500506684184,2.1480355262756348,0.10922612249851227,,,,,,,,,,,,,,,
,0.00018901616213188408,8909,,,,,,,,,,,,,,,,,,,,,,,,,,,,,,
12,,8909,0.07175375521183014,0.025093896314501762,0.24009361863136292,0.004018519539386034,0.059436921030282974,0.012380996719002724,0.15728545188903809,0.00854554958641529,0.1095995083451271,0.05598057806491852,0.19313140213489532,0.38410672545433044,0.0008894097409211099,2.1614625453948975,0.119055837392807,,,,,,,,,,,,,,,
,0.00018879311133388832,8919,,,,,,,,,,,,,,,,,,,,,,,,,,,,,,
12,,8919,0.04416178911924362,0.020176051184535027,0.30935367941856384,0.0015496277483180165,0.0842476412653923,0.010879776440560818,0.1805107146501541,0.016599325463175774,0.11527656763792038,0.08051784336566925,0.21666570007801056,0.4396107494831085,0.006744996178895235,2.152639150619507,0.1648082733154297,,,,,,,,,,,,,,,
,0.0001885699685706666,8929,,,,,,,,,,,,,,,,,,,,,,,,,,,,,,
12,,8929,0.06575524806976318,0.01912323385477066,0.21831437945365906,0.0016012733103707433,0.0534130334854126,0.008759865537285805,0.13018427789211273,0.01499469019472599,0.13004828989505768,0.04208289086818695,0.1739218384027481,0.3790251314640045,0.0004039804916828871,2.1234755516052246,0.1152653768658638,,,,,,,,,,,,,,,
,0.00018834673437121408,8939,,,,,,,,,,,,,,,,,,,,,,,,,,,,,,
12,,8939,0.04562360420823097,0.04170896112918854,0.3269805908203125,0.0013658656971529126,0.061948422342538834,0.006409271154552698,0.20910266041755676,0.012150267139077187,0.13225814700126648,0.050877951085567474,0.21440373361110687,0.45002126693725586,0.006208142731338739,2.124274253845215,0.1298980563879013,,,,,,,,,,,,,,,
,0.0001881234092647429,8949,,,,,,,,,,,,,,,,,,,,,,,,,,,,,,
12,,8949,0.06275779753923416,0.021778305992484093,0.2312747985124588,0.0034346035681664944,0.04628251865506172,0.013342372141778469,0.15937425196170807,0.005843641236424446,0.08483821153640747,0.04972394183278084,0.1624756008386612,0.3393233120441437,0.0010324203176423907,2.158989429473877,0.12220898270606995,,,,,,,,,,,,,,,
,0.00018789999378068074,8959,,,,,,,,,,,,,,,,,,,,,,,,,,,,,,
12,,8959,0.060296885669231415,0.02874061092734337,0.31520387530326843,0.006568280979990959,0.06048201024532318,0.006174564361572266,0.18040314316749573,0.006840632762759924,0.14128002524375916,0.07318338751792908,0.19951647520065308,0.45267969369888306,0.00668849004432559,2.1782474517822266,0.1363568902015686,,,,,,,,,,,,,,,
,0.00018767648844866946,8969,,,,,,,,,,,,,,,,,,,,,,,,,,,,,,
12,,8969,0.0480932891368866,0.04768998920917511,0.26256468892097473,0.0035212018992751837,0.04486079141497612,0.011134233325719833,0.17590709030628204,0.006211414467543364,0.09569066762924194,0.053631629794836044,0.18662551045417786,0.3647845387458801,0.0008892904152162373,2.1166956424713135,0.10150318592786789,,,,,,,,,,,,,,,
,0.00018745289379856376,8979,,,,,,,,,,,,,,,,,,,,,,,,,,,,,,
12,,8979,0.07454455643892288,0.04032163694500923,0.3564470112323761,0.004823601804673672,0.06244877725839615,0.009629247710108757,0.2116459310054779,0.01045306771993637,0.1504572480916977,0.07107768207788467,0.18801455199718475,0.4899858236312866,0.0020549369510263205,2.1340126991271973,0.1341969221830368,,,,,,,,,,,,,,,
,0.00018722921036043037,8989,,,,,,,,,,,,,,,,,,,,,,,,,,,,,,
12,,8989,0.09608663618564606,0.053196053951978683,0.33145853877067566,0.0052424231544137,0.07767023146152496,0.017655279487371445,0.20112524926662445,0.014479989185929298,0.14163796603679657,0.06650476157665253,0.2321883738040924,0.5195921659469604,0.0010681147687137127,2.168205499649048,0.17821486294269562,,,,,,,,,,,,,,,
,0.00018700543866454633,8999,,,,,,,,,,,,,,,,,,,,,,,,,,,,,,
12,,8999,0.03676733747124672,0.029176197946071625,0.3660510778427124,0.005530192982405424,0.07356829941272736,0.007913471199572086,0.20661859214305878,0.008711370639503002,0.12691934406757355,0.0477200485765934,0.18659038841724396,0.4542105495929718,0.010030769743025303,2.102851152420044,0.14889933168888092,,,,,,,,,,,,,,,
,0.00018678157924139794,9009,,,,,,,,,,,,,,,,,,,,,,,,,,,,,,
12,,9009,0.045037221163511276,0.028898712247610092,0.2352592498064041,0.0037247142754495144,0.05607565864920616,0.016024990007281303,0.16659890115261078,0.00741150975227356,0.08716288954019547,0.06458736956119537,0.208743616938591,0.3653303384780884,0.0035269244108349085,2.186800956726074,0.1457681655883789,,,,,,,,,,,,,,,
,0.00018655763262167955,9019,,,,,,,,,,,,,,,,,,,,,,,,,,,,,,
12,,9019,0.03960256651043892,0.03639749065041542,0.2969718277454376,0.0013226709561422467,0.040034495294094086,0.012717440724372864,0.16103863716125488,0.0039027053862810135,0.042132485657930374,0.037710484117269516,0.202628031373024,0.3146316707134247,0.005695707630366087,2.1750028133392334,0.11772359162569046,,,,,,,,,,,,,,,
,0.00018633359933629214,9029,,,,,,,,,,,,,,,,,,,,,,,,,,,,,,
12,,9029,0.0819246917963028,0.025233374908566475,0.3120916783809662,0.00437987269833684,0.06270410865545273,0.006760327611118555,0.19736884534358978,0.012463262304663658,0.2237716168165207,0.058863114565610886,0.20807720720767975,0.5530346035957336,0.0041717542335391045,2.124821186065674,0.14907197654247284,,,,,,,,,,,,,,,
12,,9034,,,,,,,,,,,,,,,,0.16804622113704681,0.037927161902189255,0.26098117232322693,0.010383390821516514,0.06374938040971756,0.0017985138110816479,0.1471724808216095,0.01940227672457695,0.18062137067317963,0.06470276415348053,0.1790189892053604,0.5348433256149292,0.009376635774970055,2.0949416160583496,0.12810790538787842
,0.0001861094799163421,9039,,,,,,,,,,,,,,,,,,,,,,,,,,,,,,
13,,9039,0.04683433100581169,0.043342288583517075,0.3278931677341461,0.00395728787407279,0.05210006237030029,0.0067978510633111,0.21182887256145477,0.010637813247740269,0.09659069776535034,0.051929350942373276,0.18927177786827087,0.4025016725063324,0.0017737371381372213,2.136786699295044,0.11798388510942459,,,,,,,,,,,,,,,
,0.00018588527489314007,9049,,,,,,,,,,,,,,,,,,,,,,,,,,,,,,
13,,9049,0.06290268898010254,0.021052081137895584,0.25701504945755005,0.0009571468690410256,0.04647757485508919,0.00705483416095376,0.1485426127910614,0.008595920167863369,0.06899569183588028,0.04371851310133934,0.1757178157567978,0.3250313997268677,0.000631578906904906,2.095064163208008,0.11630184948444366,,,,,,,,,,,,,,,
,0.00018566098479819978,9059,,,,,,,,,,,,,,,,,,,,,,,,,,,,,,
13,,9059,0.09964622557163239,0.0701465904712677,0.3720015287399292,0.004708229098469019,0.08841816335916519,0.014236120507121086,0.2669738233089447,0.013410260900855064,0.18244442343711853,0.03767448291182518,0.19964967668056488,0.5741600394248962,0.0034611790906637907,2.2022454738616943,0.13035529851913452,,,,,,,,,,,,,,,
,0.00018543661016323632,9069,,,,,,,,,,,,,,,,,,,,,,,,,,,,,,
13,,9069,0.10315293818712234,0.0411568321287632,0.3663584589958191,0.0027843331918120384,0.09515850245952606,0.009219259023666382,0.3138357698917389,0.01797829568386078,0.22958582639694214,0.03616006672382355,0.24390998482704163,0.6458132863044739,0.000802153954282403,2.227207899093628,0.1855054795742035,,,,,,,,,,,,,,,
,0.00018521215152016542,9079,,,,,,,,,,,,,,,,,,,,,,,,,,,,,,
13,,9079,0.03985454514622688,0.041387349367141724,0.35188838839530945,0.004415012430399656,0.05552352964878082,0.00835641473531723,0.16963402926921844,0.007469322998076677,0.09436941146850586,0.051673345267772675,0.20508594810962677,0.4111034572124481,0.0043545872904360294,2.1952462196350098,0.16403548419475555,,,,,,,,,,,,,,,
,0.000184987609401102,9089,,,,,,,,,,,,,,,,,,,,,,,,,,,,,,
13,,9089,0.08678688108921051,0.026169000193476677,0.26128292083740234,0.0053520482033491135,0.06400693953037262,0.013764012604951859,0.18792937695980072,0.020785585045814514,0.1890169084072113,0.05831414461135864,0.22302913665771484,0.5175513625144958,0.00534897530451417,2.146285057067871,0.13860948383808136,,,,,,,,,,,,,,,
,0.00018476298433835862,9099,,,,,,,,,,,,,,,,,,,,,,,,,,,,,,
13,,9099,0.09732712060213089,0.07054983824491501,0.3270711898803711,0.0012751066824421287,0.06873705238103867,0.010365336202085018,0.27489909529685974,0.008852333761751652,0.22840255498886108,0.06678730994462967,0.2202097475528717,0.604470431804657,0.0023801124189049006,2.1852941513061523,0.1446792632341385,,,,,,,,,,,,,,,
,0.00018453827686444477,9109,,,,,,,,,,,,,,,,,,,,,,,,,,,,,,
13,,9109,0.06874945014715195,0.031723350286483765,0.34044739603996277,0.0009021984878927469,0.07742314040660858,0.009724932722747326,0.22147418558597565,0.018167991191148758,0.11399952322244644,0.06827286630868912,0.2606496810913086,0.47909775376319885,0.0005229447269812226,2.1705410480499268,0.1811639368534088,,,,,,,,,,,,,,,
,0.00018431348751206514,9119,,,,,,,,,,,,,,,,,,,,,,,,,,,,,,
13,,9119,0.057566285133361816,0.029757024720311165,0.3138871490955353,0.0050326441414654255,0.06530620157718658,0.013417143374681473,0.20181941986083984,0.008829643949866295,0.11139699071645737,0.05419556051492691,0.18951520323753357,0.4254756271839142,0.0016858041053637862,2.1657114028930664,0.1471870243549347,,,,,,,,,,,,,,,
,0.00018408861681411853,9129,,,,,,,,,,,,,,,,,,,,,,,,,,,,,,
13,,9129,0.065926693379879,0.079401396214962,0.34971296787261963,0.004388850647956133,0.06087956205010414,0.011050494387745857,0.26896917819976807,0.01179912406951189,0.11435986310243607,0.05200977995991707,0.21693558990955353,0.4767095148563385,0.0006005197647027671,2.162428617477417,0.12249115109443665,,,,,,,,,,,,,,,
,0.0001838636653036966,9139,,,,,,,,,,,,,,,,,,,,,,,,,,,,,,
13,,9139,0.06099133566021919,0.04109001159667969,0.29222989082336426,0.0037182201631367207,0.04818820208311081,0.023202303797006607,0.17029355466365814,0.013898173347115517,0.10536827892065048,0.057321928441524506,0.1906859129667282,0.4082990288734436,0.003779287915676832,2.1227352619171143,0.11325780302286148,,,,,,,,,,,,,,,
,0.00018363863351408266,9149,,,,,,,,,,,,,,,,,,,,,,,,,,,,,,
13,,9149,0.0651623010635376,0.056469645351171494,0.2976681888103485,0.0051389411091804504,0.05889493227005005,0.012618668377399445,0.18957442045211792,0.013607140630483627,0.1006937101483345,0.035623084753751755,0.19062967598438263,0.4185979962348938,0.003386958735063672,2.1791226863861084,0.13135255873203278,,,,,,,,,,,,,,,
,0.00018341352197875024,9159,,,,,,,,,,,,,,,,,,,,,,,,,,,,,,
13,,9159,0.054857831448316574,0.022521331906318665,0.20519353449344635,0.0007972388411872089,0.04785946384072304,0.022052085027098656,0.1384531855583191,0.013831941410899162,0.14489878714084625,0.04809735715389252,0.16922512650489807,0.3924321234226227,0.0012418972328305244,2.1554415225982666,0.11667627841234207,,,,,,,,,,,,,,,
,0.00018318833123136193,9169,,,,,,,,,,,,,,,,,,,,,,,,,,,,,,
13,,9169,0.06388924270868301,0.03972367197275162,0.24126125872135162,0.0006739545497111976,0.04649048298597336,0.0072413538582623005,0.17279960215091705,0.011655185371637344,0.13592836260795593,0.06092143803834915,0.1767536997795105,0.40599969029426575,0.0034520793706178665,2.1434614658355713,0.1038181409239769,,,,,,,,,,,,,,,
,0.00018296306180576818,9179,,,,,,,,,,,,,,,,,,,,,,,,,,,,,,
13,,9179,0.08369778096675873,0.03679068759083748,0.2883204519748688,0.006086694076657295,0.06219871714711189,0.017452124506235123,0.17119593918323517,0.013657031580805779,0.12140397727489471,0.043754175305366516,0.2126772403717041,0.4416728913784027,0.0030996582936495543,2.1752986907958984,0.12730297446250916,,,,,,,,,,,,,,,
,0.0001827377142360059,9189,,,,,,,,,,,,,,,,,,,,,,,,,,,,,,
13,,9189,0.09775460511445999,0.028771815821528435,0.3232855200767517,0.0026222332380712032,0.071139857172966,0.02581944316625595,0.19909989833831787,0.013917810283601284,0.18747656047344208,0.0612284280359745,0.22773033380508423,0.5536273121833801,0.003863984253257513,2.138800621032715,0.17725005745887756,,,,,,,,,,,,,,,
,0.00018251228905629725,9199,,,,,,,,,,,,,,,,,,,,,,,,,,,,,,
13,,9199,0.07066660374403,0.036662131547927856,0.2617443799972534,0.004375028889626265,0.06925448030233383,0.014336635358631611,0.23862597346305847,0.01031964085996151,0.21556362509727478,0.04644760116934776,0.18251915276050568,0.526053249835968,0.0027055602986365557,2.1690456867218018,0.1231951117515564,,,,,,,,,,,,,,,
,0.00018228678680104834,9209,,,,,,,,,,,,,,,,,,,,,,,,,,,,,,
13,,9209,0.0886080414056778,0.030552782118320465,0.2541672885417938,0.005245707463473082,0.0696302205324173,0.020447388291358948,0.20184515416622162,0.018694426864385605,0.17270095646381378,0.05495714768767357,0.21773289144039154,0.5050196647644043,0.003988856449723244,2.117415189743042,0.13910558819770813,,,,,,,,,,,,,,,
,0.0001820612080048481,9219,,,,,,,,,,,,,,,,,,,,,,,,,,,,,,
13,,9219,0.07492873817682266,0.03401818871498108,0.29797202348709106,0.004886634647846222,0.03899487853050232,0.015170915052294731,0.1708720177412033,0.003958189859986305,0.08206288516521454,0.057911504060029984,0.19315320253372192,0.3714327812194824,0.0026456464547663927,2.1632654666900635,0.10015532374382019,,,,,,,,,,,,,,,
,0.00018183555320246692,9229,,,,,,,,,,,,,,,,,,,,,,,,,,,,,,
13,,9229,0.043519359081983566,0.023616114631295204,0.2283070683479309,0.0034819270949810743,0.050397299230098724,0.012372966855764389,0.1401071697473526,0.006826665718108416,0.09108341485261917,0.07544459402561188,0.1912180781364441,0.3433915376663208,0.004001064691692591,2.167726755142212,0.11642438918352127,,,,,,,,,,,,,,,
,0.00018160982292885516,9239,,,,,,,,,,,,,,,,,,,,,,,,,,,,,,
13,,9239,0.04325323924422264,0.02048555202782154,0.2510170340538025,0.002626929897814989,0.035713255405426025,0.005772841162979603,0.1354222446680069,0.006371899973601103,0.06477288156747818,0.06321575492620468,0.17845052480697632,0.3045535087585449,0.0014256599824875593,2.123645067214966,0.11129137873649597,,,,,,,,,,,,,,,
,0.00018138401771914238,9249,,,,,,,,,,,,,,,,,,,,,,,,,,,,,,
13,,9249,0.0728708803653717,0.01710931770503521,0.2530127465724945,0.0008180647855624557,0.06374407559633255,0.024647554382681847,0.15353478491306305,0.012402325868606567,0.12470977008342743,0.062210652977228165,0.17941449582576752,0.4115055799484253,0.0014219068689271808,2.152884006500244,0.13704198598861694,,,,,,,,,,,,,,,
,0.00018115813810863567,9259,,,,,,,,,,,,,,,,,,,,,,,,,,,,,,
13,,9259,0.08316457271575928,0.03195676580071449,0.4043252468109131,0.0036920802667737007,0.07739465683698654,0.014218234457075596,0.22525200247764587,0.013032769784331322,0.17536908388137817,0.06190439686179161,0.2248229831457138,0.5543723106384277,0.0014595621032640338,2.132880210876465,0.16045059263706207,,,,,,,,,,,,,,,
,0.00018093218463281841,9269,,,,,,,,,,,,,,,,,,,,,,,,,,,,,,
13,,9269,0.06704329699277878,0.02878107689321041,0.24802209436893463,0.00688478909432888,0.05730453133583069,0.012674929574131966,0.15818598866462708,0.006854088045656681,0.09446845948696136,0.04484251141548157,0.17949265241622925,0.3710564076900482,0.0031003900803625584,2.159230947494507,0.124909907579422,,,,,,,,,,,,,,,
,0.00018070615782734919,9279,,,,,,,,,,,,,,,,,,,,,,,,,,,,,,
13,,9279,0.04299238696694374,0.08295883238315582,0.3182203471660614,0.001139117986895144,0.060234714299440384,0.008888954296708107,0.2561936378479004,0.009239032864570618,0.10424433648586273,0.06656122952699661,0.19162926077842712,0.438629686832428,0.0010491512948647141,2.1345081329345703,0.1365019679069519,,,,,,,,,,,,,,,
,0.00018048005822806043,9289,,,,,,,,,,,,,,,,,,,,,,,,,,,,,,
13,,9289,0.11095283180475235,0.043072376400232315,0.3343101143836975,0.003328552935272455,0.08084282279014587,0.006138434633612633,0.2401343435049057,0.01351632084697485,0.28388503193855286,0.05018392950296402,0.19848546385765076,0.6516146063804626,0.002165292389690876,2.198110580444336,0.15060913562774658,,,,,,,,,,,,,,,
,0.00018025388637095714,9299,,,,,,,,,,,,,,,,,,,,,,,,,,,,,,
13,,9299,0.05366962403059006,0.028523467481136322,0.27282437682151794,0.002382766455411911,0.05960194393992424,0.0051288967952132225,0.16958920657634735,0.008353090845048428,0.09623556584119797,0.057530418038368225,0.18510277569293976,0.37369218468666077,0.0010743146995082498,2.133275270462036,0.13347525894641876,,,,,,,,,,,,,,,
,0.0001800276427922155,9309,,,,,,,,,,,,,,,,,,,,,,,,,,,,,,
13,,9309,0.06721719354391098,0.07375723123550415,0.40573832392692566,0.001317057409323752,0.04877372458577156,0.00977114774286747,0.2765410244464874,0.007777541410177946,0.1187417134642601,0.05362284183502197,0.21976935863494873,0.48897019028663635,0.001010823529213667,2.1312296390533447,0.12359485030174255,,,,,,,,,,,,,,,
,0.0001798013280281819,9319,,,,,,,,,,,,,,,,,,,,,,,,,,,,,,
13,,9319,0.03879917040467262,0.040241219103336334,0.3544493019580841,0.0007501575164496899,0.049628760665655136,0.01241497602313757,0.20870783925056458,0.006120404694229364,0.0659300684928894,0.04453331232070923,0.1993507295846939,0.3691946268081665,0.0002834059705492109,2.1521520614624023,0.12312638014554977,,,,,,,,,,,,,,,
,0.00017957494261537142,9329,,,,,,,,,,,,,,,,,,,,,,,,,,,,,,
13,,9329,0.03134625032544136,0.07992348074913025,0.3677159547805786,0.0008359603234566748,0.07522530108690262,0.008310300298035145,0.22982020676136017,0.007691225036978722,0.05263051018118858,0.036627598106861115,0.22282959520816803,0.40668168663978577,0.006821774877607822,2.199308395385742,0.16756093502044678,,,,,,,,,,,,,,,
,0.00017934848709046653,9339,,,,,,,,,,,,,,,,,,,,,,,,,,,,,,
13,,9339,0.037698689848184586,0.06293365359306335,0.3672185242176056,0.004040212836116552,0.07409956306219101,0.003431969089433551,0.24576061964035034,0.009649982675909996,0.1414002925157547,0.05395125970244408,0.2362297773361206,0.5013618469238281,0.0008130550268106163,2.1300101280212402,0.18083399534225464,,,,,,,,,,,,,,,
,0.000179121961990316,9349,,,,,,,,,,,,,,,,,,,,,,,,,,,,,,
13,,9349,0.06317347288131714,0.0344795286655426,0.28026407957077026,0.0037088091485202312,0.05850572884082794,0.006669260561466217,0.14940296113491058,0.008280759677290916,0.10372507572174072,0.04973974823951721,0.1876600831747055,0.38383156061172485,0.0015261752996593714,2.134587049484253,0.12276054173707962,,,,,,,,,,,,,,,
,0.00017889536785193353,9359,,,,,,,,,,,,,,,,,,,,,,,,,,,,,,
13,,9359,0.055929724127054214,0.04593464732170105,0.24449868500232697,0.0019106079125776887,0.05360988900065422,0.012259346432983875,0.18320690095424652,0.013491405174136162,0.10851066559553146,0.0439782552421093,0.2146291434764862,0.40538957715034485,0.009117540903389454,2.1239564418792725,0.12604862451553345,,,,,,,,,,,,,,,
,0.00017866870521249652,9369,,,,,,,,,,,,,,,,,,,,,,,,,,,,,,
13,,9369,0.07039519399404526,0.038944218307733536,0.3404815196990967,0.0009768642485141754,0.05345078557729721,0.015004787594079971,0.20447252690792084,0.01238479558378458,0.1233084425330162,0.06624121963977814,0.20306482911109924,0.45442336797714233,0.0008810387225821614,2.152278184890747,0.13806702196598053,,,,,,,,,,,,,,,
,0.00017844197460934464,9379,,,,,,,,,,,,,,,,,,,,,,,,,,,,,,
13,,9379,0.06594806164503098,0.05093681439757347,0.25378772616386414,0.0018881306750699878,0.06550418585538864,0.00914266612380743,0.2268158197402954,0.01592082530260086,0.19729425013065338,0.05508096143603325,0.18119573593139648,0.49915534257888794,0.0010721365688368678,2.1698198318481445,0.10447435826063156,,,,,,,,,,,,,,,
,0.00017821517657997884,9389,,,,,,,,,,,,,,,,,,,,,,,,,,,,,,
13,,9389,0.06415439397096634,0.03211124613881111,0.24416233599185944,0.004375130403786898,0.05233820155262947,0.014312108047306538,0.15192626416683197,0.006503968499600887,0.10598047822713852,0.03948816657066345,0.1809191256761551,0.37078821659088135,0.0025342521257698536,2.1576454639434814,0.10964931547641754,,,,,,,,,,,,,,,
,0.00017798831166205984,9399,,,,,,,,,,,,,,,,,,,,,,,,,,,,,,
13,,9399,0.07685960084199905,0.022018441930413246,0.29460325837135315,0.0016162850661203265,0.07943002134561539,0.010359356179833412,0.1624574512243271,0.009256269782781601,0.22144156694412231,0.06519929319620132,0.20258669555187225,0.5347408652305603,0.0023777259048074484,2.1332144737243652,0.16160689294338226,,,,,,,,,,,,,,,
,0.00017776138039340693,9409,,,,,,,,,,,,,,,,,,,,,,,,,,,,,,
13,,9409,0.078068308532238,0.06385284662246704,0.32158398628234863,0.000744950957596302,0.07564214617013931,0.03351229429244995,0.2689554691314697,0.008711135014891624,0.14887870848178864,0.047607600688934326,0.2107410877943039,0.5272923111915588,0.0024679501075297594,2.15157413482666,0.17748066782951355,,,,,,,,,,,,,,,
,0.0001775343833119966,9419,,,,,,,,,,,,,,,,,,,,,,,,,,,,,,
13,,9419,0.048814862966537476,0.019079305231571198,0.23738057911396027,0.0012166542001068592,0.045423783361911774,0.012080454267561436,0.1520697921514511,0.006458375137299299,0.10285475105047226,0.042402539402246475,0.182884082198143,0.3452032804489136,0.0014411479933187366,2.1628975868225098,0.10542748123407364,,,,,,,,,,,,,,,
,0.0001773073209559615,9429,,,,,,,,,,,,,,,,,,,,,,,,,,,,,,
13,,9429,0.04494414106011391,0.018976707011461258,0.3005031943321228,0.0047684102319180965,0.044366270303726196,0.008440826088190079,0.1430431604385376,0.0127126919105649,0.08760055154561996,0.057761844247579575,0.188887357711792,0.3597864508628845,0.002032643184065819,2.158891201019287,0.11647965013980865,,,,,,,,,,,,,,,
,0.000177080193863589,9439,,,,,,,,,,,,,,,,,,,,,,,,,,,,,,
13,,9439,0.06164178624749184,0.09500324726104736,0.35520023107528687,0.0021148715168237686,0.0446014478802681,0.013831214047968388,0.2758350968360901,0.006391273345798254,0.08193247020244598,0.04402412846684456,0.21927863359451294,0.43921712040901184,0.0031119943596422672,2.172017812728882,0.10933390259742737,,,,,,,,,,,,,,,
,0.0001768530025733199,9449,,,,,,,,,,,,,,,,,,,,,,,,,,,,,,
13,,9449,0.10400129854679108,0.031421318650245667,0.3271222710609436,0.002084299921989441,0.09214670211076736,0.01765907183289528,0.24679268896579742,0.014488080516457558,0.24815607070922852,0.04896997660398483,0.23889896273612976,0.6395131945610046,0.0027294019237160683,2.1617608070373535,0.20219944417476654,,,,,,,,,,,,,,,
,0.0001766257476237472,9459,,,,,,,,,,,,,,,,,,,,,,,,,,,,,,
13,,9459,0.04634163901209831,0.016305407509207726,0.22061073780059814,0.007147651631385088,0.04675576090812683,0.015802068635821342,0.12379799783229828,0.010099011473357677,0.10782846063375473,0.039241887629032135,0.18973959982395172,0.35750216245651245,0.006402787286788225,2.1739485263824463,0.1192479282617569,,,,,,,,,,,,,,,
,0.00017639842955361487,9469,,,,,,,,,,,,,,,,,,,,,,,,,,,,,,
13,,9469,0.05942756310105324,0.0233474038541317,0.3041435778141022,0.009636711329221725,0.05925573408603668,0.012683927081525326,0.16821405291557312,0.010675648227334023,0.10944522172212601,0.0755189061164856,0.19824174046516418,0.4227343797683716,0.002307051559910178,2.1490232944488525,0.1539612114429474,,,,,,,,,,,,,,,
,0.00017617104890181633,9479,,,,,,,,,,,,,,,,,,,,,,,,,,,,,,
13,,9479,0.04196656495332718,0.02710134908556938,0.2937299311161041,0.001493432791903615,0.06452704221010208,0.006753666792064905,0.15470416843891144,0.0032141294796019793,0.04350386559963226,0.036365438252687454,0.17701300978660583,0.3119330108165741,0.0055268192663788795,2.1590447425842285,0.13069966435432434,,,,,,,,,,,,,,,
,0.00017594360620739366,9489,,,,,,,,,,,,,,,,,,,,,,,,,,,,,,
13,,9489,0.042791176587343216,0.040277764201164246,0.26355624198913574,0.004151196219027042,0.04275689646601677,0.0058546471409499645,0.19557945430278778,0.009789149276912212,0.07912149280309677,0.03913671895861626,0.190423846244812,0.3558562099933624,0.008223915472626686,2.177272319793701,0.10510043799877167,,,,,,,,,,,,,,,
,0.00017571610200953574,9499,,,,,,,,,,,,,,,,,,,,,,,,,,,,,,
13,,9499,0.10075551271438599,0.020526660606265068,0.23033936321735382,0.0015258982311934233,0.06162974610924721,0.017854604870080948,0.16625477373600006,0.012328799813985825,0.15710288286209106,0.058300118893384933,0.20232942700386047,0.4604029655456543,0.0027607528027147055,2.1174099445343018,0.14628344774246216,,,,,,,,,,,,,,,
,0.00017548853684757742,9509,,,,,,,,,,,,,,,,,,,,,,,,,,,,,,
13,,9509,0.059197235852479935,0.036387309432029724,0.2787282466888428,0.0017702074255794287,0.054546553641557693,0.026227621361613274,0.1713421642780304,0.009856248274445534,0.09168768674135208,0.055945321917533875,0.18502095341682434,0.38607150316238403,0.003118905471637845,2.1502163410186768,0.12294820696115494,,,,,,,,,,,,,,,
,0.000175260911260998,9519,,,,,,,,,,,,,,,,,,,,,,,,,,,,,,
13,,9519,0.0320122167468071,0.02677980624139309,0.2005046010017395,0.0012923376634716988,0.046879854053258896,0.009150336496531963,0.13801546394824982,0.004039387684315443,0.05119640380144119,0.035439811646938324,0.18227213621139526,0.2737318277359009,0.0007012204150669277,2.1763885021209717,0.1235455647110939,,,,,,,,,,,,,,,
,0.00017503322578942007,9529,,,,,,,,,,,,,,,,,,,,,,,,,,,,,,
13,,9529,0.04940592870116234,0.03227550908923149,0.24594083428382874,0.004615667276084423,0.052020490169525146,0.006456737406551838,0.13028189539909363,0.010305979289114475,0.11880388855934143,0.0638706311583519,0.19833391904830933,0.3810015916824341,0.0006008949130773544,2.178699254989624,0.1240946426987648,,,,,,,,,,,,,,,
,0.0001748054809726082,9539,,,,,,,,,,,,,,,,,,,,,,,,,,,,,,
13,,9539,0.054202258586883545,0.030863862484693527,0.28695395588874817,0.0015960324089974165,0.06027835234999657,0.008943076245486736,0.190518319606781,0.005714697763323784,0.07653503865003586,0.03303128108382225,0.18960119783878326,0.3528088629245758,0.0014234265545383096,2.145230531692505,0.10653728991746902,,,,,,,,,,,,,,,
,0.00017457767735046755,9549,,,,,,,,,,,,,,,,,,,,,,,,,,,,,,
13,,9549,0.06488554179668427,0.028619123622775078,0.24855995178222656,0.0007040041964501143,0.044659581035375595,0.010587584227323532,0.16690368950366974,0.011141065508127213,0.11775198578834534,0.05075785517692566,0.17925795912742615,0.3882100582122803,0.0007111479644663632,2.1760339736938477,0.12597858905792236,,,,,,,,,,,,,,,
,0.00017434981546304282,9559,,,,,,,,,,,,,,,,,,,,,,,,,,,,,,
13,,9559,0.05624820664525032,0.028714807704091072,0.2732166051864624,0.003126317635178566,0.057174354791641235,0.011870590038597584,0.1756437122821808,0.014093308709561825,0.13510248064994812,0.05333344265818596,0.21319586038589478,0.43612346053123474,0.0021134819835424423,2.1191701889038086,0.15111295878887177,,,,,,,,,,,,,,,
,0.0001741218958505167,9569,,,,,,,,,,,,,,,,,,,,,,,,,,,,,,
13,,9569,0.057549212127923965,0.02276500314474106,0.25679516792297363,0.0017672170652076602,0.0630338042974472,0.01440389920026064,0.1542804092168808,0.015905464068055153,0.10384120047092438,0.07031700015068054,0.2022239714860916,0.3906480669975281,0.00032444181852042675,2.1418912410736084,0.1378924548625946,,,,,,,,,,,,,,,
,0.00017389391905320889,9579,,,,,,,,,,,,,,,,,,,,,,,,,,,,,,
13,,9579,0.05536673963069916,0.07296057045459747,0.4013271927833557,0.0055475435219705105,0.058361198753118515,0.014299561269581318,0.24564433097839355,0.011644873768091202,0.08237829804420471,0.05587470531463623,0.22492490708827972,0.4606270492076874,0.0057147108018398285,2.151275157928467,0.13852821290493011,,,,,,,,,,,,,,,
,0.00017366588561157446,9589,,,,,,,,,,,,,,,,,,,,,,,,,,,,,,
13,,9589,0.05238436162471771,0.03902018442749977,0.24294987320899963,0.0009118012385442853,0.046560049057006836,0.015254641883075237,0.208779975771904,0.007796889636665583,0.07645358145236969,0.06497369706630707,0.18056821823120117,0.36049532890319824,0.0024253458250313997,2.1447527408599854,0.13633495569229126,,,,,,,,,,,,,,,
,0.0001734377960662029,9599,,,,,,,,,,,,,,,,,,,,,,,,,,,,,,
13,,9599,0.05914214253425598,0.037210896611213684,0.3101024925708771,0.002580783097073436,0.04683048278093338,0.01621003821492195,0.16772997379302979,0.006116297096014023,0.06860266625881195,0.04785507172346115,0.20641405880451202,0.3590458929538727,0.0011679542949423194,2.146324872970581,0.10961935669183731,,,,,,,,,,,,,,,
,0.00017320965095781674,9609,,,,,,,,,,,,,,,,,,,,,,,,,,,,,,
13,,9609,0.11904554069042206,0.036196526139974594,0.44189614057540894,0.007521777413785458,0.10440853983163834,0.025479169562458992,0.2940128445625305,0.023240573704242706,0.3714083135128021,0.06676925718784332,0.2277759164571762,0.8509114384651184,0.005845388863235712,2.1732871532440186,0.22803252935409546,,,,,,,,,,,,,,,
,0.00017298145082727008,9619,,,,,,,,,,,,,,,,,,,,,,,,,,,,,,
13,,9619,0.061472561210393906,0.025476809591054916,0.2800710201263428,0.0026465870905667543,0.050968997180461884,0.014625271782279015,0.14142805337905884,0.005976398009806871,0.11028296500444412,0.06534992158412933,0.21339066326618195,0.3914073407649994,0.0019513682927936316,2.150292158126831,0.1256972700357437,,,,,,,,,,,,,,,
,0.00017275319621554757,9629,,,,,,,,,,,,,,,,,,,,,,,,,,,,,,
13,,9629,0.06306487321853638,0.021757978945970535,0.25819242000579834,0.004611510317772627,0.049269817769527435,0.011678976006805897,0.16488385200500488,0.014737505465745926,0.08204181492328644,0.060489535331726074,0.18164895474910736,0.3615463674068451,0.0026570281479507685,2.1545114517211914,0.11674678325653076,,,,,,,,,,,,,,,
,0.00017252488766376301,9639,,,,,,,,,,,,,,,,,,,,,,,,,,,,,,
13,,9639,0.06734443455934525,0.028543144464492798,0.233861044049263,0.0023166784085333347,0.0576157420873642,0.012110423296689987,0.1600438952445984,0.015524507500231266,0.16770148277282715,0.06947866827249527,0.1936907321214676,0.45865756273269653,0.008164814673364162,2.123326063156128,0.1335739642381668,,,,,,,,,,,,,,,
,0.00017229652571315804,9649,,,,,,,,,,,,,,,,,,,,,,,,,,,,,,
13,,9649,0.05179617553949356,0.04426975175738335,0.4150034487247467,0.005761492066085339,0.07326801866292953,0.013243881985545158,0.21303889155387878,0.005340446252375841,0.17270967364311218,0.04638437554240227,0.21947255730628967,0.5350514650344849,0.004404296167194843,2.171447515487671,0.1655922830104828,,,,,,,,,,,,,,,
,0.0001720681109051008,9659,,,,,,,,,,,,,,,,,,,,,,,,,,,,,,
13,,9659,0.03639791160821915,0.01542077586054802,0.2802731990814209,0.003907849546521902,0.0545305535197258,0.00769947050139308,0.16987572610378265,0.007156305015087128,0.06376437097787857,0.021514257416129112,0.1804690808057785,0.3237873613834381,0.0029353653080761433,2.1309592723846436,0.12767338752746582,,,,,,,,,,,,,,,
,0.00017183964378108497,9669,,,,,,,,,,,,,,,,,,,,,,,,,,,,,,
13,,9669,0.04929804429411888,0.017977656796574593,0.22622670233249664,0.0027854018844664097,0.052423227578401566,0.006773415021598339,0.1434340476989746,0.008863827213644981,0.12219617515802383,0.03788956254720688,0.16958357393741608,0.35992464423179626,0.0046890368685126305,2.143075942993164,0.09910302609205246,,,,,,,,,,,,,,,
,0.0001716111248827281,9679,,,,,,,,,,,,,,,,,,,,,,,,,,,,,,
13,,9679,0.05202671140432358,0.023237889632582664,0.2331523895263672,0.0018837583484128118,0.05107125639915466,0.014164562337100506,0.15664204955101013,0.008870277553796768,0.08868210017681122,0.06541922688484192,0.18417978286743164,0.3454662561416626,0.0006090463139116764,2.1286325454711914,0.11502451449632645,,,,,,,,,,,,,,,
,0.00017138255475177043,9689,,,,,,,,,,,,,,,,,,,,,,,,,,,,,,
13,,9689,0.06987651437520981,0.03860403597354889,0.27637988328933716,0.0013472227146849036,0.04689537733793259,0.008255346678197384,0.19425086677074432,0.014292784966528416,0.09724478423595428,0.058875635266304016,0.1881471425294876,0.39094454050064087,0.0005912088672630489,2.169963836669922,0.1109989657998085,,,,,,,,,,,,,,,
,0.00017115393393007377,9699,,,,,,,,,,,,,,,,,,,,,,,,,,,,,,
13,,9699,0.05660408362746239,0.01706717535853386,0.22113117575645447,0.0034711724147200584,0.04669448733329773,0.023876134306192398,0.1481742411851883,0.006540700793266296,0.10779943317174911,0.0438065342605114,0.16801129281520844,0.35702475905418396,0.0006776340305805206,2.156972646713257,0.12079678475856781,,,,,,,,,,,,,,,
,0.00017092526295962008,9709,,,,,,,,,,,,,,,,,,,,,,,,,,,,,,
13,,9709,0.09459256380796432,0.03473150357604027,0.3238324224948883,0.004850798286497593,0.07031158357858658,0.010891512967646122,0.22346509993076324,0.00745621370151639,0.15304572880268097,0.050879985094070435,0.22433458268642426,0.5002679228782654,0.0026518956292420626,2.096714735031128,0.14178618788719177,,,,,,,,,,,,,,,
,0.00017069654238251018,9719,,,,,,,,,,,,,,,,,,,,,,,,,,,,,,
13,,9719,0.073117695748806,0.020078707486391068,0.23173853754997253,0.002070692367851734,0.06826552003622055,0.005833686329424381,0.15403670072555542,0.012705867178738117,0.17839626967906952,0.03306647762656212,0.19641315937042236,0.454132616519928,0.0007517842459492385,2.1328556537628174,0.14453698694705963,,,,,,,,,,,,,,,
,0.00017046777274096238,9729,,,,,,,,,,,,,,,,,,,,,,,,,,,,,,
13,,9729,0.036663394421339035,0.023595212027430534,0.21347230672836304,0.0010530565632507205,0.03811749815940857,0.00965241901576519,0.14395546913146973,0.014178931713104248,0.08573586493730545,0.027568653225898743,0.17394308745861053,0.30729272961616516,0.003245418658480048,2.192505359649658,0.07333210855722427,,,,,,,,,,,,,,,
13,,9729,,,,,,,,,,,,,,,,0.16691455245018005,0.03494821861386299,0.25737515091896057,0.007116085384041071,0.06330911815166473,0.001640624599531293,0.15161284804344177,0.0176849402487278,0.16582027077674866,0.06460931152105331,0.1753186732530594,0.5125353336334229,0.007683898322284222,2.100797414779663,0.13425031304359436
,0.00017023895457731153,9739,,,,,,,,,,,,,,,,,,,,,,,,,,,,,,
14,,9739,0.03284813091158867,0.047705382108688354,0.31271660327911377,0.003369786310940981,0.0734141394495964,0.010998401790857315,0.1888626217842102,0.0073721930384635925,0.10820737481117249,0.03657372295856476,0.21018196642398834,0.41221359372138977,0.0015530536184087396,2.1384401321411133,0.14599721133708954,,,,,,,,,,,,,,,
,0.00017001008843400738,9749,,,,,,,,,,,,,,,,,,,,,,,,,,,,,,
14,,9749,0.07968927919864655,0.051487185060977936,0.3462655246257782,0.0025378032587468624,0.042589593678712845,0.017571965232491493,0.23544861376285553,0.006647101603448391,0.1071547195315361,0.033616457134485245,0.18055585026741028,0.44408687949180603,0.008226498030126095,2.144767999649048,0.11917466670274734,,,,,,,,,,,,,,,
,0.00016978117485361342,9759,,,,,,,,,,,,,,,,,,,,,,,,,,,,,,
14,,9759,0.08775974065065384,0.034500740468502045,0.3021336495876312,0.003786281915381551,0.06676420569419861,0.00872950628399849,0.19960521161556244,0.01479333359748125,0.17377901077270508,0.045900434255599976,0.21222169697284698,0.5134228467941284,0.003527794498950243,2.136002779006958,0.16309881210327148,,,,,,,,,,,,,,,
,0.00016955221437880562,9769,,,,,,,,,,,,,,,,,,,,,,,,,,,,,,
14,,9769,0.07243295013904572,0.025140661746263504,0.243467316031456,0.001095829764381051,0.05153459310531616,0.007481495849788189,0.16458015143871307,0.012775474227964878,0.12006328254938126,0.052497897297143936,0.17752057313919067,0.3848990201950073,0.0010443322826176882,2.1440043449401855,0.09819646924734116,,,,,,,,,,,,,,,
,0.00016932320755237113,9779,,,,,,,,,,,,,,,,,,,,,,,,,,,,,,
14,,9779,0.04998602345585823,0.042862217873334885,0.31701087951660156,0.000629920803476125,0.04088638350367546,0.013929445296525955,0.18307189643383026,0.010818753391504288,0.0844634473323822,0.02985716424882412,0.2203972190618515,0.3837612569332123,0.0006817186367698014,2.1636624336242676,0.1280464231967926,,,,,,,,,,,,,,,
,0.00016909415491720694,9789,,,,,,,,,,,,,,,,,,,,,,,,,,,,,,
14,,9789,0.06938857585191727,0.05880590155720711,0.3237558901309967,0.0015241430373862386,0.08430255949497223,0.019131170585751534,0.2505511939525604,0.014487952925264835,0.19017855823040009,0.03371346741914749,0.2072686403989792,0.5519074201583862,0.003892923006787896,2.1610946655273438,0.1556353121995926,,,,,,,,,,,,,,,
,0.00016886505701631867,9799,,,,,,,,,,,,,,,,,,,,,,,,,,,,,,
14,,9799,0.06534618139266968,0.03250173106789589,0.23716974258422852,0.0016288841143250465,0.05475687235593796,0.019264377653598785,0.16269175708293915,0.009887768886983395,0.11326202750205994,0.04615602642297745,0.18118950724601746,0.3849690854549408,0.0021065243054181337,2.132735252380371,0.11367839574813843,,,,,,,,,,,,,,,
,0.00016863591439281926,9809,,,,,,,,,,,,,,,,,,,,,,,,,,,,,,
14,,9809,0.07882243394851685,0.03302896395325661,0.31347203254699707,0.007302400656044483,0.06763012707233429,0.015436210669577122,0.18541626632213593,0.009565956890583038,0.1859273612499237,0.07112417370080948,0.21609756350517273,0.5239661931991577,0.0018903000745922327,2.1193137168884277,0.15915967524051666,,,,,,,,,,,,,,,
,0.0001684067275899277,9819,,,,,,,,,,,,,,,,,,,,,,,,,,,,,,
14,,9819,0.0805591344833374,0.03002271242439747,0.27578821778297424,0.0005189665826037526,0.0756925642490387,0.01647174172103405,0.17820517718791962,0.008936170488595963,0.2168617993593216,0.05017630383372307,0.21275381743907928,0.5313411951065063,0.0009314859053120017,2.1458027362823486,0.15760038793087006,,,,,,,,,,,,,,,
,0.0001681774971509676,9829,,,,,,,,,,,,,,,,,,,,,,,,,,,,,,
14,,9829,0.07197193801403046,0.020904311910271645,0.2107958346605301,0.0018294088076800108,0.05698762089014053,0.014017269015312195,0.15296487510204315,0.011389896273612976,0.1278904527425766,0.0466628298163414,0.17182156443595886,0.3829643726348877,0.001033892622217536,2.1429378986358643,0.10791240632534027,,,,,,,,,,,,,,,
,0.00016794822361936612,9839,,,,,,,,,,,,,,,,,,,,,,,,,,,,,,
14,,9839,0.03812950477004051,0.03524356335401535,0.3794139623641968,0.0014148533809930086,0.06540750712156296,0.01652931049466133,0.198479562997818,0.006136251147836447,0.0890670120716095,0.033283598721027374,0.1934470683336258,0.4156089723110199,0.005669076461344957,2.1151340007781982,0.16138997673988342,,,,,,,,,,,,,,,
,0.00016771890753865257,9849,,,,,,,,,,,,,,,,,,,,,,,,,,,,,,
14,,9849,0.025092728435993195,0.0309767983853817,0.2770123779773712,0.0027606820221990347,0.04335032403469086,0.00998006947338581,0.14995360374450684,0.00465098861604929,0.04445723816752434,0.03588181734085083,0.18019641935825348,0.2865539491176605,0.001112185651436448,2.1459062099456787,0.10264825075864792,,,,,,,,,,,,,,,
,0.0001674895494524571,9859,,,,,,,,,,,,,,,,,,,,,,,,,,,,,,
14,,9859,0.039980173110961914,0.054839495569467545,0.32750755548477173,0.0025228126905858517,0.057333119213581085,0.014968707226216793,0.22016994655132294,0.005335592664778233,0.05294099822640419,0.05140131339430809,0.16907937824726105,0.3562035858631134,0.003197269281372428,2.1802186965942383,0.11214188486337662,,,,,,,,,,,,,,,
,0.00016726014990450943,9869,,,,,,,,,,,,,,,,,,,,,,,,,,,,,,
14,,9869,0.0664321556687355,0.030785895884037018,0.3329402506351471,0.0051565030589699745,0.06020527333021164,0.016962788999080658,0.1924082338809967,0.010416774079203606,0.1285376399755478,0.04620200768113136,0.21139298379421234,0.4561227560043335,0.0036692414432764053,2.098012924194336,0.14028802514076233,,,,,,,,,,,,,,,
,0.00016703070943863753,9879,,,,,,,,,,,,,,,,,,,,,,,,,,,,,,
14,,9879,0.07445705682039261,0.030782897025346756,0.2541268467903137,0.0034594200551509857,0.06562288850545883,0.015468713827431202,0.1688677817583084,0.016000187024474144,0.10714317113161087,0.061205629259347916,0.19346335530281067,0.4198467433452606,0.008770406246185303,2.165574073791504,0.148210808634758,,,,,,,,,,,,,,,
,0.0001668012285987666,9889,,,,,,,,,,,,,,,,,,,,,,,,,,,,,,
14,,9889,0.051510039716959,0.029240744188427925,0.18444259464740753,0.00035678621497936547,0.03153114393353462,0.017707761377096176,0.14835132658481598,0.0068974681198596954,0.06746180355548859,0.04005169868469238,0.14330436289310455,0.2810535132884979,0.0003716803912539035,2.217475652694702,0.08229516446590424,,,,,,,,,,,,,,,
,0.0001665717079289172,9899,,,,,,,,,,,,,,,,,,,,,,,,,,,,,,
14,,9899,0.06176197528839111,0.0334060937166214,0.3372461795806885,0.004077575169503689,0.03952656686306,0.015144660137593746,0.16444562375545502,0.00746571272611618,0.0749126747250557,0.06031990423798561,0.20538033545017242,0.3776465952396393,0.003912921529263258,2.1645150184631348,0.11056998372077942,,,,,,,,,,,,,,,
,0.00016634214797320459,9909,,,,,,,,,,,,,,,,,,,,,,,,,,,,,,
14,,9909,0.047529347240924835,0.019931986927986145,0.2538703680038452,0.0027796276845037937,0.04821975156664848,0.01950305700302124,0.12395080178976059,0.004977375268936157,0.06578486412763596,0.024428600445389748,0.17079144716262817,0.3076888620853424,0.001117544830776751,2.161207914352417,0.11504704505205154,,,,,,,,,,,,,,,
,0.00016611254927583708,9919,,,,,,,,,,,,,,,,,,,,,,,,,,,,,,
14,,9919,0.06304064393043518,0.04281775653362274,0.2960304617881775,0.0017335626762360334,0.04369866102933884,0.008626002818346024,0.18879735469818115,0.01108868233859539,0.09357468783855438,0.027375979349017143,0.19922678172588348,0.37813615798950195,0.0014997967518866062,2.18320369720459,0.08798031508922577,,,,,,,,,,,,,,,
,0.0001658829123811148,9929,,,,,,,,,,,,,,,,,,,,,,,,,,,,,,
14,,9929,0.044970545917749405,0.03564725071191788,0.24357254803180695,0.003348363796249032,0.04239988327026367,0.006441722624003887,0.1841312050819397,0.010103652253746986,0.10485967993736267,0.05899374186992645,0.16636782884597778,0.36286526918411255,0.003836509073153138,2.1447951793670654,0.09641615301370621,,,,,,,,,,,,,,,
,0.00016565323783342844,9939,,,,,,,,,,,,,,,,,,,,,,,,,,,,,,
14,,9939,0.04112088680267334,0.03919101506471634,0.37888357043266296,0.001347384531982243,0.05468818545341492,0.005616216920316219,0.22488528490066528,0.009497640654444695,0.06329942494630814,0.05441564694046974,0.19097818434238434,0.38072893023490906,0.002723843324929476,2.1032156944274902,0.11633072793483734,,,,,,,,,,,,,,,
,0.00016542352617725798,9949,,,,,,,,,,,,,,,,,,,,,,,,,,,,,,
14,,9949,0.07062359899282455,0.018452631309628487,0.26221343874931335,0.0021896925754845142,0.05576571077108383,0.015345310792326927,0.13355635106563568,0.014976639300584793,0.13192717730998993,0.03014029935002327,0.20686186850070953,0.41295942664146423,0.0010923953959718347,2.154141426086426,0.13506674766540527,,,,,,,,,,,,,,,
,0.0001651937779571713,9959,,,,,,,,,,,,,,,,,,,,,,,,,,,,,,
14,,9959,0.09408241510391235,0.024769004434347153,0.3080477714538574,0.006290896330028772,0.07720767706632614,0.019464123994112015,0.20520082116127014,0.019790492951869965,0.15273772180080414,0.05417071282863617,0.2266029715538025,0.5112259387969971,0.0013741396833211184,2.131091356277466,0.15963061153888702,,,,,,,,,,,,,,,
,0.000164963993717823,9969,,,,,,,,,,,,,,,,,,,,,,,,,,,,,,
14,,9969,0.04761996865272522,0.028514903038740158,0.28876686096191406,0.0019851005636155605,0.06410593539476395,0.01191776804625988,0.18408022820949554,0.005231759045273066,0.06722326576709747,0.06485829502344131,0.1825275719165802,0.35903650522232056,0.0026488415896892548,2.139382839202881,0.15287275612354279,,,,,,,,,,,,,,,
,0.00016473417400395316,9979,,,,,,,,,,,,,,,,,,,,,,,,,,,,,,
14,,9979,0.07423051446676254,0.05517776310443878,0.4196473956108093,0.0015830205520614982,0.08714888989925385,0.011939259245991707,0.2544253468513489,0.013258793391287327,0.1456226110458374,0.05595288425683975,0.21592140197753906,0.5520898103713989,0.005280316807329655,2.151479721069336,0.1944137066602707,,,,,,,,,,,,,,,
,0.0001645043193603859,9989,,,,,,,,,,,,,,,,,,,,,,,,,,,,,,
14,,9989,0.08920824527740479,0.0321492999792099,0.23181171715259552,0.005052282474935055,0.06097398325800896,0.015506329014897346,0.16185283660888672,0.013653317466378212,0.12285066395998001,0.07733286917209625,0.1736251413822174,0.4237552583217621,0.003507549175992608,2.1419920921325684,0.13966423273086548,,,,,,,,,,,,,,,
,0.000164274430332028,9999,,,,,,,,,,,,,,,,,,,,,,,,,,,,,,
14,,9999,0.06043640151619911,0.020642424002289772,0.3454850912094116,0.003341606818139553,0.05723828822374344,0.007496732287108898,0.17845505475997925,0.014074847102165222,0.1270066201686859,0.039858102798461914,0.22098496556282043,0.45193055272102356,0.003799397498369217,2.1456339359283447,0.16246649622917175,,,,,,,,,,,,,,,
,0.00016404450746386798,10009,,,,,,,,,,,,,,,,,,,,,,,,,,,,,,
14,,10009,0.027922959998250008,0.04709410294890404,0.33491137623786926,0.0027979640290141106,0.05100772902369499,0.013621200807392597,0.20866712927818298,0.008565777912735939,0.0654049664735794,0.02502978779375553,0.21061979234218597,0.3692607283592224,0.0014042477123439312,2.1440584659576416,0.13402488827705383,,,,,,,,,,,,,,,
,0.0001638145513009745,10019,,,,,,,,,,,,,,,,,,,,,,,,,,,,,,
14,,10019,0.06561111658811569,0.030821261927485466,0.25975659489631653,0.0015068271895870566,0.05591675639152527,0.008592295460402966,0.17070387303829193,0.009019697085022926,0.12014967948198318,0.04429396986961365,0.19552573561668396,0.40632668137550354,0.00169085874222219,2.171931743621826,0.14732664823532104,,,,,,,,,,,,,,,
,0.00016358456238849502,10029,,,,,,,,,,,,,,,,,,,,,,,,,,,,,,
14,,10029,0.04923161491751671,0.02172119915485382,0.28348153829574585,0.004589784424751997,0.05850483477115631,0.009752261452376842,0.16460563242435455,0.009904444217681885,0.1319848895072937,0.05321349576115608,0.19159671664237976,0.4064079821109772,0.002065039472654462,2.176095962524414,0.10853317379951477,,,,,,,,,,,,,,,
,0.0001633545412716548,10039,,,,,,,,,,,,,,,,,,,,,,,,,,,,,,
14,,10039,0.06276379525661469,0.051643408834934235,0.3519059121608734,0.0037779915146529675,0.07199636101722717,0.01672591269016266,0.21949835121631622,0.012422644533216953,0.12674656510353088,0.06218899413943291,0.23445665836334229,0.4933035969734192,0.00509088858962059,2.1482958793640137,0.16732731461524963,,,,,,,,,,,,,,,
,0.0001631244884957555,10049,,,,,,,,,,,,,,,,,,,,,,,,,,,,,,
14,,10049,0.048798687756061554,0.03187182545661926,0.33745256066322327,0.0010579397203400731,0.05353217571973801,0.020708847790956497,0.17822006344795227,0.008651595562696457,0.09902482479810715,0.03799824044108391,0.20159591734409332,0.40703752636909485,0.001027632155455649,2.1572351455688477,0.14860092103481293,,,,,,,,,,,,,,,
,0.0001628944046061736,10059,,,,,,,,,,,,,,,,,,,,,,,,,,,,,,
14,,10059,0.050234355032444,0.03986983001232147,0.2401546835899353,0.004160243086516857,0.046720895916223526,0.005897043738514185,0.16509224474430084,0.015445473603904247,0.10923058539628983,0.0431431382894516,0.1834077537059784,0.376609742641449,0.0028260780964046717,2.1482741832733154,0.10927006602287292,,,,,,,,,,,,,,,
,0.0001626642901483595,10069,,,,,,,,,,,,,,,,,,,,,,,,,,,,,,
14,,10069,0.07090126723051071,0.028013810515403748,0.32569366693496704,0.0010259259724989533,0.057191044092178345,0.004656741861253977,0.20139212906360626,0.01536797359585762,0.13869844377040863,0.0453355610370636,0.22458891570568085,0.4656572639942169,0.003248699242249131,2.1305785179138184,0.14753228425979614,,,,,,,,,,,,,,,
,0.00016243414566783604,10079,,,,,,,,,,,,,,,,,,,,,,,,,,,,,,
14,,10079,0.05941374972462654,0.041456643491983414,0.29499202966690063,0.012544794008135796,0.06057177484035492,0.012784388847649097,0.22168512642383575,0.011151980608701706,0.10779761523008347,0.06000804528594017,0.18500111997127533,0.4283032715320587,0.005024618003517389,2.13942813873291,0.11346440017223358,,,,,,,,,,,,,,,
,0.0001622039717101973,10089,,,,,,,,,,,,,,,,,,,,,,,,,,,,,,
14,,10089,0.05355923995375633,0.023853745311498642,0.2257804274559021,0.003343376098200679,0.05019935593008995,0.008102797903120518,0.1290411502122879,0.012325424700975418,0.09142985939979553,0.05334487184882164,0.16453243792057037,0.3364430367946625,0.0022207126021385193,2.1737143993377686,0.11099559813737869,,,,,,,,,,,,,,,
,0.00016197376882110705,10099,,,,,,,,,,,,,,,,,,,,,,,,,,,,,,
14,,10099,0.08204673230648041,0.021406760439276695,0.2488415688276291,0.002491899998858571,0.05381372198462486,0.010170618072152138,0.188888281583786,0.013268642127513885,0.12188367545604706,0.04905933141708374,0.18848036229610443,0.4143519997596741,0.002030444098636508,2.10538387298584,0.13207672536373138,,,,,,,,,,,,,,,
,0.00016174353754629787,10109,,,,,,,,,,,,,,,,,,,,,,,,,,,,,,
14,,10109,0.057544559240341187,0.04632682725787163,0.335363507270813,0.0017409099964424968,0.04275699332356453,0.00918964296579361,0.2307487428188324,0.008038217201828957,0.08446302264928818,0.037017375230789185,0.18037822842597961,0.39371252059936523,0.003787174355238676,2.162702798843384,0.11057204008102417,,,,,,,,,,,,,,,
,0.00016151327843156948,10119,,,,,,,,,,,,,,,,,,,,,,,,,,,,,,
14,,10119,0.09370232373476028,0.024009928107261658,0.2725766897201538,0.0015956811839714646,0.05893932655453682,0.00983471516519785,0.14221535623073578,0.01828884147107601,0.1495400369167328,0.06892391294240952,0.18793967366218567,0.4540770649909973,0.0019729696214199066,2.1872291564941406,0.13772952556610107,,,,,,,,,,,,,,,
,0.00016128299202278765,10129,,,,,,,,,,,,,,,,,,,,,,,,,,,,,,
14,,10129,0.0702509805560112,0.038760874420404434,0.3111928701400757,0.004991193767637014,0.060881130397319794,0.010545650497078896,0.2785975933074951,0.013359621167182922,0.14511053264141083,0.06267935037612915,0.1806698590517044,0.48440125584602356,0.0024435108061879873,2.2030489444732666,0.1294342428445816,,,,,,,,,,,,,,,
,0.00016105267886588282,10139,,,,,,,,,,,,,,,,,,,,,,,,,,,,,,
14,,10139,0.050618745386600494,0.035817310214042664,0.2762725055217743,0.0008876032079569995,0.04830656945705414,0.009774469770491123,0.1565922200679779,0.005516129080206156,0.06611112505197525,0.03893771395087242,0.16119922697544098,0.3255188465118408,0.002683256985619664,2.173800468444824,0.11203406751155853,,,,,,,,,,,,,,,
,0.00016082233950684893,10149,,,,,,,,,,,,,,,,,,,,,,,,,,,,,,
14,,10149,0.03551769629120827,0.03740933910012245,0.3032160997390747,0.004628967493772507,0.03570473939180374,0.00576675683259964,0.16655783355236053,0.006629077717661858,0.03319782391190529,0.03902243822813034,0.18356695771217346,0.29797273874282837,0.004185398109257221,2.147580146789551,0.09876097738742828,,,,,,,,,,,,,,,
,0.00016059197449174207,10159,,,,,,,,,,,,,,,,,,,,,,,,,,,,,,
14,,10159,0.05799452215433121,0.044939711689949036,0.2619803845882416,0.004978624172508717,0.061966653913259506,0.018783176317811012,0.18329736590385437,0.0073074521496891975,0.08769996464252472,0.07602420449256897,0.1980762630701065,0.38888707756996155,0.004810736980289221,2.144697427749634,0.12265525013208389,,,,,,,,,,,,,,,
,0.00016036158436667883,10169,,,,,,,,,,,,,,,,,,,,,,,,,,,,,,
14,,10169,0.0767216607928276,0.030527571216225624,0.33631470799446106,0.0011976876994594932,0.05523550137877464,0.018108773976564407,0.17545786499977112,0.006816954351961613,0.08395157754421234,0.06796080619096756,0.2003130167722702,0.40352287888526917,0.0028875675052404404,2.1226019859313965,0.13406117260456085,,,,,,,,,,,,,,,
,0.00016013116967783574,10179,,,,,,,,,,,,,,,,,,,,,,,,,,,,,,
14,,10179,0.05784773454070091,0.037859007716178894,0.2709711194038391,0.0017068719025701284,0.05348590761423111,0.0058476426638662815,0.17377875745296478,0.009628526866436005,0.09139911085367203,0.047275252640247345,0.18122950196266174,0.3672066628932953,0.0004694115195889026,2.145395040512085,0.1185559406876564,,,,,,,,,,,,,,,
,0.00015990073097144734,10189,,,,,,,,,,,,,,,,,,,,,,,,,,,,,,
14,,10189,0.07165580987930298,0.026221737265586853,0.21654443442821503,0.0038436120375990868,0.049116864800453186,0.02349456027150154,0.16312476992607117,0.007266444154083729,0.1587774157524109,0.05685952678322792,0.18060922622680664,0.4253087341785431,0.003157459432259202,2.1562604904174805,0.10508479177951813,,,,,,,,,,,,,,,
,0.0001596702687938051,10199,,,,,,,,,,,,,,,,,,,,,,,,,,,,,,
14,,10199,0.07305353134870529,0.0352369025349617,0.2593492269515991,0.0012802400160580873,0.06885913759469986,0.01595001481473446,0.19491152465343475,0.010067043825984001,0.12870308756828308,0.06538129597902298,0.21300575137138367,0.43041181564331055,0.0015098161529749632,2.1021313667297363,0.11366439610719681,,,,,,,,,,,,,,,
,0.00015943978369125622,10209,,,,,,,,,,,,,,,,,,,,,,,,,,,,,,
14,,10209,0.04449935629963875,0.030806465074419975,0.4157746732234955,0.0005882001132704318,0.05610683932900429,0.015462135896086693,0.18609905242919922,0.009991123341023922,0.0878293365240097,0.028703367337584496,0.23003527522087097,0.42612943053245544,0.010551923885941505,2.093289852142334,0.13089685142040253,,,,,,,,,,,,,,,
,0.00015920927621020225,10219,,,,,,,,,,,,,,,,,,,,,,,,,,,,,,
14,,10219,0.05036798119544983,0.028335345908999443,0.37050336599349976,0.001458425889723003,0.04167426377534866,0.010747909545898438,0.21172690391540527,0.008152542635798454,0.08880376070737839,0.02927454374730587,0.20852170884609222,0.40052857995033264,0.0003788710746448487,2.1520533561706543,0.13082005083560944,,,,,,,,,,,,,,,
,0.00015897874689709766,10229,,,,,,,,,,,,,,,,,,,,,,,,,,,,,,
14,,10229,0.07090158015489578,0.021406976506114006,0.23412662744522095,0.005051125772297382,0.06438583880662918,0.025297673419117928,0.15805526077747345,0.011633475311100483,0.16885995864868164,0.07595378160476685,0.19541636109352112,0.4570660889148712,0.0007141464157029986,2.146613359451294,0.126067653298378,,,,,,,,,,,,,,,
,0.00015874819629844888,10239,,,,,,,,,,,,,,,,,,,,,,,,,,,,,,
14,,10239,0.048781972378492355,0.03521326929330826,0.34915679693222046,0.0014352052239701152,0.05374918505549431,0.008755846880376339,0.2131146937608719,0.014667592942714691,0.08992698043584824,0.04241253435611725,0.18695037066936493,0.4022587239742279,0.0035852978471666574,2.0936386585235596,0.11524813622236252,,,,,,,,,,,,,,,
,0.00015851762496081257,10249,,,,,,,,,,,,,,,,,,,,,,,,,,,,,,
14,,10249,0.06612343341112137,0.023955192416906357,0.2371007353067398,0.0007166119758039713,0.045665789395570755,0.013743245042860508,0.15470543503761292,0.006721850950270891,0.08364536613225937,0.036255352199077606,0.13138653337955475,0.32141178846359253,0.0005494087236002088,2.1388089656829834,0.09108170866966248,,,,,,,,,,,,,,,
,0.00015828703343079476,10259,,,,,,,,,,,,,,,,,,,,,,,,,,,,,,
14,,10259,0.03370595723390579,0.06480561196804047,0.26080039143562317,0.00045057639363221824,0.03112448751926422,0.010602680966258049,0.18607529997825623,0.005765643902122974,0.05088542401790619,0.033254966139793396,0.20823727548122406,0.316868394613266,0.0009931212989613414,2.120223045349121,0.10507098585367203,,,,,,,,,,,,,,,
,0.00015805642225504916,10269,,,,,,,,,,,,,,,,,,,,,,,,,,,,,,
14,,10269,0.051540665328502655,0.02047578990459442,0.28867605328559875,0.0013146456331014633,0.06092676520347595,0.01878766156733036,0.14090926945209503,0.010177351534366608,0.08415451645851135,0.02525780163705349,0.20535336434841156,0.3598962724208832,0.001656802138313651,2.147392749786377,0.12439093738794327,,,,,,,,,,,,,,,
,0.00015782579198027626,10279,,,,,,,,,,,,,,,,,,,,,,,,,,,,,,
14,,10279,0.05572550371289253,0.021838512271642685,0.2745625674724579,0.0006890804506838322,0.05073733255267143,0.0080094700679183,0.14066992700099945,0.006291512865573168,0.09420780092477798,0.04965157061815262,0.17309507727622986,0.354958176612854,0.005185272544622421,2.1413919925689697,0.1189807578921318,,,,,,,,,,,,,,,
,0.00015759514315322174,10289,,,,,,,,,,,,,,,,,,,,,,,,,,,,,,
14,,10289,0.050034377723932266,0.03003549575805664,0.3285834789276123,0.0017308529932051897,0.07832247763872147,0.008733395487070084,0.22577297687530518,0.010443945415318012,0.11556700617074966,0.0678500384092331,0.20587408542633057,0.4453272521495819,0.004382654093205929,2.1543667316436768,0.1528448611497879,,,,,,,,,,,,,,,
,0.0001573644763206751,10299,,,,,,,,,,,,,,,,,,,,,,,,,,,,,,
14,,10299,0.05813850089907646,0.02306286245584488,0.26626497507095337,0.00411658501252532,0.04258066415786743,0.02086300402879715,0.15153177082538605,0.009504754096269608,0.09281379729509354,0.04404936730861664,0.19236238300800323,0.36800485849380493,0.00038807926466688514,2.1967880725860596,0.12989425659179688,,,,,,,,,,,,,,,
,0.00015713379202946879,10309,,,,,,,,,,,,,,,,,,,,,,,,,,,,,,
14,,10309,0.03496957942843437,0.02826699987053871,0.26607245206832886,0.0046876161359250546,0.04487897828221321,0.005877634044736624,0.1691507250070572,0.0053594354540109634,0.07775374501943588,0.02995927631855011,0.15781448781490326,0.322054386138916,0.0046934038400650024,2.145334005355835,0.09481283277273178,,,,,,,,,,,,,,,
,0.0001569030908264765,10319,,,,,,,,,,,,,,,,,,,,,,,,,,,,,,
14,,10319,0.08454018086194992,0.017398418858647346,0.2291920930147171,0.00438296515494585,0.06065526232123375,0.08409228920936584,0.14944438636302948,0.012729468755424023,0.16294555366039276,0.042889390140771866,0.1709464192390442,0.4744275212287903,0.004139304161071777,2.1577439308166504,0.12349803745746613,,,,,,,,,,,,,,,
,0.00015667237325861204,10329,,,,,,,,,,,,,,,,,,,,,,,,,,,,,,
14,,10329,0.08096441626548767,0.02436884120106697,0.2595449686050415,0.0017273837001994252,0.05272449180483818,0.04763655364513397,0.17161908745765686,0.007516281679272652,0.12921395897865295,0.03816301003098488,0.19997307658195496,0.42814478278160095,0.004668842069804668,2.1340339183807373,0.10433949530124664,,,,,,,,,,,,,,,
,0.000156441639872828,10339,,,,,,,,,,,,,,,,,,,,,,,,,,,,,,
14,,10339,0.06042192131280899,0.04515054076910019,0.3181023895740509,0.003165299305692315,0.05058741196990013,0.007345061749219894,0.19144341349601746,0.0076192873530089855,0.10006078332662582,0.052076391875743866,0.18384060263633728,0.40126147866249084,0.002215346321463585,2.148709774017334,0.11913003772497177,,,,,,,,,,,,,,,
,0.00015621089121611447,10349,,,,,,,,,,,,,,,,,,,,,,,,,,,,,,
14,,10349,0.05480043217539787,0.021335119381546974,0.23973947763442993,0.005005642771720886,0.06050892919301987,0.006232586223632097,0.16357235610485077,0.017581883817911148,0.13209034502506256,0.05832628905773163,0.1526169627904892,0.3975827097892761,0.0020861057564616203,2.175422430038452,0.11517892777919769,,,,,,,,,,,,,,,
,0.0001559801278354978,10359,,,,,,,,,,,,,,,,,,,,,,,,,,,,,,
14,,10359,0.07683476060628891,0.022906729951500893,0.23363149166107178,0.0058985217474401,0.06218763068318367,0.012764899991452694,0.16645517945289612,0.016197606921195984,0.13449819386005402,0.04691636189818382,0.18108047544956207,0.4211694002151489,0.003694005776196718,2.157541036605835,0.12138281017541885,,,,,,,,,,,,,,,
,0.0001557493502780392,10369,,,,,,,,,,,,,,,,,,,,,,,,,,,,,,
14,,10369,0.07554493844509125,0.014861062169075012,0.20186510682106018,0.000798750261310488,0.05401568114757538,0.01662353053689003,0.14866189658641815,0.009470069780945778,0.1213100403547287,0.040305349975824356,0.16832400858402252,0.3681636452674866,0.004430384375154972,2.180799722671509,0.09728743135929108,,,,,,,,,,,,,,,
,0.0001555185590908334,10379,,,,,,,,,,,,,,,,,,,,,,,,,,,,,,
14,,10379,0.0684223622083664,0.04360358417034149,0.3244577944278717,0.0014250160893425345,0.04785899445414543,0.02283051423728466,0.1821049153804779,0.00899652298539877,0.12475571036338806,0.05126489698886871,0.20971201360225677,0.44727152585983276,0.0008125578169710934,2.1561203002929688,0.14584457874298096,,,,,,,,,,,,,,,
,0.0001552877548210077,10389,,,,,,,,,,,,,,,,,,,,,,,,,,,,,,
14,,10389,0.0650913268327713,0.025537345558404922,0.27160224318504333,0.00430498318746686,0.054833561182022095,0.015354558825492859,0.17129212617874146,0.006832858547568321,0.1302235871553421,0.06371208280324936,0.1791180819272995,0.4113590121269226,0.00220323633402586,2.154995918273926,0.11321327090263367,,,,,,,,,,,,,,,
,0.00015505693801572007,10399,,,,,,,,,,,,,,,,,,,,,,,,,,,,,,
14,,10399,0.04942932724952698,0.03625011816620827,0.29507848620414734,0.006145530380308628,0.047516655176877975,0.008794550783932209,0.2004135549068451,0.0036374409683048725,0.07249820232391357,0.033367764204740524,0.17438070476055145,0.3641597032546997,0.011684035882353783,2.157845973968506,0.12065036594867706,,,,,,,,,,,,,,,
,0.00015482610922215844,10409,,,,,,,,,,,,,,,,,,,,,,,,,,,,,,
14,,10409,0.04952264949679375,0.022952497005462646,0.332856684923172,0.0026032438036054373,0.056986067444086075,0.0033359897788614035,0.14644701778888702,0.00684514082968235,0.07466989755630493,0.04502199962735176,0.2122877687215805,0.36268067359924316,0.0009224803070537746,2.1460535526275635,0.14034491777420044,,,,,,,,,,,,,,,
,0.00015459526898753908,10419,,,,,,,,,,,,,,,,,,,,,,,,,,,,,,
14,,10419,0.0976848155260086,0.05949464812874794,0.33300626277923584,0.0008540793787688017,0.05807505175471306,0.011025183834135532,0.2736532390117645,0.012540275231003761,0.2637144923210144,0.07691778987646103,0.20332178473472595,0.6304640769958496,0.001272806664928794,2.1508493423461914,0.12964533269405365,,,,,,,,,,,,,,,
14,,10424,,,,,,,,,,,,,,,,0.16620594263076782,0.03821227326989174,0.25057855248451233,0.010321891866624355,0.06649887561798096,0.0023431992158293724,0.14704589545726776,0.026287196204066277,0.1861925721168518,0.0678214281797409,0.18743601441383362,0.5481830835342407,0.010512778535485268,2.0936214923858643,0.13029663264751434
,0.00015436441785910549,10429,,,,,,,,,,,,,,,,,,,,,,,,,,,,,,
15,,10429,0.055604513734579086,0.021444275975227356,0.2940032482147217,0.0013784162001684308,0.06773384660482407,0.0061590843833982944,0.17329837381839752,0.008696609176695347,0.11100080609321594,0.04973837360739708,0.21969780325889587,0.4061346650123596,0.0010668649338185787,2.17435884475708,0.14891032874584198,,,,,,,,,,,,,,,
,0.0001541335563841268,10439,,,,,,,,,,,,,,,,,,,,,,,,,,,,,,
15,,10439,0.04250074177980423,0.06846991926431656,0.321286141872406,0.0020321591291576624,0.04558808356523514,0.007362560369074345,0.2037990689277649,0.010616988874971867,0.10070370882749557,0.027196411043405533,0.17916351556777954,0.4049290120601654,0.004511451348662376,2.187164545059204,0.12033437192440033,,,,,,,,,,,,,,,
,0.00015390268510989674,10449,,,,,,,,,,,,,,,,,,,,,,,,,,,,,,
15,,10449,0.07151629030704498,0.030520856380462646,0.2728458046913147,0.0037595932371914387,0.04933464899659157,0.009215446189045906,0.15247558057308197,0.00932176411151886,0.07677675783634186,0.06100068986415863,0.1858402043581009,0.3602176010608673,0.004709872882813215,2.1357998847961426,0.11483646184206009,,,,,,,,,,,,,,,
,0.00015367180458373243,10459,,,,,,,,,,,,,,,,,,,,,,,,,,,,,,
15,,10459,0.03957619145512581,0.1076093390583992,0.29736649990081787,0.005471030715852976,0.03963470458984375,0.03532477095723152,0.2295970767736435,0.011156979948282242,0.08607012778520584,0.04228082671761513,0.19498328864574432,0.4158080220222473,0.004433943424373865,2.160001277923584,0.0877503976225853,,,,,,,,,,,,,,,
,0.0001534409153529727,10469,,,,,,,,,,,,,,,,,,,,,,,,,,,,,,
15,,10469,0.053861767053604126,0.04555685818195343,0.2524271607398987,0.0011886912398040295,0.06259467452764511,0.00798577256500721,0.17855513095855713,0.006708863191306591,0.08894886821508408,0.06376102566719055,0.18487273156642914,0.3728359043598175,0.002708753803744912,2.113342046737671,0.13859955966472626,,,,,,,,,,,,,,,
,0.00015321001796497706,10479,,,,,,,,,,,,,,,,,,,,,,,,,,,,,,
15,,10479,0.03327560797333717,0.054414961487054825,0.303082138299942,0.0008912001503631473,0.034940145909786224,0.005000635981559753,0.17309130728244781,0.0046707820147275925,0.03776375576853752,0.031103022396564484,0.1851499080657959,0.29902294278144836,0.000924820255022496,2.1514523029327393,0.09746775776147842,,,,,,,,,,,,,,,
,0.0001529791129671245,10489,,,,,,,,,,,,,,,,,,,,,,,,,,,,,,
15,,10489,0.044477321207523346,0.02723708190023899,0.27702030539512634,0.0024246845860034227,0.03713301941752434,0.006351761054247618,0.15060943365097046,0.010782469995319843,0.07265546172857285,0.06301424652338028,0.18735036253929138,0.32884636521339417,0.0011178600834682584,2.1595935821533203,0.09530859440565109,,,,,,,,,,,,,,,
,0.000152748200906812,10499,,,,,,,,,,,,,,,,,,,,,,,,,,,,,,
15,,10499,0.054020803421735764,0.02184544876217842,0.20859123766422272,0.005364388693124056,0.05621666833758354,0.0064817508682608604,0.12222672998905182,0.008274801075458527,0.09836799651384354,0.05371462553739548,0.1801622360944748,0.3365863263607025,0.002219679532572627,2.1575803756713867,0.1069738119840622,,,,,,,,,,,,,,,
,0.0001525172823314531,10509,,,,,,,,,,,,,,,,,,,,,,,,,,,,,,
15,,10509,0.09970835596323013,0.027073360979557037,0.3269185423851013,0.0037532688584178686,0.0735912024974823,0.013779332861304283,0.1794293373823166,0.011714713647961617,0.1391933411359787,0.07456715404987335,0.20867028832435608,0.49009764194488525,0.001574170426465571,2.1240131855010986,0.1734636127948761,,,,,,,,,,,,,,,
,0.000152286357788477,10519,,,,,,,,,,,,,,,,,,,,,,,,,,,,,,
15,,10519,0.022315338253974915,0.027172774076461792,0.3487088978290558,0.0037103116046637297,0.054571133106946945,0.002028086921200156,0.16184882819652557,0.006877069361507893,0.058823198080062866,0.03161068260669708,0.20827287435531616,0.34418678283691406,0.006324384827166796,2.145761251449585,0.1343238204717636,,,,,,,,,,,,,,,
,0.00015205542782532698,10529,,,,,,,,,,,,,,,,,,,,,,,,,,,,,,
15,,10529,0.05777052789926529,0.0891808494925499,0.34818220138549805,0.006876411382108927,0.048714928328990936,0.004894185345619917,0.26019760966300964,0.01609966903924942,0.13486988842487335,0.04597896337509155,0.19466370344161987,0.49263179302215576,0.004793127067387104,2.12636399269104,0.11825195699930191,,,,,,,,,,,,,,,
,0.00015182449298945918,10539,,,,,,,,,,,,,,,,,,,,,,,,,,,,,,
15,,10539,0.08021672070026398,0.04557076841592789,0.24704934656620026,0.0022275482770055532,0.048609863966703415,0.011236807331442833,0.19552157819271088,0.008333584293723106,0.12329708784818649,0.05476116016507149,0.17677131295204163,0.4134373366832733,0.00044808321399614215,2.1686809062957764,0.12153300642967224,,,,,,,,,,,,,,,
,0.00015159355382834118,10549,,,,,,,,,,,,,,,,,,,,,,,,,,,,,,
15,,10549,0.08367908746004105,0.020037611946463585,0.24845461547374725,0.0032228969503194094,0.06126739829778671,0.012360423803329468,0.1861695796251297,0.008760178461670876,0.14766602218151093,0.04129176214337349,0.19277901947498322,0.4394805133342743,0.0016666185110807419,2.120584487915039,0.13661612570285797,,,,,,,,,,,,,,,
,0.000151362610889451,10559,,,,,,,,,,,,,,,,,,,,,,,,,,,,,,
15,,10559,0.04986638203263283,0.022925518453121185,0.3338775634765625,0.005642872303724289,0.06994958221912384,0.006800235249102116,0.19734640419483185,0.012359196320176125,0.11659591645002365,0.04148053377866745,0.20849797129631042,0.43267154693603516,0.0015897396951913834,2.196892261505127,0.1469046026468277,,,,,,,,,,,,,,,
,0.0001511316647202755,10569,,,,,,,,,,,,,,,,,,,,,,,,,,,,,,
15,,10569,0.04746684059500694,0.03418763726949692,0.27655526995658875,0.0020635121036320925,0.05894022434949875,0.016363007947802544,0.1701262891292572,0.003971136640757322,0.05575881153345108,0.046307116746902466,0.1990455985069275,0.3377992510795593,0.0034338543191552162,2.1391193866729736,0.13331195712089539,,,,,,,,,,,,,,,
,0.0001509007158683092,10579,,,,,,,,,,,,,,,,,,,,,,,,,,,,,,
15,,10579,0.08342782407999039,0.028834283351898193,0.2731036841869354,0.0033967532217502594,0.06860823184251785,0.013773635029792786,0.19223852455615997,0.009524207562208176,0.12460575252771378,0.0645253136754036,0.19797801971435547,0.439265638589859,0.000995949492789805,2.178765058517456,0.14730431139469147,,,,,,,,,,,,,,,
,0.00015066976488105298,10589,,,,,,,,,,,,,,,,,,,,,,,,,,,,,,
15,,10589,0.05528490990400314,0.028611842542886734,0.2782101631164551,0.007408185862004757,0.04858449101448059,0.016863862052559853,0.15061141550540924,0.00823928788304329,0.08187972754240036,0.05119364708662033,0.19520315527915955,0.36382389068603516,0.0009438198758289218,2.1490087509155273,0.12617360055446625,,,,,,,,,,,,,,,
,0.00015043881230601284,10599,,,,,,,,,,,,,,,,,,,,,,,,,,,,,,
15,,10599,0.0522964708507061,0.028667721897363663,0.2699601352214813,0.0026476073544472456,0.055175285786390305,0.010717629455029964,0.15789587795734406,0.009012261405587196,0.06411519646644592,0.05833512917160988,0.18812762200832367,0.3427579700946808,0.010752212256193161,2.1601288318634033,0.10874976217746735,,,,,,,,,,,,,,,
,0.00015020785869069856,10609,,,,,,,,,,,,,,,,,,,,,,,,,,,,,,
15,,10609,0.06513450294733047,0.036805640906095505,0.19136956334114075,0.0012513933470472693,0.038632482290267944,0.006557940971106291,0.15973329544067383,0.00825905054807663,0.12780801951885223,0.047655653208494186,0.1592150628566742,0.3578144311904907,0.0009693260071799159,2.178443193435669,0.0765482559800148,,,,,,,,,,,,,,,
,0.0001499769045826222,10619,,,,,,,,,,,,,,,,,,,,,,,,,,,,,,
15,,10619,0.0492691695690155,0.023419000208377838,0.2864837050437927,0.0024521213490515947,0.06554658710956573,0.011155071668326855,0.17341752350330353,0.010066741146147251,0.09449692815542221,0.03983659669756889,0.17634651064872742,0.37857377529144287,0.005154233425855637,2.189387798309326,0.13297700881958008,,,,,,,,,,,,,,,
,0.0001497459505292972,10629,,,,,,,,,,,,,,,,,,,,,,,,,,,,,,
15,,10629,0.07561546564102173,0.023251723498106003,0.26491886377334595,0.007772493176162243,0.05851754546165466,0.019897928461432457,0.15428239107131958,0.014860588125884533,0.13296261429786682,0.06431727111339569,0.19026821851730347,0.4279414713382721,0.0025886513758450747,2.1599857807159424,0.10774286091327667,,,,,,,,,,,,,,,
,0.00014951499707823682,10639,,,,,,,,,,,,,,,,,,,,,,,,,,,,,,
15,,10639,0.05185446888208389,0.025220977142453194,0.2873266339302063,0.0026287089567631483,0.050845347344875336,0.009875083342194557,0.16431863605976105,0.010943073779344559,0.06814466416835785,0.06245122849941254,0.20648501813411713,0.35243237018585205,0.0006616754690185189,2.151705503463745,0.12815792858600616,,,,,,,,,,,,,,,
,0.00014928404477695283,10649,,,,,,,,,,,,,,,,,,,,,,,,,,,,,,
15,,10649,0.06001437455415726,0.016308574005961418,0.2197086364030838,0.0025339145213365555,0.047111354768276215,0.01076465379446745,0.14700579643249512,0.014168044552206993,0.12628068029880524,0.041815802454948425,0.17411494255065918,0.38108688592910767,0.0035533499903976917,2.1136574745178223,0.12366893887519836,,,,,,,,,,,,,,,
,0.00014905309417295422,10659,,,,,,,,,,,,,,,,,,,,,,,,,,,,,,
15,,10659,0.049287840723991394,0.03234098479151726,0.2940678894519806,0.003505796194076538,0.058307621628046036,0.00799168087542057,0.18319162726402283,0.009811179712414742,0.09159915894269943,0.0353669710457325,0.20655089616775513,0.38049620389938354,0.0024061899166554213,2.1659321784973145,0.12129092216491699,,,,,,,,,,,,,,,
,0.0001488221458137462,10669,,,,,,,,,,,,,,,,,,,,,,,,,,,,,,
15,,10669,0.05196266993880272,0.04817403107881546,0.3318476974964142,0.0015983881894499063,0.04913729801774025,0.003850504057481885,0.18244819343090057,0.004946872126311064,0.06304418295621872,0.04219270497560501,0.1910211592912674,0.3582446873188019,0.0021836641244590282,2.1234307289123535,0.1243717297911644,,,,,,,,,,,,,,,
,0.00014859120024682842,10679,,,,,,,,,,,,,,,,,,,,,,,,,,,,,,
15,,10679,0.07245888561010361,0.027026386931538582,0.22352179884910583,0.002860559616237879,0.04558117315173149,0.012905323877930641,0.15511474013328552,0.017620263621211052,0.16346852481365204,0.040530234575271606,0.15745271742343903,0.4301992356777191,0.0014819323550909758,2.1629183292388916,0.12158258259296417,,,,,,,,,,,,,,,
,0.000148360258019694,10689,,,,,,,,,,,,,,,,,,,,,,,,,,,,,,
15,,10689,0.05599582940340042,0.017897499725222588,0.2611382305622101,0.0010887812823057175,0.03948559984564781,0.006448960397392511,0.1569790244102478,0.007661956362426281,0.12054671347141266,0.036278579384088516,0.1669376641511917,0.36706697940826416,0.0033337774220854044,2.1275250911712646,0.09922471642494202,,,,,,,,,,,,,,,
,0.00014812931967982812,10699,,,,,,,,,,,,,,,,,,,,,,,,,,,,,,
15,,10699,0.0630967766046524,0.04155348986387253,0.2599649131298065,0.0031447492074221373,0.056071799248456955,0.01262154895812273,0.17599985003471375,0.01170253474265337,0.11894392222166061,0.05406957492232323,0.18081128597259521,0.4102981984615326,0.003894165623933077,2.0952024459838867,0.12617407739162445,,,,,,,,,,,,,,,
,0.0001478983857747068,10709,,,,,,,,,,,,,,,,,,,,,,,,,,,,,,
15,,10709,0.06751422584056854,0.035323623567819595,0.29274365305900574,0.00922586489468813,0.04739736393094063,0.01432079542428255,0.16570289433002472,0.012804582715034485,0.11064840853214264,0.044179655611515045,0.18692445755004883,0.41091597080230713,0.003807608038187027,2.168163299560547,0.11424174159765244,,,,,,,,,,,,,,,
,0.0001476674568517955,10719,,,,,,,,,,,,,,,,,,,,,,,,,,,,,,
15,,10719,0.025898266583681107,0.03464483469724655,0.28125283122062683,0.0020265739876776934,0.04398763179779053,0.007191046141088009,0.15666143596172333,0.007320963777601719,0.07328938692808151,0.03968581557273865,0.17901912331581116,0.3272913992404938,0.004420469980686903,2.1388137340545654,0.11178857833147049,,,,,,,,,,,,,,,
,0.0001474365334585478,10729,,,,,,,,,,,,,,,,,,,,,,,,,,,,,,
15,,10729,0.03879871219396591,0.028869083151221275,0.2719818949699402,0.00616727489978075,0.05105716362595558,0.014509500004351139,0.17111535370349884,0.0114624984562397,0.13082946836948395,0.053131572902202606,0.18757645785808563,0.41002169251441956,0.004493891727179289,2.133815288543701,0.12081367522478104,,,,,,,,,,,,,,,
,0.00014720561614240432,10739,,,,,,,,,,,,,,,,,,,,,,,,,,,,,,
15,,10739,0.07196460664272308,0.020479928702116013,0.23582303524017334,0.001314865192398429,0.04474065080285072,0.012535160407423973,0.13683867454528809,0.012222585268318653,0.12531477212905884,0.03937571123242378,0.16241347789764404,0.383056640625,0.006024769973009825,2.1437184810638428,0.11068984121084213,,,,,,,,,,,,,,,
,0.00014697470545079117,10749,,,,,,,,,,,,,,,,,,,,,,,,,,,,,,
15,,10749,0.028895612806081772,0.026422103866934776,0.21204663813114166,0.003071270417422056,0.03777378052473068,0.00652322918176651,0.13516472280025482,0.009136056527495384,0.06581015884876251,0.049373555928468704,0.1607678383588791,0.2860533595085144,0.0013631180627271533,2.135283946990967,0.10662098973989487,,,,,,,,,,,,,,,
,0.00014674380193111886,10759,,,,,,,,,,,,,,,,,,,,,,,,,,,,,,
15,,10759,0.07527900487184525,0.025187920778989792,0.22572101652622223,0.004831969738006592,0.060738757252693176,0.013464372605085373,0.1603982001543045,0.013396929949522018,0.14065557718276978,0.0462602861225605,0.16276229918003082,0.4213329553604126,0.004006735514849424,2.1502017974853516,0.13834267854690552,,,,,,,,,,,,,,,
,0.00014651290613078072,10769,,,,,,,,,,,,,,,,,,,,,,,,,,,,,,
15,,10769,0.12416759133338928,0.019063085317611694,0.20324034988880157,0.003555221948772669,0.07280571013689041,0.02131355181336403,0.18919840455055237,0.007923947647213936,0.26114147901535034,0.0627840906381607,0.17952916026115417,0.5688042044639587,0.0015400962438434362,2.133160352706909,0.14160366356372833,,,,,,,,,,,,,,,
,0.00014628201859715194,10779,,,,,,,,,,,,,,,,,,,,,,,,,,,,,,
15,,10779,0.06524845957756042,0.016456900164484978,0.23858077824115753,0.002650225069373846,0.04007444903254509,0.01644999347627163,0.13206185400485992,0.010815774090588093,0.10812807083129883,0.033776313066482544,0.16986709833145142,0.3584790825843811,0.0018133664270862937,2.1361069679260254,0.11330480128526688,,,,,,,,,,,,,,,
,0.00014605113987758796,10789,,,,,,,,,,,,,,,,,,,,,,,,,,,,,,
15,,10789,0.0608898364007473,0.06790395826101303,0.3249737322330475,0.002583135152235627,0.06257025897502899,0.018698642030358315,0.2133258432149887,0.008589999750256538,0.1348734349012375,0.03442253917455673,0.220638245344162,0.4824017286300659,0.0003878205898217857,2.137529134750366,0.17751441895961761,,,,,,,,,,,,,,,
,0.0001458202705194236,10799,,,,,,,,,,,,,,,,,,,,,,,,,,,,,,
15,,10799,0.08328544348478317,0.02342953532934189,0.25946104526519775,0.0014661633176729083,0.0577104277908802,0.007390497252345085,0.1657976657152176,0.012071235105395317,0.12659062445163727,0.0693419873714447,0.1924552619457245,0.4106311500072479,0.000528119329828769,2.119126081466675,0.10885844379663467,,,,,,,,,,,,,,,
,0.00014558941106997123,10809,,,,,,,,,,,,,,,,,,,,,,,,,,,,,,
15,,10809,0.10059361904859543,0.029894648119807243,0.2670343220233917,0.002183494856581092,0.06816744804382324,0.017208300530910492,0.22740013897418976,0.014060563407838345,0.21148119866847992,0.05222775414586067,0.19605538249015808,0.5389083027839661,0.0019190036691725254,2.134671449661255,0.12452594190835953,,,,,,,,,,,,,,,
,0.00014535856207651969,10819,,,,,,,,,,,,,,,,,,,,,,,,,,,,,,
15,,10819,0.05966328829526901,0.026660257950425148,0.2620542645454407,0.00237775850109756,0.05153176188468933,0.00859061535447836,0.1629921793937683,0.008418687619268894,0.11361939460039139,0.042295582592487335,0.16303962469100952,0.3761553168296814,0.0008226462523452938,2.1491596698760986,0.11642079800367355,,,,,,,,,,,,,,,
,0.00014512772408633329,10829,,,,,,,,,,,,,,,,,,,,,,,,,,,,,,
15,,10829,0.06934735924005508,0.027890097349882126,0.2802325487136841,0.004130944609642029,0.04728929325938225,0.007600467186421156,0.15985003113746643,0.008412690833210945,0.12322288751602173,0.051515888422727585,0.17856401205062866,0.4051964282989502,0.0060572815127670765,2.121792793273926,0.11482629179954529,,,,,,,,,,,,,,,
,0.00014489689764665006,10839,,,,,,,,,,,,,,,,,,,,,,,,,,,,,,
15,,10839,0.04068788141012192,0.03392357751727104,0.22222760319709778,0.0022156070917844772,0.029182851314544678,0.014824950136244297,0.14921042323112488,0.010621192865073681,0.061242468655109406,0.039171867072582245,0.1459411084651947,0.28297460079193115,0.0009641004726290703,2.155029296875,0.06758250296115875,,,,,,,,,,,,,,,
,0.00014466608330468073,10849,,,,,,,,,,,,,,,,,,,,,,,,,,,,,,
15,,10849,0.06332600861787796,0.03060331381857395,0.26308006048202515,0.002238120185211301,0.03976087644696236,0.00809429120272398,0.16428543627262115,0.007839937694370747,0.09738514572381973,0.04457835853099823,0.18014633655548096,0.3597170114517212,0.002249806886538863,2.111377716064453,0.09800305217504501,,,,,,,,,,,,,,,
,0.00014443528160760724,10859,,,,,,,,,,,,,,,,,,,,,,,,,,,,,,
15,,10859,0.0710742324590683,0.01654983125627041,0.2035728543996811,0.0023456141352653503,0.04086928069591522,0.013328999280929565,0.11190460622310638,0.011907356791198254,0.08961181342601776,0.06564465910196304,0.17818443477153778,0.32576555013656616,0.0014104777947068214,2.1176652908325195,0.08973293751478195,,,,,,,,,,,,,,,
,0.0001442044931025818,10869,,,,,,,,,,,,,,,,,,,,,,,,,,,,,,
15,,10869,0.06320621818304062,0.027481617406010628,0.2465592324733734,0.002838724758476019,0.05583550035953522,0.014516699127852917,0.15744531154632568,0.01929158717393875,0.14144758880138397,0.05543201416730881,0.19161944091320038,0.4217759370803833,0.0014711301773786545,2.168159246444702,0.10982048511505127,,,,,,,,,,,,,,,
,0.00014397371833672508,10879,,,,,,,,,,,,,,,,,,,,,,,,,,,,,,
15,,10879,0.0411602258682251,0.022441575303673744,0.21652282774448395,0.0031020897440612316,0.03465519845485687,0.009332271292805672,0.11881659924983978,0.005518798716366291,0.055765558034181595,0.029949074611067772,0.1420336812734604,0.2656555771827698,0.005262988619506359,2.1297767162323,0.08519791066646576,,,,,,,,,,,,,,,
,0.0001437429578571252,10889,,,,,,,,,,,,,,,,,,,,,,,,,,,,,,
15,,10889,0.04819989576935768,0.028139963746070862,0.30842041969299316,0.0012659563217312098,0.04003746807575226,0.014977880753576756,0.16388948261737823,0.008005115203559399,0.08825599402189255,0.01687324233353138,0.18043091893196106,0.35869336128234863,0.0019324787426739931,2.150313138961792,0.11421297490596771,,,,,,,,,,,,,,,
,0.00014351221221083662,10899,,,,,,,,,,,,,,,,,,,,,,,,,,,,,,
15,,10899,0.04747890308499336,0.04389787092804909,0.29139289259910583,0.004106489941477776,0.0677538737654686,0.002826147712767124,0.17982669174671173,0.005247415509074926,0.19066369533538818,0.04667830094695091,0.17877966165542603,0.4871728718280792,0.005321485456079245,2.1513614654541016,0.15683795511722565,,,,,,,,,,,,,,,
,0.00014328148194487847,10909,,,,,,,,,,,,,,,,,,,,,,,,,,,,,,
15,,10909,0.06494583934545517,0.020787179470062256,0.25099530816078186,0.003690226934850216,0.04954885318875313,0.00747894961386919,0.136537566781044,0.00971473939716816,0.13464656472206116,0.04742017760872841,0.17243778705596924,0.39134275913238525,0.0013075590832158923,2.1645257472991943,0.11345220357179642,,,,,,,,,,,,,,,
,0.00014305076760623347,10919,,,,,,,,,,,,,,,,,,,,,,,,,,,,,,
15,,10919,0.036807771772146225,0.01865612156689167,0.258880078792572,0.0022278481628745794,0.03329800069332123,0.004739498719573021,0.15297619998455048,0.003503538900986314,0.04457731172442436,0.04532705992460251,0.1538672000169754,0.2618119418621063,0.0013682760763913393,2.087885618209839,0.06697943061590195,,,,,,,,,,,,,,,
,0.00014282006974184649,10929,,,,,,,,,,,,,,,,,,,,,,,,,,,,,,
15,,10929,0.04160233214497566,0.03197586163878441,0.3722062110900879,0.0008679919992573559,0.05274558439850807,0.005916806869208813,0.1754780113697052,0.006515824235975742,0.06298087537288666,0.04940219596028328,0.20755521953105927,0.37631648778915405,0.002597901737317443,2.116044759750366,0.1638827919960022,,,,,,,,,,,,,,,
,0.00014258938889862352,10939,,,,,,,,,,,,,,,,,,,,,,,,,,,,,,
15,,10939,0.04956785589456558,0.02552165277302265,0.29392164945602417,0.0012491841334849596,0.041410893201828,0.013688449747860432,0.14008106291294098,0.004279974848031998,0.058165643364191055,0.044678013771772385,0.17821846902370453,0.3213936686515808,0.00382655649445951,2.138472557067871,0.12046873569488525,,,,,,,,,,,,,,,
,0.00014235872562343017,10949,,,,,,,,,,,,,,,,,,,,,,,,,,,,,,
15,,10949,0.09926655143499374,0.033314671367406845,0.2898362874984741,0.007925569079816341,0.07911644876003265,0.018052726984024048,0.24559077620506287,0.016296524554491043,0.2119203507900238,0.07061797380447388,0.20583637058734894,0.5753686428070068,0.0012628250988200307,2.126143217086792,0.1536341905593872,,,,,,,,,,,,,,,
,0.0001421280804630901,10959,,,,,,,,,,,,,,,,,,,,,,,,,,,,,,
15,,10959,0.05184802785515785,0.0168418288230896,0.22574935853481293,0.004241135902702808,0.04746180400252342,0.006030570715665817,0.11292321234941483,0.00731885340064764,0.09476542472839355,0.044794753193855286,0.19304659962654114,0.33143526315689087,0.0005103036528453231,2.1469783782958984,0.1192464753985405,,,,,,,,,,,,,,,
,0.00014189745396438446,10969,,,,,,,,,,,,,,,,,,,,,,,,,,,,,,
15,,10969,0.05271025002002716,0.014529064297676086,0.264372855424881,0.0017789056291803718,0.0395258329808712,0.006586366333067417,0.12912186980247498,0.008481267839670181,0.08952589333057404,0.052785955369472504,0.20618471503257751,0.3375151753425598,0.0002795893815346062,2.144822359085083,0.10453647375106812,,,,,,,,,,,,,,,
,0.0001416668466740499,10979,,,,,,,,,,,,,,,,,,,,,,,,,,,,,,
15,,10979,0.0475047267973423,0.025613531470298767,0.28929033875465393,0.00198966171592474,0.05885500833392143,0.004392709583044052,0.16918519139289856,0.01187206245958805,0.0842866450548172,0.026732133701443672,0.17875762283802032,0.35335761308670044,0.0014734870055690408,2.108790636062622,0.11327710747718811,,,,,,,,,,,,,,,
,0.00014143625913877757,10989,,,,,,,,,,,,,,,,,,,,,,,,,,,,,,
15,,10989,0.04851614683866501,0.04363385587930679,0.27459752559661865,0.0028279174584895372,0.06727847456932068,0.010451453737914562,0.17520301043987274,0.01020549051463604,0.10857857018709183,0.06972334533929825,0.19964951276779175,0.40611961483955383,0.003062420291826129,2.127044677734375,0.13706615567207336,,,,,,,,,,,,,,,
,0.00014120569190521182,10999,,,,,,,,,,,,,,,,,,,,,,,,,,,,,,
15,,10999,0.08036691695451736,0.04370376095175743,0.2710252106189728,0.0051486738957464695,0.048158109188079834,0.020369574427604675,0.17806263267993927,0.006687069311738014,0.10076354444026947,0.05722746253013611,0.16930675506591797,0.400595486164093,0.003801235230639577,2.1592605113983154,0.12012320011854172,,,,,,,,,,,,,,,
,0.0001409751455199489,11009,,,,,,,,,,,,,,,,,,,,,,,,,,,,,,
15,,11009,0.03390998765826225,0.02962811104953289,0.2361171841621399,0.007110705133527517,0.034154992550611496,0.012383882887661457,0.16485826671123505,0.00706891156733036,0.0783809944987297,0.03256229683756828,0.13211071491241455,0.30790606141090393,0.007060146890580654,2.1227784156799316,0.07130724936723709,,,,,,,,,,,,,,,
,0.00014074462052953565,11019,,,,,,,,,,,,,,,,,,,,,,,,,,,,,,
15,,11019,0.05756089836359024,0.031112242490053177,0.2912818491458893,0.0010696620447561145,0.04868818074464798,0.010794096626341343,0.16342851519584656,0.010853458195924759,0.10223791003227234,0.030423354357481003,0.18359792232513428,0.38203951716423035,0.0064044538885355,2.172590494155884,0.11051598191261292,,,,,,,,,,,,,,,
,0.00014051411748046796,11029,,,,,,,,,,,,,,,,,,,,,,,,,,,,,,
15,,11029,0.0477023608982563,0.04443304240703583,0.27034494280815125,0.0029830944258719683,0.04412180557847023,0.015830278396606445,0.1579018086194992,0.00710564898326993,0.08548575639724731,0.031127536669373512,0.20115278661251068,0.3485809862613678,0.000388654472772032,2.177821159362793,0.08856403082609177,,,,,,,,,,,,,,,
,0.00014028363691919002,11039,,,,,,,,,,,,,,,,,,,,,,,,,,,,,,
15,,11039,0.04074322432279587,0.05175938829779625,0.31757402420043945,0.0022097465116530657,0.07412797957658768,0.017733555287122726,0.20853081345558167,0.012146280147135258,0.12306033074855804,0.04431399330496788,0.20561279356479645,0.4435059726238251,0.0014390530996024609,2.1477224826812744,0.13667264580726624,,,,,,,,,,,,,,,
,0.00014005317939209253,11049,,,,,,,,,,,,,,,,,,,,,,,,,,,,,,
15,,11049,0.05796542763710022,0.021555887535214424,0.20730052888393402,0.0007783726905472577,0.04904601722955704,0.014739044941961765,0.12965834140777588,0.010345312766730785,0.0653589516878128,0.0526730939745903,0.16532669961452484,0.3061949610710144,0.0029619219712913036,2.163219928741455,0.113144151866436,,,,,,,,,,,,,,,
,0.0001398227454455117,11059,,,,,,,,,,,,,,,,,,,,,,,,,,,,,,
15,,11059,0.06383343786001205,0.0473952554166317,0.4400005340576172,0.004614871460944414,0.09723677486181259,0.004198896698653698,0.2658669352531433,0.009042985737323761,0.2114054411649704,0.0682031512260437,0.2569721043109894,0.6289087533950806,0.003771523479372263,2.1308560371398926,0.20899558067321777,,,,,,,,,,,,,,,
,0.0001395923356257276,11069,,,,,,,,,,,,,,,,,,,,,,,,,,,,,,
15,,11069,0.04523342847824097,0.02452784776687622,0.35521677136421204,0.0028533567674458027,0.04857500642538071,0.012838521972298622,0.15052154660224915,0.0059705572202801704,0.06210162863135338,0.03962549567222595,0.22002047300338745,0.35079270601272583,0.0038007821422070265,2.139157772064209,0.10310721397399902,,,,,,,,,,,,,,,
,0.00013936195047896348,11079,,,,,,,,,,,,,,,,,,,,,,,,,,,,,,
15,,11079,0.054950013756752014,0.023282304406166077,0.2537112534046173,0.0030996676068753004,0.048199158161878586,0.005454520229250193,0.14383752644062042,0.004075536970049143,0.06423469632863998,0.0607881061732769,0.1638391762971878,0.31180045008659363,0.0014088536845520139,2.1619629859924316,0.11152635514736176,,,,,,,,,,,,,,,
,0.00013913159055138375,11089,,,,,,,,,,,,,,,,,,,,,,,,,,,,,,
15,,11089,0.044725965708494186,0.023423699662089348,0.28101593255996704,0.0019876144360750914,0.043465565890073776,0.006380496546626091,0.16093914210796356,0.016267944127321243,0.09425165504217148,0.05032537132501602,0.15774890780448914,0.3535967171192169,0.00028366033802740276,2.135571241378784,0.10459531098604202,,,,,,,,,,,,,,,
,0.00013890125638909315,11099,,,,,,,,,,,,,,,,,,,,,,,,,,,,,,
15,,11099,0.04925260320305824,0.07533913105726242,0.28458866477012634,0.0020704888738691807,0.04983387887477875,0.0052288551814854145,0.21164250373840332,0.008986937813460827,0.08184164017438889,0.03560967743396759,0.19161106646060944,0.3784767985343933,0.001618612790480256,2.1182491779327393,0.10724443942308426,,,,,,,,,,,,,,,
,0.0001386709485381355,11109,,,,,,,,,,,,,,,,,,,,,,,,,,,,,,
15,,11109,0.036217156797647476,0.028006872162222862,0.2448694407939911,0.0018719015643000603,0.04242144152522087,0.016826467588543892,0.14877766370773315,0.008210824802517891,0.08835204690694809,0.0650131031870842,0.17071221768856049,0.3420523703098297,0.0045828078873455524,2.124835729598999,0.12051728367805481,,,,,,,,,,,,,,,
,0.00013844066754449194,11119,,,,,,,,,,,,,,,,,,,,,,,,,,,,,,
15,,11119,0.06787537783384323,0.02112550474703312,0.27733808755874634,0.002921835519373417,0.051293838769197464,0.002473766217008233,0.15384891629219055,0.006674232427030802,0.11537414789199829,0.0632060095667839,0.2330121397972107,0.3985953629016876,0.00028648038278333843,2.1511776447296143,0.13047803938388824,,,,,,,,,,,,,,,
15,,11119,,,,,,,,,,,,,,,,0.1670994758605957,0.04050719365477562,0.2769238352775574,0.010610881261527538,0.07477396726608276,0.002246687887236476,0.16554735600948334,0.020816655829548836,0.1911977082490921,0.0653439313173294,0.18996618688106537,0.5661991238594055,0.009454283863306046,2.091618776321411,0.14097078144550323
,0.0001382104139540802,11129,,,,,,,,,,,,,,,,,,,,,,,,,,,,,,
16,,11129,0.0673571452498436,0.03868022561073303,0.29161450266838074,0.0002909306494984776,0.05115022882819176,0.00561480550095439,0.19642306864261627,0.005166481714695692,0.10745381563901901,0.035539329051971436,0.1843954175710678,0.38860955834388733,0.0010852530831471086,2.1522884368896484,0.10355786979198456,,,,,,,,,,,,,,,
,0.00013798018831275293,11139,,,,,,,,,,,,,,,,,,,,,,,,,,,,,,
16,,11139,0.05466989055275917,0.023265650495886803,0.28505995869636536,0.005020450800657272,0.052259959280490875,0.020978564396500587,0.17397440969944,0.010761762037873268,0.09352489560842514,0.1014179065823555,0.1990138739347458,0.3920307755470276,0.0034563513472676277,2.128121852874756,0.11681583523750305,,,,,,,,,,,,,,,
,0.0001377499911662966,11149,,,,,,,,,,,,,,,,,,,,,,,,,,,,,,
16,,11149,0.05915055796504021,0.0274807158857584,0.2504676282405853,0.0037163179367780685,0.054150357842445374,0.006675608456134796,0.1657775640487671,0.0066849710419774055,0.13919873535633087,0.05479203537106514,0.16054950654506683,0.3956857919692993,0.0007034587324596941,2.1528491973876953,0.10341983288526535,,,,,,,,,,,,,,,
,0.00013751982306042996,11159,,,,,,,,,,,,,,,,,,,,,,,,,,,,,,
16,,11159,0.04952411353588104,0.0423957034945488,0.3237951397895813,0.002209242433309555,0.0686209574341774,0.009926455095410347,0.1995573788881302,0.01391367893666029,0.11927404999732971,0.04741869866847992,0.19442489743232727,0.4339461922645569,0.0004900564672425389,2.1401689052581787,0.13731560111045837,,,,,,,,,,,,,,,
,0.00013728968454080316,11169,,,,,,,,,,,,,,,,,,,,,,,,,,,,,,
16,,11169,0.07825370877981186,0.05641806870698929,0.24785062670707703,0.006480426527559757,0.041580356657505035,0.01544963289052248,0.17586451768875122,0.008497489616274834,0.1262776106595993,0.0556877963244915,0.1644803285598755,0.40962159633636475,0.003815579228103161,2.1253855228424072,0.08388636261224747,,,,,,,,,,,,,,,
,0.000137059576152996,11179,,,,,,,,,,,,,,,,,,,,,,,,,,,,,,
16,,11179,0.0635276585817337,0.03741758316755295,0.21592865884304047,0.0024812030605971813,0.051751043647527695,0.013195447623729706,0.18433786928653717,0.01229785569012165,0.1470525860786438,0.044567402452230453,0.16854429244995117,0.4131177067756653,0.0019278780091553926,2.1091980934143066,0.10611603409051895,,,,,,,,,,,,,,,
,0.0001368294984425169,11189,,,,,,,,,,,,,,,,,,,,,,,,,,,,,,
16,,11189,0.050164610147476196,0.027029691264033318,0.24135130643844604,0.0013159089721739292,0.04087710380554199,0.016766710206866264,0.1413051337003708,0.009547245688736439,0.07451164722442627,0.05265790596604347,0.160535991191864,0.31709587574005127,0.0012510367669165134,2.1471478939056396,0.09411889314651489,,,,,,,,,,,,,,,
,0.00013659945195480168,11199,,,,,,,,,,,,,,,,,,,,,,,,,,,,,,
16,,11199,0.052419740706682205,0.02130090817809105,0.22320042550563812,0.007119965273886919,0.03666708990931511,0.01288618240505457,0.1153305321931839,0.005166976246982813,0.07757450640201569,0.03129465878009796,0.17659488320350647,0.3001294732093811,0.0018252205336466432,2.1447014808654785,0.07432253658771515,,,,,,,,,,,,,,,
,0.00013636943723521188,11209,,,,,,,,,,,,,,,,,,,,,,,,,,,,,,
16,,11209,0.035481568425893784,0.02003992162644863,0.2402561902999878,0.0025101008359342813,0.05233660340309143,0.0119821447879076,0.1508384346961975,0.008498236536979675,0.06393344700336456,0.043071385473012924,0.1782110035419464,0.30847081542015076,0.0015131240943446755,2.139352798461914,0.11764849722385406,,,,,,,,,,,,,,,
,0.0001361394548290341,11219,,,,,,,,,,,,,,,,,,,,,,,,,,,,,,
16,,11219,0.035459309816360474,0.03633008897304535,0.24154601991176605,0.003479055827483535,0.03634472191333771,0.007612969260662794,0.16047531366348267,0.007704724557697773,0.07117453962564468,0.029741693288087845,0.16880235075950623,0.3102065622806549,0.0032180387061089277,2.1960339546203613,0.0955715924501419,,,,,,,,,,,,,,,
,0.00013590950528147793,11229,,,,,,,,,,,,,,,,,,,,,,,,,,,,,,
16,,11229,0.03859980031847954,0.055769652128219604,0.2913241386413574,0.004949186462908983,0.026697756722569466,0.011127342469990253,0.18509100377559662,0.0051039960235357285,0.062093138694763184,0.0374089851975441,0.1588800698518753,0.32354381680488586,0.004229595884680748,2.1522908210754395,0.07421547919511795,,,,,,,,,,,,,,,
,0.00013567958913767543,11239,,,,,,,,,,,,,,,,,,,,,,,,,,,,,,
16,,11239,0.04020402580499649,0.02500735968351364,0.29831913113594055,0.005105418618768454,0.053250353783369064,0.007812493480741978,0.19212007522583008,0.004177149385213852,0.05745096132159233,0.05199358984827995,0.18032611906528473,0.3307570219039917,0.0008301585912704468,2.122440814971924,0.11493168771266937,,,,,,,,,,,,,,,
,0.00013544970694267922,11249,,,,,,,,,,,,,,,,,,,,,,,,,,,,,,
16,,11249,0.024235740303993225,0.027164075523614883,0.3642177879810333,0.0018823653226718307,0.08715398609638214,0.006055696867406368,0.19543878734111786,0.008901037275791168,0.11704471707344055,0.03818352520465851,0.23028264939785004,0.4366476237773895,0.001505315420217812,2.159446954727173,0.16535070538520813,,,,,,,,,,,,,,,
,0.00013521985924146146,11259,,,,,,,,,,,,,,,,,,,,,,,,,,,,,,
16,,11259,0.08223261684179306,0.044076669961214066,0.2930159866809845,0.002354287775233388,0.0721156895160675,0.027010232210159302,0.20322050154209137,0.012965312227606773,0.22156527638435364,0.06269774585962296,0.2097003161907196,0.5574759840965271,0.0017937923548743129,2.1579301357269287,0.12820576131343842,,,,,,,,,,,,,,,
,0.00013499004657891272,11269,,,,,,,,,,,,,,,,,,,,,,,,,,,,,,
16,,11269,0.04192274436354637,0.02282424084842205,0.2310420274734497,0.0012527571525424719,0.04819847270846367,0.014190994203090668,0.1258513182401657,0.009449755772948265,0.07542885839939117,0.06936729699373245,0.19830405712127686,0.31690898537635803,0.0010803153272718191,2.126969814300537,0.09873258322477341,,,,,,,,,,,,,,,
,0.00013476026949984027,11279,,,,,,,,,,,,,,,,,,,,,,,,,,,,,,
16,,11279,0.04474309831857681,0.04606439918279648,0.23450051248073578,0.001520861522294581,0.037943996489048004,0.010792210698127747,0.16717909276485443,0.005805793683975935,0.05308765918016434,0.04757125303149223,0.16042903065681458,0.29869258403778076,0.0011976525420323014,2.1567025184631348,0.10011595487594604,,,,,,,,,,,,,,,
,0.00013453052854896726,11289,,,,,,,,,,,,,,,,,,,,,,,,,,,,,,
16,,11289,0.05670253559947014,0.024607986211776733,0.270952433347702,0.002308538882061839,0.05099137872457504,0.012931807897984982,0.15261299908161163,0.008745125494897366,0.10030960291624069,0.03020232915878296,0.1588440239429474,0.361007958650589,0.0013931443681940436,2.1471924781799316,0.11701720207929611,,,,,,,,,,,,,,,
,0.0001343008242709309,11299,,,,,,,,,,,,,,,,,,,,,,,,,,,,,,
16,,11299,0.051141854375600815,0.022349553182721138,0.26168113946914673,0.001773638534359634,0.053931355476379395,0.011894907802343369,0.146633580327034,0.008863883092999458,0.08893460780382156,0.07493562996387482,0.1705194115638733,0.3476337194442749,0.0012883192393928766,2.1699135303497314,0.1077510192990303,,,,,,,,,,,,,,,
,0.0001340711572102818,11309,,,,,,,,,,,,,,,,,,,,,,,,,,,,,,
16,,11309,0.04581185802817345,0.0164472833275795,0.23088385164737701,0.0034760721027851105,0.04135669395327568,0.004478981252759695,0.11940113455057144,0.00460553215816617,0.05856241285800934,0.032902102917432785,0.16111993789672852,0.27660539746284485,0.000579603249207139,2.1430327892303467,0.10347843915224075,,,,,,,,,,,,,,,
,0.00013384152791148213,11319,,,,,,,,,,,,,,,,,,,,,,,,,,,,,,
16,,11319,0.07290390878915787,0.018603570759296417,0.23501689732074738,0.0015058444114401937,0.061789315193891525,0.011116264387965202,0.15277718007564545,0.012355598621070385,0.20964793860912323,0.03229322284460068,0.17621779441833496,0.4741531312465668,0.001158533152192831,2.1120777130126953,0.11933144927024841,,,,,,,,,,,,,,,
,0.00013361193691890447,11329,,,,,,,,,,,,,,,,,,,,,,,,,,,,,,
16,,11329,0.03989653289318085,0.01606863923370838,0.27057576179504395,0.0005263300845399499,0.04534625634551048,0.005207430105656385,0.13594314455986023,0.004935723729431629,0.051411647349596024,0.035141319036483765,0.1819208562374115,0.29057177901268005,0.0011695233406499028,2.140383005142212,0.11799563467502594,,,,,,,,,,,,,,,
,0.00013338238477683084,11339,,,,,,,,,,,,,,,,,,,,,,,,,,,,,,
16,,11339,0.046351682394742966,0.0178171806037426,0.25037163496017456,0.0024364429991692305,0.0550064817070961,0.008728899993002415,0.123527392745018,0.008628861047327518,0.08642228692770004,0.06056581065058708,0.19005322456359863,0.33685967326164246,0.0024447015020996332,2.1685268878936768,0.11806575208902359,,,,,,,,,,,,,,,
,0.00013315287202945092,11349,,,,,,,,,,,,,,,,,,,,,,,,,,,,,,
16,,11349,0.04539811611175537,0.04220383241772652,0.34565114974975586,0.00838661938905716,0.046445105224847794,0.008326612412929535,0.17941659688949585,0.005299742799252272,0.07119546085596085,0.05692771077156067,0.1757720410823822,0.37378787994384766,0.00529922591522336,2.1654791831970215,0.12002864480018616,,,,,,,,,,,,,,,
,0.00013292339922086116,11359,,,,,,,,,,,,,,,,,,,,,,,,,,,,,,
16,,11359,0.06910080462694168,0.019535325467586517,0.2314852923154831,0.002898012287914753,0.0620892234146595,0.011069691739976406,0.16414128243923187,0.01663748174905777,0.16125355660915375,0.06982281059026718,0.19475595653057098,0.4438527226448059,0.0037076722364872694,2.134387254714966,0.12009589374065399,,,,,,,,,,,,,,,
,0.00013269396689506317,11369,,,,,,,,,,,,,,,,,,,,,,,,,,,,,,
16,,11369,0.03595467656850815,0.024274643510580063,0.39483752846717834,0.0023112609051167965,0.08167871832847595,0.017070136964321136,0.15534396469593048,0.00916111096739769,0.06797418743371964,0.04784025251865387,0.25046953558921814,0.4182448089122772,0.00734228128567338,2.12054705619812,0.20085608959197998,,,,,,,,,,,,,,,
,0.00013246457559596284,11379,,,,,,,,,,,,,,,,,,,,,,,,,,,,,,
16,,11379,0.0433451347053051,0.05496373772621155,0.3234730362892151,0.0027780309319496155,0.0553729273378849,0.017285209149122238,0.22950153052806854,0.009098717011511326,0.06862984597682953,0.05021494999527931,0.22472712397575378,0.4019307792186737,0.0023823720403015614,2.1645667552948,0.1533430814743042,,,,,,,,,,,,,,,
,0.00013223522586736856,11389,,,,,,,,,,,,,,,,,,,,,,,,,,,,,,
16,,11389,0.08761100471019745,0.027287041768431664,0.20041660964488983,0.0034716830123215914,0.0552845261991024,0.008341154083609581,0.14058040082454681,0.015469910576939583,0.16519880294799805,0.05216379836201668,0.16315516829490662,0.4301978647708893,0.0028445273637771606,2.1244726181030273,0.11591752618551254,,,,,,,,,,,,,,,
,0.00013200591825299017,11399,,,,,,,,,,,,,,,,,,,,,,,,,,,,,,
16,,11399,0.03938232362270355,0.035791583359241486,0.25910162925720215,0.0015672403387725353,0.03865630552172661,0.007856125012040138,0.14987610280513763,0.008281389251351357,0.07775827497243881,0.047749243676662445,0.17081861197948456,0.3208521008491516,0.0010136114433407784,2.1711599826812744,0.09368667006492615,,,,,,,,,,,,,,,
,0.00013177665329643792,11409,,,,,,,,,,,,,,,,,,,,,,,,,,,,,,
16,,11409,0.08839759975671768,0.03081141784787178,0.2947477102279663,0.0010636367369443178,0.05297159031033516,0.011570216156542301,0.20846013724803925,0.01664717122912407,0.1563566029071808,0.04683886468410492,0.1706635057926178,0.46827805042266846,0.00031606273842044175,2.1561219692230225,0.12215109914541245,,,,,,,,,,,,,,,
,0.00013154743154122065,11419,,,,,,,,,,,,,,,,,,,,,,,,,,,,,,
16,,11419,0.03718126565217972,0.04340049624443054,0.33900344371795654,0.0027377759106457233,0.05069247633218765,0.007136511616408825,0.2038399875164032,0.010348804295063019,0.08886021375656128,0.051792219281196594,0.20414720475673676,0.39799314737319946,0.00212151394225657,2.1322760581970215,0.13491100072860718,,,,,,,,,,,,,,,
,0.00013131825353074496,11429,,,,,,,,,,,,,,,,,,,,,,,,,,,,,,
16,,11429,0.038037482649087906,0.023581653833389282,0.2565382421016693,0.005162620916962624,0.0507274828851223,0.004480361007153988,0.1527118980884552,0.008083618246018887,0.09698226302862167,0.06037554889917374,0.17941492795944214,0.3477191627025604,0.0017691523535177112,2.1424131393432617,0.10756435245275497,,,,,,,,,,,,,,,
,0.0001310891198083136,11439,,,,,,,,,,,,,,,,,,,,,,,,,,,,,,
16,,11439,0.023391520604491234,0.02391071803867817,0.26366281509399414,0.002961743390187621,0.04807373136281967,0.0019244748400524259,0.14985908567905426,0.010769316926598549,0.07589934766292572,0.043331608176231384,0.17329338192939758,0.32766661047935486,0.012255528941750526,2.1247141361236572,0.1127263680100441,,,,,,,,,,,,,,,
,0.00013086003091712455,11449,,,,,,,,,,,,,,,,,,,,,,,,,,,,,,
16,,11449,0.027295580133795738,0.04263690859079361,0.3104875087738037,0.004013579338788986,0.06937422603368759,0.009427267126739025,0.1584802269935608,0.009938445873558521,0.08681098371744156,0.06843104213476181,0.21139077842235565,0.3820423185825348,0.002720313612371683,2.0954182147979736,0.13496701419353485,,,,,,,,,,,,,,,
,0.0001306309874002693,11459,,,,,,,,,,,,,,,,,,,,,,,,,,,,,,
16,,11459,0.044281017035245895,0.029063934460282326,0.3116147518157959,0.0021898411214351654,0.05095415934920311,0.009027933701872826,0.18771544098854065,0.007416038308292627,0.08420252054929733,0.06467953324317932,0.1974123865365982,0.3697945177555084,0.002849472453817725,2.117260217666626,0.10840113461017609,,,,,,,,,,,,,,,
,0.00013040198980073187,11469,,,,,,,,,,,,,,,,,,,,,,,,,,,,,,
16,,11469,0.05823017656803131,0.022853543981909752,0.23981508612632751,0.0010281993309035897,0.04465267062187195,0.008237202651798725,0.12844544649124146,0.008764094673097134,0.07176332920789719,0.04543785750865936,0.14530836045742035,0.29922741651535034,0.00044893473386764526,2.1162807941436768,0.07917119562625885,,,,,,,,,,,,,,,
,0.00013017303866138743,11479,,,,,,,,,,,,,,,,,,,,,,,,,,,,,,
16,,11479,0.05702315643429756,0.04229871928691864,0.225115567445755,0.0032633738592267036,0.04812552034854889,0.02165321260690689,0.16547387838363647,0.008799022063612938,0.08973206579685211,0.03602840378880501,0.15929630398750305,0.34980112314224243,0.0026709120720624924,2.1169893741607666,0.10293342173099518,,,,,,,,,,,,,,,
,0.00012994413452500092,11489,,,,,,,,,,,,,,,,,,,,,,,,,,,,,,
16,,11489,0.07267697900533676,0.051144424825906754,0.300314724445343,0.0014344545779749751,0.059103596955537796,0.023523511365056038,0.2107856422662735,0.013108396902680397,0.11201480031013489,0.026920437812805176,0.20232923328876495,0.4337708055973053,0.0009781684493646026,2.112968921661377,0.11868778616189957,,,,,,,,,,,,,,,
,0.00012971527793422598,11499,,,,,,,,,,,,,,,,,,,,,,,,,,,,,,
16,,11499,0.029357431456446648,0.04051262140274048,0.2978058159351349,0.00164527737069875,0.05182820186018944,0.00876366626471281,0.18454036116600037,0.005775981582701206,0.04943901300430298,0.04742385447025299,0.1708718240261078,0.33120930194854736,0.00391066400334239,2.1389005184173584,0.15150325000286102,,,,,,,,,,,,,,,
,0.0001294864694316034,11509,,,,,,,,,,,,,,,,,,,,,,,,,,,,,,
16,,11509,0.0618913434445858,0.03668266534805298,0.31357237696647644,0.0043823909945786,0.06514839828014374,0.008762351237237453,0.1857992261648178,0.005659528076648712,0.19164466857910156,0.05224768817424774,0.19478851556777954,0.5066338181495667,0.0027028024196624756,2.147524833679199,0.16213677823543549,,,,,,,,,,,,,,,
,0.00012925770955956014,11519,,,,,,,,,,,,,,,,,,,,,,,,,,,,,,
16,,11519,0.07450965791940689,0.04860546812415123,0.2496226727962494,0.0027330194134265184,0.04488339275121689,0.008584646508097649,0.22612395882606506,0.014235910028219223,0.14792923629283905,0.027049215510487556,0.1549159586429596,0.43131357431411743,0.0003712811740115285,2.143958568572998,0.09125200659036636,,,,,,,,,,,,,,,
,0.00012902899886040771,11529,,,,,,,,,,,,,,,,,,,,,,,,,,,,,,
16,,11529,0.03624720871448517,0.020388510078191757,0.24612481892108917,0.0015223067020997405,0.0466054230928421,0.010142979212105274,0.12514793872833252,0.010639974847435951,0.07009521126747131,0.05063733458518982,0.1501106172800064,0.2965226173400879,0.0032877959311008453,2.159693956375122,0.08411112427711487,,,,,,,,,,,,,,,
,0.00012880033787634115,11539,,,,,,,,,,,,,,,,,,,,,,,,,,,,,,
16,,11539,0.047723859548568726,0.055501680821180344,0.26907292008399963,0.004865804687142372,0.044440146535634995,0.00631979014724493,0.16416867077350616,0.005558861419558525,0.12666140496730804,0.05857095494866371,0.195567786693573,0.40486466884613037,0.0017548853065818548,2.1305058002471924,0.12009316682815552,,,,,,,,,,,,,,,
,0.0001285717271494376,11549,,,,,,,,,,,,,,,,,,,,,,,,,,,,,,
16,,11549,0.048428818583488464,0.024318471550941467,0.17702053487300873,0.003830153262242675,0.03400430828332901,0.01196708157658577,0.1362108588218689,0.010227300226688385,0.11025168746709824,0.054292403161525726,0.13485479354858398,0.3179014027118683,0.002451373729854822,2.1300601959228516,0.06813588738441467,,,,,,,,,,,,,,,
,0.000128343167221655,11559,,,,,,,,,,,,,,,,,,,,,,,,,,,,,,
16,,11559,0.08423227816820145,0.03152615204453468,0.24175526201725006,0.004713905975222588,0.04444369673728943,0.014237127266824245,0.17632776498794556,0.0076300958171486855,0.09503519535064697,0.0671929270029068,0.15464656054973602,0.37225499749183655,0.0005383883253671229,2.1471476554870605,0.11254855245351791,,,,,,,,,,,,,,,
,0.00012811465863483103,11569,,,,,,,,,,,,,,,,,,,,,,,,,,,,,,
16,,11569,0.0455072820186615,0.03189299628138542,0.3193894624710083,0.0018579547759145498,0.04833368584513664,0.008276056498289108,0.17787517607212067,0.008037449792027473,0.07008995860815048,0.03414861857891083,0.19616906344890594,0.3611461818218231,0.0025158084463328123,2.14619517326355,0.14090315997600555,,,,,,,,,,,,,,,
,0.00012788620193068142,11579,,,,,,,,,,,,,,,,,,,,,,,,,,,,,,
16,,11579,0.041322261095047,0.03218981623649597,0.2663053572177887,0.0005914768553338945,0.04631679505109787,0.007196401245892048,0.14630970358848572,0.00527249276638031,0.0671175867319107,0.011531737633049488,0.17322561144828796,0.3046968877315521,0.0008762804791331291,2.1541335582733154,0.09760235995054245,,,,,,,,,,,,,,,
,0.0001276577976507992,11589,,,,,,,,,,,,,,,,,,,,,,,,,,,,,,
16,,11589,0.04556336998939514,0.02776406519114971,0.2527102530002594,0.0010083430679515004,0.06278925389051437,0.01023977342993021,0.1528724730014801,0.005986595526337624,0.05939897894859314,0.04936600476503372,0.17420034110546112,0.30873069167137146,0.000524774834048003,2.1542539596557617,0.10277102142572403,,,,,,,,,,,,,,,
,0.00012742944633665283,11599,,,,,,,,,,,,,,,,,,,,,,,,,,,,,,
16,,11599,0.04070659726858139,0.018574312329292297,0.19352306425571442,0.0009180857450701296,0.044085826724767685,0.011276649311184883,0.11814163625240326,0.00844522938132286,0.09620284289121628,0.04263529181480408,0.16089075803756714,0.31103187799453735,0.0022733404766768217,2.1496787071228027,0.1086125448346138,,,,,,,,,,,,,,,
,0.00012720114852958543,11609,,,,,,,,,,,,,,,,,,,,,,,,,,,,,,
16,,11609,0.04453859105706215,0.047302886843681335,0.20946761965751648,0.00153797073289752,0.03876270726323128,0.006017930340021849,0.14274609088897705,0.003949351608753204,0.09527471661567688,0.028988763689994812,0.14502617716789246,0.3127599060535431,0.003713647834956646,2.1424543857574463,0.07504595816135406,,,,,,,,,,,,,,,
,0.00012697290477081314,11619,,,,,,,,,,,,,,,,,,,,,,,,,,,,,,
16,,11619,0.03214684873819351,0.049205563962459564,0.25035345554351807,0.00683404179289937,0.049432989209890366,0.006585884373635054,0.18108104169368744,0.004327411763370037,0.05718221887946129,0.03749790042638779,0.15611033141613007,0.31098800897598267,0.00146120332647115,2.170830726623535,0.10851076245307922,,,,,,,,,,,,,,,
,0.00012674471560142396,11629,,,,,,,,,,,,,,,,,,,,,,,,,,,,,,
16,,11629,0.0707818865776062,0.02559393085539341,0.20357009768486023,0.0017069702735170722,0.04113162308931351,0.005864250473678112,0.12918122112751007,0.01668607071042061,0.09576251357793808,0.03009367175400257,0.1257867068052292,0.3191782534122467,0.0011484341230243444,2.161015748977661,0.07331007719039917,,,,,,,,,,,,,,,
,0.0001265165815623766,11639,,,,,,,,,,,,,,,,,,,,,,,,,,,,,,
16,,11639,0.04948972910642624,0.053092826157808304,0.27701494097709656,0.0009624380618333817,0.03425996005535126,0.006172322202473879,0.1686554104089737,0.007282032631337643,0.06093085929751396,0.03968360647559166,0.15471841394901276,0.31404998898506165,0.0016261824639514089,2.1466009616851807,0.07816917449235916,,,,,,,,,,,,,,,
,0.00012628850319449888,11649,,,,,,,,,,,,,,,,,,,,,,,,,,,,,,
16,,11649,0.03931776434183121,0.013795017264783382,0.16759073734283447,0.0007522779633291066,0.04013274237513542,0.006031602621078491,0.11264392733573914,0.00893359538167715,0.09085025638341904,0.052002742886543274,0.1490635871887207,0.28010293841362,0.0009313268819823861,2.1319363117218018,0.08119422197341919,,,,,,,,,,,,,,,
,0.00012606048103848693,11659,,,,,,,,,,,,,,,,,,,,,,,,,,,,,,
16,,11659,0.04604221507906914,0.01846936158835888,0.2034321278333664,0.003197459504008293,0.039543211460113525,0.007781639229506254,0.134847030043602,0.008718044497072697,0.09035888314247131,0.04300782456994057,0.15055759251117706,0.3105657696723938,0.007935798726975918,2.1383097171783447,0.08288677781820297,,,,,,,,,,,,,,,
,0.00012583251563490333,11669,,,,,,,,,,,,,,,,,,,,,,,,,,,,,,
16,,11669,0.06522995233535767,0.029232637956738472,0.28541845083236694,0.0021252487786114216,0.059535104781389236,0.007548736408352852,0.1909416913986206,0.0030329490546137094,0.053907278925180435,0.05657486245036125,0.17095768451690674,0.3275936245918274,0.000760412949603051,2.0924477577209473,0.09587603807449341,,,,,,,,,,,,,,,
,0.0001256046075241763,11679,,,,,,,,,,,,,,,,,,,,,,,,,,,,,,
16,,11679,0.06352989375591278,0.015866518020629883,0.2500940263271332,0.004046246409416199,0.05351169407367706,0.006917583756148815,0.14681074023246765,0.011703342199325562,0.0906035527586937,0.06874764710664749,0.1845606565475464,0.3607971966266632,0.001210649381391704,2.101703643798828,0.13109973073005676,,,,,,,,,,,,,,,
,0.00012537675724659818,11689,,,,,,,,,,,,,,,,,,,,,,,,,,,,,,
16,,11689,0.06375518441200256,0.018134310841560364,0.20151856541633606,0.004550599027425051,0.05394071340560913,0.015900591388344765,0.1255534142255783,0.01390085555613041,0.13880568742752075,0.03954135999083519,0.16544963419437408,0.381004273891449,0.0016393180703744292,2.1433815956115723,0.10225311666727066,,,,,,,,,,,,,,,
,0.00012514896534232415,11699,,,,,,,,,,,,,,,,,,,,,,,,,,,,,,
16,,11699,0.08577260375022888,0.0371902696788311,0.26977601647377014,0.0018824016442522407,0.05756796896457672,0.007895249873399734,0.1850501447916031,0.009379253722727299,0.13133370876312256,0.06043373793363571,0.18425308167934418,0.4263278543949127,0.00031476750154979527,2.1616909503936768,0.1140156239271164,,,,,,,,,,,,,,,
,0.00012492123235137114,11709,,,,,,,,,,,,,,,,,,,,,,,,,,,,,,
16,,11709,0.09840349853038788,0.038097333163022995,0.3142198920249939,0.0023575976956635714,0.0740329921245575,0.010947092436254025,0.20041657984256744,0.010632475838065147,0.19685806334018707,0.037259940057992935,0.2016831785440445,0.5337640643119812,0.004298041574656963,2.2023844718933105,0.13633228838443756,,,,,,,,,,,,,,,
,0.00012469355881361622,11719,,,,,,,,,,,,,,,,,,,,,,,,,,,,,,
16,,11719,0.07169049233198166,0.02380065806210041,0.24062436819076538,0.0056356750428676605,0.0723891481757164,0.02537410892546177,0.15265867114067078,0.006905912887305021,0.17251859605312347,0.09053000807762146,0.19225747883319855,0.4696095883846283,0.00018387877207715064,2.1454179286956787,0.15277573466300964,,,,,,,,,,,,,,,
,0.0001244659452687958,11729,,,,,,,,,,,,,,,,,,,,,,,,,,,,,,
16,,11729,0.053647059947252274,0.026505595073103905,0.32095879316329956,0.0018804972060024738,0.04268361255526543,0.004113183356821537,0.22616451978683472,0.008582629263401031,0.09062384814023972,0.06412635743618011,0.17737819254398346,0.3889930248260498,0.0019255572697147727,2.118556022644043,0.1263461709022522,,,,,,,,,,,,,,,
,0.00012423839225650382,11739,,,,,,,,,,,,,,,,,,,,,,,,,,,,,,
16,,11739,0.06409862637519836,0.022404659539461136,0.22789821028709412,0.0012031786609441042,0.04718615114688873,0.009199496358633041,0.17660510540008545,0.010325666517019272,0.1125958263874054,0.03674210235476494,0.15277056396007538,0.35902631282806396,0.0026117826346307993,2.1563122272491455,0.08765410631895065,,,,,,,,,,,,,,,
,0.00012401090031619082,11749,,,,,,,,,,,,,,,,,,,,,,,,,,,,,,
16,,11749,0.04365852475166321,0.019657818600535393,0.21210002899169922,0.0008172972593456507,0.06628339737653732,0.009151017293334007,0.13262301683425903,0.010895173996686935,0.12284240871667862,0.03151325881481171,0.1509447991847992,0.34953007102012634,0.0008135385578498244,2.128803253173828,0.10540397465229034,,,,,,,,,,,,,,,
,0.00012378346998716253,11759,,,,,,,,,,,,,,,,,,,,,,,,,,,,,,
16,,11759,0.06569818407297134,0.06933005154132843,0.3449658155441284,0.004284762777388096,0.05189584568142891,0.00469336798414588,0.2509986460208893,0.009211204946041107,0.10656283795833588,0.043945491313934326,0.1651155799627304,0.4360381066799164,0.0007435895968228579,2.1649460792541504,0.1115984246134758,,,,,,,,,,,,,,,
,0.00012355610180857864,11769,,,,,,,,,,,,,,,,,,,,,,,,,,,,,,
16,,11769,0.05986422672867775,0.038476984947919846,0.3850385844707489,0.01316278800368309,0.05729767307639122,0.01151835173368454,0.22005204856395721,0.008176228031516075,0.12451305240392685,0.04133478179574013,0.18978719413280487,0.46871745586395264,0.0027309004217386246,2.1290719509124756,0.13348573446273804,,,,,,,,,,,,,,,
,0.0001233287963194515,11779,,,,,,,,,,,,,,,,,,,,,,,,,,,,,,
16,,11779,0.031837765127420425,0.027233077213168144,0.3668404221534729,0.009830113500356674,0.06288417428731918,0.008029352873563766,0.17622506618499756,0.006557517684996128,0.07559166848659515,0.03951432183384895,0.1944834589958191,0.3838428854942322,0.000634274969343096,2.1422150135040283,0.15249739587306976,,,,,,,,,,,,,,,
,0.0001231015540586448,11789,,,,,,,,,,,,,,,,,,,,,,,,,,,,,,
16,,11789,0.041703082621097565,0.021573880687355995,0.25896304845809937,0.0039427997544407845,0.0476888082921505,0.005354930181056261,0.14661681652069092,0.011047640815377235,0.10585233569145203,0.08087731152772903,0.1849268078804016,0.37177491188049316,0.0021396821830421686,2.1336076259613037,0.13750536739826202,,,,,,,,,,,,,,,
,0.00012287437556487244,11799,,,,,,,,,,,,,,,,,,,,,,,,,,,,,,
16,,11799,0.04818066209554672,0.018380438908934593,0.2687615752220154,0.0015562336193397641,0.04368970915675163,0.006494619883596897,0.16877911984920502,0.010402429848909378,0.13031475245952606,0.056279100477695465,0.18048694729804993,0.3926902711391449,0.002488313475623727,2.1337172985076904,0.11651258915662766,,,,,,,,,,,,,,,
,0.00012264726137669707,11809,,,,,,,,,,,,,,,,,,,,,,,,,,,,,,
16,,11809,0.026444366201758385,0.03273969516158104,0.3115614652633667,0.001809252891689539,0.04674604535102844,0.008536644279956818,0.154442697763443,0.005668864585459232,0.04858074709773064,0.024874970316886902,0.16514518857002258,0.30956798791885376,0.0025268993340432644,2.1233489513397217,0.1328997015953064,,,,,,,,,,,,,,,
16,,11814,,,,,,,,,,,,,,,,0.16688160598278046,0.05048644170165062,0.2791091203689575,0.010492922738194466,0.06903375685214996,0.001757436548359692,0.162119522690773,0.02783249132335186,0.19122199714183807,0.06652253121137619,0.1946934163570404,0.5764505863189697,0.008731318637728691,2.1017911434173584,0.14406536519527435
,0.0001224202120325289,11819,,,,,,,,,,,,,,,,,,,,,,,,,,,,,,
17,,11819,0.048203133046627045,0.013412204571068287,0.14732332527637482,0.0018686798866838217,0.0433272048830986,0.011287280358374119,0.10242820531129837,0.01074048038572073,0.12054786831140518,0.05535302683711052,0.155252143740654,0.31745460629463196,0.0022855789866298437,2.129840612411499,0.08970877528190613,,,,,,,,,,,,,,,
,0.00012219322807062438,11829,,,,,,,,,,,,,,,,,,,,,,,,,,,,,,
17,,11829,0.03337261825799942,0.0555066242814064,0.3062327802181244,0.0023810844868421555,0.03435645252466202,0.01850913092494011,0.183937206864357,0.005300333257764578,0.051887113600969315,0.027440279722213745,0.15301361680030823,0.32080894708633423,0.0008457141811959445,2.138101816177368,0.10363063961267471,,,,,,,,,,,,,,,
,0.00012196631002908512,11839,,,,,,,,,,,,,,,,,,,,,,,,,,,,,,
17,,11839,0.03819899633526802,0.0671921968460083,0.3332773447036743,0.002996483352035284,0.03733397275209427,0.014730422757565975,0.23184241354465485,0.00687745027244091,0.08888141065835953,0.043798014521598816,0.1878911554813385,0.39781850576400757,0.004464158322662115,2.1085190773010254,0.09944071620702744,,,,,,,,,,,,,,,
,0.00012173945844585629,11849,,,,,,,,,,,,,,,,,,,,,,,,,,,,,,
17,,11849,0.060073260217905045,0.025173738598823547,0.21456202864646912,0.004939444363117218,0.056233976036310196,0.009023714810609818,0.136970654129982,0.013091716915369034,0.12402304261922836,0.041837796568870544,0.19766013324260712,0.38446179032325745,0.0015492551028728485,2.1374998092651367,0.12587618827819824,,,,,,,,,,,,,,,
,0.00012151267385872549,11859,,,,,,,,,,,,,,,,,,,,,,,,,,,,,,
17,,11859,0.0449049212038517,0.02712293528020382,0.32440048456192017,0.0026985881850123405,0.058792755007743835,0.01107032410800457,0.16824841499328613,0.005620288196951151,0.12704437971115112,0.04893822968006134,0.2040797621011734,0.41733023524284363,0.000843167828861624,2.1187007427215576,0.13349959254264832,,,,,,,,,,,,,,,
,0.00012128595680532169,11869,,,,,,,,,,,,,,,,,,,,,,,,,,,,,,
17,,11869,0.07566770911216736,0.021716251969337463,0.19469335675239563,0.0032083927653729916,0.06700768321752548,0.020929979160428047,0.1677509993314743,0.010924232192337513,0.1521051973104477,0.069350466132164,0.15430618822574615,0.4172571897506714,0.0018695259932428598,2.107714891433716,0.11267657577991486,,,,,,,,,,,,,,,
,0.00012105930782311358,11879,,,,,,,,,,,,,,,,,,,,,,,,,,,,,,
17,,11879,0.04807550087571144,0.016650449484586716,0.19904768466949463,0.0018113396363332868,0.03537856787443161,0.00573176983743906,0.12101036310195923,0.004198126029223204,0.06817109137773514,0.047412049025297165,0.14980505406856537,0.26888158917427063,0.0005957648972980678,2.1616766452789307,0.08219033479690552,,,,,,,,,,,,,,,
,0.00012083272744940854,11889,,,,,,,,,,,,,,,,,,,,,,,,,,,,,,
17,,11889,0.0676383450627327,0.030139103531837463,0.35230502486228943,0.0037567715626209974,0.06994590908288956,0.01020097453147173,0.210270956158638,0.009669177234172821,0.12869928777217865,0.06554798781871796,0.19124379754066467,0.4676092267036438,0.004273968283087015,2.193718910217285,0.15469352900981903,,,,,,,,,,,,,,,
,0.00012060621622135129,11899,,,,,,,,,,,,,,,,,,,,,,,,,,,,,,
17,,11899,0.03424297645688057,0.029597118496894836,0.30547600984573364,0.0027591045945882797,0.0409732386469841,0.00568542443215847,0.17060886323451996,0.005684521049261093,0.08726944774389267,0.030918210744857788,0.1967494785785675,0.35428082942962646,0.0019253183854743838,2.1416797637939453,0.12104485183954239,,,,,,,,,,,,,,,
,0.0001203797746759227,11909,,,,,,,,,,,,,,,,,,,,,,,,,,,,,,
17,,11909,0.04389229044318199,0.035854797810316086,0.24455717206001282,0.002787694800645113,0.047212786972522736,0.010617098771035671,0.16949336230754852,0.004310747608542442,0.04602028429508209,0.06294108927249908,0.1383589804172516,0.2939717173576355,0.004626401234418154,2.150810956954956,0.09991101920604706,,,,,,,,,,,,,,,
,0.00012015340334993833,11919,,,,,,,,,,,,,,,,,,,,,,,,,,,,,,
17,,11919,0.04717763140797615,0.02401469275355339,0.24043239653110504,0.0062324670143425465,0.05270887911319733,0.008785058744251728,0.17060783505439758,0.01155756413936615,0.0928584560751915,0.05846913903951645,0.16579917073249817,0.3528500497341156,0.0026136552914977074,2.1735589504241943,0.10703858733177185,,,,,,,,,,,,,,,
,0.00011992710278004726,11929,,,,,,,,,,,,,,,,,,,,,,,,,,,,,,
17,,11929,0.034230004996061325,0.0426383838057518,0.32271793484687805,0.002392737427726388,0.06215010583400726,0.010251840576529503,0.17222896218299866,0.004151056986302137,0.05689176172018051,0.06597085297107697,0.23440402746200562,0.3636094629764557,0.003801055019721389,2.1181373596191406,0.1496332883834839,,,,,,,,,,,,,,,
,0.0001197008735027311,11939,,,,,,,,,,,,,,,,,,,,,,,,,,,,,,
17,,11939,0.05833759158849716,0.06980285793542862,0.309679239988327,0.001505606109276414,0.050973474979400635,0.01843496784567833,0.23823773860931396,0.015053901821374893,0.14701057970523834,0.03585217520594597,0.20687642693519592,0.4741952419281006,0.001157771097496152,2.1369235515594482,0.1040010079741478,,,,,,,,,,,,,,,
,0.000119474716054302,11949,,,,,,,,,,,,,,,,,,,,,,,,,,,,,,
17,,11949,0.05609055981040001,0.025541411712765694,0.3229690194129944,0.001479603466577828,0.060499101877212524,0.007961563766002655,0.18567031621932983,0.007873239926993847,0.12001508474349976,0.042201511561870575,0.20336923003196716,0.42463812232017517,0.004723523743450642,2.0963900089263916,0.14288972318172455,,,,,,,,,,,,,,,
,0.00011924863097090227,11959,,,,,,,,,,,,,,,,,,,,,,,,,,,,,,
17,,11959,0.04621792584657669,0.028327617794275284,0.32447755336761475,0.002216062508523464,0.04703869670629501,0.017860358580946922,0.17224301397800446,0.01178007386624813,0.06710872054100037,0.040886253118515015,0.20457103848457336,0.35639601945877075,0.0008301307680085301,2.108707904815674,0.10626661032438278,,,,,,,,,,,,,,,
,0.00011902261878850238,11969,,,,,,,,,,,,,,,,,,,,,,,,,,,,,,
17,,11969,0.03108607418835163,0.06111330911517143,0.33863911032676697,0.0021186331287026405,0.04049849510192871,0.010552430525422096,0.24045641720294952,0.004685562569648027,0.03295527398586273,0.05921591818332672,0.19427840411663055,0.33970773220062256,0.001325704506598413,2.158905506134033,0.11263150721788406,,,,,,,,,,,,,,,
,0.00011879668004290016,11979,,,,,,,,,,,,,,,,,,,,,,,,,,,,,,
17,,11979,0.04375506937503815,0.03178487345576286,0.2885168194770813,0.0023799941409379244,0.06209772825241089,0.00429508276283741,0.1858605444431305,0.009093125350773335,0.12673813104629517,0.050029825419187546,0.17486615478992462,0.40574634075164795,0.006326564587652683,2.156374931335449,0.11149055510759354,,,,,,,,,,,,,,,
,0.00011857081526971918,11989,,,,,,,,,,,,,,,,,,,,,,,,,,,,,,
17,,11989,0.0610649548470974,0.021173754706978798,0.2320580780506134,0.0026151069905608892,0.035457730293273926,0.013547463342547417,0.14286698400974274,0.010595399886369705,0.09655739367008209,0.030855029821395874,0.17583775520324707,0.3366590440273285,0.0012721304083243012,2.164553165435791,0.08616294711828232,,,,,,,,,,,,,,,
,0.00011834502500440766,11999,,,,,,,,,,,,,,,,,,,,,,,,,,,,,,
17,,11999,0.05121099576354027,0.04979780688881874,0.2801404893398285,0.00392729789018631,0.03742280229926109,0.00826229527592659,0.22640016674995422,0.004519598558545113,0.07959531992673874,0.04386206343770027,0.1779862493276596,0.3607402741909027,0.0007118960493244231,2.1390388011932373,0.1005198210477829,,,,,,,,,,,,,,,
,0.00011811930978223746,12009,,,,,,,,,,,,,,,,,,,,,,,,,,,,,,
17,,12009,0.05709713697433472,0.05012984946370125,0.2340562641620636,0.001395446015521884,0.043856434524059296,0.014127104543149471,0.17645326256752014,0.007515731267631054,0.0742163434624672,0.04090080410242081,0.17377567291259766,0.335492879152298,0.0021961317397654057,2.1283113956451416,0.0944022685289383,,,,,,,,,,,,,,,
,0.0001178936701383021,12019,,,,,,,,,,,,,,,,,,,,,,,,,,,,,,
17,,12019,0.03461230546236038,0.037839580327272415,0.30102038383483887,0.0011308693792670965,0.03902982920408249,0.005860564764589071,0.17731891572475433,0.007720401510596275,0.0655408650636673,0.05258685722947121,0.184208482503891,0.32275041937828064,0.00092267373111099,2.1266286373138428,0.07646776735782623,,,,,,,,,,,,,,,
,0.00011766810660751632,12029,,,,,,,,,,,,,,,,,,,,,,,,,,,,,,
17,,12029,0.03959626704454422,0.06251578032970428,0.3276568651199341,0.0036220818292349577,0.04656844958662987,0.005613201763480902,0.20653368532657623,0.006362954154610634,0.05888577923178673,0.03302796185016632,0.18938729166984558,0.3619248867034912,0.007377173285931349,2.131802558898926,0.11220531910657883,,,,,,,,,,,,,,,
,0.00011744261972461419,12039,,,,,,,,,,,,,,,,,,,,,,,,,,,,,,
17,,12039,0.05537678301334381,0.02706594206392765,0.2533966302871704,0.001954733394086361,0.03293837979435921,0.006492323707789183,0.17402252554893494,0.00906350091099739,0.06637148559093475,0.0379483662545681,0.18841448426246643,0.3153543770313263,0.0021479378920048475,2.1203420162200928,0.07640472054481506,,,,,,,,,,,,,,,
,0.00011721721002414819,12049,,,,,,,,,,,,,,,,,,,,,,,,,,,,,,
17,,12049,0.03485017642378807,0.025455286726355553,0.21727119386196136,0.0004014315200038254,0.027861058712005615,0.0065416800789535046,0.12285014241933823,0.006968668196350336,0.06667834520339966,0.02349192462861538,0.14413982629776,0.26341062784194946,0.0010789873776957393,2.1567466259002686,0.07398073375225067,,,,,,,,,,,,,,,
,0.00011699187804048768,12059,,,,,,,,,,,,,,,,,,,,,,,,,,,,,,
17,,12059,0.04666892811655998,0.0368623286485672,0.3408171534538269,0.0032543514389544725,0.04991106316447258,0.006402683909982443,0.18525323271751404,0.006883131340146065,0.07155901938676834,0.026265239343047142,0.21020929515361786,0.36621206998825073,0.0012611057609319687,2.1683385372161865,0.1165195032954216,,,,,,,,,,,,,,,
,0.00011676662430781803,12069,,,,,,,,,,,,,,,,,,,,,,,,,,,,,,
17,,12069,0.03568750247359276,0.029238862916827202,0.24059830605983734,0.001387419761158526,0.051537126302719116,0.006054797675460577,0.15666157007217407,0.004762150347232819,0.08825598657131195,0.04068071395158768,0.1579158753156662,0.3300339877605438,0.004665203392505646,2.1392743587493896,0.12160687893629074,,,,,,,,,,,,,,,
,0.00011654144936013894,12079,,,,,,,,,,,,,,,,,,,,,,,,,,,,,,
17,,12079,0.016757063567638397,0.04041966050863266,0.31565290689468384,0.0008891369798220694,0.04200475290417671,0.007656932342797518,0.19159793853759766,0.01122314017266035,0.07820842415094376,0.024533536285161972,0.18422991037368774,0.34516847133636475,0.0012294918997213244,2.1662471294403076,0.10540299862623215,,,,,,,,,,,,,,,
,0.00011631635373126317,12089,,,,,,,,,,,,,,,,,,,,,,,,,,,,,,
17,,12089,0.021484781056642532,0.028307408094406128,0.3233080208301544,0.0027000403497368097,0.04622612148523331,0.004133352544158697,0.1590842455625534,0.0035972190089523792,0.05037578195333481,0.059475213289260864,0.20537172257900238,0.31466662883758545,0.0024586981162428856,2.1046342849731445,0.1102907732129097,,,,,,,,,,,,,,,
,0.00011609133795481584,12099,,,,,,,,,,,,,,,,,,,,,,,,,,,,,,
17,,12099,0.043549761176109314,0.029808426275849342,0.2560577988624573,0.0007827685913071036,0.05161172151565552,0.0091546094045043,0.20197775959968567,0.009650913067162037,0.08843295276165009,0.03898059204220772,0.1442364752292633,0.3478779196739197,0.004177291411906481,2.179870128631592,0.10549785196781158,,,,,,,,,,,,,,,
,0.00011586640256423243,12109,,,,,,,,,,,,,,,,,,,,,,,,,,,,,,
17,,12109,0.03973398730158806,0.02664954587817192,0.2678420841693878,0.002144462428987026,0.045458532869815826,0.004658462479710579,0.17329907417297363,0.006784920580685139,0.13081477582454681,0.047255292534828186,0.1680251955986023,0.373553991317749,0.0007621481199748814,2.1336922645568848,0.08152095973491669,,,,,,,,,,,,,,,
,0.00011564154809275804,12119,,,,,,,,,,,,,,,,,,,,,,,,,,,,,,
17,,12119,0.048807933926582336,0.02871684916317463,0.2946780323982239,0.0028780673164874315,0.03053581528365612,0.0049416981637477875,0.1626586616039276,0.01187971606850624,0.08317263424396515,0.03910266235470772,0.17141006886959076,0.3367254436016083,0.0005728940013796091,2.154228687286377,0.07670386880636215,,,,,,,,,,,,,,,
,0.0001154167750734458,12129,,,,,,,,,,,,,,,,,,,,,,,,,,,,,,
17,,12129,0.05446861311793327,0.032265786081552505,0.3192041516304016,0.0008870583842508495,0.05153534561395645,0.010426594875752926,0.15459434688091278,0.0073132598772645,0.08398080617189407,0.04480956494808197,0.19453905522823334,0.3668345808982849,0.00043357067625038326,2.1090033054351807,0.11981021612882614,,,,,,,,,,,,,,,
,0.00011519208403915594,12139,,,,,,,,,,,,,,,,,,,,,,,,,,,,,,
17,,12139,0.05820233374834061,0.06389153003692627,0.2490723580121994,0.0099794277921319,0.050310101360082626,0.01566828228533268,0.2152426838874817,0.013822507113218307,0.17908185720443726,0.03447297587990761,0.18913224339485168,0.4897339642047882,0.0022302516736090183,2.0964016914367676,0.12673567235469818,,,,,,,,,,,,,,,
,0.00011496747552255413,12149,,,,,,,,,,,,,,,,,,,,,,,,,,,,,,
17,,12149,0.0933036059141159,0.020442994311451912,0.2772951126098633,0.0012275070184841752,0.06417220830917358,0.0190864447504282,0.1552642434835434,0.00710127642378211,0.23015464842319489,0.04166848212480545,0.18815307319164276,0.5283092260360718,0.005676682107150555,2.1431212425231934,0.12616121768951416,,,,,,,,,,,,,,,
,0.00011474295005611044,12159,,,,,,,,,,,,,,,,,,,,,,,,,,,,,,
17,,12159,0.022738084197044373,0.04468465968966484,0.23985721170902252,0.0005525369197130203,0.03788609430193901,0.0037220658268779516,0.16783715784549713,0.0035617311950773,0.02477995492517948,0.025822022929787636,0.17788618803024292,0.2549557685852051,0.002372993156313896,2.155123710632324,0.09915361553430557,,,,,,,,,,,,,,,
,0.00011451850817209824,12169,,,,,,,,,,,,,,,,,,,,,,,,,,,,,,
17,,12169,0.06486327946186066,0.013238610699772835,0.19759099185466766,0.0016785430489107966,0.04011223092675209,0.00981186330318451,0.11538062244653702,0.011980734765529633,0.10117407143115997,0.049554768949747086,0.1631317287683487,0.3256564140319824,0.001349876169115305,2.103177785873413,0.0954335555434227,,,,,,,,,,,,,,,
,0.00011429415040259253,12179,,,,,,,,,,,,,,,,,,,,,,,,,,,,,,
17,,12179,0.061086978763341904,0.05848163366317749,0.232511505484581,0.0007978628855198622,0.033786095678806305,0.013166968710720539,0.19239908456802368,0.009634803049266338,0.08273295313119888,0.05200428143143654,0.1475849747657776,0.345763623714447,0.000822375004645437,2.1317522525787354,0.09212882816791534,,,,,,,,,,,,,,,
,0.0001140698772794691,12189,,,,,,,,,,,,,,,,,,,,,,,,,,,,,,
17,,12189,0.051073163747787476,0.03489842265844345,0.16701436042785645,0.0015974263660609722,0.04249058663845062,0.01421588659286499,0.12340737879276276,0.011545800603926182,0.0763329416513443,0.060917358845472336,0.15584655106067657,0.29524871706962585,0.001607213169336319,2.1376044750213623,0.08558572083711624,,,,,,,,,,,,,,,
,0.00011384568933440284,12199,,,,,,,,,,,,,,,,,,,,,,,,,,,,,,
17,,12199,0.04558667540550232,0.02359732985496521,0.25107714533805847,0.0026192415971308947,0.0428643561899662,0.01007735263556242,0.1447371393442154,0.00969485193490982,0.08759215474128723,0.02971123903989792,0.14086948335170746,0.322346955537796,0.00048694206634536386,2.1316769123077393,0.09942907094955444,,,,,,,,,,,,,,,
,0.00011362158709886703,12209,,,,,,,,,,,,,,,,,,,,,,,,,,,,,,
17,,12209,0.06864640861749649,0.02071301080286503,0.20337387919425964,0.007243083789944649,0.05384616181254387,0.006246993318200111,0.14633847773075104,0.006711405701935291,0.17748819291591644,0.04048985242843628,0.1760283261537552,0.4206790030002594,0.0009380553383380175,2.1329736709594727,0.10076297074556351,,,,,,,,,,,,,,,
,0.00011339757110413146,12219,,,,,,,,,,,,,,,,,,,,,,,,,,,,,,
17,,12219,0.04434768110513687,0.032305046916007996,0.28171804547309875,0.002382824430242181,0.04017727077007294,0.011265791952610016,0.17930106818675995,0.0079718679189682,0.07902777194976807,0.03711075335741043,0.1456913948059082,0.3306908905506134,0.0016093007288873196,2.1399037837982178,0.0829348936676979,,,,,,,,,,,,,,,
,0.00011317364188126154,12229,,,,,,,,,,,,,,,,,,,,,,,,,,,,,,
17,,12229,0.06430935859680176,0.02096356451511383,0.2718474566936493,0.0035247558262199163,0.04085959494113922,0.005339091178029776,0.13951842486858368,0.01099424622952938,0.08330515772104263,0.05255553498864174,0.17792993783950806,0.3473638892173767,0.004397217649966478,2.167327642440796,0.1060492992401123,,,,,,,,,,,,,,,
,0.00011294979996111714,12239,,,,,,,,,,,,,,,,,,,,,,,,,,,,,,
17,,12239,0.08720998466014862,0.024581920355558395,0.2930005192756653,0.0008337689796462655,0.043334536254405975,0.012307586148381233,0.18425224721431732,0.008404869586229324,0.10092383623123169,0.05507436767220497,0.19703999161720276,0.3998335897922516,0.001144830253906548,2.099799394607544,0.12156239151954651,,,,,,,,,,,,,,,
,0.00011272604587435101,12249,,,,,,,,,,,,,,,,,,,,,,,,,,,,,,
17,,12249,0.05617307871580124,0.02205326035618782,0.23933318257331848,0.001903920085169375,0.04409516230225563,0.009136773645877838,0.1459805816411972,0.008266812190413475,0.07172852754592896,0.0405462384223938,0.16863135993480682,0.3234991431236267,0.002884672489017248,2.1667842864990234,0.1270395964384079,,,,,,,,,,,,,,,
,0.00011250238015140772,12259,,,,,,,,,,,,,,,,,,,,,,,,,,,,,,
17,,12259,0.05208145081996918,0.0395020954310894,0.3426152169704437,0.0009152945131063461,0.039116162806749344,0.013283493928611279,0.19239547848701477,0.010583565570414066,0.08162349462509155,0.04411698505282402,0.19273251295089722,0.3902434706687927,0.001238731318153441,2.132066488265991,0.13857515156269073,,,,,,,,,,,,,,,
,0.0001122788033225223,12269,,,,,,,,,,,,,,,,,,,,,,,,,,,,,,
17,,12269,0.06753180176019669,0.02586612105369568,0.25343117117881775,0.0026317783631384373,0.05408254265785217,0.01711951568722725,0.1914711892604828,0.01575847715139389,0.12860871851444244,0.039016131311655045,0.17027060687541962,0.40969863533973694,0.0009181030909530818,2.1735384464263916,0.10595034062862396,,,,,,,,,,,,,,,
,0.00011205531591771925,12279,,,,,,,,,,,,,,,,,,,,,,,,,,,,,,
17,,12279,0.07869567722082138,0.02401394583284855,0.3131173849105835,0.002425821963697672,0.07833883911371231,0.007734800688922405,0.16034090518951416,0.01384651381522417,0.16638663411140442,0.07147280871868134,0.2028191238641739,0.4878953993320465,0.003985200542956591,2.133715867996216,0.14513522386550903,,,,,,,,,,,,,,,
,0.0001118319184668108,12289,,,,,,,,,,,,,,,,,,,,,,,,,,,,,,
17,,12289,0.04892910644412041,0.03472721576690674,0.22301018238067627,0.0024644245859235525,0.04494529962539673,0.004012200515717268,0.15053682029247284,0.003141605295240879,0.03800240904092789,0.0496978797018528,0.17428889870643616,0.2771718502044678,0.0042669991962611675,2.153914451599121,0.10282950103282928,,,,,,,,,,,,,,,
,0.00011160861149939603,12299,,,,,,,,,,,,,,,,,,,,,,,,,,,,,,
17,,12299,0.0664513036608696,0.024836357682943344,0.24354182183742523,0.006498183123767376,0.07220803946256638,0.015951896086335182,0.17388124763965607,0.009794250130653381,0.24048423767089844,0.07010462880134583,0.17854364216327667,0.5306705236434937,0.0025158943608403206,2.1442885398864746,0.13144195079803467,,,,,,,,,,,,,,,
,0.00011138539554485963,12309,,,,,,,,,,,,,,,,,,,,,,,,,,,,,,
17,,12309,0.06355554610490799,0.04165465757250786,0.3314894139766693,0.0004425570659805089,0.0530269481241703,0.005353828892111778,0.18411831557750702,0.008770906366407871,0.10227111726999283,0.03044285997748375,0.20620037615299225,0.4069523513317108,0.0020164791494607925,2.104809284210205,0.12598374485969543,,,,,,,,,,,,,,,
,0.00011116227113237038,12319,,,,,,,,,,,,,,,,,,,,,,,,,,,,,,
17,,12319,0.0478910394012928,0.01667030341923237,0.1864006072282791,0.0012913927203044295,0.033204395323991776,0.008291882462799549,0.10917589068412781,0.0039481655694544315,0.05284249037504196,0.04623469337821007,0.15637369453907013,0.25018224120140076,0.0012011700309813023,2.1439034938812256,0.08804743736982346,,,,,,,,,,,,,,,
,0.00011093923879088018,12329,,,,,,,,,,,,,,,,,,,,,,,,,,,,,,
17,,12329,0.055149145424366,0.0291852168738842,0.21031202375888824,0.003670430975034833,0.05231912434101105,0.015171431005001068,0.1318320780992508,0.011589499190449715,0.12242306768894196,0.04204779863357544,0.17112798988819122,0.36922475695610046,0.0008938889368437231,2.1619551181793213,0.11383108794689178,,,,,,,,,,,,,,,
,0.00011071629904912246,12339,,,,,,,,,,,,,,,,,,,,,,,,,,,,,,
17,,12339,0.04638546332716942,0.022757437080144882,0.23946739733219147,0.005282733589410782,0.05825170874595642,0.014048278331756592,0.13925178349018097,0.0029348786920309067,0.13762064278125763,0.047063954174518585,0.16170458495616913,0.3877139091491699,0.002053596079349518,2.177980899810791,0.13295204937458038,,,,,,,,,,,,,,,
,0.00011049345243561141,12349,,,,,,,,,,,,,,,,,,,,,,,,,,,,,,
17,,12349,0.08775900304317474,0.030587052926421165,0.27296707034111023,0.00249783624894917,0.06358043849468231,0.0184450875967741,0.17061062157154083,0.006363666616380215,0.07671583443880081,0.05945431813597679,0.15737685561180115,0.3685395419597626,0.003108588047325611,2.198289632797241,0.11228463053703308,,,,,,,,,,,,,,,
,0.00011027069947864018,12359,,,,,,,,,,,,,,,,,,,,,,,,,,,,,,
17,,12359,0.055535752326250076,0.026858409866690636,0.2953415513038635,0.0004704478196799755,0.043264519423246384,0.003928788471966982,0.14253117144107819,0.006660878658294678,0.10371067374944687,0.04150628298521042,0.18034572899341583,0.36359962821006775,0.0009285650448873639,2.143045425415039,0.11335653066635132,,,,,,,,,,,,,,,
,0.00011004804070627995,12369,,,,,,,,,,,,,,,,,,,,,,,,,,,,,,
17,,12369,0.04934004694223404,0.027390139177441597,0.2451118528842926,0.0018991694087162614,0.06195087730884552,0.003629835322499275,0.13382554054260254,0.007330178748816252,0.12785285711288452,0.05241117626428604,0.1876591593027115,0.3831752836704254,0.000256342813372612,2.1444671154022217,0.13508181273937225,,,,,,,,,,,,,,,
,0.00010982547664637885,12379,,,,,,,,,,,,,,,,,,,,,,,,,,,,,,
17,,12379,0.04351039230823517,0.032639116048812866,0.2584010064601898,0.0008871820173226297,0.03246136009693146,0.004631488583981991,0.15197846293449402,0.007205377332866192,0.06525031477212906,0.03833627328276634,0.16421735286712646,0.2934166193008423,0.0012583336792886257,2.119431972503662,0.06488212198019028,,,,,,,,,,,,,,,
,0.00010960300782656015,12389,,,,,,,,,,,,,,,,,,,,,,,,,,,,,,
17,,12389,0.043322909623384476,0.0337708555161953,0.26376307010650635,0.001175947138108313,0.04065944626927376,0.008565651252865791,0.15379434823989868,0.008202876895666122,0.06745757907629013,0.02861035242676735,0.17082640528678894,0.3127427399158478,0.0019916545134037733,2.1404919624328613,0.09420941770076752,,,,,,,,,,,,,,,
,0.00010938063477422155,12399,,,,,,,,,,,,,,,,,,,,,,,,,,,,,,
17,,12399,0.041566308587789536,0.047229666262865067,0.34295758605003357,0.0029012029990553856,0.06940475106239319,0.010217603296041489,0.19995953142642975,0.0108416136354208,0.12790177762508392,0.03481362760066986,0.21087855100631714,0.45077136158943176,0.005063886754214764,2.14052152633667,0.13884319365024567,,,,,,,,,,,,,,,
,0.00010915835801653363,12409,,,,,,,,,,,,,,,,,,,,,,,,,,,,,,
17,,12409,0.05141463875770569,0.028847694396972656,0.2692258358001709,0.002214206848293543,0.05413801223039627,0.00969591736793518,0.18583574891090393,0.010233387351036072,0.12429827451705933,0.04318219795823097,0.16458749771118164,0.3913547992706299,0.0006776878726668656,2.126215934753418,0.10560306161642075,,,,,,,,,,,,,,,
,0.00010893617808043877,12419,,,,,,,,,,,,,,,,,,,,,,,,,,,,,,
17,,12419,0.045589253306388855,0.03371834382414818,0.2111208438873291,0.0018438069382682443,0.03672415763139725,0.011482596397399902,0.16918309032917023,0.007789767812937498,0.07479935139417648,0.038945272564888,0.1448279172182083,0.2997232973575592,0.0004140138626098633,2.131134033203125,0.0774419754743576,,,,,,,,,,,,,,,
,0.00010871409549264964,12429,,,,,,,,,,,,,,,,,,,,,,,,,,,,,,
17,,12429,0.036184296011924744,0.02279784344136715,0.22541694343090057,0.0054693520069122314,0.030528191477060318,0.008485558442771435,0.11807519942522049,0.006098724901676178,0.07339838892221451,0.03899877890944481,0.14968273043632507,0.27619799971580505,0.0002481433330103755,2.167663097381592,0.06322335451841354,,,,,,,,,,,,,,,
,0.0001084921107796484,12439,,,,,,,,,,,,,,,,,,,,,,,,,,,,,,
17,,12439,0.06044552102684975,0.018133100122213364,0.22892960906028748,0.0033427835442125797,0.052365221083164215,0.016280313953757286,0.16039752960205078,0.007025533355772495,0.1205768808722496,0.058555975556373596,0.17865608632564545,0.3743703067302704,0.0002374215837335214,2.1472997665405273,0.10395774990320206,,,,,,,,,,,,,,,
,0.00010827022446768498,12449,,,,,,,,,,,,,,,,,,,,,,,,,,,,,,
17,,12449,0.0802326500415802,0.022564247250556946,0.26744773983955383,0.0012430367060005665,0.07026384025812149,0.010951845906674862,0.16538666188716888,0.014081345871090889,0.1465984284877777,0.059375159442424774,0.18692106008529663,0.44103896617889404,0.0014677378349006176,2.1320221424102783,0.12531016767024994,,,,,,,,,,,,,,,
,0.00010804843708277604,12459,,,,,,,,,,,,,,,,,,,,,,,,,,,,,,
17,,12459,0.034118298441171646,0.0332455039024353,0.2668311893939972,0.001006021280772984,0.019013775512576103,0.004743875470012426,0.14722409844398499,0.0046326396986842155,0.05166653171181679,0.031483735889196396,0.14115415513515472,0.2596023380756378,0.0015769355231896043,2.1698837280273438,0.044762369245290756,,,,,,,,,,,,,,,
,0.00010782674915070387,12469,,,,,,,,,,,,,,,,,,,,,,,,,,,,,,
17,,12469,0.09140729159116745,0.021496040746569633,0.22597038745880127,0.004050307907164097,0.06115269288420677,0.01036396436393261,0.16425801813602448,0.011242654174566269,0.17071649432182312,0.05190836265683174,0.15972112119197845,0.4506995677947998,0.001327752135694027,2.189918279647827,0.1333467811346054,,,,,,,,,,,,,,,
,0.00010760516119701477,12479,,,,,,,,,,,,,,,,,,,,,,,,,,,,,,
17,,12479,0.037482086569070816,0.022938314825296402,0.26122596859931946,0.0016366697382181883,0.04512821510434151,0.008100515231490135,0.12706002593040466,0.007485998794436455,0.05043455585837364,0.03923196345567703,0.18648815155029297,0.289090633392334,0.004463234916329384,2.1636462211608887,0.09502086043357849,,,,,,,,,,,,,,,
,0.00010738367374701826,12489,,,,,,,,,,,,,,,,,,,,,,,,,,,,,,
17,,12489,0.04235082119703293,0.022079678252339363,0.2555353045463562,0.0004052924341522157,0.04919145256280899,0.023881588131189346,0.15276148915290833,0.0029480578377842903,0.04674134403467178,0.03674791753292084,0.16230477392673492,0.2847959101200104,0.0012229265412315726,2.1827423572540283,0.08802739530801773,,,,,,,,,,,,,,,
,0.00010716228732578536,12499,,,,,,,,,,,,,,,,,,,,,,,,,,,,,,
17,,12499,0.036906611174345016,0.022116314619779587,0.2576853632926941,0.0026741817127913237,0.0501079186797142,0.00795228872448206,0.1950562596321106,0.0052631269209086895,0.07734189182519913,0.03621780499815941,0.1536514312028885,0.3308347761631012,0.0038861287757754326,2.1283764839172363,0.11877958476543427,,,,,,,,,,,,,,,
,0.00010694100245814787,12509,,,,,,,,,,,,,,,,,,,,,,,,,,,,,,
17,,12509,0.029610438272356987,0.038240399211645126,0.26063272356987,0.0015138511080294847,0.06709874421358109,0.012533364817500114,0.15771637856960297,0.007909156382083893,0.0880933552980423,0.05568680167198181,0.17237602174282074,0.3461306095123291,0.0002584854664746672,2.1715283393859863,0.11588629335165024,,,,,,,,,,,,,,,
17,,12509,,,,,,,,,,,,,,,,0.16779445111751556,0.04015853628516197,0.2656395137310028,0.010743963532149792,0.06663716584444046,0.0017551530618220568,0.15748362243175507,0.020986761897802353,0.18459245562553406,0.07219952344894409,0.1840166449546814,0.5494824051856995,0.008274643681943417,2.0718636512756348,0.13563665747642517
,0.00010671981966869657,12519,,,,,,,,,,,,,,,,,,,,,,,,,,,,,,
18,,12519,0.06940950453281403,0.042013660073280334,0.25829583406448364,0.004888991359621286,0.046544771641492844,0.006010232958942652,0.18147200345993042,0.012877172790467739,0.10218694806098938,0.043465886265039444,0.16262130439281464,0.3743944764137268,0.0009735875064507127,2.179072618484497,0.08471782505512238,,,,,,,,,,,,,,,
,0.00010649873948178034,12529,,,,,,,,,,,,,,,,,,,,,,,,,,,,,,
18,,12529,0.0379088893532753,0.021806366741657257,0.28392690420150757,0.005833609029650688,0.04023091122508049,0.010390275157988071,0.1482897400856018,0.007054027635604143,0.04726008325815201,0.03839246556162834,0.17943346500396729,0.2952965199947357,0.0006188768311403692,2.156390905380249,0.0923466831445694,,,,,,,,,,,,,,,
,0.00010627776242150496,12539,,,,,,,,,,,,,,,,,,,,,,,,,,,,,,
18,,12539,0.06300574541091919,0.017330974340438843,0.25306031107902527,0.0018788366578519344,0.041338998824357986,0.006961204577237368,0.13135145604610443,0.01045382022857666,0.07791612297296524,0.024534180760383606,0.18792156875133514,0.3306819498538971,0.0007322818273678422,2.180083751678467,0.12476617842912674,,,,,,,,,,,,,,,
,0.00010605688901173149,12549,,,,,,,,,,,,,,,,,,,,,,,,,,,,,,
18,,12549,0.10183686763048172,0.017847750335931778,0.16588760912418365,0.0011290917173027992,0.04554673284292221,0.010559692978858948,0.12359331548213959,0.011975361965596676,0.1548544317483902,0.06945955008268356,0.15446096658706665,0.3949492871761322,0.0006168681429699063,2.123206377029419,0.09891241043806076,,,,,,,,,,,,,,,
,0.00010583611977607549,12559,,,,,,,,,,,,,,,,,,,,,,,,,,,,,,
18,,12559,0.058459147810935974,0.03007752262055874,0.2738473117351532,0.007299614604562521,0.049550727009773254,0.00850428082048893,0.1533755660057068,0.008828265592455864,0.09968364238739014,0.03904605284333229,0.17391832172870636,0.3669907748699188,0.0060458495281636715,2.1264123916625977,0.08698113262653351,,,,,,,,,,,,,,,
,0.00010561545523790535,12569,,,,,,,,,,,,,,,,,,,,,,,,,,,,,,
18,,12569,0.04181773215532303,0.01945263333618641,0.252226322889328,0.0024346159771084785,0.042149610817432404,0.014921458438038826,0.1280650645494461,0.013569524511694908,0.11124089360237122,0.04537004604935646,0.16710145771503448,0.3588477671146393,0.0018339913804084063,2.1591873168945312,0.11723554134368896,,,,,,,,,,,,,,,
,0.00010539489592034151,12579,,,,,,,,,,,,,,,,,,,,,,,,,,,,,,
18,,12579,0.06229948252439499,0.04439965635538101,0.25001075863838196,0.005478061269968748,0.04298558831214905,0.006188180763274431,0.175967276096344,0.014322442933917046,0.11036338657140732,0.04642738401889801,0.15578266978263855,0.37860214710235596,0.0021930928342044353,2.1388604640960693,0.08793123811483383,,,,,,,,,,,,,,,
,0.00010517444234625478,12589,,,,,,,,,,,,,,,,,,,,,,,,,,,,,,
18,,12589,0.05477889999747276,0.025465086102485657,0.2285299301147461,0.005344562232494354,0.04251042380928993,0.03461715206503868,0.14422157406806946,0.010573375970125198,0.12264547497034073,0.04404164478182793,0.1525385081768036,0.37023574113845825,0.0012842878932133317,2.1529641151428223,0.07716016471385956,,,,,,,,,,,,,,,
,0.0001049540950382653,12599,,,,,,,,,,,,,,,,,,,,,,,,,,,,,,
18,,12599,0.034308478236198425,0.02679573744535446,0.3941388428211212,0.0014694025740027428,0.0835554376244545,0.029345346614718437,0.19330279529094696,0.004756889306008816,0.05596226453781128,0.09440525621175766,0.25037670135498047,0.41425949335098267,0.0002755292516667396,2.1179513931274414,0.19185954332351685,,,,,,,,,,,,,,,
,0.00010473385451874139,12609,,,,,,,,,,,,,,,,,,,,,,,,,,,,,,
18,,12609,0.04033258929848671,0.017226973548531532,0.192606121301651,0.0019781766459345818,0.04371190071105957,0.007063628640025854,0.13288180530071259,0.004802322015166283,0.049835242331027985,0.055431779474020004,0.15384340286254883,0.25934645533561707,0.0010734241222962737,2.1393654346466064,0.10018228739500046,,,,,,,,,,,,,,,
,0.00010451372130979807,12619,,,,,,,,,,,,,,,,,,,,,,,,,,,,,,
18,,12619,0.08592613786458969,0.037073466926813126,0.254502534866333,0.0036298667546361685,0.04115986451506615,0.01375665608793497,0.16766080260276794,0.008419172838330269,0.09103251993656158,0.04209775850176811,0.17257347702980042,0.3727845549583435,0.0011868414003401995,2.152693033218384,0.11486700177192688,,,,,,,,,,,,,,,
,0.00010429369593329611,12629,,,,,,,,,,,,,,,,,,,,,,,,,,,,,,
18,,12629,0.049854714423418045,0.03188372030854225,0.31624317169189453,0.006907086353749037,0.0368313267827034,0.00576039357110858,0.17725302278995514,0.006019162479788065,0.08067240566015244,0.02857319824397564,0.1806245744228363,0.3546365201473236,0.00564445648342371,2.164524793624878,0.0867580771446228,,,,,,,,,,,,,,,
,0.0001040737789108405,12639,,,,,,,,,,,,,,,,,,,,,,,,,,,,,,
18,,12639,0.03902935981750488,0.03189252316951752,0.29350125789642334,0.0012475771363824606,0.049035873264074326,0.005991586484014988,0.2068924456834793,0.006355044431984425,0.05853738263249397,0.03285469487309456,0.17937065660953522,0.3234953284263611,0.0007052159053273499,2.158766269683838,0.09515950083732605,,,,,,,,,,,,,,,
,0.00010385397076377955,12649,,,,,,,,,,,,,,,,,,,,,,,,,,,,,,
18,,12649,0.04835223779082298,0.023488391190767288,0.20665621757507324,0.003012868808582425,0.043833862990140915,0.01983298547565937,0.11778046190738678,0.012336665764451027,0.08837905526161194,0.040493808686733246,0.17080801725387573,0.32399386167526245,0.0003647848207037896,2.164543628692627,0.11258803308010101,,,,,,,,,,,,,,,
,0.00010363427201320332,12659,,,,,,,,,,,,,,,,,,,,,,,,,,,,,,
18,,12659,0.04131815582513809,0.020041266456246376,0.24909605085849762,0.0021803234703838825,0.05168884992599487,0.008025027811527252,0.134442538022995,0.009283116087317467,0.07867191731929779,0.021056659519672394,0.1636458784341812,0.316006064414978,0.003959349822252989,2.1298210620880127,0.10691308230161667,,,,,,,,,,,,,,,
,0.00010341468317994246,12669,,,,,,,,,,,,,,,,,,,,,,,,,,,,,,
18,,12669,0.046081166714429855,0.02997826598584652,0.22461912035942078,0.0019512295257300138,0.04663390666246414,0.006455120164901018,0.13850770890712738,0.005627279169857502,0.07630394399166107,0.06696748733520508,0.15661107003688812,0.30905747413635254,0.0034392178058624268,2.1779658794403076,0.0947929248213768,,,,,,,,,,,,,,,
,0.00010319520478456729,12679,,,,,,,,,,,,,,,,,,,,,,,,,,,,,,
18,,12679,0.08065880089998245,0.01444363221526146,0.1828557252883911,0.0028037431184202433,0.050083644688129425,0.010860559530556202,0.1221616193652153,0.00953160785138607,0.13972575962543488,0.04624368995428085,0.1602819561958313,0.37682226300239563,0.0016184963751584291,2.132359743118286,0.11564836651086807,,,,,,,,,,,,,,,
,0.00010297583734738603,12689,,,,,,,,,,,,,,,,,,,,,,,,,,,,,,
18,,12689,0.0682978481054306,0.04166935384273529,0.29173043370246887,0.0017358753830194473,0.05637853592634201,0.019386371597647667,0.18647192418575287,0.0069415029138326645,0.11887058615684509,0.03466726094484329,0.19746725261211395,0.43000322580337524,0.00018602429190650582,2.1352314949035645,0.1627805083990097,,,,,,,,,,,,,,,
,0.00010275658138844413,12699,,,,,,,,,,,,,,,,,,,,,,,,,,,,,,
18,,12699,0.028340104967355728,0.07434405386447906,0.2639215588569641,0.0020901691168546677,0.02755565568804741,0.006744313053786755,0.19667883217334747,0.006053466349840164,0.050582148134708405,0.02550293505191803,0.1710059493780136,0.30433350801467896,0.0015300953527912498,2.1289827823638916,0.0784534439444542,,,,,,,,,,,,,,,
,0.0001025374374275225,12709,,,,,,,,,,,,,,,,,,,,,,,,,,,,,,
18,,12709,0.03229984641075134,0.02991323731839657,0.2821754515171051,0.0008644565241411328,0.04425376281142235,0.004011139739304781,0.15349842607975006,0.005156292580068111,0.04258411005139351,0.03062846139073372,0.16378051042556763,0.2851042151451111,0.0005173885729163885,2.1771702766418457,0.11473379284143448,,,,,,,,,,,,,,,
,0.0001023184059841368,12719,,,,,,,,,,,,,,,,,,,,,,,,,,,,,,
18,,12719,0.05587005242705345,0.014932127669453621,0.16627204418182373,0.0014885738492012024,0.05516182258725166,0.011081340722739697,0.11966986954212189,0.011211764998733997,0.14059913158416748,0.04354879632592201,0.1991836130619049,0.3710958659648895,0.0006921602180227637,2.141606569290161,0.12565702199935913,,,,,,,,,,,,,,,
,0.00010209948757753575,12729,,,,,,,,,,,,,,,,,,,,,,,,,,,,,,
18,,12729,0.05238088220357895,0.028976986184716225,0.21874044835567474,0.0027185645885765553,0.04642011597752571,0.010282966308295727,0.15754978358745575,0.0055798012763261795,0.0897424966096878,0.04307080805301666,0.1777445524930954,0.3327176570892334,0.0019494860898703337,2.130781888961792,0.10393483936786652,,,,,,,,,,,,,,,
,0.00010188068272670019,12739,,,,,,,,,,,,,,,,,,,,,,,,,,,,,,
18,,12739,0.06187229976058006,0.03102790378034115,0.22927846014499664,0.0017405920661985874,0.035753991454839706,0.013814367353916168,0.1220073252916336,0.00846253614872694,0.11886466294527054,0.040715210139751434,0.14961707592010498,0.35130566358566284,0.0021236396860331297,2.1046345233917236,0.08535049110651016,,,,,,,,,,,,,,,
,0.00010166199195034175,12749,,,,,,,,,,,,,,,,,,,,,,,,,,,,,,
18,,12749,0.06950744241476059,0.014919159933924675,0.19730177521705627,0.0012639786582440138,0.04002311825752258,0.010296141728758812,0.1157992035150528,0.00967741571366787,0.12426058948040009,0.032685842365026474,0.15092656016349792,0.339176744222641,0.0010041045024991035,2.166846990585327,0.0795564278960228,,,,,,,,,,,,,,,
,0.00010144341576690155,12759,,,,,,,,,,,,,,,,,,,,,,,,,,,,,,
18,,12759,0.04389213025569916,0.023405056446790695,0.2132798284292221,0.0015649603446945548,0.04826036095619202,0.014586693607270718,0.1242838054895401,0.008847430348396301,0.06446091085672379,0.042170461267232895,0.1493593007326126,0.29311829805374146,0.004282932262867689,2.1304116249084473,0.10681069642305374,,,,,,,,,,,,,,,
,0.00010122495469454921,12769,,,,,,,,,,,,,,,,,,,,,,,,,,,,,,
18,,12769,0.03142813965678215,0.0304372888058424,0.24875539541244507,0.003641291754320264,0.046209339052438736,0.02127840183675289,0.15548618137836456,0.0057067545130848885,0.07164184749126434,0.034468088299036026,0.16814731061458588,0.31301766633987427,0.0031375193502753973,2.1554017066955566,0.08837300539016724,,,,,,,,,,,,,,,
,0.00010100660925118127,12779,,,,,,,,,,,,,,,,,,,,,,,,,,,,,,
18,,12779,0.08382552862167358,0.030634218826889992,0.25591978430747986,0.004253762774169445,0.07688061892986298,0.009182908572256565,0.1795131266117096,0.016519920900464058,0.20780959725379944,0.05901297181844711,0.1614888608455658,0.510733962059021,0.0011161036090925336,2.121725082397461,0.13417527079582214,,,,,,,,,,,,,,,
,0.00010078837995442037,12789,,,,,,,,,,,,,,,,,,,,,,,,,,,,,,
18,,12789,0.04196736961603165,0.01825653575360775,0.23295341432094574,0.0006952831754460931,0.03536950796842575,0.011452119797468185,0.12544238567352295,0.010943799279630184,0.04976334050297737,0.04934366047382355,0.16642089188098907,0.27538639307022095,0.0014694915153086185,2.132422685623169,0.0924246609210968,,,,,,,,,,,,,,,
,0.00010057026732161358,12799,,,,,,,,,,,,,,,,,,,,,,,,,,,,,,
18,,12799,0.04661373421549797,0.018750475719571114,0.270986407995224,0.002252457430586219,0.04854734241962433,0.011363416910171509,0.14811676740646362,0.003211760427802801,0.08010067790746689,0.04353121668100357,0.1672545075416565,0.3260166347026825,0.002643722342327237,2.144355535507202,0.10292237251996994,,,,,,,,,,,,,,,
,0.0001003522718698316,12809,,,,,,,,,,,,,,,,,,,,,,,,,,,,,,
18,,12809,0.030218305066227913,0.02057342790067196,0.2927183210849762,0.002777224639430642,0.03289967030286789,0.012316513806581497,0.1443355530500412,0.005828213877975941,0.06585441529750824,0.01381333451718092,0.159234881401062,0.3004084825515747,0.0014316452434286475,2.16441011428833,0.09658975899219513,,,,,,,,,,,,,,,
,0.00010013439411586715,12819,,,,,,,,,,,,,,,,,,,,,,,,,,,,,,
18,,12819,0.03962847217917442,0.05375802144408226,0.27556750178337097,0.00296342303045094,0.04286262020468712,0.014773610979318619,0.20996573567390442,0.008397872559726238,0.08278622478246689,0.05336198955774307,0.18749593198299408,0.36856943368911743,0.001125647802837193,2.138932704925537,0.11070400476455688,,,,,,,,,,,,,,,
,9.991663457623405e-05,12829,,,,,,,,,,,,,,,,,,,,,,,,,,,,,,
18,,12829,0.02595093846321106,0.027026481926441193,0.3171932101249695,0.006375370547175407,0.03754730895161629,0.008626793511211872,0.1562265008687973,0.008162030018866062,0.07062801718711853,0.035525817424058914,0.1949118673801422,0.3339458405971527,0.0020935519132763147,2.1814424991607666,0.10224921256303787,,,,,,,,,,,,,,,
,9.969899376716587e-05,12839,,,,,,,,,,,,,,,,,,,,,,,,,,,,,,
18,,12839,0.07588840276002884,0.03751962259411812,0.2666797935962677,0.004498925060033798,0.05223973095417023,0.010121849365532398,0.17698629200458527,0.009616509079933167,0.11776038259267807,0.04881983622908592,0.1945396214723587,0.40952393412590027,0.00148085318505764,2.1191651821136475,0.11537648737430573,,,,,,,,,,,,,,,
,9.94814722046146e-05,12849,,,,,,,,,,,,,,,,,,,,,,,,,,,,,,
18,,12849,0.04978008195757866,0.03560126945376396,0.27400168776512146,0.002288253977894783,0.04363732784986496,0.006233771797269583,0.1772201955318451,0.006830618251115084,0.05298444256186485,0.022974152117967606,0.17255859076976776,0.3149675726890564,0.003022377844899893,2.1284584999084473,0.10740578174591064,,,,,,,,,,,,,,,
,9.926407040424974e-05,12859,,,,,,,,,,,,,,,,,,,,,,,,,,,,,,
18,,12859,0.061300136148929596,0.02883126772940159,0.26845794916152954,0.002400191267952323,0.05109644681215286,0.009908804669976234,0.15415415167808533,0.010887542739510536,0.14251279830932617,0.051437344402074814,0.16168488562107086,0.4094661772251129,0.0014851645100861788,2.124772787094116,0.11046957969665527,,,,,,,,,,,,,,,
,9.904678888145666e-05,12869,,,,,,,,,,,,,,,,,,,,,,,,,,,,,,
18,,12869,0.041421208530664444,0.05470707640051842,0.3252013921737671,0.0004419089818838984,0.0410025492310524,0.006875775288790464,0.18894898891448975,0.006350100040435791,0.09977701306343079,0.04120747745037079,0.1926707774400711,0.38354915380477905,0.0004525895928964019,2.135915994644165,0.1024421751499176,,,,,,,,,,,,,,,
,9.882962815133575e-05,12879,,,,,,,,,,,,,,,,,,,,,,,,,,,,,,
18,,12879,0.06126775965094566,0.02035536803305149,0.1889037787914276,0.0009592366404831409,0.04721203073859215,0.012056946754455566,0.13019885122776031,0.008636437356472015,0.08765727281570435,0.049202900379896164,0.15778304636478424,0.3162645399570465,0.0002885157591663301,2.1672489643096924,0.11319229006767273,,,,,,,,,,,,,,,
,9.861258872870096e-05,12889,,,,,,,,,,,,,,,,,,,,,,,,,,,,,,
18,,12889,0.03646211698651314,0.05775338411331177,0.3247566521167755,0.00037676619831472635,0.03709226846694946,0.008407789282500744,0.2029753029346466,0.007135155610740185,0.07473384588956833,0.04281473159790039,0.1664258986711502,0.3524346351623535,0.00048730976413935423,2.1526007652282715,0.09004650264978409,,,,,,,,,,,,,,,
,9.839567112807866e-05,12899,,,,,,,,,,,,,,,,,,,,,,,,,,,,,,
18,,12899,0.04464998468756676,0.01968224346637726,0.17856143414974213,0.0008517596870660782,0.03473491966724396,0.008711041882634163,0.12621992826461792,0.00862287636846304,0.0773472711443901,0.04874357953667641,0.13137713074684143,0.27348223328590393,0.0019571224693208933,2.147771120071411,0.07585222274065018,,,,,,,,,,,,,,,
,9.817887586370645e-05,12909,,,,,,,,,,,,,,,,,,,,,,,,,,,,,,
18,,12909,0.07165049016475677,0.018102532252669334,0.2323659360408783,0.001469156821258366,0.04796852171421051,0.012191973626613617,0.13525640964508057,0.014111800119280815,0.13945338129997253,0.0312783420085907,0.16537274420261383,0.3827379047870636,0.00047578575322404504,2.115103006362915,0.08261068165302277,,,,,,,,,,,,,,,
,9.796220344953187e-05,12919,,,,,,,,,,,,,,,,,,,,,,,,,,,,,,
18,,12919,0.06001204997301102,0.02925194799900055,0.232645645737648,0.0003904803015757352,0.03560766950249672,0.015912899747490883,0.14373472332954407,0.006336702033877373,0.10035781562328339,0.04354424774646759,0.15105131268501282,0.33129021525382996,0.0009599508484825492,2.159763813018799,0.07403616607189178,,,,,,,,,,,,,,,
,9.774565439921137e-05,12929,,,,,,,,,,,,,,,,,,,,,,,,,,,,,,
18,,12929,0.059865981340408325,0.031576503068208694,0.27262187004089355,0.0017789030680432916,0.04553352668881416,0.0029552190098911524,0.16572734713554382,0.003473153803497553,0.07556696236133575,0.025750750675797462,0.1602555364370346,0.3282674252986908,0.00024758881772868335,2.146027088165283,0.10881365090608597,,,,,,,,,,,,,,,
,9.752922922610872e-05,12939,,,,,,,,,,,,,,,,,,,,,,,,,,,,,,
18,,12939,0.045283492654561996,0.04741278290748596,0.2342095673084259,0.0014028133591637015,0.039668239653110504,0.03869001939892769,0.15645189583301544,0.007749183569103479,0.058891817927360535,0.02586076781153679,0.13669686019420624,0.3047429025173187,0.000819932552985847,2.1522254943847656,0.08138632774353027,,,,,,,,,,,,,,,
,9.731292844329423e-05,12949,,,,,,,,,,,,,,,,,,,,,,,,,,,,,,
18,,12949,0.05396308749914169,0.03819165751338005,0.2452249675989151,0.0035185276065021753,0.04149485006928444,0.024022186174988747,0.15650418400764465,0.010503130033612251,0.09150616824626923,0.06526991724967957,0.18758518993854523,0.36165761947631836,0.00051472382619977,2.1606876850128174,0.10323675721883774,,,,,,,,,,,,,,,
,9.709675256354315e-05,12959,,,,,,,,,,,,,,,,,,,,,,,,,,,,,,
18,,12959,0.03870321065187454,0.027477720752358437,0.30012157559394836,0.0006747427978552878,0.05151648446917534,0.008012338541448116,0.1444891393184662,0.0052313003689050674,0.06175834313035011,0.03925476595759392,0.19494731724262238,0.3290858864784241,0.0012770998291671276,2.119727373123169,0.1395999938249588,,,,,,,,,,,,,,,
,9.688070209933472e-05,12969,,,,,,,,,,,,,,,,,,,,,,,,,,,,,,
18,,12969,0.04773524031043053,0.011296892538666725,0.19493728876113892,0.0018199566984549165,0.04714605584740639,0.010506507940590382,0.10775912553071976,0.007501947693526745,0.08664393424987793,0.02822762355208397,0.15588557720184326,0.29150742292404175,0.0019749596249312162,2.1499884128570557,0.09102749079465866,,,,,,,,,,,,,,,
,9.66647775628509e-05,12979,,,,,,,,,,,,,,,,,,,,,,,,,,,,,,
18,,12979,0.0720631554722786,0.024768222123384476,0.21506920456886292,0.0022757472470402718,0.06180325895547867,0.0029330181423574686,0.16002705693244934,0.008765933103859425,0.20784692466259003,0.06392402946949005,0.15489503741264343,0.4636075496673584,0.00310194562189281,2.1451969146728516,0.11221901327371597,,,,,,,,,,,,,,,
,9.644897946597494e-05,12989,,,,,,,,,,,,,,,,,,,,,,,,,,,,,,
18,,12989,0.03685467317700386,0.03308659791946411,0.21025432646274567,0.0014210985973477364,0.029481031000614166,0.006331282202154398,0.12430306524038315,0.0027471031062304974,0.04689478501677513,0.045957617461681366,0.13008473813533783,0.2458982765674591,0.002252707490697503,2.092129707336426,0.07774006575345993,,,,,,,,,,,,,,,
,9.623330832029067e-05,12999,,,,,,,,,,,,,,,,,,,,,,,,,,,,,,
18,,12999,0.06464032828807831,0.026909664273262024,0.2127963751554489,0.0004083419335074723,0.032951317727565765,0.0067787496373057365,0.13912111520767212,0.0032365676015615463,0.05589210242033005,0.04253145679831505,0.13866101205348969,0.27476418018341064,0.00012666847032960504,2.131971836090088,0.0921938419342041,,,,,,,,,,,,,,,
,9.601776463708054e-05,13009,,,,,,,,,,,,,,,,,,,,,,,,,,,,,,
18,,13009,0.05239318311214447,0.0158921480178833,0.18624374270439148,0.0016881306655704975,0.03698810189962387,0.004348165821284056,0.10596974939107895,0.009569106623530388,0.09200213849544525,0.02352731302380562,0.1498885601758957,0.29404768347740173,0.002427582861855626,2.133758306503296,0.09504587203264236,,,,,,,,,,,,,,,
,9.580234892732524e-05,13019,,,,,,,,,,,,,,,,,,,,,,,,,,,,,,
18,,13019,0.07438747584819794,0.027682792395353317,0.3254135251045227,0.006086747162044048,0.04354855418205261,0.0047373780980706215,0.19393260776996613,0.009869386442005634,0.10722126066684723,0.03977883234620094,0.17993786931037903,0.4100988209247589,0.0016808051150292158,2.132871627807617,0.11885447800159454,,,,,,,,,,,,,,,
,9.558706170170182e-05,13029,,,,,,,,,,,,,,,,,,,,,,,,,,,,,,
18,,13029,0.038475412875413895,0.04023947939276695,0.29376330971717834,0.0014196375850588083,0.046333715319633484,0.005913487635552883,0.1588696539402008,0.006668331567198038,0.0768788754940033,0.05906736105680466,0.17534947395324707,0.33705228567123413,0.0015475882682949305,2.154031753540039,0.09629262238740921,,,,,,,,,,,,,,,
,9.53719034705828e-05,13039,,,,,,,,,,,,,,,,,,,,,,,,,,,,,,
18,,13039,0.04875675216317177,0.023989297449588776,0.1712929755449295,0.0031442230101674795,0.03693380206823349,0.010703982785344124,0.12556485831737518,0.009850047528743744,0.09906148165464401,0.03475847467780113,0.1452382206916809,0.2984817624092102,0.0007890787092037499,2.152235984802246,0.0667896717786789,,,,,,,,,,,,,,,
,9.515687474403492e-05,13049,,,,,,,,,,,,,,,,,,,,,,,,,,,,,,
18,,13049,0.05252603441476822,0.02993442676961422,0.31878405809402466,0.006186270155012608,0.047016993165016174,0.007853548042476177,0.18025504052639008,0.010834015905857086,0.08990830183029175,0.039517976343631744,0.17442229390144348,0.37539225816726685,0.004701412282884121,2.168617010116577,0.09444427490234375,,,,,,,,,,,,,,,
,9.494197603181784e-05,13059,,,,,,,,,,,,,,,,,,,,,,,,,,,,,,
18,,13059,0.06784798949956894,0.0446024090051651,0.2416020631790161,0.0007519733044318855,0.05822457745671272,0.007040480617433786,0.19414030015468597,0.008354571647942066,0.10812109708786011,0.04809725284576416,0.15644517540931702,0.38185757398605347,0.00047940603690221906,2.1411116123199463,0.11596627533435822,,,,,,,,,,,,,,,
,9.472720784338319e-05,13069,,,,,,,,,,,,,,,,,,,,,,,,,,,,,,
18,,13069,0.04703695699572563,0.029030611738562584,0.31396713852882385,0.0014637951971963048,0.05069629102945328,0.009181729517877102,0.1745402067899704,0.006371994502842426,0.08742853999137878,0.020517898723483086,0.16806147992610931,0.35614654421806335,0.00033485874882899225,2.0836639404296875,0.11212166398763657,,,,,,,,,,,,,,,
,9.451257068787286e-05,13079,,,,,,,,,,,,,,,,,,,,,,,,,,,,,,
18,,13079,0.03437972068786621,0.05332590267062187,0.27643468976020813,0.0003057569556403905,0.03134455531835556,0.005738243460655212,0.18313631415367126,0.0034123072400689125,0.045505888760089874,0.03680194541811943,0.17542849481105804,0.2975916266441345,0.0009325130959041417,2.1549713611602783,0.09629722684621811,,,,,,,,,,,,,,,
,9.429806507411847e-05,13089,,,,,,,,,,,,,,,,,,,,,,,,,,,,,,
18,,13089,0.06001858413219452,0.02267814613878727,0.2370859980583191,0.00557283591479063,0.05620857700705528,0.01073689665645361,0.14527425169944763,0.008599847555160522,0.11365868151187897,0.04291906952857971,0.17590667307376862,0.36996594071388245,0.0033511260990053415,2.1388351917266846,0.10406244546175003,,,,,,,,,,,,,,,
,9.408369151063948e-05,13099,,,,,,,,,,,,,,,,,,,,,,,,,,,,,,
18,,13099,0.04887963831424713,0.02179025299847126,0.18910129368305206,0.0029544273857027292,0.03510379046201706,0.008064286783337593,0.13037177920341492,0.0064896331168711185,0.07185720652341843,0.04422973468899727,0.1385664939880371,0.2732379138469696,0.0015429533086717129,2.099747657775879,0.06919534504413605,,,,,,,,,,,,,,,
,9.386945050564253e-05,13109,,,,,,,,,,,,,,,,,,,,,,,,,,,,,,
18,,13109,0.04889902472496033,0.020893799141049385,0.2121812403202057,0.00041854591108858585,0.04332403838634491,0.009211795404553413,0.13045185804367065,0.008243702352046967,0.11420559138059616,0.03874405100941658,0.1631394475698471,0.33566969633102417,0.004567263647913933,2.1331114768981934,0.08427943289279938,,,,,,,,,,,,,,,
,9.365534256701986e-05,13119,,,,,,,,,,,,,,,,,,,,,,,,,,,,,,
18,,13119,0.06336168944835663,0.015599651262164116,0.1983952522277832,0.002427601022645831,0.04793662950396538,0.004099842626601458,0.14463263750076294,0.009096928872168064,0.11965101212263107,0.03430447354912758,0.16298136115074158,0.3501152992248535,0.0017191068036481738,2.119825839996338,0.10615712404251099,,,,,,,,,,,,,,,
,9.344136820234828e-05,13129,,,,,,,,,,,,,,,,,,,,,,,,,,,,,,
18,,13129,0.03900887072086334,0.025737449526786804,0.20381197333335876,0.0007138866349123418,0.04814719781279564,0.01072108093649149,0.13336947560310364,0.009024105966091156,0.07881209999322891,0.04270702227950096,0.1429288238286972,0.30201444029808044,0.004236151929944754,2.1341912746429443,0.10851222276687622,,,,,,,,,,,,,,,
,9.32275279188881e-05,13139,,,,,,,,,,,,,,,,,,,,,,,,,,,,,,
18,,13139,0.03209049254655838,0.020919395610690117,0.21997639536857605,0.0016688440227881074,0.033662181347608566,0.008316418156027794,0.11156315356492996,0.005418035667389631,0.05079477280378342,0.04542050138115883,0.1540684700012207,0.2524412274360657,0.0008124933228828013,2.1189627647399902,0.08416613191366196,,,,,,,,,,,,,,,
,9.301382222358148e-05,13149,,,,,,,,,,,,,,,,,,,,,,,,,,,,,,
18,,13149,0.0360809862613678,0.02673252299427986,0.22007381916046143,0.0024867921601980925,0.04834868386387825,0.01418403908610344,0.13383765518665314,0.005242368206381798,0.04146183654665947,0.03447285294532776,0.16527225077152252,0.27131280303001404,0.004960983991622925,2.1653831005096436,0.10513730347156525,,,,,,,,,,,,,,,
,9.280025162305185e-05,13159,,,,,,,,,,,,,,,,,,,,,,,,,,,,,,
18,,13159,0.03187551721930504,0.016423316672444344,0.1954086273908615,0.0010658835526555777,0.030945878475904465,0.004475600551813841,0.08080507069826126,0.0059845782816410065,0.04627756029367447,0.044558532536029816,0.14638687670230865,0.22786612808704376,0.0033838169183582067,2.14408540725708,0.07962644845247269,,,,,,,,,,,,,,,
,9.258681662360207e-05,13169,,,,,,,,,,,,,,,,,,,,,,,,,,,,,,
18,,13169,0.03629114851355553,0.02234535850584507,0.2743314802646637,0.0011293879942968488,0.0497327521443367,0.005809348542243242,0.13479341566562653,0.0062316833063960075,0.06625466793775558,0.030674662441015244,0.1859692633152008,0.3156312108039856,0.0013748786877840757,2.1391866207122803,0.1347537338733673,,,,,,,,,,,,,,,
,9.237351773121378e-05,13179,,,,,,,,,,,,,,,,,,,,,,,,,,,,,,
18,,13179,0.03873426094651222,0.021774422377347946,0.198669895529747,0.0021428808104246855,0.0394749790430069,0.01271839626133442,0.15251357853412628,0.007325705140829086,0.07481089234352112,0.03587097302079201,0.1500389724969864,0.2883596122264862,0.0007882769568823278,2.1319241523742676,0.08623071759939194,,,,,,,,,,,,,,,
,9.21603554515458e-05,13189,,,,,,,,,,,,,,,,,,,,,,,,,,,,,,
18,,13189,0.07116293907165527,0.022488202899694443,0.2348642349243164,0.004027348943054676,0.06123336777091026,0.012092100456357002,0.16686445474624634,0.010308434255421162,0.12870025634765625,0.044524241238832474,0.15251213312149048,0.40548941493034363,0.009618213400244713,2.1341392993927,0.125158429145813,,,,,,,,,,,,,,,
,9.194733028993306e-05,13199,,,,,,,,,,,,,,,,,,,,,,,,,,,,,,
18,,13199,0.06934498995542526,0.025921763852238655,0.22935138642787933,0.0005788517300970852,0.05632076412439346,0.012746291235089302,0.1785149723291397,0.013025395572185516,0.13206638395786285,0.04908324405550957,0.16941797733306885,0.40113383531570435,0.0026865785475820303,2.158491849899292,0.10867267847061157,,,,,,,,,,,,,,,
18,,13204,,,,,,,,,,,,,,,,0.16508693993091583,0.04772672429680824,0.27436530590057373,0.009153895080089569,0.07371680438518524,0.0021387040615081787,0.18344512581825256,0.024286309257149696,0.17898891866207123,0.07239482551813126,0.18784146010875702,0.5647717118263245,0.010500004515051842,2.1014533042907715,0.1470382660627365
,9.17344427513857e-05,13209,,,,,,,,,,,,,,,,,,,,,,,,,,,,,,
19,,13209,0.046885810792446136,0.024804234504699707,0.23051463067531586,0.004047944210469723,0.039846718311309814,0.011299777776002884,0.13791131973266602,0.006946999579668045,0.06958051025867462,0.03933877497911453,0.1628994643688202,0.2948235869407654,0.001078192493878305,2.160170078277588,0.07360271364450455,,,,,,,,,,,,,,,
,9.15216933405872e-05,13219,,,,,,,,,,,,,,,,,,,,,,,,,,,,,,
19,,13219,0.023970093578100204,0.036093030124902725,0.22202758491039276,0.004105673637241125,0.0425712876021862,0.006907793693244457,0.1275937706232071,0.0041386899538338184,0.050137754529714584,0.03446553274989128,0.14579308032989502,0.25576406717300415,0.0035145296715199947,2.1411495208740234,0.0683775469660759,,,,,,,,,,,,,,,
,9.130908256189393e-05,13229,,,,,,,,,,,,,,,,,,,,,,,,,,,,,,
19,,13229,0.03060290217399597,0.028564708307385445,0.289287269115448,0.001828163512982428,0.03127308189868927,0.006200553383678198,0.16738098859786987,0.004122395999729633,0.06041309982538223,0.05475771427154541,0.16233044862747192,0.29919323325157166,0.001210640650242567,2.136302947998047,0.08220630884170532,,,,,,,,,,,,,,,
,9.109661091933343e-05,13239,,,,,,,,,,,,,,,,,,,,,,,,,,,,,,
19,,13239,0.05138635262846947,0.01786033622920513,0.18945083022117615,0.0018354486674070358,0.03398342803120613,0.00461508659645915,0.11804147809743881,0.008012472651898861,0.08484732359647751,0.04598890244960785,0.14142650365829468,0.2913716733455658,0.001929934835061431,2.130136013031006,0.09858841449022293,,,,,,,,,,,,,,,
,9.088427891660348e-05,13249,,,,,,,,,,,,,,,,,,,,,,,,,,,,,,
19,,13249,0.04971743002533913,0.02099594660103321,0.2513889968395233,0.0027852393686771393,0.0328398272395134,0.004422485828399658,0.1247515082359314,0.007817383855581284,0.0754292905330658,0.03888937830924988,0.14858593046665192,0.3034537732601166,0.005700038745999336,2.1158974170684814,0.08629457652568817,,,,,,,,,,,,,,,
,9.067208705707077e-05,13259,,,,,,,,,,,,,,,,,,,,,,,,,,,,,,
19,,13259,0.05509071424603462,0.020649541169404984,0.21547573804855347,0.0018350984901189804,0.05649396404623985,0.007537906989455223,0.16291001439094543,0.009900420904159546,0.11920152604579926,0.049258217215538025,0.172385111451149,0.36407601833343506,0.0003689644217956811,2.143294334411621,0.10612133890390396,,,,,,,,,,,,,,,
,9.046003584376974e-05,13269,,,,,,,,,,,,,,,,,,,,,,,,,,,,,,
19,,13269,0.07715153694152832,0.018664570525288582,0.2369861900806427,0.0027003593277186155,0.039854496717453,0.013938285410404205,0.16087758541107178,0.009819142520427704,0.12355512380599976,0.044711578637361526,0.17638036608695984,0.3825004994869232,0.003754233242943883,2.1398651599884033,0.08799722790718079,,,,,,,,,,,,,,,
,9.024812577940146e-05,13279,,,,,,,,,,,,,,,,,,,,,,,,,,,,,,
19,,13279,0.04256640747189522,0.03498299792408943,0.2587028443813324,0.0004181425319984555,0.0469377264380455,0.015188990160822868,0.15778234601020813,0.0046957507729530334,0.0787251740694046,0.021861189976334572,0.17779217660427094,0.3274625241756439,0.0017967193853110075,2.125551462173462,0.10442453622817993,,,,,,,,,,,,,,,
,9.003635736633233e-05,13289,,,,,,,,,,,,,,,,,,,,,,,,,,,,,,
19,,13289,0.0763460099697113,0.0439048707485199,0.2586054503917694,0.002782590687274933,0.04096150025725365,0.01963087171316147,0.1514957994222641,0.012236544862389565,0.0823725089430809,0.0515296570956707,0.1707889884710312,0.3617759943008423,0.0022510371636599302,2.1321537494659424,0.09666579216718674,,,,,,,,,,,,,,,
,8.982473110659308e-05,13299,,,,,,,,,,,,,,,,,,,,,,,,,,,,,,
19,,13299,0.07603143155574799,0.017068270593881607,0.24089297652244568,0.0010061617940664291,0.06847129762172699,0.016310561448335648,0.12848515808582306,0.010438858531415462,0.14070281386375427,0.07502181828022003,0.1845749318599701,0.4228585660457611,0.0030847289599478245,2.127898931503296,0.14984142780303955,,,,,,,,,,,,,,,
,8.961324750187723e-05,13309,,,,,,,,,,,,,,,,,,,,,,,,,,,,,,
19,,13309,0.017517467960715294,0.03297830745577812,0.2921796143054962,0.0030537310522049665,0.04262606427073479,0.003755914745852351,0.15689662098884583,0.008170230314135551,0.04375721514225006,0.03449632227420807,0.18208327889442444,0.2946814000606537,0.002752866130322218,2.1687967777252197,0.11331231892108917,,,,,,,,,,,,,,,
,8.940190705354029e-05,13319,,,,,,,,,,,,,,,,,,,,,,,,,,,,,,
19,,13319,0.06777625530958176,0.034502703696489334,0.26542243361473083,0.0026725647039711475,0.035900671035051346,0.00967436283826828,0.14390099048614502,0.008011456578969955,0.08912178874015808,0.04118122532963753,0.17082703113555908,0.34387466311454773,0.0006233285530470312,2.1308536529541016,0.08666465431451797,,,,,,,,,,,,,,,
,8.919071026259827e-05,13329,,,,,,,,,,,,,,,,,,,,,,,,,,,,,,
19,,13329,0.05815257504582405,0.02359108254313469,0.25977736711502075,0.0023630736395716667,0.04387224093079567,0.011142815463244915,0.16657038033008575,0.008101167157292366,0.0828276053071022,0.029251638799905777,0.14473730325698853,0.3352026343345642,0.0035906601697206497,2.1492600440979004,0.10118959099054337,,,,,,,,,,,,,,,
,8.897965762972677e-05,13339,,,,,,,,,,,,,,,,,,,,,,,,,,,,,,
19,,13339,0.05441606044769287,0.02911444939672947,0.3156273365020752,0.000854007201269269,0.06978169083595276,0.009102392941713333,0.2080625295639038,0.011580130085349083,0.11976642161607742,0.05232120677828789,0.19471904635429382,0.43491867184638977,0.0023248898796737194,2.150883436203003,0.15349000692367554,,,,,,,,,,,,,,,
,8.876874965525946e-05,13349,,,,,,,,,,,,,,,,,,,,,,,,,,,,,,
19,,13349,0.03343842178583145,0.028308210894465446,0.28618675470352173,0.002991051645949483,0.05519788712263107,0.012107713147997856,0.1682165116071701,0.006353740114718676,0.05195191130042076,0.0350758358836174,0.16622591018676758,0.31299060583114624,0.0015986015787348151,2.13043475151062,0.11927597969770432,,,,,,,,,,,,,,,
,8.855798683918711e-05,13359,,,,,,,,,,,,,,,,,,,,,,,,,,,,,,
19,,13359,0.061428505927324295,0.05373445525765419,0.34028521180152893,0.005110582336783409,0.05977004021406174,0.011361191049218178,0.2724995017051697,0.014317426830530167,0.14854905009269714,0.057877618819475174,0.18120905756950378,0.49125024676322937,0.00113284878898412,2.1246917247772217,0.11391778290271759,,,,,,,,,,,,,,,
,8.834736968115659e-05,13369,,,,,,,,,,,,,,,,,,,,,,,,,,,,,,
19,,13369,0.05909401923418045,0.05277211219072342,0.19153816998004913,0.0023010047152638435,0.04598186910152435,0.005561561323702335,0.16456761956214905,0.012999992817640305,0.08679381012916565,0.03578414022922516,0.15708035230636597,0.33152201771736145,0.0011744420044124126,2.1442067623138428,0.09311208128929138,,,,,,,,,,,,,,,
,8.813689868046912e-05,13379,,,,,,,,,,,,,,,,,,,,,,,,,,,,,,
19,,13379,0.04085754230618477,0.023326989263296127,0.19498969614505768,0.006381900981068611,0.03680471330881119,0.0090860053896904,0.13397470116615295,0.006559025961905718,0.07695812731981277,0.04731987044215202,0.17500850558280945,0.30074429512023926,0.0001379246386932209,2.1017887592315674,0.11037767678499222,,,,,,,,,,,,,,,
,8.792657433607975e-05,13389,,,,,,,,,,,,,,,,,,,,,,,,,,,,,,
19,,13389,0.0658305436372757,0.033982571214437485,0.29262906312942505,0.001200003200210631,0.05082470551133156,0.006902358494699001,0.17362451553344727,0.009934892877936363,0.10265590250492096,0.06794881075620651,0.18508386611938477,0.3959841728210449,0.0029501738026738167,2.125168561935425,0.1272452473640442,,,,,,,,,,,,,,,
,8.771639714659557e-05,13399,,,,,,,,,,,,,,,,,,,,,,,,,,,,,,
19,,13399,0.03288911655545235,0.02291811816394329,0.2633993923664093,0.002137173665687442,0.062421221286058426,0.01331279706209898,0.18224625289440155,0.009042412042617798,0.10959355533123016,0.03812018781900406,0.1709103286266327,0.3693234920501709,0.0007573759066872299,2.1615993976593018,0.11812657117843628,,,,,,,,,,,,,,,
,8.75063676102751e-05,13409,,,,,,,,,,,,,,,,,,,,,,,,,,,,,,
19,,13409,0.06709778308868408,0.027984850108623505,0.24075031280517578,0.004153973888605833,0.04544161260128021,0.014505463652312756,0.16869309544563293,0.012691233307123184,0.11098597198724747,0.052546385675668716,0.17159344255924225,0.3845583200454712,0.0022900307085365057,2.0748679637908936,0.11494038999080658,,,,,,,,,,,,,,,
,8.729648622502659e-05,13419,,,,,,,,,,,,,,,,,,,,,,,,,,,,,,
19,,13419,0.05024031549692154,0.024306349456310272,0.20609067380428314,0.0006443499587476254,0.05164722725749016,0.012193319387733936,0.13511620461940765,0.009457539767026901,0.10190082341432571,0.052401769906282425,0.15246455371379852,0.32998934388160706,0.00023456917551811785,2.138685941696167,0.09980487823486328,,,,,,,,,,,,,,,
,8.708675348840717e-05,13429,,,,,,,,,,,,,,,,,,,,,,,,,,,,,,
19,,13429,0.06342390924692154,0.03196854889392853,0.23072850704193115,0.001946565113030374,0.041144438087940216,0.012772656977176666,0.17620466649532318,0.012970135547220707,0.1160854771733284,0.036035578697919846,0.18807782232761383,0.3756318986415863,0.00027598353335633874,2.162950038909912,0.08963760733604431,,,,,,,,,,,,,,,
,8.687716989762166e-05,13439,,,,,,,,,,,,,,,,,,,,,,,,,,,,,,
19,,13439,0.030268093571066856,0.021479301154613495,0.23013193905353546,0.0032467918936163187,0.03366236388683319,0.004503821488469839,0.12388692051172256,0.0035713822580873966,0.036757394671440125,0.04134568199515343,0.15972855687141418,0.24504874646663666,0.0013703621225431561,2.1086716651916504,0.09183555096387863,,,,,,,,,,,,,,,
,8.666773594952104e-05,13449,,,,,,,,,,,,,,,,,,,,,,,,,,,,,,
19,,13449,0.05003754049539566,0.03572286292910576,0.23148511350154877,0.0015751136234030128,0.046164289116859436,0.015667466446757317,0.16690197587013245,0.010352181270718575,0.07519543170928955,0.046522706747055054,0.152716264128685,0.32320231199264526,0.0019429231761023402,2.156064033508301,0.0892043337225914,,,,,,,,,,,,,,,
,8.645845214060194e-05,13459,,,,,,,,,,,,,,,,,,,,,,,,,,,,,,
19,,13459,0.07922449707984924,0.020875219255685806,0.2809598445892334,0.0006960642640478909,0.05578915402293205,0.011679832823574543,0.15444333851337433,0.009873565286397934,0.13222433626651764,0.03572564572095871,0.1727483719587326,0.411847859621048,0.0005006436258554459,2.1665399074554443,0.1266546994447708,,,,,,,,,,,,,,,
,8.624931896700467e-05,13469,,,,,,,,,,,,,,,,,,,,,,,,,,,,,,
19,,13469,0.027625005692243576,0.04929966479539871,0.33073893189430237,0.002019052393734455,0.03752448037266731,0.006517600268125534,0.20643466711044312,0.006472139619290829,0.05512356385588646,0.04326002672314644,0.17309139668941498,0.33990925550460815,0.006428518798202276,2.1608691215515137,0.10585349798202515,,,,,,,,,,,,,,,
,8.604033692451266e-05,13479,,,,,,,,,,,,,,,,,,,,,,,,,,,,,,
19,,13479,0.03250763937830925,0.017016300931572914,0.16517694294452667,0.0010349611984565854,0.030505100265145302,0.008207989856600761,0.08497091382741928,0.006577235646545887,0.05239347741007805,0.040375467389822006,0.14839264750480652,0.22919754683971405,0.001432045828551054,2.134737730026245,0.08812852203845978,,,,,,,,,,,,,,,
,8.583150650855107e-05,13489,,,,,,,,,,,,,,,,,,,,,,,,,,,,,,
19,,13489,0.03809675946831703,0.024056047201156616,0.23443494737148285,0.0007434311555698514,0.03249302878975868,0.006705880165100098,0.12250937521457672,0.00685958843678236,0.04809131845831871,0.04785318672657013,0.1496681571006775,0.25919246673583984,0.00026580647681839764,2.1134660243988037,0.08338628709316254,,,,,,,,,,,,,,,
,8.56228282141854e-05,13499,,,,,,,,,,,,,,,,,,,,,,,,,,,,,,
19,,13499,0.03304646164178848,0.06504642218351364,0.24924883246421814,0.003256490919739008,0.04886208847165108,0.008683888241648674,0.18159785866737366,0.005027099512517452,0.058015454560518265,0.03452027961611748,0.1503549963235855,0.31211820244789124,0.0004082165833096951,2.1919362545013428,0.10296177119016647,,,,,,,,,,,,,,,
,8.541430253612073e-05,13509,,,,,,,,,,,,,,,,,,,,,,,,,,,,,,
19,,13509,0.04240807518362999,0.016668008640408516,0.1846906542778015,0.0005679679452441633,0.03432051092386246,0.006719791330397129,0.11103900521993637,0.007457663770765066,0.07084406912326813,0.01650908589363098,0.1276414692401886,0.2589476406574249,0.0005174043471924961,2.1136701107025146,0.0952589362859726,,,,,,,,,,,,,,,
,8.520592996870028e-05,13519,,,,,,,,,,,,,,,,,,,,,,,,,,,,,,
19,,13519,0.0320487841963768,0.019329290837049484,0.23693051934242249,0.0009536599973216653,0.031929947435855865,0.009447537362575531,0.12698334455490112,0.005058617331087589,0.0739806741476059,0.03142312914133072,0.14149825274944305,0.2799219489097595,0.00048357335617765784,2.1408233642578125,0.09048305451869965,,,,,,,,,,,,,,,
,8.499771100590433e-05,13529,,,,,,,,,,,,,,,,,,,,,,,,,,,,,,
19,,13529,0.06905386596918106,0.021593788638710976,0.20850248634815216,0.0027007923927158117,0.04936577007174492,0.006889878772199154,0.1213386282324791,0.00814078375697136,0.08977589756250381,0.07402265071868896,0.14857597649097443,0.3243921399116516,0.0005675764987245202,2.1232903003692627,0.10184098780155182,,,,,,,,,,,,,,,
,8.478964614134878e-05,13539,,,,,,,,,,,,,,,,,,,,,,,,,,,,,,
19,,13539,0.057036805897951126,0.024201318621635437,0.2927047908306122,0.0032227097544819117,0.05446188524365425,0.02158321999013424,0.1748124063014984,0.0075170486234128475,0.07968702167272568,0.05461833253502846,0.2001529484987259,0.376579612493515,0.003448789706453681,2.183450222015381,0.13453397154808044,,,,,,,,,,,,,,,
,8.458173586828468e-05,13549,,,,,,,,,,,,,,,,,,,,,,,,,,,,,,
19,,13549,0.05505974590778351,0.023446975275874138,0.20927362143993378,0.0007905230158939958,0.03771036118268967,0.01683756895363331,0.13152961432933807,0.00882641039788723,0.07585741579532623,0.04306015744805336,0.15090692043304443,0.29884952306747437,0.00342599512077868,2.1708035469055176,0.07629755884408951,,,,,,,,,,,,,,,
,8.437398067959611e-05,13559,,,,,,,,,,,,,,,,,,,,,,,,,,,,,,
19,,13559,0.030760720372200012,0.012699231505393982,0.19806639850139618,0.002705455059185624,0.023329362273216248,0.01179463230073452,0.11765504628419876,0.008341554552316666,0.05772559717297554,0.026790933683514595,0.12035734951496124,0.23645471036434174,0.0013259454863145947,2.180926561355591,0.05747554078698158,,,,,,,,,,,,,,,
,8.41663810677998e-05,13569,,,,,,,,,,,,,,,,,,,,,,,,,,,,,,
19,,13569,0.051879845559597015,0.02102164924144745,0.22721025347709656,0.0028385918121784925,0.03810200095176697,0.007082998752593994,0.11880861222743988,0.007253617513924837,0.07214951515197754,0.041156917810440063,0.16595087945461273,0.29704615473747253,0.0024696982000023127,2.160066604614258,0.09230069071054459,,,,,,,,,,,,,,,
,8.395893752504363e-05,13579,,,,,,,,,,,,,,,,,,,,,,,,,,,,,,
19,,13579,0.047335900366306305,0.03881148248910904,0.23193971812725067,0.0007172170444391668,0.028158284723758698,0.004330385010689497,0.14078396558761597,0.005347975995391607,0.05355759710073471,0.021485593169927597,0.14178593456745148,0.27684399485588074,0.0037712599150836468,2.1326937675476074,0.09564898908138275,,,,,,,,,,,,,,,
,8.375165054310522e-05,13589,,,,,,,,,,,,,,,,,,,,,,,,,,,,,,
19,,13589,0.04527167230844498,0.02846335433423519,0.2370166778564453,0.000884873210452497,0.047010891139507294,0.008499465882778168,0.14472267031669617,0.010727284476161003,0.12475093454122543,0.03955517336726189,0.1656067669391632,0.3604496717453003,0.00046448555076494813,2.1213219165802,0.09086056053638458,,,,,,,,,,,,,,,
,8.35445206133915e-05,13599,,,,,,,,,,,,,,,,,,,,,,,,,,,,,,
19,,13599,0.03743206709623337,0.024705179035663605,0.2892429530620575,0.00032283939071930945,0.029976602643728256,0.012994992546737194,0.15320000052452087,0.004367378540337086,0.04826434329152107,0.034558314830064774,0.1484648734331131,0.2831772565841675,0.006009414326399565,2.165588617324829,0.07224643975496292,,,,,,,,,,,,,,,
,8.33375482269367e-05,13609,,,,,,,,,,,,,,,,,,,,,,,,,,,,,,
19,,13609,0.03578847646713257,0.01861211657524109,0.17244870960712433,0.0006789317703805864,0.026195097714662552,0.011104731820523739,0.09959952533245087,0.003438588697463274,0.0628267303109169,0.04991259425878525,0.1517438441514969,0.24466067552566528,0.002544238232076168,2.1537375450134277,0.07753931730985641,,,,,,,,,,,,,,,
,8.313073387440174e-05,13619,,,,,,,,,,,,,,,,,,,,,,,,,,,,,,
19,,13619,0.10071410238742828,0.021117864176630974,0.2509849965572357,0.0005877676885575056,0.04755541682243347,0.012390084564685822,0.13738864660263062,0.00758927408605814,0.14273709058761597,0.037667084485292435,0.16473345458507538,0.41620898246765137,0.005743540357798338,2.1742632389068604,0.1147461012005806,,,,,,,,,,,,,,,
,8.292407804607292e-05,13629,,,,,,,,,,,,,,,,,,,,,,,,,,,,,,
19,,13629,0.07408201694488525,0.030243679881095886,0.18485142290592194,0.005340239033102989,0.037209317088127136,0.010165881365537643,0.12598197162151337,0.00793742947280407,0.09455767273902893,0.021895980462431908,0.14668352901935577,0.31658244132995605,0.001873942674137652,2.1478734016418457,0.07925805449485779,,,,,,,,,,,,,,,
,8.271758123186051e-05,13639,,,,,,,,,,,,,,,,,,,,,,,,,,,,,,
19,,13639,0.03799610957503319,0.04255794361233711,0.30312854051589966,0.0018982625333592296,0.03804418817162514,0.008497446775436401,0.18181493878364563,0.005817689932882786,0.06110065430402756,0.03730436787009239,0.1797807365655899,0.3208257853984833,0.00028917205054312944,2.154646873474121,0.0799829289317131,,,,,,,,,,,,,,,
,8.25112439212981e-05,13649,,,,,,,,,,,,,,,,,,,,,,,,,,,,,,
19,,13649,0.01665727235376835,0.028690246865153313,0.30395054817199707,0.0004264254530426115,0.03389531746506691,0.00333102373406291,0.1396990418434143,0.0032787639647722244,0.023078765720129013,0.020154526457190514,0.16850294172763824,0.2459591031074524,0.002263145986944437,2.1611814498901367,0.08044745028018951,,,,,,,,,,,,,,,
,8.2305066603541e-05,13659,,,,,,,,,,,,,,,,,,,,,,,,,,,,,,
19,,13659,0.04380848631262779,0.023864073678851128,0.2629346251487732,0.003358921967446804,0.04142686724662781,0.007940096780657768,0.1386253833770752,0.00715002603828907,0.05199908837676048,0.055699195712804794,0.17763707041740417,0.2986682057380676,0.0031601707451045513,2.120516777038574,0.0993478074669838,,,,,,,,,,,,,,,
,8.209904976736529e-05,13669,,,,,,,,,,,,,,,,,,,,,,,,,,,,,,
19,,13669,0.041533276438713074,0.036580171436071396,0.15304815769195557,0.0006186277605593204,0.021825427189469337,0.009179680608212948,0.11759305000305176,0.005559891927987337,0.060002002865076065,0.056270722299814224,0.12135695666074753,0.2350156605243683,0.00030437950044870377,2.0960280895233154,0.05020378530025482,,,,,,,,,,,,,,,
,8.189319390116644e-05,13679,,,,,,,,,,,,,,,,,,,,,,,,,,,,,,
19,,13679,0.024365777149796486,0.018373148515820503,0.18372823297977448,0.0018701375229284167,0.02151944488286972,0.00873448047786951,0.11751525849103928,0.0037754359655082226,0.03353272005915642,0.0402337871491909,0.13000841438770294,0.20343336462974548,0.003137505380436778,2.1504156589508057,0.05101427808403969,,,,,,,,,,,,,,,
,8.168749949295866e-05,13689,,,,,,,,,,,,,,,,,,,,,,,,,,,,,,
19,,13689,0.04005055129528046,0.02207636833190918,0.2686346173286438,0.0012428403133526444,0.04052454233169556,0.009354603476822376,0.16967692971229553,0.007590287830680609,0.06899137049913406,0.050116319209337234,0.17030945420265198,0.31631410121917725,0.0005432627513073385,2.1310884952545166,0.0989769920706749,,,,,,,,,,,,,,,
,8.148196703037302e-05,13699,,,,,,,,,,,,,,,,,,,,,,,,,,,,,,
19,,13699,0.05555547773838043,0.02396593801677227,0.20849570631980896,0.0009446158655919135,0.03734433278441429,0.003942224662750959,0.1406358927488327,0.01178043708205223,0.13568873703479767,0.03701573982834816,0.16643045842647552,0.36605241894721985,0.0004127664433326572,2.1462833881378174,0.10669467598199844,,,,,,,,,,,,,,,
,8.127659700065686e-05,13709,,,,,,,,,,,,,,,,,,,,,,,,,,,,,,
19,,13709,0.059121035039424896,0.014817285351455212,0.2456495463848114,0.0038056601770222187,0.04517681896686554,0.012452341616153717,0.12747827172279358,0.00985686480998993,0.11066894978284836,0.05097980424761772,0.17099116742610931,0.3632911443710327,0.00355210667476058,2.1248152256011963,0.11663365364074707,,,,,,,,,,,,,,,
,8.10713898906725e-05,13719,,,,,,,,,,,,,,,,,,,,,,,,,,,,,,
19,,13719,0.06499812752008438,0.016883596777915955,0.21247829496860504,0.0015906989574432373,0.03628155216574669,0.019504783675074577,0.12401310354471207,0.01278647594153881,0.11302340775728226,0.04550208896398544,0.16409887373447418,0.34698429703712463,0.0005934852524660528,2.1564393043518066,0.08841020613908768,,,,,,,,,,,,,,,
,8.086634618689582e-05,13729,,,,,,,,,,,,,,,,,,,,,,,,,,,,,,
19,,13729,0.026732271537184715,0.046354990452528,0.3014706075191498,0.0018442149739712477,0.03529306501150131,0.007628562394529581,0.1904880851507187,0.0017013391479849815,0.033702049404382706,0.04469091445207596,0.15775570273399353,0.2856423854827881,0.00377292069606483,2.141150951385498,0.07919403910636902,,,,,,,,,,,,,,,
,8.066146637541563e-05,13739,,,,,,,,,,,,,,,,,,,,,,,,,,,,,,
19,,13739,0.04586231708526611,0.05667141079902649,0.30611586570739746,0.0058763097040355206,0.04141487553715706,0.009926402941346169,0.20646655559539795,0.0076914639212191105,0.07661557197570801,0.03189516440033913,0.16327857971191406,0.35808542370796204,0.001183526124805212,2.1421995162963867,0.08303499966859818,,,,,,,,,,,,,,,
,8.045675094193189e-05,13749,,,,,,,,,,,,,,,,,,,,,,,,,,,,,,
19,,13749,0.04706249386072159,0.04512637108564377,0.23443551361560822,0.0033661555498838425,0.048529863357543945,0.010170402936637402,0.20256748795509338,0.0057280659675598145,0.07602431625127792,0.05094166845083237,0.163524329662323,0.34165215492248535,0.0014060466783121228,2.1519415378570557,0.11669827997684479,,,,,,,,,,,,,,,
,8.025220037175507e-05,13759,,,,,,,,,,,,,,,,,,,,,,,,,,,,,,
19,,13759,0.061572764068841934,0.013604097999632359,0.18179354071617126,0.0024553737603127956,0.03002014383673668,0.00499434070661664,0.12050836533308029,0.006926996633410454,0.06157790496945381,0.030514059588313103,0.14262332022190094,0.26017671823501587,0.00040408415952697396,2.1765341758728027,0.08271732926368713,,,,,,,,,,,,,,,
,8.004781514980474e-05,13769,,,,,,,,,,,,,,,,,,,,,,,,,,,,,,
19,,13769,0.03280210122466087,0.06068390607833862,0.20478445291519165,0.0006957175792194903,0.041634973138570786,0.010448007844388485,0.19289222359657288,0.006020728498697281,0.07525558024644852,0.03449210152029991,0.14292065799236298,0.30246129631996155,0.00018719233048614115,2.132568359375,0.06859464198350906,,,,,,,,,,,,,,,
,7.984359576060859e-05,13779,,,,,,,,,,,,,,,,,,,,,,,,,,,,,,
19,,13779,0.03839610889554024,0.026751892641186714,0.27488598227500916,0.004350286442786455,0.045956093817949295,0.006145118735730648,0.14085020124912262,0.0047550867311656475,0.046904515475034714,0.03518909588456154,0.16691124439239502,0.29296234250068665,0.0009353826171718538,2.158529281616211,0.1173923909664154,,,,,,,,,,,,,,,
,7.963954268830096e-05,13789,,,,,,,,,,,,,,,,,,,,,,,,,,,,,,
19,,13789,0.03945820406079292,0.03186042606830597,0.31097543239593506,0.0012986911460757256,0.05037091672420502,0.002874657278880477,0.15139956772327423,0.0025213153567165136,0.04009593278169632,0.05382968857884407,0.18282751739025116,0.3165677487850189,0.002170748310163617,2.1121461391448975,0.1606508046388626,,,,,,,,,,,,,,,
,7.943565641662207e-05,13799,,,,,,,,,,,,,,,,,,,,,,,,,,,,,,
19,,13799,0.05044068768620491,0.03472718223929405,0.30802419781684875,0.001386652234941721,0.05953013151884079,0.006833941675722599,0.22397784888744354,0.009059345349669456,0.13169580698013306,0.05243150517344475,0.18477244675159454,0.4243961572647095,0.0002095982781611383,2.156731605529785,0.10471033304929733,,,,,,,,,,,,,,,
,7.923193742891676e-05,13809,,,,,,,,,,,,,,,,,,,,,,,,,,,,,,
19,,13809,0.027774585410952568,0.026734624058008194,0.18960130214691162,0.0006244619726203382,0.02614610455930233,0.007947256788611412,0.10374017804861069,0.0044312626123428345,0.033430565148591995,0.0488477498292923,0.13265053927898407,0.2114415466785431,0.0003193173906765878,2.155987024307251,0.06957311928272247,,,,,,,,,,,,,,,
,7.902838620813305e-05,13819,,,,,,,,,,,,,,,,,,,,,,,,,,,,,,
19,,13819,0.06961331516504288,0.018083013594150543,0.21760380268096924,0.0012648779666051269,0.04949609190225601,0.012656950391829014,0.13298337161540985,0.012180095538496971,0.12360449135303497,0.05598152056336403,0.17028236389160156,0.36993053555488586,0.0014032074250280857,2.124783754348755,0.09918276220560074,,,,,,,,,,,,,,,
,7.882500323682161e-05,13829,,,,,,,,,,,,,,,,,,,,,,,,,,,,,,
19,,13829,0.04974193498492241,0.026239287108182907,0.26848939061164856,0.0010307597694918513,0.05581267550587654,0.009391563944518566,0.16900281608104706,0.008772828616201878,0.12296723574399948,0.03650612011551857,0.16068504750728607,0.38870272040367126,0.0008773074951022863,2.1315250396728516,0.1354282945394516,,,,,,,,,,,,,,,
,7.862178899713392e-05,13839,,,,,,,,,,,,,,,,,,,,,,,,,,,,,,
19,,13839,0.05719912052154541,0.03117864392697811,0.21441954374313354,0.001982147106900811,0.03416729345917702,0.008195524103939533,0.16072925925254822,0.008803651668131351,0.08421698212623596,0.03679852560162544,0.12865416705608368,0.3096713423728943,0.00032319597085006535,2.1675212383270264,0.08291985839605331,,,,,,,,,,,,,,,
,7.841874397082159e-05,13849,,,,,,,,,,,,,,,,,,,,,,,,,,,,,,
19,,13849,0.05178150534629822,0.029798977077007294,0.2615974247455597,0.004306288436055183,0.05513402074575424,0.015553563833236694,0.17058105766773224,0.007304482161998749,0.05658230185508728,0.08361995220184326,0.1705959290266037,0.3299848437309265,0.001125725801102817,2.1377220153808594,0.1116957888007164,,,,,,,,,,,,,,,
,7.821586863923515e-05,13859,,,,,,,,,,,,,,,,,,,,,,,,,,,,,,
19,,13859,0.05585814267396927,0.03287678584456444,0.22926847636699677,0.0032142556738108397,0.04909791052341461,0.009371789172291756,0.1572151929140091,0.007682757452130318,0.08709978312253952,0.052017685025930405,0.17370828986167908,0.3447965681552887,0.00652801338583231,2.115957260131836,0.10534308850765228,,,,,,,,,,,,,,,
,7.801316348332266e-05,13869,,,,,,,,,,,,,,,,,,,,,,,,,,,,,,
19,,13869,0.035519249737262726,0.04391247779130936,0.26049521565437317,0.005209775175899267,0.04384090006351471,0.014233141206204891,0.17958757281303406,0.006433659233152866,0.05883529782295227,0.03725700080394745,0.15795715153217316,0.3174307346343994,0.00493232486769557,2.0845818519592285,0.09464278817176819,,,,,,,,,,,,,,,
,7.78106289836289e-05,13879,,,,,,,,,,,,,,,,,,,,,,,,,,,,,,
19,,13879,0.05780251324176788,0.021626660600304604,0.264971524477005,0.0007249907357618213,0.056282155215740204,0.011446160264313221,0.15450263023376465,0.011696107685565948,0.07123801112174988,0.03365054726600647,0.1534741073846817,0.3318208158016205,0.0026393213775008917,2.139949321746826,0.11439114809036255,,,,,,,,,,,,,,,
,7.760826562029405e-05,13889,,,,,,,,,,,,,,,,,,,,,,,,,,,,,,
19,,13889,0.056146468967199326,0.015350236557424068,0.20228618383407593,0.0012915594270452857,0.04178570210933685,0.0032548210583627224,0.16947565972805023,0.005414862651377916,0.09928098320960999,0.06035937741398811,0.18598364293575287,0.3367535471916199,0.004859152249991894,2.0950324535369873,0.10104802995920181,,,,,,,,,,,,,,,
,7.740607387305257e-05,13899,,,,,,,,,,,,,,,,,,,,,,,,,,,,,,
19,,13899,0.04191404953598976,0.040802378207445145,0.3674985468387604,0.005186461843550205,0.055145081132650375,0.008094938471913338,0.17450805008411407,0.006829578895121813,0.06385984271764755,0.0591869093477726,0.17306803166866302,0.3768664002418518,0.0003682351962197572,2.130734443664551,0.16047446429729462,,,,,,,,,,,,,,,
19,,13899,,,,,,,,,,,,,,,,0.16634996235370636,0.04000198096036911,0.26788613200187683,0.011556495912373066,0.07133655250072479,0.0026603909209370613,0.15104810893535614,0.023494809865951538,0.18408943712711334,0.07415152341127396,0.19049294292926788,0.5568975210189819,0.008897747844457626,2.0995755195617676,0.1438990980386734
,7.720405422123208e-05,13909,,,,,,,,,,,,,,,,,,,,,,,,,,,,,,
20,,13909,0.02735394798219204,0.023553630337119102,0.24867887794971466,0.0012128992239013314,0.04195263609290123,0.007912305183708668,0.1296277493238449,0.004444204270839691,0.05472125485539436,0.02483608014881611,0.15747666358947754,0.26492610573768616,0.00037475870340131223,2.1693615913391113,0.08132967352867126,,,,,,,,,,,,,,,
,7.700220714375227e-05,13919,,,,,,,,,,,,,,,,,,,,,,,,,,,,,,
20,,13919,0.04720979928970337,0.028401872143149376,0.22744810581207275,0.0026866886764764786,0.047917336225509644,0.003954497631639242,0.16212698817253113,0.010055795311927795,0.10253133624792099,0.04920864850282669,0.15072859823703766,0.3408656120300293,0.0015268430579453707,2.089285135269165,0.0961652621626854,,,,,,,,,,,,,,,
,7.680053311912358e-05,13929,,,,,,,,,,,,,,,,,,,,,,,,,,,,,,
20,,13929,0.02511398121714592,0.034457962960004807,0.3049390912055969,0.0035296299029141665,0.0300013218075037,0.004978212062269449,0.19807177782058716,0.0031703398562967777,0.07162298262119293,0.03402333706617355,0.16877403855323792,0.31914401054382324,0.001713847042992711,2.151275396347046,0.0763988345861435,,,,,,,,,,,,,,,
,7.659903262544629e-05,13939,,,,,,,,,,,,,,,,,,,,,,,,,,,,,,
20,,13939,0.035448621958494186,0.024841221049427986,0.28667914867401123,0.0060597737319767475,0.048375409096479416,0.008163358084857464,0.17043492197990417,0.0047031184658408165,0.06921425461769104,0.0477607287466526,0.15549425780773163,0.32902073860168457,0.0013180384412407875,2.1029624938964844,0.12337928265333176,,,,,,,,,,,,,,,
,7.63977061404094e-05,13949,,,,,,,,,,,,,,,,,,,,,,,,,,,,,,
20,,13949,0.055879976600408554,0.03060576505959034,0.20992355048656464,0.00038336505531333387,0.03659737855195999,0.020254969596862793,0.15447576344013214,0.006198490038514137,0.08581166714429855,0.031006434932351112,0.1403866559267044,0.31094613671302795,0.0004385343345347792,2.10648250579834,0.08110212534666061,,,,,,,,,,,,,,,
,7.61965541412891e-05,13959,,,,,,,,,,,,,,,,,,,,,,,,,,,,,,
20,,13959,0.04588180035352707,0.020562954246997833,0.1959545761346817,0.000438163144281134,0.04762998968362808,0.004728727508336306,0.13934417068958282,0.0027194765862077475,0.182756707072258,0.035752080380916595,0.15804441273212433,0.39163318276405334,0.003166588954627514,2.17093825340271,0.0884007140994072,,,,,,,,,,,,,,,
,7.599557710494836e-05,13969,,,,,,,,,,,,,,,,,,,,,,,,,,,,,,
20,,13969,0.07960430532693863,0.02863522805273533,0.2248065024614334,0.00393010163679719,0.04988478124141693,0.01915259286761284,0.15291465818881989,0.008153626695275307,0.10687937587499619,0.04346175119280815,0.15211661159992218,0.36864110827445984,0.0005743169458582997,2.1555871963500977,0.11062251031398773,,,,,,,,,,,,,,,
,7.579477550783495e-05,13979,,,,,,,,,,,,,,,,,,,,,,,,,,,,,,
20,,13979,0.04840075597167015,0.025127878412604332,0.24406176805496216,0.0008905274444259703,0.03820759430527687,0.009308118373155594,0.12672506272792816,0.007571149151772261,0.06322401762008667,0.04107163846492767,0.17149439454078674,0.2940211594104767,0.0016097358893603086,2.137420892715454,0.0896959900856018,,,,,,,,,,,,,,,
,7.559414982598098e-05,13989,,,,,,,,,,,,,,,,,,,,,,,,,,,,,,
20,,13989,0.01663494110107422,0.018171748146414757,0.19064436852931976,0.0012551633408293128,0.027076581493020058,0.009711889550089836,0.10387174040079117,0.004886106587946415,0.04200974106788635,0.05865039676427841,0.14485801756381989,0.22324107587337494,0.0020210181828588247,2.1239113807678223,0.08309124410152435,,,,,,,,,,,,,,,
,7.539370053500148e-05,13999,,,,,,,,,,,,,,,,,,,,,,,,,,,,,,
20,,13999,0.05468660593032837,0.02992847189307213,0.25228360295295715,0.001202465035021305,0.03736843913793564,0.013022840023040771,0.18406015634536743,0.009654613211750984,0.10497744381427765,0.05517330393195152,0.13376611471176147,0.35711660981178284,0.0017484377603977919,2.1044209003448486,0.09212036430835724,,,,,,,,,,,,,,,
,7.519342811009334e-05,14009,,,,,,,,,,,,,,,,,,,,,,,,,,,,,,
20,,14009,0.02535487711429596,0.07009474188089371,0.2500072419643402,0.005561701953411102,0.013326521962881088,0.013350593857467175,0.21552886068820953,0.003157590050250292,0.040910009294748306,0.02358832210302353,0.146291583776474,0.27843278646469116,0.0006887373165227473,2.1698477268218994,0.05237168073654175,,,,,,,,,,,,,,,
,7.499333302603401e-05,14019,,,,,,,,,,,,,,,,,,,,,,,,,,,,,,
20,,14019,0.04484765604138374,0.023076167330145836,0.2521568834781647,0.001821055542677641,0.03951272740960121,0.008042342960834503,0.16853757202625275,0.009158985689282417,0.08058765530586243,0.054553110152482986,0.18342173099517822,0.332131564617157,0.0008609787910245359,2.14394211769104,0.1050015464425087,,,,,,,,,,,,,,,
,7.479341575718069e-05,14029,,,,,,,,,,,,,,,,,,,,,,,,,,,,,,
20,,14029,0.04619581252336502,0.04744658246636391,0.21117813885211945,0.0005452901823446155,0.037121620029211044,0.007085125893354416,0.16285587847232819,0.007788802497088909,0.06421910226345062,0.05238199234008789,0.1713835597038269,0.30188289284706116,0.0009584371000528336,2.1623847484588623,0.09090109169483185,,,,,,,,,,,,,,,
,7.459367677746901e-05,14039,,,,,,,,,,,,,,,,,,,,,,,,,,,,,,
20,,14039,0.04966473951935768,0.019628968089818954,0.2113727331161499,0.0012406876776367426,0.0438430979847908,0.006123231258243322,0.1236167922616005,0.008633481338620186,0.08622987568378448,0.047938842326402664,0.16349783539772034,0.3060501515865326,0.0009275489137507975,2.1337268352508545,0.09368596971035004,,,,,,,,,,,,,,,
,7.43941165604119e-05,14049,,,,,,,,,,,,,,,,,,,,,,,,,,,,,,
20,,14049,0.035692814737558365,0.013216661289334297,0.23511406779289246,0.0013723034644499421,0.049033936113119125,0.0049539790488779545,0.0962459072470665,0.007003390695899725,0.06088852137327194,0.032389525324106216,0.15965943038463593,0.2749282121658325,0.0017672431422397494,2.1076793670654297,0.11547403782606125,,,,,,,,,,,,,,,
,7.419473557909857e-05,14059,,,,,,,,,,,,,,,,,,,,,,,,,,,,,,
20,,14059,0.02497081644833088,0.03551467880606651,0.3652077615261078,0.00016159591905307025,0.040894560515880585,0.010202714242041111,0.1931741088628769,0.004720481112599373,0.04709045588970184,0.042625363916158676,0.216909721493721,0.33556896448135376,0.0023882666137069464,2.1405303478240967,0.1052008867263794,,,,,,,,,,,,,,,
,7.399553430619317e-05,14069,,,,,,,,,,,,,,,,,,,,,,,,,,,,,,
20,,14069,0.03490918129682541,0.05319453775882721,0.2569858729839325,0.002595305908471346,0.04755368456244469,0.006601352710276842,0.17040137946605682,0.005627162754535675,0.0640254095196724,0.04419391602277756,0.16374792158603668,0.3164937198162079,0.0024358960799872875,2.115203380584717,0.09604549407958984,,,,,,,,,,,,,,,
,7.379651321393398e-05,14079,,,,,,,,,,,,,,,,,,,,,,,,,,,,,,
20,,14079,0.041393548250198364,0.01674525812268257,0.18949434161186218,0.0003164076479151845,0.026253262534737587,0.01256931759417057,0.10165020078420639,0.004869026131927967,0.0633622333407402,0.03924078494310379,0.15109503269195557,0.2575783431529999,0.0030928561463952065,2.132524251937866,0.09109658002853394,,,,,,,,,,,,,,,
,7.359767277413215e-05,14089,,,,,,,,,,,,,,,,,,,,,,,,,,,,,,
20,,14089,0.03472405672073364,0.01890427991747856,0.1836925894021988,0.0015161546180024743,0.031399067491292953,0.009638916701078415,0.10789617896080017,0.005680587608367205,0.06198107823729515,0.05064939334988594,0.14753186702728271,0.24946549534797668,0.0018134919228032231,2.1455042362213135,0.07231871783733368,,,,,,,,,,,,,,,
,7.339901345817031e-05,14099,,,,,,,,,,,,,,,,,,,,,,,,,,,,,,
20,,14099,0.028592435643076897,0.06662054359912872,0.24673764407634735,0.001757217338308692,0.029436536133289337,0.004400057718157768,0.18743978440761566,0.003221327904611826,0.039796922355890274,0.03059442900121212,0.15506334602832794,0.2764086127281189,0.0005278575117699802,2.1425459384918213,0.08039533346891403,,,,,,,,,,,,,,,
,7.320053573700211e-05,14109,,,,,,,,,,,,,,,,,,,,,,,,,,,,,,
20,,14109,0.09756986796855927,0.014042390510439873,0.20405106246471405,0.0008336895843967795,0.045366592705249786,0.012360157445073128,0.150274395942688,0.007180401589721441,0.16875022649765015,0.026526430621743202,0.14313453435897827,0.4060797691345215,0.0032530648168176413,2.112535238265991,0.07582983374595642,,,,,,,,,,,,,,,
,7.300224008115034e-05,14119,,,,,,,,,,,,,,,,,,,,,,,,,,,,,,
20,,14119,0.03697282075881958,0.09142683446407318,0.21444521844387054,0.0036634239368140697,0.029444308951497078,0.012958977371454239,0.17994923889636993,0.002506101503968239,0.04123833402991295,0.024502823129296303,0.1374855637550354,0.2800461947917938,0.005075329914689064,2.177333116531372,0.060572899878025055,,,,,,,,,,,,,,,
,7.280412696070636e-05,14129,,,,,,,,,,,,,,,,,,,,,,,,,,,,,,
20,,14129,0.0492577999830246,0.023710433393716812,0.21361014246940613,0.0035489725414663553,0.03687695041298866,0.011159098707139492,0.13377666473388672,0.009998220950365067,0.06642859429121017,0.053333014249801636,0.17072895169258118,0.2965550422668457,0.0008577132830396295,2.1480793952941895,0.09045565873384476,,,,,,,,,,,,,,,
,7.260619684532874e-05,14139,,,,,,,,,,,,,,,,,,,,,,,,,,,,,,
20,,14139,0.02532944455742836,0.029516946524381638,0.2882275879383087,0.007140191271901131,0.03149240463972092,0.00938192568719387,0.12486942112445831,0.006355072371661663,0.05144742503762245,0.011655592359602451,0.1740005910396576,0.2820782959461212,0.0021580213215202093,2.1466875076293945,0.07902654260396957,,,,,,,,,,,,,,,
,7.24084502042423e-05,14149,,,,,,,,,,,,,,,,,,,,,,,,,,,,,,
20,,14149,0.019637439399957657,0.028214309364557266,0.2914857566356659,0.0008283197530545294,0.0362013578414917,0.004720773547887802,0.1551312655210495,0.004428592510521412,0.05977128446102142,0.04762754961848259,0.18707571923732758,0.3018730580806732,0.0031131680589169264,2.148784875869751,0.10142897069454193,,,,,,,,,,,,,,,
,7.221088750623672e-05,14159,,,,,,,,,,,,,,,,,,,,,,,,,,,,,,
20,,14159,0.04482705891132355,0.019010350108146667,0.24567440152168274,0.0005499830585904419,0.04035753384232521,0.006490359082818031,0.1308291256427765,0.0045690275728702545,0.12431032210588455,0.02909896709024906,0.15838952362537384,0.3462989926338196,0.002381428610533476,2.164680004119873,0.09561220556497574,,,,,,,,,,,,,,,
,7.201350921966577e-05,14169,,,,,,,,,,,,,,,,,,,,,,,,,,,,,,
20,,14169,0.06592004746198654,0.023649035021662712,0.23967428505420685,0.001047847094014287,0.06276433169841766,0.014110879972577095,0.1638958901166916,0.007525601424276829,0.20148825645446777,0.042362697422504425,0.17900243401527405,0.4618770480155945,0.0011690494138747454,2.1368227005004883,0.10149664431810379,,,,,,,,,,,,,,,
,7.181631581244602e-05,14179,,,,,,,,,,,,,,,,,,,,,,,,,,,,,,
20,,14179,0.027697276324033737,0.027260329574346542,0.2852726876735687,0.002419061725959182,0.047392476350069046,0.008523719385266304,0.1294470727443695,0.004081884864717722,0.04664331302046776,0.06861810386180878,0.16569240391254425,0.2968197166919708,0.0054299053736031055,2.128559112548828,0.12002675235271454,,,,,,,,,,,,,,,
,7.161930775205571e-05,14189,,,,,,,,,,,,,,,,,,,,,,,,,,,,,,
20,,14189,0.037562958896160126,0.029969356954097748,0.3202623426914215,0.00234497943893075,0.047292228788137436,0.01052591297775507,0.20689138770103455,0.008407248184084892,0.13246722519397736,0.03457878530025482,0.17879191040992737,0.4182403087615967,0.006826282944530249,2.1728997230529785,0.10530860722064972,,,,,,,,,,,,,,,
,7.142248550553377e-05,14199,,,,,,,,,,,,,,,,,,,,,,,,,,,,,,
20,,14199,0.03613048046827316,0.018370479345321655,0.20250250399112701,0.0012356397928670049,0.031137870624661446,0.014382850378751755,0.11606189608573914,0.008775537833571434,0.07903099805116653,0.054176632314920425,0.1503436118364334,0.27730193734169006,0.0008330763084813952,2.1241683959960938,0.06358637660741806,,,,,,,,,,,,,,,
,7.122584953947846e-05,14209,,,,,,,,,,,,,,,,,,,,,,,,,,,,,,
20,,14209,0.024389171972870827,0.0217409897595644,0.20560044050216675,0.0008283226052299142,0.020733948796987534,0.010115457698702812,0.11529641598463058,0.003005616832524538,0.024352356791496277,0.05256516858935356,0.13128550350666046,0.20483140647411346,0.00043158320477232337,2.141237735748291,0.0681174248456955,,,,,,,,,,,,,,,
,7.102940032004659e-05,14219,,,,,,,,,,,,,,,,,,,,,,,,,,,,,,
20,,14219,0.05346463993191719,0.02387305162847042,0.288598895072937,0.0030656117014586926,0.029514238238334656,0.010409165173768997,0.14354053139686584,0.004650479182600975,0.07395222783088684,0.022655194625258446,0.19551344215869904,0.32806262373924255,0.002288586227223277,2.1755623817443848,0.10091754794120789,,,,,,,,,,,,,,,
,7.083313831295227e-05,14229,,,,,,,,,,,,,,,,,,,,,,,,,,,,,,
20,,14229,0.03865013271570206,0.04081423580646515,0.284103125333786,0.004372024908661842,0.047001659870147705,0.00574226351454854,0.20376922190189362,0.010215314105153084,0.11126107722520828,0.03654496744275093,0.15085983276367188,0.3772374987602234,0.0004921311629004776,2.176464319229126,0.09599222242832184,,,,,,,,,,,,,,,
,7.063706398346555e-05,14239,,,,,,,,,,,,,,,,,,,,,,,,,,,,,,
20,,14239,0.03354137763381004,0.030934996902942657,0.25399136543273926,0.0028429138474166393,0.04067911207675934,0.008703296072781086,0.16350708901882172,0.009187767282128334,0.07883332669734955,0.028862658888101578,0.155938521027565,0.3168645203113556,0.0005053378990851343,2.1346020698547363,0.09745915234088898,,,,,,,,,,,,,,,
,7.044117779641198e-05,14249,,,,,,,,,,,,,,,,,,,,,,,,,,,,,,
20,,14249,0.04600149020552635,0.021398603916168213,0.23717659711837769,0.0008768871775828302,0.03844091668725014,0.006737235002219677,0.137735053896904,0.004461224190890789,0.050465866923332214,0.054226797074079514,0.15613622963428497,0.2708868682384491,0.0038797338493168354,2.1140434741973877,0.0723869651556015,,,,,,,,,,,,,,,
,7.024548021617066e-05,14259,,,,,,,,,,,,,,,,,,,,,,,,,,,,,,
20,,14259,0.03914009779691696,0.03564543277025223,0.2899652421474457,0.00032094959169626236,0.03598153218626976,0.008218696340918541,0.16283681988716125,0.006391310133039951,0.060552965849637985,0.036704614758491516,0.1758604198694229,0.3062710464000702,0.0009654057794250548,2.1575162410736084,0.07576969265937805,,,,,,,,,,,,,,,
,7.004997170667384e-05,14269,,,,,,,,,,,,,,,,,,,,,,,,,,,,,,
20,,14269,0.03297050669789314,0.04140891134738922,0.26795247197151184,0.001395716448314488,0.0394902266561985,0.009152818471193314,0.17032916843891144,0.004477847833186388,0.0539809949696064,0.029426952823996544,0.16709399223327637,0.30003270506858826,0.0024695396423339844,2.165294647216797,0.0980331152677536,,,,,,,,,,,,,,,
,6.985465273140545e-05,14279,,,,,,,,,,,,,,,,,,,,,,,,,,,,,,
20,,14279,0.04649365693330765,0.017305688932538033,0.20266245305538177,0.0002605777117423713,0.04032893106341362,0.006233756430447102,0.11745257675647736,0.009751128032803535,0.10573681443929672,0.03290771320462227,0.16964773833751678,0.3156483769416809,0.0002978472621180117,2.1460072994232178,0.09068729728460312,,,,,,,,,,,,,,,
,6.965952375340017e-05,14289,,,,,,,,,,,,,,,,,,,,,,,,,,,,,,
20,,14289,0.05037464201450348,0.014600536786019802,0.1784711480140686,0.0005321050994098186,0.0453808568418026,0.018066123127937317,0.10165359079837799,0.0045842984691262245,0.0580039843916893,0.06718719005584717,0.1405426412820816,0.2643052637577057,0.00037124703521840274,2.125518321990967,0.10755497217178345,,,,,,,,,,,,,,,
,6.946458523524202e-05,14299,,,,,,,,,,,,,,,,,,,,,,,,,,,,,,
20,,14299,0.06836536526679993,0.035995762795209885,0.3259184658527374,0.0022096780594438314,0.06788064539432526,0.008698096498847008,0.23529450595378876,0.010235270485281944,0.16095119714736938,0.06836213916540146,0.18869799375534058,0.48772498965263367,0.0015274701872840524,2.1246085166931152,0.1276937574148178,,,,,,,,,,,,,,,
,6.926983763906395e-05,14309,,,,,,,,,,,,,,,,,,,,,,,,,,,,,,
20,,14309,0.01978663168847561,0.03372862935066223,0.2379109263420105,0.0037347536999732256,0.04156201705336571,0.010269938968122005,0.13353005051612854,0.0058550480753183365,0.03628869354724884,0.04227577894926071,0.1519935131072998,0.2551041841506958,0.001500167534686625,2.160691499710083,0.0910647064447403,,,,,,,,,,,,,,,
,6.907528142654584e-05,14319,,,,,,,,,,,,,,,,,,,,,,,,,,,,,,
20,,14319,0.06434725224971771,0.03655765578150749,0.25083285570144653,0.004605695605278015,0.05982212722301483,0.005642954725772142,0.2004757523536682,0.005093134939670563,0.16411374509334564,0.040981825441122055,0.18687300384044647,0.45113080739974976,0.003430521348491311,2.128816843032837,0.13474451005458832,,,,,,,,,,,,,,,
,6.888091705891414e-05,14329,,,,,,,,,,,,,,,,,,,,,,,,,,,,,,
20,,14329,0.06033290550112724,0.04107208177447319,0.323371022939682,0.004763016011565924,0.04748421534895897,0.0030151561368256807,0.18810102343559265,0.005792730022221804,0.08033490180969238,0.06380780786275864,0.18022845685482025,0.3908386528491974,0.009998061694204807,2.1180577278137207,0.13440878689289093,,,,,,,,,,,,,,,
,6.868674499694048e-05,14339,,,,,,,,,,,,,,,,,,,,,,,,,,,,,,
20,,14339,0.09908659756183624,0.052863433957099915,0.24444282054901123,0.0017873162869364023,0.07675683498382568,0.01739228144288063,0.20791850984096527,0.009361782111227512,0.23873978853225708,0.06745140999555588,0.16704785823822021,0.5591542720794678,0.002342012943699956,2.1704814434051514,0.1316988319158554,,,,,,,,,,,,,,,
,6.849276570094043e-05,14349,,,,,,,,,,,,,,,,,,,,,,,,,,,,,,
20,,14349,0.03194703906774521,0.025460558012127876,0.25556468963623047,0.0026510492898523808,0.04372036084532738,0.009825661778450012,0.15041935443878174,0.003394376952201128,0.03716804087162018,0.04443598911166191,0.16858813166618347,0.27146297693252563,0.0012147142551839352,2.172854423522949,0.10125619918107986,,,,,,,,,,,,,,,
,6.829897963077272e-05,14359,,,,,,,,,,,,,,,,,,,,,,,,,,,,,,
20,,14359,0.03280188888311386,0.02667791023850441,0.24341663718223572,0.003970411140471697,0.04567493870854378,0.007432681508362293,0.11131525784730911,0.004735096357762814,0.05891970172524452,0.023428307846188545,0.16690734028816223,0.29041168093681335,0.0061414544470608234,2.1089911460876465,0.12229441106319427,,,,,,,,,,,,,,,
,6.810538724583802e-05,14369,,,,,,,,,,,,,,,,,,,,,,,,,,,,,,
20,,14369,0.06048870459198952,0.026483027264475822,0.2310744822025299,0.0006833755178377032,0.02774903178215027,0.011724260635674,0.14463789761066437,0.004596478771418333,0.06681350618600845,0.038608673959970474,0.14052417874336243,0.28386449813842773,0.0007734795799478889,2.1265957355499268,0.05994250625371933,,,,,,,,,,,,,,,
,6.791198900507778e-05,14379,,,,,,,,,,,,,,,,,,,,,,,,,,,,,,
20,,14379,0.013287431560456753,0.03376184403896332,0.3413098454475403,0.001906177494674921,0.06580976396799088,0.008235415443778038,0.17688843607902527,0.007992677390575409,0.0792112648487091,0.044126756489276886,0.1880888044834137,0.3647328019142151,0.0036491903010755777,2.1362040042877197,0.13467682898044586,,,,,,,,,,,,,,,
,6.771878536697327e-05,14389,,,,,,,,,,,,,,,,,,,,,,,,,,,,,,
20,,14389,0.032012566924095154,0.02648889645934105,0.2558596432209015,0.0024038520641624928,0.025467080995440483,0.008548452518880367,0.13262313604354858,0.0058791907504200935,0.039842989295721054,0.03274546191096306,0.15324951708316803,0.25119486451148987,0.0013156859204173088,2.1639487743377686,0.0634496659040451,,,,,,,,,,,,,,,
,6.752577678954426e-05,14399,,,,,,,,,,,,,,,,,,,,,,,,,,,,,,
20,,14399,0.04142090678215027,0.04888768494129181,0.19043394923210144,0.002072958741337061,0.03402770310640335,0.005645332857966423,0.16592030227184296,0.007520873565226793,0.08490359038114548,0.03946834057569504,0.140150785446167,0.30384814739227295,0.0004193945205770433,2.1675689220428467,0.0825851708650589,,,,,,,,,,,,,,,
,6.733296373034826e-05,14409,,,,,,,,,,,,,,,,,,,,,,,,,,,,,,
20,,14409,0.06908301264047623,0.028050469234585762,0.29601535201072693,0.002125422703102231,0.06278274953365326,0.012217334471642971,0.17106570303440094,0.016393788158893585,0.1720433533191681,0.048639364540576935,0.19887010753154755,0.47050073742866516,0.0005289922701194882,2.1016812324523926,0.11067376285791397,,,,,,,,,,,,,,,
,6.714034664647925e-05,14419,,,,,,,,,,,,,,,,,,,,,,,,,,,,,,
20,,14419,0.0396975502371788,0.019359303638339043,0.19584697484970093,0.003027386497706175,0.04310758784413338,0.01418259460479021,0.11166810244321823,0.00698595866560936,0.06331048905849457,0.03138146176934242,0.15066519379615784,0.26818111538887024,0.0014695567078888416,2.1621592044830322,0.08805219829082489,,,,,,,,,,,,,,,
,6.694792599456662e-05,14429,,,,,,,,,,,,,,,,,,,,,,,,,,,,,,
20,,14429,0.03704975172877312,0.03341202065348625,0.24259677529335022,0.0018106418428942561,0.04909487068653107,0.007408984005451202,0.15265071392059326,0.00746508501470089,0.08576564490795135,0.040616340935230255,0.15098746120929718,0.3130735158920288,0.001121793407946825,2.131511926651001,0.07270269095897675,,,,,,,,,,,,,,,
,6.675570223077388e-05,14439,,,,,,,,,,,,,,,,,,,,,,,,,,,,,,
20,,14439,0.039091553539037704,0.04324902966618538,0.1731003224849701,0.0018768524751067162,0.04539851099252701,0.006769120693206787,0.1447182297706604,0.005497720092535019,0.05112143233418465,0.03990858793258667,0.1483229547739029,0.26200419664382935,0.002073426265269518,2.140899419784546,0.08698223531246185,,,,,,,,,,,,,,,
,6.656367581079824e-05,14449,,,,,,,,,,,,,,,,,,,,,,,,,,,,,,
20,,14449,0.05213972553610802,0.024236293509602547,0.34468793869018555,0.0013317211996763945,0.032589927315711975,0.00751180574297905,0.1439463347196579,0.005242152139544487,0.03454212099313736,0.037459757179021835,0.1733570396900177,0.29052892327308655,0.0005935694207437336,2.1251096725463867,0.07156093418598175,,,,,,,,,,,,,,,
,6.637184718986862e-05,14459,,,,,,,,,,,,,,,,,,,,,,,,,,,,,,
20,,14459,0.09628771245479584,0.036081813275814056,0.23087023198604584,0.0013802163302898407,0.05736497789621353,0.016142552718520164,0.1828087717294693,0.004860817454755306,0.19160060584545135,0.044123779982328415,0.1738690584897995,0.4713745713233948,0.003389370162039995,2.1190836429595947,0.09599626064300537,,,,,,,,,,,,,,,
,6.618021682274514e-05,14469,,,,,,,,,,,,,,,,,,,,,,,,,,,,,,
20,,14469,0.029662910848855972,0.02059599943459034,0.20123831927776337,0.001222918275743723,0.028820056468248367,0.005905539263039827,0.0941278487443924,0.005508860573172569,0.05957137420773506,0.021700935438275337,0.1428159475326538,0.23636308312416077,0.00016708331531845033,2.1520769596099854,0.06981141120195389,,,,,,,,,,,,,,,
,6.598878516371821e-05,14479,,,,,,,,,,,,,,,,,,,,,,,,,,,,,,
20,,14479,0.05532139539718628,0.02703000232577324,0.22273552417755127,0.0006621515494771302,0.03835887089371681,0.008391771465539932,0.12145765870809555,0.008107636123895645,0.06353412568569183,0.03872548043727875,0.18545299768447876,0.2949671447277069,0.0002767874684650451,2.159489154815674,0.10014551132917404,,,,,,,,,,,,,,,
,6.579755266660677e-05,14489,,,,,,,,,,,,,,,,,,,,,,,,,,,,,,
20,,14489,0.03816996514797211,0.027495114132761955,0.25905612111091614,0.003407285315915942,0.04408172518014908,0.009958322159945965,0.15347853302955627,0.009454765357077122,0.06355108320713043,0.05588627606630325,0.15957105159759521,0.3119495213031769,0.0009972468251362443,2.169388771057129,0.10690972208976746,,,,,,,,,,,,,,,
,6.560651978475787e-05,14499,,,,,,,,,,,,,,,,,,,,,,,,,,,,,,
20,,14499,0.03291446715593338,0.015998225659132004,0.24959926307201385,0.0017930078320205212,0.04860750958323479,0.005093893501907587,0.1265375167131424,0.0056180572137236595,0.07042410969734192,0.025401970371603966,0.1532294750213623,0.29353857040405273,0.005014597438275814,2.1147921085357666,0.10721026360988617,,,,,,,,,,,,,,,
,6.541568697104524e-05,14509,,,,,,,,,,,,,,,,,,,,,,,,,,,,,,
20,,14509,0.03496736288070679,0.022188538685441017,0.21305525302886963,0.0014220966259017587,0.03763079270720482,0.008531671017408371,0.13339725136756897,0.011464104056358337,0.10032402724027634,0.03865308314561844,0.1701643019914627,0.3195667564868927,0.001944752293638885,2.1143085956573486,0.09094151109457016,,,,,,,,,,,,,,,
,6.522505467786841e-05,14519,,,,,,,,,,,,,,,,,,,,,,,,,,,,,,
20,,14519,0.04721067100763321,0.008851094171404839,0.18388493359088898,0.0006231407751329243,0.027987457811832428,0.004176286514848471,0.07668546587228775,0.007278787903487682,0.056958481669425964,0.03386222571134567,0.13375872373580933,0.22821398079395294,0.0009455702384002507,2.133997917175293,0.06669769436120987,,,,,,,,,,,,,,,
,6.503462335715146e-05,14529,,,,,,,,,,,,,,,,,,,,,,,,,,,,,,
20,,14529,0.025417616590857506,0.049677010625600815,0.2803057134151459,0.004205079283565283,0.03506903350353241,0.0031217660289257765,0.16963070631027222,0.005946434568613768,0.05157969892024994,0.04986642673611641,0.16414384543895721,0.29627305269241333,0.0010622850386425853,2.1658458709716797,0.07921218872070312,,,,,,,,,,,,,,,
,6.4844393460342e-05,14539,,,,,,,,,,,,,,,,,,,,,,,,,,,,,,
20,,14539,0.036526743322610855,0.023715533316135406,0.2542715072631836,0.0014567222679033875,0.031436946243047714,0.012810802087187767,0.12133397161960602,0.005565697327256203,0.05482449010014534,0.052305933088064194,0.17629612982273102,0.28427091240882874,0.005321756470948458,2.137202501296997,0.084559865295887,,,,,,,,,,,,,,,
,6.465436543841021e-05,14549,,,,,,,,,,,,,,,,,,,,,,,,,,,,,,
20,,14549,0.04435751959681511,0.02666122280061245,0.22927287220954895,0.001702754059806466,0.05084169656038284,0.008989707566797733,0.1454472690820694,0.007161097601056099,0.09627529233694077,0.046442657709121704,0.15073417127132416,0.3333713710308075,0.0022215910721570253,2.1357619762420654,0.11235060542821884,,,,,,,,,,,,,,,
,6.446453974184766e-05,14559,,,,,,,,,,,,,,,,,,,,,,,,,,,,,,
20,,14559,0.0288886446505785,0.055333152413368225,0.27333492040634155,0.0006299487431533635,0.04939684271812439,0.011977389454841614,0.1865008920431137,0.007961026392877102,0.0824684277176857,0.05946849286556244,0.1790393888950348,0.34737032651901245,0.0002175317786168307,2.1383461952209473,0.09274681657552719,,,,,,,,,,,,,,,
,6.427491682066638e-05,14569,,,,,,,,,,,,,,,,,,,,,,,,,,,,,,
20,,14569,0.04276752471923828,0.033742569386959076,0.3230012059211731,0.001789633883163333,0.03854263201355934,0.0060761538334190845,0.1591435819864273,0.005725211463868618,0.06604935973882675,0.026362435892224312,0.17128928005695343,0.3252764344215393,0.0015082238242030144,2.1291685104370117,0.09250333160161972,,,,,,,,,,,,,,,
,6.408549712439741e-05,14579,,,,,,,,,,,,,,,,,,,,,,,,,,,,,,
20,,14579,0.03696659579873085,0.027513498440384865,0.17391708493232727,0.0009554412099532783,0.02883022278547287,0.01341925747692585,0.12465651333332062,0.009488031268119812,0.07239848375320435,0.03506404161453247,0.1277754008769989,0.2606496512889862,0.0009153213468380272,2.135394811630249,0.06444183737039566,,,,,,,,,,,,,,,
,6.38962811020904e-05,14589,,,,,,,,,,,,,,,,,,,,,,,,,,,,,,
20,,14589,0.026978719979524612,0.02016735076904297,0.1948702335357666,0.0012463356833904982,0.04436668008565903,0.01031484268605709,0.11945191025733948,0.0041295988485217094,0.055305205285549164,0.03231821581721306,0.14385658502578735,0.250545859336853,0.0004918320337310433,2.1231884956359863,0.09874795377254486,,,,,,,,,,,,,,,
20,,14594,,,,,,,,,,,,,,,,0.16694658994674683,0.04363672807812691,0.2819974720478058,0.01011909730732441,0.07564643770456314,0.002941872226074338,0.16793958842754364,0.022149449214339256,0.182199627161026,0.07340235263109207,0.20789699256420135,0.5712854266166687,0.010127855464816093,2.1009652614593506,0.1540166437625885
,6.370726920231186e-05,14599,,,,,,,,,,,,,,,,,,,,,,,,,,,,,,
21,,14599,0.03765219449996948,0.028811845928430557,0.21991552412509918,0.00041132071055471897,0.04138752073049545,0.005006873980164528,0.13597472012043,0.002446935046464205,0.047081444412469864,0.04354327544569969,0.15379828214645386,0.26153337955474854,0.0021943540778011084,2.137772560119629,0.09646228700876236,,,,,,,,,,,,,,,
,6.351846187314438e-05,14609,,,,,,,,,,,,,,,,,,,,,,,,,,,,,,
21,,14609,0.035046424716711044,0.05281147360801697,0.27345436811447144,0.0005483472486957908,0.035340357571840286,0.004394436255097389,0.1539665311574936,0.0034253133926540613,0.04994263872504234,0.03285662829875946,0.1691838502883911,0.2970944046974182,0.0006021760636940598,2.1263506412506104,0.11200862377882004,,,,,,,,,,,,,,,
,6.332985956218592e-05,14619,,,,,,,,,,,,,,,,,,,,,,,,,,,,,,
21,,14619,0.04919058457016945,0.07384725660085678,0.22939226031303406,0.003536597825586796,0.03621460497379303,0.014534556306898594,0.1788352131843567,0.0071570430882275105,0.04801841825246811,0.04592880234122276,0.1299734264612198,0.30182400345802307,0.00463678827509284,2.139982223510742,0.07203182578086853,,,,,,,,,,,,,,,
,6.3141462716548e-05,14629,,,,,,,,,,,,,,,,,,,,,,,,,,,,,,
21,,14629,0.03228798136115074,0.023130346089601517,0.21423213183879852,0.0004906825488433242,0.035556260496377945,0.007205274421721697,0.1381445676088333,0.003419392742216587,0.04266391694545746,0.02631930634379387,0.15035706758499146,0.24256207048892975,0.0013673517387360334,2.104889392852783,0.07969268411397934,,,,,,,,,,,,,,,
,6.295327178285531e-05,14639,,,,,,,,,,,,,,,,,,,,,,,,,,,,,,
21,,14639,0.03719589486718178,0.02255229279398918,0.16401168704032898,0.00018653190636541694,0.03431607782840729,0.006323947571218014,0.13623173534870148,0.00892750546336174,0.06015888601541519,0.020760616287589073,0.13030783832073212,0.23844361305236816,0.0010273249354213476,2.154223680496216,0.05448804795742035,,,,,,,,,,,,,,,
,6.276528720724431e-05,14649,,,,,,,,,,,,,,,,,,,,,,,,,,,,,,
21,,14649,0.047116536647081375,0.030185040086507797,0.3012227416038513,0.0020862144883722067,0.04342427849769592,0.009209727868437767,0.16875529289245605,0.006748940795660019,0.08192818611860275,0.0325373038649559,0.20143960416316986,0.34860700368881226,0.0006808277685195208,2.1039774417877197,0.0944848284125328,,,,,,,,,,,,,,,
,6.257750943536234e-05,14659,,,,,,,,,,,,,,,,,,,,,,,,,,,,,,
21,,14659,0.03863884508609772,0.06426995247602463,0.25050193071365356,0.0005375416949391365,0.0412551686167717,0.01094726286828518,0.19047176837921143,0.00651213014498353,0.08671899884939194,0.03569884970784187,0.14894163608551025,0.34183356165885925,0.0015836632810533047,2.186927080154419,0.09251582622528076,,,,,,,,,,,,,,,
,6.238993891236622e-05,14669,,,,,,,,,,,,,,,,,,,,,,,,,,,,,,
21,,14669,0.05391901358962059,0.024700451642274857,0.2669132947921753,0.0007562266546301544,0.03247891366481781,0.007233649492263794,0.16324958205223083,0.006876871455460787,0.06544441729784012,0.052003130316734314,0.1650058776140213,0.30933892726898193,0.0006052549579180777,2.163451910018921,0.08463944494724274,,,,,,,,,,,,,,,
,6.220257608292186e-05,14679,,,,,,,,,,,,,,,,,,,,,,,,,,,,,,
21,,14679,0.030521467328071594,0.023625588044524193,0.3003314435482025,0.0019868076778948307,0.0349745973944664,0.012771411798894405,0.15448518097400665,0.003569872584193945,0.04844800382852554,0.036847393959760666,0.18877339363098145,0.2948795258998871,0.0008213278488256037,2.1583728790283203,0.09403562545776367,,,,,,,,,,,,,,,
,6.20154213912024e-05,14689,,,,,,,,,,,,,,,,,,,,,,,,,,,,,,
21,,14689,0.07235558331012726,0.019636044278740883,0.22799254953861237,0.0011688311351463199,0.03526169806718826,0.007263585459440947,0.1314302682876587,0.00660352036356926,0.11404621601104736,0.03525247797369957,0.16560454666614532,0.34434980154037476,9.326588769908994e-05,2.1108410358428955,0.08764813840389252,,,,,,,,,,,,,,,
,6.182847528088783e-05,14699,,,,,,,,,,,,,,,,,,,,,,,,,,,,,,
21,,14699,0.031084872782230377,0.06301839649677277,0.2632150650024414,0.003639065660536289,0.032392777502536774,0.0059508164413273335,0.20307235419750214,0.005494649522006512,0.03420640155673027,0.0346149280667305,0.14892850816249847,0.29069283604621887,0.0033369786106050014,2.1010425090789795,0.09160597622394562,,,,,,,,,,,,,,,
,6.164173819516361e-05,14709,,,,,,,,,,,,,,,,,,,,,,,,,,,,,,
21,,14709,0.046262066811323166,0.023191675543785095,0.1702156364917755,0.001850323984399438,0.042592067271471024,0.007520821876823902,0.11385191977024078,0.01437691692262888,0.08265745639801025,0.03862491250038147,0.15233618021011353,0.29036813974380493,0.0005104708834551275,2.128171682357788,0.09456074982881546,,,,,,,,,,,,,,,
,6.145521057671943e-05,14719,,,,,,,,,,,,,,,,,,,,,,,,,,,,,,
21,,14719,0.03833628073334694,0.02407946065068245,0.30091744661331177,0.0007291878573596478,0.046005573123693466,0.003575049340724945,0.15235337615013123,0.006634628400206566,0.07963014394044876,0.06733736395835876,0.16046012938022614,0.3347240090370178,0.00022721131972502917,2.160081624984741,0.11619255691766739,,,,,,,,,,,,,,,
,6.126889286774886e-05,14729,,,,,,,,,,,,,,,,,,,,,,,,,,,,,,
21,,14729,0.0674806758761406,0.022139715030789375,0.21844451129436493,0.0004245797754265368,0.048735350370407104,0.008948855102062225,0.12298774719238281,0.009026892483234406,0.10234585404396057,0.03539907559752464,0.158943772315979,0.3389465808868408,0.0009649507701396942,2.1564981937408447,0.11183623969554901,,,,,,,,,,,,,,,
,6.108278550994743e-05,14739,,,,,,,,,,,,,,,,,,,,,,,,,,,,,,
21,,14739,0.0247811172157526,0.021546775475144386,0.26473572850227356,0.0017547382740303874,0.0478951670229435,0.015513170510530472,0.13388951122760773,0.008647081442177296,0.05453803390264511,0.03327151760458946,0.17720693349838257,0.29887545108795166,0.004585948307067156,2.1249911785125732,0.11761589348316193,,,,,,,,,,,,,,,
,6.0896888944512206e-05,14749,,,,,,,,,,,,,,,,,,,,,,,,,,,,,,
21,,14749,0.06642303615808487,0.01852116733789444,0.24476486444473267,0.0012215819442644715,0.04554262384772301,0.005658493377268314,0.14535535871982574,0.005664733238518238,0.09046348929405212,0.055342987179756165,0.16327650845050812,0.3362800180912018,0.0006453008390963078,2.144681453704834,0.10908325016498566,,,,,,,,,,,,,,,
,6.071120361214056e-05,14759,,,,,,,,,,,,,,,,,,,,,,,,,,,,,,
21,,14759,0.05365311726927757,0.017442334443330765,0.20583030581474304,0.003086396725848317,0.03853325545787811,0.006160005461424589,0.14066797494888306,0.007060203701257706,0.09454312175512314,0.04432922974228859,0.1418573260307312,0.3107627034187317,0.0034657453652471304,2.111178159713745,0.08051171153783798,,,,,,,,,,,,,,,
,6.052572995302891e-05,14769,,,,,,,,,,,,,,,,,,,,,,,,,,,,,,
21,,14769,0.04372551292181015,0.029038505628705025,0.2532402575016022,0.004447939805686474,0.04498406499624252,0.0075566088780760765,0.1412806659936905,0.0053857071325182915,0.07060111314058304,0.030836112797260284,0.16426578164100647,0.3078609108924866,0.0008861709502525628,2.141995429992676,0.0975554957985878,,,,,,,,,,,,,,,
,6.034046840687208e-05,14779,,,,,,,,,,,,,,,,,,,,,,,,,,,,,,
21,,14779,0.028987742960453033,0.021013718098402023,0.2119239717721939,0.0014084939612075686,0.032374512404203415,0.012107732705771923,0.1359003186225891,0.007207430433481932,0.06927073001861572,0.017050715163350105,0.1405039280653,0.28146058320999146,0.013393798843026161,2.1523520946502686,0.0830753743648529,,,,,,,,,,,,,,,
,6.015541941286194e-05,14789,,,,,,,,,,,,,,,,,,,,,,,,,,,,,,
21,,14789,0.044725727289915085,0.021562116220593452,0.19171755015850067,0.00036552539677359164,0.05035461485385895,0.01056789793074131,0.13685303926467896,0.010831836611032486,0.08834033459424973,0.032203398644924164,0.17625023424625397,0.31158334016799927,0.0028461883775889874,2.198969602584839,0.09510033577680588,,,,,,,,,,,,,,,
,5.9970583409686545e-05,14799,,,,,,,,,,,,,,,,,,,,,,,,,,,,,,
21,,14799,0.06318624317646027,0.030985087156295776,0.28662845492362976,0.0005460015963762999,0.056345127522945404,0.01313075702637434,0.1607978194952011,0.010701707564294338,0.12174242734909058,0.046161677688360214,0.17797109484672546,0.3980151414871216,0.0004004000511486083,2.109879493713379,0.10426437109708786,,,,,,,,,,,,,,,
,5.9785960835528814e-05,14809,,,,,,,,,,,,,,,,,,,,,,,,,,,,,,
21,,14809,0.03289088234305382,0.04901137202978134,0.337307870388031,0.003061705268919468,0.036970630288124084,0.0130855618044734,0.20878742635250092,0.007523553445935249,0.07368670403957367,0.01894591562449932,0.1699742078781128,0.35662126541137695,0.0013247737661004066,2.137803792953491,0.09654384851455688,,,,,,,,,,,,,,,
,5.960155212806608e-05,14819,,,,,,,,,,,,,,,,,,,,,,,,,,,,,,
21,,14819,0.03070412017405033,0.028228703886270523,0.23300915956497192,0.00020373113511595875,0.03285718709230423,0.009520093910396099,0.1114974245429039,0.00865866057574749,0.03681022301316261,0.031100520864129066,0.1469365507364273,0.2398388832807541,0.0017789931735023856,2.1470844745635986,0.0697997435927391,,,,,,,,,,,,,,,
,5.9417357724468276e-05,14829,,,,,,,,,,,,,,,,,,,,,,,,,,,,,,
21,,14829,0.03034779615700245,0.027035724371671677,0.2260369211435318,0.0022329608909785748,0.04055155813694,0.006378691643476486,0.142714262008667,0.003419038839638233,0.03135809302330017,0.039873309433460236,0.1710101217031479,0.2547933757305145,0.005203847773373127,2.123791217803955,0.0986378937959671,,,,,,,,,,,,,,,
,5.923337806139751e-05,14839,,,,,,,,,,,,,,,,,,,,,,,,,,,,,,
21,,14839,0.04292302951216698,0.025266295298933983,0.2253759205341339,0.0023132439237087965,0.04113695025444031,0.014910680241882801,0.14628751575946808,0.007348563987761736,0.08613523095846176,0.041079893708229065,0.14005306363105774,0.30783697962760925,0.002515762345865369,2.1424851417541504,0.07286443561315536,,,,,,,,,,,,,,,
,5.904961357500682e-05,14849,,,,,,,,,,,,,,,,,,,,,,,,,,,,,,
21,,14849,0.08541180193424225,0.02337314561009407,0.25528109073638916,0.0059934440068900585,0.05508710443973541,0.008893338032066822,0.1557176113128662,0.012980308383703232,0.23171165585517883,0.06435766816139221,0.17496418952941895,0.5180066227912903,0.0005955262458883226,2.154181957244873,0.12097293883562088,,,,,,,,,,,,,,,
,5.8866064700938985e-05,14859,,,,,,,,,,,,,,,,,,,,,,,,,,,,,,
21,,14859,0.034686483442783356,0.02494754083454609,0.2233709990978241,0.0025317592080682516,0.0556928776204586,0.011169875040650368,0.1308738887310028,0.008991002105176449,0.09748649597167969,0.03416532650589943,0.1920301616191864,0.34292662143707275,0.005070557817816734,2.108466863632202,0.12918588519096375,,,,,,,,,,,,,,,
,5.868273187432578e-05,14869,,,,,,,,,,,,,,,,,,,,,,,,,,,,,,
21,,14869,0.03537719324231148,0.02877890318632126,0.15891502797603607,0.001311726402491331,0.03250841423869133,0.009291835129261017,0.11582382768392563,0.006020423024892807,0.05689232051372528,0.0507478229701519,0.14625334739685059,0.24743591248989105,0.0003204275853931904,2.134117603302002,0.09141507744789124,,,,,,,,,,,,,,,
,5.849961552978678e-05,14879,,,,,,,,,,,,,,,,,,,,,,,,,,,,,,
21,,14879,0.02774691954255104,0.012565809302031994,0.19561173021793365,0.0021954402327537537,0.03960184007883072,0.004827146418392658,0.10801602154970169,0.008901753462851048,0.07125748693943024,0.028473028913140297,0.1539621204137802,0.2605709433555603,0.0004924840177409351,2.138667106628418,0.08586360514163971,,,,,,,,,,,,,,,
,5.831671610142833e-05,14889,,,,,,,,,,,,,,,,,,,,,,,,,,,,,,
21,,14889,0.048374567180871964,0.032432932406663895,0.2063063234090805,0.0031865157652646303,0.0397656224668026,0.008012643083930016,0.1479116678237915,0.006056834012269974,0.06349007040262222,0.07911385595798492,0.13609611988067627,0.2835697531700134,0.000756524212192744,2.1261026859283447,0.07005176693201065,,,,,,,,,,,,,,,
,5.813403402284258e-05,14899,,,,,,,,,,,,,,,,,,,,,,,,,,,,,,
21,,14899,0.022542811930179596,0.023597467690706253,0.2354598343372345,0.00045046108425594866,0.032364871352910995,0.005267771892249584,0.13754092156887054,0.002988032065331936,0.027836618945002556,0.04705408960580826,0.13847282528877258,0.22437182068824768,0.0003511524701025337,2.117034912109375,0.07178065925836563,,,,,,,,,,,,,,,
,5.795156972710629e-05,14909,,,,,,,,,,,,,,,,,,,,,,,,,,,,,,
21,,14909,0.03990398347377777,0.017970383167266846,0.19562360644340515,0.00228387420065701,0.026673151180148125,0.00802767276763916,0.1122826412320137,0.01107369177043438,0.09021175652742386,0.037060197442770004,0.139629527926445,0.2790225148200989,0.0006666273693554103,2.1408092975616455,0.0557386577129364,,,,,,,,,,,,,,,
,5.776932364678008e-05,14919,,,,,,,,,,,,,,,,,,,,,,,,,,,,,,
21,,14919,0.06259749829769135,0.026850124821066856,0.25516703724861145,0.0018912095110863447,0.047519758343696594,0.006624699104577303,0.1722330003976822,0.013550372794270515,0.13538195192813873,0.031700748950242996,0.1693040430545807,0.39799582958221436,0.0010126627748832107,2.1275808811187744,0.10234767198562622,,,,,,,,,,,,,,,
,5.758729621390721e-05,14929,,,,,,,,,,,,,,,,,,,,,,,,,,,,,,
21,,14929,0.04332558065652847,0.01545468159019947,0.15472890436649323,0.00038252881495282054,0.03507642447948456,0.012352710589766502,0.09203150868415833,0.006505985278636217,0.08648383617401123,0.04497609660029411,0.14154915511608124,0.26331397891044617,0.0003860885335598141,2.1319878101348877,0.0742754265666008,,,,,,,,,,,,,,,
,5.740548786001266e-05,14939,,,,,,,,,,,,,,,,,,,,,,,,,,,,,,
21,,14939,0.09193601459264755,0.028622211888432503,0.2024475783109665,0.002935360185801983,0.044181980192661285,0.011011469177901745,0.17096799612045288,0.011234092526137829,0.19349658489227295,0.0361187569797039,0.1304062008857727,0.4454090893268585,0.003394338069483638,2.150921106338501,0.0846843272447586,,,,,,,,,,,,,,,
,5.722389901610177e-05,14949,,,,,,,,,,,,,,,,,,,,,,,,,,,,,,
21,,14949,0.05881429463624954,0.02945803292095661,0.2082279771566391,0.0026864439714699984,0.042798060923814774,0.007882540114223957,0.17003275454044342,0.009155435487627983,0.09452571719884872,0.04917125776410103,0.11892662942409515,0.3241024613380432,0.0016845189966261387,2.1133065223693848,0.08027201890945435,,,,,,,,,,,,,,,
,5.704253011265997e-05,14959,,,,,,,,,,,,,,,,,,,,,,,,,,,,,,
21,,14959,0.056729864329099655,0.019106339663267136,0.23826202750205994,0.0013677587267011404,0.058134641498327255,0.010413111187517643,0.1270774006843567,0.005201387219130993,0.11227522045373917,0.05696787312626839,0.19405122101306915,0.37307503819465637,0.0048605832271277905,2.1677675247192383,0.14339660108089447,,,,,,,,,,,,,,,
,5.686138157965084e-05,14969,,,,,,,,,,,,,,,,,,,,,,,,,,,,,,
21,,14969,0.0377812534570694,0.01616685651242733,0.21286465227603912,0.0026927348226308823,0.03583193197846413,0.016494503244757652,0.11055739969015121,0.006941162049770355,0.06489183753728867,0.02767549827694893,0.15117418766021729,0.2756059169769287,0.0035899223294109106,2.1339614391326904,0.09680908918380737,,,,,,,,,,,,,,,
,5.66804538465158e-05,14979,,,,,,,,,,,,,,,,,,,,,,,,,,,,,,
21,,14979,0.031012125313282013,0.01579650491476059,0.1883803904056549,0.0014220381854102015,0.023309478536248207,0.01587739773094654,0.10628679394721985,0.0053677852265536785,0.038245365023612976,0.037519559264183044,0.1183723583817482,0.20984292030334473,0.001319131930358708,2.1452584266662598,0.051698897033929825,,,,,,,,,,,,,,,
,5.6499747342172775e-05,14989,,,,,,,,,,,,,,,,,,,,,,,,,,,,,,
21,,14989,0.039679378271102905,0.015666600316762924,0.20394717156887054,0.0004278448468539864,0.037988558411598206,0.00922075193375349,0.11249380558729172,0.008640546351671219,0.09428516775369644,0.032300371676683426,0.17269267141819,0.3027075529098511,0.0019267213065177202,2.1553831100463867,0.09507418423891068,,,,,,,,,,,,,,,
,5.631926249501512e-05,14999,,,,,,,,,,,,,,,,,,,,,,,,,,,,,,
21,,14999,0.023551302030682564,0.04360152781009674,0.26897066831588745,0.0006636030157096684,0.06169186905026436,0.004047120921313763,0.17762088775634766,0.0041132159531116486,0.03765607625246048,0.03287002816796303,0.1396624594926834,0.2826573848724365,0.000374745053704828,2.136387348175049,0.11742507666349411,,,,,,,,,,,,,,,
,5.6138999732910866e-05,15009,,,,,,,,,,,,,,,,,,,,,,,,,,,,,,
21,,15009,0.06294167041778564,0.023573022335767746,0.2417738437652588,0.00042448827298358083,0.05158727988600731,0.017238477244973183,0.14350561797618866,0.00924092810600996,0.1686421036720276,0.035327985882759094,0.16257846355438232,0.41954305768013,0.0004186824371572584,2.1472811698913574,0.10725759714841843,,,,,,,,,,,,,,,
,5.595895948320147e-05,15019,,,,,,,,,,,,,,,,,,,,,,,,,,,,,,
21,,15019,0.03975595161318779,0.023535607382655144,0.18137705326080322,0.0007676922250539064,0.020477937534451485,0.0050655254162848,0.11609788239002228,0.0058693368919193745,0.06474798172712326,0.04193137213587761,0.1213931292295456,0.24375584721565247,0.002656813943758607,2.1383347511291504,0.06254541873931885,,,,,,,,,,,,,,,
,5.577914217270092e-05,15029,,,,,,,,,,,,,,,,,,,,,,,,,,,,,,
21,,15029,0.03820536285638809,0.034258127212524414,0.23024575412273407,0.006073963828384876,0.04710795730352402,0.017403660342097282,0.15104402601718903,0.005911689251661301,0.08709678798913956,0.041976071894168854,0.15787969529628754,0.33719873428344727,0.0040716370567679405,2.1294336318969727,0.12017616629600525,,,,,,,,,,,,,,,
,5.559954822769469e-05,15039,,,,,,,,,,,,,,,,,,,,,,,,,,,,,,
21,,15039,0.06189582124352455,0.021568533033132553,0.21577121317386627,0.003322966629639268,0.031118325889110565,0.006309554446488619,0.13587628304958344,0.008351875469088554,0.10156718641519547,0.039455004036426544,0.15013374388217926,0.32152262330055237,0.001103332731872797,2.1192047595977783,0.07340706139802933,,,,,,,,,,,,,,,
,5.542017807393877e-05,15049,,,,,,,,,,,,,,,,,,,,,,,,,,,,,,
21,,15049,0.029713960364460945,0.014407604932785034,0.2158726006746292,0.0003409928176552057,0.031000519171357155,0.009014123119413853,0.11708860844373703,0.0029589785262942314,0.05514707416296005,0.030552050098776817,0.14778666198253632,0.2511569857597351,0.0025342584121972322,2.150080680847168,0.09708133339881897,,,,,,,,,,,,,,,
,5.524103213665848e-05,15059,,,,,,,,,,,,,,,,,,,,,,,,,,,,,,
21,,15059,0.041393183171749115,0.028084352612495422,0.22267216444015503,0.0034246027935296297,0.0458226203918457,0.005832049995660782,0.1424427628517151,0.00797290913760662,0.0493193157017231,0.04442789778113365,0.17005400359630585,0.2784271240234375,0.00026157862157560885,2.136566162109375,0.09353119879961014,,,,,,,,,,,,,,,
,5.506211084054773e-05,15069,,,,,,,,,,,,,,,,,,,,,,,,,,,,,,
21,,15069,0.023001719266176224,0.039743419736623764,0.2932528257369995,0.0010815545683726668,0.04946808144450188,0.008472738787531853,0.20792225003242493,0.007659061811864376,0.10762045532464981,0.04612308368086815,0.18743835389614105,0.3763270974159241,0.0017686898354440928,2.1034939289093018,0.09944391995668411,,,,,,,,,,,,,,,
,5.488341460976788e-05,15079,,,,,,,,,,,,,,,,,,,,,,,,,,,,,,
21,,15079,0.03663818910717964,0.030762266367673874,0.20635630190372467,0.0008637570426799357,0.027174087241292,0.002879570936784148,0.13056711852550507,0.007141757290810347,0.07454556971788406,0.027202460914850235,0.14818307757377625,0.27470701932907104,0.002827004762366414,2.1302061080932617,0.07401981204748154,,,,,,,,,,,,,,,
,5.4704943867946594e-05,15089,,,,,,,,,,,,,,,,,,,,,,,,,,,,,,
21,,15089,0.03052392229437828,0.028580129146575928,0.1556827872991562,0.001578338211402297,0.02513996884226799,0.008022604510188103,0.12158266454935074,0.005777894519269466,0.05397447198629379,0.030386576429009438,0.11960747092962265,0.22338910400867462,0.0006919742445461452,2.0939064025878906,0.06265381723642349,,,,,,,,,,,,,,,
,5.452669903817725e-05,15099,,,,,,,,,,,,,,,,,,,,,,,,,,,,,,
21,,15099,0.0514528714120388,0.015444040298461914,0.21099501848220825,0.00032889534486457705,0.04101315885782242,0.013958699069917202,0.10095424205064774,0.009943371638655663,0.08552780747413635,0.04653933271765709,0.16203007102012634,0.30916497111320496,0.008904309011995792,2.1313140392303467,0.09133312851190567,,,,,,,,,,,,,,,
,5.434868054301736e-05,15109,,,,,,,,,,,,,,,,,,,,,,,,,,,,,,
21,,15109,0.03533743694424629,0.01973801851272583,0.19685305655002594,0.0008321715868078172,0.04456530511379242,0.008615587837994099,0.10642626136541367,0.0051253726705908775,0.05454808473587036,0.036150012165308,0.14573869109153748,0.2557753324508667,0.0027591725811362267,2.141056537628174,0.10421589761972427,,,,,,,,,,,,,,,
,5.417088880448807e-05,15119,,,,,,,,,,,,,,,,,,,,,,,,,,,,,,
21,,15119,0.03917873278260231,0.03188369423151016,0.2315521240234375,0.002545223804190755,0.03880305588245392,0.006713456939905882,0.14658603072166443,0.008065694943070412,0.04653816297650337,0.03834479674696922,0.14991505444049835,0.27925920486450195,0.0014951814664527774,2.1335396766662598,0.11122579872608185,,,,,,,,,,,,,,,
,5.399332424407294e-05,15129,,,,,,,,,,,,,,,,,,,,,,,,,,,,,,
21,,15129,0.03870616480708122,0.021457858383655548,0.24387232959270477,0.003034842200577259,0.04122353345155716,0.013069238513708115,0.14389881491661072,0.006563727743923664,0.05764145404100418,0.04418322443962097,0.1460181176662445,0.29331251978874207,0.007330096792429686,2.1554481983184814,0.0966605618596077,,,,,,,,,,,,,,,
,5.381598728271686e-05,15139,,,,,,,,,,,,,,,,,,,,,,,,,,,,,,
21,,15139,0.09335627406835556,0.01529359444975853,0.19269904494285583,0.00043972974526695907,0.029925836250185966,0.01614617183804512,0.12155996263027191,0.008510265499353409,0.08508128672838211,0.04768950864672661,0.13926558196544647,0.3037319779396057,0.0005476107471622527,2.1178507804870605,0.05865558981895447,,,,,,,,,,,,,,,
,5.363887834082526e-05,15149,,,,,,,,,,,,,,,,,,,,,,,,,,,,,,
21,,15149,0.03858836740255356,0.01975082978606224,0.20148447155952454,0.0009599298937246203,0.03136712312698364,0.006300937384366989,0.12209470570087433,0.00538724847137928,0.04382423311471939,0.03447765111923218,0.1431044340133667,0.24133828282356262,0.0011543099535629153,2.116142511367798,0.09021420031785965,,,,,,,,,,,,,,,
,5.346199783826303e-05,15159,,,,,,,,,,,,,,,,,,,,,,,,,,,,,,
21,,15159,0.03736355900764465,0.04558640718460083,0.23435351252555847,0.00834583304822445,0.04299642890691757,0.0065684509463608265,0.15993455052375793,0.006376492325216532,0.059025123715400696,0.040685106068849564,0.16303469240665436,0.30628159642219543,0.0017284004716202617,2.153231382369995,0.1028556153178215,,,,,,,,,,,,,,,
,5.3285346194353426e-05,15169,,,,,,,,,,,,,,,,,,,,,,,,,,,,,,
21,,15169,0.026217680424451828,0.051388729363679886,0.30491527915000916,0.004882290028035641,0.04018906503915787,0.011868857778608799,0.18208833038806915,0.0036878411192446947,0.02613185904920101,0.04581877589225769,0.15131737291812897,0.284068763256073,0.002585991518571973,2.1504456996917725,0.07667261362075806,,,,,,,,,,,,,,,
,5.310892382787721e-05,15179,,,,,,,,,,,,,,,,,,,,,,,,,,,,,,
21,,15179,0.029259558767080307,0.025600101798772812,0.24148550629615784,0.0012013253290206194,0.03370782732963562,0.011379585601389408,0.14338137209415436,0.005015360191464424,0.04978226497769356,0.0514100082218647,0.15431594848632812,0.27567198872566223,0.008168254047632217,2.163057804107666,0.08550834655761719,,,,,,,,,,,,,,,
,5.293273115707166e-05,15189,,,,,,,,,,,,,,,,,,,,,,,,,,,,,,
21,,15189,0.04573541879653931,0.02020747773349285,0.22797809541225433,0.0023472567554563284,0.031548306345939636,0.010062292218208313,0.14794817566871643,0.006839267443865538,0.07783784717321396,0.02798105776309967,0.15241926908493042,0.29581397771835327,0.002115494105964899,2.154322385787964,0.07581234723329544,,,,,,,,,,,,,,,
,5.2756768599629364e-05,15199,,,,,,,,,,,,,,,,,,,,,,,,,,,,,,
21,,15199,0.04147304967045784,0.030263397842645645,0.18895000219345093,0.0012486650375649333,0.036319002509117126,0.010972844436764717,0.13258901238441467,0.005551500711590052,0.07515007257461548,0.029664941132068634,0.12277227640151978,0.2697259783744812,0.0007034701993688941,2.1603569984436035,0.06942582875490189,,,,,,,,,,,,,,,
,5.2581036572697524e-05,15209,,,,,,,,,,,,,,,,,,,,,,,,,,,,,,
21,,15209,0.04131268709897995,0.04096408933401108,0.1949056088924408,0.0034194665495306253,0.030813228338956833,0.011365281417965889,0.1469246745109558,0.00891262385994196,0.06635142862796783,0.03445649519562721,0.1225665882229805,0.27484777569770813,0.0022884083446115255,2.1715505123138428,0.061877571046352386,,,,,,,,,,,,,,,
,5.2405535492876845e-05,15219,,,,,,,,,,,,,,,,,,,,,,,,,,,,,,
21,,15219,0.04026871919631958,0.04088592901825905,0.2970086336135864,0.0003698088985402137,0.04467984288930893,0.008970994502305984,0.16267506778240204,0.007418294437229633,0.07687893509864807,0.03590405732393265,0.18433663249015808,0.3433036208152771,0.00041726301424205303,2.1594126224517822,0.11350275576114655,,,,,,,,,,,,,,,
,5.223026577622034e-05,15229,,,,,,,,,,,,,,,,,,,,,,,,,,,,,,
21,,15229,0.06049000844359398,0.023966027423739433,0.2751159369945526,0.0029763486236333847,0.028876589611172676,0.014370154589414597,0.17614805698394775,0.0033520704600960016,0.031565140932798386,0.04894789680838585,0.1506454050540924,0.2889077067375183,0.002919950056821108,2.177410125732422,0.09938502311706543,,,,,,,,,,,,,,,
,5.2055227838232874e-05,15239,,,,,,,,,,,,,,,,,,,,,,,,,,,,,,
21,,15239,0.04569806903600693,0.034984853118658066,0.18534253537654877,0.000774108397308737,0.03959612920880318,0.012056681327521801,0.13658127188682556,0.009322062134742737,0.08763004839420319,0.043073948472738266,0.1510436087846756,0.3048315644264221,0.0006872474332340062,2.1535401344299316,0.0907662957906723,,,,,,,,,,,,,,,
,5.18804220938695e-05,15249,,,,,,,,,,,,,,,,,,,,,,,,,,,,,,
21,,15249,0.041806336492300034,0.01898406259715557,0.20137935876846313,0.0011103223077952862,0.0377688929438591,0.008320461958646774,0.12398190051317215,0.00804915465414524,0.07788597047328949,0.06727510690689087,0.1331319510936737,0.2777614891529083,0.0022654260974377394,2.150449752807617,0.0607481524348259,,,,,,,,,,,,,,,
,5.170584895753505e-05,15259,,,,,,,,,,,,,,,,,,,,,,,,,,,,,,
21,,15259,0.035052042454481125,0.02276887185871601,0.16341109573841095,0.0016532097943127155,0.021321021020412445,0.00539793586358428,0.10995791852474213,0.003914072178304195,0.05341330170631409,0.040773335844278336,0.12388727068901062,0.21879282593727112,0.0015228482661768794,2.128267765045166,0.054067790508270264,,,,,,,,,,,,,,,
,5.153150884308283e-05,15269,,,,,,,,,,,,,,,,,,,,,,,,,,,,,,
21,,15269,0.04074060544371605,0.023987902328372,0.18872946500778198,0.0012978370068594813,0.028642727062106133,0.0097246915102005,0.12875208258628845,0.006579568609595299,0.06592606753110886,0.03683989867568016,0.11876102536916733,0.2555147707462311,0.0017170145874843001,2.138113260269165,0.06640240550041199,,,,,,,,,,,,,,,
,5.135740216381378e-05,15279,,,,,,,,,,,,,,,,,,,,,,,,,,,,,,
21,,15279,0.03690340369939804,0.01527684461325407,0.1747090071439743,0.00028844899497926235,0.027807757258415222,0.012727251276373863,0.11810780316591263,0.0034725612495094538,0.03307954594492912,0.0443401038646698,0.1326768845319748,0.2107953429222107,0.00028392099193297327,2.139277219772339,0.06888935714960098,,,,,,,,,,,,,,,
,5.118352933247534e-05,15289,,,,,,,,,,,,,,,,,,,,,,,,,,,,,,
21,,15289,0.051385749131441116,0.029459934681653976,0.3449191451072693,0.006860412657260895,0.06683212518692017,0.010316726751625538,0.1842561513185501,0.003577006049454212,0.14825725555419922,0.03629231080412865,0.1698395162820816,0.4527397155761719,0.0012643288355320692,2.1630425453186035,0.1482863426208496,,,,,,,,,,,,,,,
21,,15289,,,,,,,,,,,,,,,,0.16724304854869843,0.05874176323413849,0.26964518427848816,0.01066445279866457,0.07164225727319717,0.0021041100844740868,0.20246174931526184,0.022311171516776085,0.1913028508424759,0.07481694966554642,0.19592677056789398,0.5869514346122742,0.010291875340044498,2.0896177291870117,0.14794445037841797
,5.1009890761260684e-05,15299,,,,,,,,,,,,,,,,,,,,,,,,,,,,,,
22,,15299,0.04745548591017723,0.009150389581918716,0.14252221584320068,0.0010836388682946563,0.031907372176647186,0.004672890994697809,0.10670368373394012,0.012202126905322075,0.08061116933822632,0.04345540329813957,0.11277462542057037,0.2535202205181122,0.0005143310409039259,2.128261089324951,0.07633981108665466,,,,,,,,,,,,,,,
,5.083648686180758e-05,15309,,,,,,,,,,,,,,,,,,,,,,,,,,,,,,
22,,15309,0.03410981595516205,0.0566742904484272,0.22632823884487152,0.0009769838070496917,0.031635113060474396,0.01230789627879858,0.20075836777687073,0.01527284923940897,0.07197725772857666,0.043772947043180466,0.1341559886932373,0.31229862570762634,0.001088312012143433,2.1452949047088623,0.05903556942939758,,,,,,,,,,,,,,,
,5.066331804519751e-05,15319,,,,,,,,,,,,,,,,,,,,,,,,,,,,,,
22,,15319,0.015857258811593056,0.024262553080916405,0.24105291068553925,0.001861361088231206,0.01820369064807892,0.003985949791967869,0.11985795199871063,0.005786357447504997,0.03780803084373474,0.025736676529049873,0.1375635862350464,0.2233908623456955,0.0007957516936585307,2.154355764389038,0.06436077505350113,,,,,,,,,,,,,,,
,5.049038472195466e-05,15329,,,,,,,,,,,,,,,,,,,,,,,,,,,,,,
22,,15329,0.021655406802892685,0.04734814539551735,0.23344169557094574,0.00043547965469770133,0.024335024878382683,0.007403415162116289,0.13929283618927002,0.0066714221611619,0.024941952899098396,0.02388295717537403,0.1138225719332695,0.22882609069347382,0.001199602149426937,2.1441187858581543,0.08274171501398087,,,,,,,,,,,,,,,
,5.031768730204484e-05,15339,,,,,,,,,,,,,,,,,,,,,,,,,,,,,,
22,,15339,0.02546004019677639,0.029977943748235703,0.19065016508102417,0.001759844715707004,0.02326727658510208,0.008676518686115742,0.14146120846271515,0.0055771321058273315,0.053649939596652985,0.03696358576416969,0.1304665207862854,0.23520886898040771,0.0011215517297387123,2.168564796447754,0.04675310105085373,,,,,,,,,,,,,,,
,5.0145226194874715e-05,15349,,,,,,,,,,,,,,,,,,,,,,,,,,,,,,
22,,15349,0.029355892911553383,0.0169606264680624,0.1503317803144455,0.00046098552411422133,0.022418871521949768,0.0038354177959263325,0.1128765195608139,0.008079778403043747,0.04052719473838806,0.041269805282354355,0.1160111352801323,0.20286649465560913,0.0004275272658560425,2.1442618370056152,0.07225017994642258,,,,,,,,,,,,,,,
,4.997300180929077e-05,15359,,,,,,,,,,,,,,,,,,,,,,,,,,,,,,
22,,15359,0.03224556893110275,0.02140069752931595,0.19737371802330017,0.0045585427433252335,0.027364136651158333,0.005377969704568386,0.10321446508169174,0.004785518627613783,0.045666493475437164,0.04585658386349678,0.12749379873275757,0.23105302453041077,0.005425381474196911,2.154334545135498,0.06337001174688339,,,,,,,,,,,,,,,
,4.980101455357809e-05,15369,,,,,,,,,,,,,,,,,,,,,,,,,,,,,,
22,,15369,0.033894140273332596,0.011633366346359253,0.15775810182094574,0.0007166067371144891,0.03193355351686478,0.006546100601553917,0.09437786787748337,0.0033204834908246994,0.04179060831665993,0.04879065975546837,0.13210566341876984,0.20695018768310547,0.0007547095883637667,2.173424005508423,0.07616426795721054,,,,,,,,,,,,,,,
,4.962926483545995e-05,15379,,,,,,,,,,,,,,,,,,,,,,,,,,,,,,
22,,15379,0.043596863746643066,0.017083365470170975,0.1895991861820221,0.0010196407092735171,0.030017541721463203,0.008731360547244549,0.1401238590478897,0.01167493499815464,0.06766640394926071,0.040463440120220184,0.12449317425489426,0.26024842262268066,0.0011097074020653963,2.111140727996826,0.051323361694812775,,,,,,,,,,,,,,,
,4.945775306209616e-05,15389,,,,,,,,,,,,,,,,,,,,,,,,,,,,,,
22,,15389,0.040896058082580566,0.02162177674472332,0.2579926550388336,0.0015855018282309175,0.031236963346600533,0.004683277104049921,0.13257233798503876,0.00711060082539916,0.06600333005189896,0.03400566801428795,0.16209803521633148,0.2875990867614746,0.003555885050445795,2.1414403915405273,0.07344929873943329,,,,,,,,,,,,,,,
,4.928647964008264e-05,15399,,,,,,,,,,,,,,,,,,,,,,,,,,,,,,
22,,15399,0.03981967270374298,0.020694442093372345,0.2584392726421356,0.0003097772132605314,0.037820905447006226,0.01132840383797884,0.13303948938846588,0.005252270959317684,0.08084818720817566,0.036993540823459625,0.17795859277248383,0.3088172972202301,0.0009889504872262478,2.141481876373291,0.08726219832897186,,,,,,,,,,,,,,,
,4.9115444975450204e-05,15409,,,,,,,,,,,,,,,,,,,,,,,,,,,,,,
22,,15409,0.04544771835207939,0.02678346261382103,0.17730025947093964,0.004526842851191759,0.03541826829314232,0.00849554967135191,0.15923166275024414,0.009519126266241074,0.122425377368927,0.0482870414853096,0.12441317737102509,0.33261317014694214,0.000630990311037749,2.1555545330047607,0.07949158549308777,,,,,,,,,,,,,,,
,4.8944649473663744e-05,15419,,,,,,,,,,,,,,,,,,,,,,,,,,,,,,
22,,15419,0.04770811274647713,0.022045696154236794,0.21977248787879944,0.002974529517814517,0.02653506211936474,0.004898758139461279,0.1447448581457138,0.006713355891406536,0.09932026267051697,0.025202371180057526,0.12720300257205963,0.2997093200683594,0.0009365606820210814,2.1441705226898193,0.05556735396385193,,,,,,,,,,,,,,,
,4.877409353962098e-05,15429,,,,,,,,,,,,,,,,,,,,,,,,,,,,,,
22,,15429,0.019921740517020226,0.01695837453007698,0.19469274580478668,0.0008027727017179132,0.019434437155723572,0.012206563726067543,0.09455576539039612,0.004194523207843304,0.0371086560189724,0.03778745234012604,0.12733347713947296,0.20134678483009338,0.0024892890360206366,2.1224257946014404,0.052879516035318375,,,,,,,,,,,,,,,
,4.860377757765186e-05,15439,,,,,,,,,,,,,,,,,,,,,,,,,,,,,,
22,,15439,0.0657784566283226,0.021456332877278328,0.2236495167016983,0.00670979218557477,0.052635736763477325,0.006906322669237852,0.11395160108804703,0.008500425145030022,0.10200116783380508,0.04762667044997215,0.15960361063480377,0.3486913740634918,0.008260460570454597,2.1069140434265137,0.10162732750177383,,,,,,,,,,,,,,,
,4.843370199151741e-05,15449,,,,,,,,,,,,,,,,,,,,,,,,,,,,,,
22,,15449,0.040689561516046524,0.028899595141410828,0.17323517799377441,0.0029159330297261477,0.022408636286854744,0.0068841963075101376,0.11983609199523926,0.00521003408357501,0.06492168456315994,0.03501378744840622,0.12851709127426147,0.2466883510351181,0.0003976243606302887,2.145118236541748,0.06469714641571045,,,,,,,,,,,,,,,
,4.826386718440881e-05,15459,,,,,,,,,,,,,,,,,,,,,,,,,,,,,,
22,,15459,0.025762176141142845,0.03659361973404884,0.2644178569316864,0.0026776136364787817,0.0333431214094162,0.005134157836437225,0.16686363518238068,0.0038907963316887617,0.0389024056494236,0.03306196630001068,0.17313933372497559,0.27631187438964844,0.0047066896222531796,2.1406750679016113,0.09028179943561554,,,,,,,,,,,,,,,
,4.8094273558946434e-05,15469,,,,,,,,,,,,,,,,,,,,,,,,,,,,,,
22,,15469,0.056511346250772476,0.03138940408825874,0.2590155601501465,0.0010740672005340457,0.04079873114824295,0.011164308525621891,0.14657768607139587,0.009547080844640732,0.09783028811216354,0.04937329888343811,0.1633065789937973,0.34748411178588867,0.0023556833621114492,2.1389505863189697,0.08555755019187927,,,,,,,,,,,,,,,
,4.7924921517178785e-05,15479,,,,,,,,,,,,,,,,,,,,,,,,,,,,,,
22,,15479,0.03974107280373573,0.018098991364240646,0.2294013351202011,0.0006643949309363961,0.02668936923146248,0.00490630092099309,0.12184534966945648,0.003007633611559868,0.052391521632671356,0.0341402068734169,0.14547395706176758,0.2526406943798065,0.0009025209001265466,2.1429851055145264,0.08647145330905914,,,,,,,,,,,,,,,
,4.775581146058185e-05,15489,,,,,,,,,,,,,,,,,,,,,,,,,,,,,,
22,,15489,0.0377843864262104,0.019078530371189117,0.21033652126789093,0.000380185607355088,0.04070745036005974,0.007547373883426189,0.12672027945518494,0.008026828989386559,0.060334090143442154,0.032632891088724136,0.16330882906913757,0.27584317326545715,0.003549713408574462,2.1161160469055176,0.10246820002794266,,,,,,,,,,,,,,,
,4.758694379005783e-05,15499,,,,,,,,,,,,,,,,,,,,,,,,,,,,,,
22,,15499,0.04507473483681679,0.018748978152871132,0.255144327878952,0.0031081887427717447,0.030861105769872665,0.004608097951859236,0.14917081594467163,0.005835557356476784,0.07346164435148239,0.04625951126217842,0.15277215838432312,0.30424249172210693,0.006464752834290266,2.125412940979004,0.07995551079511642,,,,,,,,,,,,,,,
,4.741831890593425e-05,15509,,,,,,,,,,,,,,,,,,,,,,,,,,,,,,
22,,15509,0.037586141377687454,0.015695421025156975,0.1704695224761963,0.001027408055961132,0.028168221935629845,0.012426854111254215,0.10506830364465714,0.007962223142385483,0.06553270667791367,0.04074474796652794,0.13477319478988647,0.24767829477787018,0.000612293544691056,2.1108949184417725,0.0791422426700592,,,,,,,,,,,,,,,
,4.72499372079633e-05,15519,,,,,,,,,,,,,,,,,,,,,,,,,,,,,,
22,,15519,0.047285791486501694,0.049414798617362976,0.22544948756694794,0.0038892687298357487,0.035664286464452744,0.002555564511567354,0.15980269014835358,0.01105743832886219,0.08370260894298553,0.03638611361384392,0.13095873594284058,0.3128635883331299,0.0009017759002745152,2.1385650634765625,0.0682486966252327,,,,,,,,,,,,,,,
,4.708179909532041e-05,15529,,,,,,,,,,,,,,,,,,,,,,,,,,,,,,
22,,15529,0.06471215188503265,0.01760382577776909,0.1864413172006607,0.0003199575876351446,0.029398446902632713,0.009079987183213234,0.11632999777793884,0.009526379406452179,0.119856096804142,0.03063523769378662,0.1600959151983261,0.32524603605270386,0.0006163083598949015,2.150738477706909,0.07336898148059845,,,,,,,,,,,,,,,
,4.6913904966603665e-05,15539,,,,,,,,,,,,,,,,,,,,,,,,,,,,,,
22,,15539,0.02460896037518978,0.03695118799805641,0.23355938494205475,0.0022368517238646746,0.02941063791513443,0.008203316479921341,0.13916102051734924,0.003927391953766346,0.04369034990668297,0.04551723971962929,0.1570100039243698,0.25437724590301514,0.001178136677481234,2.1423304080963135,0.07239183783531189,,,,,,,,,,,,,,,
,4.6746255219832765e-05,15549,,,,,,,,,,,,,,,,,,,,,,,,,,,,,,
22,,15549,0.03467689827084541,0.018448729068040848,0.21350431442260742,0.0008154140086844563,0.031064240261912346,0.005845740437507629,0.11107684671878815,0.005019752774387598,0.0570804588496685,0.021705763414502144,0.13089871406555176,0.2432706654071808,0.0010860483162105083,2.148172378540039,0.07535338401794434,,,,,,,,,,,,,,,
,4.65788502524481e-05,15559,,,,,,,,,,,,,,,,,,,,,,,,,,,,,,
22,,15559,0.0493362657725811,0.033230409026145935,0.18351320922374725,0.0010798511793836951,0.03023097664117813,0.004752549808472395,0.13274957239627838,0.007909650914371014,0.08754125237464905,0.0313146710395813,0.1484197974205017,0.2864863872528076,0.0005576501716859639,2.101891279220581,0.06293714791536331,,,,,,,,,,,,,,,
,4.641169046130951e-05,15569,,,,,,,,,,,,,,,,,,,,,,,,,,,,,,
22,,15569,0.07428488880395889,0.026502324268221855,0.2367033213376999,0.0027398010715842247,0.04517890140414238,0.012580951675772667,0.153874933719635,0.009827470406889915,0.10950666666030884,0.04874324053525925,0.15155085921287537,0.37040454149246216,0.002626253990456462,2.093470573425293,0.11091461032629013,,,,,,,,,,,,,,,
,4.624477624269605e-05,15579,,,,,,,,,,,,,,,,,,,,,,,,,,,,,,
22,,15579,0.04869082197546959,0.031414248049259186,0.24549008905887604,0.0019337801495566964,0.044154200702905655,0.008680151775479317,0.14937417209148407,0.00792792160063982,0.07166353613138199,0.03290281817317009,0.1713973581790924,0.32815277576446533,0.005851655267179012,2.1274092197418213,0.1276022046804428,,,,,,,,,,,,,,,
,4.6078107992304235e-05,15589,,,,,,,,,,,,,,,,,,,,,,,,,,,,,,
22,,15589,0.0619976744055748,0.02413562685251236,0.29844558238983154,0.004799711983650923,0.05274799466133118,0.003936685621738434,0.16129648685455322,0.007121135480701923,0.08317266404628754,0.05194133147597313,0.1883651614189148,0.36615580320358276,0.004159807227551937,2.145625114440918,0.11924006789922714,,,,,,,,,,,,,,,
,4.591168610524753e-05,15599,,,,,,,,,,,,,,,,,,,,,,,,,,,,,,
22,,15599,0.027070604264736176,0.0321020781993866,0.26571759581565857,0.0028174524195492268,0.023217996582388878,0.005981903988867998,0.12906135618686676,0.005152304191142321,0.05218123644590378,0.03990660980343819,0.14672605693340302,0.261685848236084,0.0021156184375286102,2.1574411392211914,0.056452758610248566,,,,,,,,,,,,,,,
,4.5745510976055586e-05,15609,,,,,,,,,,,,,,,,,,,,,,,,,,,,,,
22,,15609,0.023095358163118362,0.020913172513246536,0.229611337184906,0.003165468107908964,0.032897818833589554,0.003813085611909628,0.12735454738140106,0.004197349771857262,0.050253286957740784,0.054544005542993546,0.14668996632099152,0.24835927784442902,0.0038946245331317186,2.1923069953918457,0.06187652796506882,,,,,,,,,,,,,,,
,4.557958299867279e-05,15619,,,,,,,,,,,,,,,,,,,,,,,,,,,,,,
22,,15619,0.04656402766704559,0.01460378896445036,0.17215240001678467,0.0023236447013914585,0.026290884241461754,0.006217565853148699,0.10312636941671371,0.004540164489299059,0.06007997691631317,0.022575533017516136,0.14566442370414734,0.23690836131572723,0.00047851548879407346,2.1336519718170166,0.06911494582891464,,,,,,,,,,,,,,,
,4.5413902566457784e-05,15629,,,,,,,,,,,,,,,,,,,,,,,,,,,,,,
22,,15629,0.036225177347660065,0.0270841084420681,0.2352941781282425,0.0022270234767347574,0.05135355889797211,0.005838047247380018,0.15815995633602142,0.00685343611985445,0.04587816074490547,0.03355349600315094,0.19423840939998627,0.2893161177635193,0.004695804789662361,2.1338582038879395,0.1031637042760849,,,,,,,,,,,,,,,
,4.524847007218232e-05,15639,,,,,,,,,,,,,,,,,,,,,,,,,,,,,,
22,,15639,0.05163555219769478,0.017902661114931107,0.1563948690891266,0.0008864328265190125,0.03020670637488365,0.01088305376470089,0.10034964978694916,0.009364103898406029,0.07657522708177567,0.049879368394613266,0.14188748598098755,0.2630886733531952,0.0001238632685272023,2.1124308109283447,0.0743391364812851,,,,,,,,,,,,,,,
,4.508328590803038e-05,15649,,,,,,,,,,,,,,,,,,,,,,,,,,,,,,
22,,15649,0.01904565654695034,0.026188524439930916,0.24941138923168182,0.0021007321774959564,0.03517256677150726,0.004684945568442345,0.12724879384040833,0.0030364221893250942,0.04112475365400314,0.03394090011715889,0.1613391786813736,0.24788939952850342,0.0006448557833209634,2.14949107170105,0.08618062734603882,,,,,,,,,,,,,,,
,4.491835046559729e-05,15659,,,,,,,,,,,,,,,,,,,,,,,,,,,,,,
22,,15659,0.040561165660619736,0.05257727950811386,0.21202559769153595,0.001129221054725349,0.030044887214899063,0.011688556522130966,0.21146772801876068,0.006790407933294773,0.06244958937168121,0.030832746997475624,0.15603582561016083,0.3114895820617676,0.00031853103428147733,2.1138088703155518,0.11276046186685562,,,,,,,,,,,,,,,
,4.475366413588858e-05,15669,,,,,,,,,,,,,,,,,,,,,,,,,,,,,,
22,,15669,0.02592521905899048,0.028635114431381226,0.20863837003707886,0.0009340537362731993,0.03277609497308731,0.00332097546197474,0.15990838408470154,0.0030526926275342703,0.03314830735325813,0.017090309411287308,0.15663635730743408,0.23611243069171906,0.0038873187731951475,2.1740670204162598,0.08119814842939377,,,,,,,,,,,,,,,
,4.4589227309319394e-05,15679,,,,,,,,,,,,,,,,,,,,,,,,,,,,,,
22,,15679,0.05058027431368828,0.03682667016983032,0.2668907046318054,0.001240903977304697,0.047366540879011154,0.008854792453348637,0.1591321974992752,0.005499063991010189,0.042202431708574295,0.05592452734708786,0.13173216581344604,0.28559377789497375,0.0009941956959664822,2.1472620964050293,0.08260655403137207,,,,,,,,,,,,,,,
,4.442504037571329e-05,15689,,,,,,,,,,,,,,,,,,,,,,,,,,,,,,
22,,15689,0.04852348566055298,0.031095467507839203,0.21181567013263702,0.0015679947100579739,0.029049869626760483,0.005174168851226568,0.14722862839698792,0.005813359282910824,0.0677860751748085,0.034824587404727936,0.13046839833259583,0.2767975628376007,0.003869252046570182,2.173550605773926,0.06514063477516174,,,,,,,,,,,,,,,
,4.4261103724301536e-05,15699,,,,,,,,,,,,,,,,,,,,,,,,,,,,,,
22,,15699,0.057639230042696,0.024163175374269485,0.16597838699817657,0.00172518752515316,0.040774889290332794,0.015813060104846954,0.1330130696296692,0.007724064867943525,0.08445554971694946,0.04157271236181259,0.12234395742416382,0.28727230429649353,0.0022435770370066166,2.1434624195098877,0.06929103285074234,,,,,,,,,,,,,,,
,4.40974177437218e-05,15709,,,,,,,,,,,,,,,,,,,,,,,,,,,,,,
22,,15709,0.037440553307533264,0.029517903923988342,0.2193194031715393,0.004177285358309746,0.02125328592956066,0.007561421021819115,0.12813733518123627,0.004991935566067696,0.06543249636888504,0.03012619912624359,0.1296311616897583,0.2575847804546356,0.0020656606648117304,2.189450979232788,0.043402109295129776,,,,,,,,,,,,,,,
,4.3933982822017876e-05,15719,,,,,,,,,,,,,,,,,,,,,,,,,,,,,,
22,,15719,0.051532816141843796,0.02111232653260231,0.25510793924331665,0.0021822305861860514,0.04599122330546379,0.013519617728888988,0.14013084769248962,0.005147765390574932,0.06644535064697266,0.04402995482087135,0.1542518585920334,0.307424396276474,0.001771144918166101,2.137298345565796,0.10129659622907639,,,,,,,,,,,,,,,
,4.3770799346638085e-05,15729,,,,,,,,,,,,,,,,,,,,,,,,,,,,,,
22,,15729,0.05463114380836487,0.019703665748238564,0.21063770353794098,0.005131670739501715,0.06186891719698906,0.004402613267302513,0.141402006149292,0.01129416935145855,0.21677865087985992,0.04265802353620529,0.16309954226016998,0.4570680260658264,0.0013829924864694476,2.1461853981018066,0.10684824734926224,,,,,,,,,,,,,,,
,4.3607867704434655e-05,15739,,,,,,,,,,,,,,,,,,,,,,,,,,,,,,
22,,15739,0.03171415627002716,0.0205656997859478,0.19702334702014923,0.0010828512022271752,0.032056163996458054,0.007499896455556154,0.11621487140655518,0.003961857408285141,0.05442754551768303,0.03400954231619835,0.12545277178287506,0.24012711644172668,0.002174420515075326,2.157649278640747,0.0809345468878746,,,,,,,,,,,,,,,
,4.344518828166308e-05,15749,,,,,,,,,,,,,,,,,,,,,,,,,,,,,,
22,,15749,0.052136458456516266,0.015243591740727425,0.19615358114242554,0.0009272319148294628,0.05969821289181709,0.005865094251930714,0.14836113154888153,0.010238392278552055,0.13851797580718994,0.03231770172715187,0.16679935157299042,0.37070897221565247,0.00018674315651878715,2.1404542922973633,0.12223991006612778,,,,,,,,,,,,,,,
,4.3282761463980625e-05,15759,,,,,,,,,,,,,,,,,,,,,,,,,,,,,,
22,,15759,0.02590840309858322,0.017192784696817398,0.23105938732624054,0.0017651099478825927,0.03731909766793251,0.007112616673111916,0.09115228056907654,0.0042986501939594746,0.043459974229335785,0.030444210395216942,0.15635864436626434,0.24270890653133392,0.00037304116995073855,2.1581268310546875,0.10716824233531952,,,,,,,,,,,,,,,
,4.3120587636445845e-05,15769,,,,,,,,,,,,,,,,,,,,,,,,,,,,,,
22,,15769,0.03065810166299343,0.017522672191262245,0.23542749881744385,0.0005134227685630322,0.03450116142630577,0.011811940930783749,0.13451477885246277,0.0045622908510267735,0.09214697033166885,0.032378919422626495,0.15467607975006104,0.30326229333877563,0.0015058768913149834,2.137665271759033,0.09205105900764465,,,,,,,,,,,,,,,
,4.2958667183517564e-05,15779,,,,,,,,,,,,,,,,,,,,,,,,,,,,,,
22,,15779,0.04387330263853073,0.018344566226005554,0.23008543252944946,0.0027327551506459713,0.03605543449521065,0.00548734562471509,0.11871223896741867,0.0060349442064762115,0.08927284181118011,0.05611894652247429,0.14852933585643768,0.3010117709636688,0.001481294515542686,2.1524009704589844,0.07876837998628616,,,,,,,,,,,,,,,
,4.279700048905394e-05,15789,,,,,,,,,,,,,,,,,,,,,,,,,,,,,,
22,,15789,0.06497561931610107,0.01800065115094185,0.19916099309921265,0.0016985207330435514,0.04259718954563141,0.014836996793746948,0.12004914879798889,0.01081699039787054,0.09075804054737091,0.051623594015836716,0.1539623737335205,0.3225012719631195,0.001461066654883325,2.1297035217285156,0.10571399331092834,,,,,,,,,,,,,,,
,4.263558793631143e-05,15799,,,,,,,,,,,,,,,,,,,,,,,,,,,,,,
22,,15799,0.06895000487565994,0.06527183949947357,0.2516554594039917,0.0011584871681407094,0.04055241867899895,0.003763171611353755,0.20128318667411804,0.01154477521777153,0.11669639497995377,0.03346738591790199,0.1829664558172226,0.40310898423194885,0.0015186950331553817,2.1230242252349854,0.10718797147274017,,,,,,,,,,,,,,,
,4.247442990794417e-05,15809,,,,,,,,,,,,,,,,,,,,,,,,,,,,,,
22,,15809,0.03252773731946945,0.022746680304408073,0.24178600311279297,0.0018937898566946387,0.0232168510556221,0.011650023981928825,0.12325085699558258,0.007591667585074902,0.061136528849601746,0.03854483366012573,0.13964317739009857,0.26631611585617065,0.0007962377276271582,2.146022319793701,0.06949079781770706,,,,,,,,,,,,,,,
,4.231352678600282e-05,15819,,,,,,,,,,,,,,,,,,,,,,,,,,,,,,
22,,15819,0.0627785325050354,0.014896746724843979,0.22613310813903809,0.006442706566303968,0.04331160709261894,0.01636095717549324,0.1435030847787857,0.006000352557748556,0.11811640113592148,0.044832371175289154,0.1498795449733734,0.35741403698921204,0.0021999606397002935,2.1456377506256104,0.09293940663337708,,,,,,,,,,,,,,,
,4.2152878951933764e-05,15829,,,,,,,,,,,,,,,,,,,,,,,,,,,,,,
22,,15829,0.020599640905857086,0.030614767223596573,0.2913822531700134,0.003705075476318598,0.0341058224439621,0.005963580682873726,0.14249159395694733,0.001576657290570438,0.02478977106511593,0.04168899357318878,0.15766026079654694,0.25699910521507263,0.005831848364323378,2.1627871990203857,0.08739598095417023,,,,,,,,,,,,,,,
,4.1992486786578244e-05,15839,,,,,,,,,,,,,,,,,,,,,,,,,,,,,,
22,,15839,0.04263359680771828,0.019967276602983475,0.2515460252761841,0.0006084362394176424,0.027838246896862984,0.009597583673894405,0.1267024725675583,0.002527036005631089,0.0472664013504982,0.05288181081414223,0.16483256220817566,0.2695391774177551,0.0010061721550300717,2.147716522216797,0.0967695564031601,,,,,,,,,,,,,,,
,4.183235067017118e-05,15849,,,,,,,,,,,,,,,,,,,,,,,,,,,,,,
22,,15849,0.02913534641265869,0.0238126702606678,0.2287847399711609,0.0022628281731158495,0.03085147589445114,0.01657266356050968,0.11713109165430069,0.0026740417815744877,0.03703594580292702,0.03340398892760277,0.13932426273822784,0.23794203996658325,0.00022367916244547814,2.1249959468841553,0.08286646753549576,,,,,,,,,,,,,,,
,4.1672470982340846e-05,15859,,,,,,,,,,,,,,,,,,,,,,,,,,,,,,
22,,15859,0.05652323365211487,0.03495306149125099,0.23639121651649475,0.0023052061442285776,0.04615437984466553,0.0037772131618112326,0.13174310326576233,0.005851663649082184,0.1094328835606575,0.034239012748003006,0.16699321568012238,0.34716668725013733,0.004963686224073172,2.129937171936035,0.0885184183716774,,,,,,,,,,,,,,,
,4.151284810210729e-05,15869,,,,,,,,,,,,,,,,,,,,,,,,,,,,,,
22,,15869,0.035372544080019,0.0348890945315361,0.2371077984571457,0.012163858860731125,0.02461542747914791,0.0047239456325769424,0.1520223170518875,0.006854875013232231,0.04023287072777748,0.04188431426882744,0.12138532847166061,0.2602972388267517,0.0067059630528092384,2.1814491748809814,0.048280954360961914,,,,,,,,,,,,,,,
,4.135348240788183e-05,15879,,,,,,,,,,,,,,,,,,,,,,,,,,,,,,
22,,15879,0.027445929124951363,0.017228586599230766,0.2719477713108063,0.00110152130946517,0.03513931855559349,0.008445271290838718,0.1454920619726181,0.003774710465222597,0.052485253661870956,0.034783024340867996,0.149888813495636,0.2699294090270996,0.00041171975317411125,2.1313211917877197,0.08460592478513718,,,,,,,,,,,,,,,
,4.1194374277466305e-05,15889,,,,,,,,,,,,,,,,,,,,,,,,,,,,,,
22,,15889,0.05093454569578171,0.018951639533042908,0.20131315290927887,0.002661576261743903,0.03007793426513672,0.005783896427601576,0.13201016187667847,0.008491424843668938,0.10994642227888107,0.04041026160120964,0.1247868686914444,0.3154257535934448,0.0032765886280685663,2.1226017475128174,0.07724981755018234,,,,,,,,,,,,,,,
,4.103552408805163e-05,15899,,,,,,,,,,,,,,,,,,,,,,,,,,,,,,
22,,15899,0.05421147495508194,0.016609109938144684,0.20421463251113892,0.0013176753418520093,0.035608597099781036,0.014362789690494537,0.11203248798847198,0.003994042985141277,0.0639689564704895,0.0347793772816658,0.14458613097667694,0.2737254798412323,0.0010252598440274596,2.141439914703369,0.10059983283281326,,,,,,,,,,,,,,,
,4.0876932216217434e-05,15909,,,,,,,,,,,,,,,,,,,,,,,,,,,,,,
22,,15909,0.026129255071282387,0.034846559166908264,0.20998449623584747,0.0007737457635812461,0.03601935878396034,0.0038936606142669916,0.14362777769565582,0.004013953730463982,0.04964617267251015,0.024602267891168594,0.13400250673294067,0.2435585856437683,0.0004669776826631278,2.152970790863037,0.07103221863508224,,,,,,,,,,,,,,,
,4.071859903793092e-05,15919,,,,,,,,,,,,,,,,,,,,,,,,,,,,,,
22,,15919,0.053890347480773926,0.017605548724532127,0.260593444108963,0.002076874254271388,0.04172908887267113,0.008005334064364433,0.1185387670993805,0.004536238498985767,0.10542496293783188,0.037091851234436035,0.16758891940116882,0.3423125445842743,0.0022386638447642326,2.1358840465545654,0.10906410962343216,,,,,,,,,,,,,,,
,4.0560524928546056e-05,15929,,,,,,,,,,,,,,,,,,,,,,,,,,,,,,
22,,15929,0.06325840204954147,0.01939973421394825,0.15024954080581665,0.001386430230922997,0.029563264921307564,0.00960258487612009,0.10751836001873016,0.009015674702823162,0.0938069149851799,0.03888510912656784,0.14018087089061737,0.2860146462917328,0.0011312526185065508,2.1388185024261475,0.07756586372852325,,,,,,,,,,,,,,,
,4.040271026280246e-05,15939,,,,,,,,,,,,,,,,,,,,,,,,,,,,,,
22,,15939,0.03692064434289932,0.038713227957487106,0.24386130273342133,0.001554617891088128,0.025897139683365822,0.008503683842718601,0.153829425573349,0.006237293593585491,0.07341628521680832,0.040602732449769974,0.14737145602703094,0.29320165514945984,0.0008548442856408656,2.123392105102539,0.06428808718919754,,,,,,,,,,,,,,,
,4.024515541482504e-05,15949,,,,,,,,,,,,,,,,,,,,,,,,,,,,,,
22,,15949,0.02809259295463562,0.024161219596862793,0.21593667566776276,0.0009947959333658218,0.026827499270439148,0.009006218984723091,0.12189962714910507,0.007723536342382431,0.041203517466783524,0.035359881818294525,0.13537338376045227,0.2361430823802948,0.0019312789663672447,2.1890692710876465,0.07244870066642761,,,,,,,,,,,,,,,
,4.00878607581224e-05,15959,,,,,,,,,,,,,,,,,,,,,,,,,,,,,,
22,,15959,0.03347165510058403,0.037707120180130005,0.17338871955871582,0.0010897878091782331,0.027585405856370926,0.0032466771081089973,0.11924752593040466,0.007272907067090273,0.05672439560294151,0.03532545641064644,0.13890023529529572,0.24349479377269745,0.001232739887200296,2.168347120285034,0.07309749722480774,,,,,,,,,,,,,,,
,3.993082666558655e-05,15969,,,,,,,,,,,,,,,,,,,,,,,,,,,,,,
22,,15969,0.030399290844798088,0.03976057469844818,0.189665749669075,0.0008937076199799776,0.030424831435084343,0.005575756076723337,0.14094285666942596,0.004829133860766888,0.047182463109493256,0.028219087049365044,0.13240587711334229,0.239205464720726,0.00026802922366186976,2.165327787399292,0.07228223234415054,,,,,,,,,,,,,,,
,3.977405350949176e-05,15979,,,,,,,,,,,,,,,,,,,,,,,,,,,,,,
22,,15979,0.04807877540588379,0.03262895718216896,0.14914490282535553,0.002973244758322835,0.02314366213977337,0.01355396956205368,0.1313869059085846,0.01004828605800867,0.0830639898777008,0.057706885039806366,0.102796271443367,0.2748918831348419,0.0057406057603657246,2.156238555908203,0.05535459518432617,,,,,,,,,,,,,,,
22,,15984,,,,,,,,,,,,,,,,0.1637127846479416,0.04347648099064827,0.2709254324436188,0.00865008495748043,0.07617548108100891,0.002086917171254754,0.158978670835495,0.020260894671082497,0.18766999244689941,0.07330609858036041,0.19398631155490875,0.5606218576431274,0.009633251465857029,2.0960590839385986,0.14752602577209473
,3.961754166149358e-05,15989,,,,,,,,,,,,,,,,,,,,,,,,,,,,,,
23,,15989,0.04814785346388817,0.022191282361745834,0.16475214064121246,0.0007374948472715914,0.02845296636223793,0.013967693783342838,0.11238991469144821,0.006982840597629547,0.0570719949901104,0.03563149273395538,0.1101466715335846,0.23438039422035217,0.0006304351845756173,2.1592328548431396,0.05670966953039169,,,,,,,,,,,,,,,
,3.946129149262824e-05,15999,,,,,,,,,,,,,,,,,,,,,,,,,,,,,,
23,,15999,0.02558869495987892,0.024719735607504845,0.2319890409708023,0.0016524182865396142,0.03430561721324921,0.006687247194349766,0.14436215162277222,0.0067600589245557785,0.08270779997110367,0.037242185324430466,0.1464281529188156,0.28908100724220276,0.0009989611571654677,2.151956081390381,0.07266757637262344,,,,,,,,,,,,,,,
,3.9305303373311536e-05,16009,,,,,,,,,,,,,,,,,,,,,,,,,,,,,,
23,,16009,0.03870876505970955,0.031339723616838455,0.2442152202129364,0.0006277234060689807,0.03048567846417427,0.010628179647028446,0.12880583107471466,0.004276695661246777,0.04197871685028076,0.03562396392226219,0.14289389550685883,0.25508296489715576,0.0001349844824289903,2.1190714836120605,0.0795021653175354,,,,,,,,,,,,,,,
,3.914957767333807e-05,16019,,,,,,,,,,,,,,,,,,,,,,,,,,,,,,
23,,16019,0.030253944918513298,0.04926988482475281,0.2017548680305481,0.0010331198573112488,0.033058393746614456,0.007353170309215784,0.15198077261447906,0.003994267899543047,0.05576469749212265,0.040592946112155914,0.14164996147155762,0.26951271295547485,0.0024900652933865786,2.1372265815734863,0.08837959170341492,,,,,,,,,,,,,,,
,3.899411476188039e-05,16029,,,,,,,,,,,,,,,,,,,,,,,,,,,,,,
23,,16029,0.024288875982165337,0.02053075097501278,0.22035369277000427,0.00010687404574127868,0.02570338360965252,0.007097118999809027,0.11000096052885056,0.0030133742839097977,0.026337144896388054,0.02681000716984272,0.15089011192321777,0.20794430375099182,0.0001935907785082236,2.1522715091705322,0.06718769669532776,,,,,,,,,,,,,,,
,3.8838915007487866e-05,16039,,,,,,,,,,,,,,,,,,,,,,,,,,,,,,
23,,16039,0.059052322059869766,0.019162891432642937,0.2514205574989319,0.0029636595863848925,0.0423617847263813,0.014135278761386871,0.1261691004037857,0.014718353748321533,0.11328300088644028,0.05162746459245682,0.14678409695625305,0.3611912429332733,0.0004886294482275844,2.1608376502990723,0.10272933542728424,,,,,,,,,,,,,,,
,3.86839787780862e-05,16049,,,,,,,,,,,,,,,,,,,,,,,,,,,,,,
23,,16049,0.028064407408237457,0.012295272201299667,0.1572599709033966,0.0024647109676152468,0.031802862882614136,0.015869969502091408,0.09406883269548416,0.010231789201498032,0.15007175505161285,0.029570236802101135,0.12200035154819489,0.3182845711708069,0.0012007489567622542,2.170516014099121,0.06649590283632278,,,,,,,,,,,,,,,
,3.852930644097634e-05,16059,,,,,,,,,,,,,,,,,,,,,,,,,,,,,,
23,,16059,0.02181939035654068,0.023005029186606407,0.21325182914733887,0.00463232584297657,0.022397825494408607,0.006250609178096056,0.10510861873626709,0.0035739655140787363,0.036527615040540695,0.034138768911361694,0.1393916755914688,0.21760131418704987,0.003255113260820508,2.151228189468384,0.05841325595974922,,,,,,,,,,,,,,,
,3.83748983628336e-05,16069,,,,,,,,,,,,,,,,,,,,,,,,,,,,,,
23,,16069,0.025656038895249367,0.027897853404283524,0.27631229162216187,0.0021364884451031685,0.03405851125717163,0.008316134102642536,0.13691620528697968,0.006347733084112406,0.045655880123376846,0.0466170571744442,0.15528427064418793,0.27731388807296753,0.005580979399383068,2.1572351455688477,0.08586928993463516,,,,,,,,,,,,,,,
,3.822075490970673e-05,16079,,,,,,,,,,,,,,,,,,,,,,,,,,,,,,
23,,16079,0.07226164638996124,0.01566881127655506,0.1992315948009491,0.0009869906352832913,0.03496899828314781,0.005252720322459936,0.11266707628965378,0.0065991817973554134,0.1043596938252449,0.057489849627017975,0.15136732161045074,0.3199913501739502,0.0011468840530142188,2.086087703704834,0.0876614972949028,,,,,,,,,,,,,,,
,3.806687644701742e-05,16089,,,,,,,,,,,,,,,,,,,,,,,,,,,,,,
23,,16089,0.04131026938557625,0.027307037264108658,0.1686941385269165,0.0012496882118284702,0.03284331038594246,0.01093323528766632,0.0887199342250824,0.004346028435975313,0.06117870286107063,0.03680998459458351,0.13928821682929993,0.24058228731155396,0.0001511343871243298,2.1480021476745605,0.07411329448223114,,,,,,,,,,,,,,,
,3.791326333955883e-05,16099,,,,,,,,,,,,,,,,,,,,,,,,,,,,,,
23,,16099,0.035910576581954956,0.02319946698844433,0.19071392714977264,0.0007128393626771867,0.0270370002835989,0.013032081536948681,0.14345864951610565,0.004187306389212608,0.06655514240264893,0.031394027173519135,0.13149096071720123,0.2569766938686371,0.0004974462790414691,2.1523022651672363,0.06809142976999283,,,,,,,,,,,,,,,
,3.7759915951495276e-05,16109,,,,,,,,,,,,,,,,,,,,,,,,,,,,,,
23,,16109,0.06614486873149872,0.06328579783439636,0.30180424451828003,0.004557702224701643,0.051999807357788086,0.004249121528118849,0.21622541546821594,0.003293070010840893,0.176077738404274,0.04417365789413452,0.19104471802711487,0.4816502034664154,0.003053504740819335,2.1197471618652344,0.10574773699045181,,,,,,,,,,,,,,,
,3.76068346463611e-05,16119,,,,,,,,,,,,,,,,,,,,,,,,,,,,,,
23,,16119,0.03818086162209511,0.05248692259192467,0.27842193841934204,0.003218216821551323,0.031757790595293045,0.0071081253699958324,0.164838507771492,0.00789050292223692,0.07781458646059036,0.04414511099457741,0.14943450689315796,0.3290669918060303,0.004020175896584988,2.133796453475952,0.07766623049974442,,,,,,,,,,,,,,,
,3.745401978705975e-05,16129,,,,,,,,,,,,,,,,,,,,,,,,,,,,,,
23,,16129,0.0304426196962595,0.0400099903345108,0.21113798022270203,0.0009251026203855872,0.027355017140507698,0.011616033501923084,0.15898747742176056,0.004985339008271694,0.06387867778539658,0.0661182776093483,0.16891078650951385,0.28921204805374146,0.002246909774839878,2.1231634616851807,0.08838587254285812,,,,,,,,,,,,,,,
,3.730147173586315e-05,16139,,,,,,,,,,,,,,,,,,,,,,,,,,,,,,
23,,16139,0.03328639641404152,0.025165116414427757,0.23596595227718353,0.002985539613291621,0.022378498688340187,0.005637029651552439,0.1284688115119934,0.003045204561203718,0.03717849776148796,0.029896991327404976,0.123049296438694,0.2251594364643097,0.00036941119469702244,2.1307499408721924,0.04818993806838989,,,,,,,,,,,,,,,
,3.714919085441064e-05,16149,,,,,,,,,,,,,,,,,,,,,,,,,,,,,,
23,,16149,0.025736462324857712,0.028060441836714745,0.23299387097358704,0.0012879035202786326,0.043416984379291534,0.010372111573815346,0.14749450981616974,0.002771768718957901,0.027009204030036926,0.021225664764642715,0.14369162917137146,0.23445793986320496,0.0014346911339089274,2.1456997394561768,0.07709234952926636,,,,,,,,,,,,,,,
,3.6997177503708216e-05,16159,,,,,,,,,,,,,,,,,,,,,,,,,,,,,,
23,,16159,0.047678884118795395,0.01597016118466854,0.271451473236084,0.0032847682014107704,0.06107359379529953,0.0073387944139540195,0.1445954591035843,0.006495533511042595,0.0646897703409195,0.03678155317902565,0.18414916098117828,0.32526013255119324,0.004961311351507902,2.180082082748413,0.12244028598070145,,,,,,,,,,,,,,,
,3.684543204412769e-05,16169,,,,,,,,,,,,,,,,,,,,,,,,,,,,,,
23,,16169,0.027441726997494698,0.01920926943421364,0.2386108934879303,0.002149311825633049,0.04059707373380661,0.011627277359366417,0.14398051798343658,0.0058651394210755825,0.07446039468050003,0.04593559727072716,0.1441909521818161,0.2856602668762207,0.0014393272576853633,2.1538608074188232,0.0702388659119606,,,,,,,,,,,,,,,
,3.66939548354057e-05,16179,,,,,,,,,,,,,,,,,,,,,,,,,,,,,,
23,,16179,0.05333530157804489,0.021286914125084877,0.29571834206581116,0.0006802283460274339,0.0552901066839695,0.01093990821391344,0.142776757478714,0.003437599167227745,0.18861614167690277,0.04650454223155975,0.17750796675682068,0.4517346918582916,0.0050481390208005905,2.186952590942383,0.10863570868968964,,,,,,,,,,,,,,,
,3.654274623664299e-05,16189,,,,,,,,,,,,,,,,,,,,,,,,,,,,,,
23,,16189,0.01686932146549225,0.028637763112783432,0.24803383648395538,0.0005839770892634988,0.02594994381070137,0.004112320486456156,0.13327409327030182,0.005260087549686432,0.0418444462120533,0.03332330659031868,0.16312144696712494,0.24508191645145416,0.0013292822986841202,2.1224887371063232,0.07426414638757706,,,,,,,,,,,,,,,
,3.639180660630359e-05,16199,,,,,,,,,,,,,,,,,,,,,,,,,,,,,,
23,,16199,0.03297366946935654,0.03582872450351715,0.24052560329437256,0.002466888166964054,0.04386225342750549,0.004322840832173824,0.14304591715335846,0.005872916895896196,0.056619271636009216,0.02732885628938675,0.12270966917276382,0.27018487453460693,0.002361919265240431,2.165339469909668,0.07452718913555145,,,,,,,,,,,,,,,
,3.624113630221386e-05,16209,,,,,,,,,,,,,,,,,,,,,,,,,,,,,,
23,,16209,0.015624787658452988,0.020859915763139725,0.2736356854438782,0.002221277914941311,0.051782067865133286,0.009633992798626423,0.15318907797336578,0.003362241666764021,0.022300494834780693,0.05731344595551491,0.1631014496088028,0.2632814645767212,0.008646062575280666,2.096257448196411,0.10409089177846909,,,,,,,,,,,,,,,
,3.609073568156156e-05,16219,,,,,,,,,,,,,,,,,,,,,,,,,,,,,,
23,,16219,0.03696482256054878,0.08262084424495697,0.31450310349464417,0.002996856812387705,0.051035914570093155,0.008540725335478783,0.2212630659341812,0.004843996837735176,0.05013342201709747,0.04826156795024872,0.17664973437786102,0.36208367347717285,0.0038451673462986946,2.132996082305908,0.13156095147132874,,,,,,,,,,,,,,,
,3.594060510089536e-05,16229,,,,,,,,,,,,,,,,,,,,,,,,,,,,,,
23,,16229,0.024324806407094002,0.029872657731175423,0.2501142621040344,0.0026636922266334295,0.027499135583639145,0.007061380427330732,0.14774824678897858,0.00610692985355854,0.05884991213679314,0.0383286289870739,0.12491109222173691,0.27133941650390625,0.0006936503341421485,2.1251232624053955,0.08601807802915573,,,,,,,,,,,,,,,
,3.5790744916123503e-05,16239,,,,,,,,,,,,,,,,,,,,,,,,,,,,,,
23,,16239,0.03188634663820267,0.027783840894699097,0.26148125529289246,0.0013513609301298857,0.042828090488910675,0.006270464975386858,0.12255694717168808,0.005353046581149101,0.04466690123081207,0.04284863546490669,0.13530069589614868,0.26994946599006653,0.00147529027890414,2.1587555408477783,0.11210954189300537,,,,,,,,,,,,,,,
,3.5641155482513406e-05,16249,,,,,,,,,,,,,,,,,,,,,,,,,,,,,,
23,,16249,0.03227056562900543,0.01708497479557991,0.19179001450538635,0.0005849159206263721,0.03421565890312195,0.006736176088452339,0.09809035807847977,0.014943169429898262,0.07935220003128052,0.04273533076047897,0.1321125030517578,0.2688376307487488,0.0008482241537421942,2.155193328857422,0.07775145024061203,,,,,,,,,,,,,,,
,3.54918371546906e-05,16259,,,,,,,,,,,,,,,,,,,,,,,,,,,,,,
23,,16259,0.08325432240962982,0.03562118858098984,0.2633350193500519,0.0011962156277149916,0.08526826649904251,0.01823427528142929,0.2039678692817688,0.009302051737904549,0.29022717475891113,0.03840191662311554,0.18754824995994568,0.6029099822044373,0.001664004405029118,2.143350601196289,0.1364945024251938,,,,,,,,,,,,,,,
,3.534279028663776e-05,16269,,,,,,,,,,,,,,,,,,,,,,,,,,,,,,
23,,16269,0.015396240167319775,0.017102016136050224,0.2094995528459549,0.0014242252800613642,0.02524551935493946,0.005236516706645489,0.10352340340614319,0.003943693824112415,0.045837998390197754,0.032069943845272064,0.13411448895931244,0.21418040990829468,0.00021469539206009358,2.1498544216156006,0.06309036910533905,,,,,,,,,,,,,,,
,3.51940152316942e-05,16279,,,,,,,,,,,,,,,,,,,,,,,,,,,,,,
23,,16279,0.01730070263147354,0.019223004579544067,0.20476236939430237,0.0004992869216948748,0.028422493487596512,0.0047698235139250755,0.09390897303819656,0.0025001675821840763,0.023317279294133186,0.031346991658210754,0.14005354046821594,0.1928674280643463,0.00028471313999034464,2.1396965980529785,0.07605724781751633,,,,,,,,,,,,,,,
,3.504551234255478e-05,16289,,,,,,,,,,,,,,,,,,,,,,,,,,,,,,
23,,16289,0.024282455444335938,0.03739344701170921,0.25946947932243347,0.0008458099327981472,0.03967082500457764,0.007271796930581331,0.16180536150932312,0.005267382133752108,0.04942546784877777,0.02509806677699089,0.16847123205661774,0.2852381467819214,0.0018444095039740205,2.093735694885254,0.10483916848897934,,,,,,,,,,,,,,,
,3.48972819712692e-05,16299,,,,,,,,,,,,,,,,,,,,,,,,,,,,,,
23,,16299,0.04102330282330513,0.06113816425204277,0.25751519203186035,0.005416242405772209,0.029772724956274033,0.013186149299144745,0.22016189992427826,0.0032125560101121664,0.034708742052316666,0.0362866148352623,0.15979918837547302,0.29936841130256653,0.004371449816972017,2.1453006267547607,0.076527900993824,,,,,,,,,,,,,,,
,3.474932446924102e-05,16309,,,,,,,,,,,,,,,,,,,,,,,,,,,,,,
23,,16309,0.03475355729460716,0.014614625833928585,0.23074187338352203,0.005913334432989359,0.0461418442428112,0.00922533217817545,0.13031618297100067,0.006874108221381903,0.05552037060260773,0.04280726611614227,0.1772480607032776,0.2944985330104828,0.01733129657804966,2.123260736465454,0.0860544741153717,,,,,,,,,,,,,,,
,3.460164018722707e-05,16319,,,,,,,,,,,,,,,,,,,,,,,,,,,,,,
23,,16319,0.05786615237593651,0.03848409280180931,0.3077695071697235,0.0025846597272902727,0.05224926769733429,0.022927040234208107,0.20130175352096558,0.010484245605766773,0.1367887705564499,0.05421367660164833,0.18299604952335358,0.43662315607070923,0.0018366319127380848,2.1129472255706787,0.09562907367944717,,,,,,,,,,,,,,,
,3.445422947533626e-05,16329,,,,,,,,,,,,,,,,,,,,,,,,,,,,,,
23,,16329,0.052936866879463196,0.019792411476373672,0.251458078622818,0.0023866614792495966,0.040833547711372375,0.009839351288974285,0.14332708716392517,0.00561724416911602,0.07672546058893204,0.030942071229219437,0.15628303587436676,0.3071204125881195,0.0016713740769773722,2.1421642303466797,0.08013028651475906,,,,,,,,,,,,,,,
,3.430709268302913e-05,16339,,,,,,,,,,,,,,,,,,,,,,,,,,,,,,
23,,16339,0.03236859664320946,0.023650038987398148,0.22063614428043365,0.00288120424374938,0.03105720691382885,0.013548823073506355,0.11993246525526047,0.008407269604504108,0.0791967511177063,0.03983519971370697,0.1508650928735733,0.2868269681930542,0.001540612312965095,2.153172492980957,0.07431945204734802,,,,,,,,,,,,,,,
,3.4160230159116814e-05,16349,,,,,,,,,,,,,,,,,,,,,,,,,,,,,,
23,,16349,0.052358124405145645,0.01948559284210205,0.24086876213550568,0.0005919673712924123,0.03316058963537216,0.0025793304666876793,0.14236967265605927,0.008583314716815948,0.06296177208423615,0.036972686648368835,0.12586690485477448,0.2791389524936676,0.0009577420423738658,2.184661388397217,0.07972907274961472,,,,,,,,,,,,,,,
,3.4013642251760144e-05,16359,,,,,,,,,,,,,,,,,,,,,,,,,,,,,,
23,,16359,0.03788018599152565,0.01612195558845997,0.22826293110847473,0.0010596375213935971,0.04310646653175354,0.007424861192703247,0.11730945855379105,0.006157637108117342,0.06443022936582565,0.02414575219154358,0.15397070348262787,0.285115510225296,0.002327878260985017,2.1476991176605225,0.13013321161270142,,,,,,,,,,,,,,,
,3.386732930846914e-05,16369,,,,,,,,,,,,,,,,,,,,,,,,,,,,,,
23,,16369,0.017435941845178604,0.03359457105398178,0.21463945508003235,0.0012195850722491741,0.038913946598768234,0.003176615573465824,0.11541726440191269,0.001729664159938693,0.024218881502747536,0.033387139439582825,0.14217029511928558,0.21431002020835876,0.002343950793147087,2.149312734603882,0.0821235179901123,,,,,,,,,,,,,,,
,3.372129167610174e-05,16379,,,,,,,,,,,,,,,,,,,,,,,,,,,,,,
23,,16379,0.04724663496017456,0.027431081980466843,0.20940305292606354,0.002086964901536703,0.032550033181905746,0.013333810493350029,0.13532595336437225,0.009666192345321178,0.08178897947072983,0.03331398218870163,0.14355450868606567,0.29594019055366516,0.003304063808172941,2.118666648864746,0.06444478034973145,,,,,,,,,,,,,,,
,3.357552970086338e-05,16389,,,,,,,,,,,,,,,,,,,,,,,,,,,,,,
23,,16389,0.026207303628325462,0.01610678620636463,0.18803498148918152,0.0005577878328040242,0.029446840286254883,0.005497245583683252,0.08877703547477722,0.004557821433991194,0.04910251870751381,0.029646342620253563,0.13996705412864685,0.21721170842647552,0.0010123945539817214,2.140552043914795,0.07093119621276855,,,,,,,,,,,,,,,
,3.343004372830597e-05,16399,,,,,,,,,,,,,,,,,,,,,,,,,,,,,,
23,,16399,0.04292173683643341,0.016417531296610832,0.21881459653377533,0.00040585570968687534,0.026506012305617332,0.010446230880916119,0.11777340620756149,0.002713634166866541,0.06174717843532562,0.03194403275847435,0.13887940347194672,0.25402605533599854,0.0010988780995830894,2.1035189628601074,0.06842602044343948,,,,,,,,,,,,,,,
,3.3284834103327045e-05,16409,,,,,,,,,,,,,,,,,,,,,,,,,,,,,,
23,,16409,0.035593122243881226,0.0700257271528244,0.2560732364654541,0.0002862238616216928,0.024641474708914757,0.009693801403045654,0.1893799901008606,0.0024411315098404884,0.04279716685414314,0.04694679006934166,0.1258188933134079,0.28581076860427856,0.007538042962551117,2.1390888690948486,0.06520435214042664,,,,,,,,,,,,,,,
,3.313990117016906e-05,16419,,,,,,,,,,,,,,,,,,,,,,,,,,,,,,
23,,16419,0.010297082364559174,0.02257005125284195,0.18979057669639587,0.00015132904809433967,0.01677296683192253,0.00922920648008585,0.10085156559944153,0.0017188849160447717,0.01810307987034321,0.00962231494486332,0.11374121904373169,0.16458478569984436,0.00034704888821579516,2.172595262527466,0.049794554710388184,,,,,,,,,,,,,,,
,3.299524527241857e-05,16429,,,,,,,,,,,,,,,,,,,,,,,,,,,,,,
23,,16429,0.04250112175941467,0.014389608055353165,0.14852739870548248,0.0012735923519358039,0.020528271794319153,0.014839274808764458,0.10085015743970871,0.00663944985717535,0.05672822147607803,0.03249457851052284,0.11322265863418579,0.21915140748023987,0.0017703212797641754,2.126406669616699,0.05297422036528587,,,,,,,,,,,,,,,
,3.285086675300531e-05,16439,,,,,,,,,,,,,,,,,,,,,,,,,,,,,,
23,,16439,0.06048990786075592,0.02314240112900734,0.24257557094097137,0.0019217219669371843,0.04499952867627144,0.003654217580333352,0.16387997567653656,0.008882101625204086,0.22562073171138763,0.04348877817392349,0.15913176536560059,0.47157689929008484,0.0017182937590405345,2.17580246925354,0.09587611258029938,,,,,,,,,,,,,,,
,3.270676595420146e-05,16449,,,,,,,,,,,,,,,,,,,,,,,,,,,,,,
23,,16449,0.05417030304670334,0.03356616944074631,0.3007298707962036,0.002383168786764145,0.04758470132946968,0.01682055927813053,0.20835904777050018,0.008350895717740059,0.11816086620092392,0.04178908094763756,0.187147855758667,0.4124818742275238,0.0027721356600522995,2.112802505493164,0.1133003830909729,,,,,,,,,,,,,,,
,3.2562943217620915e-05,16459,,,,,,,,,,,,,,,,,,,,,,,,,,,,,,
23,,16459,0.04155188426375389,0.0236183051019907,0.24178774654865265,0.0019101143116131425,0.03376763314008713,0.00741603784263134,0.14043770730495453,0.006950714625418186,0.05103199556469917,0.038347259163856506,0.1533820629119873,0.2689751088619232,0.00034321361454203725,2.101997137069702,0.0743054449558258,,,,,,,,,,,,,,,
,3.241939888421817e-05,16469,,,,,,,,,,,,,,,,,,,,,,,,,,,,,,
23,,16469,0.038070760667324066,0.021555470302700996,0.18652155995368958,0.0037217929493635893,0.042343977838754654,0.01056551281362772,0.13745735585689545,0.005319580901414156,0.1574869155883789,0.04214557260274887,0.12008752673864365,0.36063480377197266,0.0038308948278427124,2.1585049629211426,0.08696365356445312,,,,,,,,,,,,,,,
,3.22761332942879e-05,16479,,,,,,,,,,,,,,,,,,,,,,,,,,,,,,
23,,16479,0.021556487306952477,0.04303087294101715,0.30168649554252625,0.0025264634750783443,0.041633736342191696,0.0071129268035292625,0.1728467047214508,0.004259168636053801,0.0359349250793457,0.05111348628997803,0.18858592212200165,0.30889892578125,0.011248118244111538,2.1429028511047363,0.1129097044467926,,,,,,,,,,,,,,,
,3.213314678746396e-05,16489,,,,,,,,,,,,,,,,,,,,,,,,,,,,,,
23,,16489,0.03914555534720421,0.012055140919983387,0.11363730579614639,0.000747863610740751,0.02348078228533268,0.007262173108756542,0.10022824257612228,0.005611374508589506,0.05516726151108742,0.03611888363957405,0.09547161310911179,0.19328798353672028,0.0005382245872169733,2.1788153648376465,0.04555576294660568,,,,,,,,,,,,,,,
,3.199043970271844e-05,16499,,,,,,,,,,,,,,,,,,,,,,,,,,,,,,
23,,16499,0.02748083882033825,0.015401546843349934,0.13118351995944977,0.00045314658200368285,0.029200943186879158,0.005504217464476824,0.08340634405612946,0.007211756426841021,0.06957226246595383,0.04226672276854515,0.13088282942771912,0.21995259821414948,0.0004806361685041338,2.1272711753845215,0.06519391387701035,,,,,,,,,,,,,,,
,3.184801237836128e-05,16509,,,,,,,,,,,,,,,,,,,,,,,,,,,,,,
23,,16509,0.06474317610263824,0.02328323759138584,0.22902758419513702,0.0015607256209477782,0.03975631296634674,0.0077240606769919395,0.11819111555814743,0.006689319387078285,0.08989627659320831,0.05990651622414589,0.1599249690771103,0.324506551027298,0.0015536666614934802,2.078606128692627,0.10031187534332275,,,,,,,,,,,,,,,
,3.1705865152038926e-05,16519,,,,,,,,,,,,,,,,,,,,,,,,,,,,,,
23,,16519,0.03208380192518234,0.018384533002972603,0.20954424142837524,0.0022055364679545164,0.03809680789709091,0.003967227879911661,0.1247604712843895,0.00541641702875495,0.06577002257108688,0.03632344305515289,0.13321009278297424,0.26072266697883606,0.001303612138144672,2.1253855228424072,0.08326538652181625,,,,,,,,,,,,,,,
,3.156399836073399e-05,16529,,,,,,,,,,,,,,,,,,,,,,,,,,,,,,
23,,16529,0.03118175081908703,0.027383947744965553,0.21663472056388855,0.003829873399809003,0.030990149825811386,0.009811869822442532,0.12094736099243164,0.00740218348801136,0.05630649998784065,0.044198907911777496,0.1462724506855011,0.26508718729019165,0.004456546623259783,2.1340246200561523,0.07594198733568192,,,,,,,,,,,,,,,
,3.14224123407642e-05,16539,,,,,,,,,,,,,,,,,,,,,,,,,,,,,,
23,,16539,0.03369864448904991,0.01851952075958252,0.22249917685985565,0.0009556867298670113,0.028141899034380913,0.0073704905807971954,0.1324147880077362,0.00421784957870841,0.05716366693377495,0.03496187552809715,0.16581887006759644,0.25627240538597107,0.000154039851622656,2.15218448638916,0.06847270578145981,,,,,,,,,,,,,,,
,3.128110742778171e-05,16549,,,,,,,,,,,,,,,,,,,,,,,,,,,,,,
23,,16549,0.04630858823657036,0.009843466803431511,0.1616600602865219,0.0023170607164502144,0.03351755440235138,0.011900389567017555,0.0760975107550621,0.010683744214475155,0.08008401840925217,0.06324173510074615,0.12681607902050018,0.26010292768478394,0.00030808206065557897,2.1162474155426025,0.0763896182179451,,,,,,,,,,,,,,,
,3.11400839567722e-05,16559,,,,,,,,,,,,,,,,,,,,,,,,,,,,,,
23,,16559,0.023706264793872833,0.039745185524225235,0.2870063781738281,0.0005610902444459498,0.048964500427246094,0.0052820113487541676,0.15520736575126648,0.004472502041608095,0.038926176726818085,0.03466900810599327,0.1735668182373047,0.28585928678512573,0.005390354432165623,2.1819956302642822,0.0968611016869545,,,,,,,,,,,,,,,
,3.099934226205419e-05,16569,,,,,,,,,,,,,,,,,,,,,,,,,,,,,,
23,,16569,0.028628619387745857,0.02317790314555168,0.152875155210495,0.0010425389045849442,0.03609200939536095,0.00693307863548398,0.1285710632801056,0.00850359071046114,0.10537243634462357,0.0430920347571373,0.13264067471027374,0.2841475009918213,0.0006085881614126265,2.1453614234924316,0.07182686775922775,,,,,,,,,,,,,,,
,3.08588826772782e-05,16579,,,,,,,,,,,,,,,,,,,,,,,,,,,,,,
23,,16579,0.04931310564279556,0.028614897280931473,0.19076667726039886,0.0009858055273070931,0.03454209119081497,0.009260891005396843,0.13276943564414978,0.008172394707798958,0.0630357563495636,0.04194258153438568,0.14868858456611633,0.2739083766937256,0.0003420610446482897,2.165085554122925,0.08517467230558395,,,,,,,,,,,,,,,
,3.0718705535425994e-05,16589,,,,,,,,,,,,,,,,,,,,,,,,,,,,,,
23,,16589,0.02220381610095501,0.017869222909212112,0.21015214920043945,0.0026779219042509794,0.02913765236735344,0.002309593837708235,0.11792274564504623,0.0066868821159005165,0.06133870780467987,0.04222648963332176,0.142034649848938,0.24196814000606537,0.00033848363091237843,2.122770071029663,0.0565669871866703,,,,,,,,,,,,,,,
,3.057881116880974e-05,16599,,,,,,,,,,,,,,,,,,,,,,,,,,,,,,
23,,16599,0.061776068061590195,0.012702214531600475,0.16756732761859894,0.0012326838914304972,0.03154521808028221,0.009729866869747639,0.08465774357318878,0.007810300216078758,0.0640343725681305,0.03255199268460274,0.12059395015239716,0.24228525161743164,0.0010913709411397576,2.125088930130005,0.0632004365324974,,,,,,,,,,,,,,,
,3.0439199909071167e-05,16609,,,,,,,,,,,,,,,,,,,,,,,,,,,,,,
23,,16609,0.029503868892788887,0.0589195191860199,0.27964913845062256,0.000292663142317906,0.030984370037913322,0.0035591810010373592,0.18481113016605377,0.0053404257632792,0.06325095146894455,0.02901589684188366,0.16682638227939606,0.3076399862766266,0.0013653200585395098,2.1351332664489746,0.07243330776691437,,,,,,,,,,,,,,,
,3.0299872087180955e-05,16619,,,,,,,,,,,,,,,,,,,,,,,,,,,,,,
23,,16619,0.03415680676698685,0.031011512503027916,0.2266991287469864,0.0004641702398657799,0.03958519548177719,0.00777359027415514,0.1640658676624298,0.013885922729969025,0.09394356608390808,0.034638628363609314,0.15382306277751923,0.3266057074069977,0.0015431831125169992,2.137983560562134,0.09505379945039749,,,,,,,,,,,,,,,
,3.016082803343784e-05,16629,,,,,,,,,,,,,,,,,,,,,,,,,,,,,,
23,,16629,0.03561590239405632,0.02387821488082409,0.22853665053844452,0.0003350218175910413,0.03649166226387024,0.016459815204143524,0.12338150292634964,0.005418895743787289,0.051162369549274445,0.019022149965167046,0.1592395305633545,0.26782071590423584,0.004298933316022158,2.138648509979248,0.09261950105428696,,,,,,,,,,,,,,,
,3.0022068077467713e-05,16639,,,,,,,,,,,,,,,,,,,,,,,,,,,,,,
23,,16639,0.05029245838522911,0.015542821027338505,0.17912791669368744,0.0013168792938813567,0.03241094574332237,0.016503700986504555,0.10640803724527359,0.00378604419529438,0.06309763342142105,0.04579252004623413,0.14229798316955566,0.2581169307231903,0.001077283057384193,2.120853900909424,0.08484090119600296,,,,,,,,,,,,,,,
,2.9883592548223245e-05,16649,,,,,,,,,,,,,,,,,,,,,,,,,,,,,,
23,,16649,0.04441625624895096,0.023858647793531418,0.24221432209014893,0.003247620537877083,0.04755067080259323,0.012010449543595314,0.14232710003852844,0.007268205285072327,0.07554701715707779,0.041971996426582336,0.15373782813549042,0.31503987312316895,0.006888579111546278,2.1174373626708984,0.09051506221294403,,,,,,,,,,,,,,,
,2.9745401773982486e-05,16659,,,,,,,,,,,,,,,,,,,,,,,,,,,,,,
23,,16659,0.03528961166739464,0.03736335411667824,0.20095491409301758,0.0006809607148170471,0.027471370995044708,0.01228905189782381,0.1534397453069687,0.005100365728139877,0.056972552090883255,0.0264462660998106,0.14618951082229614,0.2634502649307251,0.0012564144562929869,2.131093978881836,0.0732872486114502,,,,,,,,,,,,,,,
,2.9607496082348665e-05,16669,,,,,,,,,,,,,,,,,,,,,,,,,,,,,,
23,,16669,0.04420746490359306,0.015468825586140156,0.2009679675102234,0.001812055939808488,0.028808055445551872,0.005689686629921198,0.1102011501789093,0.008347133174538612,0.07027391344308853,0.028591785579919815,0.13935548067092896,0.25995808839797974,0.0005313612055033445,2.096403121948242,0.06884992122650146,,,,,,,,,,,,,,,
,2.9469875800249097e-05,16679,,,,,,,,,,,,,,,,,,,,,,,,,,,,,,
23,,16679,0.04408430680632591,0.01463888306170702,0.16114479303359985,0.0002747981925494969,0.024804197251796722,0.010639132000505924,0.09682144969701767,0.007740678731352091,0.08219737559556961,0.03400927037000656,0.14251312613487244,0.25750693678855896,0.0005332778091542423,2.1135382652282715,0.07063217461109161,,,,,,,,,,,,,,,
23,,16679,,,,,,,,,,,,,,,,0.1704193353652954,0.042343225330114365,0.27307963371276855,0.009269632399082184,0.07788689434528351,0.002006414346396923,0.16688427329063416,0.023189080879092216,0.19388125836849213,0.07308265566825867,0.19302481412887573,0.5763006210327148,0.009972699917852879,2.097210168838501,0.14717906713485718
,2.9332541253934548e-05,16689,,,,,,,,,,,,,,,,,,,,,,,,,,,,,,
24,,16689,0.049552835524082184,0.01697789691388607,0.16335365176200867,0.0005352850421331823,0.022535689175128937,0.012733904644846916,0.11197391152381897,0.0061225127428770065,0.07597953081130981,0.028762103989720345,0.1365002989768982,0.25321945548057556,0.00039570749504491687,2.1026384830474854,0.06001340225338936,,,,,,,,,,,,,,,
,2.9195492768978268e-05,16699,,,,,,,,,,,,,,,,,,,,,,,,,,,,,,
24,,16699,0.024264929816126823,0.03159444034099579,0.26205724477767944,0.0010880500776693225,0.030455000698566437,0.008143279701471329,0.13600045442581177,0.0045948028564453125,0.0387314073741436,0.05223638191819191,0.15055449306964874,0.2510888874530792,0.0009979117894545197,2.1108129024505615,0.06219138950109482,,,,,,,,,,,,,,,
,2.9058730670275466e-05,16709,,,,,,,,,,,,,,,,,,,,,,,,,,,,,,
24,,16709,0.020063582807779312,0.030830027535557747,0.17063294351100922,0.0032308686058968306,0.020940927788615227,0.006107096094638109,0.11000899225473404,0.006179689429700375,0.031863022595644,0.012224194593727589,0.12343718856573105,0.19458869099617004,0.0007621996919624507,2.146819829940796,0.055623769760131836,,,,,,,,,,,,,,,
,2.8922255282042445e-05,16719,,,,,,,,,,,,,,,,,,,,,,,,,,,,,,
24,,16719,0.02834182232618332,0.016789047047495842,0.17442086338996887,0.00045418378431349993,0.03273314610123634,0.006792278029024601,0.08660727739334106,0.005404895171523094,0.03935180976986885,0.04071199148893356,0.1344255954027176,0.21371805667877197,0.0007104753167368472,2.1254687309265137,0.09453578293323517,,,,,,,,,,,,,,,
,2.8786066927815654e-05,16729,,,,,,,,,,,,,,,,,,,,,,,,,,,,,,
24,,16729,0.026606108993291855,0.03343810886144638,0.16578730940818787,0.0004139379016123712,0.026848185807466507,0.00936137791723013,0.1201496571302414,0.0053133852779865265,0.04924192652106285,0.03327822685241699,0.12098611891269684,0.22183865308761597,0.0005207994836382568,2.130614757537842,0.06438331305980682,,,,,,,,,,,,,,,
,2.865016593045135e-05,16739,,,,,,,,,,,,,,,,,,,,,,,,,,,,,,
24,,16739,0.038735345005989075,0.01712268963456154,0.25461623072624207,0.0016332141822203994,0.032151900231838226,0.0058013019151985645,0.13833993673324585,0.003453612793236971,0.05732380226254463,0.032026246190071106,0.15413902699947357,0.27055928111076355,0.0014430279843509197,2.1785523891448975,0.07649550586938858,,,,,,,,,,,,,,,
,2.8514552612124292e-05,16749,,,,,,,,,,,,,,,,,,,,,,,,,,,,,,
24,,16749,0.04374247044324875,0.02335485629737377,0.16389816999435425,0.0024996884167194366,0.031135374680161476,0.005604305304586887,0.10373423248529434,0.004002618603408337,0.08622066676616669,0.04019183665513992,0.15317802131175995,0.26504430174827576,0.0011394658358767629,2.163835287094116,0.058717746287584305,,,,,,,,,,,,,,,
,2.8379227294327423e-05,16759,,,,,,,,,,,,,,,,,,,,,,,,,,,,,,
24,,16759,0.03711223602294922,0.021575327962636948,0.30649909377098083,0.002476197900250554,0.05659104511141777,0.008138599805533886,0.16006796061992645,0.005231249146163464,0.062301237136125565,0.03794170916080475,0.18505321443080902,0.3335057199001312,0.0012736744247376919,2.1233468055725098,0.1405048370361328,,,,,,,,,,,,,,,
,2.8244190297870905e-05,16769,,,,,,,,,,,,,,,,,,,,,,,,,,,,,,
24,,16769,0.04354120045900345,0.037427738308906555,0.23530973494052887,0.00014311233826447278,0.032283809036016464,0.01171078160405159,0.13356219232082367,0.001986069604754448,0.07217688113451004,0.018584737554192543,0.14515870809555054,0.29082879424095154,0.0002525758754927665,2.1745851039886475,0.0993305891752243,,,,,,,,,,,,,,,
,2.810944194288125e-05,16779,,,,,,,,,,,,,,,,,,,,,,,,,,,,,,
24,,16779,0.03949255496263504,0.017533443868160248,0.20623774826526642,0.0013841354520991445,0.027807580307126045,0.010449845343828201,0.12942291796207428,0.0062821838073432446,0.07457010447978973,0.0431850329041481,0.13835509121418,0.27604877948760986,0.003397480584681034,2.1107442378997803,0.07700857520103455,,,,,,,,,,,,,,,
,2.7974982548800978e-05,16789,,,,,,,,,,,,,,,,,,,,,,,,,,,,,,
24,,16789,0.04558891803026199,0.023203495889902115,0.21366235613822937,0.00041909300489351153,0.054038070142269135,0.006357045844197273,0.14532792568206787,0.004146121442317963,0.16324754059314728,0.05064793676137924,0.1680973619222641,0.39569807052612305,0.002737506292760372,2.1071245670318604,0.11578866094350815,,,,,,,,,,,,,,,
,2.784081243438731e-05,16799,,,,,,,,,,,,,,,,,,,,,,,,,,,,,,
24,,16799,0.06329286843538284,0.041073329746723175,0.21817931532859802,0.001349888276308775,0.03704522177577019,0.011387352831661701,0.1709708273410797,0.012786559760570526,0.12918871641159058,0.0289564598351717,0.15115150809288025,0.3770923316478729,0.004242675844579935,2.093233585357666,0.07907810062170029,,,,,,,,,,,,,,,
,2.77069319177118e-05,16809,,,,,,,,,,,,,,,,,,,,,,,,,,,,,,
24,,16809,0.04859984293580055,0.0183669775724411,0.20575816929340363,0.00010458434553584084,0.036192767322063446,0.013530701398849487,0.11986708641052246,0.008546233177185059,0.05654639005661011,0.03981790319085121,0.13786108791828156,0.2614949345588684,0.0010962259257212281,2.1257731914520264,0.07500701397657394,,,,,,,,,,,,,,,
,2.7573341316159497e-05,16819,,,,,,,,,,,,,,,,,,,,,,,,,,,,,,
24,,16819,0.033271897584199905,0.034488096833229065,0.23186570405960083,0.0006130978581495583,0.032896678894758224,0.01294769998639822,0.15867777168750763,0.006656938698142767,0.04620562866330147,0.027946168556809425,0.14677667617797852,0.2752396762371063,0.003237673081457615,2.113236665725708,0.10206905752420425,,,,,,,,,,,,,,,
,2.744004094642812e-05,16829,,,,,,,,,,,,,,,,,,,,,,,,,,,,,,
24,,16829,0.025454135611653328,0.047592319548130035,0.29612284898757935,0.00016972367302514613,0.04374953359365463,0.004207007121294737,0.16240422427654266,0.004655999597162008,0.02878487855195999,0.030331753194332123,0.1452781707048416,0.2720608711242676,0.0021254108287394047,2.1375863552093506,0.09492228180170059,,,,,,,,,,,,,,,
,2.7307031124527256e-05,16839,,,,,,,,,,,,,,,,,,,,,,,,,,,,,,
24,,16839,0.03584063798189163,0.014829769730567932,0.1869247853755951,0.0008715518051758409,0.029008321464061737,0.013897246681153774,0.10906977206468582,0.012325181625783443,0.07829127460718155,0.03567981719970703,0.15436941385269165,0.2778564393520355,0.001546664978377521,2.142728567123413,0.09066029638051987,,,,,,,,,,,,,,,
,2.7174312165777956e-05,16849,,,,,,,,,,,,,,,,,,,,,,,,,,,,,,
24,,16849,0.02672930248081684,0.031783267855644226,0.22901423275470734,0.002939441241323948,0.03355156257748604,0.0078061893582344055,0.13623566925525665,0.005450056865811348,0.03541849926114082,0.04468189552426338,0.1488570272922516,0.2505878210067749,0.00032920195371843874,2.118164300918579,0.09614931792020798,,,,,,,,,,,,,,,
,2.7041884384811458e-05,16859,,,,,,,,,,,,,,,,,,,,,,,,,,,,,,
24,,16859,0.04027668014168739,0.048519428819417953,0.2090228945016861,0.00340627646073699,0.04480241611599922,0.007384905591607094,0.1577584147453308,0.0047067441046237946,0.07849113643169403,0.03641481325030327,0.16286976635456085,0.30748122930526733,0.0007234096992760897,2.1519551277160645,0.08510623872280121,,,,,,,,,,,,,,,
,2.6909748095568785e-05,16869,,,,,,,,,,,,,,,,,,,,,,,,,,,,,,
24,,16869,0.03081776574254036,0.01696127839386463,0.15888381004333496,0.0023383479565382004,0.026894964277744293,0.012412475422024727,0.10229916870594025,0.00743293110281229,0.05789890140295029,0.024807626381516457,0.12286913394927979,0.22326335310935974,0.0012857255060225725,2.147264003753662,0.058830469846725464,,,,,,,,,,,,,,,
,2.677790361130013e-05,16879,,,,,,,,,,,,,,,,,,,,,,,,,,,,,,
24,,16879,0.03171788901090622,0.014304829761385918,0.18917612731456757,0.0006744911661371589,0.02478768676519394,0.007420349400490522,0.08201277256011963,0.0036714733578264713,0.05536818504333496,0.029636412858963013,0.13728561997413635,0.2202555239200592,0.0016334188403561711,2.1134183406829834,0.060871172696352005,,,,,,,,,,,,,,,
,2.6646351244563635e-05,16889,,,,,,,,,,,,,,,,,,,,,,,,,,,,,,
24,,16889,0.030064895749092102,0.01970072276890278,0.20488350093364716,0.0017822162481024861,0.04097336158156395,0.0053094904869794846,0.12901553511619568,0.005542204715311527,0.10870745778083801,0.022765377536416054,0.15117083489894867,0.3159894347190857,0.003609625156968832,2.1472911834716797,0.11056404560804367,,,,,,,,,,,,,,,
,2.6515091307225106e-05,16899,,,,,,,,,,,,,,,,,,,,,,,,,,,,,,
24,,16899,0.04297970235347748,0.025507323443889618,0.19899798929691315,0.0015656071482226253,0.02610795944929123,0.005736853927373886,0.12510646879673004,0.007403023075312376,0.05083377659320831,0.03310214728116989,0.15332086384296417,0.24842409789562225,0.0005174741963855922,2.1523826122283936,0.06803497672080994,,,,,,,,,,,,,,,
,2.6384124110457043e-05,16909,,,,,,,,,,,,,,,,,,,,,,,,,,,,,,
24,,16909,0.04771989956498146,0.022728420794010162,0.17831216752529144,0.0007794919656589627,0.026454662904143333,0.004512488376349211,0.11851746588945389,0.008330297656357288,0.05925263464450836,0.043580714613199234,0.133290097117424,0.24867792427539825,0.0009014171664603055,2.0992112159729004,0.07091566175222397,,,,,,,,,,,,,,,
,2.6253449964738027e-05,16919,,,,,,,,,,,,,,,,,,,,,,,,,,,,,,
24,,16919,0.05140896514058113,0.04972171410918236,0.2934383749961853,0.0015699896030128002,0.04127069562673569,0.005821567960083485,0.19333937764167786,0.007044090423732996,0.1041429415345192,0.025217639282345772,0.15297318994998932,0.3699791729450226,0.002315474906936288,2.1340839862823486,0.08447130024433136,,,,,,,,,,,,,,,
,2.612306917985175e-05,16929,,,,,,,,,,,,,,,,,,,,,,,,,,,,,,
24,,16929,0.05093050375580788,0.020395074039697647,0.17556701600551605,0.001056348904967308,0.02550681307911873,0.009919935837388039,0.12638820707798004,0.00612926110625267,0.07123444229364395,0.029457775875926018,0.1381596326828003,0.26058319211006165,0.0007360054296441376,2.149888515472412,0.06716470420360565,,,,,,,,,,,,,,,
,2.5992982064886607e-05,16939,,,,,,,,,,,,,,,,,,,,,,,,,,,,,,
24,,16939,0.03892609849572182,0.016931522637605667,0.1708509922027588,0.0007079530623741448,0.030613377690315247,0.007461190223693848,0.11183986067771912,0.008004595525562763,0.06909402459859848,0.048211030662059784,0.1291210800409317,0.24872685968875885,0.0006312267505563796,2.1360409259796143,0.0679943710565567,,,,,,,,,,,,,,,
,2.5863188928234757e-05,16949,,,,,,,,,,,,,,,,,,,,,,,,,,,,,,
24,,16949,0.07016890496015549,0.018969593569636345,0.1743081510066986,0.0013099893694743514,0.02959192544221878,0.010325492359697819,0.11299873888492584,0.010803485289216042,0.08686361461877823,0.03354039043188095,0.13342733681201935,0.2886241376399994,0.0011573813389986753,2.1495018005371094,0.06999319791793823,,,,,,,,,,,,,,,
,2.5733690077591403e-05,16959,,,,,,,,,,,,,,,,,,,,,,,,,,,,,,
24,,16959,0.028755949810147285,0.02388543263077736,0.22890432178974152,0.0006705553387291729,0.024568552151322365,0.00947932992130518,0.11545973271131516,0.0023289870005100965,0.04745238274335861,0.033866144716739655,0.1569749265909195,0.2424255609512329,0.0012499436270445585,2.1531171798706055,0.07299534976482391,,,,,,,,,,,,,,,
,2.560448581995417e-05,16969,,,,,,,,,,,,,,,,,,,,,,,,,,,,,,
24,,16969,0.023192940279841423,0.012522603385150433,0.22144687175750732,0.0014343205839395523,0.02787596918642521,0.008437048643827438,0.10352320969104767,0.0035546543076634407,0.045617226511240005,0.04134547337889671,0.15171295404434204,0.23534204065799713,0.0013457693858072162,2.1301846504211426,0.0891258716583252,,,,,,,,,,,,,,,
,2.5475576461622143e-05,16979,,,,,,,,,,,,,,,,,,,,,,,,,,,,,,
24,,16979,0.03993631899356842,0.03197193145751953,0.22566922008991241,0.005830535665154457,0.035378120839595795,0.010275949724018574,0.14363503456115723,0.009171773679554462,0.07063398510217667,0.035785939544439316,0.14414077997207642,0.3042057454586029,0.0033795321360230446,2.1423492431640625,0.10214969515800476,,,,,,,,,,,,,,,
,2.534696230819554e-05,16989,,,,,,,,,,,,,,,,,,,,,,,,,,,,,,
24,,16989,0.05592842400074005,0.017379213124513626,0.1812114268541336,0.0013564424589276314,0.023353908210992813,0.013518228195607662,0.10788103938102722,0.005461032968014479,0.0803932324051857,0.03155265003442764,0.12734992802143097,0.2611757814884186,0.00013731246872339398,2.150353193283081,0.04925907030701637,,,,,,,,,,,,,,,
,2.5218643664574577e-05,16999,,,,,,,,,,,,,,,,,,,,,,,,,,,,,,
24,,16999,0.04366935417056084,0.01384670753031969,0.21854953467845917,0.00047337356954813004,0.06010805442929268,0.011215140111744404,0.13607265055179596,0.015034916810691357,0.12259342521429062,0.065702423453331,0.16153235733509064,0.3687080442905426,0.001093085389584303,2.1176278591156006,0.13253483176231384,,,,,,,,,,,,,,,
,2.5090620834958856e-05,17009,,,,,,,,,,,,,,,,,,,,,,,,,,,,,,
24,,17009,0.04974570870399475,0.018682213500142097,0.20992743968963623,0.0007013377617113292,0.038015857338905334,0.007954697124660015,0.12672491371631622,0.010226168669760227,0.08505181223154068,0.0282655768096447,0.1553562879562378,0.29629284143447876,0.004552355036139488,2.128901958465576,0.0665452778339386,,,,,,,,,,,,,,,
,2.4962894122846972e-05,17019,,,,,,,,,,,,,,,,,,,,,,,,,,,,,,
24,,17019,0.04613462835550308,0.024606751278042793,0.19503606855869293,0.0024472957011312246,0.03212274610996246,0.005599703174084425,0.11513072997331619,0.007920660078525543,0.09592786431312561,0.049486320465803146,0.1482178419828415,0.30485236644744873,0.001943024224601686,2.119331121444702,0.09504316747188568,,,,,,,,,,,,,,,
,2.4835463831035258e-05,17029,,,,,,,,,,,,,,,,,,,,,,,,,,,,,,
24,,17029,0.03700407221913338,0.02997857704758644,0.24555957317352295,0.0006998719763942063,0.04676375538110733,0.006486093625426292,0.13270144164562225,0.011664893478155136,0.08203362673521042,0.04085438326001167,0.16865606606006622,0.3177454173564911,0.0004982947721146047,2.150122880935669,0.10239546746015549,,,,,,,,,,,,,,,
,2.4708330261617466e-05,17039,,,,,,,,,,,,,,,,,,,,,,,,,,,,,,
24,,17039,0.07082049548625946,0.01227786485105753,0.14705069363117218,0.0014611531514674425,0.025179315358400345,0.013685954734683037,0.0876765325665474,0.00898035243153572,0.08596698939800262,0.014495767652988434,0.1122904047369957,0.25752687454223633,0.0010019250912591815,2.1464743614196777,0.05330169200897217,,,,,,,,,,,,,,,
,2.458149371598391e-05,17049,,,,,,,,,,,,,,,,,,,,,,,,,,,,,,
24,,17049,0.041863396763801575,0.020231124013662338,0.24021023511886597,0.000832144170999527,0.033214520663022995,0.01077634934335947,0.1266995221376419,0.005603509023785591,0.06370341032743454,0.040734175592660904,0.15860605239868164,0.27367812395095825,0.0008134518284350634,2.106538772583008,0.06146788224577904,,,,,,,,,,,,,,,
,2.445495449482076e-05,17059,,,,,,,,,,,,,,,,,,,,,,,,,,,,,,
24,,17059,0.027143117040395737,0.02308845892548561,0.2473168522119522,0.001982324291020632,0.03604673221707344,0.013051952235400677,0.1417946070432663,0.007825003005564213,0.05905415117740631,0.040490828454494476,0.16149653494358063,0.2817904055118561,0.0005415205378085375,2.1578853130340576,0.08675383776426315,,,,,,,,,,,,,,,
,2.4328712898109264e-05,17069,,,,,,,,,,,,,,,,,,,,,,,,,,,,,,
24,,17069,0.04690597951412201,0.021453380584716797,0.20105206966400146,0.0027146455831825733,0.0323358029127121,0.006034636404365301,0.12086997181177139,0.009476199746131897,0.07375546544790268,0.024096546694636345,0.15946735441684723,0.2878698706626892,0.005110979080200195,2.1275720596313477,0.09211966395378113,,,,,,,,,,,,,,,
,2.4202769225125206e-05,17079,,,,,,,,,,,,,,,,,,,,,,,,,,,,,,
24,,17079,0.026501096785068512,0.03480864316225052,0.2519763112068176,0.0003872532397508621,0.04999544471502304,0.007299946155399084,0.15174497663974762,0.009891996160149574,0.06144937872886658,0.061726946383714676,0.17337876558303833,0.3045891225337982,0.00044701702427119017,2.1140921115875244,0.10542235523462296,,,,,,,,,,,,,,,
,2.4077123774438022e-05,17089,,,,,,,,,,,,,,,,,,,,,,,,,,,,,,
24,,17089,0.056943628937006,0.028523340821266174,0.22155995666980743,0.00041924507240764797,0.03693772479891777,0.006162640638649464,0.1413830816745758,0.004872532095760107,0.07090695947408676,0.05413588136434555,0.15299279987812042,0.2908916771411896,0.0015561215113848448,2.1478099822998047,0.06802409887313843,,,,,,,,,,,,,,,
,2.39517768439102e-05,17099,,,,,,,,,,,,,,,,,,,,,,,,,,,,,,
24,,17099,0.02394917607307434,0.019207779318094254,0.23891764879226685,0.0024952548556029797,0.026989754289388657,0.011218192055821419,0.1495594084262848,0.003133692778646946,0.027795331552624702,0.035386823117733,0.1259538233280182,0.22924011945724487,0.00454762764275074,2.159043550491333,0.06563346087932587,,,,,,,,,,,,,,,
,2.3826728730696563e-05,17109,,,,,,,,,,,,,,,,,,,,,,,,,,,,,,
24,,17109,0.033187463879585266,0.012394020333886147,0.15274465084075928,0.0013003426138311625,0.033298950642347336,0.005135484505444765,0.09083037078380585,0.006252317689359188,0.054553523659706116,0.028089281171560287,0.11746960878372192,0.21189233660697937,0.0023467917926609516,2.141249179840088,0.06252405047416687,,,,,,,,,,,,,,,
,2.3701979731243442e-05,17119,,,,,,,,,,,,,,,,,,,,,,,,,,,,,,
24,,17119,0.03450910001993179,0.01917824149131775,0.17683176696300507,0.0010863810312002897,0.023101888597011566,0.004507452715188265,0.12641510367393494,0.003562656696885824,0.029582245275378227,0.029501937329769135,0.14283396303653717,0.2111434042453766,0.002594870747998357,2.1258223056793213,0.07905608415603638,,,,,,,,,,,,,,,
,2.3577530141288163e-05,17129,,,,,,,,,,,,,,,,,,,,,,,,,,,,,,
24,,17129,0.041044630110263824,0.0234037134796381,0.22751834988594055,0.0016358984867110848,0.037948232144117355,0.007546862121671438,0.11357913166284561,0.0032038798090070486,0.06427447497844696,0.03849279135465622,0.1492525041103363,0.2819896936416626,0.005148318596184254,2.14607572555542,0.10769367218017578,,,,,,,,,,,,,,,
,2.3453380255858286e-05,17139,,,,,,,,,,,,,,,,,,,,,,,,,,,,,,
24,,17139,0.03149157389998436,0.02259215898811817,0.2071017026901245,0.0018470651702955365,0.02691916562616825,0.0037625301629304886,0.11595690250396729,0.004191522486507893,0.046414509415626526,0.027744194492697716,0.1323653906583786,0.22994914650917053,0.0026913369074463844,2.149514675140381,0.06552183628082275,,,,,,,,,,,,,,,
,2.3329530369270654e-05,17149,,,,,,,,,,,,,,,,,,,,,,,,,,,,,,
24,,17149,0.043590277433395386,0.023552104830741882,0.18734070658683777,0.008051276206970215,0.028289414942264557,0.00668108556419611,0.135428786277771,0.007390313781797886,0.07612667977809906,0.03472789004445076,0.11672782897949219,0.2704388201236725,0.0007364999037235975,2.1220903396606445,0.05963674187660217,,,,,,,,,,,,,,,
,2.3205980775131268e-05,17159,,,,,,,,,,,,,,,,,,,,,,,,,,,,,,
24,,17159,0.036970410495996475,0.03166557475924492,0.2575359642505646,0.001580150332301855,0.035053800791502,0.006861974019557238,0.11403584480285645,0.007480195723474026,0.060738444328308105,0.031164374202489853,0.16268789768218994,0.28158923983573914,0.001982869813218713,2.1512463092803955,0.0782657191157341,,,,,,,,,,,,,,,
,2.308273176633393e-05,17169,,,,,,,,,,,,,,,,,,,,,,,,,,,,,,
24,,17169,0.05490763112902641,0.03384824097156525,0.18571467697620392,0.004287149291485548,0.029956860467791557,0.006295936647802591,0.13361111283302307,0.006920916028320789,0.06825219094753265,0.03835982829332352,0.16007642447948456,0.2860000431537628,0.004763949662446976,2.103626251220703,0.07753034681081772,,,,,,,,,,,,,,,
,2.2959783635059988e-05,17179,,,,,,,,,,,,,,,,,,,,,,,,,,,,,,
24,,17179,0.02118593268096447,0.040541745722293854,0.24609489738941193,0.0012088280636817217,0.03069172613322735,0.007454254198819399,0.13672034442424774,0.0039674825966358185,0.03601972013711929,0.025615151971578598,0.15234464406967163,0.24697689712047577,0.005210723727941513,2.1465253829956055,0.06680217385292053,,,,,,,,,,,,,,,
,2.2837136672777505e-05,17189,,,,,,,,,,,,,,,,,,,,,,,,,,,,,,
24,,17189,0.04002825543284416,0.01848834939301014,0.21304959058761597,0.000935908465180546,0.02322305738925934,0.010911352001130581,0.11565732955932617,0.004609514027833939,0.0514877550303936,0.039617281407117844,0.12176240980625153,0.236288920044899,0.0001046530160238035,2.127856492996216,0.05785302445292473,,,,,,,,,,,,,,,
,2.271479117024061e-05,17199,,,,,,,,,,,,,,,,,,,,,,,,,,,,,,
24,,17199,0.01969648338854313,0.018612978979945183,0.241649329662323,0.000533788581378758,0.034309059381484985,0.013821362517774105,0.11636579781770706,0.007468563038855791,0.057620711624622345,0.03629370406270027,0.1463245153427124,0.26579907536506653,0.001003045355901122,2.105957269668579,0.10032133013010025,,,,,,,,,,,,,,,
,2.259274741748862e-05,17209,,,,,,,,,,,,,,,,,,,,,,,,,,,,,,
24,,17209,0.058319054543972015,0.03574453666806221,0.23603007197380066,0.0028694241773337126,0.03442171588540077,0.0033587187062948942,0.14818446338176727,0.00376638351008296,0.06811827421188354,0.04300115630030632,0.13779336214065552,0.29438525438308716,0.0013577917125076056,2.1185901165008545,0.07555750757455826,,,,,,,,,,,,,,,
,2.2471005703845757e-05,17219,,,,,,,,,,,,,,,,,,,,,,,,,,,,,,
24,,17219,0.03355284035205841,0.015092054381966591,0.17825783789157867,0.0010488803964108229,0.04096347466111183,0.008280781097710133,0.09802000969648361,0.004139609169214964,0.06120578944683075,0.027088254690170288,0.14172282814979553,0.24028876423835754,0.0014140013372525573,2.1312944889068604,0.08298607170581818,,,,,,,,,,,,,,,
,2.234956631791997e-05,17229,,,,,,,,,,,,,,,,,,,,,,,,,,,,,,
24,,17229,0.04228413477540016,0.023165389895439148,0.20887891948223114,0.0008879617089405656,0.030663032084703445,0.009071516804397106,0.13341981172561646,0.005969059653580189,0.049058351665735245,0.0532955601811409,0.15566019713878632,0.26313579082489014,0.00024508454953320324,2.135479211807251,0.09740195423364639,,,,,,,,,,,,,,,
,2.222842954760262e-05,17239,,,,,,,,,,,,,,,,,,,,,,,,,,,,,,
24,,17239,0.04420139640569687,0.026182573288679123,0.22083024680614471,0.0005034857895225286,0.030680710449814796,0.021482015028595924,0.16083872318267822,0.006902591325342655,0.08071085810661316,0.038017477840185165,0.15625768899917603,0.31180477142333984,0.002259734319522977,2.16739559173584,0.09010092914104462,,,,,,,,,,,,,,,
,2.210759568006768e-05,17249,,,,,,,,,,,,,,,,,,,,,,,,,,,,,,
24,,17249,0.05503924936056137,0.013895832002162933,0.13953730463981628,0.0011944338912144303,0.030348528176546097,0.006451621185988188,0.0968078002333641,0.004772580228745937,0.06680204719305038,0.04726704582571983,0.11366631835699081,0.23503705859184265,0.00019668895401991904,2.1367175579071045,0.07431309670209885,,,,,,,,,,,,,,,
,2.198706500177094e-05,17259,,,,,,,,,,,,,,,,,,,,,,,,,,,,,,
24,,17259,0.05464574694633484,0.03976674750447273,0.23638977110385895,0.0004655623051803559,0.03785162791609764,0.01188785582780838,0.16206616163253784,0.005057460628449917,0.08113596588373184,0.05014699697494507,0.14926065504550934,0.321662575006485,0.0003828536719083786,2.1362600326538086,0.09058894217014313,,,,,,,,,,,,,,,
,2.1866837798449526e-05,17269,,,,,,,,,,,,,,,,,,,,,,,,,,,,,,
24,,17269,0.022197503596544266,0.026171915233135223,0.3062043786048889,0.001638416782952845,0.046178076416254044,0.011833910830318928,0.16589736938476562,0.005430701654404402,0.033948834985494614,0.03201988711953163,0.15865571796894073,0.287647008895874,0.0007279113633558154,2.1724770069122314,0.12334125488996506,,,,,,,,,,,,,,,
,2.174691435512111e-05,17279,,,,,,,,,,,,,,,,,,,,,,,,,,,,,,
24,,17279,0.030421743169426918,0.024315427988767624,0.23869650065898895,0.005512898322194815,0.0399300716817379,0.00713588111102581,0.1337384730577469,0.00819337833672762,0.08030325174331665,0.03650730103254318,0.1551714837551117,0.3212624490261078,0.014730372466146946,2.1561830043792725,0.10827029496431351,,,,,,,,,,,,,,,
,2.1627294956083234e-05,17289,,,,,,,,,,,,,,,,,,,,,,,,,,,,,,
24,,17289,0.031837098300457,0.022254101932048798,0.20169097185134888,0.00013242433487903327,0.050590530037879944,0.014657069928944111,0.12688811123371124,0.006010411772876978,0.06159931421279907,0.03377896174788475,0.1280219554901123,0.2616983652114868,0.0005019216914661229,2.1342055797576904,0.08585792034864426,,,,,,,,,,,,,,,
,2.150797988491272e-05,17299,,,,,,,,,,,,,,,,,,,,,,,,,,,,,,
24,,17299,0.04340563341975212,0.01379881426692009,0.16553577780723572,0.001622436218895018,0.030064832419157028,0.006002718582749367,0.12315887212753296,0.008089747279882431,0.09289907664060593,0.038668349385261536,0.12323838472366333,0.2746035158634186,0.0033537030685693026,2.1083052158355713,0.0666676014661789,,,,,,,,,,,,,,,
,2.138896942446478e-05,17309,,,,,,,,,,,,,,,,,,,,,,,,,,,,,,
24,,17309,0.031799159944057465,0.02100229077041149,0.19206681847572327,0.0026547452434897423,0.03493955731391907,0.004882214590907097,0.11026217043399811,0.005391842685639858,0.053718794137239456,0.046105436980724335,0.13360951840877533,0.23791584372520447,0.0003098267479799688,2.147765636444092,0.07180266827344894,,,,,,,,,,,,,,,
,2.1270263856872655e-05,17319,,,,,,,,,,,,,,,,,,,,,,,,,,,,,,
24,,17319,0.022633614018559456,0.02139759063720703,0.19400978088378906,0.0015307852299883962,0.029065558686852455,0.004941857885569334,0.12297443300485611,0.007315991446375847,0.042862582951784134,0.0362640842795372,0.1288255751132965,0.22477921843528748,0.005157729145139456,2.144710063934326,0.06049234792590141,,,,,,,,,,,,,,,
,2.1151863463546704e-05,17329,,,,,,,,,,,,,,,,,,,,,,,,,,,,,,
24,,17329,0.017245428636670113,0.05485284700989723,0.19906532764434814,0.0008510228944942355,0.024205997586250305,0.004702022764831781,0.18444445729255676,0.002748411148786545,0.03953588381409645,0.048277683556079865,0.13251666724681854,0.24620799720287323,0.003627045778557658,2.1616594791412354,0.06967858970165253,,,,,,,,,,,,,,,
,2.10337685251739e-05,17339,,,,,,,,,,,,,,,,,,,,,,,,,,,,,,
24,,17339,0.05189060792326927,0.015408110804855824,0.18445008993148804,0.0006238038768060505,0.029552463442087173,0.0028258522506803274,0.13465182483196259,0.007371301297098398,0.09884946793317795,0.02626142092049122,0.11504616588354111,0.2815924882888794,0.0007017734460532665,2.1663894653320312,0.057300351560115814,,,,,,,,,,,,,,,
,2.091597932171693e-05,17349,,,,,,,,,,,,,,,,,,,,,,,,,,,,,,
24,,17349,0.05236682668328285,0.012277854606509209,0.12429317086935043,0.00042473370558582246,0.02947085164487362,0.010903951711952686,0.10253159701824188,0.01563924364745617,0.09671216458082199,0.04525846615433693,0.12012694776058197,0.26752349734306335,0.0004142805701121688,2.161916494369507,0.05561276897788048,,,,,,,,,,,,,,,
,2.0798496132413926e-05,17359,,,,,,,,,,,,,,,,,,,,,,,,,,,,,,
24,,17359,0.02994726411998272,0.02179030328989029,0.21359899640083313,0.002022751374170184,0.030548492446541786,0.007988388650119305,0.12851844727993011,0.01108777616173029,0.08454859256744385,0.04828615114092827,0.12528106570243835,0.28785693645477295,0.0011022291146218777,2.1533963680267334,0.08422022312879562,,,,,,,,,,,,,,,
,2.0681319235777323e-05,17369,,,,,,,,,,,,,,,,,,,,,,,,,,,,,,
24,,17369,0.04382937029004097,0.015795845538377762,0.1910955160856247,0.0002596314006950706,0.02564883418381214,0.00816563330590725,0.10876183211803436,0.005787249654531479,0.05056692659854889,0.05539374426007271,0.12705425918102264,0.2326815277338028,0.00020634650718420744,2.12233567237854,0.06298093497753143,,,,,,,,,,,,,,,
24,,17374,,,,,,,,,,,,,,,,0.17071567475795746,0.04624272882938385,0.2806689143180847,0.010409188456833363,0.07707028836011887,0.002092203823849559,0.18065255880355835,0.02158130332827568,0.19655899703502655,0.07537637650966644,0.1994463950395584,0.5896202921867371,0.010393819771707058,2.100132703781128,0.15316300094127655
,2.056444890959357e-05,17379,,,,,,,,,,,,,,,,,,,,,,,,,,,,,,
25,,17379,0.025623835623264313,0.034207943826913834,0.1957826167345047,0.0012056457344442606,0.025003235787153244,0.0052381595596671104,0.10862071812152863,0.0040998440235853195,0.04876459762454033,0.028815986588597298,0.1394941657781601,0.2250220775604248,0.0008521680138073862,2.1268362998962402,0.05541214346885681,,,,,,,,,,,,,,,
,2.0447885430922374e-05,17389,,,,,,,,,,,,,,,,,,,,,,,,,,,,,,
25,,17389,0.028261421248316765,0.025755958631634712,0.2228642851114273,0.0013407107908278704,0.04289059340953827,0.007924896664917469,0.1394122987985611,0.00465253833681345,0.07231046259403229,0.06598076969385147,0.1587720364332199,0.28663739562034607,0.0017342231003567576,2.129760503768921,0.08039127290248871,,,,,,,,,,,,,,,
,2.0331629076095895e-05,17399,,,,,,,,,,,,,,,,,,,,,,,,,,,,,,
25,,17399,0.022941308096051216,0.021238001063466072,0.16472651064395905,0.0018469970673322678,0.028880629688501358,0.007766393944621086,0.09813175350427628,0.003895669709891081,0.037503138184547424,0.025140956044197083,0.11630219221115112,0.19879402220249176,0.0006341767148114741,2.138972282409668,0.07620777189731598,,,,,,,,,,,,,,,
,2.021568012071828e-05,17409,,,,,,,,,,,,,,,,,,,,,,,,,,,,,,
25,,17409,0.05137965828180313,0.017323678359389305,0.18019016087055206,0.0009566859225742519,0.0357377864420414,0.010105622000992298,0.12704528868198395,0.011280201375484467,0.08389037102460861,0.016747238114476204,0.1388501673936844,0.2831032872200012,0.0006505348719656467,2.12984561920166,0.07872815430164337,,,,,,,,,,,,,,,
,2.0100038839664934e-05,17419,,,,,,,,,,,,,,,,,,,,,,,,,,,,,,
25,,17419,0.053865946829319,0.03601131960749626,0.2302951216697693,0.002839533146470785,0.03526806831359863,0.011144282296299934,0.1813078373670578,0.013087894767522812,0.10867275297641754,0.043969571590423584,0.17114757001399994,0.36457690596580505,0.0035004550591111183,2.1389005184173584,0.08503050357103348,,,,,,,,,,,,,,,
,1.9984705507081877e-05,17429,,,,,,,,,,,,,,,,,,,,,,,,,,,,,,
25,,17429,0.020022563636302948,0.03017960488796234,0.26507633924484253,0.0011704855132848024,0.02966219186782837,0.01400928758084774,0.15066862106323242,0.0039048020262271166,0.04499097168445587,0.022780215367674828,0.15042820572853088,0.2616502046585083,0.004741067532449961,2.165116786956787,0.06548932194709778,,,,,,,,,,,,,,,
,1.9869680396385103e-05,17439,,,,,,,,,,,,,,,,,,,,,,,,,,,,,,
25,,17439,0.02946598455309868,0.0201566182076931,0.22003702819347382,0.001467884867452085,0.04192056134343147,0.00259982468560338,0.14332644641399384,0.0067848884500563145,0.05411267280578613,0.03298434615135193,0.12007935345172882,0.2512490153312683,0.0022718445397913456,2.1648075580596924,0.07076601684093475,,,,,,,,,,,,,,,
,1.9754963780259814e-05,17449,,,,,,,,,,,,,,,,,,,,,,,,,,,,,,
25,,17449,0.04551456868648529,0.03410698473453522,0.24721910059452057,0.003698652843013406,0.04685327410697937,0.009711256250739098,0.16052840650081635,0.010666396468877792,0.13719269633293152,0.025106556713581085,0.14846670627593994,0.38292211294174194,0.004136431030929089,2.149333953857422,0.08833916485309601,,,,,,,,,,,,,,,
,1.964055593065999e-05,17459,,,,,,,,,,,,,,,,,,,,,,,,,,,,,,
25,,17459,0.046186529099941254,0.014542300254106522,0.21804293990135193,0.003172235796228051,0.02554914355278015,0.01320179458707571,0.12213071435689926,0.005033166613429785,0.04941230267286301,0.03956277295947075,0.12253314256668091,0.25498467683792114,0.001411855686455965,2.151486396789551,0.09223379194736481,,,,,,,,,,,,,,,
,1.952645711880759e-05,17469,,,,,,,,,,,,,,,,,,,,,,,,,,,,,,
25,,17469,0.05000147223472595,0.019061913713812828,0.14964500069618225,0.0022708226460963488,0.020862605422735214,0.025251492857933044,0.09377330541610718,0.005455011501908302,0.055004071444272995,0.024798592552542686,0.11360103636980057,0.22779925167560577,0.002859991742298007,2.173372983932495,0.056552112102508545,,,,,,,,,,,,,,,
,1.9412667615191984e-05,17479,,,,,,,,,,,,,,,,,,,,,,,,,,,,,,
25,,17479,0.04879487678408623,0.044973570853471756,0.21838223934173584,0.0012759007513523102,0.03187292814254761,0.019394822418689728,0.14308691024780273,0.006141303572803736,0.050039343535900116,0.053555406630039215,0.14221595227718353,0.27761614322662354,0.0005596853443421423,2.145982265472412,0.07261493802070618,,,,,,,,,,,,,,,
,1.929918768956915e-05,17489,,,,,,,,,,,,,,,,,,,,,,,,,,,,,,
25,,17489,0.025223350152373314,0.02364574372768402,0.2825946509838104,0.00098351389169693,0.03394875302910805,0.008834360167384148,0.1257210671901703,0.0028259186074137688,0.05351217836141586,0.025823187083005905,0.1912144273519516,0.2830805778503418,0.00014853605534881353,2.146204948425293,0.10770347714424133,,,,,,,,,,,,,,,
,1.9186017610961398e-05,17499,,,,,,,,,,,,,,,,,,,,,,,,,,,,,,
25,,17499,0.03889532759785652,0.017451992258429527,0.17932526767253876,0.0004709569620899856,0.0371546670794487,0.012091951444745064,0.095094695687294,0.003995860461145639,0.047447990626096725,0.03376306593418121,0.15104524791240692,0.23905374109745026,0.007759118918329477,2.144455671310425,0.08257309347391129,,,,,,,,,,,,,,,
,1.9073157647656263e-05,17509,,,,,,,,,,,,,,,,,,,,,,,,,,,,,,
25,,17509,0.046943459659814835,0.029727792367339134,0.23255528509616852,0.0015918818535283208,0.04389238730072975,0.00518654752522707,0.15611016750335693,0.01088828593492508,0.08302564918994904,0.04970857501029968,0.16237187385559082,0.32941001653671265,0.008138705976307392,2.1247589588165283,0.09370507299900055,,,,,,,,,,,,,,,
,1.8960608067206194e-05,17519,,,,,,,,,,,,,,,,,,,,,,,,,,,,,,
25,,17519,0.05890827253460884,0.018854903057217598,0.17889465391635895,0.0017026399727910757,0.03503188118338585,0.008261055685579777,0.1418365240097046,0.014591559767723083,0.09414678066968918,0.047795362770557404,0.11962108314037323,0.3044079840183258,0.003418925916776061,2.160536527633667,0.06814150512218475,,,,,,,,,,,,,,,
,1.88483691364279e-05,17529,,,,,,,,,,,,,,,,,,,,,,,,,,,,,,
25,,17529,0.03602772578597069,0.01907735876739025,0.18128176033496857,0.0006866281619295478,0.023640446364879608,0.0081039322540164,0.09082651883363724,0.0027685363311320543,0.03477202728390694,0.04335213452577591,0.1270405501127243,0.20599834620952606,0.0019885648507624865,2.1236298084259033,0.07057870179414749,,,,,,,,,,,,,,,
,1.8736441121401496e-05,17539,,,,,,,,,,,,,,,,,,,,,,,,,,,,,,
25,,17539,0.04787963256239891,0.027513131499290466,0.2044709473848343,0.0016722205327823758,0.04018256068229675,0.022541983053088188,0.14976251125335693,0.010210463777184486,0.07670340687036514,0.037526752799749374,0.15158711373806,0.3142256736755371,0.0037138722836971283,2.1345407962799072,0.10311876237392426,,,,,,,,,,,,,,,
,1.8624824287470135e-05,17549,,,,,,,,,,,,,,,,,,,,,,,,,,,,,,
25,,17549,0.05294947698712349,0.02936013974249363,0.29159846901893616,0.0022909471299499273,0.062456145882606506,0.008234910666942596,0.16243009269237518,0.012888127937912941,0.13501712679862976,0.02248975820839405,0.15626636147499084,0.3988460600376129,0.0020627009216696024,2.127896308898926,0.08641015738248825,,,,,,,,,,,,,,,
,1.8513518899239238e-05,17559,,,,,,,,,,,,,,,,,,,,,,,,,,,,,,
25,,17559,0.034940414130687714,0.016653623431921005,0.15788058936595917,0.0009683253010734916,0.03433368355035782,0.011763392947614193,0.10034295916557312,0.008931550197303295,0.0628151223063469,0.03100905753672123,0.13617762923240662,0.2419857382774353,0.0002131512010237202,2.130248546600342,0.08708004653453827,,,,,,,,,,,,,,,
,1.840252522057588e-05,17569,,,,,,,,,,,,,,,,,,,,,,,,,,,,,,
25,,17569,0.054672010242938995,0.02040831744670868,0.16520823538303375,0.0005679967580363154,0.02101738378405571,0.006667627952992916,0.10021881759166718,0.004442889709025621,0.057848893105983734,0.04055522382259369,0.12917914986610413,0.23335574567317963,0.0011071187909692526,2.1211142539978027,0.06255032122135162,,,,,,,,,,,,,,,
,1.82918435146082e-05,17579,,,,,,,,,,,,,,,,,,,,,,,,,,,,,,
25,,17579,0.027399396523833275,0.014204500243067741,0.16814303398132324,0.0004826046642847359,0.027442727237939835,0.00779794342815876,0.10112690180540085,0.0030311180744320154,0.02034941501915455,0.03427373617887497,0.1262752264738083,0.1824358105659485,0.0006927973008714616,2.13877272605896,0.07205990701913834,,,,,,,,,,,,,,,
,1.818147404372476e-05,17589,,,,,,,,,,,,,,,,,,,,,,,,,,,,,,
25,,17589,0.03593531996011734,0.020235303789377213,0.23448823392391205,0.0012951572425663471,0.04662640020251274,0.008745080791413784,0.13171601295471191,0.008358490653336048,0.10012824833393097,0.03698980435729027,0.15438726544380188,0.3190368711948395,0.00036022221320308745,2.1283464431762695,0.09034139662981033,,,,,,,,,,,,,,,
,1.8071417069573874e-05,17599,,,,,,,,,,,,,,,,,,,,,,,,,,,,,,
25,,17599,0.042100414633750916,0.033066526055336,0.18647800385951996,0.0012380839325487614,0.02262822724878788,0.010522258467972279,0.13233277201652527,0.005201684311032295,0.0632345974445343,0.04318556934595108,0.11731177568435669,0.25451019406318665,0.004469346720725298,2.129133462905884,0.05401566997170448,,,,,,,,,,,,,,,
,1.7961672853063057e-05,17609,,,,,,,,,,,,,,,,,,,,,,,,,,,,,,
25,,17609,0.06247163936495781,0.019116109237074852,0.15007494390010834,0.003355348715558648,0.033275410532951355,0.017198117449879646,0.129457026720047,0.017162900418043137,0.11567940562963486,0.04699482023715973,0.12457884848117828,0.3236212730407715,0.0017439037328585982,2.11020565032959,0.06842607259750366,,,,,,,,,,,,,,,
,1.7852241654358434e-05,17619,,,,,,,,,,,,,,,,,,,,,,,,,,,,,,
25,,17619,0.04814652353525162,0.021133363246917725,0.2115071415901184,0.0009731186437420547,0.03772616386413574,0.00462801568210125,0.12482013553380966,0.008114450611174107,0.08821187168359756,0.0353277251124382,0.14410153031349182,0.2928617000579834,0.0012183472281321883,2.1046957969665527,0.07098367810249329,,,,,,,,,,,,,,,
,1.7743123732883934e-05,17629,,,,,,,,,,,,,,,,,,,,,,,,,,,,,,
25,,17629,0.0340752936899662,0.020714441314339638,0.17863871157169342,0.001587325008586049,0.02682279422879219,0.004974453244358301,0.11509629338979721,0.0061439163982868195,0.04279527813196182,0.01637778989970684,0.13701757788658142,0.2195064276456833,0.0009967410005629063,2.1314425468444824,0.07080318033695221,,,,,,,,,,,,,,,
,1.7634319347321036e-05,17639,,,,,,,,,,,,,,,,,,,,,,,,,,,,,,
25,,17639,0.031166261062026024,0.02570624090731144,0.1826828271150589,0.001130284508690238,0.0303517896682024,0.0063865771517157555,0.12596620619297028,0.007102388422936201,0.08624406158924103,0.022343598306179047,0.12930329144001007,0.2744915783405304,0.0018733286997303367,2.1470887660980225,0.0866202637553215,,,,,,,,,,,,,,,
,1.7525828755607708e-05,17649,,,,,,,,,,,,,,,,,,,,,,,,,,,,,,
25,,17649,0.03987849876284599,0.020789923146367073,0.20886631309986115,0.006318587809801102,0.03365707024931908,0.008871297352015972,0.13484685122966766,0.006577381864190102,0.1036139652132988,0.026557691395282745,0.14778470993041992,0.31097620725631714,0.0003598402545321733,2.1678779125213623,0.07696384936571121,,,,,,,,,,,,,,,
,1.7417652214938134e-05,17659,,,,,,,,,,,,,,,,,,,,,,,,,,,,,,
25,,17659,0.04983643814921379,0.0249226912856102,0.163212388753891,0.0012891126098111272,0.03527240827679634,0.011543028056621552,0.09614747762680054,0.006239473354071379,0.0651429295539856,0.04591666907072067,0.11677374690771103,0.25065484642982483,0.0025336325634270906,2.1185171604156494,0.07576653361320496,,,,,,,,,,,,,,,
,1.730978998176199e-05,17669,,,,,,,,,,,,,,,,,,,,,,,,,,,,,,
25,,17669,0.02372734807431698,0.04191132262349129,0.26176226139068604,0.010627028532326221,0.03070424310863018,0.011035281233489513,0.16873790323734283,0.0054107410833239555,0.05618886649608612,0.022844035178422928,0.13560421764850616,0.2909834384918213,0.0006466471240855753,2.1311912536621094,0.0834253579378128,,,,,,,,,,,,,,,
,1.720224231178377e-05,17679,,,,,,,,,,,,,,,,,,,,,,,,,,,,,,
25,,17679,0.021474232897162437,0.01842343620955944,0.19760973751544952,0.0011318727629259229,0.021853232756257057,0.004688477609306574,0.09156429767608643,0.0018280259100720286,0.028765765950083733,0.022427022457122803,0.11809157580137253,0.18495529890060425,0.00042407537694089115,2.113176107406616,0.0591171495616436,,,,,,,,,,,,,,,
,1.7095009459962312e-05,17689,,,,,,,,,,,,,,,,,,,,,,,,,,,,,,
25,,17689,0.06734374165534973,0.015672890469431877,0.18833036720752716,0.0008241901523433626,0.037732720375061035,0.01020419504493475,0.11997008323669434,0.005488366354256868,0.08254028111696243,0.031599052250385284,0.15766790509223938,0.2945748567581177,0.0008021991234272718,2.172501564025879,0.09226156026124954,,,,,,,,,,,,,,,
,1.698809168051011e-05,17699,,,,,,,,,,,,,,,,,,,,,,,,,,,,,,
25,,17699,0.03299250453710556,0.0253465473651886,0.25598564743995667,0.0012705958215519786,0.043049488216638565,0.008978539146482944,0.16499808430671692,0.009903212077915668,0.08603055030107498,0.059576503932476044,0.15414223074913025,0.32857707142829895,0.0020372415892779827,2.143653631210327,0.09879609942436218,,,,,,,,,,,,,,,
,1.6881489226892775e-05,17709,,,,,,,,,,,,,,,,,,,,,,,,,,,,,,
25,,17709,0.05151358246803284,0.027401553466916084,0.22775456309318542,0.005940763745456934,0.059218406677246094,0.01215584296733141,0.13770253956317902,0.013334357179701328,0.11598318815231323,0.05816633999347687,0.15405157208442688,0.36624762415885925,0.0008347269613295794,2.130216360092163,0.10089118033647537,,,,,,,,,,,,,,,
,1.6775202351828227e-05,17719,,,,,,,,,,,,,,,,,,,,,,,,,,,,,,
25,,17719,0.055131107568740845,0.03161216527223587,0.16370369493961334,0.0027519979048520327,0.027296699583530426,0.003690939163789153,0.1286620944738388,0.005315254908055067,0.10041569918394089,0.031616032123565674,0.12869468331336975,0.28714898228645325,0.0016531270230188966,2.1289756298065186,0.054583024233579636,,,,,,,,,,,,,,,
,1.6669231307286495e-05,17729,,,,,,,,,,,,,,,,,,,,,,,,,,,,,,
25,,17729,0.03380081430077553,0.024295683950185776,0.1528276652097702,0.006330888252705336,0.03489182889461517,0.010354632511734962,0.1051768958568573,0.004521683789789677,0.04427814856171608,0.050056006759405136,0.11917748302221298,0.22903190553188324,0.004289733711630106,2.128174304962158,0.08535360544919968,,,,,,,,,,,,,,,
,1.656357634448866e-05,17739,,,,,,,,,,,,,,,,,,,,,,,,,,,,,,
25,,17739,0.034138523042201996,0.02644381672143936,0.23486588895320892,0.0003124736249446869,0.04609360918402672,0.007929811254143715,0.1379924863576889,0.007776611018925905,0.058100271970033646,0.04295424371957779,0.16336552798748016,0.2874857485294342,0.00018214236479252577,2.1422905921936035,0.11301668733358383,,,,,,,,,,,,,,,
,1.6458237713906614e-05,17749,,,,,,,,,,,,,,,,,,,,,,,,,,,,,,
25,,17749,0.05565818399190903,0.020938200876116753,0.2066441774368286,0.0024727131240069866,0.03313567116856575,0.011963656172156334,0.13640965521335602,0.0068108574487268925,0.06255365908145905,0.0671597421169281,0.1468980759382248,0.2894732356071472,0.005304423160851002,2.1371843814849854,0.08770734816789627,,,,,,,,,,,,,,,
,1.6353215665262315e-05,17759,,,,,,,,,,,,,,,,,,,,,,,,,,,,,,
25,,17759,0.03285114839673042,0.039270494133234024,0.19876523315906525,0.0013292278163135052,0.034601129591464996,0.0053778477013111115,0.11576370149850845,0.006305245216935873,0.06364669650793076,0.030856408178806305,0.14451420307159424,0.26105913519859314,0.00019688840257003903,2.09987211227417,0.08002099394798279,,,,,,,,,,,,,,,
,1.624851044752711e-05,17769,,,,,,,,,,,,,,,,,,,,,,,,,,,,,,
25,,17769,0.05106315389275551,0.020488590002059937,0.20119839906692505,0.0004263767914380878,0.03642189875245094,0.00884478259831667,0.13615025579929352,0.008205955848097801,0.08013564348220825,0.03604951500892639,0.13402217626571655,0.287370502948761,0.0017300111940130591,2.1444737911224365,0.07669559121131897,,,,,,,,,,,,,,,
,1.6144122308921454e-05,17779,,,,,,,,,,,,,,,,,,,,,,,,,,,,,,
25,,17779,0.03298166021704674,0.023357493802905083,0.25106081366539,0.00039101633592508733,0.0325477160513401,0.012913176789879799,0.1296597123146057,0.002892292570322752,0.02510039135813713,0.04890729486942291,0.13727696239948273,0.24056793749332428,0.0024606757797300816,2.1455862522125244,0.08923853188753128,,,,,,,,,,,,,,,
,1.6040051496913913e-05,17789,,,,,,,,,,,,,,,,,,,,,,,,,,,,,,
25,,17789,0.022042782977223396,0.03621784225106239,0.2757704257965088,0.0006793516222387552,0.034377794712781906,0.005059759132564068,0.1565910130739212,0.005152828060090542,0.04814218729734421,0.02730347029864788,0.15080298483371735,0.2692241370677948,0.0023007451090961695,2.183920383453369,0.06727053970098495,,,,,,,,,,,,,,,
,1.5936298258220887e-05,17799,,,,,,,,,,,,,,,,,,,,,,,,,,,,,,
25,,17799,0.03584339842200279,0.02317258156836033,0.26034095883369446,0.001804377301596105,0.034455738961696625,0.0033239158801734447,0.1650305837392807,0.007949705235660076,0.07258326560258865,0.03125357627868652,0.17030657827854156,0.30461814999580383,0.002631428884342313,2.1367130279541016,0.08024480938911438,,,,,,,,,,,,,,,
,1.583286283880587e-05,17809,,,,,,,,,,,,,,,,,,,,,,,,,,,,,,
25,,17809,0.03933144733309746,0.02056196890771389,0.21710261702537537,0.0027354229241609573,0.02765912190079689,0.01152931246906519,0.12023494392633438,0.006621588487178087,0.07213301211595535,0.040897954255342484,0.15547972917556763,0.27472564578056335,0.0004901609499938786,2.1150453090667725,0.0658511370420456,,,,,,,,,,,,,,,
,1.5729745483878985e-05,17819,,,,,,,,,,,,,,,,,,,,,,,,,,,,,,
25,,17819,0.02252756431698799,0.020565422251820564,0.23048347234725952,0.00242809671908617,0.035175543278455734,0.003899764269590378,0.09906754642724991,0.003723415080457926,0.028444569557905197,0.022154558449983597,0.15688031911849976,0.2219746708869934,0.004203159362077713,2.1523032188415527,0.08110176026821136,,,,,,,,,,,,,,,
,1.562694643789622e-05,17829,,,,,,,,,,,,,,,,,,,,,,,,,,,,,,
25,,17829,0.042891938239336014,0.026849018409848213,0.26316821575164795,0.0007520824437960982,0.05264591425657272,0.008753218688070774,0.1314145177602768,0.0019258693791925907,0.15344099700450897,0.04966675117611885,0.17719155550003052,0.4008980095386505,0.0012039111461490393,2.1329915523529053,0.1305301934480667,,,,,,,,,,,,,,,
,1.552446594455907e-05,17839,,,,,,,,,,,,,,,,,,,,,,,,,,,,,,
25,,17839,0.022883789613842964,0.050963059067726135,0.3022918403148651,0.0019520834321156144,0.0382506288588047,0.006264156196266413,0.15828660130500793,0.004197533708065748,0.033853866159915924,0.041984543204307556,0.16841162741184235,0.2819320261478424,0.0003141089982818812,2.1359400749206543,0.08951128274202347,,,,,,,,,,,,,,,
,1.542230424681382e-05,17849,,,,,,,,,,,,,,,,,,,,,,,,,,,,,,
25,,17849,0.05386541411280632,0.02108227089047432,0.21999646723270416,0.00040461658500134945,0.045243579894304276,0.009477552026510239,0.16128741204738617,0.012124045751988888,0.13951827585697174,0.043535422533750534,0.13849009573459625,0.36795464158058167,0.001708444906398654,2.176435708999634,0.07411599904298782,,,,,,,,,,,,,,,
,1.5320461586850884e-05,17859,,,,,,,,,,,,,,,,,,,,,,,,,,,,,,
25,,17859,0.029274875298142433,0.0204636100679636,0.2514795958995819,0.0015785431023687124,0.03449544310569763,0.004545386880636215,0.11113149672746658,0.0028229602612555027,0.02368440292775631,0.030805237591266632,0.12787744402885437,0.22025692462921143,0.0006182894576340914,2.159860134124756,0.08136754482984543,,,,,,,,,,,,,,,
,1.5218938206104597e-05,17869,,,,,,,,,,,,,,,,,,,,,,,,,,,,,,
25,,17869,0.021703427657485008,0.02871071733534336,0.22570157051086426,0.0015298937214538455,0.029807839542627335,0.0029946593567728996,0.11144065111875534,0.0035490458831191063,0.03370823711156845,0.020664585754275322,0.13323643803596497,0.216359481215477,0.0018558168085291982,2.1720738410949707,0.06371194124221802,,,,,,,,,,,,,,,
,1.5117734345252136e-05,17879,,,,,,,,,,,,,,,,,,,,,,,,,,,,,,
25,,17879,0.028941519558429718,0.017779070883989334,0.25635865330696106,0.005682503338903189,0.025405975058674812,0.003922612871974707,0.14010003209114075,0.0036268855910748243,0.049918051809072495,0.03662147745490074,0.14729918539524078,0.26554858684539795,0.004460121970623732,2.104874610900879,0.08360059559345245,,,,,,,,,,,,,,,
,1.5016850244213353e-05,17889,,,,,,,,,,,,,,,,,,,,,,,,,,,,,,
25,,17889,0.035777006298303604,0.04031668230891228,0.2174629122018814,0.0007317857234738767,0.02392321638762951,0.008837403729557991,0.12737248837947845,0.00344768725335598,0.0329241119325161,0.05832577496767044,0.13665151596069336,0.2328035831451416,0.001472201431170106,2.1483869552612305,0.055506471544504166,,,,,,,,,,,,,,,
,1.491628614215002e-05,17899,,,,,,,,,,,,,,,,,,,,,,,,,,,,,,
25,,17899,0.04819277301430702,0.01527361012995243,0.20504651963710785,0.0060517750680446625,0.03942975029349327,0.01170609425753355,0.113894984126091,0.007221650332212448,0.10264697670936584,0.04954484477639198,0.13135699927806854,0.316354900598526,0.001428821007721126,2.152357816696167,0.09799507260322571,,,,,,,,,,,,,,,
,1.4816042277465234e-05,17909,,,,,,,,,,,,,,,,,,,,,,,,,,,,,,
25,,17909,0.022104427218437195,0.03997286036610603,0.20344243943691254,0.0010563558898866177,0.016721131280064583,0.0058607314713299274,0.1282743215560913,0.0019370755180716515,0.029453784227371216,0.029389046132564545,0.11455805599689484,0.20427991449832916,0.00039782150997780263,2.1442599296569824,0.056205231696367264,,,,,,,,,,,,,,,
,1.4716118887803102e-05,17919,,,,,,,,,,,,,,,,,,,,,,,,,,,,,,
25,,17919,0.05209214985370636,0.015317020006477833,0.20619748532772064,0.0026931820902973413,0.0450192391872406,0.010479574091732502,0.10441496968269348,0.006026923656463623,0.08790336549282074,0.05157202109694481,0.15443821251392365,0.3047862648963928,0.0002269687392981723,2.152587413787842,0.10893980413675308,,,,,,,,,,,,,,,
,1.4616516210047769e-05,17929,,,,,,,,,,,,,,,,,,,,,,,,,,,,,,
25,,17929,0.027108287438750267,0.02077563665807247,0.22094951570034027,0.0008473677444271743,0.02833571471273899,0.007912231609225273,0.10859157890081406,0.00454409746453166,0.026766059920191765,0.02864886075258255,0.13344283401966095,0.21643634140491486,0.002301363507285714,2.1592416763305664,0.08218125253915787,,,,,,,,,,,,,,,
,1.4517234480323236e-05,17939,,,,,,,,,,,,,,,,,,,,,,,,,,,,,,
25,,17939,0.01746799424290657,0.024348897859454155,0.17346784472465515,0.004844216164201498,0.01292914617806673,0.0054279500618577,0.10946457087993622,0.0036266730166971684,0.0353965163230896,0.03564370423555374,0.11205614358186722,0.19080671668052673,0.0003234173054806888,2.1169190406799316,0.050105951726436615,,,,,,,,,,,,,,,
,1.4418273933992585e-05,17949,,,,,,,,,,,,,,,,,,,,,,,,,,,,,,
25,,17949,0.024202030152082443,0.02261531725525856,0.22601081430912018,0.0030141938477754593,0.026555782184004784,0.005286255851387978,0.13795116543769836,0.0031807837076485157,0.029260920360684395,0.035811085253953934,0.13448147475719452,0.2291887402534485,0.002807455835863948,2.1254687309265137,0.08645728975534439,,,,,,,,,,,,,,,
,1.4319634805657521e-05,17959,,,,,,,,,,,,,,,,,,,,,,,,,,,,,,
25,,17959,0.03843095153570175,0.018859218806028366,0.2036869078874588,0.001071627950295806,0.027272500097751617,0.012948622927069664,0.09812860935926437,0.004755283705890179,0.047371961176395416,0.04679679125547409,0.1423206776380539,0.24180938303470612,0.0016986195696517825,2.12015962600708,0.08579466491937637,,,,,,,,,,,,,,,
,1.4221317329157705e-05,17969,,,,,,,,,,,,,,,,,,,,,,,,,,,,,,
25,,17969,0.03014429658651352,0.02184043452143669,0.1845688819885254,0.0006156137678772211,0.027333151549100876,0.008223417215049267,0.13174262642860413,0.00783555954694748,0.05814417824149132,0.027246875688433647,0.12954242527484894,0.23780211806297302,0.00014476350042968988,2.099609375,0.06002279743552208,,,,,,,,,,,,,,,
,1.4123321737570347e-05,17979,,,,,,,,,,,,,,,,,,,,,,,,,,,,,,
25,,17979,0.020250480622053146,0.04039865359663963,0.18267738819122314,0.0012228601844981313,0.024884803220629692,0.005500537343323231,0.13627889752388,0.0029361341148614883,0.026863908395171165,0.022765988484025,0.12314906716346741,0.20471562445163727,0.002570953918620944,2.139772891998291,0.06315980106592178,,,,,,,,,,,,,,,
,1.4025648263209549e-05,17989,,,,,,,,,,,,,,,,,,,,,,,,,,,,,,
25,,17989,0.051320310682058334,0.028551625087857246,0.2170417606830597,0.00405455194413662,0.029197877272963524,0.01758893020451069,0.11946877092123032,0.0052825678139925,0.056506212800741196,0.04811970889568329,0.13459542393684387,0.2713964879512787,0.0014450099552050233,2.1459028720855713,0.07272207736968994,,,,,,,,,,,,,,,
,1.3928297137625722e-05,17999,,,,,,,,,,,,,,,,,,,,,,,,,,,,,,
25,,17999,0.028950700536370277,0.009453131817281246,0.1606651097536087,0.0006457665585912764,0.022215435281395912,0.014114919118583202,0.06699531525373459,0.007838653400540352,0.035132814198732376,0.025734901428222656,0.11952129751443863,0.1850123405456543,0.0004346283676568419,2.1411802768707275,0.05793231353163719,,,,,,,,,,,,,,,
,1.3831268591605237e-05,18009,,,,,,,,,,,,,,,,,,,,,,,,,,,,,,
25,,18009,0.054540034383535385,0.01904989406466484,0.29914799332618713,0.0015790376346558332,0.04302656650543213,0.005933491047471762,0.1356043666601181,0.0024092402309179306,0.07226899266242981,0.04553869366645813,0.180242657661438,0.3272295892238617,0.004427140112966299,2.0620546340942383,0.10468997806310654,,,,,,,,,,,,,,,
,1.3734562855169617e-05,18019,,,,,,,,,,,,,,,,,,,,,,,,,,,,,,
25,,18019,0.0432078018784523,0.017407460138201714,0.18035049736499786,0.0019199202070012689,0.037433456629514694,0.018154652789235115,0.12651033699512482,0.008621683344244957,0.12440209835767746,0.016624201089143753,0.13288185000419617,0.3237740099430084,0.0016358732245862484,2.142353057861328,0.0846303254365921,,,,,,,,,,,,,,,
,1.3638180157575157e-05,18029,,,,,,,,,,,,,,,,,,,,,,,,,,,,,,
25,,18029,0.05879552662372589,0.017421219497919083,0.25795695185661316,0.002337469719350338,0.0465836264193058,0.007981927134096622,0.11375715583562851,0.009375937283039093,0.11818357557058334,0.07949075102806091,0.16710370779037476,0.36977097392082214,0.001499949605204165,2.120086193084717,0.11733388900756836,,,,,,,,,,,,,,,
,1.3542120727312384e-05,18039,,,,,,,,,,,,,,,,,,,,,,,,,,,,,,
25,,18039,0.05257507041096687,0.014559508301317692,0.16687914729118347,0.0018062912859022617,0.042251892387866974,0.009995479136705399,0.12226995080709457,0.008514048531651497,0.11082218587398529,0.04850775748491287,0.1293470412492752,0.3073153495788574,0.0003230368020012975,2.1284635066986084,0.08133640140295029,,,,,,,,,,,,,,,
,1.3446384792105336e-05,18049,,,,,,,,,,,,,,,,,,,,,,,,,,,,,,
25,,18049,0.02220749855041504,0.034997597336769104,0.2474362552165985,0.0014430752489715815,0.02521114982664585,0.005389865953475237,0.15524248778820038,0.00524429976940155,0.046581145375967026,0.015313995070755482,0.13961361348628998,0.2519513964653015,0.00038786878576502204,2.1798484325408936,0.06977725774049759,,,,,,,,,,,,,,,
,1.3350972578911285e-05,18059,,,,,,,,,,,,,,,,,,,,,,,,,,,,,,
25,,18059,0.028619088232517242,0.02292298711836338,0.2337108850479126,0.0027120306622236967,0.032451365143060684,0.011927093379199505,0.13722196221351624,0.0136664267629385,0.06581973284482956,0.03852048143744469,0.15173818171024323,0.2964991331100464,0.015053247101604939,2.102308750152588,0.07049371302127838,,,,,,,,,,,,,,,
,1.3255884313920011e-05,18069,,,,,,,,,,,,,,,,,,,,,,,,,,,,,,
25,,18069,0.023149553686380386,0.01633152924478054,0.2130695879459381,0.00347935245372355,0.04247018322348595,0.0030976533889770508,0.1574261635541916,0.008455696515738964,0.12229663878679276,0.04309916868805885,0.13939790427684784,0.33109015226364136,0.00423752935603261,2.1640877723693848,0.08241764456033707,,,,,,,,,,,,,,,
25,,18069,,,,,,,,,,,,,,,,0.1709924042224884,0.04776782914996147,0.2827453911304474,0.01049632765352726,0.07847338914871216,0.0020953768398612738,0.1871875673532486,0.023486996069550514,0.19387780129909515,0.07583196461200714,0.205545574426651,0.5936207175254822,0.010294627398252487,2.096015691757202,0.15363727509975433
,1.3161120222553351e-05,18079,,,,,,,,,,,,,,,,,,,,,,,,,,,,,,
26,,18079,0.02662547491490841,0.02682371810078621,0.2220333218574524,0.002592875389382243,0.035928528755903244,0.005760412663221359,0.12080879509449005,0.0020240771118551493,0.03255205973982811,0.03577473387122154,0.16048140823841095,0.2326212376356125,0.00027565567870624363,2.1500566005706787,0.0833243653178215,,,,,,,,,,,,,,,
,1.3066680529464596e-05,18089,,,,,,,,,,,,,,,,,,,,,,,,,,,,,,
26,,18089,0.051202040165662766,0.016836117953062057,0.20954138040542603,0.0023302659392356873,0.04267926141619682,0.011016104370355606,0.12146058678627014,0.0049423761665821075,0.06398476660251617,0.038968175649642944,0.15633155405521393,0.28244927525520325,0.0015490963123738766,2.1308670043945312,0.10263445973396301,,,,,,,,,,,,,,,
,1.2972565458538075e-05,18099,,,,,,,,,,,,,,,,,,,,,,,,,,,,,,
26,,18099,0.02836034819483757,0.02569269761443138,0.2150522619485855,0.0019284086301922798,0.026057949289679527,0.007053192704916,0.12359307706356049,0.002831950318068266,0.029590368270874023,0.026216698810458183,0.11979077011346817,0.21548312902450562,0.001527677639387548,2.1774933338165283,0.07267258316278458,,,,,,,,,,,,,,,
,1.2878775232888434e-05,18109,,,,,,,,,,,,,,,,,,,,,,,,,,,,,,
26,,18109,0.06543529778718948,0.015143951401114464,0.15997084975242615,0.0006277873180806637,0.02767992578446865,0.007740412373095751,0.10092974454164505,0.007906930521130562,0.07376831769943237,0.045660197734832764,0.12089573591947556,0.25897103548049927,0.0011627691565081477,2.1282403469085693,0.07229315489530563,,,,,,,,,,,,,,,
,1.2785310074860311e-05,18119,,,,,,,,,,,,,,,,,,,,,,,,,,,,,,
26,,18119,0.02730383723974228,0.09504523128271103,0.3373620808124542,0.0011658258736133575,0.041634101420640945,0.0035689985379576683,0.23951373994350433,0.0032936143688857555,0.0401972159743309,0.02396307699382305,0.19442099332809448,0.3516761064529419,0.0025462668854743242,2.1267507076263428,0.1234813779592514,,,,,,,,,,,,,,,
,1.2692170206027735e-05,18129,,,,,,,,,,,,,,,,,,,,,,,,,,,,,,
26,,18129,0.04054827243089676,0.03319322690367699,0.18585483729839325,0.001243852311745286,0.03530964255332947,0.010565128177404404,0.1308271288871765,0.0051560718566179276,0.07307622581720352,0.03291124105453491,0.15981897711753845,0.2761092483997345,0.000709429441485554,2.145460605621338,0.07632853090763092,,,,,,,,,,,,,,,
,1.2599355847193448e-05,18139,,,,,,,,,,,,,,,,,,,,,,,,,,,,,,
26,,18139,0.039047401398420334,0.017499608919024467,0.20123548805713654,0.005970759782940149,0.028407489880919456,0.012058833613991737,0.09848042577505112,0.003507723566144705,0.05020822957158089,0.03620273619890213,0.12730517983436584,0.24181020259857178,0.0011341760400682688,2.1512975692749023,0.08484096080064774,,,,,,,,,,,,,,,
,1.2506867218388711e-05,18149,,,,,,,,,,,,,,,,,,,,,,,,,,,,,,
26,,18149,0.021338986232876778,0.053533632308244705,0.23519267141819,0.0013573922915384173,0.03119502030313015,0.012301277369260788,0.15702974796295166,0.004459581337869167,0.03400956094264984,0.027865320444107056,0.15218956768512726,0.25333744287490845,0.0038779445458203554,2.139441728591919,0.06389220058917999,,,,,,,,,,,,,,,
,1.241470453887245e-05,18159,,,,,,,,,,,,,,,,,,,,,,,,,,,,,,
26,,18159,0.034971363842487335,0.021228201687335968,0.2722271680831909,0.0010321654845029116,0.03732956573367119,0.004551243968307972,0.11890129745006561,0.005967674311250448,0.025934699922800064,0.04959531128406525,0.18530213832855225,0.26122912764549255,0.0002254470600746572,2.1437172889709473,0.11530329287052155,,,,,,,,,,,,,,,
,1.2322868027130912e-05,18169,,,,,,,,,,,,,,,,,,,,,,,,,,,,,,
26,,18169,0.019168151542544365,0.018858319148421288,0.21622063219547272,0.0007658455870114267,0.022479452192783356,0.005554949399083853,0.12042312324047089,0.003644986543804407,0.026250548660755157,0.044827885925769806,0.1421910971403122,0.20727339386940002,0.0005815334734506905,2.16758394241333,0.06790453940629959,,,,,,,,,,,,,,,
,1.2231357900877143e-05,18179,,,,,,,,,,,,,,,,,,,,,,,,,,,,,,
26,,18179,0.04989726468920708,0.026103302836418152,0.245130255818367,0.0038622829597443342,0.03595851734280586,0.007368616759777069,0.16159750521183014,0.003266780637204647,0.06255517899990082,0.06134629249572754,0.15607675909996033,0.31056496500968933,0.0009181048371829093,2.1612422466278076,0.12514328956604004,,,,,,,,,,,,,,,
,1.2140174377050426e-05,18189,,,,,,,,,,,,,,,,,,,,,,,,,,,,,,
26,,18189,0.034029483795166016,0.018878698348999023,0.20250515639781952,0.001330543658696115,0.03173569217324257,0.009835009463131428,0.11454761773347855,0.008014202117919922,0.06263481080532074,0.028906185179948807,0.15898537635803223,0.25375989079475403,0.0009108775993809104,2.1698148250579834,0.05976788327097893,,,,,,,,,,,,,,,
,1.204931767181575e-05,18199,,,,,,,,,,,,,,,,,,,,,,,,,,,,,,
26,,18199,0.06569237262010574,0.04974328726530075,0.2326754480600357,0.0017991644563153386,0.03811686486005783,0.006830143742263317,0.1639299988746643,0.007280170917510986,0.10809321701526642,0.04639362543821335,0.13638262450695038,0.3573603630065918,0.0052558970637619495,2.134666681289673,0.08074470609426498,,,,,,,,,,,,,,,
,1.1958788000563335e-05,18209,,,,,,,,,,,,,,,,,,,,,,,,,,,,,,
26,,18209,0.023555047810077667,0.019004493951797485,0.2537490725517273,0.0015279430663213134,0.03641042858362198,0.0037881433963775635,0.12334803491830826,0.00514617282897234,0.04866204410791397,0.05011923611164093,0.16908791661262512,0.2696801722049713,0.00380228110589087,2.1684134006500244,0.1062283143401146,,,,,,,,,,,,,,,
,1.1868585577908173e-05,18219,,,,,,,,,,,,,,,,,,,,,,,,,,,,,,
26,,18219,0.03750131279230118,0.028100548312067986,0.2099960595369339,0.0015221713110804558,0.03203793242573738,0.007142983842641115,0.13202543556690216,0.007263918407261372,0.05331730842590332,0.04452066868543625,0.12934435904026031,0.2647678852081299,0.003646086435765028,2.1014959812164307,0.09631458669900894,,,,,,,,,,,,,,,
,1.1778710617689412e-05,18229,,,,,,,,,,,,,,,,,,,,,,,,,,,,,,
26,,18229,0.02322947233915329,0.02156716398894787,0.2510280907154083,0.0032375066075474024,0.03284888714551926,0.011901187710464,0.12906800210475922,0.004933916963636875,0.04320719465613365,0.05699107423424721,0.15678063035011292,0.270160436630249,0.005613364744931459,2.1559412479400635,0.10427942126989365,,,,,,,,,,,,,,,
,1.1689163332969919e-05,18239,,,,,,,,,,,,,,,,,,,,,,,,,,,,,,
26,,18239,0.03594180941581726,0.035214319825172424,0.16863830387592316,0.0011360448552295566,0.03233079984784126,0.006588811986148357,0.14135725796222687,0.005657820031046867,0.059595949947834015,0.030552929267287254,0.11632366478443146,0.245355486869812,0.0009140472393482924,2.1372482776641846,0.06946463137865067,,,,,,,,,,,,,,,
,1.1599943936035683e-05,18249,,,,,,,,,,,,,,,,,,,,,,,,,,,,,,
26,,18249,0.03584078699350357,0.018172085285186768,0.2228238731622696,0.0006373643409460783,0.03481176123023033,0.011283023282885551,0.1326042115688324,0.009362968616187572,0.061087701469659805,0.029227852821350098,0.14776389300823212,0.26748961210250854,0.0009630420245230198,2.154005289077759,0.0732322558760643,,,,,,,,,,,,,,,
,1.1511052638395479e-05,18259,,,,,,,,,,,,,,,,,,,,,,,,,,,,,,
26,,18259,0.03846229240298271,0.03705009073019028,0.24704310297966003,0.0014220938319340348,0.025833237916231155,0.00768445385619998,0.16139265894889832,0.003912533633410931,0.04314640536904335,0.0442839115858078,0.1811581552028656,0.2792022228240967,0.005247080698609352,2.1052989959716797,0.07929031550884247,,,,,,,,,,,,,,,
,1.1422489650780275e-05,18269,,,,,,,,,,,,,,,,,,,,,,,,,,,,,,
26,,18269,0.02893793024122715,0.029886044561862946,0.2193497121334076,0.0011813080636784434,0.02927345223724842,0.00991895329207182,0.11921245604753494,0.007685300428420305,0.058267753571271896,0.022202247753739357,0.1527252495288849,0.2603703439235687,0.0009389858460053802,2.118375778198242,0.08037453889846802,,,,,,,,,,,,,,,
,1.1334255183142594e-05,18279,,,,,,,,,,,,,,,,,,,,,,,,,,,,,,
26,,18279,0.0629662349820137,0.02532394602894783,0.19821792840957642,0.0005497088422998786,0.04025156795978546,0.028667330741882324,0.1289530098438263,0.00799263920634985,0.06565387547016144,0.031052539125084877,0.143246591091156,0.298136442899704,0.0003303996054455638,2.1127920150756836,0.10863235592842102,,,,,,,,,,,,,,,
,1.1246349444656327e-05,18289,,,,,,,,,,,,,,,,,,,,,,,,,,,,,,
26,,18289,0.04710838571190834,0.03689833730459213,0.2671627402305603,0.0021096921991556883,0.04693987965583801,0.010804494842886925,0.16054806113243103,0.005255859345197678,0.07876434177160263,0.0243351012468338,0.14169761538505554,0.3155409097671509,0.00018751667812466621,2.16823673248291,0.07165700197219849,,,,,,,,,,,,,,,
,1.115877264371593e-05,18299,,,,,,,,,,,,,,,,,,,,,,,,,,,,,,
26,,18299,0.02664210833609104,0.059053875505924225,0.2609248757362366,0.0017620496219024062,0.0352659672498703,0.012472675181925297,0.1881597340106964,0.006236391142010689,0.05140363797545433,0.05145042762160301,0.14963844418525696,0.30580657720565796,0.0020608529448509216,2.141939401626587,0.09795188158750534,,,,,,,,,,,,,,,
,1.1071524987936109e-05,18309,,,,,,,,,,,,,,,,,,,,,,,,,,,,,,
26,,18309,0.03005562163889408,0.032081976532936096,0.26381319761276245,0.001064607873558998,0.043576352298259735,0.0038463284727185965,0.13553304970264435,0.002731319284066558,0.05886565148830414,0.048888955265283585,0.16953669488430023,0.2876749336719513,0.0023503992706537247,2.18583607673645,0.09239065647125244,,,,,,,,,,,,,,,
,1.0984606684151298e-05,18319,,,,,,,,,,,,,,,,,,,,,,,,,,,,,,
26,,18319,0.02774219587445259,0.025729240849614143,0.18695250153541565,0.0007843837956897914,0.02876558154821396,0.006428956985473633,0.1361764371395111,0.00930666271597147,0.056378740817308426,0.03584955632686615,0.11901673674583435,0.24391315877437592,0.002806912176311016,2.139401435852051,0.06919051706790924,,,,,,,,,,,,,,,
,1.0898017938415122e-05,18329,,,,,,,,,,,,,,,,,,,,,,,,,,,,,,
26,,18329,0.02336370386183262,0.055534444749355316,0.3673587441444397,0.001738281804136932,0.03769591823220253,0.004191017244011164,0.21485725045204163,0.0012533396948128939,0.024228574708104134,0.023225335404276848,0.18493212759494781,0.31071746349334717,0.0028979689814150333,2.1299326419830322,0.10264016687870026,,,,,,,,,,,,,,,
,1.0811758955999928e-05,18339,,,,,,,,,,,,,,,,,,,,,,,,,,,,,,
26,,18339,0.03471849858760834,0.02540471777319908,0.21343699097633362,0.0030239392071962357,0.037761472165584564,0.018112288787961006,0.13385988771915436,0.007999095134437084,0.05623181536793709,0.03449162095785141,0.1452641487121582,0.27469363808631897,0.0014945280272513628,2.1213390827178955,0.0940132811665535,,,,,,,,,,,,,,,
,1.0725829941396325e-05,18349,,,,,,,,,,,,,,,,,,,,,,,,,,,,,,
26,,18349,0.023371800780296326,0.053741324692964554,0.2912393808364868,0.0004309872747398913,0.025614500045776367,0.009900999255478382,0.19818642735481262,0.0046867551282048225,0.02246435172855854,0.014415128156542778,0.146965891122818,0.26210787892341614,0.0006030783406458795,2.1239428520202637,0.0697077065706253,,,,,,,,,,,,,,,
,1.064023109831268e-05,18359,,,,,,,,,,,,,,,,,,,,,,,,,,,,,,
26,,18359,0.04370902106165886,0.01792437955737114,0.14382407069206238,0.0013471366837620735,0.03296589106321335,0.004821993410587311,0.08644834160804749,0.007234330289065838,0.05454788729548454,0.043069589883089066,0.10893071442842484,0.2174794226884842,0.00074416195275262,2.1663975715637207,0.0697443038225174,,,,,,,,,,,,,,,
,1.0554962629674634e-05,18369,,,,,,,,,,,,,,,,,,,,,,,,,,,,,,
26,,18369,0.04008989408612251,0.030767658725380898,0.18393880128860474,0.0006636658799834549,0.02536504715681076,0.0061343880370259285,0.11864468455314636,0.0065164705738425255,0.06266432255506516,0.01954750530421734,0.11718109250068665,0.24175122380256653,0.0012025742325931787,2.169908285140991,0.05910852178931236,,,,,,,,,,,,,,,
,1.047002473762466e-05,18379,,,,,,,,,,,,,,,,,,,,,,,,,,,,,,
26,,18379,0.040974244475364685,0.03918512538075447,0.24905629456043243,0.0010054787853732705,0.048194799572229385,0.01146339625120163,0.1687999814748764,0.016405057162046432,0.09043775498867035,0.025845276191830635,0.16356390714645386,0.3496784567832947,0.0024811127223074436,2.133878469467163,0.10633675754070282,,,,,,,,,,,,,,,
,1.0385417623521436e-05,18389,,,,,,,,,,,,,,,,,,,,,,,,,,,,,,
26,,18389,0.033866919577121735,0.06345798820257187,0.2226431965827942,0.0031739319674670696,0.042684055864810944,0.010413454845547676,0.1802038550376892,0.011860799975693226,0.1051260456442833,0.05183099955320358,0.13791954517364502,0.35290494561195374,0.0005333987064659595,2.1230926513671875,0.08937966078519821,,,,,,,,,,,,,,,
,1.0301141487939585e-05,18399,,,,,,,,,,,,,,,,,,,,,,,,,,,,,,
26,,18399,0.037006016820669174,0.03460711985826492,0.150548055768013,0.001585751655511558,0.04528795927762985,0.023029789328575134,0.11966128647327423,0.00854775682091713,0.0924084261059761,0.04103679209947586,0.13757559657096863,0.292028546333313,0.0030920393764972687,2.1049702167510986,0.07487151771783829,,,,,,,,,,,,,,,
,1.0217196530669091e-05,18409,,,,,,,,,,,,,,,,,,,,,,,,,,,,,,
26,,18409,0.031977586448192596,0.031002359464764595,0.1918008029460907,0.000663738523144275,0.037804655730724335,0.003862082725390792,0.131899893283844,0.005491252988576889,0.0929652750492096,0.03935732692480087,0.14140693843364716,0.2879297733306885,0.0011319593759253621,2.1258020401000977,0.07735136896371841,,,,,,,,,,,,,,,
,1.013358295071472e-05,18419,,,,,,,,,,,,,,,,,,,,,,,,,,,,,,
26,,18419,0.0492708757519722,0.04423389211297035,0.24976380169391632,0.0021580751053988934,0.034748371690511703,0.00854469183832407,0.16992004215717316,0.003085311036556959,0.06154199689626694,0.02622138150036335,0.16480961441993713,0.30526718497276306,0.0002133904054062441,2.1346640586853027,0.09558574855327606,,,,,,,,,,,,,,,
,1.0050300946295825e-05,18429,,,,,,,,,,,,,,,,,,,,,,,,,,,,,,
26,,18429,0.04377790912985802,0.015381990000605583,0.2159191370010376,0.00034405948827043176,0.026900501921772957,0.01288799662142992,0.10798480361700058,0.004273002501577139,0.049473389983177185,0.05016816779971123,0.1260424703359604,0.24328580498695374,0.001559172524139285,2.1176130771636963,0.07306550443172455,,,,,,,,,,,,,,,
,9.967350714845545e-06,18439,,,,,,,,,,,,,,,,,,,,,,,,,,,,,,
26,,18439,0.04359867423772812,0.022786516696214676,0.24618542194366455,0.0016335266409441829,0.02412234991788864,0.006332779303193092,0.12865936756134033,0.003919981885701418,0.04344944655895233,0.03252049535512924,0.15537957847118378,0.2574165463447571,0.001697708503343165,2.145829677581787,0.08210164308547974,,,,,,,,,,,,,,,
,9.88473245301058e-06,18449,,,,,,,,,,,,,,,,,,,,,,,,,,,,,,
26,,18449,0.03285243734717369,0.028588224202394485,0.28931885957717896,0.0017475067870691419,0.036331478506326675,0.009752270765602589,0.17800499498844147,0.002548957709223032,0.053906574845314026,0.05017208680510521,0.15292711555957794,0.2960416376590729,0.002034062286838889,2.124286651611328,0.08191957324743271,,,,,,,,,,,,,,,
,9.802446356650622e-06,18459,,,,,,,,,,,,,,,,,,,,,,,,,,,,,,
26,,18459,0.03427405655384064,0.017947057262063026,0.24525001645088196,0.0005296297022141516,0.0217155609279871,0.00567259406670928,0.12983013689517975,0.004381073638796806,0.045433081686496735,0.022346703335642815,0.15630394220352173,0.24304141104221344,0.0010858073364943266,2.1150057315826416,0.061284780502319336,,,,,,,,,,,,,,,
,9.720492620837984e-06,18469,,,,,,,,,,,,,,,,,,,,,,,,,,,,,,
26,,18469,0.03798859566450119,0.02719619683921337,0.2350102663040161,0.006569959688931704,0.039743710309267044,0.007435057312250137,0.15878702700138092,0.002622715663164854,0.04049259051680565,0.04027968645095825,0.1376652717590332,0.25850579142570496,0.0003070100210607052,2.1383450031280518,0.07070808112621307,,,,,,,,,,,,,,,
,9.638871439856882e-06,18479,,,,,,,,,,,,,,,,,,,,,,,,,,,,,,
26,,18479,0.028989173471927643,0.023284435272216797,0.29243138432502747,0.0007137475186027586,0.033507976680994034,0.006490267813205719,0.13562501966953278,0.0051844147965312,0.06983190029859543,0.032527994364500046,0.1478039175271988,0.29947033524513245,0.004634647164493799,2.153029441833496,0.09199836105108261,,,,,,,,,,,,,,,
,9.557583007203407e-06,18489,,,,,,,,,,,,,,,,,,,,,,,,,,,,,,
26,,18489,0.05861057713627815,0.015054290182888508,0.20463284850120544,0.004031219054013491,0.03925366699695587,0.007935498841106892,0.12759478390216827,0.0075409384444355965,0.07710091024637222,0.03541754558682442,0.13686349987983704,0.2903473973274231,0.002110627479851246,2.1439459323883057,0.08160537481307983,,,,,,,,,,,,,,,
,9.47662751558459e-06,18499,,,,,,,,,,,,,,,,,,,,,,,,,,,,,,
26,,18499,0.03222658112645149,0.018834607675671577,0.1902759075164795,0.0004384237981867045,0.01980186067521572,0.00679417047649622,0.10662276297807693,0.00819078553467989,0.05126450955867767,0.033534370362758636,0.1304967701435089,0.22448626160621643,0.002189159393310547,2.1308538913726807,0.051802389323711395,,,,,,,,,,,,,,,
,9.396005156918313e-06,18509,,,,,,,,,,,,,,,,,,,,,,,,,,,,,,
26,,18509,0.021681061014533043,0.029171958565711975,0.24180172383785248,0.0012565943179652095,0.029937423765659332,0.00255698524415493,0.10570305585861206,0.004128255881369114,0.023683365434408188,0.027379941195249557,0.1447295993566513,0.21765929460525513,0.00022706729942001402,2.1316144466400146,0.08357544988393784,,,,,,,,,,,,,,,
,9.315716122332672e-06,18519,,,,,,,,,,,,,,,,,,,,,,,,,,,,,,
26,,18519,0.04020106792449951,0.014207734726369381,0.21318575739860535,0.0018547686049714684,0.035755183547735214,0.004489872604608536,0.10079819709062576,0.008105671964585781,0.05401282384991646,0.03493979945778847,0.14981204271316528,0.2575496733188629,0.0008485401631332934,2.142047643661499,0.10467280447483063,,,,,,,,,,,,,,,
,9.235760602165549e-06,18529,,,,,,,,,,,,,,,,,,,,,,,,,,,,,,
26,,18529,0.06021372601389885,0.013731096871197224,0.21762141585350037,0.0031412916723638773,0.03353027626872063,0.00747359124943614,0.12476729601621628,0.00904626864939928,0.10913469642400742,0.036553408950567245,0.1527681052684784,0.32681286334991455,0.002474038628861308,2.1845462322235107,0.0759434774518013,,,,,,,,,,,,,,,
,9.156138785964185e-06,18539,,,,,,,,,,,,,,,,,,,,,,,,,,,,,,
26,,18539,0.029081564396619797,0.04292508214712143,0.2277546525001526,0.0008661835454404354,0.03194427490234375,0.007205429952591658,0.1543579399585724,0.00731939822435379,0.04647885262966156,0.027631213888525963,0.17256520688533783,0.27101999521255493,0.00025446779909543693,2.1674177646636963,0.09075964987277985,,,,,,,,,,,,,,,
,9.076850862484742e-06,18549,,,,,,,,,,,,,,,,,,,,,,,,,,,,,,
26,,18549,0.04600416123867035,0.0264519602060318,0.24097055196762085,0.0025521384086459875,0.04092537984251976,0.008019641973078251,0.1452672779560089,0.004325613379478455,0.05361570417881012,0.03770820051431656,0.12849457561969757,0.27287647128105164,0.003450748510658741,2.1427206993103027,0.07048367708921432,,,,,,,,,,,,,,,
,8.99789701969183e-06,18559,,,,,,,,,,,,,,,,,,,,,,,,,,,,,,
26,,18559,0.050930965691804886,0.024158436805009842,0.23089241981506348,0.0007569303852505982,0.03842301666736603,0.008844383992254734,0.13702073693275452,0.0017537858802825212,0.0452752411365509,0.04983711242675781,0.15599972009658813,0.26963675022125244,0.003291382919996977,2.1131930351257324,0.09068049490451813,,,,,,,,,,,,,,,
,8.91927744475806e-06,18569,,,,,,,,,,,,,,,,,,,,,,,,,,,,,,
26,,18569,0.034810490906238556,0.0381048321723938,0.23216582834720612,0.00033059288398362696,0.029738446697592735,0.0111481798812747,0.12453579157590866,0.004282773472368717,0.0478980727493763,0.04253767803311348,0.15929903090000153,0.2602062523365021,0.00015094166155904531,2.09145450592041,0.07621283829212189,,,,,,,,,,,,,,,
,8.840992324063595e-06,18579,,,,,,,,,,,,,,,,,,,,,,,,,,,,,,
26,,18579,0.04283050075173378,0.021664973348379135,0.19188275933265686,0.00045433896593749523,0.027143655344843864,0.007266835309565067,0.12127238512039185,0.003488715272396803,0.04274281859397888,0.04998951405286789,0.1387181431055069,0.2325475960969925,0.0014537331881001592,2.145103693008423,0.06927478313446045,,,,,,,,,,,,,,,
,8.763041843195745e-06,18589,,,,,,,,,,,,,,,,,,,,,,,,,,,,,,
26,,18589,0.0270456001162529,0.015646521002054214,0.1604238599538803,0.0022578840143978596,0.029807154089212418,0.004750354215502739,0.09485629945993423,0.0030156844295561314,0.04696505144238472,0.037861693650484085,0.13075372576713562,0.20407237112522125,0.0005889707244932652,2.1014394760131836,0.05988394469022751,,,,,,,,,,,,,,,
,8.685426186948507e-06,18599,,,,,,,,,,,,,,,,,,,,,,,,,,,,,,
26,,18599,0.035319212824106216,0.02778698317706585,0.31728145480155945,0.0033395749051123857,0.04078163579106331,0.00594767602160573,0.14672662317752838,0.004543802700936794,0.050576917827129364,0.045711319893598557,0.17228665947914124,0.3037947714328766,0.001079721376299858,2.129767656326294,0.09710332751274109,,,,,,,,,,,,,,,
,8.608145539322098e-06,18609,,,,,,,,,,,,,,,,,,,,,,,,,,,,,,
26,,18609,0.03602374345064163,0.018544116988778114,0.17895811796188354,0.0002043263375526294,0.018341291695833206,0.009400511160492897,0.11327323317527771,0.0027584414929151535,0.026140140369534492,0.028543394058942795,0.11488672345876694,0.1902751326560974,0.0041977837681770325,2.1454291343688965,0.04331586882472038,,,,,,,,,,,,,,,
,8.531200083522533e-06,18619,,,,,,,,,,,,,,,,,,,,,,,,,,,,,,
26,,18619,0.03437034785747528,0.014432776719331741,0.22076193988323212,0.0010496213799342513,0.03161633759737015,0.005605730228126049,0.11102988570928574,0.005142811685800552,0.04211975634098053,0.06175638362765312,0.15421795845031738,0.25380879640579224,0.00031157603370957077,2.1320741176605225,0.12475557625293732,,,,,,,,,,,,,,,
,8.454590001961264e-06,18629,,,,,,,,,,,,,,,,,,,,,,,,,,,,,,
26,,18629,0.02379070781171322,0.02646537683904171,0.20605888962745667,0.0013446183875203133,0.029635559767484665,0.013509321957826614,0.13755594193935394,0.00810793787240982,0.05566638335585594,0.030892416834831238,0.1370992511510849,0.2562013864517212,0.007647456135600805,2.1548640727996826,0.0617651641368866,,,,,,,,,,,,,,,
,8.378315476254649e-06,18639,,,,,,,,,,,,,,,,,,,,,,,,,,,,,,
26,,18639,0.03250733017921448,0.02880829945206642,0.2577359974384308,0.0010533728636801243,0.029221616685390472,0.006356466095894575,0.14390507340431213,0.0026829815469682217,0.04116126149892807,0.04307781159877777,0.14469708502292633,0.2537393569946289,0.0008042206172831357,2.1335971355438232,0.07026243209838867,,,,,,,,,,,,,,,
,8.302376687223478e-06,18649,,,,,,,,,,,,,,,,,,,,,,,,,,,,,,
26,,18649,0.04595451429486275,0.030613021925091743,0.16430379450321198,0.00015602212806697935,0.038374412804841995,0.009661819785833359,0.1317058503627777,0.00443532969802618,0.09000580757856369,0.03454345092177391,0.1363913118839264,0.28538796305656433,6.818022666266188e-05,2.1351001262664795,0.08799411356449127,,,,,,,,,,,,,,,
,8.226773814892812e-06,18659,,,,,,,,,,,,,,,,,,,,,,,,,,,,,,
26,,18659,0.0196799635887146,0.03224387392401695,0.2460612952709198,0.0008295870502479374,0.022376343607902527,0.010068943724036217,0.1543341428041458,0.0031225821003317833,0.03701571747660637,0.022335944697260857,0.13307881355285645,0.24013662338256836,0.0007887466344982386,2.1216623783111572,0.0754859521985054,,,,,,,,,,,,,,,
,8.151507038491167e-06,18669,,,,,,,,,,,,,,,,,,,,,,,,,,,,,,
26,,18669,0.04254717752337456,0.03911273181438446,0.1683897078037262,0.0006435633404180408,0.02594795450568199,0.014531465247273445,0.1357232928276062,0.007509683724492788,0.060202185064554214,0.04694071039557457,0.13742750883102417,0.2548477351665497,0.0006029756623320282,2.126831293106079,0.05414527282118797,,,,,,,,,,,,,,,
,8.07657653645043e-06,18679,,,,,,,,,,,,,,,,,,,,,,,,,,,,,,
26,,18679,0.04997815564274788,0.016064833849668503,0.20887593924999237,0.0012070315424352884,0.03858503699302673,0.011260464787483215,0.10240154713392258,0.0072579216212034225,0.12321563810110092,0.03479281812906265,0.15418291091918945,0.328891783952713,0.000623408064711839,2.1538686752319336,0.08525874465703964,,,,,,,,,,,,,,,
,8.001982486405207e-06,18689,,,,,,,,,,,,,,,,,,,,,,,,,,,,,,
26,,18689,0.03412831574678421,0.0248224139213562,0.19630427658557892,0.0005171246011741459,0.027472052723169327,0.008923117071390152,0.10847224295139313,0.005193362012505531,0.05499301105737686,0.03262357413768768,0.16625840961933136,0.24598608911037445,0.001489325426518917,2.1835086345672607,0.07105331122875214,,,,,,,,,,,,,,,
,7.927725065192576e-06,18699,,,,,,,,,,,,,,,,,,,,,,,,,,,,,,
26,,18699,0.040759261697530746,0.014261351898312569,0.18523305654525757,0.0007389618549495935,0.030268501490354538,0.010073523037135601,0.12307911366224289,0.005509904585778713,0.09936846792697906,0.04830024763941765,0.14084143936634064,0.2884119749069214,0.00024987116921693087,2.147602081298828,0.0736788883805275,,,,,,,,,,,,,,,
,7.853804448851519e-06,18709,,,,,,,,,,,,,,,,,,,,,,,,,,,,,,
26,,18709,0.011748505756258965,0.022518007084727287,0.2133505940437317,0.00024855631636455655,0.026429953053593636,0.0033221656922250986,0.10350102931261063,0.002695199102163315,0.02126961573958397,0.01645181141793728,0.12642131745815277,0.1891080141067505,0.0013535262551158667,2.1521646976470947,0.0758620947599411,,,,,,,,,,,,,,,
,7.780220812622563e-06,18719,,,,,,,,,,,,,,,,,,,,,,,,,,,,,,
26,,18719,0.03309288248419762,0.03533973544836044,0.1875399351119995,0.001359874615445733,0.021358879283070564,0.008465316146612167,0.13560916483402252,0.0051812417805194855,0.058972299098968506,0.060278765857219696,0.11257554590702057,0.24519506096839905,0.0036090780049562454,2.1482512950897217,0.046988844871520996,,,,,,,,,,,,,,,
,7.706974330947412e-06,18729,,,,,,,,,,,,,,,,,,,,,,,,,,,,,,
26,,18729,0.03594691678881645,0.051980361342430115,0.19664479792118073,0.0005418875953182578,0.036275818943977356,0.013347023166716099,0.18163280189037323,0.009746404364705086,0.06599961221218109,0.03978077694773674,0.13339577615261078,0.29307660460472107,0.0002516276726964861,2.1375720500946045,0.08327033370733261,,,,,,,,,,,,,,,
,7.634065177468474e-06,18739,,,,,,,,,,,,,,,,,,,,,,,,,,,,,,
26,,18739,0.0247243270277977,0.031121578067541122,0.24091419577598572,0.0009416309185326099,0.03001856617629528,0.005548755172640085,0.12004148215055466,0.0031321956776082516,0.036928072571754456,0.04837031662464142,0.15108858048915863,0.23993442952632904,0.0022827167995274067,2.157705545425415,0.07267358154058456,,,,,,,,,,,,,,,
,7.561493525028484e-06,18749,,,,,,,,,,,,,,,,,,,,,,,,,,,,,,
26,,18749,0.032029639929533005,0.03280919790267944,0.22661031782627106,0.0008249332313425839,0.03612274304032326,0.00825213361531496,0.15295539796352386,0.006386153865605593,0.07570181041955948,0.03677428886294365,0.1436990201473236,0.2930082082748413,0.0006892547244206071,2.118192434310913,0.08877634257078171,,,,,,,,,,,,,,,
,7.489259545670007e-06,18759,,,,,,,,,,,,,,,,,,,,,,,,,,,,,,
26,,18759,0.03330003842711449,0.04514726251363754,0.189827099442482,0.00036380093661136925,0.03145882859826088,0.01510408241301775,0.14170272648334503,0.0065443445928394794,0.058255039155483246,0.031043298542499542,0.15367254614830017,0.26649725437164307,0.00047000733320601285,2.1254947185516357,0.07657843828201294,,,,,,,,,,,,,,,
26,,18764,,,,,,,,,,,,,,,,0.1715630441904068,0.04767826944589615,0.28034794330596924,0.010625808499753475,0.07747653126716614,0.0020033891778439283,0.1889628916978836,0.022062290459871292,0.1923828274011612,0.07571817189455032,0.1995759755373001,0.5880757570266724,0.010214563459157944,2.0932302474975586,0.1498284935951233
,7.417363410635213e-06,18769,,,,,,,,,,,,,,,,,,,,,,,,,,,,,,
27,,18769,0.036361243575811386,0.02643323875963688,0.17493478953838348,0.0021353382617235184,0.04361060634255409,0.013246020302176476,0.12657444179058075,0.006347928661853075,0.09684164822101593,0.044222407042980194,0.15094143152236938,0.3063461184501648,0.0009083719924092293,2.13362455368042,0.1096251904964447,,,,,,,,,,,,,,,
,7.345805290365264e-06,18779,,,,,,,,,,,,,,,,,,,,,,,,,,,,,,
27,,18779,0.03224356472492218,0.013162787072360516,0.12326983362436295,0.0008186402847059071,0.02658737450838089,0.013712991960346699,0.09117583185434341,0.006375320255756378,0.05215902999043465,0.03495620936155319,0.09334354102611542,0.19529251754283905,0.001051975297741592,2.123634099960327,0.054367545992136,,,,,,,,,,,,,,,
,7.274585354500062e-06,18789,,,,,,,,,,,,,,,,,,,,,,,,,,,,,,
27,,18789,0.0261551421135664,0.017451675608754158,0.1975807398557663,0.0010503549128770828,0.032166529446840286,0.010037383064627647,0.11595314741134644,0.0074022626504302025,0.07885344326496124,0.04591374471783638,0.13971535861492157,0.264331191778183,0.0016602817922830582,2.099050760269165,0.06384547799825668,,,,,,,,,,,,,,,
,7.20370377187775e-06,18799,,,,,,,,,,,,,,,,,,,,,,,,,,,,,,
27,,18799,0.04446706548333168,0.055185750126838684,0.31358492374420166,0.0025695052463561296,0.03187230974435806,0.007953406311571598,0.16583378612995148,0.006910958793014288,0.05789632350206375,0.02525196596980095,0.15544800460338593,0.32217103242874146,0.0008445747080259025,2.1581387519836426,0.09095249325037003,,,,,,,,,,,,,,,
,7.133160710534363e-06,18809,,,,,,,,,,,,,,,,,,,,,,,,,,,,,,
27,,18809,0.05600842833518982,0.0334608256816864,0.23451237380504608,0.00019609603623393923,0.03136637806892395,0.007524386513978243,0.16190274059772491,0.005050255451351404,0.07572630047798157,0.048011139035224915,0.14881207048892975,0.3097096383571625,0.003726976690813899,2.1114859580993652,0.08074726909399033,,,,,,,,,,,,,,,
,7.062956337703413e-06,18819,,,,,,,,,,,,,,,,,,,,,,,,,,,,,,
27,,18819,0.031031884253025055,0.022930284962058067,0.20941780507564545,0.002073716139420867,0.03181167319417,0.009757894091308117,0.114031583070755,0.005107450298964977,0.06985437124967575,0.02835807390511036,0.15361741185188293,0.2619333267211914,0.001201760838739574,2.161153554916382,0.0662187933921814,,,,,,,,,,,,,,,
,6.993090819815533e-06,18829,,,,,,,,,,,,,,,,,,,,,,,,,,,,,,
27,,18829,0.03506316989660263,0.055905453860759735,0.1798333078622818,0.0002813153259921819,0.02708771638572216,0.009300746954977512,0.15215927362442017,0.006262296810746193,0.04604177549481392,0.045833099633455276,0.12492627650499344,0.24479356408119202,0.00014871936582494527,2.146214485168457,0.0563112311065197,,,,,,,,,,,,,,,
,6.923564322498021e-06,18839,,,,,,,,,,,,,,,,,,,,,,,,,,,,,,
27,,18839,0.03573591262102127,0.05332779884338379,0.2767128348350525,0.001648235716857016,0.03188946470618248,0.004160943441092968,0.15032386779785156,0.006005047354847193,0.05673971399664879,0.022809453308582306,0.1661081612110138,0.297458678483963,0.001689015538431704,2.109192371368408,0.08295638859272003,,,,,,,,,,,,,,,
,6.854377010574413e-06,18849,,,,,,,,,,,,,,,,,,,,,,,,,,,,,,
27,,18849,0.057306546717882156,0.01798010990023613,0.19663532078266144,0.0008978678961284459,0.031204620376229286,0.01027996651828289,0.1348101943731308,0.00607785489410162,0.07106340676546097,0.03778211027383804,0.13231416046619415,0.2789098024368286,0.004096045158803463,2.132570743560791,0.07721633464097977,,,,,,,,,,,,,,,
,6.7855290480643084e-06,18859,,,,,,,,,,,,,,,,,,,,,,,,,,,,,,
27,,18859,0.047782573848962784,0.028082923963665962,0.21732662618160248,0.0011184719623997808,0.02924269251525402,0.009812614880502224,0.12415561825037003,0.005408058874309063,0.05420095846056938,0.05002480372786522,0.14151792228221893,0.26715514063835144,0.0005085085867904127,2.080209255218506,0.08844509720802307,,,,,,,,,,,,,,,
,6.717020598182632e-06,18869,,,,,,,,,,,,,,,,,,,,,,,,,,,,,,
27,,18869,0.05040523782372475,0.017366401851177216,0.2273235321044922,0.0006480012089014053,0.027576278895139694,0.01784227043390274,0.12123600393533707,0.002865344285964966,0.07432147115468979,0.03269675374031067,0.15531520545482635,0.2845862805843353,0.0019471804844215512,2.1464226245880127,0.07455423474311829,,,,,,,,,,,,,,,
,6.648851823339601e-06,18879,,,,,,,,,,,,,,,,,,,,,,,,,,,,,,
27,,18879,0.03311927989125252,0.019978096708655357,0.2870166003704071,0.0013638725504279137,0.037702713161706924,0.004898477345705032,0.13437412679195404,0.0031512496061623096,0.047717269510030746,0.025511382147669792,0.15657027065753937,0.2727627754211426,0.005666491575539112,2.182284116744995,0.0786626935005188,,,,,,,,,,,,,,,
,6.581022885140097e-06,18889,,,,,,,,,,,,,,,,,,,,,,,,,,,,,,
27,,18889,0.023478349670767784,0.015165506862103939,0.22665315866470337,0.00017306371591985226,0.023186462000012398,0.012858593836426735,0.11679384857416153,0.004138758406043053,0.03382537141442299,0.03302277252078056,0.16701146960258484,0.2255704551935196,0.0030811114702373743,2.201889991760254,0.06256911158561707,,,,,,,,,,,,,,,
,6.5135339443833255e-06,18899,,,,,,,,,,,,,,,,,,,,,,,,,,,,,,
27,,18899,0.04375297203660011,0.01952873170375824,0.14810091257095337,0.007864478975534439,0.01976466365158558,0.010478263720870018,0.11217483878135681,0.004319933243095875,0.06807449460029602,0.04776185005903244,0.12066466361284256,0.24777793884277344,0.0053271022625267506,2.1745102405548096,0.06184152513742447,,,,,,,,,,,,,,,
,6.4463851610626225e-06,18909,,,,,,,,,,,,,,,,,,,,,,,,,,,,,,
27,,18909,0.078472800552845,0.028866499662399292,0.2768702805042267,0.003825815860182047,0.07095418125391006,0.02903374843299389,0.16095276176929474,0.0038717302959412336,0.22139549255371094,0.039518803358078,0.16931121051311493,0.518715500831604,0.0011155280517414212,2.1647136211395264,0.1412641406059265,,,,,,,,,,,,,,,
,6.379576694364768e-06,18919,,,,,,,,,,,,,,,,,,,,,,,,,,,,,,
27,,18919,0.03796817734837532,0.017439456656575203,0.23499436676502228,0.0019918307662010193,0.024008698761463165,0.008351222611963749,0.13058720529079437,0.0019114477327093482,0.05220517888665199,0.02917647920548916,0.1559007614850998,0.2515906095504761,0.0007437597378157079,2.108339309692383,0.0663299709558487,,,,,,,,,,,,,,,
,6.313108702669839e-06,18929,,,,,,,,,,,,,,,,,,,,,,,,,,,,,,
27,,18929,0.02639545127749443,0.020710667595267296,0.21877948939800262,0.0002594654797576368,0.020357098430395126,0.0073498147539794445,0.12247523665428162,0.00465728435665369,0.04412517696619034,0.016129720956087112,0.11779886484146118,0.22085458040237427,0.0002778569469228387,2.1455469131469727,0.06352243572473526,,,,,,,,,,,,,,,
,6.2469813435508055e-06,18939,,,,,,,,,,,,,,,,,,,,,,,,,,,,,,
27,,18939,0.025246188044548035,0.025513876229524612,0.2527436912059784,0.002104630693793297,0.04223555698990822,0.0036613508127629757,0.12489542365074158,0.005926799960434437,0.06578321754932404,0.040572669357061386,0.16674010455608368,0.2873782813549042,0.0029315180145204067,2.1641311645507812,0.09644334763288498,,,,,,,,,,,,,,,
,6.181194773773018e-06,18949,,,,,,,,,,,,,,,,,,,,,,,,,,,,,,
27,,18949,0.022687740623950958,0.025124559178948402,0.24730552732944489,0.002439319621771574,0.027286123484373093,0.0032613349612802267,0.12484490871429443,0.004399927332997322,0.027409734204411507,0.024113284423947334,0.13684684038162231,0.2209552675485611,0.0003928551450371742,2.1502671241760254,0.06692773103713989,,,,,,,,,,,,,,,
,6.115749149293975e-06,18959,,,,,,,,,,,,,,,,,,,,,,,,,,,,,,
27,,18959,0.02314278669655323,0.02744298055768013,0.24022097885608673,0.001074863481335342,0.022873833775520325,0.0035433564335107803,0.1286284476518631,0.002418141346424818,0.03935788571834564,0.036248162388801575,0.1305566132068634,0.23438137769699097,0.005528215318918228,2.1260364055633545,0.06730534136295319,,,,,,,,,,,,,,,
,6.050644625262935e-06,18969,,,,,,,,,,,,,,,,,,,,,,,,,,,,,,
27,,18969,0.0362265519797802,0.06876498460769653,0.26576951146125793,0.0014289220562204719,0.02904295176267624,0.006750869564712048,0.20003151893615723,0.012224070727825165,0.06492277979850769,0.034835778176784515,0.13662685453891754,0.3184860944747925,0.0016510025598108768,2.13276743888855,0.06571467965841293,,,,,,,,,,,,,,,
,5.985881356020522e-06,18979,,,,,,,,,,,,,,,,,,,,,,,,,,,,,,
27,,18979,0.040810879319906235,0.025971248745918274,0.2658306658267975,0.002468572463840246,0.03722899407148361,0.01000018697232008,0.1648617386817932,0.007509293965995312,0.07472757250070572,0.02377345599234104,0.13839536905288696,0.3179355263710022,0.005377091001719236,2.1234445571899414,0.10180661082267761,,,,,,,,,,,,,,,
,5.921459495098291e-06,18989,,,,,,,,,,,,,,,,,,,,,,,,,,,,,,
27,,18989,0.05525686591863632,0.03337936848402023,0.20427250862121582,0.0022148906718939543,0.03358922898769379,0.01730448752641678,0.14385342597961426,0.007035357877612114,0.08272450417280197,0.03940330445766449,0.13346369564533234,0.3091732859611511,0.0036637100856751204,2.1581506729125977,0.08552241325378418,,,,,,,,,,,,,,,
,5.857379195218542e-06,18999,,,,,,,,,,,,,,,,,,,,,,,,,,,,,,
27,,18999,0.041356027126312256,0.01016498077660799,0.14704684913158417,0.0009580578189343214,0.021319182589650154,0.00866807159036398,0.07778169214725494,0.005381199065595865,0.06353038549423218,0.017701594159007072,0.11928027868270874,0.2170960009098053,0.003019161056727171,2.1251943111419678,0.06576193869113922,,,,,,,,,,,,,,,
,5.793640608293742e-06,19009,,,,,,,,,,,,,,,,,,,,,,,,,,,,,,
27,,19009,0.026655878871679306,0.020639527589082718,0.19006209075450897,0.00040990018169395626,0.026957910507917404,0.006331737153232098,0.11424502730369568,0.0036755301989614964,0.056999195367097855,0.028284132480621338,0.13578210771083832,0.231805682182312,0.0006017088307999074,2.1054139137268066,0.07217103987932205,,,,,,,,,,,,,,,
,5.730243885426355e-06,19019,,,,,,,,,,,,,,,,,,,,,,,,,,,,,,
27,,19019,0.02190980315208435,0.013975074514746666,0.2018185704946518,0.0009849423076957464,0.03929543122649193,0.008577842265367508,0.0861717090010643,0.00182631378993392,0.027279339730739594,0.023845061659812927,0.14595338702201843,0.20464427769184113,0.0006497184513136744,2.121349811553955,0.09463439136743546,,,,,,,,,,,,,,,
,5.667189176908376e-06,19029,,,,,,,,,,,,,,,,,,,,,,,,,,,,,,
27,,19029,0.03759060427546501,0.03902292624115944,0.16314159333705902,0.002824113005772233,0.028125565499067307,0.010427635163068771,0.12680202722549438,0.012908902019262314,0.08450870960950851,0.03650812804698944,0.14472995698451996,0.28381219506263733,0.0017082106787711382,2.14758563041687,0.06715801358222961,,,,,,,,,,,,,,,
,5.6044766322209835e-06,19039,,,,,,,,,,,,,,,,,,,,,,,,,,,,,,
27,,19039,0.02648722194135189,0.02121647819876671,0.19792020320892334,0.002365838037803769,0.03153488039970398,0.013041453436017036,0.09877446293830872,0.006488365586847067,0.06249958276748657,0.029895197600126266,0.13807977735996246,0.2453324794769287,0.00031434078118763864,2.1063451766967773,0.07119922339916229,,,,,,,,,,,,,,,
,5.542106400034202e-06,19049,,,,,,,,,,,,,,,,,,,,,,,,,,,,,,
27,,19049,0.03466716408729553,0.019033081829547882,0.1433819681406021,0.0021108388900756836,0.023018982261419296,0.007303684484213591,0.10312936455011368,0.00745506351813674,0.05711819976568222,0.020489195361733437,0.10873620957136154,0.20577257871627808,0.00016623894043732435,2.136462926864624,0.03650426119565964,,,,,,,,,,,,,,,
,5.480078628206592e-06,19059,,,,,,,,,,,,,,,,,,,,,,,,,,,,,,
27,,19059,0.027764922007918358,0.019262107089161873,0.22162732481956482,0.002198214177042246,0.02745971456170082,0.006437782198190689,0.11339119076728821,0.006424096412956715,0.05233757942914963,0.029535233974456787,0.15108802914619446,0.2476016730070114,0.0035951032768934965,2.1259491443634033,0.07297229766845703,,,,,,,,,,,,,,,
,5.418393463784826e-06,19069,,,,,,,,,,,,,,,,,,,,,,,,,,,,,,
27,,19069,0.036949899047613144,0.020938202738761902,0.1893237680196762,0.0006838242406956851,0.02668854035437107,0.006087426096200943,0.09988880157470703,0.005826175212860107,0.05467900261282921,0.014409332536160946,0.13450311124324799,0.22821296751499176,0.0013175205094739795,2.1071789264678955,0.061030082404613495,,,,,,,,,,,,,,,
,5.357051053003364e-06,19079,,,,,,,,,,,,,,,,,,,,,,,,,,,,,,
27,,19079,0.030212275683879852,0.03219608962535858,0.2745334506034851,0.0016533280722796917,0.055523015558719635,0.004320958629250526,0.14848443865776062,0.0045974235981702805,0.04144127294421196,0.043904904276132584,0.16758112609386444,0.2953317165374756,0.0010466673411428928,2.109694004058838,0.1432802975177765,,,,,,,,,,,,,,,
,5.29605154128413e-06,19089,,,,,,,,,,,,,,,,,,,,,,,,,,,,,,
27,,19089,0.03821530565619469,0.029542692005634308,0.1648641675710678,0.000694072456099093,0.022695742547512054,0.016250085085630417,0.10669058561325073,0.009889143519103527,0.05316854268312454,0.024861013516783714,0.12668345868587494,0.23003041744232178,0.0015595118748024106,2.152103900909424,0.049325693398714066,,,,,,,,,,,,,,,
,5.235395073236132e-06,19099,,,,,,,,,,,,,,,,,,,,,,,,,,,,,,
27,,19099,0.045500338077545166,0.021133651956915855,0.23023661971092224,0.0017049700254574418,0.02508244663476944,0.004502225201576948,0.12288138270378113,0.00537116127088666,0.07055216282606125,0.0266080591827631,0.138126403093338,0.27201250195503235,0.00041497484198771417,2.155031442642212,0.07612007856369019,,,,,,,,,,,,,,,
,5.175081792655178e-06,19109,,,,,,,,,,,,,,,,,,,,,,,,,,,,,,
27,,19109,0.03428550064563751,0.02151252143085003,0.23479977250099182,0.001994170481339097,0.061980750411748886,0.009118964895606041,0.1428295075893402,0.003628321923315525,0.06569671630859375,0.07478804886341095,0.1645026057958603,0.31112098693847656,0.0012592984130606055,2.131772518157959,0.14158010482788086,,,,,,,,,,,,,,,
,5.115111842523461e-06,19119,,,,,,,,,,,,,,,,,,,,,,,,,,,,,,
27,,19119,0.03212728351354599,0.023962300270795822,0.22108441591262817,0.0010244169970974326,0.03392482548952103,0.010504800826311111,0.12601830065250397,0.007054271642118692,0.07416842877864838,0.048218924552202225,0.1523902416229248,0.2834964692592621,0.00175830302760005,2.130317211151123,0.08189357817173004,,,,,,,,,,,,,,,
,5.055485365009226e-06,19129,,,,,,,,,,,,,,,,,,,,,,,,,,,,,,
27,,19129,0.023111779242753983,0.054947856813669205,0.2933492362499237,0.0019446286605671048,0.03955117240548134,0.005390658508986235,0.16818767786026,0.003067350946366787,0.027011821046471596,0.0375250019133091,0.15007062256336212,0.28099727630615234,0.0035729126539081335,2.14070725440979,0.11195944249629974,,,,,,,,,,,,,,,
,4.996202501466567e-06,19139,,,,,,,,,,,,,,,,,,,,,,,,,,,,,,
27,,19139,0.042678408324718475,0.023075195029377937,0.2689962387084961,0.0033144725020974874,0.05085968226194382,0.004527485463768244,0.15038061141967773,0.005163232330232859,0.05839431285858154,0.042454637587070465,0.189566507935524,0.31623271107673645,0.0006338403327390552,2.1428346633911133,0.13534460961818695,,,,,,,,,,,,,,,
,4.9372633924348645e-06,19149,,,,,,,,,,,,,,,,,,,,,,,,,,,,,,
27,,19149,0.042993489652872086,0.01883040741086006,0.13919802010059357,0.00038101719110272825,0.027902640402317047,0.008491763845086098,0.1002781093120575,0.008268844336271286,0.06462348252534866,0.026124294847249985,0.10984693467617035,0.22533927857875824,0.0009294334449805319,2.128830671310425,0.060563597828149796,,,,,,,,,,,,,,,
,4.878668177638651e-06,19159,,,,,,,,,,,,,,,,,,,,,,,,,,,,,,
27,,19159,0.052021220326423645,0.01691976748406887,0.20740565657615662,0.0010301085421815515,0.033015962690114975,0.009099467657506466,0.134758859872818,0.014464576728641987,0.11246751993894577,0.04433592036366463,0.14192348718643188,0.3274974524974823,0.00037903350312262774,2.1291756629943848,0.0754249170422554,,,,,,,,,,,,,,,
,4.820416995987192e-06,19169,,,,,,,,,,,,,,,,,,,,,,,,,,,,,,
27,,19169,0.03136510029435158,0.024630164727568626,0.1726674884557724,0.0008714237483218312,0.03348984941840172,0.011808926239609718,0.12326224893331528,0.004108240362256765,0.05357708781957626,0.03442474454641342,0.12713618576526642,0.2348061352968216,0.0010092166485264897,2.1521384716033936,0.07407291233539581,,,,,,,,,,,,,,,
,4.7625099855741255e-06,19179,,,,,,,,,,,,,,,,,,,,,,,,,,,,,,
27,,19179,0.05074889585375786,0.025240501388907433,0.23661306500434875,0.0002858270891010761,0.03563810512423515,0.012731406837701797,0.16390599310398102,0.008910249918699265,0.09823846071958542,0.04599471390247345,0.14571335911750793,0.3301224112510681,0.0006088790250942111,2.1267306804656982,0.07776929438114166,,,,,,,,,,,,,,,
,4.704947283677224e-06,19189,,,,,,,,,,,,,,,,,,,,,,,,,,,,,,
27,,19189,0.0423242561519146,0.022626172751188278,0.1736333966255188,0.000406160979764536,0.024439746513962746,0.013225636444985867,0.09726112335920334,0.009222397580742836,0.05768583342432976,0.048822637647390366,0.13258151710033417,0.24370619654655457,0.0025168396532535553,2.1629159450531006,0.06898203492164612,,,,,,,,,,,,,,,
,4.647729026758013e-06,19199,,,,,,,,,,,,,,,,,,,,,,,,,,,,,,
27,,19199,0.04711095988750458,0.018143000081181526,0.19658783078193665,0.001229427638463676,0.02738945558667183,0.004837891552597284,0.13256588578224182,0.012805774807929993,0.09724470227956772,0.05420112982392311,0.14485551416873932,0.2999238967895508,0.0004985369741916656,2.1394457817077637,0.06282459944486618,,,,,,,,,,,,,,,
,4.590855350461453e-06,19209,,,,,,,,,,,,,,,,,,,,,,,,,,,,,,
27,,19209,0.030258798971772194,0.013327700085937977,0.1520151048898697,0.00026196445105597377,0.018074946478009224,0.010505611076951027,0.09153680503368378,0.0035230976063758135,0.03866469860076904,0.030435984954237938,0.1063246801495552,0.18158313632011414,0.0010470915585756302,2.0941548347473145,0.04511728510260582,,,,,,,,,,,,,,,
,4.534326389615595e-06,19219,,,,,,,,,,,,,,,,,,,,,,,,,,,,,,
27,,19219,0.044721100479364395,0.045817937701940536,0.2412424236536026,0.003130487399175763,0.029213545843958855,0.021468626335263252,0.13904690742492676,0.005250656511634588,0.05894427374005318,0.02812160737812519,0.14078356325626373,0.2944283187389374,0.0010549214202910662,2.1348016262054443,0.09271055459976196,,,,,,,,,,,,,,,
,4.478142278231339e-06,19229,,,,,,,,,,,,,,,,,,,,,,,,,,,,,,
27,,19229,0.03376616910099983,0.015514390543103218,0.13120131194591522,0.0005386728444136679,0.023587798699736595,0.009489074349403381,0.08566275238990784,0.008303324691951275,0.06308476626873016,0.02587687410414219,0.12631233036518097,0.21401730179786682,0.0018471101066097617,2.1471850872039795,0.05531008914113045,,,,,,,,,,,,,,,
,4.4223031495020266e-06,19239,,,,,,,,,,,,,,,,,,,,,,,,,,,,,,
27,,19239,0.02242930419743061,0.014276759698987007,0.16992639005184174,0.0018973547266796231,0.02220412902534008,0.007579818367958069,0.09124607592821121,0.005951921921223402,0.04817042499780655,0.03292732685804367,0.12661044299602509,0.2029564082622528,0.0007249338086694479,2.1032896041870117,0.052982836961746216,,,,,,,,,,,,,,,
,4.366809135803151e-06,19249,,,,,,,,,,,,,,,,,,,,,,,,,,,,,,
27,,19249,0.020106203854084015,0.022062182426452637,0.2663712501525879,0.0016603667754679918,0.03677758947014809,0.005594379268586636,0.1484641134738922,0.005225837230682373,0.037990301847457886,0.056517645716667175,0.1579836905002594,0.2654145061969757,0.0025645652785897255,2.127122640609741,0.10000694543123245,,,,,,,,,,,,,,,
,4.311660368692127e-06,19259,,,,,,,,,,,,,,,,,,,,,,,,,,,,,,
27,,19259,0.059884972870349884,0.021678119897842407,0.22913944721221924,0.0043303826823830605,0.04819415137171745,0.009595201350748539,0.13449198007583618,0.005459249019622803,0.08740739524364471,0.043108079582452774,0.14617331326007843,0.32938581705093384,0.0074852267280220985,2.149813413619995,0.1039266362786293,,,,,,,,,,,,,,,
,4.256856978907775e-06,19269,,,,,,,,,,,,,,,,,,,,,,,,,,,,,,
27,,19269,0.04505729302763939,0.051674749702215195,0.1943414956331253,0.0008024831768125296,0.021543214097619057,0.006639687344431877,0.138637512922287,0.00711077218875289,0.06684929877519608,0.031002113595604897,0.11750835180282593,0.26467978954315186,0.00039468464092351496,2.1519737243652344,0.05501507595181465,,,,,,,,,,,,,,,
,4.2023990963703346e-06,19279,,,,,,,,,,,,,,,,,,,,,,,,,,,,,,
27,,19279,0.025984354317188263,0.022459134459495544,0.188706636428833,0.0018955279374495149,0.03756916895508766,0.0050949654541909695,0.10944841802120209,0.00778191490098834,0.0226359274238348,0.05054722726345062,0.13234899938106537,0.21115729212760925,0.004806549288332462,2.150566816329956,0.07365261763334274,,,,,,,,,,,,,,,
,4.1482868501807705e-06,19289,,,,,,,,,,,,,,,,,,,,,,,,,,,,,,
27,,19289,0.01511794701218605,0.010312111116945744,0.1607973873615265,0.0005486349109560251,0.029543565586209297,0.0032968539744615555,0.069269560277462,0.0023117102682590485,0.02333827130496502,0.044916458427906036,0.11321401596069336,0.1645640730857849,0.0010373616823926568,2.1127541065216064,0.07224355638027191,,,,,,,,,,,,,,,
,4.094520368620785e-06,19299,,,,,,,,,,,,,,,,,,,,,,,,,,,,,,
27,,19299,0.04945041239261627,0.02023300528526306,0.21050116419792175,0.0005510620540007949,0.022455373778939247,0.004360091406852007,0.10371991991996765,0.0033909494522958994,0.07885880768299103,0.05182575806975365,0.15715232491493225,0.2741379141807556,0.0009586404776200652,2.1186399459838867,0.07160504162311554,,,,,,,,,,,,,,,
,4.041099779152351e-06,19309,,,,,,,,,,,,,,,,,,,,,,,,,,,,,,
27,,19309,0.015721509233117104,0.03696038946509361,0.2574814558029175,0.00045967212645336986,0.017913714051246643,0.004405660089105368,0.12868894636631012,0.0023134881630539894,0.01898151822388172,0.02079959213733673,0.1571604311466217,0.21322408318519592,0.00031068886164575815,2.13604998588562,0.059546153992414474,,,,,,,,,,,,,,,
,3.988025208417451e-06,19319,,,,,,,,,,,,,,,,,,,,,,,,,,,,,,
27,,19319,0.032586026936769485,0.0162640530616045,0.2233964055776596,0.0005621114396490157,0.04656737670302391,0.0060379705391824245,0.15723177790641785,0.007092036306858063,0.10633915662765503,0.02214663103222847,0.1202811673283577,0.31005632877349854,0.0013255035737529397,2.118820905685425,0.07857651263475418,,,,,,,,,,,,,,,
,3.935296782237768e-06,19329,,,,,,,,,,,,,,,,,,,,,,,,,,,,,,
27,,19329,0.03163941577076912,0.01668429560959339,0.21060436964035034,0.0011368885170668364,0.034627627581357956,0.01193136628717184,0.1296251267194748,0.01048982609063387,0.10386490821838379,0.023146944120526314,0.14255650341510773,0.31025099754333496,0.004456421360373497,2.140944242477417,0.08538658916950226,,,,,,,,,,,,,,,
,3.882914625614414e-06,19339,,,,,,,,,,,,,,,,,,,,,,,,,,,,,,
27,,19339,0.043445996940135956,0.013984286226332188,0.1767730414867401,0.0005821313243359327,0.02760830521583557,0.005629529245197773,0.08909215033054352,0.006640048697590828,0.045740190893411636,0.034335922449827194,0.11992490291595459,0.21898075938224792,0.00043204406392760575,2.1210265159606934,0.08037479966878891,,,,,,,,,,,,,,,
,3.8308788627276045e-06,19349,,,,,,,,,,,,,,,,,,,,,,,,,,,,,,
27,,19349,0.015152673237025738,0.02851630374789238,0.28836590051651,0.00699087418615818,0.04606391862034798,0.01306331530213356,0.15079383552074432,0.005496053956449032,0.043347928673028946,0.05264216288924217,0.16440345346927643,0.29344233870506287,0.003297792049124837,2.1310620307922363,0.10764656215906143,,,,,,,,,,,,,,,
,3.779189616936362e-06,19359,,,,,,,,,,,,,,,,,,,,,,,,,,,,,,
27,,19359,0.033779505640268326,0.015267793089151382,0.1910221129655838,0.00047381044714711607,0.04032890498638153,0.014093519188463688,0.13672420382499695,0.011660868301987648,0.07508216798305511,0.04838521033525467,0.13324567675590515,0.27801382541656494,0.0017378131160512567,2.1695244312286377,0.07846233993768692,,,,,,,,,,,,,,,
,3.7278470107782676e-06,19369,,,,,,,,,,,,,,,,,,,,,,,,,,,,,,
27,,19369,0.055136051028966904,0.019584715366363525,0.1233646497130394,0.0017640192527323961,0.027574175968766212,0.006555276922881603,0.09260161966085434,0.007611884269863367,0.09474176913499832,0.022264866158366203,0.11101275682449341,0.2547113001346588,0.002125370316207409,2.1177978515625,0.057310327887535095,,,,,,,,,,,,,,,
,3.6768511659690913e-06,19379,,,,,,,,,,,,,,,,,,,,,,,,,,,,,,
27,,19379,0.032524045556783676,0.014674394391477108,0.18283650279045105,0.0007737474516034126,0.031607065349817276,0.01345716044306755,0.12148413807153702,0.005174033343791962,0.06660789251327515,0.03305386006832123,0.14223042130470276,0.2605544924736023,0.005390163045376539,2.1488394737243652,0.09073466062545776,,,,,,,,,,,,,,,
,3.6262022034025784e-06,19389,,,,,,,,,,,,,,,,,,,,,,,,,,,,,,
27,,19389,0.02566063031554222,0.028958119451999664,0.25689899921417236,0.0025540809147059917,0.041670769453048706,0.0030750613659620285,0.12998110055923462,0.00605958653613925,0.04278426617383957,0.02315814606845379,0.15586648881435394,0.2590450048446655,0.0004699754063040018,2.1353840827941895,0.08865424990653992,,,,,,,,,,,,,,,
,3.575900243150148e-06,19399,,,,,,,,,,,,,,,,,,,,,,,,,,,,,,
27,,19399,0.025405466556549072,0.014151491224765778,0.16764366626739502,0.0014762339415028691,0.037638768553733826,0.010879960842430592,0.09077566117048264,0.007185135968029499,0.05283119156956673,0.03399963676929474,0.1306922882795334,0.22415032982826233,0.00033164198976010084,2.1499476432800293,0.08295896649360657,,,,,,,,,,,,,,,
,3.525945404460545e-06,19409,,,,,,,,,,,,,,,,,,,,,,,,,,,,,,
27,,19409,0.02525181695818901,0.02206849493086338,0.18682505190372467,0.002861417829990387,0.027922773733735085,0.005667885299772024,0.11107449978590012,0.007863199338316917,0.06363923847675323,0.040080975741147995,0.12585733830928802,0.2431916743516922,0.0028874424751847982,2.1850645542144775,0.06557558476924896,,,,,,,,,,,,,,,
,3.4763378057597046e-06,19419,,,,,,,,,,,,,,,,,,,,,,,,,,,,,,
27,,19419,0.052739594131708145,0.02004430629312992,0.22070074081420898,0.0017927720909938216,0.04835192486643791,0.0094069205224514,0.1481078714132309,0.004722431767731905,0.09617822617292404,0.05177493393421173,0.1283302903175354,0.32141178846359253,0.0015251031145453453,2.175006866455078,0.09781594574451447,,,,,,,,,,,,,,,
,3.427077564650238e-06,19429,,,,,,,,,,,,,,,,,,,,,,,,,,,,,,
27,,19429,0.05414184555411339,0.021638095378875732,0.22558285295963287,0.0003649810387287289,0.04423464834690094,0.0048670778051018715,0.15399137139320374,0.005509881768375635,0.12994267046451569,0.035768572241067886,0.16037757694721222,0.36336177587509155,0.0008504993165843189,2.1364219188690186,0.11287292093038559,,,,,,,,,,,,,,,
,3.3781647979114144e-06,19439,,,,,,,,,,,,,,,,,,,,,,,,,,,,,,
27,,19439,0.061362769454717636,0.020347272977232933,0.1782780885696411,0.003248309949412942,0.03362921625375748,0.01955881156027317,0.1012817770242691,0.00712612085044384,0.05760566517710686,0.033242981880903244,0.11605948954820633,0.2549492418766022,0.0012524579651653767,2.141914129257202,0.07235827296972275,,,,,,,,,,,,,,,
,3.3295996214986797e-06,19449,,,,,,,,,,,,,,,,,,,,,,,,,,,,,,
27,,19449,0.033585451543331146,0.015478942543268204,0.14099258184432983,0.00187195697799325,0.024912787601351738,0.010693672113120556,0.09505502134561539,0.004414638504385948,0.05514268949627876,0.021248221397399902,0.1217118352651596,0.2071111798286438,0.0018963130423799157,2.151780366897583,0.05211702734231949,,,,,,,,,,,,,,,
,3.281382150543521e-06,19459,,,,,,,,,,,,,,,,,,,,,,,,,,,,,,
27,,19459,0.021952608600258827,0.015402102842926979,0.17257392406463623,0.0004886947572231293,0.02175460197031498,0.018930478021502495,0.08550432324409485,0.003745017107576132,0.0346834622323513,0.023684626445174217,0.11565297096967697,0.19428731501102448,0.0007030513370409608,2.1209540367126465,0.07598166912794113,,,,,,,,,,,,,,,
27,,19459,,,,,,,,,,,,,,,,0.17036519944667816,0.04907487705349922,0.2803938388824463,0.01067738700658083,0.0772196501493454,0.0021386665757745504,0.1833084523677826,0.022135287523269653,0.19130201637744904,0.07545436173677444,0.2018289417028427,0.5863348841667175,0.010103879496455193,2.0949149131774902,0.1510009616613388
,3.2335124993530693e-06,19469,,,,,,,,,,,,,,,,,,,,,,,,,,,,,,
28,,19469,0.03718588128685951,0.020366530865430832,0.17224302887916565,0.001121009117923677,0.0412454716861248,0.007309004198759794,0.10269071161746979,0.007430586032569408,0.04247647151350975,0.035495657473802567,0.13052372634410858,0.23015150427818298,0.0006454297108575702,2.1570608615875244,0.09665966778993607,,,,,,,,,,,,,,,
,3.1859907814099305e-06,19479,,,,,,,,,,,,,,,,,,,,,,,,,,,,,,
28,,19479,0.028462884947657585,0.026037245988845825,0.2356254756450653,0.0008041355758905411,0.01860172115266323,0.008106209337711334,0.11876388639211655,0.002971565118059516,0.027245597913861275,0.029355358332395554,0.12473203241825104,0.216909721493721,0.001207719324156642,2.1281163692474365,0.07200831174850464,,,,,,,,,,,,,,,
,3.138817109371905e-06,19489,,,,,,,,,,,,,,,,,,,,,,,,,,,,,,
28,,19489,0.05979728698730469,0.015286621637642384,0.21494795382022858,0.0010875622974708676,0.048423316329717636,0.008961526677012444,0.12733668088912964,0.0068843793123960495,0.1785019487142563,0.047319091856479645,0.14336922764778137,0.41688528656959534,0.016405818983912468,2.108896493911743,0.0977180004119873,,,,,,,,,,,,,,,
,3.091991595071652e-06,19499,,,,,,,,,,,,,,,,,,,,,,,,,,,,,,
28,,19499,0.0300318393856287,0.01822621375322342,0.17105071246623993,0.0003958997258450836,0.03027435578405857,0.010995563119649887,0.10180458426475525,0.00473990011960268,0.04261305555701256,0.042615000158548355,0.1244405061006546,0.213381826877594,0.0005057356902398169,2.119006633758545,0.07235918194055557,,,,,,,,,,,,,,,
,3.045514349516509e-06,19509,,,,,,,,,,,,,,,,,,,,,,,,,,,,,,
28,,19509,0.025193773210048676,0.045917581766843796,0.21512700617313385,0.0027017625980079174,0.028258319944143295,0.004823504015803337,0.14084771275520325,0.0031342888250947,0.03787609189748764,0.030494097620248795,0.16448022425174713,0.2469085454940796,0.0004659499682020396,2.1317532062530518,0.08356671035289764,,,,,,,,,,,,,,,
,2.9993854828881226e-06,19519,,,,,,,,,,,,,,,,,,,,,,,,,,,,,,
28,,19519,0.022634316235780716,0.016059456393122673,0.16640739142894745,0.0026053464971482754,0.028771739453077316,0.014240728691220284,0.08892972767353058,0.0030559799633920193,0.035802509635686874,0.037036120891571045,0.13043108582496643,0.2035943567752838,0.008333049714565277,2.115312337875366,0.05982310324907303,,,,,,,,,,,,,,,
,2.9536051045423004e-06,19529,,,,,,,,,,,,,,,,,,,,,,,,,,,,,,
28,,19529,0.05624562129378319,0.02543989010155201,0.2247852385044098,0.0028409536462277174,0.03069261647760868,0.00479916064068675,0.15180663764476776,0.008351476863026619,0.10571639984846115,0.043672021478414536,0.15491114556789398,0.3320201337337494,0.0004669218906201422,2.1584246158599854,0.07784207910299301,,,,,,,,,,,,,,,
,2.908173323008711e-06,19539,,,,,,,,,,,,,,,,,,,,,,,,,,,,,,
28,,19539,0.042821045964956284,0.11119984835386276,0.26280778646469116,0.0025274904910475016,0.03794842213392258,0.02090674452483654,0.24956372380256653,0.007068078964948654,0.09461642801761627,0.022232869639992714,0.15684376657009125,0.38890692591667175,0.0009484312613494694,2.139453887939453,0.07326191663742065,,,,,,,,,,,,,,,
,2.863090245990568e-06,19549,,,,,,,,,,,,,,,,,,,,,,,,,,,,,,
28,,19549,0.04974125698208809,0.01674780063331127,0.2354806512594223,0.0007936552283354104,0.04094370827078819,0.013022445142269135,0.12830987572669983,0.004217360634356737,0.04230590537190437,0.048515111207962036,0.15230979025363922,0.26936832070350647,0.0002200736926170066,2.0961763858795166,0.11017836630344391,,,,,,,,,,,,,,,
,2.8183559803645117e-06,19559,,,,,,,,,,,,,,,,,,,,,,,,,,,,,,
28,,19559,0.057170476764440536,0.044835928827524185,0.26370567083358765,0.004927191883325577,0.03194594010710716,0.011446061544120312,0.17347346246242523,0.004239373374730349,0.05958825722336769,0.05019561946392059,0.144013449549675,0.31318342685699463,0.003250432899221778,2.1213276386260986,0.07378984242677689,,,,,,,,,,,,,,,
,2.773970632180161e-06,19569,,,,,,,,,,,,,,,,,,,,,,,,,,,,,,
28,,19569,0.026869015768170357,0.026226039975881577,0.21444270014762878,0.0028460673056542873,0.03575447201728821,0.0045132446102797985,0.10268529504537582,0.0044840238988399506,0.05609880015254021,0.0482519157230854,0.1393556147813797,0.2510312795639038,0.004832919221371412,2.1342105865478516,0.07512080669403076,,,,,,,,,,,,,,,
,2.7299343066600644e-06,19579,,,,,,,,,,,,,,,,,,,,,,,,,,,,,,
28,,19579,0.037094682455062866,0.013860334642231464,0.1764584481716156,0.0009042146266438067,0.032690003514289856,0.011275865137577057,0.10913937538862228,0.012536115944385529,0.08768866956233978,0.05529245734214783,0.13863572478294373,0.2827531695365906,0.0002946211025118828,2.1134774684906006,0.09061408042907715,,,,,,,,,,,,,,,
,2.686247108199313e-06,19589,,,,,,,,,,,,,,,,,,,,,,,,,,,,,,
28,,19589,0.04185564070940018,0.04044084623456001,0.1707056760787964,0.002833916572853923,0.021287137642502785,0.00559679651632905,0.140875443816185,0.006807195954024792,0.05259902402758598,0.03461315110325813,0.12078413367271423,0.24262040853500366,0.0012529646046459675,2.139967679977417,0.06041205674409866,,,,,,,,,,,,,,,
,2.642909140365346e-06,19599,,,,,,,,,,,,,,,,,,,,,,,,,,,,,,
28,,19599,0.021411364898085594,0.02826661616563797,0.1862667351961136,0.0023365230299532413,0.024865733459591866,0.005646116565912962,0.11950576305389404,0.004260452464222908,0.06083393841981888,0.038425978273153305,0.15964321792125702,0.24719807505607605,0.0013475954765453935,2.169412136077881,0.0797291100025177,,,,,,,,,,,,,,,
,2.5999205058976623e-06,19609,,,,,,,,,,,,,,,,,,,,,,,,,,,,,,
28,,19609,0.04127048701047897,0.032284460961818695,0.22638481855392456,0.002654674928635359,0.042107682675123215,0.01607973501086235,0.15444126725196838,0.006555304862558842,0.08446191996335983,0.019149191677570343,0.14970776438713074,0.3152734339237213,0.0006936913123354316,2.134376049041748,0.09817434102296829,,,,,,,,,,,,,,,
,2.557281306707676e-06,19619,,,,,,,,,,,,,,,,,,,,,,,,,,,,,,
28,,19619,0.05234718322753906,0.042002931237220764,0.2144145369529724,0.0006365597946569324,0.02603697031736374,0.010388566181063652,0.14381645619869232,0.007764024194329977,0.09005957096815109,0.037477388978004456,0.14715927839279175,0.3120635747909546,0.0002377816999796778,2.1407973766326904,0.07785141468048096,,,,,,,,,,,,,,,
,2.5149916438783612e-06,19629,,,,,,,,,,,,,,,,,,,,,,,,,,,,,,
28,,19629,0.030743004754185677,0.023512940853834152,0.2312273383140564,0.0013918648473918438,0.024594750255346298,0.0060401964001357555,0.12471785396337509,0.006102083250880241,0.04565057530999184,0.03128921613097191,0.11904479563236237,0.2442755401134491,0.003965693060308695,2.1340835094451904,0.08056619018316269,,,,,,,,,,,,,,,
,2.4730516176640567e-06,19639,,,,,,,,,,,,,,,,,,,,,,,,,,,,,,
28,,19639,0.03542154282331467,0.019371915608644485,0.21642997860908508,0.0031099319458007812,0.020550424233078957,0.006988435052335262,0.1022067442536354,0.0031425049528479576,0.05814060941338539,0.04685668274760246,0.13256019353866577,0.238823801279068,0.0017986360471695662,2.127143144607544,0.04839841648936272,,,,,,,,,,,,,,,
,2.4314613274902973e-06,19649,,,,,,,,,,,,,,,,,,,,,,,,,,,,,,
28,,19649,0.041473712772130966,0.009576543234288692,0.12299220263957977,0.0005049495375715196,0.028392711654305458,0.011416449211537838,0.07621375471353531,0.008045685477554798,0.08428694307804108,0.03341636434197426,0.1353803426027298,0.23859073221683502,0.0010845445794984698,2.153412103652954,0.06418367475271225,,,,,,,,,,,,,,,
,2.39022087195343e-06,19659,,,,,,,,,,,,,,,,,,,,,,,,,,,,,,
28,,19659,0.04555072635412216,0.045591674745082855,0.2715354263782501,0.0021808797027915716,0.03390628471970558,0.01103879977017641,0.17411993443965912,0.008970087394118309,0.08431094139814377,0.030045365914702415,0.15106455981731415,0.3332982063293457,0.000383696926292032,2.124370574951172,0.07578092813491821,,,,,,,,,,,,,,,
,2.3493303488204997e-06,19669,,,,,,,,,,,,,,,,,,,,,,,,,,,,,,
28,,19669,0.04122355580329895,0.0220942422747612,0.18844473361968994,0.0003797657846007496,0.031151030212640762,0.0069175600074231625,0.1139509528875351,0.006333052180707455,0.11270266026258469,0.05356292426586151,0.14791293442249298,0.3161400854587555,0.002676884876564145,2.1092281341552734,0.10237838327884674,,,,,,,,,,,,,,,
,2.3087898550289808e-06,19679,,,,,,,,,,,,,,,,,,,,,,,,,,,,,,
28,,19679,0.03065774030983448,0.019137265160679817,0.18709135055541992,0.0010844194330275059,0.03011362813413143,0.008705745451152325,0.11373221129179001,0.007697100285440683,0.07546872645616531,0.031443290412425995,0.11068709194660187,0.25476211309432983,0.004590380471199751,2.129779577255249,0.06547363102436066,,,,,,,,,,,,,,,
,2.2685994866865454e-06,19689,,,,,,,,,,,,,,,,,,,,,,,,,,,,,,
28,,19689,0.029472334310412407,0.03319556266069412,0.23586153984069824,0.0010150783928111196,0.0336248055100441,0.0036769032012671232,0.13954004645347595,0.003197246231138706,0.039374466985464096,0.029122186824679375,0.14076028764247894,0.2452075481414795,0.0004605641879606992,2.1408262252807617,0.08245760202407837,,,,,,,,,,,,,,,
,2.2287593390708625e-06,19699,,,,,,,,,,,,,,,,,,,,,,,,,,,,,,
28,,19699,0.029686661437153816,0.020985780283808708,0.17628100514411926,0.001357206841930747,0.035666875541210175,0.008673631586134434,0.09242389351129532,0.002622839529067278,0.045545563101768494,0.026579808443784714,0.11275852471590042,0.21633191406726837,0.0036796831991523504,2.1387710571289062,0.08035499602556229,,,,,,,,,,,,,,,
,2.1892695066292985e-06,19709,,,,,,,,,,,,,,,,,,,,,,,,,,,,,,
28,,19709,0.022425241768360138,0.020932985469698906,0.2341068834066391,0.001677091233432293,0.029351593926548958,0.0040875086560845375,0.12471570074558258,0.0077226422727108,0.08153967559337616,0.024236392229795456,0.14639045298099518,0.277462899684906,0.0005166357732377946,2.1432735919952393,0.07571610063314438,,,,,,,,,,,,,,,
,2.150130082978768e-06,19719,,,,,,,,,,,,,,,,,,,,,,,,,,,,,,
28,,19719,0.0635315477848053,0.018012912943959236,0.21788790822029114,0.0031185108236968517,0.030851799994707108,0.007456532679498196,0.12033689022064209,0.007470301352441311,0.0929655134677887,0.06143655627965927,0.12959347665309906,0.30804890394210815,0.0023114699870347977,2.1389172077178955,0.070620596408844,,,,,,,,,,,,,,,
,2.1113411609054996e-06,19729,,,,,,,,,,,,,,,,,,,,,,,,,,,,,,
28,,19729,0.027728280052542686,0.045324526727199554,0.19431404769420624,0.0005368179990909994,0.023542745038866997,0.008332802914083004,0.14700672030448914,0.005935468710958958,0.04180433228611946,0.02766462042927742,0.14452342689037323,0.23929551243782043,0.0030398170929402113,2.1147968769073486,0.05944249778985977,,,,,,,,,,,,,,,
,2.072902832364787e-06,19739,,,,,,,,,,,,,,,,,,,,,,,,,,,,,,
28,,19739,0.03351452574133873,0.011042395606637001,0.16597144305706024,0.0003937695291824639,0.023639488965272903,0.007258464116603136,0.09421852231025696,0.005204955115914345,0.04831443727016449,0.027649689465761185,0.12524616718292236,0.20833392441272736,0.001618101610802114,2.141679048538208,0.06515520811080933,,,,,,,,,,,,,,,
,2.034815188480754e-06,19749,,,,,,,,,,,,,,,,,,,,,,,,,,,,,,
28,,19749,0.05354062095284462,0.019029326736927032,0.2255256325006485,0.00033584804623387754,0.02913997322320938,0.007459687069058418,0.1321210414171219,0.004377668723464012,0.07268329709768295,0.05228620022535324,0.1480562388896942,0.2901635766029358,0.0002648249501362443,2.1376516819000244,0.09654305875301361,,,,,,,,,,,,,,,
,1.997078319546258e-06,19759,,,,,,,,,,,,,,,,,,,,,,,,,,,,,,
28,,19759,0.027540843933820724,0.017610754817724228,0.17692099511623383,0.00021684294915758073,0.020984632894396782,0.015070329420268536,0.0825665220618248,0.0049527594819664955,0.044064801186323166,0.024661874398589134,0.1390894502401352,0.205162912607193,0.0004810361424461007,2.1714746952056885,0.0553877092897892,,,,,,,,,,,,,,,
,1.959692315022504e-06,19769,,,,,,,,,,,,,,,,,,,,,,,,,,,,,,
28,,19769,0.02286929450929165,0.0187289547175169,0.21893762052059174,0.0005696399020962417,0.03294813260436058,0.011454691179096699,0.10010696202516556,0.00484014255926013,0.03740625083446503,0.026347989216446877,0.12739026546478271,0.21369364857673645,0.002150576328858733,2.128145217895508,0.05232710763812065,,,,,,,,,,,,,,,
,1.922657263538946e-06,19779,,,,,,,,,,,,,,,,,,,,,,,,,,,,,,
28,,19779,0.013981292955577374,0.024000469595193863,0.2713509202003479,0.004492035135626793,0.022710977122187614,0.012290418148040771,0.1318921148777008,0.0024931086227297783,0.03986046090722084,0.01674521341919899,0.1565798968076706,0.25291261076927185,0.0068098134361207485,2.171581983566284,0.07545777410268784,,,,,,,,,,,,,,,
,1.8859732528930694e-06,19789,,,,,,,,,,,,,,,,,,,,,,,,,,,,,,
28,,19789,0.03754661604762077,0.022994784638285637,0.20509794354438782,0.0005434422055259347,0.04694036766886711,0.006886285729706287,0.12015825510025024,0.011357509531080723,0.09217917174100876,0.05017223209142685,0.16270886361598969,0.310404509305954,0.0031607216224074364,2.1389787197113037,0.09459228068590164,,,,,,,,,,,,,,,
,1.8496403700501094e-06,19799,,,,,,,,,,,,,,,,,,,,,,,,,,,,,,
28,,19799,0.02441493608057499,0.018486997112631798,0.1562616229057312,0.0008651810931041837,0.02464284561574459,0.009485144168138504,0.08732044696807861,0.004958394914865494,0.03602151572704315,0.027865666896104813,0.10509631037712097,0.18281765282154083,0.0013155097840353847,2.1558802127838135,0.05081264674663544,,,,,,,,,,,,,,,
,1.8136587011429505e-06,19809,,,,,,,,,,,,,,,,,,,,,,,,,,,,,,
28,,19809,0.035809073597192764,0.01878935657441616,0.19660034775733948,0.0001927375269588083,0.04431043192744255,0.008639765903353691,0.10252415388822556,0.004779417999088764,0.03644059970974922,0.04159233346581459,0.15664702653884888,0.2401314079761505,0.0007066068355925381,2.105264186859131,0.11671628057956696,,,,,,,,,,,,,,,
,1.7780283314718591e-06,19819,,,,,,,,,,,,,,,,,,,,,,,,,,,,,,
28,,19819,0.027807025238871574,0.03090662695467472,0.18598328530788422,0.0024876543320715427,0.019810710102319717,0.007109151687473059,0.12034837156534195,0.003380840178579092,0.03109855204820633,0.026942020282149315,0.13297709822654724,0.2108326107263565,0.0005437431973405182,2.131448268890381,0.07343192398548126,,,,,,,,,,,,,,,
,1.7427493455042684e-06,19829,,,,,,,,,,,,,,,,,,,,,,,,,,,,,,
28,,19829,0.0381864570081234,0.02199878729879856,0.24135972559452057,0.0008138043340295553,0.04345439001917839,0.013382785953581333,0.11458012461662292,0.004885016940534115,0.04406656324863434,0.03185935318470001,0.16127116978168488,0.2714203894138336,0.0005481895059347153,2.1372697353363037,0.12524326145648956,,,,,,,,,,,,,,,
,1.7078218268746112e-06,19839,,,,,,,,,,,,,,,,,,,,,,,,,,,,,,
28,,19839,0.04686737805604935,0.043528854846954346,0.20383498072624207,0.0012288405559957027,0.04159587249159813,0.032026346772909164,0.15996555984020233,0.006411408074200153,0.06486893445253372,0.026887070387601852,0.16129077970981598,0.3053920567035675,0.00019690889166668057,2.117717742919922,0.0933183878660202,,,,,,,,,,,,,,,
,1.6732458583841202e-06,19849,,,,,,,,,,,,,,,,,,,,,,,,,,,,,,
28,,19849,0.03123590722680092,0.016125481575727463,0.1850776970386505,0.0004681810096371919,0.028924522921442986,0.004306585993617773,0.08600728958845139,0.006309126503765583,0.04319314658641815,0.03611140325665474,0.13069917261600494,0.20869320631027222,0.001489322166889906,2.11855149269104,0.05733056366443634,,,,,,,,,,,,,,,
,1.6390215220005942e-06,19859,,,,,,,,,,,,,,,,,,,,,,,,,,,,,,
28,,19859,0.01962127909064293,0.022154921665787697,0.2892320454120636,0.0016118647763505578,0.029767880216240883,0.004085190128535032,0.1565399318933487,0.005201731808483601,0.047034166753292084,0.061438802629709244,0.19122332334518433,0.2850063145160675,0.006480515003204346,2.1089072227478027,0.07718595862388611,,,,,,,,,,,,,,,
,1.6051488988582828e-06,19869,,,,,,,,,,,,,,,,,,,,,,,,,,,,,,
28,,19869,0.029591796919703484,0.018767058849334717,0.17987707257270813,0.001357970992103219,0.03188281133770943,0.011734653264284134,0.11395274102687836,0.011248371563851833,0.06342270225286484,0.03437994047999382,0.12748302519321442,0.24784447252750397,0.004352131392806768,2.117053270339966,0.06072534993290901,,,,,,,,,,,,,,,
,1.5716280692576022e-06,19879,,,,,,,,,,,,,,,,,,,,,,,,,,,,,,
28,,19879,0.039563629776239395,0.020657727494835854,0.1695648580789566,0.0012872089864686131,0.02107301726937294,0.0062470585107803345,0.10509319603443146,0.006241180002689362,0.09159421920776367,0.053024955093860626,0.1281495988368988,0.2695412039756775,0.004806844983249903,2.152834177017212,0.06149547919631004,,,,,,,,,,,,,,,
,1.5384591126649692e-06,19889,,,,,,,,,,,,,,,,,,,,,,,,,,,,,,
28,,19889,0.022187238559126854,0.01598280854523182,0.14948076009750366,0.000571780779864639,0.03961586207151413,0.0055137514136731625,0.08001218736171722,0.007871303707361221,0.058517493307590485,0.047756094485521317,0.1356915980577469,0.22409692406654358,0.0007017929456196725,2.131460189819336,0.09045977145433426,,,,,,,,,,,,,,,
,1.5056421077127179e-06,19899,,,,,,,,,,,,,,,,,,,,,,,,,,,,,,
28,,19899,0.021392859518527985,0.009477435611188412,0.10805540531873703,0.0011406650301069021,0.015339580364525318,0.01220840122550726,0.07316716015338898,0.002577698789536953,0.033582981675863266,0.03235650062561035,0.09149619936943054,0.14863623678684235,0.00140334980096668,2.11093807220459,0.03881310671567917,,,,,,,,,,,,,,,
,1.4731771321987162e-06,19909,,,,,,,,,,,,,,,,,,,,,,,,,,,,,,
28,,19909,0.04552296921610832,0.02466576173901558,0.24784906208515167,0.001396894920617342,0.032669227570295334,0.009737755171954632,0.1497894823551178,0.004603502340614796,0.05583899840712547,0.05606061592698097,0.12953758239746094,0.2725760042667389,0.0006813722429797053,2.120147705078125,0.06090857461094856,,,,,,,,,,,,,,,
,1.44106426308635e-06,19919,,,,,,,,,,,,,,,,,,,,,,,,,,,,,,
28,,19919,0.03759383410215378,0.011988644488155842,0.222556933760643,0.002160618780180812,0.046677399426698685,0.00586002878844738,0.1138719767332077,0.007507988717406988,0.09512873739004135,0.05758575350046158,0.16695596277713776,0.3119022250175476,0.0009694230393506587,2.124315023422241,0.10226521641016006,,,,,,,,,,,,,,,
,1.409303576504306e-06,19929,,,,,,,,,,,,,,,,,,,,,,,,,,,,,,
28,,19929,0.017244551330804825,0.016043592244386673,0.1490240842103958,0.0003749607421923429,0.017273396253585815,0.00472783949226141,0.07641966640949249,0.004054185003042221,0.03034215234220028,0.014629312790930271,0.10070416331291199,0.15745985507965088,0.00022963549417909235,2.1698431968688965,0.048631925135850906,,,,,,,,,,,,,,,
,1.3778951477462719e-06,19939,,,,,,,,,,,,,,,,,,,,,,,,,,,,,,
28,,19939,0.041331276297569275,0.021900387480854988,0.18305052816867828,0.0006188470870256424,0.031178686767816544,0.013118572533130646,0.12019580602645874,0.0047308774664998055,0.051808957010507584,0.03112778067588806,0.15075480937957764,0.23871508240699768,0.0008744689403101802,2.141663074493408,0.05705975741147995,,,,,,,,,,,,,,,
,1.3468390512709703e-06,19949,,,,,,,,,,,,,,,,,,,,,,,,,,,,,,
28,,19949,0.02326197922229767,0.013862736523151398,0.1436491459608078,0.00046845246106386185,0.027906902134418488,0.0047646379098296165,0.08661504089832306,0.005330807529389858,0.04090914502739906,0.026462288573384285,0.11403550207614899,0.1867232620716095,0.0022148245479911566,2.1465036869049072,0.06579989939928055,,,,,,,,,,,,,,,
,1.3161353607017589e-06,19959,,,,,,,,,,,,,,,,,,,,,,,,,,,,,,
28,,19959,0.017943473532795906,0.016976576298475266,0.16807985305786133,0.0011100780684500933,0.030827917158603668,0.006343499291688204,0.10956435650587082,0.004890486132353544,0.04662785306572914,0.07043804228305817,0.12525241076946259,0.21159429848194122,0.0004338616272434592,2.136888265609741,0.06153224781155586,,,,,,,,,,,,,,,
,1.2857841488266463e-06,19969,,,,,,,,,,,,,,,,,,,,,,,,,,,,,,
28,,19969,0.046177830547094345,0.013790640980005264,0.15465936064720154,0.001261271652765572,0.02597292885184288,0.006894233170896769,0.08100257813930511,0.008165929466485977,0.0670628473162651,0.034069374203681946,0.12810681760311127,0.23107770085334778,0.00030336726922541857,2.109391450881958,0.06119505688548088,,,,,,,,,,,,,,,
,1.25578548759796e-06,19979,,,,,,,,,,,,,,,,,,,,,,,,,,,,,,
28,,19979,0.050877559930086136,0.022002417594194412,0.2188020646572113,0.0004495434695854783,0.03008177876472473,0.0073923226445913315,0.1132100522518158,0.00897123571485281,0.06105118617415428,0.030243486166000366,0.15272943675518036,0.2695994973182678,0.004718245007097721,2.167217493057251,0.06642463058233261,,,,,,,,,,,,,,,
,1.2261394481323128e-06,19989,,,,,,,,,,,,,,,,,,,,,,,,,,,,,,
28,,19989,0.06147604063153267,0.015231470577418804,0.14690051972866058,0.00032397659379057586,0.03288652375340462,0.004437917377799749,0.11775972694158554,0.009453545324504375,0.10517615079879761,0.056268658488988876,0.10929561406373978,0.2907853126525879,0.0025941655039787292,2.1493611335754395,0.07385583966970444,,,,,,,,,,,,,,,
,1.1968461007103359e-06,19999,,,,,,,,,,,,,,,,,,,,,,,,,,,,,,
28,,19999,0.03091551922261715,0.024867098778486252,0.19979669153690338,0.0006508780061267316,0.020635822787880898,0.011011111550033092,0.12493810802698135,0.002841984387487173,0.036838382482528687,0.022071361541748047,0.13504928350448608,0.21386151015758514,0.0004470520361792296,2.151768445968628,0.051733244210481644,,,,,,,,,,,,,,,
,1.1679055147765625e-06,20009,,,,,,,,,,,,,,,,,,,,,,,,,,,,,,
28,,20009,0.02874385192990303,0.021390851587057114,0.2043161392211914,0.004151040222495794,0.0272932481020689,0.008126374334096909,0.104099340736866,0.004543845541775227,0.05343746021389961,0.03745390474796295,0.15026722848415375,0.23712976276874542,0.00019866177171934396,2.155761241912842,0.059975896030664444,,,,,,,,,,,,,,,
,1.1393177589392455e-06,20019,,,,,,,,,,,,,,,,,,,,,,,,,,,,,,
28,,20019,0.053414370864629745,0.022668808698654175,0.22916483879089355,0.0013942598598077893,0.043428655713796616,0.005622738506644964,0.14942806959152222,0.008270900696516037,0.1039123386144638,0.03400027006864548,0.16121675074100494,0.3385885953903198,0.0013271629577502608,2.124629259109497,0.10263614356517792,,,,,,,,,,,,,,,
,1.1110829009701893e-06,20029,,,,,,,,,,,,,,,,,,,,,,,,,,,,,,
28,,20029,0.050405584275722504,0.027607997879385948,0.18181023001670837,0.0006227812264114618,0.02294597588479519,0.015261043794453144,0.10900722444057465,0.008007165044546127,0.07387881726026535,0.043234553188085556,0.12674091756343842,0.2682300806045532,0.0032240678556263447,2.132189989089966,0.06418658792972565,,,,,,,,,,,,,,,
,1.0832010078046017e-06,20039,,,,,,,,,,,,,,,,,,,,,,,,,,,,,,
28,,20039,0.031218092888593674,0.027538055554032326,0.2844299376010895,0.002013107296079397,0.03401971235871315,0.005148513708263636,0.13960610330104828,0.005523372441530228,0.0405861996114254,0.03516411781311035,0.1499509960412979,0.2725759744644165,0.003285796381533146,2.1544580459594727,0.09322910010814667,,,,,,,,,,,,,,,
,1.0556721455409423e-06,20049,,,,,,,,,,,,,,,,,,,,,,,,,,,,,,
28,,20049,0.0297684445977211,0.02581527642905712,0.18128752708435059,0.0025201125536113977,0.026683002710342407,0.007540564052760601,0.15844790637493134,0.014162607491016388,0.1252792775630951,0.03735197335481644,0.12753799557685852,0.3251333236694336,0.00017547949391882867,2.1222009658813477,0.07411950081586838,,,,,,,,,,,,,,,
,1.0284963794407408e-06,20059,,,,,,,,,,,,,,,,,,,,,,,,,,,,,,
28,,20059,0.03372366726398468,0.031420063227415085,0.20317208766937256,0.0013026394881308079,0.033894527703523636,0.008840261958539486,0.14142315089702606,0.006330150179564953,0.1354694813489914,0.03107042796909809,0.1487242430448532,0.33926844596862793,0.0002702746423892677,2.157212018966675,0.07619816809892654,,,,,,,,,,,,,,,
,1.0016737739284797e-06,20069,,,,,,,,,,,,,,,,,,,,,,,,,,,,,,
28,,20069,0.03580093756318092,0.026651781052350998,0.23712359368801117,0.001135653699748218,0.0432850606739521,0.013989709317684174,0.1480872482061386,0.00575729925185442,0.05717289820313454,0.056104544550180435,0.14510895311832428,0.2847076654434204,0.0005327080725692213,2.114992380142212,0.093784861266613,,,,,,,,,,,,,,,
,9.752043925913944e-07,20079,,,,,,,,,,,,,,,,,,,,,,,,,,,,,,
28,,20079,0.05778951197862625,0.0347725935280323,0.29977574944496155,0.001169250812381506,0.05913087725639343,0.005440276116132736,0.1776241511106491,0.004840373061597347,0.16808481514453888,0.03360316529870033,0.182681605219841,0.4423972964286804,0.002099767792969942,2.1396267414093018,0.09993612766265869,,,,,,,,,,,,,,,
,9.490882981793235e-07,20089,,,,,,,,,,,,,,,,,,,,,,,,,,,,,,
28,,20089,0.04326331242918968,0.01839412935078144,0.20315326750278473,0.004140709992498159,0.030032053589820862,0.008856356143951416,0.11450842022895813,0.007276654243469238,0.08086423575878143,0.03140677884221077,0.1263347715139389,0.27575981616973877,0.0007755598053336143,2.1204440593719482,0.07408703118562698,,,,,,,,,,,,,,,
,9.23325552604659e-07,20099,,,,,,,,,,,,,,,,,,,,,,,,,,,,,,
28,,20099,0.03213443607091904,0.03963518887758255,0.2803098261356354,0.002753430511802435,0.03127455338835716,0.004970791283994913,0.17310944199562073,0.004060858394950628,0.027543317526578903,0.06488340348005295,0.14677760004997253,0.27196812629699707,0.0013385303318500519,2.095728874206543,0.09196104109287262,,,,,,,,,,,,,,,
,8.979162169420462e-07,20109,,,,,,,,,,,,,,,,,,,,,,,,,,,,,,
28,,20109,0.036665160208940506,0.022544249892234802,0.19258543848991394,0.003020031377673149,0.02810150943696499,0.009890188463032246,0.12007984519004822,0.0020678802393376827,0.034909628331661224,0.0318865031003952,0.1333240270614624,0.22566251456737518,0.005355027969926596,2.09075665473938,0.0724860355257988,,,,,,,,,,,,,,,
,8.728603514283505e-07,20119,,,,,,,,,,,,,,,,,,,,,,,,,,,,,,
28,,20119,0.028332149609923363,0.016741251572966576,0.21012748777866364,0.001178721315227449,0.028791924938559532,0.012607531622052193,0.10621363669633865,0.005443332251161337,0.027403369545936584,0.04247712716460228,0.1386890411376953,0.21524550020694733,0.0007076602196320891,2.1085314750671387,0.07482346892356873,,,,,,,,,,,,,,,
,8.481580154625079e-07,20129,,,,,,,,,,,,,,,,,,,,,,,,,,,,,,
28,,20129,0.038618262857198715,0.026037707924842834,0.23140467703342438,0.0004954998148605227,0.0347856730222702,0.005655352491885424,0.11474341154098511,0.007774225436151028,0.034528717398643494,0.024813005700707436,0.15349704027175903,0.2447769194841385,0.0005160307046025991,2.1613996028900146,0.09228508919477463,,,,,,,,,,,,,,,
,8.238092676052743e-07,20139,,,,,,,,,,,,,,,,,,,,,,,,,,,,,,
28,,20139,0.04739779606461525,0.031090522184967995,0.19819410145282745,0.0005985625903122127,0.030994446948170662,0.01009692158550024,0.11962423473596573,0.0069008213467895985,0.05901031196117401,0.04651734605431557,0.1453661173582077,0.26714348793029785,0.0012816088274121284,2.1173062324523926,0.08334968984127045,,,,,,,,,,,,,,,
,7.998141655792601e-07,20149,,,,,,,,,,,,,,,,,,,,,,,,,,,,,,
28,,20149,0.026358777657151222,0.015087864361703396,0.20228725671768188,0.004753815941512585,0.022725597023963928,0.007156732026487589,0.08731773495674133,0.0010925591923296452,0.03094094805419445,0.033174678683280945,0.1665293574333191,0.2113105058670044,0.003394016297534108,2.146487236022949,0.07285730540752411,,,,,,,,,,,,,,,
28,,20154,,,,,,,,,,,,,,,,0.1702406406402588,0.049004342406988144,0.28014257550239563,0.01043430995196104,0.0771809071302414,0.0021786142606288195,0.18364211916923523,0.021683789789676666,0.19096893072128296,0.07523015141487122,0.201917365193367,0.5850238800048828,0.009964258410036564,2.0943613052368164,0.15081557631492615
,7.761727662686623e-07,20159,,,,,,,,,,,,,,,,,,,,,,,,,,,,,,
29,,20159,0.026119664311408997,0.02233176864683628,0.2091754972934723,0.0006077315774746239,0.02551466040313244,0.008102595806121826,0.12013556063175201,0.007381469942629337,0.0473470501601696,0.03876807168126106,0.1471663862466812,0.24220679700374603,0.0017185845645144582,2.1448755264282227,0.08231478929519653,,,,,,,,,,,,,,,
,7.528851257191326e-07,20169,,,,,,,,,,,,,,,,,,,,,,,,,,,,,,
29,,20169,0.04171027988195419,0.024176038801670074,0.24362561106681824,0.004455696791410446,0.032524224370718,0.0060890549793839455,0.11369277536869049,0.0024123378098011017,0.028746506199240685,0.01865600235760212,0.13612815737724304,0.23946146667003632,0.002045012079179287,2.161856174468994,0.09521955996751785,,,,,,,,,,,,,,,
,7.299512991377432e-07,20179,,,,,,,,,,,,,,,,,,,,,,,,,,,,,,
29,,20179,0.032764483243227005,0.012416976504027843,0.10032495111227036,0.0001413599238730967,0.01609223149716854,0.013362857513129711,0.06338246166706085,0.004248526878654957,0.047530531883239746,0.02219102345407009,0.09880640357732773,0.16229307651519775,0.00016941738431341946,2.116678476333618,0.030388951301574707,,,,,,,,,,,,,,,
,7.073713408927872e-07,20189,,,,,,,,,,,,,,,,,,,,,,,,,,,,,,
29,,20189,0.06583140790462494,0.018174394965171814,0.23127947747707367,0.0008584103197790682,0.047728318721055984,0.006055915728211403,0.1340736448764801,0.005093507934361696,0.09705884009599686,0.05744268372654915,0.15373258292675018,0.3287097215652466,0.0009698039502836764,2.0972771644592285,0.09106159955263138,,,,,,,,,,,,,,,
,6.851453045135957e-07,20199,,,,,,,,,,,,,,,,,,,,,,,,,,,,,,
29,,20199,0.02954653464257717,0.01347439642995596,0.1515083611011505,0.0016190262977033854,0.03441782668232918,0.007748827338218689,0.11760950088500977,0.007217695005238056,0.09619281440973282,0.0385899655520916,0.118810273706913,0.26199477910995483,0.0010560826631262898,2.1519720554351807,0.06287284195423126,,,,,,,,,,,,,,,
,6.632732426905541e-07,20209,,,,,,,,,,,,,,,,,,,,,,,,,,,,,,
29,,20209,0.047679219394922256,0.018657200038433075,0.22894498705863953,0.002044392516836524,0.03671198710799217,0.010880638845264912,0.13432645797729492,0.007725702598690987,0.10444609075784683,0.03591492027044296,0.15604758262634277,0.321982741355896,0.0035421117208898067,2.1214239597320557,0.06480597704648972,,,,,,,,,,,,,,,
,6.417552072748355e-07,20219,,,,,,,,,,,,,,,,,,,,,,,,,,,,,,
29,,20219,0.021775774657726288,0.035282380878925323,0.31382089853286743,0.0014250152744352818,0.045433808118104935,0.013770985417068005,0.1574460119009018,0.0030604389030486345,0.03061930648982525,0.02335572987794876,0.15726299583911896,0.2879112660884857,0.006226471625268459,2.148263692855835,0.11623839288949966,,,,,,,,,,,,,,,
,6.205912492783682e-07,20229,,,,,,,,,,,,,,,,,,,,,,,,,,,,,,
29,,20229,0.01554051786661148,0.02023882418870926,0.26514023542404175,0.004055396653711796,0.0346376895904541,0.008112897165119648,0.13769306242465973,0.008519897237420082,0.03455624729394913,0.030850689858198166,0.16308075189590454,0.2502712607383728,0.0013770407531410456,2.1311676502227783,0.07323963195085526,,,,,,,,,,,,,,,
,5.997814188736516e-07,20239,,,,,,,,,,,,,,,,,,,,,,,,,,,,,,
29,,20239,0.027285397052764893,0.01426102314144373,0.1443602293729782,0.0008844760013744235,0.030747856944799423,0.009253215976059437,0.09274129569530487,0.004659485071897507,0.05315811187028885,0.033884190022945404,0.12778635323047638,0.21018125116825104,0.0013186903670430183,2.1675491333007812,0.07122179865837097,,,,,,,,,,,,,,,
,5.793257653937233e-07,20249,,,,,,,,,,,,,,,,,,,,,,,,,,,,,,
29,,20249,0.024084510281682014,0.03927012160420418,0.26716500520706177,0.0045925322920084,0.041127532720565796,0.005507193505764008,0.1715167611837387,0.005605705082416534,0.0528915673494339,0.037089087069034576,0.14710760116577148,0.2922607362270355,0.0017882308457046747,2.164036989212036,0.095277801156044,,,,,,,,,,,,,,,
,5.592243373319094e-07,20259,,,,,,,,,,,,,,,,,,,,,,,,,,,,,,
29,,20259,0.033378854393959045,0.02154773473739624,0.2141045778989792,0.0014968483010306954,0.03616349771618843,0.0036798790097236633,0.12876243889331818,0.003232605755329132,0.05251353606581688,0.047358397394418716,0.14665161073207855,0.2567766308784485,0.0037422548048198223,2.145214080810547,0.08915328234434128,,,,,,,,,,,,,,,
,5.394771823418909e-07,20269,,,,,,,,,,,,,,,,,,,,,,,,,,,,,,
29,,20269,0.01733449287712574,0.049953483045101166,0.23316964507102966,0.001501356833614409,0.0258635263890028,0.009555932134389877,0.1629633754491806,0.002037622267380357,0.03259050473570824,0.020965641364455223,0.13776004314422607,0.2402556836605072,0.0035645836032927036,2.129053831100464,0.06426844745874405,,,,,,,,,,,,,,,
,5.200843472373872e-07,20279,,,,,,,,,,,,,,,,,,,,,,,,,,,,,,
29,,20279,0.04250706732273102,0.025026606395840645,0.2945956885814667,0.0019906065426766872,0.05692020058631897,0.005634990520775318,0.15753866732120514,0.004752499051392078,0.09354151040315628,0.05587426945567131,0.1746131181716919,0.35869157314300537,0.003955197986215353,2.111152410507202,0.11690974980592728,,,,,,,,,,,,,,,
,5.010458779922066e-07,20289,,,,,,,,,,,,,,,,,,,,,,,,,,,,,,
29,,20289,0.023240286856889725,0.019136235117912292,0.15952438116073608,0.0018532105023041368,0.02127876691520214,0.004506319761276245,0.08294399827718735,0.0035398195032030344,0.030727528035640717,0.021384140476584435,0.11113294214010239,0.17101885378360748,0.0006864976603537798,2.1609139442443848,0.04445595666766167,,,,,,,,,,,,,,,
,4.823618197400792e-07,20299,,,,,,,,,,,,,,,,,,,,,,,,,,,,,,
29,,20299,0.042089033871889114,0.02393372543156147,0.21577349305152893,0.0020703463815152645,0.02928403578698635,0.011965570971369743,0.15091168880462646,0.008218042552471161,0.07080977410078049,0.034301429986953735,0.1574520468711853,0.28980132937431335,0.0003920966119039804,2.135366678237915,0.08431211858987808,,,,,,,,,,,,,,,
,4.6403221677450697e-07,20309,,,,,,,,,,,,,,,,,,,,,,,,,,,,,,
29,,20309,0.026648228988051414,0.030932316556572914,0.2577778995037079,0.0002013765915762633,0.03592260554432869,0.007596626412123442,0.1507091522216797,0.0036044889129698277,0.046523693948984146,0.04935874044895172,0.15582060813903809,0.2692100405693054,0.0006045813206583261,2.102569341659546,0.08740440011024475,,,,,,,,,,,,,,,
,4.460571125487311e-07,20319,,,,,,,,,,,,,,,,,,,,,,,,,,,,,,
29,,20319,0.03016767092049122,0.011549718677997589,0.1957932710647583,0.0006635069730691612,0.034523870795965195,0.005181035026907921,0.1083294227719307,0.00892145186662674,0.06020001322031021,0.031948022544384,0.1517573595046997,0.2566923499107361,0.0033127630595117807,2.1330292224884033,0.10568460077047348,,,,,,,,,,,,,,,
,4.284365496755815e-07,20329,,,,,,,,,,,,,,,,,,,,,,,,,,,,,,
29,,20329,0.0459783561527729,0.018543118610978127,0.20430557429790497,0.0016447966918349266,0.04244853928685188,0.01001836359500885,0.12667974829673767,0.01168750785291195,0.09227068722248077,0.03421387821435928,0.15172038972377777,0.30734923481941223,0.0018116742139682174,2.1107022762298584,0.08489689975976944,,,,,,,,,,,,,,,
,4.111705699273937e-07,20339,,,,,,,,,,,,,,,,,,,,,,,,,,,,,,
29,,20339,0.042123083025217056,0.020692968741059303,0.1522107869386673,0.000810787663795054,0.0207685399800539,0.004805150907486677,0.0907406285405159,0.005699614994227886,0.05750516429543495,0.03476015105843544,0.1137039065361023,0.21527139842510223,0.0002582852612249553,2.137521266937256,0.059203073382377625,,,,,,,,,,,,,,,
,3.942592142359424e-07,20349,,,,,,,,,,,,,,,,,,,,,,,,,,,,,,
29,,20349,0.05375400558114052,0.03262712061405182,0.20556190609931946,0.003740723943337798,0.03889409080147743,0.008072113618254662,0.16302695870399475,0.008717037737369537,0.1353471726179123,0.051760103553533554,0.15396848320960999,0.36759769916534424,0.0005804470274597406,2.1502878665924072,0.08180607855319977,,,,,,,,,,,,,,,
,3.777025226922414e-07,20359,,,,,,,,,,,,,,,,,,,,,,,,,,,,,,
29,,20359,0.025044623762369156,0.03176262974739075,0.17629477381706238,0.0007815576973371208,0.03300409018993378,0.006415038835257292,0.11485715955495834,0.006146056577563286,0.048389092087745667,0.030817100778222084,0.12638592720031738,0.22295518219470978,0.00105572328902781,2.141374349594116,0.06131457909941673,,,,,,,,,,,,,,,
,3.615005345465938e-07,20369,,,,,,,,,,,,,,,,,,,,,,,,,,,,,,
29,,20369,0.03969810903072357,0.03387048467993736,0.21658030152320862,0.0003475499979685992,0.020717570558190346,0.004206422250717878,0.13864505290985107,0.004300481639802456,0.06180248782038689,0.03291671350598335,0.11761270463466644,0.2502116560935974,0.0002694766444619745,2.1624128818511963,0.04905465990304947,,,,,,,,,,,,,,,
,3.456532882083418e-07,20379,,,,,,,,,,,,,,,,,,,,,,,,,,,,,,
29,,20379,0.026566658169031143,0.016859106719493866,0.2026023268699646,0.0015603424981236458,0.043569374829530716,0.005065779201686382,0.1531098186969757,0.011423327960073948,0.11056362837553024,0.033954836428165436,0.13970397412776947,0.31728988885879517,0.000230963749345392,2.154376983642578,0.09322411566972733,,,,,,,,,,,,,,,
,3.301608212459339e-07,20389,,,,,,,,,,,,,,,,,,,,,,,,,,,,,,
29,,20389,0.017843103036284447,0.010565068572759628,0.1506381779909134,0.0010029533877968788,0.026840761303901672,0.013593985699117184,0.0756680890917778,0.0024345582351088524,0.02533734031021595,0.025761475786566734,0.11409647017717361,0.16303353011608124,0.000302236556308344,2.1146585941314697,0.05503230541944504,,,,,,,,,,,,,,,
,3.150231703866912e-07,20399,,,,,,,,,,,,,,,,,,,,,,,,,,,,,,
29,,20399,0.021559935063123703,0.05855461582541466,0.2353469729423523,0.0002240782923763618,0.027662819251418114,0.0028554059099406004,0.14656029641628265,0.0040939426980912685,0.032769590616226196,0.030070912092924118,0.1488531082868576,0.24068935215473175,0.0004841395711991936,2.1520819664001465,0.06348977237939835,,,,,,,,,,,,,,,
,3.002403715168411e-07,20409,,,,,,,,,,,,,,,,,,,,,,,,,,,,,,
29,,20409,0.047301556915044785,0.01945672184228897,0.19584441184997559,0.002131527988240123,0.03674107417464256,0.010303116403520107,0.12134521454572678,0.005351356230676174,0.07825392484664917,0.029090629890561104,0.11895551532506943,0.2852143943309784,0.012623042799532413,2.142099380493164,0.07946643233299255,,,,,,,,,,,,,,,
,2.8581245968135046e-07,20419,,,,,,,,,,,,,,,,,,,,,,,,,,,,,,
29,,20419,0.036454685032367706,0.04555094987154007,0.1955745965242386,0.002764835488051176,0.026074113324284554,0.00833936221897602,0.15114229917526245,0.005160936154425144,0.08780228346586227,0.023307524621486664,0.11763530969619751,0.2889409065246582,0.0038022014778107405,2.133279323577881,0.06264524906873703,,,,,,,,,,,,,,,
,2.7173946908385923e-07,20429,,,,,,,,,,,,,,,,,,,,,,,,,,,,,,
29,,20429,0.03711743280291557,0.0246476661413908,0.15407322347164154,0.0028835642151534557,0.022197045385837555,0.01341982837766409,0.11506637930870056,0.011724380776286125,0.09013272821903229,0.02677311934530735,0.11426567286252975,0.25920477509498596,0.0001527554268250242,2.1525955200195312,0.03925575315952301,,,,,,,,,,,,,,,
,2.580214330866304e-07,20439,,,,,,,,,,,,,,,,,,,,,,,,,,,,,,
29,,20439,0.038772862404584885,0.02223421074450016,0.18814298510551453,0.001703124726191163,0.02711411379277706,0.006113690789788961,0.12159474939107895,0.009840643033385277,0.08213219791650772,0.030498486012220383,0.11015793681144714,0.26661866903305054,0.001047204015776515,2.1098053455352783,0.0677734985947609,,,,,,,,,,,,,,,
,2.446583842104499e-07,20449,,,,,,,,,,,,,,,,,,,,,,,,,,,,,,
29,,20449,0.036505915224552155,0.019412605091929436,0.1849440187215805,0.0009740186505950987,0.02427029237151146,0.011186400428414345,0.10246649384498596,0.004611046053469181,0.05185665935277939,0.032019104808568954,0.11999363452196121,0.22286920249462128,0.0015752124600112438,2.1301636695861816,0.05424029380083084,,,,,,,,,,,,,,,
,2.316503541345438e-07,20459,,,,,,,,,,,,,,,,,,,,,,,,,,,,,,
29,,20459,0.03727393224835396,0.016764840111136436,0.2112385779619217,0.0013884890358895063,0.03152477741241455,0.007439399603754282,0.12023347616195679,0.006138540804386139,0.04507584869861603,0.05627235770225525,0.13910605013370514,0.24371588230133057,0.0031607013661414385,2.125398874282837,0.07105492055416107,,,,,,,,,,,,,,,
,2.1899737369651116e-07,20469,,,,,,,,,,,,,,,,,,,,,,,,,,,,,,
29,,20469,0.026775555685162544,0.042264316231012344,0.22240190207958221,0.0021151371765881777,0.027425717562437057,0.0024481751024723053,0.1383783370256424,0.0035696374252438545,0.04889097064733505,0.03761938959360123,0.15385286509990692,0.2547767162322998,0.004488345235586166,2.1478917598724365,0.06536658108234406,,,,,,,,,,,,,,,
,2.0669947289225774e-07,20479,,,,,,,,,,,,,,,,,,,,,,,,,,,,,,
29,,20479,0.06989648193120956,0.01926691085100174,0.2744949460029602,0.0009387783356942236,0.05605370178818703,0.007132004480808973,0.14751510322093964,0.007030004635453224,0.11808336526155472,0.06688257306814194,0.20003531873226166,0.40403538942337036,0.0007853888673707843,2.1242668628692627,0.15898913145065308,,,,,,,,,,,,,,,
,1.9475668087589602e-07,20489,,,,,,,,,,,,,,,,,,,,,,,,,,,,,,
29,,20489,0.04853585362434387,0.006991055328398943,0.11214032024145126,0.00015148043166846037,0.02175074815750122,0.018487265333533287,0.06665650755167007,0.00587589293718338,0.060320716351270676,0.03547576814889908,0.10932713001966476,0.19945965707302094,0.00019300292478874326,2.1353890895843506,0.0455995537340641,,,,,,,,,,,,,,,
,1.8316902595971184e-07,20499,,,,,,,,,,,,,,,,,,,,,,,,,,,,,,
29,,20499,0.033944401890039444,0.027558770030736923,0.20385541021823883,0.0018664285307750106,0.03211869299411774,0.0134664261713624,0.14003421366214752,0.0036456864327192307,0.048453573137521744,0.06022106856107712,0.11022772639989853,0.24338242411613464,0.00039687403477728367,2.115884780883789,0.06339126825332642,,,,,,,,,,,,,,,
,1.7193653561409782e-07,20509,,,,,,,,,,,,,,,,,,,,,,,,,,,,,,
29,,20509,0.04243440181016922,0.01953933760523796,0.20495857298374176,0.00022449523385148495,0.03956011310219765,0.006428781431168318,0.1095387414097786,0.004516023211181164,0.08604147285223007,0.01980004459619522,0.15956968069076538,0.28775346279144287,0.0017390311695635319,2.156952381134033,0.09779634326696396,,,,,,,,,,,,,,,
,1.6105923646742015e-07,20519,,,,,,,,,,,,,,,,,,,,,,,,,,,,,,
29,,20519,0.04758159816265106,0.018142130225896835,0.19050627946853638,0.0007751040975563228,0.029922911897301674,0.011232980526983738,0.11609933525323868,0.007162121124565601,0.07450637966394424,0.019823890179395676,0.12996947765350342,0.2652677595615387,0.005443926900625229,2.1516449451446533,0.06030379235744476,,,,,,,,,,,,,,,
,1.505371543060685e-07,20529,,,,,,,,,,,,,,,,,,,,,,,,,,,,,,
29,,20529,0.03907075524330139,0.020406415686011314,0.1640319973230362,0.002491394756361842,0.02799418196082115,0.013878224417567253,0.12144997715950012,0.007598127704113722,0.0931754782795906,0.03884308785200119,0.12768109142780304,0.2767086327075958,0.0008627333445474505,2.1383302211761475,0.0667017325758934,,,,,,,,,,,,,,,
,1.403703140743062e-07,20539,,,,,,,,,,,,,,,,,,,,,,,,,,,,,,
29,,20539,0.012173536233603954,0.058459874242544174,0.2513291537761688,0.0009153069695457816,0.02841275930404663,0.007700029294937849,0.1671704202890396,0.0014279988827183843,0.018153714016079903,0.024480190128087997,0.12066183984279633,0.2282266467809677,0.0014454092597588897,2.1610372066497803,0.06954848021268845,,,,,,,,,,,,,,,
,1.3055873987423692e-07,20549,,,,,,,,,,,,,,,,,,,,,,,,,,,,,,
29,,20549,0.0355340838432312,0.007259608246386051,0.14031463861465454,0.0025003268383443356,0.03257202357053757,0.005760662257671356,0.08221114426851273,0.007858088240027428,0.08058003336191177,0.017908424139022827,0.12214569747447968,0.23858584463596344,0.0011175599647685885,2.1229193210601807,0.08357678353786469,,,,,,,,,,,,,,,
,1.21102454965738e-07,20559,,,,,,,,,,,,,,,,,,,,,,,,,,,,,,
29,,20559,0.042369451373815536,0.022614696994423866,0.24791324138641357,0.0008382693049497902,0.024948710575699806,0.008776064962148666,0.13576526939868927,0.0051704589277505875,0.05014496669173241,0.033069536089897156,0.14689265191555023,0.2628363370895386,0.00021279188513290137,2.1380441188812256,0.07653262466192245,,,,,,,,,,,,,,,
,1.1200148176646051e-07,20569,,,,,,,,,,,,,,,,,,,,,,,,,,,,,,
29,,20569,0.05391312763094902,0.011315356008708477,0.17320671677589417,0.0012499497970566154,0.0283860694617033,0.007476877886801958,0.1211165338754654,0.008781768381595612,0.10822942107915878,0.035409457981586456,0.11925707757472992,0.2886808216571808,0.00038567979936487973,2.154482364654541,0.05437450483441353,,,,,,,,,,,,,,,
,1.03255841851696e-07,20579,,,,,,,,,,,,,,,,,,,,,,,,,,,,,,
29,,20579,0.04438173025846481,0.06281593441963196,0.18010066449642181,0.0006939207087270916,0.02602977305650711,0.005962299183011055,0.1889875829219818,0.00911952368915081,0.07781834900379181,0.026301389560103416,0.10907936841249466,0.28843072056770325,0.0011577177792787552,2.1176416873931885,0.05265732854604721,,,,,,,,,,,,,,,
,9.48655559543765e-08,20589,,,,,,,,,,,,,,,,,,,,,,,,,,,,,,
29,,20589,0.025222714990377426,0.02018575370311737,0.14766408503055573,0.0027948322240263224,0.017988089472055435,0.004845280200242996,0.08049715310335159,0.004025512374937534,0.04542962834239006,0.03072323277592659,0.11595986783504486,0.18954750895500183,0.0009027761407196522,2.1387698650360107,0.05521819740533829,,,,,,,,,,,,,,,
,8.683064396499129e-08,20599,,,,,,,,,,,,,,,,,,,,,,,,,,,,,,
29,,20599,0.03602373227477074,0.016199346631765366,0.21332713961601257,0.0009257920901291072,0.029140016064047813,0.00629205908626318,0.10263001918792725,0.004961567930877209,0.04763149842619896,0.05809171870350838,0.1534273773431778,0.2499593049287796,0.004265206400305033,2.1369073390960693,0.0939924344420433,,,,,,,,,,,,,,,
,7.915112493158681e-08,20609,,,,,,,,,,,,,,,,,,,,,,,,,,,,,,
29,,20609,0.024876270443201065,0.017972365021705627,0.27903181314468384,0.0019402655307203531,0.033448174595832825,0.009094571694731712,0.1270754635334015,0.0032356290612369776,0.04146217554807663,0.04373299330472946,0.16719447076320648,0.26277995109558105,0.00383978639729321,2.1580207347869873,0.08096131682395935,,,,,,,,,,,,,,,
,7.182701705966687e-08,20619,,,,,,,,,,,,,,,,,,,,,,,,,,,,,,
29,,20619,0.029473114758729935,0.020581265911459923,0.20261701941490173,0.002150022191926837,0.0415751151740551,0.005201220978051424,0.12069232016801834,0.004644686356186867,0.13290998339653015,0.047685325145721436,0.12448954582214355,0.32448527216911316,0.0002797239285428077,2.1643333435058594,0.08509508520364761,,,,,,,,,,,,,,,
,6.485833771220917e-08,20629,,,,,,,,,,,,,,,,,,,,,,,,,,,,,,
29,,20629,0.03548745438456535,0.014333275146782398,0.17579706013202667,0.00034034045529551804,0.028678856790065765,0.012051884084939957,0.07626741379499435,0.006428027991205454,0.07983271032571793,0.031740453094244,0.1234036535024643,0.24850095808506012,9.863080776995048e-05,2.1065521240234375,0.07960256934165955,,,,,,,,,,,,,,,
,5.824510340956545e-08,20639,,,,,,,,,,,,,,,,,,,,,,,,,,,,,,
29,,20639,0.010368958115577698,0.035909395664930344,0.22707368433475494,0.00020484464766923338,0.025416193529963493,0.008672337047755718,0.12982064485549927,0.0010341084562242031,0.016410578042268753,0.023998457938432693,0.152740016579628,0.2036498337984085,0.0003062286996282637,2.145287036895752,0.06910190731287003,,,,,,,,,,,,,,,
,5.198732982946152e-08,20649,,,,,,,,,,,,,,,,,,,,,,,,,,,,,,
29,,20649,0.0303980503231287,0.03361424058675766,0.29770445823669434,0.0025506552774459124,0.023172536864876747,0.011153647676110268,0.1790267676115036,0.00536631653085351,0.044256214052438736,0.02335512824356556,0.13253025710582733,0.2785551846027374,0.0026365097146481276,2.1849381923675537,0.06551161408424377,,,,,,,,,,,,,,,
,4.6085031806930575e-08,20659,,,,,,,,,,,,,,,,,,,,,,,,,,,,,,
29,,20659,0.0340154729783535,0.016287196427583694,0.1901530623435974,0.0006016311817802489,0.02131180837750435,0.004098325502127409,0.10425978899002075,0.004830922931432724,0.0443074069917202,0.02197137288749218,0.1257176250219345,0.2061970829963684,0.0005425450508482754,2.110771656036377,0.04488246142864227,,,,,,,,,,,,,,,
,4.053822333432988e-08,20669,,,,,,,,,,,,,,,,,,,,,,,,,,,,,,
29,,20669,0.03241551294922829,0.014561870135366917,0.1845548003911972,0.001252620480954647,0.0412042997777462,0.012647450901567936,0.08319620043039322,0.005504479631781578,0.05261281505227089,0.03900998830795288,0.13892540335655212,0.23928751051425934,0.00101107032969594,2.1698102951049805,0.1014905720949173,,,,,,,,,,,,,,,
,3.534691756122421e-08,20679,,,,,,,,,,,,,,,,,,,,,,,,,,,,,,
29,,20679,0.045196425169706345,0.021518364548683167,0.2814044654369354,0.0012612359132617712,0.03503522649407387,0.013876551762223244,0.12548081576824188,0.003801552578806877,0.044782400131225586,0.03177874907851219,0.1721881926059723,0.27860772609710693,0.0006962146144360304,2.1535658836364746,0.08722567558288574,,,,,,,,,,,,,,,
,3.051112679443579e-08,20689,,,,,,,,,,,,,,,,,,,,,,,,,,,,,,
29,,20689,0.0614904910326004,0.015599743463099003,0.1908336877822876,0.0006338636740110815,0.04296054318547249,0.02458115667104721,0.14093510806560516,0.006519623100757599,0.1625029295682907,0.03222054988145828,0.14865319430828094,0.3810686767101288,0.000463471922557801,2.130725383758545,0.07961780577898026,,,,,,,,,,,,,,,
,2.60308624979777e-08,20699,,,,,,,,,,,,,,,,,,,,,,,,,,,,,,
29,,20699,0.025707289576530457,0.021855272352695465,0.1965438574552536,0.0028333747759461403,0.020001888275146484,0.0089222127571702,0.13388752937316895,0.004948284011334181,0.03478328138589859,0.0404200553894043,0.10033190250396729,0.2105473130941391,0.003773784963414073,2.1182303428649902,0.04862268641591072,,,,,,,,,,,,,,,
,2.1906135293020544e-08,20709,,,,,,,,,,,,,,,,,,,,,,,,,,,,,,
29,,20709,0.05904242396354675,0.01433560624718666,0.1907711625099182,0.00025614528567530215,0.02473614551126957,0.0055132401175796986,0.10540791600942612,0.004291496239602566,0.07255369424819946,0.019820142537355423,0.14497210085391998,0.25447505712509155,0.00024040244170464575,2.1276562213897705,0.05795476585626602,,,,,,,,,,,,,,,
,1.813695495790912e-08,20719,,,,,,,,,,,,,,,,,,,,,,,,,,,,,,
29,,20719,0.031012028455734253,0.025659672915935516,0.23099581897258759,0.0025880723260343075,0.028650514781475067,0.008447212167084217,0.12382537871599197,0.002979557029902935,0.04917360097169876,0.027425603941082954,0.14631137251853943,0.24981975555419922,0.001606301055289805,2.14785099029541,0.07561630010604858,,,,,,,,,,,,,,,
,1.4723330428045855e-08,20729,,,,,,,,,,,,,,,,,,,,,,,,,,,,,,
29,,20729,0.046672578901052475,0.01894715055823326,0.17656049132347107,0.0010912460274994373,0.043947745114564896,0.009845384396612644,0.09628844261169434,0.005815380252897739,0.07843063026666641,0.03625745326280594,0.12827233970165253,0.27478668093681335,0.0042494721710681915,2.138981342315674,0.10080617666244507,,,,,,,,,,,,,,,
,1.1665269795990694e-08,20739,,,,,,,,,,,,,,,,,,,,,,,,,,,,,,
29,,20739,0.03528505936264992,0.015666233375668526,0.15287333726882935,0.0002289219555677846,0.025303974747657776,0.0083804065361619,0.08540582656860352,0.0048595028929412365,0.03465808928012848,0.04223461076617241,0.1089123860001564,0.18588826060295105,0.0008246825891546905,2.10378098487854,0.0518689826130867,,,,,,,,,,,,,,,
,8.962780311361217e-09,20749,,,,,,,,,,,,,,,,,,,,,,,,,,,,,,
29,,20749,0.0665832981467247,0.015548537485301495,0.1698479801416397,0.006460847798734903,0.046968355774879456,0.005837053060531616,0.12302714586257935,0.007165965624153614,0.20144839584827423,0.06283983588218689,0.1297827512025833,0.4126863181591034,0.0008470829343423247,2.1207008361816406,0.0849955677986145,,,,,,,,,,,,,,,
,6.615868380832612e-09,20759,,,,,,,,,,,,,,,,,,,,,,,,,,,,,,
29,,20759,0.03027018904685974,0.010953554883599281,0.16956545412540436,0.0019683123100548983,0.021948060020804405,0.00932842306792736,0.10706069320440292,0.005609039682894945,0.040890228003263474,0.04335150495171547,0.1130967065691948,0.20452508330345154,0.0020616084802895784,2.1276047229766846,0.05857090651988983,,,,,,,,,,,,,,,
,4.624539568137687e-09,20769,,,,,,,,,,,,,,,,,,,,,,,,,,,,,,
29,,20769,0.050809428095817566,0.03212577849626541,0.24980105459690094,0.0038369460962712765,0.041338466107845306,0.008244865573942661,0.12553191184997559,0.005760812200605869,0.08055871725082397,0.04124588146805763,0.17119331657886505,0.32279112935066223,0.0027842673007398844,2.13089919090271,0.1012982577085495,,,,,,,,,,,,,,,
,2.988798594033559e-09,20779,,,,,,,,,,,,,,,,,,,,,,,,,,,,,,
29,,20779,0.028309429064393044,0.03619825094938278,0.21389782428741455,0.0006808391190133989,0.025323443114757538,0.005366917233914137,0.12038415670394897,0.004002637695521116,0.046152908354997635,0.03904310241341591,0.1209288090467453,0.23222434520721436,0.0010713624069467187,2.1668739318847656,0.06120217218995094,,,,,,,,,,,,,,,
,1.7086493363016596e-09,20789,,,,,,,,,,,,,,,,,,,,,,,,,,,,,,
29,,20789,0.02198013663291931,0.029231850057840347,0.29895180463790894,0.00029928580624982715,0.03038809262216091,0.006868312135338783,0.1251210868358612,0.0025462580379098654,0.030872434377670288,0.0409126840531826,0.17957620322704315,0.26121190190315247,0.0033487752079963684,2.1419925689697266,0.09137727320194244,,,,,,,,,,,,,,,
,7.840948297477278e-10,20799,,,,,,,,,,,,,,,,,,,,,,,,,,,,,,
29,,20799,0.018251987174153328,0.01844862848520279,0.22114183008670807,0.0006634106975980103,0.026523001492023468,0.007697016466408968,0.10370159894227982,0.0037336694076657295,0.03232547640800476,0.023036640137434006,0.12138935178518295,0.20795778930187225,0.0002163445606129244,2.1093099117279053,0.0801095962524414,,,,,,,,,,,,,,,
,2.1513726616850802e-10,20809,,,,,,,,,,,,,,,,,,,,,,,,,,,,,,
29,,20809,0.043174464255571365,0.015580636449158192,0.1802491396665573,0.00019492133287712932,0.026400526985526085,0.00979567039757967,0.09538381546735764,0.004568064585328102,0.033053599298000336,0.02708873525261879,0.1400311440229416,0.21166138350963593,0.0041169156320393085,2.136664390563965,0.06806733459234238,,,,,,,,,,,,,,,
,1.777994351748191e-12,20819,,,,,,,,,,,,,,,,,,,,,,,,,,,,,,
29,,20819,0.024515951052308083,0.02678671106696129,0.21280552446842194,0.0011604147730395198,0.03284494951367378,0.005483636166900396,0.11674588918685913,0.004100697115063667,0.029410969465970993,0.026561876758933067,0.13655541837215424,0.22342738509178162,0.000469417282147333,2.1545279026031494,0.10012218356132507,,,,,,,,,,,,,,,
,0.0,20829,,,,,,,,,,,,,,,,,,,,,,,,,,,,,,
29,,20829,0.025786783546209335,0.02013769932091236,0.2027852088212967,0.0007027701940387487,0.02918543480336666,0.0062879580073058605,0.11309885233640671,0.0056610857136547565,0.042371783405542374,0.02787107042968273,0.1413252055644989,0.22374723851680756,0.00021555974672082812,2.1177475452423096,0.07283752411603928,,,,,,,,,,,,,,,
,0.0,20839,,,,,,,,,,,,,,,,,,,,,,,,,,,,,,
29,,20839,0.022613326087594032,0.016745489090681076,0.1317218840122223,0.00023868592688813806,0.03316861391067505,0.014730438590049744,0.10155002027750015,0.00599751016125083,0.0873609259724617,0.02070697769522667,0.11654680222272873,0.24041038751602173,0.0021375545766204596,2.1327261924743652,0.06564665585756302,,,,,,,,,,,,,,,
,0.0,20849,,,,,,,,,,,,,,,,,,,,,,,,,,,,,,
29,,20849,0.015379211865365505,0.019135575741529465,0.16323651373386383,0.0004894545418210328,0.02308974601328373,0.006566828116774559,0.09728313237428665,0.005715838633477688,0.04660020023584366,0.03386985510587692,0.12148614972829819,0.19647058844566345,0.0009653888992033899,2.115839958190918,0.05210186541080475,,,,,,,,,,,,,,,
29,,20849,,,,,,,,,,,,,,,,0.16995124518871307,0.04904407262802124,0.28028735518455505,0.01044375915080309,0.07732219249010086,0.0021856247913092375,0.18329951167106628,0.021716656163334846,0.19110143184661865,0.07527083158493042,0.20205751061439514,0.5851272940635681,0.009896368719637394,2.0947606563568115,0.15113109350204468
